0,1,2,3,4,5,6,7,8,9,10,11,12,13,14,15,16,17,18,19,20,21,22,23,24,25,26,27,28,29,30,31,32,33,34,35,36,37,38,39,40,41,42,43,44,45,46,47,48,49,50,51,52,53,54,55,56,57,58,59,60,61,62,63,64,65,66,67,68,69,70,71,72,73,74,75,76,77,78,79,80,81,82,83,84,85,86,87,88,89,90,91,92,93,94,95,96,97,98,99,100,101,102,103,104,105,106,107,108,109,110,111,112,113,114,115,116,117,118,119,120,121,122,123,124,125,126,127,128,129,130,131,132,133,134,135,136,137,138,139,140,141,142,143,144,145,146,147,148,149,150,151,152,153,154,155,156,157,158,159,160,161,162,163,164,165,166,167,168,169,170,171,172,173,174,175,176,177,178,179,180,181,182,183,184,185,186,187,188,189,190,191,192,193,194,195,196,197,198,199,200,201,202,203,204,205,206,207,208,209,210,211,212,213,214,215,216,217,218,219,220,221,222,223,224,225,226,227,228,229,230,231,232,233,234,235,236,237,238,239,240,241,242,243,244,245,246,247,248,249,250,251,252,253,254,255,256,257,258,259,260,261,262,263,264,265,266,267,268,269,270,271,272,273,274,275,276,277,278,279,280,281,282,283,284,285,286,287,288,289,290,291,292,293,294,295,296,297,298,299,300,301,302,303,304,305,306,307,308,309,310,311,312,313,314,315,316,317,318,319,320,321,322,323,324,325,326,327,328,329,330,331,332,333,334,335,336,337,338,339,340,341,342,343,344,345,346,347,348,349,350,351,352,353,354,355,356,357,358,359,360,361,362,363,364,365,366,367,368,369,370,371,372,373,374,375,376,377,378,379,380,381,382,383,384,385,386,387,388,389,390,391,392,393,394,395,396,397,398,399,400,401,402,403,404,405,406,407,408,409,410,411,412,413,414,415,416,417,418,419,420,421,422,423,424,425,426,427
0,0.006756479378269006,0,0.006867055378727813,0,0,0,0,0,0,0.006590123692143752,0,0,0,0,0.007162347020992868,0,0,0,0,0.004198632827998852,0,0,0,0,0,0,0,0,0,0,0,0,0,0,0,0.005388947484210685,0,0,0.003515795363265026,0.004432427216502046,0,0,0,0,0,0,0,0,0,0,0,0,0,0,0,0,0,0,0,0,0,0,0,0,0,0,0,0,0.005884279945800102,0,0,0,0,0,0.003449253508469139,0,0,0,0,0,0,0,0,0,0,0,0,0,0,0.004407300925054772,0,0,0.007865413091135511,0,0.00391288625985378,0.007127000560373519,0,0,0,0,0,0,0,0,0,0.002998836601112048,0,0,0,0,0,0,0,0,0,0,0,0,0,0,0,0,0,0,0,0,0,0,0,0,0,0,0,0,0,0,0,0,0,0,0,0,0,0,0,0,0,0,0,0,0,0,0,0,0,0,0,0,0,0,0,0,0,0,0,0,0,0,0,0,0,0,0,0,0,0,0,0,0,0,0,0,0,0,0,0,0,0,0,0,0,0.005200882626658705,0,0,0,0,0.00399255943776609,0,0,0,0,0.007222834983629477,0.006955865133177343,0,0,0,0,0,0,0,0,0,0.005060219005191829,0,0,0,0,0,0,0,0,0,0,0.003280383961484751,0,0,0,0,0,0,0,0,0.003998554496790434,0,0,0,0,0,0.00420871981439562,0.007461182067382356,0,0,0,0,0,0,0,0,0,0,0,0,0,0,0,0,0,0,0,0,0,0,0,0,0,0,0,0,0,0,0,0,0,0,0,0,0,0,0,0,0,0,0,0.004638195000608625,0,0,0,0,0,0,0,0,0,0,0,0,0,0,0,0,0,0,0,0,0,0,0,0,0,0,0,0,0,0,0,0,0,0,0,0,0,0,0,0,0,0,0,0,0,0,0,0,0,0,0,0,0,0,0,0,0,0,0,0,0,0,0,0,0,0,0,0,0,0,0,0,0,0,0,0,0.005367206229570752,0,0,0,0,0,0,0,0,0,0,0,0,0,0,0,0,0,0,0,0,0,0,0,0,0,0,0,0,0,0,0,0,0,0,0,0,0,0,0,0,0,0,0,0,0,0,0,0,0,0.003761618940027374,0,0,0,0,0,0,0.005069755220635588,0,0,0,0,0,0,0,0,0
0.006756479378269006,0,0,0.006479767643880257,0,0,0,0,0,0,0.007284094494401374,0,0,0,0,0.007920534200253786,0,0,0,0,0.003760320074801171,0,0,0,0,0,0,0,0,0,0,0,0,0,0,0,0.00439542719572922,0,0,0.004236197035911448,0.003855627418347471,0,0,0,0,0,0,0,0,0,0,0,0,0,0,0,0,0,0,0,0,0,0,0,0,0,0,0,0,0.008389575081439893,0,0,0,0,0,0,0,0,0,0,0,0,0,0,0,0,0,0,0,0,0.00420598567390853,0,0,0.007325650027808413,0,0.003851332906492001,0.007309326006961232,0,0,0,0,0,0,0,0,0,0,0,0,0,0,0,0,0,0,0,0,0,0,0,0,0,0,0,0,0,0,0,0,0,0,0,0,0,0,0,0,0,0,0,0,0,0,0,0,0,0,0,0,0,0,0,0,0,0,0,0,0,0,0,0,0,0,0,0,0,0,0,0,0,0,0,0,0,0,0,0,0,0,0,0,0,0,0,0,0,0,0,0,0,0,0,0.003966849303437625,0,0,0.002986744305961003,0,0.004384638772471566,0,0,0,0,0.007337408298013825,0.007485180094560122,0,0,0,0,0,0,0,0,0,0.00394810264687114,0,0,0,0,0,0,0,0,0,0,0.003081092437878539,0,0,0,0,0,0,0,0,0.003443873302662472,0,0,0,0,0,0.004798847254081143,0.006454519478500849,0,0,0,0,0,0,0,0,0,0,0,0,0,0,0,0,0,0,0,0,0,0,0,0,0,0,0,0,0,0,0,0,0,0,0,0,0,0,0,0,0,0,0,0.004602310816690708,0,0,0,0,0,0,0,0,0,0,0,0,0,0,0,0,0,0,0,0,0,0,0,0,0,0,0,0,0,0,0,0,0,0,0,0,0,0,0,0,0,0,0,0,0,0,0,0,0,0,0,0,0,0,0,0,0,0,0,0,0,0,0,0,0,0,0,0,0,0,0,0,0,0,0,0,0.005306816128571756,0,0,0,0,0,0,0,0,0,0,0,0,0,0,0,0,0,0,0,0,0,0,0,0,0,0,0,0,0,0,0,0,0,0,0,0,0,0,0,0,0,0,0,0,0,0,0,0,0,0.002910347323889186,0,0,0,0,0,0,0.004514136933755957,0,0,0,0,0,0.00378836510121847,0,0,0
0,0,0,0,0,0,0,0,0,0,0,0,0,0,0,0,0,0,0.00611725860837058,0,0,0,0,0,0,0,0.003436154143533424,0,0,0,0,0,0,0,0,0,0,0,0,0,0,0,0.004205194540193919,0,0,0,0,0,0,0,0.00583142158450721,0,0,0,0,0,0,0.006144716243132606,0,0.005011799136062449,0,0,0.003606122429662567,0,0,0,0,0,0,0,0,0,0,0,0,0,0,0,0.005748665192948052,0,0,0,0,0,0,0,0.003233365146808484,0,0,0,0,0,0,0,0,0,0,0,0,0,0,0,0,0,0,0,0,0,0,0,0,0,0.005608170202029569,0,0,0,0,0,0,0,0,0,0,0,0,0,0,0,0,0,0,0,0,0,0,0,0.00513132242474996,0,0.008600667868784679,0,0,0,0.008186657735107596,0.007954615649628776,0,0,0,0,0.004425989205319242,0,0,0.004215073481696287,0,0,0,0,0,0,0,0,0,0,0,0,0,0,0,0.005679296327123355,0.006114417577618622,0,0,0,0,0.00362783411050461,0,0,0,0,0,0,0,0,0,0,0,0,0.003686862734227679,0,0,0,0,0,0,0,0,0,0,0,0,0,0,0,0,0,0,0,0,0.007753920946704894,0,0,0,0.00438173304631048,0,0,0,0,0,0,0,0,0,0,0,0,0,0,0,0,0,0,0,0,0,0,0,0,0,0.005647135720940609,0,0,0,0,0,0,0,0,0,0,0,0,0,0,0,0,0,0,0,0,0,0.00745219606633714,0,0,0,0,0,0,0,0.004645120704852872,0,0,0,0,0,0,0,0,0,0,0,0,0,0,0,0,0,0,0,0,0,0,0,0,0,0,0,0,0,0,0,0,0,0,0,0,0,0,0,0,0,0,0,0,0,0,0,0,0,0,0,0,0,0,0,0,0,0,0,0,0,0,0,0,0,0,0,0,0,0,0,0,0,0,0,0,0,0,0,0,0,0,0,0,0,0,0,0,0,0,0,0.006513885614016353,0,0,0,0,0,0,0,0,0,0,0,0,0,0,0,0,0.003676820853055392,0.005766584057368226,0,0,0,0.005821374309100926,0,0,0,0,0,0,0,0,0,0,0,0,0,0,0,0,0,0,0,0,0,0,0,0,0,0,0,0,0,0,0,0,0,0,0,0,0,0,0,0,0,0,0,0,0,0
0.006867055378727813,0.006479767643880257,0,0,0,0,0,0,0,0,0.00666759342900753,0,0,0,0,0.007347889087892903,0,0,0,0,0,0,0,0,0,0,0,0,0,0,0,0,0,0,0,0,0.004459206132324124,0,0,0,0,0,0,0,0,0,0,0,0,0,0,0,0,0,0,0,0,0,0,0,0,0,0,0,0,0,0,0,0,0.00634550577376574,0,0,0,0,0,0,0,0,0,0.004586665355698769,0,0,0,0,0,0,0,0,0,0,0,0,0,0.006894706446933461,0.004557309243361653,0,0.006876165579553523,0.005286391887620038,0,0,0,0,0,0,0,0,0,0,0,0,0,0,0,0,0,0,0,0,0,0,0,0,0,0,0,0,0,0,0,0,0,0,0,0.005159088418247785,0,0,0,0,0,0,0,0,0,0,0,0,0,0,0,0,0,0,0,0.005294439139478831,0,0,0,0,0,0,0,0,0,0,0,0,0,0,0,0,0,0,0,0,0,0,0,0,0,0,0,0,0,0,0,0,0,0,0,0,0,0,0,0,0,0,0,0,0,0,0,0,0.006557260434049183,0.006645549825223892,0,0,0,0,0,0,0,0.005008753370239494,0,0,0,0,0,0,0,0,0,0,0,0,0,0,0,0,0.005156172414472136,0,0,0,0,0,0,0,0,0,0,0,0.006538616840538273,0,0,0,0,0,0,0,0,0,0,0,0,0,0,0,0,0,0,0,0,0,0,0,0,0,0,0,0,0.005314667074569344,0,0,0,0,0,0,0,0,0,0,0,0,0,0,0,0,0.005342102585407543,0,0,0,0,0,0,0,0,0,0,0,0,0,0,0,0,0,0,0,0,0,0,0,0,0,0,0,0,0,0,0,0,0,0,0,0,0,0,0,0,0,0,0,0,0,0,0,0,0,0,0,0,0,0,0,0,0,0,0,0,0,0,0,0,0,0,0,0,0,0.005325222681866132,0.005288583438731028,0,0,0,0.004789841207827923,0,0,0,0,0,0,0,0,0,0,0,0,0,0,0,0,0,0,0,0,0,0,0,0,0,0,0,0,0,0,0,0,0,0,0,0,0,0,0,0,0,0,0,0,0,0,0,0,0,0,0,0,0,0,0,0.005300440935513838,0.004872746635806105,0.005298433250267125,0,0.005301343639644004,0.005279571004190466,0,0.008955292886176573,0,0,0.005314779496008917
0,0,0,0,0,0.004281243976921456,0,0,0,0,0,0.004266554455232344,0.004010004584574306,0,0.004193523724054033,0,0,0,0,0,0,0,0,0,0.004314904842647751,0,0,0,0,0,0,0,0,0,0,0,0,0,0,0,0,0,0,0,0,0,0,0,0,0,0,0,0,0,0,0,0,0,0,0,0.004265042364445005,0.004073869886322971,0,0,0,0.004186963648778806,0,0,0,0,0,0,0,0,0,0,0,0,0,0,0,0,0,0,0,0,0,0,0,0,0,0,0,0,0,0,0,0,0,0,0,0,0,0,0,0,0,0,0,0,0,0,0,0,0,0,0,0,0,0,0,0,0,0,0.004344803640101936,0,0,0,0,0,0,0,0.004029053992329289,0,0,0,0,0,0,0,0,0,0,0,0,0,0.004827200158729357,0,0.004288723488052718,0,0,0,0.004343410871929233,0,0,0,0,0,0,0,0,0,0,0,0,0,0,0,0,0,0,0,0,0,0,0,0,0,0,0,0,0,0,0,0,0,0,0,0,0,0,0,0,0,0,0,0,0,0,0,0,0,0,0,0,0,0,0,0,0,0,0,0,0,0,0,0,0,0,0,0.004080564700005634,0.004223939994367095,0,0,0,0.004418293315347095,0.004376568055020496,0.004466950210309217,0,0,0,0,0,0,0,0,0,0,0,0,0,0,0,0,0,0.004251076593932627,0.004623033238545946,0,0,0,0,0,0,0,0,0.00461289757034703,0,0,0,0,0,0,0,0,0.004855508647681799,0.004925432081138122,0,0,0,0,0,0,0,0,0,0,0,0,0,0,0,0,0,0,0,0,0,0,0,0,0,0,0,0,0,0,0,0,0,0,0,0,0,0,0,0,0,0,0,0,0,0,0,0,0,0,0,0,0,0,0,0,0,0,0,0,0,0,0,0,0,0,0,0,0,0,0,0,0.004368531449344184,0,0,0,0,0,0,0,0,0,0,0,0,0,0,0,0,0,0,0,0,0,0,0,0,0,0,0,0,0,0,0,0,0,0,0,0,0,0,0,0.004895941479548584,0,0,0,0,0.004871809181838411,0,0,0,0,0,0,0,0,0,0,0,0,0,0,0,0,0,0,0,0,0,0,0,0,0,0,0,0,0,0,0,0,0,0,0,0,0,0,0,0,0,0,0,0
0,0,0,0,0.004281243976921456,0,0,0,0,0,0,0,0.00436032940152169,0,0.005444229927532532,0,0,0,0.003671981999966091,0,0,0.004463691504885736,0,0,0.004315660318126521,0.003400616975156106,0,0,0,0,0,0,0,0.003142324920459558,0,0,0,0,0,0,0,0,0,0,0,0,0,0,0,0,0,0,0,0,0,0,0,0,0,0,0,0.004455447723233173,0,0,0,0,0,0,0.004563999890187251,0,0.003493813925379704,0,0,0,0,0,0.004691664852821147,0,0,0,0,0,0,0,0,0,0,0,0,0,0,0,0,0,0,0,0,0,0,0,0,0,0,0,0,0,0,0,0,0,0,0,0,0,0,0,0,0.003848854540364629,0,0,0,0,0,0,0,0,0,0,0,0,0,0,0,0,0,0,0,0,0,0,0,0,0,0,0,0,0,0,0,0,0,0,0,0,0,0,0,0,0,0,0,0,0,0,0,0,0,0,0.003665227865083341,0,0,0,0,0,0,0,0,0,0,0,0,0,0,0,0,0,0,0,0,0,0,0,0,0,0,0,0,0,0,0,0,0,0,0,0,0,0,0,0.002703504228021627,0,0,0,0,0,0,0,0,0,0,0,0,0,0,0,0,0,0,0,0,0.003174465664755748,0,0,0,0,0,0,0,0,0,0,0,0,0,0,0.003446050096492144,0,0,0,0,0,0,0,0,0,0,0,0,0,0,0,0,0,0,0,0,0,0,0,0,0,0,0,0,0,0,0,0,0,0,0,0,0,0.002798007778689567,0,0,0,0,0,0,0,0,0,0,0,0,0,0,0,0,0,0,0,0,0,0,0,0,0,0,0,0,0,0,0,0,0,0,0,0,0,0,0,0,0,0,0,0,0,0,0,0,0,0,0,0,0,0,0,0,0,0,0,0,0,0,0,0,0,0,0,0,0,0,0,0,0,0,0,0,0,0,0,0,0,0,0,0,0,0,0,0,0,0,0,0,0,0,0,0,0,0,0,0,0,0,0,0,0,0,0,0,0,0,0,0,0,0,0,0,0,0,0,0,0,0,0,0,0,0,0,0,0,0,0,0,0,0,0,0,0,0,0,0,0,0,0,0,0
0,0,0,0,0,0,0,0,0,0,0,0,0,0,0,0,0,0,0,0,0,0,0,0,0,0,0,0,0,0,0.006302654228483517,0,0,0,0,0,0,0,0.003353333242510644,0,0,0,0,0,0,0,0,0,0,0,0,0,0,0,0,0,0,0,0,0,0,0,0,0,0,0,0,0,0,0,0,0.004906532369215837,0.00647795321384395,0,0,0,0,0,0,0,0,0,0,0,0.002357435048986514,0,0,0,0,0,0,0,0.003128010608378961,0,0,0,0,0,0,0,0,0,0,0,0,0,0,0,0,0.004235188604869105,0.006367162795757209,0,0,0,0,0,0,0,0,0,0,0.004222804200508914,0,0,0,0.003396348615189468,0,0,0,0,0,0,0,0,0,0,0,0,0,0,0,0,0,0,0,0,0,0,0,0,0,0,0,0,0,0,0.00325482528004677,0,0,0,0,0,0,0,0,0,0.005068859289674424,0,0,0,0,0,0,0,0,0,0,0,0,0,0,0,0,0,0,0,0,0,0,0,0,0,0,0,0,0,0,0,0,0,0,0,0,0,0,0,0.002597791313663075,0,0,0.005030966821967862,0,0,0,0,0,0,0,0,0,0,0,0,0,0,0,0,0,0,0,0,0,0,0,0,0,0,0,0,0.005812824035412048,0,0,0,0,0,0,0,0,0,0,0,0,0,0,0,0,0,0,0,0,0,0.005477649338777785,0,0,0,0,0,0,0,0,0,0,0,0,0,0,0,0,0,0,0,0,0,0,0,0,0,0,0,0,0,0,0,0,0,0,0,0,0,0,0,0,0,0,0,0,0,0,0,0,0,0,0,0,0,0,0,0,0,0,0,0,0,0,0,0,0,0,0,0,0,0,0,0,0,0,0,0,0,0,0,0,0,0,0,0,0,0,0,0,0,0,0,0,0,0,0,0,0,0,0,0,0,0,0,0,0,0,0,0,0,0,0,0,0,0,0,0,0,0,0,0,0,0,0,0,0,0,0,0,0,0,0,0,0,0,0,0,0,0,0,0,0,0,0,0,0,0,0,0,0,0,0,0,0,0,0,0,0,0,0,0,0,0,0,0,0,0,0
0,0,0,0,0,0,0,0,0.01095879790452983,0,0,0,0,0.006565016607722666,0,0,0,0,0,0,0,0,0,0,0,0,0,0,0,0,0,0,0.009807701236255543,0,0,0,0,0,0,0,0,0.005191203082105889,0,0,0,0,0,0,0,0,0,0.005547678281151183,0,0,0.00580392056674329,0,0.005793758085323702,0,0.01141814628325306,0,0,0,0,0,0,0,0,0.00604036106801756,0,0,0,0,0,0,0.005992410544528226,0,0,0,0,0,0,0,0,0.007212817230326591,0,0,0,0,0,0.00597673213992908,0,0,0,0,0,0,0,0,0,0,0,0,0,0,0,0,0,0,0,0,0,0,0,0,0,0,0,0,0,0,0,0,0,0,0,0,0,0.005707183598984992,0,0,0,0,0,0,0.005288728028732077,0,0,0,0,0,0,0,0,0,0,0,0.005649294046417442,0,0,0.006009531168360168,0,0.005632289663786291,0,0,0,0,0,0,0.005246267919297827,0,0,0,0,0,0,0.005069505334881127,0,0,0,0,0,0,0,0,0,0,0,0,0,0,0,0,0.006614534653195631,0,0,0,0,0,0.005583644842185199,0,0,0,0,0,0,0,0,0,0,0,0,0.005297373538134027,0,0,0,0,0,0,0,0,0,0,0,0,0,0,0,0,0,0,0,0,0,0,0,0,0,0,0,0,0,0,0,0,0,0,0,0,0,0,0,0.005666870616647501,0,0,0,0,0,0,0.005711621170339947,0.005483311956338023,0,0,0,0,0,0,0,0,0,0,0,0,0,0,0,0,0,0.005626372029137867,0,0,0,0,0,0,0,0,0,0,0,0,0,0,0,0,0,0,0,0.005796550553129519,0,0,0,0,0,0,0,0,0,0,0,0,0,0,0,0,0,0,0,0,0,0,0,0,0,0,0,0,0,0,0,0,0,0,0,0,0,0,0,0,0,0,0,0,0,0,0,0,0,0,0,0,0,0,0,0,0,0,0,0,0.005873189025717079,0,0,0,0,0,0,0,0,0,0,0,0,0,0,0.004983371414448228,0,0,0,0,0,0,0.0091628475801756,0,0,0,0,0,0,0,0,0,0,0,0,0,0,0,0,0,0,0,0,0,0,0,0,0,0,0,0,0,0,0,0,0,0,0,0,0,0,0,0,0,0,0,0,0,0,0,0,0,0,0,0,0,0,0,0,0
0,0,0,0,0,0,0,0.01095879790452983,0,0,0,0,0,0.005811043700819484,0,0,0,0,0,0,0,0,0,0,0,0,0,0.004816877775139679,0,0,0,0,0.009426053384607938,0,0,0,0,0,0,0,0,0,0,0,0,0,0,0,0,0,0,0.005184918756989606,0,0,0.0050596582233571,0,0.005051034331615555,0,0.01066933810587852,0,0,0,0,0,0,0,0,0.005022823515377188,0,0,0,0,0,0,0.005160311149712265,0,0,0,0,0,0,0,0.005316250656359631,0.008158594089205619,0,0,0,0,0.005527264698584519,0.006432757382910248,0,0,0,0,0,0,0,0,0,0,0,0,0,0,0,0,0,0,0,0,0,0,0,0,0,0,0,0,0,0,0,0,0,0,0,0,0,0.005255075929052876,0,0,0,0,0,0,0.005349745986765774,0,0,0,0,0,0,0,0,0,0,0,0.004941794986101112,0,0,0.00504300174850612,0,0.005063683098691471,0,0,0,0,0,0,0.005318442686890855,0,0,0,0,0,0,0,0,0,0,0,0,0,0,0,0,0,0,0,0,0,0,0,0.006140667630940025,0,0,0,0,0,0.005261819481685871,0,0,0,0,0,0,0,0,0,0,0,0,0,0,0,0,0,0,0,0,0,0,0,0,0,0,0,0,0,0,0,0,0,0,0,0,0,0,0,0,0,0,0,0,0,0,0,0,0,0,0,0,0.005303103318628267,0,0,0,0,0,0,0.006008674419887162,0.005203354749055842,0,0,0,0,0,0,0,0,0,0,0,0,0,0,0,0,0,0.005055141937500047,0,0,0,0,0,0,0,0,0,0,0,0,0,0,0,0,0,0,0,0.005053629758709774,0,0,0,0,0,0,0,0,0,0,0,0,0,0,0,0,0,0,0,0,0,0,0,0,0,0,0,0,0,0,0,0,0,0,0,0,0,0,0,0,0,0,0,0,0,0,0,0,0,0,0,0,0,0,0,0,0,0,0,0,0.005120309141200494,0,0,0,0,0,0,0,0,0,0,0,0,0,0,0,0,0,0,0,0,0,0.007389416630846659,0,0,0,0,0,0,0.004935118740860906,0,0,0,0,0,0,0,0,0,0,0,0,0,0,0,0,0,0,0,0,0,0,0,0,0,0,0,0,0,0,0,0,0,0,0,0,0,0,0,0,0,0,0,0,0,0,0,0,0,0
0,0,0,0,0,0,0,0,0,0,0,0,0,0,0,0,0,0,0,0,0,0,0,0,0,0,0,0,0,0,0,0,0,0,0,0,0,0,0,0,0,0,0,0,0,0,0,0,0,0,0,0,0,0,0,0,0,0,0,0,0,0,0,0,0,0,0,0,0,0,0,0,0,0,0,0,0,0,0,0,0,0,0,0,0,0,0,0,0,0,0,0,0.001171944152478451,0,0,0,0,0,0,0,0,0,0,0,0,0,0,0,0,0,0,0,0,0,0,0,0,0,0,0,0,0,0,0,0,0,0,0,0,0,0,0,0,0,0,0,0,0,0,0,0,0,0,0,0,0,0,0,0,0,0,0,0,0,0,0,0,0,0,0,0,0,0,0,0,0,0,0,0,0,0,0,0,0,0,0,0,0,0,0,0,0,0,0,0,0,0,0,0,0,0,0,0,0,0,0,0,0,0,0,0,0,0,0,0,0,0,0,0,0,0,0,0,0,0,0,0,0,0,0,0,0,0,0,0,0,0,0,0,0,0,0,0,0,0,0,0,0,0,0,0,0,0,0,0,0,0,0,0,0,0,0,0,0,0,0,0,0,0,0,0,0,0,0,0,0,0,0,0,0,0,0,0,0,0,0,0,0,0,0,0,0,0,0,0,0,0,0,0,0,0,0,0,0,0,0,0,0,0,0,0,0,0,0,0,0,0,0,0,0,0,0,0,0,0,0,0,0,0,0,0,0,0,0,0,0,0,0,0,0,0,0,0,0,0,0,0,0,0,0,0,0,0,0,0,0,0,0,0,0,0,0,0,0,0,0,0,0,0,0,0,0,0,0,0,0,0,0,0,0,0,0,0,0,0,0,0,0,0,0,0,0,0,0,0,0,0,0,0,0,0,0,0,0,0,0,0,0,0,0,0,0,0,0,0,0,0,0,0,0,0,0,0,0,0,0,0,0,0,0,0,0,0,0,0,0,0,0
0.006590123692143752,0.007284094494401374,0,0.00666759342900753,0,0,0,0,0,0,0,0,0,0,0,0.01019280092399813,0,0,0,0,0.00464462398059671,0,0,0,0,0,0,0,0,0,0,0,0,0,0,0,0.00559090868656462,0,0,0.008847481735546198,0.003883006601945737,0,0,0,0,0,0,0,0,0,0,0,0,0,0,0,0,0,0,0,0,0,0,0,0,0,0,0,0,0.01334956202671874,0,0,0,0,0,0,0,0,0,0,0,0.003694386476393486,0,0,0,0,0,0,0,0,0.003952842315856038,0,0,0.007389130815408334,0,0,0.007915956143789569,0,0,0,0,0,0,0,0,0,0.003480339840461085,0,0,0,0,0,0,0,0,0,0,0,0,0,0,0,0,0,0,0,0,0,0,0,0,0,0,0,0,0,0,0,0,0,0,0,0,0,0,0,0,0,0,0,0,0,0,0,0,0,0,0,0,0,0,0,0,0,0,0,0,0,0,0.006330392941217466,0,0,0,0,0,0,0,0,0,0,0,0,0,0,0,0,0,0,0,0,0,0,0.005405642649052331,0,0,0,0,0.003971243037121928,0,0,0,0,0.007102272984367616,0.00730553454028564,0,0,0,0,0,0,0,0,0,0.005475529700985289,0,0,0,0,0,0,0,0,0,0,0,0,0,0,0,0,0,0,0,0.005009456221422763,0,0,0,0,0,0.005328670397589609,0.006898858868841353,0,0,0,0,0,0,0,0,0,0,0,0,0,0,0,0,0,0,0,0,0,0,0,0,0,0,0,0,0,0,0,0,0,0,0,0,0,0,0,0,0,0,0,0.005731696053936947,0,0,0,0,0,0,0,0,0,0,0,0,0,0,0,0,0,0,0,0,0,0,0,0,0,0,0,0,0,0,0,0,0,0,0,0,0,0,0,0,0,0,0,0,0.003648629532850119,0.003652811940918642,0,0,0,0,0,0,0,0,0,0,0,0,0,0,0,0,0,0,0,0,0,0,0,0,0,0,0,0,0,0,0.003877872891790563,0,0,0,0,0,0,0,0,0,0,0,0,0,0,0,0,0,0,0,0,0,0,0,0,0,0,0,0,0,0,0,0,0,0,0,0,0,0,0,0,0,0,0,0,0,0,0,0,0,0.003785695427796997,0,0,0,0,0,0,0.004902118150270957,0,0,0,0,0,0.004115652230797708,0,0,0
0,0,0,0,0.004266554455232344,0,0,0,0,0,0,0,0,0,0,0,0,0,0,0,0,0,0,0,0,0,0,0,0,0,0,0,0,0,0,0,0,0,0,0,0,0,0,0,0,0,0,0,0,0,0,0,0,0,0,0,0,0,0,0,0.004413726642733016,0,0,0,0,0.004564148430920931,0,0,0,0,0,0,0,0,0,0,0,0,0,0,0,0,0,0,0,0,0,0,0,0,0,0,0,0,0,0,0,0,0,0,0,0,0,0,0,0,0,0,0,0,0,0,0,0,0,0,0,0,0,0,0,0,0,0,0.004528143084778603,0,0,0,0,0,0,0,0.004321023285453232,0,0,0,0,0,0,0,0,0,0,0,0,0,0,0,0.004620647813767384,0,0,0,0.004526432340614635,0,0,0,0,0,0,0,0,0,0,0,0,0,0,0.004628142694573846,0,0,0.004363753888528863,0,0,0,0,0,0.003970206434389091,0,0,0,0,0,0,0,0,0,0,0,0,0,0,0,0,0,0,0,0,0,0.003360384600155573,0,0,0,0,0,0,0,0,0,0,0,0,0,0,0,0,0,0,0,0,0,0,0.004473790928706263,0,0,0,0.004644577520701762,0.004627631129163797,0,0,0,0,0,0,0,0,0,0,0,0,0,0,0,0,0.003418706461054751,0,0.003658537448855407,0.004662916852568428,0.003385278460168441,0,0,0,0,0,0,0,0.004249794514339373,0,0,0,0,0,0,0,0,0.00428075723681633,0.00474236915292447,0.004226172802209435,0,0,0,0,0,0,0,0,0,0,0,0,0,0,0,0,0,0,0,0,0,0,0,0,0,0,0,0,0,0,0,0,0,0,0,0,0,0,0,0,0,0,0,0,0,0,0,0,0,0,0,0,0,0,0,0,0,0,0,0,0,0,0,0,0,0,0,0,0,0,0,0.004678955160900515,0,0,0,0,0,0,0,0,0,0,0,0,0,0,0,0,0,0,0,0,0,0,0,0,0,0,0,0,0,0,0,0,0,0,0,0,0,0,0,0.004488034709859597,0,0,0,0,0.004849153927598587,0,0,0,0,0,0,0,0,0,0,0,0,0,0,0,0,0,0,0,0,0,0,0,0,0,0,0,0,0,0,0,0,0,0,0,0,0,0,0,0,0,0,0,0
0,0,0,0,0.004010004584574306,0.00436032940152169,0,0,0,0,0,0,0,0,0.004502725758783856,0,0,0,0,0,0,0.004388187355796483,0,0,0.004651615160754061,0.003560016076803361,0,0,0,0,0,0,0,0,0,0,0,0,0.003043162722419698,0,0,0,0,0,0,0,0,0,0,0,0,0,0,0,0,0,0,0,0,0,0,0.004622005105730015,0,0,0,0,0,0,0.00368678016550083,0,0,0,0,0,0,0,0.005416306668815519,0,0,0,0,0,0,0,0,0,0,0,0,0,0,0,0,0,0,0,0,0,0,0,0,0,0.002780105684266495,0,0,0,0,0,0,0,0,0,0,0,0,0,0,0.003029072001449659,0,0,0,0,0,0,0,0,0,0,0,0,0,0,0,0,0,0,0,0,0,0,0,0,0,0,0,0,0,0,0,0,0,0,0,0,0,0,0,0,0,0,0,0,0,0,0,0,0,0,0,0,0,0,0,0,0,0,0,0,0,0,0,0,0,0,0,0,0,0,0,0,0,0,0,0,0,0,0,0,0,0,0,0,0,0,0,0,0,0,0,0,0,0,0,0,0,0,0,0,0,0,0,0,0,0,0,0,0,0,0,0,0,0,0,0,0,0,0,0,0,0,0,0,0,0,0,0,0,0,0,0,0,0,0,0,0,0.002977704507749384,0,0,0,0,0,0,0,0,0,0,0,0,0,0,0,0,0,0,0,0,0,0,0,0,0,0,0,0,0,0,0,0,0,0,0,0,0,0,0,0,0,0,0,0,0,0,0,0,0,0,0,0,0,0,0,0,0,0,0,0,0,0,0,0,0,0,0,0,0,0,0,0,0,0,0,0,0,0,0,0,0,0,0,0,0,0,0,0,0,0,0,0,0,0,0,0,0,0,0,0,0,0,0,0,0,0,0,0,0,0,0,0,0,0,0,0,0,0,0,0,0,0,0,0,0,0,0,0,0,0,0,0,0,0,0,0,0,0,0,0,0,0,0,0,0,0,0,0,0,0,0,0,0,0,0,0,0,0,0,0,0,0,0,0,0,0,0,0,0,0,0,0
0,0,0,0,0,0,0,0.006565016607722666,0.005811043700819484,0,0,0,0,0,0,0,0,0,0,0,0,0,0,0.002942064807335555,0,0,0,0,0,0,0,0.004279312296082456,0.006304778361249952,0,0,0,0,0,0,0,0,0,0,0,0,0,0.003145562580726527,0,0,0,0,0,0,0,0,0,0,0,0.005844324826949009,0,0,0,0,0,0,0,0,0,0,0,0,0,0,0,0,0,0,0,0,0,0,0,0.005125116388575148,0,0,0,0,0,0.005079078298455038,0.006404006591578573,0,0,0,0,0,0,0,0,0,0,0,0,0,0,0,0,0,0,0,0,0,0,0,0,0,0,0,0,0,0.00357672287715957,0,0,0,0,0,0,0,0,0,0,0.003156316494287205,0,0,0,0,0,0,0,0,0,0,0,0,0,0.003447304893290393,0,0,0.003350931375289814,0,0,0,0,0,0,0,0,0,0,0,0,0,0,0,0,0,0.006370127345453412,0,0,0,0,0,0,0,0,0,0,0,0,0,0,0,0,0.006742745147441914,0,0,0,0,0,0.007179636973716333,0,0,0,0,0,0,0,0,0,0,0,0,0,0,0,0.005718002863214878,0,0,0,0,0,0,0,0,0,0,0,0,0,0,0,0,0,0,0,0.005080099214983553,0,0,0,0,0,0,0.00401038652199795,0,0,0,0,0,0,0,0,0,0,0,0,0,0,0,0,0.006295000439748755,0,0,0,0,0,0,0,0,0,0,0,0,0,0,0,0,0,0,0,0,0,0,0,0,0,0,0,0,0,0,0,0,0,0,0,0,0,0,0,0,0,0,0,0,0,0,0,0,0,0,0,0,0,0,0,0,0,0,0,0,0,0,0,0,0,0,0,0,0,0,0,0,0,0,0,0,0,0,0,0,0,0,0,0,0,0,0,0,0,0,0,0,0,0,0,0,0,0,0,0,0,0,0,0,0,0,0,0,0,0,0,0,0,0.003154652332512795,0.006401547492032278,0,0,0.003163356726807659,0.002722484546769377,0,0,0.009364851745860728,0,0,0,0,0,0,0,0,0,0,0,0,0,0,0,0,0,0,0,0,0,0,0,0,0,0,0,0,0,0,0,0,0,0,0,0,0,0,0,0,0,0,0,0,0,0,0,0,0,0,0,0,0,0,0,0,0
0,0,0,0,0.004193523724054033,0.005444229927532532,0,0,0,0,0,0,0.004502725758783856,0,0,0,0,0,0.004088900263705433,0,0,0.004417889591732151,0,0,0.004502367781945254,0.00331229593174519,0,0,0,0,0,0,0,0.003791700885429217,0,0,0,0,0,0,0,0,0,0,0,0,0,0,0,0,0,0,0,0,0,0,0,0,0,0,0,0.004832311328186669,0,0,0,0,0,0,0.00461709729957,0,0.003503253129116265,0,0,0,0,0,0.004344585665787718,0,0,0,0,0,0,0,0,0,0,0,0,0,0,0,0,0,0,0,0,0,0,0,0,0,0,0,0,0,0,0,0,0,0,0,0,0,0,0,0,0.003994493643114994,0,0,0,0,0,0,0,0,0,0,0,0,0,0,0,0,0,0,0,0,0,0,0,0,0,0,0,0,0,0,0,0,0,0,0,0,0,0,0,0,0,0,0,0,0,0,0,0,0,0,0.00407740527159333,0,0,0,0,0,0,0,0,0,0,0,0,0,0,0,0,0,0,0,0,0.002777025804667779,0,0,0,0,0,0,0,0,0,0,0,0,0,0,0,0,0,0,0,0,0,0,0,0,0,0,0,0,0,0,0,0,0,0,0,0,0,0,0,0.003485580065701711,0,0,0,0,0,0,0,0,0,0,0,0,0,0,0.003686328055603577,0,0,0,0,0,0,0,0,0,0,0,0,0,0,0,0,0,0,0,0,0,0,0,0,0,0,0,0,0,0,0,0,0,0,0,0,0,0.003453686495176543,0,0,0,0,0,0,0,0,0,0,0,0,0,0,0,0,0,0,0,0,0,0,0,0,0,0,0,0,0,0,0,0,0,0,0,0,0,0,0,0,0,0,0,0,0,0,0,0,0,0,0,0,0,0,0,0,0,0,0,0,0,0,0,0,0,0,0,0,0,0,0,0,0,0,0,0,0,0,0,0,0,0,0,0,0,0,0,0,0,0,0,0,0,0,0,0,0,0,0,0,0,0,0,0,0,0,0,0,0,0,0,0,0,0,0,0,0,0,0,0,0,0,0,0,0,0,0,0,0,0,0,0,0,0,0,0,0,0,0,0,0,0,0,0,0
0.007162347020992868,0.007920534200253786,0,0.007347889087892903,0,0,0,0,0,0,0.01019280092399813,0,0,0,0,0,0,0,0,0,0.004119009903570544,0,0,0,0,0,0,0,0,0,0,0,0,0,0,0,0.004715070772818996,0,0,0.005350420319546341,0.004037409145763119,0,0,0,0,0,0,0,0,0,0,0,0,0,0,0,0,0,0,0,0,0,0,0,0,0,0,0,0,0.01112381445961705,0,0,0,0,0,0,0,0,0,0,0,0.00368305642327326,0,0,0,0,0,0,0,0,0.004067087086474561,0,0,0.0080078525987827,0,0,0.008753919484476966,0,0,0,0,0,0,0,0,0,0.003099416489074579,0,0,0,0,0,0,0,0,0,0,0,0,0,0,0,0,0,0,0,0,0,0,0,0,0,0,0,0,0,0,0,0,0,0,0,0,0,0,0,0,0,0,0,0,0,0,0,0,0,0,0,0,0,0,0,0,0,0,0,0,0,0,0.003934945879928241,0,0,0,0,0,0,0,0,0,0,0,0,0,0,0,0,0,0,0,0,0,0,0.004909667596729946,0,0,0,0,0.003518424484438071,0,0,0,0,0.007545685423098582,0.008005739285279688,0,0,0,0,0,0,0,0,0,0.004608572421017481,0,0,0,0,0,0,0,0,0,0,0.003029055519606466,0,0,0,0,0,0,0,0,0.003601557635876123,0,0,0,0,0,0.00385487150690188,0.007093575090847983,0,0,0,0,0,0,0,0,0,0,0,0,0,0,0,0,0,0,0,0,0,0,0,0,0,0,0,0,0,0,0,0,0,0,0,0,0,0,0,0,0,0,0,0.004278063053758592,0,0,0,0,0,0,0,0,0,0,0,0,0,0,0,0,0,0,0,0,0,0,0,0,0,0,0,0,0,0,0,0,0,0,0,0,0,0,0,0,0,0,0,0,0,0,0,0,0,0,0,0,0,0,0,0,0,0,0,0,0,0,0,0,0,0,0,0,0,0,0,0,0,0,0,0,0.004476771625824516,0,0,0,0,0,0,0,0,0,0,0,0,0,0,0,0,0,0,0,0,0,0,0,0,0,0,0,0,0,0,0,0,0,0,0,0,0,0,0,0,0,0,0,0,0,0,0,0,0,0.003178671196582332,0,0,0,0,0,0,0.00488033645122603,0,0,0,0,0,0.003712925405918384,0,0,0
0,0,0,0,0,0,0,0,0,0,0,0,0,0,0,0,0,0,0,0,0,0,0,0,0,0,0,0,0,0,0,0,0,0,0,0,0,0,0,0,0,0,0,0,0,0,0,0,0,0,0,0,0,0,0,0,0,0,0,0,0,0,0,0,0,0,0,0,0.004322441170637506,0,0,0,0,0,0,0,0,0,0,0,0,0,0,0,0,0,0,0,0,0,0,0,0,0,0,0,0,0,0,0,0,0,0,0,0.005329653871529751,0,0,0,0,0,0,0,0,0,0,0,0,0,0,0,0.004680579304382697,0,0.004400358732844088,0.006966302228983185,0,0,0,0,0,0.006240427806789003,0,0,0,0,0,0,0,0,0,0,0,0,0,0,0,0,0,0,0,0,0,0,0,0,0,0.005079132390735296,0,0,0,0.006160852634903199,0,0,0.006163099483575565,0,0,0,0,0,0,0,0,0,0,0,0,0.008180561836548212,0,0,0,0,0,0,0,0,0,0,0,0,0,0,0,0.006293653825783115,0,0,0,0,0,0,0,0,0,0,0,0,0,0,0,0,0,0,0.006673693657410708,0,0,0,0,0,0,0,0,0,0,0,0,0.006777990452536519,0,0,0,0,0,0,0,0,0,0,0.004839523770914315,0,0,0,0,0,0,0,0,0,0,0,0,0,0,0,0,0,0,0,0,0,0,0,0,0,0,0,0,0,0,0,0,0,0,0,0,0,0.004655919001317111,0,0,0,0,0,0,0,0,0,0,0,0,0,0,0,0,0,0.004651291922307366,0.004934111612424233,0.004654372455325831,0.004642119096892897,0.004896500889327535,0.005011832385282711,0.004654372455325831,0,0,0,0,0,0,0,0,0,0,0,0,0,0,0,0,0,0,0,0,0,0,0,0,0,0,0,0,0,0,0,0,0,0,0,0.004675131413460052,0.004652627508877013,0.004700800908446535,0.005037032205030574,0.004934111612424233,0.004641500118523156,0,0,0,0,0,0,0,0,0,0,0,0,0,0.007104477606658136,0,0,0,0,0,0,0,0,0.00648664626481864,0,0,0,0,0,0,0,0,0,0,0,0,0,0,0,0,0,0,0,0,0,0,0,0,0,0,0,0,0,0,0,0,0,0,0,0,0,0,0,0,0,0,0,0,0,0,0,0,0,0,0,0,0,0,0,0,0,0,0,0,0,0,0,0,0,0,0
0,0,0,0,0,0,0,0,0,0,0,0,0,0,0,0,0,0,0,0.005956224266629184,0,0,0,0,0,0,0.005087488160173178,0,0,0,0,0,0,0,0,0,0,0,0,0,0,0,0,0,0,0,0,0,0,0,0,0,0.003988632356800845,0,0,0,0,0,0,0,0,0,0,0,0.006806972352529309,0,0,0,0,0,0,0.003694674940302495,0,0,0,0,0,0,0,0,0,0,0,0,0,0.006236467684163135,0,0,0,0,0,0.004622427839132019,0.006642405812369745,0,0,0,0,0,0,0,0,0,0,0,0,0,0,0,0,0,0,0,0,0,0,0,0,0,0,0,0,0,0,0,0,0,0,0,0,0,0,0,0,0,0,0,0,0,0,0,0,0,0,0,0,0,0,0,0,0,0,0,0,0,0,0,0,0.002704121943706146,0,0,0,0,0,0,0,0,0,0,0,0,0,0,0.003243390846820103,0,0,0,0,0,0,0,0,0,0,0,0,0,0.005332928148595484,0,0,0,0,0,0,0,0.004325394142973104,0,0,0,0,0.006884506318232434,0,0,0,0,0,0,0,0.005594021023677609,0,0,0,0,0,0,0,0,0,0,0,0.004054089424789322,0,0,0,0,0,0,0,0,0,0,0.007727542770954755,0,0,0,0,0,0,0,0,0,0,0,0,0,0,0,0,0,0,0,0,0,0,0,0,0,0,0,0,0,0,0.005243475786315429,0,0,0,0,0,0,0,0,0,0,0,0,0,0,0,0,0,0,0,0.006163320552386391,0,0.004887791235084734,0,0,0,0,0,0,0,0,0,0,0,0,0,0,0,0,0,0,0,0,0,0,0,0,0,0,0,0,0,0,0,0,0,0,0,0,0,0,0,0,0,0,0,0,0,0,0,0,0,0,0,0,0,0,0,0,0,0,0,0,0,0,0,0.00316323781877538,0,0,0,0,0,0,0,0,0,0,0,0,0,0,0,0,0,0,0,0,0,0,0,0,0,0,0,0,0.003375740410050277,0,0,0,0,0,0,0,0.00265902970494766,0,0,0.002861777497885763,0,0,0,0,0,0,0,0,0,0,0,0,0,0,0,0,0,0,0,0,0,0.003341611274221958,0,0,0.004185647976575703,0,0.004818331974999283,0,0,0,0,0,0,0,0,0,0,0,0,0
0,0,0.00611725860837058,0,0,0.003671981999966091,0,0,0,0,0,0,0,0,0.004088900263705433,0,0,0,0,0,0,0.005753775981493488,0,0,0,0,0,0,0,0,0,0,0,0,0,0,0,0,0,0,0,0,0,0,0,0,0,0,0,0,0.005319243804101236,0,0,0,0,0,0,0.005190423352474471,0,0,0.004361861674571927,0.003558657043661774,0,0,0,0.004585799338308175,0,0,0,0,0,0,0,0,0,0,0.004366482158787474,0,0.005195349351901281,0,0,0,0,0,0,0,0,0,0,0,0,0,0,0,0,0,0,0,0,0,0,0,0,0,0,0,0,0,0,0,0,0,0.004950833478763324,0,0,0,0,0,0,0,0,0,0,0,0,0,0,0,0,0,0,0,0.004030766981128208,0,0,0,0.004663481350877596,0,0.005466029159563839,0,0,0,0.005201424059274059,0.004703460393431802,0,0,0,0,0.006391370879278753,0,0,0,0,0,0,0,0,0,0,0,0,0,0,0,0,0,0,0.007535689258146884,0.009172927178229403,0,0.003631975867371137,0,0,0,0,0,0,0,0,0,0,0,0,0,0,0,0,0,0,0,0,0,0,0,0,0,0,0,0,0,0,0,0,0,0,0,0,0.005147842038771408,0,0,0,0,0,0,0,0,0,0,0,0,0,0,0,0,0,0,0,0,0,0,0,0,0,0,0,0,0,0.005129010773285093,0,0,0,0,0,0,0,0,0,0,0,0,0,0,0,0,0,0,0,0,0,0.005174477100823271,0,0,0,0,0,0,0,0,0,0,0,0,0,0,0,0,0,0,0,0,0,0,0,0,0,0,0,0,0,0,0,0,0,0,0,0,0,0,0,0,0,0,0,0,0,0,0,0,0,0,0,0,0,0,0,0,0,0,0,0,0,0,0,0,0,0,0,0,0,0,0,0,0,0,0,0,0,0,0,0,0,0,0,0,0,0,0,0,0,0,0,0,0,0,0,0,0,0,0,0.004025371373357968,0,0,0,0,0,0,0,0,0,0,0,0,0,0,0,0,0,0.005215285117190917,0,0,0,0.005310157772575279,0,0,0,0,0,0,0,0,0,0,0,0,0,0,0,0,0,0,0,0,0,0,0,0,0,0,0,0,0,0,0,0,0,0,0,0,0,0,0,0,0,0,0,0,0,0
0,0,0,0,0,0,0,0,0,0,0,0,0,0,0,0,0,0.005956224266629184,0,0,0,0,0,0,0,0,0.005201750513260703,0,0,0,0,0,0,0,0,0,0,0,0,0,0,0,0,0,0,0,0,0,0,0,0,0,0.003823507656347897,0,0,0,0,0,0,0,0,0,0,0,0.006662050436091136,0,0,0,0,0,0,0,0,0.002986791769158493,0,0,0,0,0,0,0.003025851671703768,0,0,0,0,0.005823239341954188,0,0,0,0,0,0.00595598032096327,0.005401522281094121,0,0,0,0,0,0,0,0,0,0,0,0,0,0,0,0,0,0,0,0,0,0,0,0,0,0,0,0,0,0,0,0,0,0,0,0.001194748909653819,0,0,0,0,0,0,0,0,0,0,0,0,0,0,0,0,0,0,0,0,0,0,0,0,0,0,0,0,0.004058840745674173,0,0,0,0,0,0,0,0,0,0,0,0,0,0,0,0,0,0,0,0,0.003026253858689956,0,0,0,0,0.003098223025369528,0,0,0.005269210476125783,0,0,0,0,0,0,0,0.004489080181281279,0,0,0,0,0.006008090196139831,0,0,0,0,0,0,0,0.004367202450579561,0,0,0,0,0,0,0,0,0,0,0,0.004675929439679934,0,0,0,0,0,0,0,0,0,0,0.005133964060298749,0,0,0,0,0,0,0,0,0,0,0,0,0,0,0,0,0,0,0,0,0,0,0,0,0,0,0,0,0,0,0.006481180602666634,0,0.002829244496334078,0,0,0,0,0,0,0,0,0,0,0,0,0,0,0,0,0,0.006407589554331905,0,0.006476395921134965,0,0,0,0,0,0,0,0,0,0,0,0,0,0,0,0,0,0,0,0,0,0,0,0,0,0,0,0,0,0,0,0,0,0,0,0,0,0,0,0,0,0,0,0,0,0,0,0,0,0,0,0,0,0,0,0,0,0,0,0,0,0,0,0.00387439791972327,0,0,0,0,0,0,0,0,0,0,0,0,0,0,0,0,0,0,0,0,0,0,0,0,0,0,0,0,0.003761380258954166,0,0,0,0,0,0,0,0,0,0,0,0,0,0,0,0,0,0,0,0,0,0,0,0,0,0,0,0,0,0,0,0,0,0,0,0.002966149805874166,0,0.003710263189479797,0,0,0,0,0,0,0,0,0,0,0,0,0
0.004198632827998852,0.003760320074801171,0,0,0,0,0,0,0,0,0.00464462398059671,0,0,0,0,0.004119009903570544,0,0,0,0,0,0,0,0,0,0,0,0,0,0,0,0,0,0,0,0,0.003572153317209125,0,0,0.003574763868677459,0,0,0,0,0,0,0,0,0,0,0,0,0,0,0,0,0,0,0,0,0,0,0,0,0,0,0,0,0,0.004132343723811433,0,0,0,0,0,0.004964499703478988,0,0,0,0,0,0,0,0,0,0,0,0,0,0,0,0,0,0.003697991568633736,0,0.005065908139053881,0.004292282153578427,0,0.003521493290614695,0,0,0,0,0,0,0,0,0,0,0,0,0,0,0,0,0,0,0,0,0,0,0,0,0,0,0,0,0,0,0,0,0,0,0,0,0,0,0,0,0,0,0,0,0,0,0,0,0,0,0,0,0,0,0,0,0,0,0,0,0,0,0.003702901496597156,0,0,0,0,0,0,0,0.004760651099224155,0,0,0,0,0,0,0,0,0,0,0,0,0,0,0,0,0,0,0,0,0,0,0.003841777788013442,0,0,0.003690374659846385,0,0.003840517798594298,0,0,0,0,0,0.003760918159988151,0,0,0,0,0,0,0,0,0.003613007436998241,0,0,0,0,0,0,0,0,0,0,0,0,0,0,0,0,0,0,0,0,0.003758063641330655,0,0,0,0,0,0,0.004019470481575783,0,0,0,0,0,0,0,0,0,0,0,0,0,0,0,0,0.003566229498645521,0,0,0,0,0,0,0,0,0,0,0,0,0,0,0,0,0,0,0,0,0,0,0,0,0,0,0.003647355449623269,0,0,0,0,0,0,0,0,0,0,0,0,0,0,0,0,0,0,0,0,0,0,0,0,0,0,0,0,0,0,0,0,0,0,0,0,0,0,0,0,0,0,0,0,0,0,0.004562380647556472,0,0,0,0,0,0,0,0,0,0,0,0,0,0,0,0,0,0,0,0,0,0,0,0,0,0,0,0,0,0,0,0,0,0,0,0,0,0,0,0,0,0,0,0,0,0,0,0,0,0,0,0,0,0,0,0,0,0,0,0,0,0,0,0,0,0,0,0,0,0,0,0,0,0,0,0,0,0,0,0,0,0,0,0,0,0,0,0,0,0,0,0,0,0,0,0
0,0,0,0,0,0.004463691504885736,0,0,0,0,0,0,0.004388187355796483,0,0.004417889591732151,0,0,0,0.005753775981493488,0,0,0,0,0,0.004275767942817577,0.00330134396218072,0,0,0.003707362955249816,0,0,0,0,0,0,0,0,0,0,0,0,0,0,0,0,0,0,0,0,0,0,0,0,0,0,0,0,0,0,0,0,0.004762374233529014,0,0,0,0,0,0,0.004321252239059775,0,0,0,0,0,0,0,0.004953856933055662,0,0,0,0,0,0,0,0,0,0,0,0,0,0,0,0,0,0,0,0,0,0,0.004861150335622695,0,0,0,0,0,0,0,0,0,0,0,0,0,0,0,0,0,0.003260999813442873,0,0,0,0,0,0,0,0,0,0,0,0,0,0,0,0,0,0,0,0,0,0,0,0,0,0,0,0,0,0,0,0,0,0,0,0,0,0,0,0,0,0,0,0,0,0,0,0,0,0,0.005750053473263413,0,0,0,0,0,0,0,0,0,0,0,0,0,0,0,0,0,0,0,0,0,0,0,0,0,0,0,0,0,0,0,0,0,0,0,0,0,0,0,0,0,0,0,0,0,0,0,0,0,0,0,0.005352137806371824,0,0,0,0,0,0.004599855732400701,0,0,0,0,0,0,0,0,0,0,0,0.004362584307995321,0,0,0,0,0,0,0,0,0,0,0,0,0,0,0,0,0,0,0,0,0,0,0,0,0,0,0,0,0,0,0,0,0,0,0,0,0,0,0,0,0,0,0,0,0,0,0,0,0,0,0,0,0,0,0,0,0,0,0,0,0,0,0,0,0,0,0,0,0,0,0,0,0,0,0,0,0,0,0,0,0,0,0,0,0,0,0,0,0,0,0,0,0,0,0,0,0,0,0,0,0,0,0,0,0,0,0,0,0,0.00332825105121103,0,0,0,0,0,0,0,0,0,0,0,0,0,0,0,0,0,0,0,0,0,0,0,0,0,0,0.003999429728459016,0,0,0,0,0,0,0,0,0,0,0,0,0,0,0,0,0,0,0,0,0,0,0,0,0,0,0,0,0,0,0,0,0,0,0,0,0,0,0,0,0,0,0,0,0,0,0,0,0,0,0,0
0,0,0,0,0,0,0,0,0,0,0,0,0,0,0,0,0,0,0,0,0,0,0,0,0,0,0,0,0,0,0.003292632343514311,0,0,0,0,0,0,0,0.002748997238649833,0,0,0,0,0,0,0,0,0,0,0,0,0,0,0,0,0,0,0,0,0,0,0,0,0,0,0,0,0,0,0,0,0,0.003638210348692011,0,0,0,0,0,0,0,0,0,0,0,0,0,0,0,0,0,0,0,0,0,0,0,0,0,0,0.004849876893809075,0,0,0,0,0,0,0,0,0,0,0.003041425777934797,0,0,0,0,0,0,0,0,0,0,0,0,0,0,0,0,0,0,0,0,0,0,0,0,0,0,0,0,0.003942499679617716,0,0,0,0,0,0,0,0,0,0,0.003900030550975261,0,0,0,0,0,0.003252371127970612,0,0,0,0,0,0,0.005067605913080148,0,0,0.002481019898127466,0,0,0,0,0,0,0,0,0,0,0,0,0,0,0,0,0,0,0,0,0,0,0,0,0,0,0,0,0,0,0,0,0,0,0,0,0,0,0,0,0,0.003444922321290231,0.002687104830665693,0,0,0,0,0,0,0,0,0,0,0,0,0,0,0,0,0,0,0,0,0,0,0,0,0,0.003992692768581099,0,0,0,0,0,0,0,0,0,0,0,0,0,0,0,0,0,0,0,0,0,0,0,0,0,0,0,0,0,0,0,0,0,0,0.002573535142571064,0,0,0,0,0,0,0,0,0,0,0,0,0,0,0,0,0,0,0,0,0,0,0,0,0,0,0,0,0,0,0,0,0,0,0,0,0,0,0,0,0,0,0,0,0,0,0,0,0,0,0,0,0,0,0,0,0,0,0,0,0,0,0,0,0,0,0,0,0,0,0,0,0,0,0,0,0,0,0,0,0,0,0,0,0,0,0,0,0,0,0,0,0,0,0,0,0,0,0,0,0.001228744283871837,0,0,0,0,0,0,0,0,0,0,0,0,0,0,0,0,0,0,0,0,0,0,0,0,0,0,0,0,0,0,0,0,0,0,0,0,0,0,0,0,0,0,0,0,0,0,0,0,0,0,0,0.003426242313459776,0,0,0,0
0,0,0,0,0,0,0,0,0,0,0,0,0,0.002942064807335555,0,0,0,0,0,0,0,0,0,0,0,0,0,0.006715155896317335,0,0,0,0,0.004364314630609703,0,0,0.007945961171555719,0,0,0,0,0,0,0,0,0,0,0.005788946789058533,0,0,0.007782470703605424,0,0,0,0,0,0,0,0,0,0,0,0,0,0,0,0,0,0,0,0,0,0,0,0,0,0,0,0,0.007396300512099961,0,0,0,0.00469207732583015,0.006223314651505645,0,0,0,0,0.00452788980233125,0.004656267122596437,0,0,0,0,0,0,0,0,0,0,0,0,0,0,0,0,0,0,0,0,0,0,0,0,0,0,0,0,0,0,0,0,0,0,0,0,0.005985926814257331,0,0,0,0.006163923309906099,0,0,0,0,0,0,0,0,0,0,0,0,0,0.004962930029888693,0,0,0,0,0,0,0,0,0,0,0,0,0,0,0,0,0,0,0,0,0,0,0,0,0,0,0,0,0,0,0,0,0,0,0,0,0,0,0,0,0,0,0,0,0,0,0,0,0,0,0,0,0,0,0,0,0,0,0,0,0,0,0,0,0,0,0,0,0,0,0,0,0,0,0,0,0,0,0,0,0,0,0,0,0,0,0.005796901029320812,0,0,0,0,0,0,0,0,0,0,0.00499106979108678,0,0,0,0,0,0.004578596811843072,0,0,0,0,0,0.007496003896408943,0,0,0,0,0,0,0,0,0,0,0,0,0,0,0,0,0,0,0,0,0,0,0,0,0,0,0,0,0,0,0,0,0,0,0,0,0,0,0,0,0,0,0,0,0,0,0,0,0,0,0,0,0,0,0,0,0,0,0,0,0,0,0,0,0,0,0,0,0,0,0,0,0,0,0,0,0,0,0,0,0,0,0,0,0,0,0,0,0,0,0,0,0,0,0,0,0,0,0,0,0,0,0,0,0,0,0.002830426206751346,0.004789893373886303,0,0,0,0,0,0,0,0.005059549981018903,0,0,0,0,0,0,0.007922587156548522,0,0,0,0,0,0,0,0,0,0,0,0,0,0,0,0,0,0,0,0,0,0,0,0,0,0,0,0,0,0,0,0,0,0,0,0,0,0,0,0,0,0,0,0,0,0,0,0,0,0
0,0,0,0,0.004314904842647751,0.004315660318126521,0,0,0,0,0,0,0.004651615160754061,0,0.004502367781945254,0,0,0,0,0,0,0.004275767942817577,0,0,0,0,0,0,0,0,0,0,0,0,0,0,0,0,0,0,0,0,0,0,0,0,0,0,0,0,0,0,0,0,0,0,0,0,0,0,0,0.004591427990377046,0,0,0,0,0,0,0.003829150892722699,0,0,0,0,0,0,0,0.004345621992615973,0,0,0,0,0,0,0,0,0,0,0,0,0,0,0,0,0,0,0,0,0,0,0,0,0,0,0,0,0,0,0,0,0,0,0,0,0,0,0,0,0,0,0,0,0,0,0,0,0,0,0,0,0,0,0,0,0,0,0,0,0,0,0,0,0,0,0,0,0,0,0,0,0,0,0,0,0,0,0,0,0,0,0,0,0,0,0,0,0,0,0,0,0,0,0,0,0,0,0,0,0,0,0,0,0,0,0,0,0,0,0,0,0,0,0,0,0,0,0,0,0,0,0,0,0,0,0,0,0,0,0,0,0,0,0,0,0,0,0,0,0,0,0,0,0,0,0,0,0,0,0,0,0,0,0,0,0,0,0,0,0,0,0,0,0,0,0,0,0,0,0,0,0,0,0,0,0,0,0,0,0,0,0,0,0,0,0,0,0,0,0,0,0,0,0,0,0,0,0,0,0,0,0,0,0,0,0,0,0,0,0,0,0,0,0,0,0,0,0,0,0,0,0,0,0,0,0,0,0,0,0,0,0,0,0,0,0,0,0,0,0,0,0,0,0,0,0,0,0,0,0,0,0,0,0,0,0,0,0,0,0,0,0,0,0,0,0,0,0,0,0,0,0,0,0,0,0,0,0,0,0,0,0,0,0,0,0,0,0,0,0,0,0,0,0,0,0,0,0,0,0,0.003881211825551451,0,0,0,0,0.003431193057768054,0,0,0,0,0,0,0,0,0,0,0,0,0,0,0,0,0,0,0,0,0,0,0,0,0,0,0,0,0,0,0,0,0,0,0,0,0,0,0,0,0,0,0,0
0,0,0,0,0,0.003400616975156106,0,0,0,0,0,0,0.003560016076803361,0,0.00331229593174519,0,0,0,0,0,0,0.00330134396218072,0,0,0,0,0,0,0.00433656342297495,0,0,0,0,0.003398947297142325,0,0,0,0,0.00275627808629734,0,0,0,0,0,0,0.003552712559366549,0,0,0,0,0,0,0,0,0,0,0,0,0,0,0,0.003387354852160962,0,0,0,0,0,0,0.003415116520712258,0,0.003762185297704311,0,0,0,0,0,0.004087116946973988,0,0,0,0,0,0,0,0,0,0,0.003367824494357793,0,0,0,0,0,0,0.003040093478136461,0,0,0,0,0.003407015590853539,0,0,0.002649600069270702,0,0,0,0,0,0,0,0,0,0,0,0,0,0,0.003967430101134177,0,0,0,0,0,0,0,0.003362690318353481,0,0,0,0,0,0,0,0,0,0.003271096449912828,0,0,0,0,0,0.002871103058253041,0,0,0,0,0,0,0,0,0,0,0,0,0,0,0,0,0,0,0,0,0,0,0,0,0.002545317820889495,0,0,0,0,0,0,0,0,0,0,0,0,0.002826552024212503,0,0,0,0,0,0,0,0,0,0.002589112369885014,0,0,0,0,0,0,0,0,0,0,0,0,0,0,0,0,0.002833885468129332,0,0,0,0,0,0,0,0,0,0,0,0,0,0,0,0,0,0,0,0,0,0,0.004027162567852718,0,0,0.002471784142448388,0,0,0,0,0,0,0,0,0,0,0,0.003873398556650489,0,0,0,0,0,0.003252559845569009,0,0,0,0,0,0,0,0,0,0,0,0,0,0,0,0,0,0,0,0,0,0,0,0,0,0,0,0,0,0,0,0,0,0,0,0,0,0,0,0,0,0,0,0,0,0,0,0,0,0,0,0,0,0,0,0,0,0,0,0,0,0,0,0,0,0,0,0,0,0,0,0,0,0,0,0,0,0,0,0,0,0,0,0,0,0,0,0,0,0,0,0,0,0,0,0,0,0.003381092297083202,0,0,0,0,0,0,0,0,0,0,0,0,0,0,0,0,0,0,0,0,0,0,0,0,0,0,0,0,0,0,0,0,0,0,0,0,0,0,0,0,0,0,0,0,0,0,0,0,0,0,0,0,0,0,0,0,0,0,0,0,0,0,0,0,0,0,0,0,0,0,0,0,0,0,0,0,0,0,0
0,0,0.003436154143533424,0,0,0,0,0,0,0,0,0,0,0,0,0,0,0.005087488160173178,0,0.005201750513260703,0,0,0,0,0,0,0,0,0,0,0,0,0,0,0,0,0,0,0,0,0,0,0,0,0,0,0,0,0,0,0,0,0.005053014120641678,0,0,0,0,0,0,0,0,0,0.003174783682972678,0,0.005215457301774839,0,0,0,0,0,0,0,0,0.003016077333401446,0,0,0,0,0,0,0.003092213607843868,0,0,0,0,0.004828693895966047,0,0,0,0,0,0.005147304505805542,0.0047257839524771,0,0,0,0,0,0,0,0.003223060794304041,0,0,0,0,0,0,0,0,0,0,0,0,0,0,0,0,0,0,0,0,0,0,0,0,0,0,0,0,0,0,0,0,0,0,0,0,0,0,0,0,0,0,0,0,0,0,0,0,0,0,0,0,0,0,0,0,0,0,0,0,0,0,0,0,0,0,0,0,0,0,0,0.002804892052349773,0,0,0,0,0,0.003109730893345776,0,0,0,0,0,0,0,0.00575286114977508,0,0,0,0.002959375188673947,0,0,0,0.004512071937102932,0,0,0,0,0.004598045500413445,0,0,0,0,0,0,0,0.004046302365654394,0,0,0,0.003501843386534519,0,0,0,0,0,0,0,0.005318024717296931,0,0,0,0,0,0,0,0,0,0,0,0,0,0,0,0,0,0,0,0,0,0,0,0,0,0,0,0,0,0,0,0,0,0,0,0,0,0,0,0,0,0.006054597900001573,0,0,0,0,0,0,0,0,0,0,0,0,0,0,0,0,0,0,0,0.006045503555135789,0,0.005983549487141126,0,0,0,0,0,0,0,0,0,0,0,0,0,0,0,0,0,0,0,0,0,0,0,0,0,0,0,0,0,0,0,0,0,0,0,0,0,0,0,0,0,0,0,0,0,0,0,0,0,0,0,0,0,0,0,0,0,0,0,0,0,0,0,0.003399045796947298,0,0,0,0,0,0,0,0,0,0,0,0,0,0,0,0,0,0,0,0,0,0,0,0,0,0,0,0,0.004036486626071954,0,0,0,0,0,0,0,0,0,0,0,0,0,0,0,0,0,0,0,0,0,0,0,0,0,0,0,0,0,0,0,0,0,0,0,0,0,0.002989950621898962,0,0,0,0,0,0,0,0,0,0,0,0,0
0,0,0,0,0,0,0,0,0.004816877775139679,0,0,0,0,0,0,0,0,0,0,0,0,0,0,0.006715155896317335,0,0,0,0,0,0,0,0,0.004539220553764947,0,0,0.007291381942696474,0,0,0,0,0,0,0,0,0,0,0.006989574808603254,0,0,0.007260216183016643,0,0,0,0,0,0,0,0,0.005116265009529929,0,0,0,0,0,0,0,0,0,0,0,0,0,0,0,0,0,0,0,0.007326432995002333,0,0,0,0.005072887901017276,0.006885812012919892,0,0,0,0,0.005854975320321188,0.00513762315125214,0,0,0,0,0.003156185755389893,0,0,0,0,0,0,0,0,0,0,0,0,0,0,0,0,0,0,0,0,0,0,0,0,0,0,0,0,0,0,0,0.005285959125913006,0,0,0,0.006243786163891847,0,0,0,0,0,0,0,0,0,0,0,0,0,0.006228255289039081,0,0,0,0,0,0,0,0,0,0,0,0,0,0,0,0,0,0,0,0,0,0,0,0,0,0,0,0,0,0,0,0,0,0,0,0,0,0,0,0,0,0,0,0,0,0,0,0,0,0,0,0,0,0,0,0,0,0,0,0,0,0,0,0,0,0,0,0,0,0,0,0,0,0,0,0,0,0,0,0,0,0,0,0,0,0,0.006534508129764614,0,0,0,0,0,0,0,0,0,0,0,0,0,0,0,0,0.004806701432304769,0,0,0,0,0,0.005796038015024591,0,0,0,0,0,0,0,0,0,0,0,0,0,0,0,0,0,0,0,0,0,0,0,0,0,0,0,0,0,0,0,0,0,0,0,0,0,0,0,0,0,0,0,0,0,0,0,0,0,0,0,0,0,0,0,0,0,0,0,0,0,0,0,0,0,0,0,0,0,0,0,0,0,0,0,0,0,0,0,0,0,0,0,0,0,0,0,0,0,0,0,0,0,0,0,0,0,0,0,0,0,0,0,0,0,0,0,0.004215924327082735,0,0,0,0,0,0,0,0,0,0,0,0,0,0,0.007218864161611882,0,0,0.002765010603211162,0,0,0,0,0,0,0,0,0,0,0,0,0,0,0,0,0,0,0,0,0,0,0,0,0,0,0,0,0,0,0,0,0,0,0,0,0,0,0,0,0,0,0,0,0,0,0
0,0,0,0,0,0,0,0,0,0,0,0,0,0,0,0,0,0,0,0,0,0.003707362955249816,0,0,0,0.00433656342297495,0,0,0,0,0,0,0,0.0044271890407738,0,0,0,0,0,0,0,0,0,0,0,0,0,0,0,0,0,0.004681996625870879,0,0,0.005246713692110362,0,0.005245078757870445,0,0,0,0,0.00374288489890655,0,0,0,0,0,0.00471742152173984,0,0,0,0,0,0,0.005976251105813625,0,0,0,0,0,0,0,0,0.004599190923595428,0,0,0,0,0,0,0,0,0,0,0,0,0,0,0,0,0,0,0,0,0,0,0,0,0,0,0,0,0,0,0,0,0,0.003848920703394342,0,0,0,0,0,0,0,0,0,0.005104337578848176,0,0,0,0,0,0,0.004854500234184277,0,0,0,0,0,0,0,0,0,0,0,0.005041957059933695,0,0,0.004417221651647409,0,0.004351091919483026,0,0,0,0,0,0,0.004404462698071538,0,0,0,0,0,0,0,0,0,0,0,0,0,0,0,0,0,0,0,0,0,0,0,0,0,0,0,0,0,0,0,0,0,0,0,0,0,0,0,0,0,0,0.006100119238057786,0,0,0,0,0,0,0,0,0,0,0,0,0,0,0,0,0,0,0,0,0,0,0,0,0,0,0,0,0,0,0,0,0,0,0,0,0,0,0,0.004285854214621049,0,0,0.003673279230028356,0,0,0,0,0,0,0.003676223105089048,0,0,0,0,0,0,0,0,0,0,0,0,0,0,0,0.004423384064469202,0,0,0,0,0,0,0,0,0,0,0,0,0,0,0,0,0,0,0,0.005246289200687308,0,0,0,0,0,0,0,0,0,0,0,0,0,0,0,0,0,0,0,0,0,0,0,0,0,0,0,0,0,0,0,0,0,0,0,0,0,0,0,0,0,0,0,0,0,0,0,0,0,0,0,0,0,0,0,0,0,0,0,0,0.007107483431352811,0,0,0,0,0,0,0,0,0,0,0,0,0,0,0,0,0,0,0,0,0,0,0,0,0,0,0,0,0,0,0,0,0,0,0,0,0,0,0,0,0,0,0,0,0,0,0,0,0,0,0,0,0,0,0,0,0,0,0,0,0,0,0,0,0,0,0,0,0,0,0,0,0,0,0,0,0,0,0
0,0,0,0,0,0,0,0,0,0,0,0,0,0,0,0,0,0,0,0,0,0,0,0,0,0,0,0,0,0,0,0,0,0,0,0,0,0.004076709292019686,0,0,0,0,0,0,0.003007125557935023,0,0,0,0.00413982851098307,0,0,0,0,0.00528400908089862,0,0,0,0,0,0,0,0,0,0.004633379352255655,0,0,0,0,0,0,0,0,0,0,0,0,0,0,0,0,0,0,0,0,0,0,0,0,0,0,0,0,0,0,0,0,0,0,0,0,0,0,0.00480901001466515,0,0,0,0,0,0,0,0,0.002842370698300652,0,0.004443870502646996,0.003544660186427386,0,0,0,0,0,0,0,0,0,0,0,0,0,0,0,0,0,0,0,0,0,0,0,0,0,0.004563169502752294,0,0,0,0,0,0,0,0,0,0,0,0,0,0,0,0,0,0,0,0.004682401596698454,0,0,0,0,0,0,0,0,0,0,0,0,0,0,0,0,0,0,0,0,0.00312149518495945,0,0,0,0,0,0,0,0,0,0,0,0,0,0,0,0,0,0,0,0,0,0,0,0,0,0,0,0,0,0,0,0,0,0,0.004013626745817935,0,0,0,0,0,0,0,0,0,0,0,0,0,0,0,0,0,0,0,0,0,0,0,0,0,0,0,0,0,0,0,0,0,0,0.004082620254851762,0,0,0,0,0,0,0.004292642215661947,0,0,0,0.002921794554416622,0,0,0,0,0,0,0,0,0,0,0,0,0,0,0,0,0,0,0,0,0,0,0,0,0,0,0,0,0,0,0,0,0,0,0,0,0,0,0,0,0,0,0,0,0,0,0,0,0,0,0,0,0,0,0,0,0,0,0,0,0,0,0,0,0,0,0,0,0,0,0,0,0,0,0,0,0,0,0,0,0,0,0,0,0,0,0,0,0,0,0,0,0,0,0,0,0,0,0,0,0,0,0,0,0.00302041096169017,0,0,0,0,0,0,0.004267878427365058,0,0,0,0,0,0,0,0,0,0,0,0,0,0,0,0,0,0,0,0,0,0,0,0,0,0,0,0,0,0,0,0,0,0,0,0,0,0,0,0,0,0,0,0,0,0,0,0,0,0,0,0,0
0,0,0,0,0,0,0.006302654228483517,0,0,0,0,0,0,0,0,0,0,0,0,0,0,0,0.003292632343514311,0,0,0,0,0,0,0,0,0,0,0,0.004872908012591965,0,0,0,0.003876243321314239,0,0,0,0,0,0,0,0,0,0,0,0,0,0,0,0,0,0,0,0,0,0,0,0,0,0,0,0,0,0,0,0,0.005743929063765528,0.007996905457186287,0,0,0,0,0,0,0,0,0,0,0,0,0,0,0,0,0,0,0,0.003363767183895707,0,0,0,0,0,0,0,0,0,0,0,0,0,0,0,0,0.005674417013873873,0.007833976020125658,0,0,0,0,0,0,0,0,0,0,0.005656941247550228,0,0,0,0.003694520929220418,0,0,0,0,0,0,0,0,0,0,0,0,0,0,0,0.003136343469361159,0,0,0,0,0,0,0,0,0,0,0,0,0,0,0.004675553455662807,0,0,0,0,0,0,0,0,0,0.006421235964750063,0,0,0,0,0,0,0,0,0,0,0,0,0,0,0,0,0,0,0,0,0,0,0,0,0,0,0,0,0,0,0,0,0.002892678161547211,0,0,0,0,0,0,0,0,0.002592235055153373,0.006511576277836609,0,0,0,0,0,0,0,0,0,0,0,0,0,0,0,0,0,0,0,0,0,0,0,0,0,0,0,0,0.007195851008445691,0,0,0,0,0,0,0,0,0,0,0,0.002501552122157134,0,0,0,0,0,0,0,0,0,0.00713444965992324,0,0,0,0,0,0,0,0,0,0,0,0,0,0,0,0,0,0,0,0,0,0,0,0,0,0,0,0,0,0,0,0,0,0,0,0,0,0,0,0,0,0,0,0,0,0,0,0,0,0,0,0,0,0,0,0,0,0,0,0,0,0,0,0,0,0,0,0,0,0,0,0,0,0,0,0,0,0,0,0,0,0,0,0,0,0,0,0,0,0,0,0,0,0,0,0,0,0,0,0,0,0,0,0,0,0,0,0,0,0,0,0,0,0,0,0,0,0,0,0,0,0,0,0,0,0,0,0,0,0,0,0,0,0,0,0,0,0,0,0,0,0,0,0,0,0,0,0,0,0,0,0,0,0,0,0,0,0,0,0,0,0,0,0,0,0,0
0,0,0,0,0,0,0,0,0,0,0,0,0,0.004279312296082456,0,0,0,0,0,0,0,0,0,0,0,0,0,0,0,0,0,0,0,0,0,0,0,0,0,0,0,0.004377706914951405,0,0,0,0,0,0,0,0,0,0,0,0,0,0,0,0,0,0,0,0,0,0,0,0,0,0,0,0,0,0.003079034880679194,0,0,0,0,0,0,0,0,0,0,0.003885803034334871,0,0.00560919457461998,0,0.006958665919057212,0,0.00286434838533197,0.004273320915532257,0,0,0,0,0,0,0,0,0,0,0,0,0,0,0,0,0,0,0,0,0,0,0,0,0,0,0,0,0,0,0,0,0,0,0,0,0,0,0,0,0,0,0,0,0,0,0,0,0,0,0,0,0,0,0.002930200515001336,0,0,0.007008902449298597,0,0,0,0,0,0,0,0,0,0.004030687077887628,0,0,0,0,0,0,0,0.003011611609986787,0,0,0,0,0,0,0,0,0,0,0,0,0,0,0,0,0.004616478647890346,0.00363773103354759,0,0,0,0,0.003604756426259017,0,0,0,0,0,0,0,0,0,0,0,0,0,0,0,0.004578746128731142,0.006211688094106077,0,0,0,0,0,0,0,0,0,0,0,0,0,0,0,0,0,0,0.003471859140179763,0,0,0,0,0,0,0,0,0,0,0,0,0,0,0,0,0,0,0,0,0,0,0,0.003928057582792661,0,0,0,0,0,0,0,0,0,0,0,0,0,0,0.002558142233077958,0,0,0,0,0,0,0,0,0,0,0,0,0,0,0,0,0,0,0,0,0,0,0,0,0,0,0,0,0,0,0,0,0,0,0,0,0,0,0,0,0,0,0,0,0,0,0,0,0,0,0,0,0,0,0,0,0,0,0,0,0,0,0,0,0,0,0,0,0,0,0,0,0,0,0,0,0,0,0,0,0,0,0,0,0,0,0,0,0,0,0,0,0,0,0,0,0,0,0.003067031594940255,0.003113146346544626,0,0,0.002762060347893509,0.002575319167434617,0,0,0.005528352723663746,0,0,0,0,0,0,0,0,0,0,0,0,0,0,0,0,0,0,0,0,0,0,0,0,0,0,0,0,0,0,0,0,0,0,0,0,0,0,0,0,0,0,0,0,0,0,0,0,0,0,0,0,0,0,0,0.002882929705757235,0
0,0,0,0,0,0,0,0.009807701236255543,0.009426053384607938,0,0,0,0,0.006304778361249952,0,0,0,0,0,0,0,0,0,0.004364314630609703,0,0,0,0.004539220553764947,0,0,0,0,0,0,0,0,0,0,0,0,0,0.0053382795410864,0,0,0,0,0.004608096891416159,0,0,0.004398096682510684,0,0,0,0,0,0,0,0,0.009524748477242278,0,0,0,0,0,0,0,0,0,0,0,0,0,0,0,0.003954894039766746,0,0,0,0,0,0,0,0.005594143707284532,0.007755591996364917,0,0,0.005524597557910233,0,0.005325010412556784,0.006909589402284609,0,0,0,0,0,0,0,0,0,0,0,0,0,0,0,0,0,0,0,0,0,0,0,0,0,0,0,0,0,0,0,0,0,0,0,0,0,0,0,0,0.004247882002782753,0,0,0,0,0,0,0,0,0,0,0,0,0,0.00440635964534309,0,0,0,0,0,0,0,0,0,0,0,0,0,0,0,0,0,0,0,0,0.004769060073014959,0,0,0,0,0,0,0,0,0,0,0,0,0,0,0,0,0.005625377957249988,0,0,0,0,0,0.00493474826395832,0,0,0,0,0,0,0,0,0,0,0,0,0,0,0,0.004349302983958622,0,0,0,0,0,0,0,0,0,0,0,0,0,0,0,0,0,0,0,0,0,0,0,0,0,0,0.004554471373332083,0,0,0,0,0,0,0,0,0,0.004085984930380732,0,0,0,0,0,0,0.006004329767472952,0,0,0,0,0,0,0,0,0,0,0,0,0,0,0,0,0,0,0,0,0,0,0,0,0,0,0,0,0,0,0,0,0,0,0,0,0,0,0,0,0,0,0,0,0,0,0,0,0,0,0,0,0,0,0,0,0,0,0,0,0,0,0,0,0,0,0,0,0,0,0,0,0,0,0,0,0,0,0,0,0,0,0,0,0,0,0,0,0,0,0,0,0,0,0,0,0,0,0,0,0,0,0,0,0,0,0,0,0,0,0,0,0,0,0.004280524314855006,0,0,0,0,0,0,0.008285252518226104,0,0,0,0,0,0,0,0,0,0,0,0,0,0,0,0,0,0,0,0,0,0,0,0,0,0,0,0,0,0,0,0,0,0,0,0,0,0,0,0,0,0,0,0,0,0,0,0,0,0,0,0,0,0,0,0,0
0,0,0,0,0,0.003142324920459558,0,0,0,0,0,0,0,0,0.003791700885429217,0,0,0,0,0,0,0,0,0,0,0.003398947297142325,0,0,0.0044271890407738,0,0,0,0,0,0,0,0,0,0,0,0,0,0,0,0,0.003581926629903616,0,0,0,0,0,0,0,0,0,0.002796220524323395,0,0,0,0,0,0.003075302985642279,0,0,0,0,0,0,0.002876610072395853,0,0.005231561434689627,0,0,0,0,0,0,0.003401331942988924,0,0,0,0,0,0,0,0,0,0.003638272409029251,0,0,0,0,0,0,0,0,0,0,0,0,0,0,0,0,0,0,0,0,0,0,0,0,0,0,0,0,0,0.005704038457273162,0,0,0,0,0,0,0,0,0,0,0,0,0,0,0,0,0,0,0,0,0,0,0,0.00339263434862578,0,0,0,0,0,0,0,0,0,0,0,0,0,0,0,0,0,0,0,0,0,0,0,0,0,0,0,0,0,0,0,0,0,0,0,0,0,0,0,0,0,0,0,0,0,0,0,0.004457296700083887,0,0,0,0.004440705951732606,0,0,0.004085158608248677,0,0,0,0,0,0,0,0,0,0,0,0.003972621915800328,0,0,0,0,0,0.004290721400489608,0,0,0,0,0,0,0,0,0,0,0,0,0,0,0.005531902053393553,0,0,0.004921122536947766,0,0,0.003129670724755868,0,0,0,0,0,0,0,0,0.005810691348457858,0,0,0,0,0,0.003495162018300872,0,0.00431159868111573,0,0,0,0,0,0,0,0,0,0,0,0,0,0,0,0,0,0,0,0,0,0,0,0,0,0,0,0,0,0.002928482909592285,0,0,0,0,0,0,0,0,0,0,0,0,0,0,0,0,0,0,0,0,0,0,0,0,0,0,0,0,0,0,0,0,0,0,0,0,0,0,0,0,0,0,0,0,0,0,0,0,0,0,0,0,0,0,0,0,0,0,0,0,0,0,0,0,0,0.003362012505726311,0,0,0,0,0,0,0,0,0,0,0,0,0,0,0,0,0,0,0,0,0,0,0,0,0,0,0.004245578285195487,0,0,0,0,0,0,0,0,0,0,0,0,0,0,0,0,0,0,0,0,0,0,0,0,0,0,0,0,0,0,0,0,0,0,0,0,0,0,0,0,0,0,0,0,0,0,0,0,0,0,0,0
0,0,0,0,0,0,0,0,0,0,0,0,0,0,0,0,0,0,0,0,0,0,0,0,0,0,0,0,0,0,0.004872908012591965,0,0,0,0,0.004859496996577102,0,0,0,0,0,0,0,0,0,0,0,0,0,0.004551248711975798,0,0,0,0,0,0.004779277691776395,0,0,0,0,0,0,0,0,0,0,0.004295118298533492,0,0,0,0,0,0.005295055099829211,0,0,0,0,0,0,0,0,0.00447266728642288,0,0,0,0,0,0,0,0,0,0,0,0,0,0,0,0,0,0,0,0,0,0.00500655527896334,0,0,0,0,0,0.009540541830072689,0.005488966377849479,0,0,0,0,0,0,0,0,0,0,0.009668465821868498,0,0,0,0,0,0,0,0,0,0,0,0,0,0,0,0,0,0,0,0,0,0,0,0.005873377816800762,0,0,0,0.004413497155078203,0,0,0,0,0,0,0,0,0,0,0,0,0,0,0,0,0.005840626406251583,0,0,0,0,0,0,0,0,0,0,0,0,0,0,0,0,0,0,0,0,0,0,0,0,0,0,0,0,0,0,0,0,0,0,0,0,0,0,0,0,0,0,0.004431737110793886,0,0,0,0,0,0,0.00422856202387117,0,0,0,0.004677115631689355,0,0.004503159909721619,0,0,0,0.004478498969468373,0,0,0,0,0,0,0,0,0,0,0,0.007531107878528835,0,0,0,0.004550850115103854,0,0,0,0,0,0,0,0,0,0,0.004961326765941985,0.00476614676694022,0,0,0,0,0,0.009374153991320253,0,0,0,0,0,0,0,0,0,0,0,0,0,0,0,0,0,0,0,0,0,0,0,0,0,0,0,0,0,0,0,0,0,0,0,0,0,0,0,0,0,0,0,0,0,0,0,0,0,0,0,0,0,0,0,0,0,0,0,0,0,0,0,0,0,0,0,0,0,0,0,0,0,0,0,0,0,0,0,0.004417507370709665,0,0,0,0,0,0,0,0,0,0,0,0,0.004741974235170959,0.004568190096443045,0,0,0,0,0,0,0,0,0,0,0,0,0,0,0,0,0,0,0,0,0.005237274025717668,0,0,0,0,0,0,0,0,0,0,0,0,0,0,0,0,0,0,0,0,0,0,0,0,0,0,0,0,0,0,0,0,0,0,0,0,0,0,0,0,0,0,0.004415081481562185,0,0,0,0,0,0,0.004267703756754044,0,0
0,0,0,0,0,0,0,0,0,0,0,0,0,0,0,0,0,0,0,0,0,0,0,0.007945961171555719,0,0,0,0.007291381942696474,0,0,0,0,0,0,0.004859496996577102,0,0,0,0,0,0,0,0,0,0,0,0.006987818571500623,0,0,0.01106986998158867,0,0,0,0,0,0,0,0,0.004949768366442358,0,0,0,0,0,0,0,0,0,0,0,0,0,0,0,0,0,0,0,0.006402436084351102,0,0,0,0.005131755577840078,0.006707855679979627,0,0,0,0,0.005537371891231175,0.005185536548275834,0,0,0,0,0,0,0,0,0,0,0,0,0,0.004634749786162587,0,0,0,0,0,0.004550630678401568,0,0,0,0,0,0,0,0,0,0,0,0.004552114270732386,0,0,0,0,0.005125007770141106,0,0,0,0.006760847967139627,0,0,0,0,0,0,0,0,0,0,0,0,0,0.006099548460048156,0.004541937608394945,0,0,0,0,0,0,0,0,0,0,0,0,0,0,0,0,0,0,0,0,0,0,0,0,0,0,0,0,0,0,0,0,0,0,0,0,0,0,0,0,0,0,0,0,0,0,0,0,0,0,0,0,0,0,0,0,0,0,0,0,0,0,0,0,0,0,0,0,0,0,0,0,0,0,0,0,0,0,0,0,0.004482036185762586,0,0,0,0,0.00656986354619052,0,0,0,0,0,0,0,0,0,0,0.006124526693611453,0,0,0,0,0,0.004843758138207188,0,0,0,0,0.004591234922320647,0.009584236630029143,0,0,0,0,0,0.004664294957143571,0,0,0,0,0,0,0,0,0,0,0,0,0,0,0,0,0,0,0,0,0,0,0,0,0,0,0,0,0,0,0,0,0,0,0,0,0,0,0,0,0,0,0,0,0,0,0,0,0,0,0,0,0,0,0,0,0,0,0,0,0,0,0,0,0,0,0,0,0,0,0,0,0,0,0,0,0,0,0,0,0,0,0,0,0,0,0,0,0,0,0,0,0.004504061786678278,0.004492150286381067,0,0,0,0,0,0,0,0,0,0,0,0,0,0,0,0,0,0,0,0,0.004527532019263039,0,0.006283251050376972,0,0,0,0,0,0,0,0,0,0,0,0,0,0,0,0,0,0,0,0,0,0,0,0,0,0,0,0,0,0,0,0,0,0,0,0,0,0,0,0,0,0,0,0,0,0,0,0,0,0
0.005388947484210685,0.00439542719572922,0,0.004459206132324124,0,0,0,0,0,0,0.00559090868656462,0,0,0,0,0.004715070772818996,0,0,0,0,0.003572153317209125,0,0,0,0,0,0,0,0,0,0,0,0,0,0,0,0,0,0,0.005521349382489721,0.00643228104056796,0,0,0,0,0,0,0,0,0,0,0,0,0,0,0,0,0,0,0,0,0,0,0,0,0,0,0,0,0.004146241812646313,0,0,0,0,0,0,0,0,0,0,0,0,0,0,0,0,0,0,0,0,0.003723004285735685,0,0,0.005052617826575941,0,0.003175304170160329,0.005523767746911006,0,0,0,0,0,0,0,0,0,0.003665919616709887,0,0,0,0,0,0,0,0,0,0,0,0,0,0,0,0,0,0,0,0,0,0,0,0,0,0,0,0,0,0,0,0,0,0,0,0,0,0,0,0,0,0,0,0,0,0,0,0,0,0,0,0,0,0,0,0,0,0,0,0,0,0,0,0,0,0.003538176188453902,0,0,0,0,0,0,0,0,0,0,0,0,0,0,0,0,0,0,0,0.006820585247608949,0,0,0,0,0,0,0,0.003634784294624425,0,0.004956065905062095,0.004513604626680143,0,0,0,0,0,0,0,0,0,0.007107392411429259,0,0,0,0,0,0,0,0,0,0,0,0,0,0,0,0,0,0,0,0.004129209809629969,0,0,0,0,0,0.003913747873987413,0.006238345456933676,0,0,0,0,0,0,0,0,0,0,0,0,0,0,0,0,0,0,0,0,0,0,0,0,0,0,0,0,0,0,0,0,0,0,0,0,0,0,0,0,0,0,0,0.004968585135304881,0,0,0,0,0,0,0,0,0,0,0,0,0,0,0,0,0,0,0,0,0,0,0,0,0,0,0,0,0,0,0,0,0,0,0,0,0,0,0,0,0,0,0,0,0,0,0.003189137345532268,0,0,0,0,0,0,0,0,0,0,0,0,0,0,0,0,0,0,0,0,0,0,0,0,0,0,0,0,0,0,0,0,0.003804801760299133,0,0,0,0,0,0,0,0,0,0,0,0,0,0,0,0,0,0,0,0,0,0,0,0,0,0,0,0,0,0,0,0,0,0,0,0,0,0,0,0,0,0,0,0,0.00393469445575037,0,0.003836655625438199,0,0,0,0,0,0,0.005496605856763832,0,0,0,0,0,0.003772737836784352,0,0,0
0,0,0,0,0,0,0,0,0,0,0,0,0,0,0,0,0,0,0,0,0,0,0,0,0,0,0,0,0,0.004076709292019686,0,0,0,0,0,0,0,0,0,0,0,0,0,0,0,0,0,0,0.00611624061983383,0,0,0.004293814496926934,0,0.005293907083024652,0.006251882437092479,0,0.006232175493543897,0.004603611437798977,0,0,0,0,0,0.005883680502048142,0,0,0,0,0,0,0,0,0,0,0,0,0,0,0,0,0,0,0,0,0,0,0,0,0,0,0,0,0,0,0,0,0,0,0,0,0,0,0.00449606614650254,0.00746045310424944,0,0,0,0,0,0,0,0,0.00462070058548055,0.005128897227264624,0,0,0,0,0,0,0,0,0,0,0,0,0,0.006576127525776973,0,0,0,0,0,0.004975283378612388,0.005110114880349293,0,0.005324723051610524,0,0,0,0.005325131458102962,0,0,0,0,0,0,0,0,0,0,0,0,0,0,0,0,0,0.004271863487687942,0,0.005117746253110307,0,0,0,0,0,0,0,0,0,0,0,0,0,0,0,0,0,0,0,0,0,0,0,0,0,0,0,0,0,0,0,0,0,0,0,0,0,0,0,0,0.00746435404354979,0,0,0,0,0,0,0,0,0,0,0,0,0,0,0.007560999609240015,0,0,0,0,0,0,0,0,0,0,0,0,0,0,0,0,0,0,0,0,0,0,0,0,0,0,0,0,0,0,0,0,0.006372620817828457,0,0.009255180158427377,0,0.007310691318928707,0,0,0,0,0.003740306605819977,0,0,0,0,0,0,0,0,0,0,0,0,0,0,0,0,0,0,0,0,0,0,0,0,0,0,0,0,0.006230236202603745,0,0,0,0,0,0,0,0,0,0,0,0,0,0,0,0,0,0,0,0,0,0,0,0,0,0,0,0,0,0,0,0,0,0,0,0,0,0,0,0,0,0,0,0,0,0,0,0,0,0,0,0,0,0,0,0,0,0,0,0,0,0,0,0,0,0,0,0,0,0,0,0,0,0,0,0,0,0,0,0,0,0,0,0,0,0,0.003714819703722924,0,0,0,0,0,0,0,0,0,0,0,0,0,0,0,0,0,0,0,0,0,0,0,0,0,0,0,0,0,0,0,0,0,0,0,0,0,0,0,0,0,0,0,0,0,0,0,0,0,0,0,0,0
0,0,0,0,0,0,0.003353333242510644,0,0,0,0,0,0.003043162722419698,0,0,0,0,0,0,0,0,0,0.002748997238649833,0,0,0.00275627808629734,0,0,0,0,0.003876243321314239,0,0,0,0,0,0,0,0,0,0,0,0,0,0,0,0,0,0,0,0,0,0,0,0,0,0,0,0,0,0,0,0,0,0,0,0,0,0,0,0,0.002645443544886625,0.003827858498592322,0,0.00415935501713542,0,0.002717947801950437,0.0024434731765588,0,0,0,0,0,0,0,0,0,0.003026017898636252,0,0,0,0,0,0,0,0,0,0,0,0,0,0,0,0,0,0,0,0,0,0,0.00375837082526572,0,0,0,0,0,0,0,0,0,0,0,0,0,0,0,0,0,0,0,0,0,0,0,0,0,0,0,0,0,0,0,0,0,0,0,0,0,0,0,0,0,0,0,0,0,0,0.003361255197569893,0,0,0,0,0,0,0,0,0.003757999974278335,0,0,0,0,0,0,0,0,0,0,0,0,0,0,0,0,0,0,0,0,0,0,0,0,0,0,0.00252797842062216,0,0,0.002428086295067773,0,0,0,0,0,0,0,0,0,0,0,0.002355557645400534,0.003287297800932812,0,0,0,0,0,0,0,0,0,0,0,0,0,0,0,0,0,0,0,0,0,0,0,0,0,0,0,0,0.003322183208790289,0,0,0,0,0,0,0,0,0,0,0,0.003282240527466216,0,0,0,0,0,0,0,0,0,0,0,0,0,0,0,0,0,0,0,0,0,0,0,0,0,0,0,0,0,0,0,0,0,0,0,0,0,0,0,0,0,0,0,0,0,0,0,0,0,0,0,0,0,0,0,0,0,0,0,0,0,0,0,0,0,0,0,0,0,0,0,0,0,0,0,0,0,0,0,0,0,0,0,0,0,0,0,0,0,0,0,0,0,0,0,0,0,0,0,0,0,0,0,0,0,0,0,0,0,0,0,0,0,0,0,0,0,0,0,0,0,0,0,0,0,0,0,0,0,0,0,0,0,0,0,0,0,0,0,0,0,0,0,0,0,0,0,0,0,0,0,0,0,0,0,0,0,0,0,0,0,0,0,0,0,0,0,0,0,0,0,0,0,0,0,0,0
0.003515795363265026,0.004236197035911448,0,0,0,0,0,0,0,0,0.008847481735546198,0,0,0,0,0.005350420319546341,0,0,0,0,0.003574763868677459,0,0,0,0,0,0,0,0,0,0,0,0,0,0,0,0.005521349382489721,0,0,0,0.006130821295967761,0,0,0,0,0,0,0,0,0,0,0,0,0,0,0,0,0,0,0,0,0,0,0,0,0,0,0,0,0.0120574549681318,0,0,0,0,0,0,0,0,0,0,0,0,0,0,0,0,0,0,0,0,0,0,0,0.003822034127948466,0,0,0.004743386350447539,0,0,0,0,0,0,0,0,0,0.003231877406439192,0,0,0,0,0,0,0,0,0,0,0,0,0,0,0,0.003173857796525716,0,0,0,0,0,0,0,0,0,0,0,0,0,0,0,0,0,0,0,0,0,0,0,0,0,0,0,0,0,0,0,0,0,0,0,0,0,0,0,0,0,0,0,0,0,0,0.004958486279857094,0,0,0,0,0,0,0,0,0,0,0,0,0,0,0,0,0,0,0,0,0,0,0.005342667303716084,0,0,0,0,0.004174422935605404,0,0,0.003959139866732738,0,0.003660141056605526,0.004447747844901198,0,0,0,0,0,0,0,0,0,0.005833583288212671,0,0,0,0,0,0,0,0,0,0,0,0,0,0,0,0,0,0,0,0.005669088456172295,0,0,0,0.003917529050153305,0,0.005868525039005174,0.003645806897908047,0,0,0,0,0,0,0,0,0,0,0,0,0,0,0,0,0,0,0,0,0,0,0,0,0,0,0,0,0,0,0,0,0,0,0,0,0,0,0,0,0,0,0,0.005872734750685499,0,0,0,0,0,0,0,0,0,0,0,0,0,0,0,0,0,0,0,0,0,0,0,0,0,0,0,0,0,0,0,0,0,0,0,0,0,0,0,0,0,0,0,0,0.004255151180733927,0.004260025475774932,0,0,0,0,0,0,0,0,0,0,0,0,0,0,0,0,0,0,0,0,0,0,0,0,0,0,0,0,0,0,0,0,0,0.003268411508306568,0,0,0,0,0,0,0,0,0,0,0,0,0,0,0,0,0,0,0,0,0,0,0,0,0,0,0,0,0,0,0,0,0,0,0,0,0,0,0,0,0,0,0,0,0.003236877244789457,0,0,0,0,0,0,0,0,0,0,0,0,0,0,0,0,0,0
0.004432427216502046,0.003855627418347471,0,0,0,0,0,0,0,0,0.003883006601945737,0,0,0,0,0.004037409145763119,0,0,0,0,0,0,0,0,0,0,0,0,0,0,0,0,0,0,0,0,0.00643228104056796,0,0,0.006130821295967761,0,0,0,0,0,0,0,0,0,0,0,0,0,0,0,0,0,0,0,0,0,0,0,0,0,0,0,0,0,0.003503369149702176,0,0,0,0,0,0,0,0,0,0,0,0,0,0,0,0,0,0,0,0,0,0,0,0.004439666942948448,0,0,0.004764421250867009,0,0,0,0,0,0,0,0,0,0.003316274305250764,0,0,0,0,0,0,0,0,0,0,0,0,0,0,0,0,0,0,0,0,0,0,0,0,0,0,0,0,0,0,0,0,0,0,0,0,0,0,0,0,0,0,0,0,0,0,0,0,0,0,0,0,0,0,0,0,0,0,0,0,0,0,0,0,0,0,0,0,0,0,0,0,0,0,0,0,0,0,0,0,0,0,0,0,0,0.006235066857429767,0,0,0,0,0.004193307677255514,0,0,0.004646773686284581,0,0.004145653489645619,0.003838238402568047,0,0,0,0,0,0,0,0,0,0.006737939329955966,0,0,0,0,0,0,0,0,0,0,0,0,0,0,0,0,0,0,0,0.004460177200174109,0,0,0,0.004268890393892468,0,0.004988681038850678,0.00483308691299617,0,0,0,0,0,0,0,0,0,0,0,0,0,0,0,0,0,0,0,0,0,0,0,0,0,0,0,0,0,0,0,0,0,0,0,0,0,0,0,0,0,0,0,0.005563307661927835,0,0,0,0,0,0,0,0,0,0,0,0,0,0,0,0,0,0,0,0,0,0,0,0,0,0,0,0,0,0,0,0,0,0,0,0,0,0,0,0,0,0,0,0,0.003543808634357741,0.003548701533938501,0,0,0,0,0,0,0,0,0,0,0,0,0,0,0,0,0,0,0,0,0,0,0,0,0,0,0,0,0,0,0,0,0,0.004258437937535349,0,0,0,0,0,0,0,0,0,0,0,0.003266311384564191,0,0,0,0,0,0,0,0,0,0,0,0,0,0,0,0,0,0,0,0,0,0,0,0,0,0,0,0,0,0,0,0,0.004382019638152834,0,0,0,0.003648509803605344,0,0,0,0,0.005044909576822016,0,0,0,0,0,0,0,0,0
0,0,0,0,0,0,0,0.005191203082105889,0,0,0,0,0,0,0,0,0,0,0,0,0,0,0,0,0,0,0,0,0,0,0,0.004377706914951405,0.0053382795410864,0,0,0,0,0,0,0,0,0,0,0,0,0,0,0,0,0,0,0.004037383924315075,0,0,0,0,0,0,0,0.003434223646793031,0,0,0,0,0,0,0,0,0,0,0,0,0,0,0.003310375668504904,0,0,0,0,0,0,0,0,0.00411904723643509,0,0,0.005420581282455114,0,0,0,0,0,0,0,0,0,0,0,0,0,0,0,0,0,0,0,0,0,0,0,0,0,0,0,0,0,0,0,0,0,0,0,0,0,0,0,0,0,0,0,0,0,0,0,0,0,0,0,0,0,0,0,0,0,0,0,0,0.004240510143699267,0,0,0,0.005119291771000048,0,0,0,0,0,0.003613576200415049,0,0,0,0,0,0,0,0,0,0,0,0,0,0,0,0,0,0,0,0,0.00440185350379514,0,0,0,0,0,0,0,0,0,0,0,0,0,0,0,0,0,0,0,0,0,0,0,0,0,0.003590980049404684,0,0,0,0,0,0,0,0,0,0,0,0,0,0,0,0,0,0,0,0,0,0,0,0,0,0.003280852892364852,0,0,0,0,0,0,0,0,0,0,0.003808024045415291,0,0,0,0,0,0,0,0,0,0,0,0,0,0,0.003473075647596988,0,0,0,0,0,0,0.00404538736823664,0,0,0,0.004163462654083897,0,0,0,0,0,0,0,0,0,0,0,0,0,0,0,0,0,0,0,0,0,0,0,0,0,0,0,0,0,0,0,0,0,0,0,0,0,0,0,0,0,0,0,0,0,0,0,0,0,0,0,0,0,0,0,0,0,0,0,0,0,0,0,0,0,0,0,0,0,0,0,0,0,0,0,0,0,0,0,0,0.003334611342630974,0,0,0,0,0,0,0,0,0,0,0,0,0,0,0,0,0,0,0,0,0,0,0,0,0,0,0,0,0,0,0,0,0,0,0,0,0,0,0,0,0,0,0,0,0,0,0,0,0,0,0,0,0,0,0,0,0,0,0,0,0,0,0,0,0,0,0,0,0,0,0,0,0,0,0,0,0,0,0
0,0,0.004205194540193919,0,0,0,0,0,0,0,0,0,0,0,0,0,0,0,0,0,0,0,0,0,0,0,0,0,0,0,0,0,0,0,0,0,0,0,0,0,0,0,0,0.004496100368383956,0,0,0,0,0,0,0,0.004400143671511848,0.004023646579736787,0,0,0,0,0,0,0,0,0,0,0,0,0,0,0,0,0,0,0,0,0.003590003311225922,0,0,0,0,0,0,0.004301189165057052,0,0,0,0,0,0,0,0,0,0,0,0,0,0,0,0,0,0,0,0.003237090250041753,0,0,0,0,0,0,0,0,0,0,0,0,0,0.005692788026691936,0,0,0,0,0,0,0,0,0,0,0,0,0,0,0,0,0,0,0,0,0,0,0.003807721232213229,0.003938442492520122,0,0,0,0.005059499014688527,0.004379566169451078,0,0,0,0,0,0,0,0.004273593759748878,0,0,0,0,0,0,0,0,0,0,0,0,0.004696960323130389,0,0,0,0,0,0,0,0,0,0,0,0,0,0,0,0,0,0,0,0,0,0,0,0,0,0,0,0,0,0.003727403142643489,0,0,0,0,0,0,0,0,0,0,0,0,0,0,0,0,0,0,0,0,0,0,0,0,0.003836921058711284,0,0,0,0,0,0,0,0,0,0,0,0,0,0,0,0,0,0,0,0,0,0,0,0,0,0,0,0,0,0,0,0.003271240675219379,0,0,0,0,0,0,0,0.003435626104377542,0,0,0,0,0,0,0,0.004319449271728119,0,0,0,0,0,0,0,0,0,0,0,0,0,0,0,0,0,0,0,0,0,0,0,0,0,0,0,0,0,0,0,0,0,0,0,0,0,0,0,0,0,0,0,0,0,0,0,0,0,0,0,0,0,0,0,0,0,0,0,0,0,0,0,0,0,0,0,0,0,0,0,0,0,0,0,0,0,0,0,0,0,0,0,0,0,0,0,0.004182126791247048,0,0,0,0.006490485862816374,0,0,0,0,0,0,0,0,0,0,0,0,0,0.003812822535998084,0,0,0,0,0,0,0,0,0,0,0,0,0,0,0,0,0,0,0,0,0,0,0,0,0,0,0,0,0,0,0,0,0,0,0,0,0,0,0,0,0,0,0,0,0,0,0,0,0,0,0,0,0,0
0,0,0,0,0,0,0,0,0,0,0,0,0,0,0,0,0,0,0,0,0,0,0,0,0,0,0,0,0,0,0,0,0,0,0,0,0,0,0,0,0,0,0.004496100368383956,0,0,0,0,0,0,0,0,0,0.004028552588922978,0,0,0,0,0,0,0,0,0,0,0,0,0,0,0,0,0,0,0,0,0.003617870324259419,0,0,0,0,0,0,0.004330750715436658,0,0,0,0,0,0,0,0,0,0,0,0,0,0,0,0,0,0,0,0.003643078534837213,0,0,0,0,0,0,0,0,0,0,0.002910652220980813,0,0,0.006797487814110152,0,0,0,0,0,0,0,0,0,0,0,0,0,0,0,0,0,0,0,0,0,0,0.004743021577936622,0,0,0,0,0,0,0,0,0,0,0,0,0,0,0,0,0.003120721947456339,0,0,0,0,0,0,0,0,0,0.003631698309408079,0,0,0,0,0,0,0,0,0.003166259061706844,0,0,0,0,0,0,0,0,0,0,0,0,0,0,0,0,0,0,0,0,0.003837921748646088,0,0,0,0,0,0,0,0,0,0,0,0,0,0,0,0,0,0,0,0,0.002884131137150565,0,0,0,0.003784529469068835,0,0,0,0,0,0,0,0,0,0,0,0,0,0,0,0,0,0,0,0,0,0,0,0,0,0,0,0,0,0,0,0,0,0,0,0,0,0,0,0,0,0,0.003374774668639557,0,0,0,0,0,0,0,0,0,0,0,0,0,0,0,0,0,0,0,0,0,0,0,0,0,0,0,0,0,0,0,0,0,0,0,0,0,0,0,0,0,0,0,0,0,0,0,0,0,0,0,0,0,0,0,0,0,0,0,0,0,0,0,0,0,0,0,0,0,0,0,0,0,0,0,0,0,0,0,0,0,0,0,0,0,0,0,0,0,0,0,0,0.004741598264524649,0,0,0,0,0,0,0,0,0,0,0,0,0,0,0,0,0,0.004663432881527549,0,0,0,0,0,0,0,0,0,0,0,0,0,0,0,0,0,0.003497522681425023,0,0,0,0,0,0,0,0,0,0,0,0,0,0,0,0,0,0,0,0,0,0,0,0,0,0,0,0,0,0,0,0,0,0,0,0
0,0,0,0,0,0,0,0,0,0,0,0,0,0,0,0,0,0,0,0,0,0,0,0,0,0,0,0,0,0.003007125557935023,0,0,0,0,0,0,0,0,0,0,0,0,0,0,0,0,0,0.005863098393879187,0,0,0.005169865689701924,0,0,0.003920361295892769,0,0.00305666660409593,0,0,0,0,0,0,0,0.003670315968486522,0,0,0,0,0,0,0,0,0,0,0,0,0,0,0,0,0,0,0,0,0,0,0,0.004383791120852017,0,0,0,0,0,0,0,0,0,0,0,0,0,0,0.003334746716017654,0,0,0,0,0,0,0,0,0,0,0.004015585603741662,0,0,0,0,0,0,0,0,0,0,0,0.003205888889690423,0,0,0,0,0,0,0,0,0.004817066024675553,0.004294106312218415,0,0,0,0,0.004833082035225807,0,0,0,0,0,0,0,0,0,0,0,0,0,0,0,0.00369071064688056,0,0.005084658598276627,0,0,0,0,0,0,0,0,0,0,0,0,0,0,0,0,0,0,0,0,0,0,0.006511387943492082,0,0,0,0,0,0,0,0,0,0,0,0,0,0,0,0,0,0,0,0,0,0,0,0,0.002834880327044537,0,0,0,0,0,0,0,0,0,0,0,0,0,0,0,0,0,0,0,0,0,0,0,0,0,0,0,0,0,0,0,0,0,0,0,0,0,0,0,0,0,0,0,0,0,0,0,0,0,0,0,0,0,0,0,0,0,0,0,0,0,0,0,0,0,0,0,0,0,0,0,0,0,0,0,0,0,0,0,0,0,0,0,0,0,0,0,0,0,0,0,0,0,0,0,0,0,0,0,0,0,0,0,0,0,0,0,0,0,0,0,0,0,0,0,0,0,0,0,0,0,0,0,0,0,0,0,0,0,0,0,0,0,0,0,0,0,0,0,0,0,0,0,0,0,0,0,0,0,0,0,0,0,0,0,0,0,0,0,0,0,0,0,0,0,0,0,0.003268841803869763,0,0,0,0,0,0,0.005167838065948069,0,0,0,0,0,0,0,0,0,0,0,0,0,0,0,0,0,0,0,0,0,0,0,0,0,0,0,0,0,0,0,0,0,0,0,0,0,0,0,0,0,0,0,0,0,0
0,0,0,0,0,0,0,0,0,0,0,0,0,0,0,0,0,0,0,0,0,0,0,0,0,0.003552712559366549,0,0,0,0,0,0,0,0.003581926629903616,0,0,0,0,0,0,0,0,0,0,0,0,0,0,0,0,0,0,0,0,0,0,0,0,0,0,0,0,0,0,0,0,0,0,0,0,0.003130365099574357,0,0,0,0,0,0,0.002548231699850995,0,0,0,0,0,0,0,0,0,0.00294193207382524,0,0,0,0,0,0,0,0,0,0,0,0,0,0.004509234279115646,0,0,0,0,0,0.002395056141172763,0,0,0,0,0,0,0,0,0,0.003666974156785878,0,0,0,0,0,0,0,0.004521842981044107,0,0,0,0,0,0,0,0,0,0.003205735885262554,0,0,0,0,0,0,0,0,0,0,0,0,0,0,0,0,0,0,0,0,0,0,0,0,0,0,0,0,0,0,0.002909781148372307,0,0,0,0,0,0,0,0,0,0,0,0,0,0,0,0,0,0,0,0,0,0,0.00325584745052416,0,0,0,0.003229937045304516,0,0,0.002938734913883355,0,0,0,0,0,0,0,0,0,0.003072325493674914,0,0,0,0,0,0,0,0.003287361504041531,0,0,0,0,0,0,0,0,0,0,0,0,0,0,0.005216318538328733,0,0,0.003593199666668918,0,0,0,0,0,0,0,0,0,0,0,0.004151005028354018,0,0,0,0,0,0.003107488722273725,0,0.003112526286765603,0,0,0,0,0,0,0,0,0,0,0,0,0,0,0,0,0,0,0,0,0,0,0,0,0,0,0,0,0,0,0,0,0,0,0,0,0,0,0,0,0,0,0,0,0,0,0,0,0,0,0,0,0,0,0,0,0,0,0,0,0,0,0,0,0,0,0,0,0,0,0,0,0,0,0,0,0,0,0,0,0,0,0,0,0,0,0,0,0,0,0,0,0,0,0,0,0,0,0,0,0,0,0,0,0,0,0,0,0.00276230029738342,0,0,0,0,0.002573174058642556,0,0,0,0,0,0,0,0,0,0,0,0,0,0,0,0,0,0,0,0,0,0,0,0,0,0,0,0,0,0,0,0,0,0,0,0,0,0,0,0,0,0,0,0,0,0,0,0,0,0,0,0,0,0,0,0,0,0,0,0.003534105042743959,0
0,0,0,0,0,0,0,0,0,0,0,0,0,0.003145562580726527,0,0,0,0,0,0,0,0,0,0.005788946789058533,0,0,0,0.006989574808603254,0,0,0,0,0.004608096891416159,0,0,0.006987818571500623,0,0,0,0,0,0,0,0,0,0,0,0,0,0.006948144213809135,0,0,0,0,0,0,0,0,0.005217954378877078,0,0,0,0,0,0,0,0,0,0,0,0,0,0,0,0,0,0,0,0.006136032137408561,0,0,0,0.005688105615703353,0.008232876702783392,0,0,0,0,0.005787065448851807,0.005734464337676043,0,0,0,0,0,0,0,0,0,0,0,0,0,0,0,0,0,0,0,0,0,0,0,0,0,0,0,0,0,0,0,0,0,0,0,0,0.006420573586166676,0,0,0,0.006274789047330692,0,0,0,0,0,0,0,0,0,0,0,0,0,0.006144312340926137,0,0,0,0,0,0,0,0,0,0,0,0,0,0,0,0,0,0,0,0,0.00275442718242061,0,0,0,0,0,0,0,0,0,0,0,0,0,0,0,0,0.003072638635539215,0,0,0,0,0,0.002557329316060379,0,0,0,0,0,0,0,0,0,0,0,0,0,0,0,0,0,0,0,0,0,0,0,0,0,0,0,0,0,0,0,0,0,0,0,0,0,0,0,0,0,0,0.007008224292367481,0,0,0,0,0,0,0,0,0,0,0,0,0,0,0,0,0.005402007991250363,0,0,0,0,0,0.005487762121742143,0,0,0,0,0,0,0,0,0,0,0,0,0,0,0,0,0,0,0,0,0,0,0,0,0,0,0,0,0,0,0,0,0,0,0,0,0,0,0,0,0,0,0,0,0,0,0,0,0,0,0,0,0,0,0,0,0,0,0,0,0,0,0,0,0,0,0,0,0,0,0,0,0,0,0,0,0,0,0,0,0,0,0,0,0,0,0,0,0,0,0,0,0,0,0,0,0,0,0,0,0,0,0,0,0,0,0,0.00451638578842862,0.003196333053661161,0,0,0,0,0,0,0,0,0,0,0,0,0,0.006168031817228596,0,0,0.003612870273093345,0,0,0,0,0,0,0,0.002657770034997925,0,0,0,0,0,0,0,0,0,0,0,0,0,0,0,0,0,0,0,0,0,0,0,0,0,0,0,0,0,0,0,0,0,0,0,0,0,0,0
0,0,0,0,0,0,0,0,0,0,0,0,0,0,0,0,0,0,0,0,0,0,0,0,0,0,0,0,0,0,0,0,0,0,0,0,0,0,0,0,0,0,0,0,0.005863098393879187,0,0,0,0,0,0.005262177150409154,0,0,0,0,0.004382380255315736,0,0,0,0,0,0,0,0,0,0,0,0,0,0,0.002715390824619853,0,0,0,0,0,0,0,0,0,0,0,0,0,0,0,0,0.002811794108652242,0,0,0,0,0,0,0.003155382936563705,0,0,0,0,0,0,0,0,0,0,0,0,0,0,0,0,0,0,0,0,0,0,0,0,0,0,0,0,0,0,0.003383622376985448,0,0,0,0,0,0,0,0,0,0.004682064444192809,0,0,0,0,0.003085849395768236,0.00277025857180006,0,0,0,0,0,0,0,0,0,0,0,0,0,0,0.00430318416971031,0,0.004928347566737641,0,0,0,0,0,0,0,0.003224069515873747,0,0,0,0,0,0,0,0,0,0,0,0,0,0,0.005542878494508876,0,0,0,0,0,0,0,0,0,0,0,0,0,0,0,0,0,0,0,0,0,0,0,0,0.003128280131540206,0,0,0,0,0,0,0,0,0,0,0,0,0,0,0,0,0,0,0,0,0,0,0,0,0,0,0,0,0,0,0,0,0,0,0,0,0,0,0,0,0,0,0,0,0,0,0,0,0,0,0,0,0,0,0,0,0,0,0,0,0,0,0,0,0,0,0,0,0,0,0,0,0,0,0,0,0,0,0,0,0,0,0,0,0,0,0,0,0,0,0,0,0,0,0,0,0,0,0,0,0,0,0,0,0,0,0,0,0,0,0,0,0,0,0,0,0,0,0,0,0,0,0,0,0,0,0,0,0,0,0,0,0,0,0,0,0,0,0,0,0,0,0,0,0,0,0,0,0,0,0,0,0,0,0,0,0,0,0,0,0,0,0,0,0,0,0,0,0,0,0,0,0,0,0.005259896988852443,0,0,0,0,0,0,0,0,0,0,0,0,0,0,0,0,0,0,0,0,0,0,0,0,0,0,0,0,0,0,0,0,0,0,0,0,0,0,0,0,0,0,0,0,0,0
0,0,0,0,0,0,0,0,0,0,0,0,0,0,0,0,0,0,0,0,0,0,0,0,0,0,0,0,0,0.00413982851098307,0,0,0,0,0,0,0,0.00611624061983383,0,0,0,0,0,0,0,0,0,0,0,0,0.005613494811138956,0.005293268424930765,0,0.005123572578277022,0.006395607998396611,0,0.006431150870290588,0.007256323517595871,0,0,0,0,0,0.005141159471444419,0,0,0,0,0,0,0,0,0,0,0,0,0,0,0,0,0,0,0,0,0,0,0,0,0,0,0,0,0,0,0,0,0,0,0,0,0,0,0.004513974654886125,0.004497350658512519,0,0,0,0,0,0,0,0,0.007065774875790619,0.005039850272214077,0,0,0,0,0,0,0,0,0,0,0,0,0,0.006981451886302812,0,0,0,0,0,0,0.005775462600021726,0,0.00759482608139085,0,0,0,0.004898731056218019,0,0,0,0,0,0,0,0,0,0,0,0,0,0,0,0,0,0.005071745197355796,0,0.005292298345544686,0,0,0,0,0,0,0,0,0,0,0,0,0,0,0,0,0,0,0,0,0,0,0,0,0,0,0,0,0,0,0,0,0,0,0,0,0,0,0,0,0.006709321546810757,0,0,0,0,0,0,0,0,0,0,0,0,0,0,0.005045445873111393,0,0,0,0,0,0,0,0,0,0,0,0,0,0,0,0,0,0,0,0,0,0,0,0,0,0,0,0,0,0,0,0,0.00659279169110047,0,0.005949101452245647,0,0.004554653234813921,0,0,0,0,0.003740027035141102,0,0,0,0,0,0,0,0,0,0,0,0,0,0,0,0,0,0,0,0,0,0,0,0,0,0,0,0,0.006429485593982659,0,0,0,0,0,0,0,0,0,0,0,0,0,0,0,0,0,0,0,0,0,0,0,0,0,0,0,0,0,0,0,0,0,0,0,0,0,0,0,0,0,0,0,0,0,0,0,0,0,0,0,0,0,0,0,0,0,0,0,0,0.004306381243597236,0,0,0,0,0,0,0,0,0,0,0,0,0,0,0,0,0,0,0,0,0,0,0,0,0,0.00411088790763334,0,0,0,0,0,0,0.005607840516477345,0,0,0,0,0,0,0,0,0,0,0,0,0,0,0,0,0,0,0,0,0,0,0,0,0,0,0,0,0,0,0,0,0,0,0,0,0,0,0,0,0,0,0,0,0,0
0,0,0,0,0,0,0,0,0,0,0,0,0,0,0,0,0,0,0,0,0,0,0,0.007782470703605424,0,0,0,0.007260216183016643,0,0,0,0,0.004398096682510684,0,0.004551248711975798,0.01106986998158867,0,0,0,0,0,0,0,0,0,0,0.006948144213809135,0,0,0,0,0,0,0,0,0,0,0,0,0,0,0,0,0,0,0,0,0,0,0,0,0,0,0,0,0,0,0,0.006376776223240094,0,0,0,0.005222239089934465,0.006681531985536663,0,0,0,0,0.005520317747458949,0.005266322057307963,0,0,0,0,0,0,0,0,0,0,0,0,0,0.004322550844320035,0,0,0,0,0,0.00424223677671097,0,0,0,0,0,0,0,0,0,0,0,0.004243724095160472,0,0,0,0,0.005103600434049491,0,0,0,0.006682775571935378,0,0,0,0,0,0,0,0,0,0,0,0,0,0.006079691194530869,0.004229028256176728,0,0,0,0,0,0,0,0,0,0,0,0,0,0,0,0,0,0,0,0,0,0,0,0,0,0,0,0,0,0,0,0,0,0,0,0,0,0,0,0,0,0,0,0,0,0,0,0,0,0,0,0,0,0,0,0,0,0,0,0,0,0,0,0,0,0,0,0,0,0,0,0,0,0,0,0,0,0,0,0,0,0,0,0,0,0.006661542656954412,0,0,0,0,0,0,0,0,0,0,0.005810022933264399,0,0,0,0,0,0.004932241023604129,0,0,0,0,0.004280771279842208,0.009265896414274579,0,0,0,0,0,0,0,0,0,0,0,0,0,0,0,0,0,0,0,0,0,0,0,0,0,0,0,0,0,0,0,0,0,0,0,0,0,0,0,0,0,0,0,0,0,0,0,0,0,0,0,0,0,0,0,0,0,0,0,0,0,0,0,0,0,0,0,0,0,0,0,0,0,0,0,0,0,0,0,0,0,0,0,0,0,0,0,0,0,0,0,0,0,0,0,0,0,0,0,0.004184879042582135,0,0,0,0,0,0,0,0.004339188603179701,0,0,0,0,0,0,0,0,0,0,0,0,0.004214067006251497,0,0.006258978088134245,0,0,0,0,0,0,0,0,0,0,0,0,0,0,0,0,0,0,0,0,0,0,0,0,0,0,0,0,0,0,0,0,0,0,0,0,0,0,0,0,0,0,0,0,0,0,0,0,0,0
0,0,0.00583142158450721,0,0,0,0,0,0,0,0,0,0,0,0,0,0,0,0.005319243804101236,0,0,0,0,0,0,0,0,0,0,0,0,0,0,0,0,0,0,0,0,0,0,0,0,0,0.005169865689701924,0,0,0.005262177150409154,0.005613494811138956,0,0,0,0,0,0,0.003673685515110294,0,0.00830341481073708,0,0,0,0,0,0,0,0,0,0,0,0,0,0,0,0,0,0,0,0,0.005307150716337922,0,0,0,0,0,0,0,0,0,0,0,0,0,0,0,0.003728783495034735,0,0,0,0,0,0,0,0,0,0,0,0,0,0,0,0,0,0.008253271240542908,0,0,0,0,0,0,0,0,0,0,0,0,0,0,0,0,0,0,0,0,0,0.005169670828980944,0.003989672845903674,0.007128706929049194,0,0.005314087928625831,0,0,0,0.005480057194934137,0.004501937302042168,0,0,0,0,0.004048858271806146,0,0,0,0,0,0,0,0.003631026052745066,0,0.005770717891568461,0,0,0,0,0,0,0,0,0.005240138696447724,0.005314223784386592,0,0,0,0,0,0,0,0,0,0,0,0,0.005159620028747031,0,0,0,0,0,0,0,0,0,0,0,0,0,0,0,0,0,0,0,0,0,0,0,0,0,0.005355133292382508,0,0,0,0,0,0,0,0,0,0,0,0,0,0,0,0,0,0,0,0,0,0,0,0,0,0,0,0,0,0.005156946369866776,0,0,0,0,0,0,0,0,0,0,0,0,0,0,0,0,0,0,0,0,0,0.005179156464696524,0,0,0,0,0,0,0,0,0,0,0,0,0,0,0,0,0,0,0,0,0,0,0,0,0,0,0,0,0,0,0,0,0,0,0,0,0,0,0,0,0,0,0,0,0,0,0,0,0,0,0,0,0,0,0,0,0,0,0,0,0,0,0,0,0,0,0,0,0,0,0,0,0,0,0,0,0,0,0,0,0,0,0,0,0,0,0,0,0,0,0,0,0,0,0,0,0,0,0,0.003825802576917803,0,0,0,0,0,0,0,0,0,0,0,0,0,0,0,0,0,0.005326909912741384,0,0,0,0.009705332459154449,0,0,0,0,0,0,0,0,0,0,0,0,0,0,0,0,0,0,0,0,0,0,0,0,0,0,0,0,0,0,0,0,0,0,0,0,0,0,0,0,0,0,0,0,0,0
0,0,0,0,0,0,0,0.005547678281151183,0.005184918756989606,0,0,0,0,0,0,0,0,0,0,0,0,0,0,0,0,0,0,0,0.004681996625870879,0,0,0,0,0,0,0,0,0.004293814496926934,0,0,0,0.004037383924315075,0.004400143671511848,0,0,0,0,0,0.005293268424930765,0,0,0,0,0,0.007895696193255308,0,0.007732649638930745,0,0.005076754290193899,0,0,0,0,0.003537426351602414,0,0,0,0.004997754603715893,0,0,0,0,0,0,0.005204072161121412,0,0,0,0,0,0,0,0,0,0,0,0,0,0,0,0,0,0,0,0,0,0,0,0,0,0,0,0,0,0,0,0,0,0,0,0,0,0,0,0,0,0,0,0,0,0,0,0,0,0,0,0,0.007681909969024485,0,0,0,0,0,0,0.007739462986995566,0,0,0,0,0,0,0,0,0,0,0,0.004980023301419405,0,0,0.005721257970739947,0,0.006030514466810138,0,0,0,0,0,0,0.007504939881015837,0,0,0,0,0,0,0,0,0,0,0,0,0,0,0,0,0,0,0,0,0,0,0,0,0,0,0,0,0,0,0,0,0,0,0,0,0,0,0,0,0,0,0.006296110194179302,0,0,0,0,0,0,0,0,0,0,0,0,0,0,0,0,0,0,0,0,0,0,0,0,0,0,0,0,0,0,0,0,0,0,0,0,0,0,0,0.004792117962847347,0,0,0,0,0,0,0,0.006529424459926105,0,0.004118291357613658,0,0,0,0,0,0,0,0,0,0,0,0,0,0,0,0.005871227781822861,0,0,0,0,0,0,0,0,0,0,0,0,0,0,0,0,0,0,0,0.00773309196549315,0,0,0,0,0,0,0,0,0,0,0,0,0,0,0,0,0,0,0,0,0,0,0,0,0,0,0,0,0,0,0,0,0,0,0,0,0,0,0,0,0,0,0,0,0,0,0,0,0,0,0,0,0,0,0,0,0,0,0,0,0.006191721685561069,0,0,0,0,0,0,0,0,0,0,0,0,0,0,0,0,0,0,0,0,0,0,0,0,0,0,0,0,0,0,0,0,0,0,0,0,0,0,0,0,0,0,0,0,0,0,0,0,0,0,0,0,0,0,0,0,0,0,0,0,0,0,0,0,0,0,0,0,0,0,0,0,0,0,0,0,0,0,0
0,0,0,0,0,0,0,0,0,0,0,0,0,0,0,0,0,0.003988632356800845,0,0.003823507656347897,0,0,0,0,0,0,0.005053014120641678,0,0,0,0,0,0,0,0,0,0,0,0,0,0,0,0.004023646579736787,0.004028552588922978,0,0,0,0,0,0,0,0,0,0,0,0,0,0,0,0,0,0,0,0,0.003684512292197693,0,0,0,0,0,0,0,0,0.004548040968921383,0,0,0,0,0,0,0.004781919175826915,0,0,0,0,0.003887212475981978,0,0,0,0,0,0.003906331438429633,0.003843619332553971,0,0,0,0,0,0,0,0.004159293696876271,0,0,0,0,0,0,0,0,0,0,0.00371879051560327,0,0,0,0,0,0,0,0,0,0,0,0,0,0,0,0,0,0,0,0,0,0,0,0,0,0.003759825886970105,0,0,0,0,0,0,0,0,0,0,0,0,0,0,0,0,0.004092652441543963,0,0,0,0,0,0,0,0,0,0.003715849117237743,0,0,0,0,0,0,0,0,0,0,0,0,0,0.003115627018776222,0,0,0,0,0,0,0,0.003725482316756776,0,0,0,0,0,0,0,0.00486566780335876,0,0,0,0,0.003422184303660393,0,0,0,0,0,0,0,0,0,0,0,0,0,0,0,0,0,0,0,0.005663200923497773,0,0,0,0,0,0,0,0,0,0,0.003508489564057447,0,0,0,0,0,0,0,0,0,0,0,0,0,0,0,0,0,0,0,0,0,0,0,0,0,0,0,0,0,0,0.004780136650369996,0,0,0,0,0,0,0,0,0,0,0,0,0,0,0,0,0,0,0,0.004662063100247782,0,0.004694465293474623,0,0,0,0,0,0,0,0,0,0,0,0,0,0,0,0,0,0,0,0,0,0,0,0,0,0,0,0,0,0,0,0,0,0,0,0,0,0,0,0,0,0,0,0,0,0,0,0,0,0,0,0,0,0,0,0,0,0,0,0,0,0,0,0,0,0,0,0,0,0,0,0.003638638010187577,0,0,0,0,0,0,0,0,0,0,0,0,0,0,0,0,0,0.00381302581837245,0,0,0,0,0,0,0,0,0,0,0,0,0,0,0,0,0,0,0,0,0,0,0,0,0,0,0,0,0,0,0,0,0,0,0,0,0,0,0,0,0,0,0,0,0,0,0,0,0,0,0,0,0,0
0,0,0,0,0,0,0,0,0,0,0,0,0,0,0,0,0,0,0,0,0,0,0,0,0,0,0,0,0,0.00528400908089862,0,0,0,0,0,0,0,0.005293907083024652,0,0,0,0,0,0,0.003920361295892769,0,0,0,0.005123572578277022,0,0,0,0,0,0.004503522249636252,0,0.004511419901409406,0,0,0,0,0,0,0.005332371977929222,0,0,0,0,0,0,0,0,0,0,0,0,0,0,0,0,0,0,0,0,0,0,0,0,0,0,0,0,0,0,0,0,0,0,0,0,0,0,0.005712322100875399,0.005041180454779155,0,0,0,0,0,0,0,0.003030768516731249,0,0.00555063296910544,0,0,0,0,0,0,0,0,0,0,0,0,0,0.005423642949434856,0,0,0,0,0,0.005141631257574063,0,0,0.004957906014610697,0,0,0,0.005587906290246701,0,0,0,0,0,0,0,0,0,0,0,0,0,0,0,0,0,0,0,0.005410440806386269,0,0,0,0,0,0,0,0,0,0,0,0,0,0,0,0,0,0,0,0,0.003919540297850297,0,0,0,0,0,0,0,0,0,0,0,0,0,0,0,0,0,0,0,0.005215627941839966,0,0,0,0,0,0,0,0,0,0,0,0,0,0,0.004896864416113592,0,0,0,0,0,0,0,0,0,0,0,0,0,0,0,0,0,0,0,0,0,0,0,0,0,0,0,0,0,0,0,0,0.005512490216418069,0,0.005515657698955579,0,0.005034362459661186,0,0,0,0,0.004761493013644164,0,0,0,0,0,0,0,0,0,0,0,0,0,0,0,0,0,0,0,0,0,0,0,0,0,0,0,0,0.004508705311277904,0,0,0,0,0,0,0,0,0,0,0,0,0,0,0,0,0,0,0,0,0,0,0,0,0,0,0,0,0,0,0,0,0,0,0,0,0,0,0,0,0,0,0,0,0,0,0,0,0,0,0,0,0,0,0,0,0,0,0,0,0,0,0,0,0,0,0,0,0,0,0,0,0,0,0,0,0,0,0,0,0,0,0,0,0,0,0.004527059585818545,0,0,0,0,0,0,0,0,0,0,0,0,0,0,0,0,0,0,0,0,0,0,0,0,0,0,0,0,0,0,0,0,0,0,0,0,0,0,0,0,0,0,0,0,0,0,0,0,0,0,0,0,0
0,0,0,0,0,0,0,0.00580392056674329,0.0050596582233571,0,0,0,0,0,0,0,0,0,0,0,0,0,0,0,0,0,0,0,0.005246713692110362,0,0,0,0,0,0,0,0,0.006251882437092479,0,0,0,0,0,0,0,0,0,0,0.006395607998396611,0,0,0.007895696193255308,0,0.004503522249636252,0,0,0.009131387276709715,0.004955171311007587,0.005299234375924668,0,0,0,0,0.005030389259410293,0,0,0,0.005198863751502858,0,0,0,0,0,0,0.00590986730058601,0,0,0,0,0,0,0,0,0,0,0,0,0,0,0,0,0,0,0,0,0,0,0,0,0,0,0,0,0,0,0,0,0,0,0,0,0,0.004847390670547074,0.00452436274606818,0,0,0,0,0,0,0,0,0,0,0,0,0,0.009037411283706765,0,0,0,0,0,0,0.008642041390404049,0,0.004716664664421673,0,0,0,0,0,0,0,0,0,0.005186510648762148,0,0,0.006174320162888511,0,0.00536296045110686,0,0,0,0,0,0,0.007757999937121311,0,0,0,0,0,0,0,0,0,0,0,0,0,0,0,0,0,0,0,0,0,0,0,0,0,0,0,0,0,0,0,0,0,0,0,0,0,0,0,0,0,0,0.008008850205658179,0,0,0,0,0,0,0,0,0,0,0,0,0,0,0.004493412461913692,0,0,0,0,0,0,0,0,0,0,0,0,0,0,0,0,0,0,0,0,0,0,0,0,0.005126162348305282,0,0,0,0,0,0,0,0.00804043819915019,0,0.005998363939671196,0,0,0,0,0,0,0,0,0,0,0,0,0,0,0,0.005369272615484096,0,0,0,0,0,0,0,0,0,0,0,0,0,0,0,0,0,0,0,0.009131152329192881,0,0,0,0,0,0,0,0,0,0,0,0,0,0,0,0,0,0,0,0,0,0,0,0,0,0,0,0,0,0,0,0,0,0,0,0,0,0,0,0,0,0,0,0,0,0,0,0,0,0,0,0,0,0,0,0,0,0,0,0,0.006296425048123092,0,0,0,0,0,0,0,0,0,0,0,0,0,0,0,0,0,0,0,0,0,0,0,0,0,0,0,0,0,0,0,0,0,0,0,0,0,0,0,0,0,0,0,0,0,0,0,0,0,0,0,0,0,0,0,0,0,0,0,0,0,0,0,0,0,0,0,0,0,0,0,0,0,0,0,0,0,0,0
0,0,0,0,0,0,0,0,0,0,0,0,0,0,0,0,0,0,0,0,0,0,0,0,0,0,0,0,0,0,0,0,0,0.002796220524323395,0.004779277691776395,0,0,0,0,0,0,0,0,0,0.00305666660409593,0,0,0.004382380255315736,0,0,0.003673685515110294,0,0,0,0,0,0,0,0,0,0,0,0,0,0,0,0,0,0,0,0.003441008746403366,0,0,0,0,0,0,0,0,0,0,0.003656366326965561,0,0,0,0,0,0.002938789760122714,0,0,0,0,0,0,0.003740515063298928,0,0,0,0,0,0,0,0,0,0,0,0,0,0,0.005102317477523062,0.003376827927728057,0,0,0,0,0,0,0,0,0,0,0.004410777645609795,0,0,0,0.004129661225219608,0,0,0,0,0,0,0,0,0,0.004472822239000883,0,0,0,0,0,0,0,0,0,0,0,0,0,0.003639919970092437,0,0,0,0,0,0,0.004989413834648571,0,0,0,0,0,0,0,0,0,0.002930601306763649,0,0,0,0,0,0,0,0,0,0,0,0,0,0,0.003064326894302883,0,0,0,0,0,0,0,0,0,0,0,0,0,0,0,0,0,0,0,0,0,0,0,0,0.003664105694914514,0,0.004017310304817377,0.0036757341890654,0,0,0,0,0,0,0,0,0,0,0,0,0,0,0,0,0,0,0,0,0,0,0,0,0,0,0,0,0.003738333621415724,0,0,0,0,0,0.002811005248792158,0,0,0,0,0,0.002882872921555671,0,0,0,0,0,0,0,0,0,0.005327024782098479,0,0,0,0,0,0,0,0,0,0,0,0,0,0,0,0,0,0,0,0,0,0,0,0,0,0,0,0,0,0,0,0,0,0,0,0,0,0,0,0,0,0,0,0,0,0,0,0,0,0,0,0,0,0,0,0,0,0,0,0,0,0,0,0,0,0,0,0,0,0,0,0,0,0,0,0,0,0,0,0,0,0,0,0,0,0,0,0,0,0,0,0,0,0,0,0,0,0,0,0,0,0,0,0,0,0,0,0,0,0,0,0,0,0,0.005106072705355791,0,0,0,0,0,0.003671116141842069,0,0,0,0,0,0,0,0,0,0,0,0,0,0,0,0,0,0,0,0,0,0,0,0,0,0,0,0,0,0,0,0,0,0,0,0,0,0,0,0,0,0,0,0,0,0
0,0,0,0,0,0,0,0.005793758085323702,0.005051034331615555,0,0,0,0,0,0,0,0,0,0,0,0,0,0,0,0,0,0,0,0.005245078757870445,0,0,0,0,0,0,0,0,0.006232175493543897,0,0,0,0,0,0,0,0,0,0,0.006431150870290588,0,0,0.007732649638930745,0,0.004511419901409406,0.009131387276709715,0,0,0.004658125540521911,0.005287212574278922,0,0,0,0,0.005041119141058214,0,0,0,0.00518616409466508,0,0,0,0,0,0,0.006360248237524858,0,0,0,0,0,0,0,0,0,0,0,0,0,0,0,0,0,0,0,0,0,0,0,0,0,0,0,0,0,0,0,0,0,0,0,0,0,0.004549037649878383,0.004541246263093579,0,0,0,0,0,0,0,0,0,0,0,0,0,0.009081589648221557,0,0,0,0,0,0,0.008215445476750818,0,0.004732766735393348,0,0,0,0,0,0,0,0,0,0.005185398509380788,0,0,0.006311524139489278,0,0.005503606617500555,0,0,0,0,0,0,0.007544966699846313,0,0,0,0,0,0,0,0,0,0,0,0,0,0,0,0,0,0,0,0,0,0,0,0,0,0,0,0,0,0,0,0,0,0,0,0,0,0,0,0,0,0,0.008037803855195289,0,0,0,0,0,0,0,0,0,0,0,0,0,0,0.00451398998337939,0,0,0,0,0,0,0,0,0,0,0,0,0,0,0,0,0,0,0,0,0,0,0,0,0.00512240274392133,0,0,0,0,0,0,0,0.008183227164388181,0,0.005978094829632283,0,0,0,0,0,0,0,0,0,0,0,0,0,0,0,0.005137043124866748,0,0,0,0,0,0,0,0,0,0,0,0,0,0,0,0,0,0,0,0.00963170402742885,0,0,0,0,0,0,0,0,0,0,0,0,0,0,0,0,0,0,0,0,0,0,0,0,0,0,0,0,0,0,0,0,0,0,0,0,0,0,0,0,0,0,0,0,0,0,0,0,0,0,0,0,0,0,0,0,0,0,0,0,0.006402961886641259,0,0,0,0,0,0,0,0,0,0,0,0,0,0,0,0,0,0,0,0,0,0,0,0,0,0,0,0,0,0,0,0,0,0,0,0,0,0,0,0,0,0,0,0,0,0,0,0,0,0,0,0,0,0,0,0,0,0,0,0,0,0,0,0,0,0,0,0,0,0,0,0,0,0,0,0,0,0,0
0,0,0.006144716243132606,0,0,0,0,0,0,0,0,0,0,0,0,0,0,0,0.005190423352474471,0,0,0,0,0,0,0,0,0,0,0,0,0,0,0,0,0,0,0.004603611437798977,0,0,0,0,0,0,0,0,0,0,0.007256323517595871,0,0.00830341481073708,0,0,0,0.004955171311007587,0,0.004658125540521911,0,0,0,0,0,0,0.0046897774179515,0,0,0,0,0,0,0,0,0,0,0,0,0,0,0.00522275195159588,0,0,0,0,0,0,0,0,0,0,0,0,0,0,0,0,0,0,0,0,0,0,0,0,0,0,0,0,0,0,0,0,0,0.009282336414886724,0.004369085813581969,0,0,0,0,0,0,0,0,0,0,0,0,0,0,0,0,0,0,0,0,0.004837695894944065,0,0.008543406687942706,0,0.005636922752193543,0,0,0,0.005751619351976892,0.004761810205772845,0,0,0,0,0,0,0,0,0,0,0,0,0,0,0,0,0.00478247342599963,0,0,0,0,0,0,0.005129046589083206,0.005185893337083794,0,0,0,0,0,0,0,0,0,0,0,0,0,0,0,0,0,0,0,0,0,0,0,0,0,0,0,0,0,0,0,0,0,0,0,0,0,0,0.005251307997077409,0,0,0,0,0,0,0,0,0.004465150218265159,0,0,0,0,0,0,0,0,0,0,0,0,0,0,0,0,0,0,0,0,0.005072046658559303,0,0,0,0,0,0,0,0,0,0,0,0,0,0.004652046131334129,0,0,0,0,0,0,0,0.005090477804519582,0,0,0,0,0,0,0,0,0,0,0,0,0,0,0,0,0,0,0,0,0,0,0,0,0,0,0,0.004655054392277277,0,0,0,0,0,0,0,0,0,0,0,0,0,0,0,0,0,0,0,0,0,0,0,0,0,0,0,0,0,0,0,0,0,0,0,0,0,0,0,0,0,0,0,0,0,0,0,0,0,0,0,0,0,0,0,0,0,0,0,0,0,0,0,0,0,0,0,0,0,0,0,0.004433444007397072,0,0,0,0,0,0,0,0,0,0,0,0,0,0,0,0,0,0.005235659254845159,0,0,0,0.008293822420459295,0,0,0,0,0,0,0,0,0,0,0,0,0,0,0,0,0,0,0,0,0,0,0,0,0,0,0,0,0,0,0,0,0,0,0,0,0,0,0,0,0,0,0,0,0,0
0,0,0,0,0,0,0,0.01141814628325306,0.01066933810587852,0,0,0,0,0.005844324826949009,0,0,0,0,0,0,0,0,0,0,0,0,0,0.005116265009529929,0,0,0,0,0.009524748477242278,0,0,0.004949768366442358,0,0,0,0,0,0,0,0,0,0,0.005217954378877078,0,0,0,0,0.005076754290193899,0,0,0.005299234375924668,0,0.005287212574278922,0,0,0,0,0,0,0,0,0,0,0.005256875899006537,0,0,0,0,0,0,0.005245223093629641,0,0,0,0,0,0,0,0.005514970893054543,0.008489794368463243,0,0,0,0,0.00565194017288518,0.006102391512884964,0,0,0,0,0,0,0,0,0,0,0,0,0,0,0,0,0,0,0,0,0,0,0,0,0,0,0,0,0,0,0,0,0,0,0,0,0,0.005231862843497304,0,0,0,0,0,0,0,0,0,0,0,0,0,0,0,0,0,0,0.005185519022368499,0,0,0.005285220763326125,0,0.005161200455259169,0,0,0,0,0,0,0,0,0,0,0,0,0,0,0,0,0,0,0,0,0,0,0,0,0,0,0,0,0,0,0.005888727615371989,0,0,0,0,0,0.005092054204816256,0,0,0,0,0,0,0,0,0,0,0,0,0,0,0,0,0,0,0,0,0,0,0,0,0,0,0,0,0,0,0,0,0,0,0,0,0,0,0,0,0,0,0,0,0,0,0,0,0,0,0,0,0.005413940059551758,0,0,0,0,0,0,0.006208920453269487,0.005033365353421203,0,0,0,0,0,0,0,0,0,0,0,0,0,0,0,0,0,0.005153090112819092,0,0,0,0,0,0,0,0,0,0,0,0,0,0,0,0,0,0,0,0.00529004279235877,0,0,0,0,0,0,0,0,0,0,0,0,0,0,0,0,0,0,0,0,0,0,0,0,0,0,0,0,0,0,0,0,0,0,0,0,0,0,0,0,0,0,0,0,0,0,0,0,0,0,0,0,0,0,0,0,0,0,0,0,0.005351038506185809,0,0,0,0,0,0,0,0,0,0,0,0,0,0,0,0,0,0,0,0,0,0.006255010178108952,0,0,0,0,0,0,0.005227715234839692,0,0,0,0,0,0,0,0,0,0,0,0,0,0,0,0,0,0,0,0,0,0,0,0,0,0,0,0,0,0,0,0,0,0,0,0,0,0,0,0,0,0,0,0,0,0,0,0,0,0
0,0,0.005011799136062449,0,0,0,0,0,0,0,0,0,0,0,0,0,0,0,0,0,0,0,0,0,0,0,0,0,0,0,0,0,0,0,0,0,0,0,0,0,0,0.003434223646793031,0,0,0,0,0,0,0,0,0,0,0,0,0,0,0,0,0,0,0,0,0.004310075473433178,0,0,0,0,0,0,0,0,0,0,0,0,0,0,0,0,0.005396214533654424,0,0,0,0,0,0,0,0,0,0,0,0,0,0,0,0,0,0,0,0,0.004394167707841408,0,0,0,0,0,0,0,0,0,0,0,0,0,0,0,0,0,0,0,0,0,0,0,0,0,0,0,0,0,0,0.005954321712214024,0,0,0,0,0,0,0.00456691097688735,0,0,0,0.003414764112268531,0.006583474945814074,0,0.004085755102994465,0,0,0,0,0,0,0,0,0,0,0,0,0,0,0,0,0,0,0.005020798663269438,0,0,0,0,0,0,0,0,0.003831179504367201,0,0,0,0,0.005445871791397634,0,0,0,0,0,0,0,0,0,0,0,0.005415825482235685,0,0,0,0,0,0,0,0,0,0,0,0,0,0,0,0,0,0,0,0,0.003983992597901512,0,0,0,0,0,0,0,0,0,0,0,0,0,0,0,0,0,0,0,0,0,0,0,0,0,0,0,0,0,0,0,0,0,0,0,0,0,0,0,0,0,0,0,0,0.006924472697653406,0,0,0.006260350334240793,0,0,0,0.005557550235547709,0,0,0,0,0,0,0,0,0,0,0,0,0,0,0,0,0,0,0,0,0,0,0,0,0,0,0,0,0,0,0,0,0,0,0,0,0,0,0,0,0,0,0,0,0,0,0,0,0,0,0,0,0,0,0,0,0,0,0,0,0,0,0,0,0,0,0,0,0,0,0,0,0,0,0,0,0,0,0,0,0,0,0,0,0,0,0,0,0,0,0,0,0,0,0,0.005207622118083136,0,0,0,0,0,0.002883218465162487,0,0,0,0,0,0,0,0,0,0,0.003350379047434907,0,0,0,0.004838809183367279,0,0,0,0,0,0,0,0,0,0,0,0,0,0,0,0,0,0,0,0,0,0,0,0,0,0,0,0,0,0.003084484834083949,0,0,0,0,0,0,0,0,0,0,0,0,0,0,0,0,0
0,0,0,0,0.004265042364445005,0,0,0,0,0,0,0.004413726642733016,0,0,0,0,0,0,0.004361861674571927,0,0,0,0,0,0,0,0,0,0,0,0,0,0,0,0,0,0,0,0,0,0,0,0,0,0,0,0,0,0,0,0,0,0,0,0,0,0,0,0,0,0,0.003190682259670452,0,0,0,0.005747493001532545,0,0,0,0,0,0,0,0,0,0,0,0,0,0,0,0,0,0,0,0,0,0,0,0,0,0,0,0,0,0,0,0,0,0,0,0,0,0,0,0,0,0,0,0,0,0,0,0,0,0,0,0,0,0,0,0,0,0,0.004609385611784197,0,0,0,0,0,0,0,0.007728077207065523,0,0,0,0,0,0,0,0,0,0,0,0,0,0.005570507298844364,0,0.007142788185454427,0,0,0,0.004607611829057067,0,0,0,0,0,0,0,0,0,0,0,0,0,0,0.006395775319573607,0.004579291547292719,0,0.006538270929624808,0,0,0,0,0,0,0,0,0,0,0,0,0,0,0,0,0,0,0,0,0,0,0,0,0,0,0,0,0,0,0,0,0,0,0,0,0,0,0,0,0,0,0,0,0,0,0,0,0,0,0.004925559512029495,0,0,0,0.004148821187558306,0.004635647669718104,0.00492720248426705,0.005228441515442822,0,0,0,0,0,0,0,0,0,0,0,0,0,0,0,0,0,0.005757109830842841,0,0,0,0,0,0,0,0,0.004078044646304388,0,0,0,0,0,0,0,0,0.0040751966486758,0.004737595455064129,0.003784072537475091,0,0,0,0,0,0,0,0,0,0,0,0,0,0,0,0,0,0,0,0,0,0,0,0,0,0,0,0,0,0,0,0,0,0,0,0,0,0,0,0,0,0,0,0,0,0,0,0,0,0,0,0,0,0,0,0,0,0,0,0,0,0,0,0,0,0,0,0,0,0,0,0.004353797427030444,0,0,0,0,0,0,0,0,0,0,0,0,0,0,0,0,0,0,0,0,0,0,0,0,0,0,0,0,0,0,0,0,0,0,0,0,0,0,0,0.005328932458586335,0,0,0,0,0.005589795798897214,0,0,0,0,0,0,0,0,0,0,0,0,0,0,0,0,0,0,0,0,0,0,0,0,0,0,0,0,0,0,0,0,0,0.005478652380980253,0,0.005530736162587316,0,0,0,0,0,0,0,0
0,0,0,0,0.004073869886322971,0.004455447723233173,0,0,0,0,0,0,0.004622005105730015,0,0.004832311328186669,0,0,0,0.003558657043661774,0,0,0.004762374233529014,0,0,0.004591427990377046,0.003387354852160962,0,0,0.00374288489890655,0,0,0,0,0.003075302985642279,0,0,0,0,0,0,0,0,0,0,0,0,0,0,0,0,0,0,0,0,0,0,0,0,0,0,0.003190682259670452,0,0,0,0,0,0,0,0.004434316158004183,0,0.003356839509790687,0,0,0,0,0,0.004517210740414201,0,0,0,0,0,0,0,0,0,0,0,0,0,0,0,0,0,0,0,0,0,0,0,0,0,0,0,0,0,0,0,0,0,0,0,0,0,0,0,0,0.003844768542354363,0,0,0,0,0,0,0,0,0,0,0,0,0,0,0,0,0,0,0,0,0,0,0,0,0,0,0,0,0,0,0,0,0,0,0,0,0,0,0,0,0,0,0,0,0,0,0,0,0,0,0.003556224264918563,0,0,0,0,0,0,0,0,0,0,0,0,0,0,0,0,0,0,0,0,0,0,0,0,0,0,0,0,0,0,0,0,0,0,0,0,0,0,0,0,0,0,0,0,0,0,0,0,0,0,0,0,0,0,0,0,0,0,0,0,0,0,0,0,0,0,0,0,0,0,0,0,0,0,0,0.003484689216351993,0,0,0,0,0,0,0,0,0,0,0,0,0,0,0,0,0,0,0,0,0,0,0,0,0,0,0,0,0,0,0,0,0,0,0,0,0,0,0,0,0,0,0,0,0,0,0,0,0,0,0,0,0,0,0,0,0,0,0,0,0,0,0,0,0,0,0,0,0,0,0,0,0,0,0,0,0,0,0,0,0,0,0,0,0,0,0,0,0,0,0,0,0,0,0,0,0,0,0,0,0,0,0,0,0,0,0,0,0,0,0,0,0,0,0,0,0,0,0,0,0,0,0,0,0,0,0,0,0,0,0,0,0,0.004069218579365312,0,0,0,0,0.003898133537348027,0,0,0,0,0,0,0,0,0,0,0,0,0,0,0,0,0,0,0,0,0,0,0,0,0,0,0,0,0,0,0,0,0,0,0,0,0,0,0,0,0,0,0,0
0,0,0.003606122429662567,0,0,0,0,0,0,0,0,0,0,0,0,0,0,0,0,0,0,0,0,0,0,0,0.003174783682972678,0,0,0,0,0,0,0,0,0,0,0,0,0,0,0,0,0,0,0,0,0,0,0,0,0,0,0,0,0,0,0,0,0.004310075473433178,0,0,0,0,0,0,0,0,0,0,0,0,0,0,0,0,0,0,0,0,0,0,0,0,0,0,0,0,0,0,0,0.003096704367730306,0,0,0,0,0,0,0,0,0.003345764325088872,0,0,0,0,0,0,0,0,0,0,0,0,0,0.005582436445362719,0,0,0,0,0,0,0,0,0,0,0,0,0,0,0,0,0.003844656748351666,0,0,0,0,0,0.003544123571435733,0.004915473570292261,0,0,0,0.003409746309078185,0,0,0,0,0,0,0,0,0.005034067253562074,0,0,0,0,0,0,0,0,0,0,0,0,0.003729250282692441,0,0,0,0,0,0,0,0,0.00582197754082284,0,0,0,0,0.003349200637648536,0,0,0,0,0,0,0,0.00365531750248948,0,0,0,0,0,0,0,0,0,0,0,0,0,0,0,0,0,0,0,0,0,0,0,0,0.00476702777166779,0,0,0,0,0,0,0,0,0,0,0,0,0,0,0,0,0,0,0,0,0,0,0,0,0,0,0,0,0,0,0,0,0,0,0,0,0,0,0,0,0,0,0,0,0.00405115810640655,0,0,0,0,0,0,0.003154577220106834,0,0,0,0.003833483500685248,0,0,0,0,0,0,0,0,0,0,0,0,0,0,0,0,0,0,0,0,0,0,0,0,0,0,0,0,0,0,0,0,0,0,0,0,0,0,0,0,0,0,0,0,0,0,0,0,0,0,0,0,0,0,0,0,0,0,0,0,0,0,0,0,0,0,0,0,0,0,0,0,0,0,0,0,0,0,0,0,0,0,0,0,0,0,0,0.003602052263862219,0,0,0,0,0,0,0,0,0,0.003248383958378823,0,0,0,0,0,0,0,0.003534674374340991,0,0,0.003408266194726732,0,0,0,0,0,0,0,0,0,0.003153603141224285,0,0,0,0,0.004070845572768976,0,0,0,0,0,0,0,0,0,0,0,0,0,0,0,0,0.003661645585450994,0,0.005075575717564196,0,0,0,0,0,0,0,0,0,0,0,0,0,0,0,0,0
0,0,0,0,0,0,0,0,0,0,0,0,0,0,0,0,0,0,0,0,0,0,0,0,0,0,0,0,0,0.004633379352255655,0,0,0,0,0,0,0,0.005883680502048142,0,0,0,0,0,0,0.003670315968486522,0,0,0,0.005141159471444419,0,0,0.003537426351602414,0,0.005332371977929222,0.005030389259410293,0,0.005041119141058214,0.0046897774179515,0,0,0,0,0,0,0,0,0,0,0,0,0,0,0,0,0,0,0,0,0,0,0,0,0,0,0,0,0,0,0,0,0,0,0,0,0,0,0,0,0,0,0,0,0.004923030598122156,0.005100676030493843,0,0,0,0,0,0,0,0,0.004360437060215494,0.005430734661414797,0,0,0,0,0,0,0,0,0,0,0,0,0,0.005849799974873835,0,0,0,0,0,0.005195741095972813,0,0,0.005612697348988119,0,0,0,0.005656684825992382,0,0,0,0,0,0,0,0,0,0,0,0,0,0,0,0,0,0,0,0.005463824026686733,0,0,0,0,0,0,0,0,0,0,0,0,0,0,0,0,0,0,0,0,0.00355159234897821,0,0,0,0,0,0,0,0,0,0,0,0,0,0,0,0,0,0,0,0.006001123386796799,0,0,0,0,0,0,0,0,0,0,0,0,0,0,0.005018804740501554,0,0,0,0,0,0,0,0,0,0,0,0,0,0,0,0,0,0,0,0,0,0,0,0,0,0,0,0,0,0,0,0,0.005909270655951732,0,0.005901439210036175,0,0.005078596419353211,0,0,0,0,0.004602361193985141,0,0,0,0,0,0,0,0,0,0,0,0,0,0,0,0,0,0,0,0,0,0,0,0,0,0,0,0,0.005038919176232679,0,0,0,0,0,0,0,0,0,0,0,0,0,0,0,0,0,0,0,0,0,0,0,0,0,0,0,0,0,0,0,0,0,0,0,0,0,0,0,0,0,0,0,0,0,0,0,0,0,0,0,0,0,0,0,0,0,0,0,0,0,0,0,0,0,0,0,0,0,0,0,0,0,0,0,0,0,0,0,0,0,0,0,0,0,0,0.004367260817126871,0,0,0,0,0,0,0,0,0,0,0,0,0,0,0,0,0,0,0,0,0,0,0,0,0,0,0,0,0,0,0,0,0,0,0,0,0,0,0,0,0,0,0,0,0,0,0,0,0,0,0,0,0
0,0,0,0,0,0,0,0,0,0,0,0,0,0,0,0,0,0.006806972352529309,0,0.006662050436091136,0,0,0,0,0,0,0.005215457301774839,0,0,0,0,0,0,0,0,0,0,0,0,0,0,0,0,0,0,0,0,0,0,0,0,0,0.003684512292197693,0,0,0,0,0,0,0,0,0,0,0,0,0,0,0,0,0,0,0.00290585322299803,0,0.002759133217378426,0,0,0,0,0,0,0,0,0,0,0,0.006203275472670279,0,0,0,0,0,0.004816037952781813,0.006355458176564424,0,0,0,0,0,0,0,0,0,0,0,0,0,0,0,0,0,0,0,0,0,0,0,0,0,0,0,0,0,0,0,0,0,0,0,0,0,0,0,0,0,0,0,0,0,0,0,0,0,0,0,0,0,0,0,0,0,0,0,0,0,0,0,0,0.002972559341861484,0,0,0,0,0,0,0,0,0,0,0,0,0,0,0.002888889195480787,0,0,0,0,0,0,0,0,0,0,0,0,0,0.005159006893278063,0,0,0,0,0,0,0,0.004616703871466695,0,0,0,0,0.00702940988946581,0,0,0,0,0,0,0,0.00539737880083575,0,0,0,0,0,0,0,0,0,0,0,0.004472272870615444,0,0,0,0,0,0,0,0,0,0,0,0,0,0,0,0,0,0,0,0,0,0,0,0,0,0,0,0,0,0,0,0,0,0,0,0,0,0,0,0,0,0.005467919165761731,0,0,0,0,0,0,0,0,0,0,0,0,0,0,0,0,0,0,0,0.006702797376130071,0,0.005422005818809898,0,0,0,0,0,0,0,0,0,0,0,0,0,0,0,0,0,0,0,0,0,0,0,0,0,0,0,0,0,0,0,0,0,0,0,0,0,0,0,0,0,0,0,0,0,0,0,0,0,0,0,0,0,0,0,0,0,0,0,0,0,0,0,0.003330780256747755,0,0,0,0,0,0,0,0,0,0,0,0,0,0,0,0,0,0,0,0,0,0,0,0,0,0,0,0,0.003505674880515797,0,0,0,0,0,0,0,0,0,0,0.002662458359383144,0,0,0,0,0,0,0,0,0,0,0,0,0,0,0,0,0,0,0,0,0,0,0,0,0.00358901743778765,0,0.004670020635137969,0,0,0,0,0,0,0,0,0,0,0,0,0
0,0,0,0,0.004186963648778806,0,0,0,0,0,0,0.004564148430920931,0,0,0,0,0,0,0.004585799338308175,0,0,0,0,0,0,0,0,0,0,0,0,0,0,0,0,0,0,0,0,0,0,0,0,0,0,0,0,0,0,0,0,0,0,0,0,0,0,0,0,0,0.005747493001532545,0,0,0,0,0,0,0,0.00617239343089526,0,0,0,0,0,0,0,0,0,0,0,0,0,0,0,0,0,0,0,0,0,0,0,0,0,0,0,0,0,0,0,0,0,0,0,0,0,0,0,0,0,0,0,0,0,0,0,0,0,0,0,0,0,0,0,0.004990120482076514,0,0,0,0,0,0,0,0.005549379106142553,0,0,0,0,0,0,0,0,0,0,0,0,0,0,0,0.00738634445054821,0,0,0,0.004988221970796161,0,0,0,0,0,0,0,0,0,0,0,0,0,0,0.006990557555801023,0.004576737526771528,0,0.005322493724010445,0,0,0,0,0.004434223510468615,0,0,0,0,0,0,0,0,0,0,0,0,0,0,0,0,0,0,0,0,0,0,0,0,0,0,0,0,0,0,0,0,0,0,0.003766327400446402,0,0,0,0,0,0,0,0,0,0,0.004707533086961744,0,0,0,0.004155217752771993,0.004941072648986333,0.004678495773317281,0.005793134387005641,0,0,0,0,0,0,0,0,0,0,0,0,0,0,0,0,0,0.005366227788008135,0,0,0,0,0,0,0,0,0.004220981479634775,0,0,0,0,0,0,0,0,0.00392722485722459,0.004473944410844347,0,0,0,0,0,0,0,0,0,0,0,0,0,0,0,0,0,0,0,0,0,0,0,0,0,0,0,0,0,0,0,0,0,0,0,0,0,0,0,0,0,0,0,0,0,0,0,0,0,0,0,0,0,0,0,0,0,0,0,0,0,0,0,0,0,0,0,0,0,0,0,0,0.004370705336364663,0,0,0,0,0,0,0,0,0,0,0,0,0,0,0,0,0,0,0,0,0,0,0,0,0,0,0,0,0,0,0,0,0,0,0,0,0,0,0,0.005503573033508267,0,0,0,0,0.005341960758331673,0,0,0,0,0,0,0,0,0,0,0,0,0,0,0,0,0,0,0,0,0,0,0,0,0,0,0,0,0,0,0,0,0,0.005105781952282304,0,0.005055887843116906,0,0,0,0.003893274868903334,0,0,0,0
0,0,0,0,0,0,0,0,0,0,0,0,0,0,0,0,0,0,0,0,0,0,0,0,0,0,0,0,0,0,0,0,0,0,0.004295118298533492,0,0,0,0,0,0,0,0,0,0,0,0,0,0,0,0,0,0,0,0,0,0,0,0,0,0,0,0,0,0,0,0,0,0,0,0,0,0,0,0,0,0,0,0,0,0,0.004010861544965789,0,0,0,0,0,0,0,0,0,0,0,0,0,0,0,0.0049360898762097,0,0,0,0,0,0,0,0,0,0,0,0.004022869450130668,0,0,0,0,0,0,0,0,0,0,0,0,0,0,0,0,0,0,0,0,0,0,0,0,0,0,0,0,0,0.00729639253224105,0,0,0,0,0,0,0,0,0,0,0.005338642059729547,0,0,0.005336867687237863,0,0,0,0,0,0,0,0,0,0,0,0,0,0,0,0,0,0,0,0,0,0,0,0,0,0,0,0,0,0,0,0,0,0,0,0,0,0,0,0,0,0,0,0,0,0,0,0,0,0,0,0,0,0,0,0,0,0,0,0,0,0,0,0,0.007943938896131601,0,0.003998456688084323,0,0.008246194964772163,0,0,0,0,0,0,0,0,0,0,0,0,0,0,0,0,0,0,0,0.00395938332976828,0,0,0,0,0,0,0,0,0,0,0,0,0,0,0,0,0,0.004248518072059758,0,0,0,0,0,0,0,0,0.004241108119996872,0.006569934202401127,0,0,0,0,0,0,0,0,0,0,0,0,0,0,0,0,0,0,0,0,0,0,0,0,0,0,0,0,0,0,0,0,0,0,0,0,0,0,0,0,0,0,0,0,0,0,0,0,0,0,0,0,0,0,0,0,0,0,0,0,0,0,0,0,0,0,0,0,0,0,0,0,0,0,0,0,0,0,0,0,0,0,0.008405064342751643,0.008577728068331727,0,0,0.00508095338381493,0,0,0,0,0,0,0,0,0,0,0,0,0,0,0,0,0,0.004014332331509787,0,0,0,0,0,0,0,0,0,0,0,0,0,0,0,0,0,0,0,0,0,0,0,0,0,0,0,0,0,0,0,0,0,0,0,0,0,0,0,0,0,0,0,0,0.007925079975436154,0.005346504294421289,0.004299964142851064,0.006384777653372784,0,0.00792827421429276,0,0.004242426325616219
0,0,0,0,0,0,0,0.00604036106801756,0.005022823515377188,0,0,0,0,0,0,0,0,0,0,0,0,0,0,0,0,0,0,0,0.00471742152173984,0,0,0,0,0,0,0,0,0,0,0,0,0,0,0,0,0,0,0,0,0,0,0.004997754603715893,0,0,0.005198863751502858,0,0.00518616409466508,0,0.005256875899006537,0,0,0,0,0,0,0,0,0,0,0,0,0,0,0,0.006308554085997236,0,0,0,0,0,0,0,0,0,0,0,0,0,0,0,0,0,0,0,0,0,0,0,0,0,0,0,0,0,0,0,0,0,0,0,0,0,0,0,0,0,0,0,0,0,0,0,0,0,0,0,0,0.005133594588985265,0,0,0,0,0,0,0.004716147237315416,0,0,0,0,0,0,0,0,0,0,0,0.00568509212322091,0,0,0.005570177627637661,0,0.005086622521402026,0,0,0,0,0,0,0.004734386279367803,0,0,0,0,0,0,0,0,0,0,0,0,0,0,0,0,0,0,0,0,0,0.004810275564022621,0,0,0,0,0,0,0.006045711450661836,0,0,0,0,0,0,0,0,0,0,0,0,0,0,0,0,0,0,0,0,0,0,0,0,0,0,0,0,0,0,0,0,0,0,0,0,0,0,0,0,0,0,0,0,0,0,0,0,0,0,0,0,0,0.005129260609548358,0,0,0,0,0,0,0,0,0,0,0,0,0,0,0,0,0,0,0,0,0,0,0,0,0,0.00510028165657234,0,0,0,0,0,0,0,0,0,0,0,0,0,0,0,0,0,0,0,0.005189119300924114,0,0,0,0,0,0,0,0,0,0,0,0,0,0,0,0,0,0,0,0,0,0,0,0,0,0,0,0,0.00476847609768879,0.004683949705015654,0.004816924794421826,0,0,0,0.004797269065933162,0,0.004813599362800505,0.005120135250358445,0,0.005030365563539744,0.004873607773415068,0,0,0,0,0,0,0,0,0,0,0,0,0,0,0,0,0,0,0,0.005883727878747308,0,0,0,0,0,0,0,0,0,0.005325196882477953,0,0,0,0,0,0,0,0,0,0,0,0,0,0,0,0,0,0,0,0,0,0,0,0,0,0,0,0,0,0,0,0,0,0,0,0,0,0,0,0,0,0,0,0,0,0,0,0,0,0,0,0,0,0,0,0,0,0,0,0,0,0,0,0,0,0,0,0,0
0,0,0,0,0,0.004563999890187251,0,0,0,0,0,0,0.00368678016550083,0,0.00461709729957,0,0.004322441170637506,0,0,0,0,0.004321252239059775,0,0,0.003829150892722699,0.003415116520712258,0,0,0,0,0,0,0,0.002876610072395853,0,0,0,0,0,0,0,0,0,0,0,0,0,0,0,0,0,0,0,0,0,0,0,0,0,0,0,0.004434316158004183,0,0,0,0.00617239343089526,0,0,0,0,0.003480242919370951,0,0,0,0,0,0.00427333314554411,0,0,0,0,0,0,0,0,0,0,0,0,0,0,0,0,0,0,0,0,0,0,0,0,0,0,0,0,0,0,0,0,0,0,0,0,0,0,0,0,0.003410274191139104,0,0,0,0,0,0.004497357515108769,0,0,0,0,0,0,0,0,0,0,0,0,0,0,0,0,0,0,0,0,0,0,0,0,0,0,0,0,0,0,0,0,0,0,0,0,0,0,0,0,0,0,0,0,0,0,0,0,0,0,0,0.005471797029792809,0,0,0,0.003257635855569015,0,0,0,0,0,0,0,0,0,0,0,0,0,0,0,0,0,0,0,0,0,0,0,0,0,0,0,0,0,0,0.003445692615693817,0,0,0,0,0,0,0,0,0,0,0,0,0,0,0,0,0,0,0.003014847426219536,0,0,0,0,0,0,0,0,0,0,0,0,0,0,0.003035203990310374,0,0,0,0,0,0,0,0,0,0,0,0,0,0,0,0,0,0,0,0,0,0,0,0,0,0,0,0,0,0,0,0,0,0,0,0,0,0.003266912436124483,0,0,0,0,0,0,0,0,0,0,0,0,0,0,0,0,0,0,0,0,0,0,0,0,0,0,0,0,0,0,0,0,0,0,0,0,0,0,0,0,0,0,0,0,0,0,0,0,0,0,0,0,0,0,0,0,0,0,0,0,0,0,0.004522956619335213,0,0,0,0,0,0.004475592246708134,0,0,0,0,0,0,0,0,0,0,0,0,0,0,0,0,0,0,0,0,0,0,0,0,0,0,0,0,0,0,0,0,0,0,0,0,0,0,0,0,0,0,0,0,0,0,0,0,0,0,0,0,0,0,0,0,0,0,0,0,0,0,0,0,0.004555553446902205,0,0,0,0,0,0,0.003654507256080897,0,0,0,0
0.005884279945800102,0.008389575081439893,0,0.00634550577376574,0,0,0,0,0,0,0.01334956202671874,0,0,0,0,0.01112381445961705,0,0,0,0,0.004132343723811433,0,0,0,0,0,0,0,0,0,0,0,0,0,0,0,0.004146241812646313,0,0,0.0120574549681318,0.003503369149702176,0,0,0,0,0,0,0,0,0,0,0,0,0,0,0,0,0,0,0,0,0,0,0,0,0,0,0,0,0,0,0,0,0,0,0,0,0,0,0,0,0,0,0,0,0,0,0,0,0,0.003611420674200123,0,0,0.006722568924413457,0,0.003140735637002724,0.00828920236116713,0,0,0,0,0,0,0,0,0,0,0,0,0,0,0,0,0,0,0,0,0,0,0,0,0,0,0,0,0,0,0,0,0,0,0,0,0,0,0,0,0,0,0,0,0,0,0,0,0,0,0,0,0,0,0,0,0,0,0,0,0,0,0,0,0,0,0,0,0,0,0,0,0.007867894094455192,0,0,0,0,0,0,0,0,0,0,0,0,0,0,0,0,0,0,0,0,0,0,0.003594499840683231,0,0,0.00279031914767722,0,0.004121690094855939,0,0,0,0,0.007375445856713634,0.008700555889752527,0,0,0,0,0,0,0,0,0,0.004268119979507566,0,0,0,0,0,0,0,0,0,0,0,0,0,0,0,0,0,0,0,0.005183240452429873,0,0,0,0,0,0.007130721335920237,0.005381939940766725,0,0,0,0,0,0,0,0,0,0,0,0,0,0,0,0,0,0,0,0,0,0,0,0,0,0,0,0,0,0,0,0,0,0,0,0,0,0,0,0,0,0,0,0.006480014337412448,0,0,0,0,0,0,0,0,0,0,0,0,0,0,0,0,0,0,0,0,0,0,0,0,0,0,0,0,0,0,0,0,0,0,0,0,0,0,0,0,0,0,0,0,0.004128223645788324,0.003633096451207741,0,0,0,0,0,0,0,0,0,0,0,0,0,0,0,0,0,0,0,0,0,0,0,0,0,0,0,0,0,0,0.003646489761757152,0,0,0,0,0,0,0,0,0,0,0,0,0,0,0,0,0,0,0,0,0,0,0,0,0,0,0,0,0,0,0,0,0,0,0,0,0,0,0,0,0,0,0,0,0,0,0,0,0,0,0,0,0,0,0,0,0.00452159916005479,0,0,0,0,0,0,0,0,0
0,0,0,0,0,0.003493813925379704,0,0,0,0,0,0,0,0,0.003503253129116265,0,0,0,0,0,0,0,0,0,0,0.003762185297704311,0,0,0,0,0,0,0,0.005231561434689627,0,0,0,0,0,0,0,0,0,0,0,0.003130365099574357,0,0.002715390824619853,0,0,0,0,0,0,0,0.003441008746403366,0,0,0,0,0,0.003356839509790687,0,0,0,0,0,0,0.003480242919370951,0,0,0,0,0,0,0,0.002834791545060159,0.003654126065827079,0,0,0,0,0,0,0,0,0,0.003914053563887149,0,0,0,0,0,0,0.003466163642428696,0,0,0,0,0,0,0,0,0,0,0,0,0,0,0,0,0,0,0,0,0,0,0.005499735669699909,0,0,0,0,0,0,0,0.002817646586352765,0,0,0,0,0,0,0,0,0,0.003419073839181533,0,0,0,0,0,0,0,0,0,0,0,0,0,0,0,0,0,0,0,0,0.003725010364571912,0,0,0,0,0,0,0,0,0,0,0,0,0,0,0,0,0,0,0,0,0,0,0,0,0,0,0,0,0,0,0,0,0.004331147165633629,0,0,0,0.004388838280336938,0,0,0.004113677101641818,0,0,0,0,0,0,0,0,0,0,0,0.004348171745924063,0,0,0,0,0,0.004327046333675668,0,0,0,0,0,0,0,0,0,0,0,0,0,0,0.004541459529929954,0,0,0.004667564513293858,0,0,0.003030888875104112,0,0,0,0,0,0,0,0,0.005782374032261002,0,0,0,0,0,0.003363638587890587,0,0.00435133452982484,0,0,0,0,0,0,0,0,0,0,0,0,0,0,0,0,0,0,0,0,0,0,0,0,0,0,0,0,0,0,0,0,0,0,0,0,0,0,0,0,0,0,0,0,0,0,0,0,0,0,0,0,0,0,0,0,0,0,0,0,0,0,0,0,0,0,0,0,0,0,0,0,0,0,0,0,0,0,0,0,0,0,0,0,0,0,0,0,0,0,0,0,0,0,0,0,0,0,0,0,0,0,0,0,0,0,0,0,0,0,0,0,0,0,0,0,0,0,0,0,0,0,0.005239827320472738,0,0,0,0,0,0,0,0,0,0,0,0,0,0,0,0,0,0,0,0,0,0,0,0,0,0,0,0,0,0,0,0,0,0,0,0,0,0,0,0,0,0,0,0,0,0,0,0,0,0,0,0
0,0,0,0,0,0,0.004906532369215837,0,0,0,0,0,0,0,0,0,0,0.003694674940302495,0,0,0,0,0,0,0,0,0,0,0,0,0.005743929063765528,0.003079034880679194,0,0,0,0,0,0,0.002645443544886625,0,0,0,0,0,0,0,0,0,0,0,0,0,0,0,0,0,0,0,0,0,0,0,0,0,0.00290585322299803,0,0,0,0,0,0,0,0.00657074372355669,0,0,0,0,0,0,0,0,0,0,0,0,0.003063974877099876,0,0,0,0,0,0,0.004501593946869993,0,0,0,0,0,0,0,0,0,0,0,0,0,0,0,0,0,0.005788297955067538,0,0,0,0,0,0,0,0,0.002741501483288498,0,0,0,0,0,0,0,0,0,0,0,0,0,0,0,0,0,0,0,0,0,0,0,0,0,0,0,0,0,0,0,0,0,0,0,0,0.003191253157312387,0,0,0,0,0,0,0,0,0,0.004086724614406123,0,0,0,0,0,0,0,0,0,0,0,0,0,0,0,0.003182192377858847,0,0,0,0,0,0,0,0,0,0,0,0,0,0,0,0,0.004424402033937312,0,0,0,0,0,0,0,0,0,0.004805795533266815,0,0,0,0,0,0,0,0,0,0,0,0,0,0,0.002909152145726638,0,0,0,0,0,0.004351823166771543,0,0,0,0,0,0,0,0.005517512945694797,0,0,0,0,0,0,0,0,0,0,0,0,0,0,0,0,0,0,0,0,0,0.005142966019753746,0,0,0,0,0,0,0,0,0,0,0,0,0,0,0,0,0,0,0,0,0,0,0,0,0,0,0,0,0,0,0,0,0,0,0,0,0,0,0,0,0,0,0,0,0,0,0,0,0,0,0,0,0,0,0,0,0,0,0,0,0,0,0,0,0,0,0,0,0,0,0,0,0,0,0,0,0,0,0,0,0,0,0,0,0,0,0,0,0,0,0,0,0,0,0,0,0,0,0,0,0,0,0,0,0,0,0,0,0,0,0,0,0,0,0,0,0,0,0,0,0,0,0,0,0,0,0,0,0,0,0,0,0,0,0,0,0,0,0,0,0,0,0,0,0,0,0,0,0,0,0,0.002729252631116463,0,0.003593992269228397,0,0,0,0,0,0,0,0,0,0,0,0,0
0,0,0,0,0,0,0.00647795321384395,0,0,0,0,0,0,0,0,0,0,0,0,0,0,0,0.003638210348692011,0,0,0,0,0,0,0,0.007996905457186287,0,0,0,0.005295055099829211,0,0,0,0.003827858498592322,0,0,0,0,0,0,0,0,0,0,0,0,0,0,0,0,0,0,0,0,0,0,0,0,0,0,0,0,0,0,0,0,0.00657074372355669,0,0,0,0,0,0,0,0,0,0,0,0,0,0,0,0,0,0,0,0,0.003890580712825191,0,0,0,0,0,0,0,0,0,0,0,0,0,0,0,0,0.00628616426635036,0.00807544254288288,0,0,0,0,0,0,0,0,0,0,0.006264801264814468,0,0,0,0.003559939487118578,0,0,0,0,0,0,0,0,0,0,0,0,0,0,0,0.003344828514838948,0,0,0,0,0,0,0,0,0,0,0,0,0,0,0.0047530575427391,0,0,0,0,0,0,0,0,0,0.006693193972198273,0,0,0,0,0,0,0,0,0,0,0,0,0,0,0,0,0,0,0,0,0,0,0,0,0,0,0,0,0,0,0,0,0.003167396086595377,0,0,0,0,0,0,0,0,0.002318934111524635,0.007164398588447923,0,0,0,0,0,0,0,0,0,0,0,0,0,0,0,0,0,0,0,0,0,0,0,0,0,0,0,0,0.007792182477773218,0,0,0,0,0,0,0,0,0,0,0,0,0,0,0,0,0,0,0,0,0,0.00747283137351577,0,0,0,0,0,0,0,0,0,0,0,0,0,0,0,0,0,0,0,0,0,0,0,0,0,0,0,0,0,0,0,0,0,0,0,0,0,0,0,0,0,0,0,0,0,0,0,0,0,0,0,0,0,0,0,0,0,0,0,0,0,0,0,0,0,0,0,0,0,0,0,0,0,0,0,0,0,0,0,0,0,0,0,0,0,0,0,0,0,0,0,0,0,0,0,0,0,0,0,0,0,0,0,0,0,0,0.002463438255019516,0,0,0,0,0,0,0,0,0,0,0,0,0,0,0,0,0,0,0,0,0,0,0,0,0,0,0,0,0,0,0,0,0,0,0,0,0,0,0,0,0,0,0,0,0,0,0.002345625311219439,0,0,0,0,0,0,0,0,0,0,0,0,0
0,0,0,0,0,0,0,0,0,0,0,0,0,0,0,0,0,0,0,0.002986791769158493,0,0,0,0,0,0,0.003016077333401446,0,0,0,0,0,0,0,0,0,0,0,0,0,0,0,0.003590003311225922,0.003617870324259419,0,0,0,0,0,0,0,0,0.004548040968921383,0,0,0,0,0,0,0,0,0,0,0,0.002759133217378426,0,0,0,0,0,0,0,0,0,0,0,0,0,0,0,0.004904976146414721,0,0,0,0,0.003218098695246475,0,0,0,0,0,0,0,0,0,0,0,0,0,0,0.004277580675521094,0,0,0,0,0,0,0,0,0,0,0.004317309640989933,0,0,0,0,0,0,0,0,0,0,0,0,0,0,0,0,0,0,0,0,0,0,0,0,0,0.003631308083873595,0,0,0,0,0,0,0,0,0,0,0,0,0,0,0,0,0.005634281403203684,0,0,0,0,0,0,0,0,0,0.004189051054968187,0,0,0,0,0,0,0,0,0,0,0,0,0,0.003139017038313004,0,0,0,0,0,0,0,0,0,0,0,0.002977841105995048,0,0,0,0.004888599689049705,0,0,0,0,0,0,0,0,0,0,0,0,0,0,0,0,0,0,0,0,0,0,0,0,0.004832850632374829,0,0,0,0,0,0,0,0,0,0,0,0,0,0,0,0,0,0,0,0,0,0,0,0,0,0,0,0,0,0,0,0,0,0,0,0,0,0,0.003865793521958544,0,0,0.003316414330815366,0.003765782767255045,0,0,0,0,0,0,0,0,0,0,0,0,0,0,0,0,0,0,0.002887907341420526,0,0.003240489977647034,0,0,0,0,0,0,0,0,0,0,0,0,0,0,0,0,0,0,0,0,0,0,0,0,0,0,0,0,0,0,0,0,0,0,0,0,0,0,0,0,0,0,0,0,0,0,0,0,0,0,0,0,0,0,0,0,0,0,0,0,0,0,0,0,0,0,0,0,0,0,0,0.003669062584786761,0,0,0,0.003716723215503614,0,0,0,0,0,0,0,0,0,0,0,0,0,0.0036756432151616,0,0,0,0,0,0,0,0,0,0,0,0,0,0,0,0,0,0,0,0,0,0,0,0,0,0,0,0,0,0,0,0,0,0,0,0,0,0,0,0,0,0,0,0,0,0,0,0,0,0,0,0,0,0
0,0,0,0,0,0,0,0.005992410544528226,0.005160311149712265,0,0,0,0,0,0,0,0,0,0,0,0,0,0,0,0,0,0,0,0.005976251105813625,0,0,0,0.003954894039766746,0,0,0,0,0,0.00415935501713542,0,0,0.003310375668504904,0,0,0,0,0,0,0,0,0,0.005204072161121412,0,0,0.00590986730058601,0,0.006360248237524858,0,0.005245223093629641,0,0,0,0,0,0,0,0,0.006308554085997236,0,0,0,0,0,0,0,0,0,0.00379115516965565,0,0,0,0,0,0,0,0,0,0,0,0,0,0,0,0,0,0,0,0,0,0,0,0,0,0,0,0,0,0,0,0,0,0,0,0,0,0,0,0,0,0,0,0,0,0,0,0,0,0.006132282185284717,0,0,0,0,0,0,0.005323318546418881,0,0,0,0,0,0,0,0,0,0,0,0.005676419883334685,0,0,0.006033385903791081,0,0.005763900211740277,0,0,0,0,0,0.003776632428954216,0.004972663984305025,0,0,0,0,0,0,0,0,0,0,0,0,0,0,0,0,0,0,0,0,0,0,0,0,0,0,0,0,0,0,0,0,0,0,0,0,0,0.003942911221675551,0,0,0,0,0.005550623386926736,0,0,0,0,0,0,0,0,0,0,0,0,0,0,0,0,0,0,0,0,0,0,0,0,0,0,0,0,0,0,0,0,0,0,0,0,0,0,0,0.005355532596527702,0,0,0,0,0,0,0,0.005784945330005106,0,0,0,0,0,0,0,0,0,0,0,0,0,0,0,0,0,0.005516546718157105,0,0,0,0,0,0,0,0,0,0,0,0,0,0,0,0,0,0,0,0.00605748561733165,0,0,0,0,0,0,0,0,0,0,0,0,0,0,0,0,0,0,0,0,0,0,0,0,0,0,0,0,0,0,0,0,0,0,0,0,0,0,0,0,0,0,0,0,0,0,0,0,0,0,0,0,0,0,0,0,0,0,0,0.00338735569201789,0.006971409983982756,0,0,0,0,0,0,0,0,0,0,0,0,0,0,0,0,0,0,0,0,0,0,0,0,0,0,0,0,0,0,0,0,0,0,0,0,0,0,0,0,0,0,0,0,0,0,0,0,0,0,0,0,0,0,0,0,0,0,0,0,0,0,0,0,0,0,0,0,0,0,0,0,0,0,0,0,0,0,0
0.003449253508469139,0,0,0,0,0,0,0,0,0,0,0,0,0,0,0,0,0,0,0,0.004964499703478988,0,0,0,0,0,0,0,0,0,0,0,0,0,0,0,0,0,0,0,0,0,0,0,0,0,0,0,0,0,0,0,0,0,0,0,0,0,0,0,0,0,0,0,0,0,0,0,0,0,0,0,0,0,0,0,0,0,0,0,0,0,0,0,0,0,0,0,0,0,0,0,0,0,0,0.005346858242125066,0,0,0.003740282277168363,0,0,0,0,0,0.004493595110986626,0,0,0,0,0,0,0,0,0,0,0,0,0,0,0,0,0,0.003831179524933729,0.003521368289984696,0,0,0,0,0,0,0,0,0,0,0,0,0,0,0,0,0,0,0,0,0,0,0,0,0,0,0,0,0,0,0,0.004757646421885506,0,0,0,0,0,0.005171713739883919,0,0,0,0,0,0,0,0.003520950271602632,0,0,0,0,0,0.004016071780425632,0,0,0,0,0,0,0,0,0,0,0,0,0,0,0,0.004528695166030844,0,0,0,0.003724137696069672,0,0.00349676735244484,0,0,0,0,0,0,0,0,0,0,0,0,0,0,0.004187742890334922,0,0,0,0,0,0,0,0,0,0,0.004490902871937702,0,0,0,0,0,0,0,0,0,0,0.005037601667974092,0,0,0,0,0,0,0,0,0,0,0,0,0,0,0,0,0,0,0,0,0,0,0.004195476853075095,0,0,0,0,0,0,0,0,0,0,0,0,0,0,0,0,0,0,0,0,0,0,0,0,0,0,0.003220025993490747,0,0,0,0,0,0,0.003272151791947898,0,0.003398556010485035,0,0.003313608085220848,0,0,0,0,0,0,0,0,0,0,0,0,0,0,0,0,0,0,0,0,0,0,0,0,0,0,0,0,0,0,0,0,0,0,0,0.004559933248133389,0,0,0.003238922720264274,0.003419934637438667,0.003272151791947898,0.003422385847443674,0,0,0,0,0,0,0,0,0,0,0,0,0,0.004600568368329457,0,0,0,0,0,0,0,0,0.004688397889512167,0,0,0,0,0,0,0,0,0,0,0,0,0,0,0,0,0,0,0,0,0,0,0,0,0,0,0,0,0,0,0,0,0,0,0,0,0,0,0,0,0,0,0,0,0,0,0,0,0,0,0,0,0,0,0,0,0,0,0,0,0,0,0,0,0,0,0
0,0,0,0,0,0.004691664852821147,0,0,0,0,0,0,0.005416306668815519,0,0.004344585665787718,0,0,0,0.004366482158787474,0,0,0.004953856933055662,0,0,0.004345621992615973,0.004087116946973988,0,0,0,0,0,0,0,0,0,0,0,0,0.002717947801950437,0,0,0,0,0,0,0,0,0,0,0,0,0,0,0,0,0,0,0,0,0,0,0.004517210740414201,0,0,0,0,0,0,0.00427333314554411,0,0.002834791545060159,0,0,0,0,0,0,0,0,0,0,0,0,0,0,0,0,0,0,0,0,0,0,0,0,0,0,0,0,0,0,0,0,0,0,0,0,0,0,0,0,0,0,0,0,0,0,0.003026882944165444,0,0,0,0,0,0,0.003085388452712293,0,0,0,0,0,0,0,0,0,0,0,0,0,0,0,0,0,0,0,0,0,0,0,0,0,0,0,0.00308492429933739,0,0,0,0,0,0,0,0,0,0,0,0,0,0,0,0.004360703011488212,0,0,0,0,0,0,0,0,0,0,0,0,0,0,0,0,0,0,0,0,0,0,0,0,0,0,0,0,0,0,0,0,0,0,0,0,0,0,0,0,0,0,0,0,0,0,0,0,0,0,0,0,0,0,0,0,0,0,0,0,0.003384110285852587,0,0,0,0,0,0,0,0,0,0,0,0,0,0,0.002927811838260086,0,0,0,0,0,0,0,0,0,0,0.00299467183828237,0,0,0,0,0,0,0,0,0,0,0,0,0,0,0,0,0,0,0,0,0,0,0,0,0,0,0,0,0,0,0,0,0,0,0,0,0,0,0,0,0,0,0,0,0,0,0,0,0,0,0,0,0,0,0,0,0,0,0,0,0,0,0,0,0,0,0,0,0,0,0,0,0,0,0,0,0,0,0,0,0,0,0,0,0,0,0,0,0,0,0,0,0,0,0,0,0,0,0,0,0,0,0,0,0,0,0,0,0,0,0,0,0,0,0,0,0,0,0,0,0,0,0,0,0,0,0,0,0,0,0,0,0,0,0,0,0,0,0,0,0,0,0,0,0,0,0,0,0,0,0,0,0,0,0,0,0,0,0,0,0,0,0,0,0,0,0,0,0,0,0,0
0,0,0,0,0,0,0,0,0,0,0,0,0,0,0,0,0,0,0,0,0,0,0,0,0,0,0,0,0,0,0,0,0,0.003401331942988924,0,0,0,0,0.0024434731765588,0,0,0,0,0,0,0.002548231699850995,0,0,0,0,0,0,0,0,0,0,0,0,0,0,0,0,0,0,0,0,0,0,0,0,0.003654126065827079,0,0,0,0.00379115516965565,0,0,0,0,0,0,0,0,0,0,0,0,0.0029080928934373,0,0,0,0,0,0,0,0,0,0,0,0,0,0,0,0,0,0,0,0,0,0,0,0,0,0,0,0,0,0.003765962746337536,0,0,0,0,0,0,0,0,0,0,0,0,0,0,0,0,0,0,0,0,0,0,0,0,0,0,0,0,0,0,0,0,0,0,0,0,0,0,0,0,0,0,0,0,0,0,0,0,0,0,0,0,0,0,0,0,0,0,0,0,0,0,0,0,0,0,0,0,0,0,0,0.005868343205721828,0,0,0,0.005693556374714576,0,0,0.006842451354252934,0,0,0,0,0,0,0,0,0,0,0,0.003704675599886821,0,0,0,0,0,0.006211331390974424,0,0,0,0,0,0,0,0,0,0,0,0,0,0,0.003030537993570098,0,0,0.005799884756758633,0,0,0.00360642162058528,0,0,0,0,0,0,0,0,0.004443798835666188,0,0,0,0,0,0.004124935524684775,0,0.006335331028209676,0,0,0,0,0,0,0,0,0.003293196686968291,0,0,0,0,0,0,0,0,0,0,0,0,0,0,0,0,0,0,0,0,0,0.003272912721498612,0,0,0,0,0,0,0,0,0,0,0,0,0,0,0,0,0,0,0,0,0,0,0,0,0,0,0,0,0,0,0,0,0,0,0,0,0,0,0,0,0,0,0,0,0,0,0,0,0,0,0,0,0,0,0,0,0,0,0,0,0,0,0,0.004604480154376952,0,0,0,0,0,0,0,0,0,0,0,0,0,0,0,0,0,0,0,0,0,0,0,0,0,0,0,0,0,0,0,0,0,0,0,0,0,0,0,0,0,0,0,0,0,0,0,0,0,0,0,0,0,0,0,0,0,0,0,0,0,0,0,0,0,0,0,0,0,0,0,0,0,0,0,0,0,0,0,0
0,0,0.005748665192948052,0,0,0,0,0,0,0,0,0,0,0,0,0,0,0,0.005195349351901281,0,0,0,0,0.007396300512099961,0,0,0,0.007326432995002333,0,0,0,0,0,0,0,0.006402436084351102,0,0,0,0,0,0,0,0,0,0,0.006136032137408561,0,0,0.006376776223240094,0.005307150716337922,0,0,0,0,0,0,0.00522275195159588,0,0,0,0,0,0,0,0,0,0,0,0,0,0,0,0,0,0,0,0,0,0,0,0,0.004772898347924695,0.006517790811559055,0,0,0,0,0.005104811918225396,0.005006372918599926,0,0,0,0,0,0,0,0,0,0,0,0,0,0,0,0,0,0,0,0,0,0,0.004988514325802005,0,0,0,0,0,0,0,0,0,0,0,0,0,0,0,0,0,0.005722251424298341,0,0,0,0,0,0.004706646649470153,0,0.005256690431760642,0,0,0,0.005235811617718907,0.004869679887535978,0.005729095928814287,0,0,0,0,0,0,0,0,0,0,0,0,0,0,0,0,0,0,0,0,0,0,0.005157830071499357,0.005194421002764136,0,0,0,0,0,0,0,0,0,0,0,0,0,0,0,0,0,0,0,0,0,0,0,0,0,0,0,0,0,0,0,0,0,0,0,0,0,0,0.005189544061472948,0,0,0,0,0,0,0,0,0,0,0,0,0,0,0,0,0,0,0,0,0,0,0,0.005715827808904691,0,0,0,0,0,0.005163690371676039,0,0,0,0,0,0,0,0,0,0,0,0,0,0,0,0,0.004936162037479246,0,0,0,0,0.005426851572551286,0,0,0,0,0,0,0,0,0,0,0,0,0,0,0,0,0,0,0,0,0,0,0,0,0,0,0,0,0,0,0,0,0,0,0,0,0,0,0,0,0,0,0,0,0,0,0,0,0,0,0,0,0,0,0,0,0,0,0,0,0,0,0,0,0,0,0,0,0,0,0,0,0,0,0,0,0,0,0,0,0,0,0,0,0,0,0,0,0,0,0,0,0,0,0,0,0,0,0,0,0,0,0,0,0,0,0,0,0,0,0,0,0,0,0,0,0,0.01043692275038953,0,0,0,0.005298001468803286,0,0,0,0,0,0,0,0,0,0,0,0,0,0,0,0,0,0,0,0,0,0,0,0,0,0,0,0,0,0,0,0,0,0,0,0,0,0,0,0,0,0,0,0,0,0
0,0,0,0.004586665355698769,0,0,0,0,0,0,0,0,0,0,0,0,0,0,0,0,0,0,0,0,0,0,0,0,0,0,0,0,0,0,0,0,0,0,0,0,0,0,0,0,0,0,0,0,0,0,0,0,0,0,0,0,0,0,0,0.005396214533654424,0,0,0,0,0,0,0,0,0,0,0,0,0,0,0,0,0,0,0,0,0,0,0,0,0,0,0,0,0,0,0,0,0,0,0.005783636283469491,0,0,0.005858286146306416,0,0,0.004455966976774937,0,0,0,0,0,0,0,0,0,0,0,0,0,0,0,0,0,0,0,0,0,0,0,0,0,0,0,0,0,0,0.004572923891448354,0,0.005733749239341241,0,0,0,0,0,0,0,0,0,0.005820435894046506,0,0,0,0,0,0,0,0,0,0.005830602612961713,0,0,0,0,0,0,0,0,0,0,0.003757851588931389,0,0,0,0,0,0,0,0,0,0,0,0,0,0.006038801695295771,0,0,0,0,0,0,0,0,0,0,0,0.006226822212383543,0,0,0,0,0,0,0,0,0,0,0,0,0,0,0,0,0,0,0,0,0.007033882985895495,0,0,0,0,0,0,0,0,0,0,0,0,0,0,0,0,0.005786386648286868,0,0,0,0,0,0,0,0,0,0,0,0,0,0,0,0,0,0,0,0,0,0,0,0,0,0,0,0.00576296064950119,0,0,0.006457370502096185,0,0,0,0.006385909674703044,0,0,0,0,0,0.005836288400130545,0,0,0,0,0,0,0,0,0,0,0,0,0,0,0,0,0.005838803646814847,0,0,0,0,0,0,0,0,0,0,0,0,0,0,0,0,0,0,0,0,0,0,0,0,0,0,0,0,0,0,0,0,0,0,0,0,0,0,0,0,0,0,0,0,0,0,0,0,0,0,0,0,0,0,0,0,0,0,0,0,0,0,0,0,0,0,0,0,0,0.005826937949564542,0.005825184936396955,0,0.00377557985359673,0,0,0,0,0,0,0,0,0,0,0,0,0,0,0,0,0,0,0,0,0.005421056338870878,0,0,0,0,0,0,0,0,0,0,0,0,0,0,0,0,0,0,0,0,0,0,0,0,0,0,0,0,0,0,0,0,0,0,0,0,0.005856402637973082,0,0.00585683149362991,0,0.005836621881723061,0.005851433830286253,0,0.005931512213317365,0,0,0.005836421445942477
0,0,0,0,0,0,0,0,0,0,0,0,0,0,0,0,0,0,0,0.003025851671703768,0,0,0,0,0,0,0.003092213607843868,0,0,0,0,0,0,0,0,0,0,0,0,0,0,0,0.004301189165057052,0.004330750715436658,0,0,0,0,0,0,0,0,0.004781919175826915,0,0,0,0,0,0,0,0,0,0,0,0,0,0,0,0,0,0,0,0,0.004904976146414721,0,0,0,0,0,0,0,0,0,0,0,0.003057472978879674,0,0,0,0,0,0,0,0,0,0,0,0,0,0,0.004411312965978967,0,0,0,0,0,0,0,0,0,0,0.004742327171656412,0,0,0.005127231567295465,0,0,0,0,0,0,0,0,0,0,0,0,0,0,0,0,0.003097779976083558,0,0,0,0,0,0.004214100625153649,0,0,0,0,0,0,0,0,0,0,0,0,0,0,0,0,0.00533245648207875,0,0,0,0,0,0,0,0,0,0.00458322496868971,0,0,0,0,0,0,0,0,0.00311613523493707,0,0,0,0,0.003304676169996315,0,0,0,0,0,0,0,0,0,0,0,0.002979307246838983,0,0,0,0.005042898506841875,0,0,0,0,0,0,0,0,0,0,0,0,0,0,0,0,0,0,0,0,0.002960340785848385,0,0,0,0.005049932623507006,0,0,0,0,0,0,0,0,0,0,0,0,0,0,0,0,0,0,0,0,0,0,0,0,0,0,0,0,0,0,0,0,0,0,0,0,0,0,0.003068880881532195,0,0,0.003227716756059552,0.003570003802641061,0,0,0,0,0,0,0,0,0,0,0,0,0,0,0,0,0,0,0,0,0.003139173444281855,0,0,0,0,0,0,0,0,0,0,0,0,0,0,0,0,0,0,0,0,0,0,0,0,0,0,0,0,0,0,0,0,0,0,0,0,0,0,0,0,0,0,0,0,0,0,0,0,0,0,0,0,0,0,0,0,0,0,0,0,0,0,0,0,0,0,0,0,0,0,0,0.004607484421220025,0,0,0,0.004169498882169677,0,0,0,0,0,0,0,0,0,0,0,0,0,0.004203739197629772,0,0,0,0,0,0,0,0,0,0,0,0,0,0,0,0,0,0,0,0,0,0,0,0,0,0,0,0,0,0,0,0,0,0,0,0,0,0,0,0,0,0,0,0,0,0,0,0,0,0,0,0,0,0
0,0,0,0,0,0,0,0,0,0,0.003694386476393486,0,0,0,0,0.00368305642327326,0,0,0,0,0,0,0,0,0,0,0,0,0,0,0,0,0,0,0.00447266728642288,0,0,0,0,0,0,0,0,0,0,0,0,0,0,0,0,0,0,0,0,0.003656366326965561,0,0,0,0,0,0,0,0,0,0,0.004010861544965789,0,0,0,0,0,0,0,0,0,0,0,0,0,0,0,0,0,0,0,0,0,0,0,0,0,0,0,0,0,0,0,0,0,0,0.005490047349506399,0,0,0,0,0,0,0,0.004172938430619326,0,0,0,0,0,0,0,0,0,0,0,0.004172517087684885,0,0,0,0,0,0,0,0,0,0,0,0,0,0,0,0,0,0,0,0,0,0,0,0.004146732254748845,0,0,0,0,0,0,0,0,0,0,0,0,0,0,0,0,0,0,0,0,0,0,0,0,0,0,0,0,0,0,0,0,0,0,0,0,0,0,0,0,0,0,0,0,0,0,0,0,0,0,0,0,0,0,0,0,0.003855887005554371,0,0,0,0,0,0,0,0,0,0,0,0,0,0,0,0,0,0.004063285582573522,0,0.004139435786385927,0,0,0,0,0,0,0,0,0,0,0,0,0,0,0,0,0,0.003750488945316758,0,0.006219776135515043,0,0,0,0,0,0,0,0,0,0,0,0.005044764150646818,0,0,0,0,0,0.004124370872393034,0,0,0,0,0,0,0,0,0,0,0,0,0,0,0,0,0,0,0,0,0,0,0,0,0,0,0,0,0,0,0,0,0,0,0,0,0,0,0,0,0,0,0,0,0,0,0,0,0,0,0,0,0,0,0,0,0,0,0,0,0,0,0,0,0,0,0,0,0,0,0,0,0,0,0,0,0,0,0,0.004191000335947792,0,0,0,0,0,0,0,0,0,0,0,0,0.004221722913978969,0.004224723826470092,0,0,0,0,0,0,0,0,0,0,0,0,0,0,0,0,0,0,0,0,0.00530293306566662,0,0,0,0,0,0,0,0,0,0,0,0,0,0,0,0,0,0,0,0,0,0,0,0,0,0,0,0,0,0,0,0,0,0,0,0,0,0,0,0,0,0,0.00648589983737597,0,0.003741360539046578,0,0,0,0.003750507833460803,0.003919721207259605,0,0
0,0,0,0,0,0,0,0,0.005316250656359631,0,0,0,0,0.005125116388575148,0,0,0,0,0,0,0,0,0,0.00469207732583015,0,0,0,0.005072887901017276,0,0,0,0.003885803034334871,0.005594143707284532,0,0,0.005131755577840078,0,0,0,0,0,0,0,0,0,0,0.005688105615703353,0,0,0.005222239089934465,0,0,0,0,0,0,0,0,0.005514970893054543,0,0,0,0,0,0,0,0,0,0,0,0,0,0,0,0,0,0,0,0.004772898347924695,0,0,0,0,0.005523724432357331,0,0,0,0,0.005895703812754236,0.00639148393541631,0,0,0,0,0,0,0,0,0,0,0,0,0,0,0,0,0,0,0,0,0,0,0,0,0,0,0,0,0,0,0,0,0,0,0,0,0.004035997584123223,0,0,0,0.005299970616787464,0,0,0,0,0,0,0,0,0,0,0,0,0,0.005635276123020758,0,0,0.003669791377990721,0,0,0,0,0,0,0,0,0,0,0,0,0,0,0,0,0,0.004522812313479253,0,0,0,0,0,0,0,0,0,0,0,0,0,0,0,0,0.004945195724823239,0,0,0,0,0,0.004161844823573379,0,0,0,0,0,0,0,0,0,0,0,0,0,0,0,0.004154554712645009,0,0,0,0,0,0,0,0,0,0,0,0,0,0,0,0,0,0,0,0,0,0,0,0,0,0,0.005938473102555991,0,0,0,0,0,0,0,0,0,0,0,0,0,0,0,0,0.005915175186042476,0,0,0,0,0,0,0,0,0,0,0,0,0,0,0,0,0,0,0,0,0,0,0,0,0,0,0,0,0,0,0,0,0,0,0,0,0,0,0,0,0,0,0,0,0,0,0,0,0,0,0,0,0,0,0,0,0,0,0,0,0,0,0,0,0,0,0,0,0,0,0,0,0,0,0,0,0,0,0,0,0,0,0,0,0,0,0,0,0,0,0,0,0,0,0,0,0,0,0,0,0,0,0,0,0,0,0,0,0,0,0,0,0,0.004963691417436012,0.003981296542156906,0,0,0,0,0,0,0.004346995589110114,0,0,0,0,0,0,0.005381952880126968,0,0,0,0,0,0,0,0,0,0,0,0,0,0,0,0,0,0,0,0,0,0,0,0,0,0,0,0,0,0,0,0,0,0,0,0,0,0,0,0,0,0,0,0,0,0,0,0,0,0
0,0,0,0,0,0,0,0.007212817230326591,0.008158594089205619,0,0,0,0,0,0,0,0,0,0,0,0,0,0,0.006223314651505645,0,0,0,0.006885812012919892,0.004599190923595428,0,0,0,0.007755591996364917,0,0,0.006707855679979627,0,0,0,0,0,0.00411904723643509,0,0,0,0,0.008232876702783392,0,0,0.006681531985536663,0,0,0,0,0,0,0,0,0.008489794368463243,0,0,0,0,0,0,0,0,0,0,0,0,0,0,0,0,0,0,0,0.006517790811559055,0,0,0,0.005523724432357331,0,0,0,0,0,0.005532580537175574,0.005425240989655238,0,0,0,0,0,0,0,0,0,0,0,0,0,0,0,0,0,0,0,0,0,0,0,0,0,0,0,0,0,0,0,0,0,0,0,0,0.006647217447638172,0,0,0,0.006255053150720533,0,0,0,0,0,0,0,0,0,0,0,0,0,0.006102577685016577,0,0,0,0,0.004080787405059324,0,0.004046693709459963,0,0,0,0,0,0,0,0,0,0,0,0,0,0,0,0,0,0,0,0,0,0,0,0,0,0,0,0,0,0,0,0,0,0,0,0,0,0,0,0,0,0,0,0,0,0,0,0,0,0.00498096859074341,0,0,0,0,0,0,0,0,0,0,0,0,0,0,0,0,0,0,0,0,0,0,0,0,0,0,0,0,0,0.006852541120133131,0,0,0,0,0,0,0,0,0,0.005001797731818301,0,0,0,0,0,0,0.004957014206478112,0,0,0,0,0,0.005593940368096186,0,0,0,0,0,0,0,0,0,0,0,0,0.004037492798445308,0,0,0,0,0,0,0,0,0,0,0,0,0,0,0,0,0,0,0,0,0,0,0,0,0,0,0,0,0,0,0,0,0,0,0,0,0,0,0,0,0,0,0,0,0,0,0,0,0,0,0,0,0,0,0,0,0,0,0,0,0,0,0,0,0,0,0,0,0,0,0,0,0,0,0,0,0,0,0,0,0,0,0,0,0,0,0,0,0,0,0,0,0,0,0.004639591925529752,0,0,0,0,0,0,0,0,0,0,0,0,0,0,0.00648041283784741,0,0,0,0,0,0,0,0,0,0,0,0,0,0,0,0,0,0,0,0,0,0,0,0,0,0,0,0,0,0,0,0,0,0,0,0,0,0,0,0,0,0,0,0,0,0,0,0,0,0
0,0,0,0,0,0,0.002357435048986514,0,0,0,0,0,0,0,0,0,0,0,0,0,0,0,0,0,0,0,0,0,0,0,0,0.00560919457461998,0,0,0,0,0,0,0,0,0,0,0,0,0,0,0,0,0,0,0,0,0,0,0,0,0,0,0,0,0,0,0,0,0,0,0,0,0,0,0,0,0,0,0,0,0,0,0,0,0,0,0,0,0,0,0.00397668126149846,0,0,0,0,0,0,0,0,0,0,0,0,0,0,0.005400056422971193,0,0,0,0,0,0.005028648566290703,0,0,0,0,0,0,0,0,0,0,0,0,0,0,0,0,0,0,0,0,0,0,0.002343004214255402,0,0,0,0,0,0,0,0,0,0,0,0,0,0.003136401202820701,0,0,0.004753480676486663,0,0,0,0,0,0,0,0,0,0,0,0,0,0,0,0,0,0,0,0,0,0,0,0.003955611263829678,0,0,0,0,0,0,0,0,0.002664135979202408,0,0.003719741316262095,0,0,0,0,0,0,0,0,0,0,0,0,0,0,0,0,0,0,0,0,0,0.003207753491257541,0,0,0,0,0,0,0,0,0,0,0,0,0.00408441035385163,0,0,0,0,0,0,0,0,0,0,0,0,0,0,0,0,0,0,0,0,0,0,0,0,0,0,0,0,0,0,0,0,0,0,0,0,0,0,0,0,0,0,0,0,0,0,0,0,0,0,0,0,0,0,0,0,0,0,0,0,0,0,0,0,0,0,0,0,0,0,0.003983426792673892,0.003843838471690274,0,0,0,0,0,0,0,0,0,0,0,0,0,0,0,0,0,0,0,0,0,0,0,0,0,0,0,0,0,0,0,0,0,0,0,0,0,0,0,0,0,0,0,0,0,0,0,0,0,0,0,0,0,0,0,0,0,0,0,0,0,0,0.003733589750248528,0,0,0,0,0,0,0,0,0,0,0,0,0,0.002653921367580469,0,0,0,0,0,0,0,0,0,0,0,0,0,0,0,0.003736292181458908,0,0,0,0,0,0,0,0,0,0,0,0,0,0,0,0,0,0,0,0,0,0,0,0,0,0,0,0,0,0,0,0,0,0,0,0,0,0,0,0,0,0,0,0.004134506600118331,0
0,0,0,0,0,0,0,0,0,0,0,0,0,0,0,0,0,0.006236467684163135,0,0.005823239341954188,0,0,0,0,0,0,0.004828693895966047,0,0,0,0,0,0,0,0,0,0,0,0,0,0,0,0,0,0,0,0,0,0,0,0,0,0.003887212475981978,0,0,0,0,0,0,0,0,0,0,0,0.006203275472670279,0,0,0,0,0,0,0.003063974877099876,0,0.003218098695246475,0,0,0,0,0,0,0.003057472978879674,0,0,0,0,0,0,0,0,0,0,0.004257740094632396,0.005814863428235293,0,0,0,0,0,0,0,0,0,0,0,0,0,0,0,0,0,0,0,0,0,0,0,0,0,0,0,0,0,0,0,0,0,0,0,0,0,0,0,0,0,0,0,0,0,0,0,0,0,0,0,0,0,0,0,0,0,0,0,0,0,0,0,0,0,0,0,0,0,0,0,0,0,0,0,0,0,0,0,0.002862675021081151,0,0,0,0,0,0,0,0,0,0,0,0,0,0.00499839998117095,0,0,0,0.002926730620322591,0,0,0,0.004622569478970393,0,0,0,0,0.005590928628744344,0,0,0,0,0,0,0,0.005123934896991582,0,0,0,0,0,0,0,0,0,0,0,0.004690220297264486,0,0,0,0,0,0,0,0,0,0,0.004325351542461522,0,0,0,0,0,0,0,0,0,0,0,0,0,0,0,0,0,0,0,0,0,0,0,0,0,0,0,0,0,0,0.004677965995568223,0,0,0,0,0,0,0,0,0,0,0,0,0,0,0,0,0,0,0,0.005914044593606562,0,0.004866948565887704,0,0,0,0,0,0,0,0,0,0,0,0,0,0,0,0,0,0,0,0,0,0,0,0,0,0,0,0,0,0,0,0,0,0,0,0,0,0,0,0,0,0,0,0,0,0,0,0,0,0,0,0,0,0,0,0,0,0,0,0,0,0,0,0.003590145283793928,0,0,0,0,0,0,0,0.002943256280450014,0,0,0,0,0,0,0,0,0,0,0,0,0,0,0,0,0,0,0,0,0.003663351456856494,0,0,0,0,0,0,0,0,0,0,0,0,0,0,0,0,0,0,0,0,0,0,0,0,0,0,0,0,0,0,0,0,0.003084503255794127,0,0,0.003202232171292085,0,0.004411193467689116,0,0,0,0,0,0,0,0,0,0,0,0,0
0,0,0.003233365146808484,0,0,0,0,0,0,0,0,0,0,0,0,0,0,0,0,0,0,0,0,0,0,0,0,0,0,0,0,0.006958665919057212,0.005524597557910233,0,0,0,0,0,0,0,0,0.005420581282455114,0,0,0,0,0,0,0,0,0,0,0,0,0,0,0,0,0,0,0,0,0,0,0,0,0,0,0,0,0,0,0,0,0,0,0,0,0,0,0,0,0,0,0.00397668126149846,0,0,0,0,0,0,0,0,0,0,0,0,0,0,0,0,0,0,0,0,0,0,0,0,0,0,0,0,0,0,0,0,0,0,0,0,0,0,0,0,0,0,0,0,0,0,0,0,0,0,0,0,0,0,0,0,0,0,0,0,0,0,0.006622592681683642,0,0,0,0,0,0,0,0,0,0.003330008849020785,0,0,0,0,0,0,0,0,0,0,0,0,0,0,0,0,0,0,0,0,0,0,0,0,0.00366316004509306,0,0,0,0,0,0,0,0,0,0,0,0,0,0,0,0,0,0,0,0,0,0.003167931078008306,0.01229481138208084,0,0,0,0,0,0,0,0,0,0,0,0,0,0,0,0,0,0,0,0,0,0,0,0,0,0,0,0,0,0,0,0,0,0,0,0.002982338304342458,0,0,0,0,0,0,0,0,0,0,0,0,0,0,0,0,0,0,0,0,0,0,0,0,0,0,0,0,0,0,0,0,0,0,0,0,0,0,0,0,0,0,0,0,0,0,0,0,0,0,0,0,0,0,0,0,0,0,0,0,0,0,0,0,0,0,0,0,0,0,0,0,0,0,0,0,0,0,0,0,0,0,0,0,0,0,0,0,0,0,0,0,0,0,0,0,0,0,0,0,0,0,0,0,0,0,0.003218154817647671,0,0,0,0,0,0,0,0,0,0,0,0,0,0,0,0,0,0,0,0,0,0.003377121727185886,0,0,0,0,0,0,0,0,0,0,0,0,0,0,0,0,0,0,0,0,0,0,0,0,0,0,0,0,0,0,0,0,0,0,0,0,0,0,0,0,0,0,0,0,0,0,0,0,0,0,0,0,0,0,0,0,0
0,0,0,0,0,0,0,0,0,0,0,0,0,0,0,0,0,0,0,0,0,0,0,0,0,0.003367824494357793,0,0,0,0,0,0,0,0.003638272409029251,0,0,0,0,0.003026017898636252,0,0,0,0,0,0.004383791120852017,0.00294193207382524,0,0.002811794108652242,0,0,0,0,0,0,0,0.002938789760122714,0,0,0,0,0,0,0,0,0,0,0,0,0,0,0.003914053563887149,0,0,0,0,0,0,0.0029080928934373,0,0,0,0,0,0,0,0,0,0,0,0,0,0,0,0,0,0,0,0,0,0,0,0,0,0,0,0,0,0,0,0,0,0,0,0,0,0,0,0.004123931804363686,0,0,0,0,0,0,0,0.002626732277572456,0,0,0,0,0,0,0,0,0,0.002738706314231469,0,0,0,0,0.003367327483444518,0,0,0,0,0,0,0,0,0,0,0,0,0,0,0,0,0,0,0,0,0,0,0,0,0,0,0,0,0,0,0,0,0,0,0,0,0,0,0,0,0.004272912994921622,0,0,0,0,0,0,0,0.003406012999619086,0,0,0,0.00367826809303055,0,0,0.003253622361479741,0,0,0,0,0,0,0,0,0,0,0,0.002839278124968371,0,0,0,0,0,0.003400268764884111,0,0,0,0,0,0,0,0,0,0,0,0,0,0,0.003618736351449032,0,0,0.003706824686823363,0,0,0,0,0,0,0,0,0,0,0,0.004892207437559673,0,0,0,0,0,0.002989870990086534,0,0.003416899346763489,0,0,0,0,0,0,0,0,0,0,0,0,0,0,0,0,0,0,0,0,0,0,0,0,0,0,0,0,0,0,0,0,0,0,0,0,0,0,0,0,0,0,0,0,0,0,0,0,0,0,0,0,0,0,0,0,0,0,0,0,0,0,0,0,0,0,0,0,0,0,0,0,0,0,0,0,0,0,0,0,0,0,0,0,0,0,0,0,0,0,0,0,0,0,0,0,0,0,0,0,0,0,0,0,0,0,0,0,0,0,0,0,0,0,0,0,0,0,0,0,0,0,0,0,0,0,0,0,0,0,0,0,0,0,0,0,0,0,0,0,0,0,0,0,0,0,0,0,0,0,0,0,0,0,0,0,0,0,0,0,0,0,0,0,0,0,0,0,0,0,0,0,0,0,0
0,0,0,0,0,0,0,0,0.005527264698584519,0,0,0,0,0.005079078298455038,0,0,0,0,0,0,0,0,0,0.00452788980233125,0,0,0,0.005854975320321188,0,0,0,0.00286434838533197,0.005325010412556784,0,0,0.005537371891231175,0,0,0,0,0,0,0,0,0,0,0.005787065448851807,0,0,0.005520317747458949,0,0,0,0,0,0,0,0,0.00565194017288518,0,0,0,0,0,0,0,0,0,0,0,0,0,0,0,0,0,0,0,0.005104811918225396,0,0,0,0.005895703812754236,0.005532580537175574,0,0,0,0,0,0.006184989885591538,0,0,0,0,0,0,0,0,0,0,0,0,0,0,0,0,0,0,0,0,0,0,0,0,0,0,0,0,0,0,0,0,0,0,0,0,0.003981057066185033,0,0,0,0.006263637432777458,0,0,0,0,0,0,0,0,0,0,0,0,0,0.006361462108118262,0,0,0.002827243246577522,0,0,0,0,0,0,0,0,0,0,0,0,0,0,0,0,0,0.00391594274690989,0,0,0,0,0,0,0,0,0,0,0,0,0,0,0,0,0.004640308224231395,0,0,0,0,0,0.004256557896542493,0,0,0,0,0,0,0,0,0,0,0,0,0,0,0,0.003521537173950378,0,0,0,0,0,0,0,0,0,0,0,0,0,0,0,0,0,0,0,0,0,0,0,0,0,0,0.005799254713350214,0,0,0,0,0,0,0,0,0,0,0,0,0,0,0,0,0.006133424069533631,0,0,0,0,0,0,0,0,0,0,0,0,0,0,0,0,0,0,0,0,0,0,0,0,0,0,0,0,0,0,0,0,0,0,0,0,0,0,0,0,0,0,0,0,0,0,0,0,0,0,0,0,0,0,0,0,0,0,0,0,0,0,0,0,0,0,0,0,0,0,0,0,0,0,0,0,0,0,0,0,0,0,0,0,0,0,0,0,0,0,0,0,0,0,0,0,0,0,0,0,0,0,0,0,0,0,0,0,0,0,0,0,0,0.004287372224321115,0.003928866336703085,0,0,0,0,0,0,0.003140074777408107,0,0,0,0,0,0,0.005243394379920109,0,0,0,0,0,0,0,0,0,0,0,0,0,0,0,0,0,0,0,0,0,0,0,0,0,0,0,0,0,0,0,0,0,0,0,0,0,0,0,0,0,0,0,0,0,0,0,0,0,0
0,0,0,0,0,0,0,0.00597673213992908,0.006432757382910248,0,0,0,0,0.006404006591578573,0,0,0,0,0,0,0,0,0,0.004656267122596437,0,0,0,0.00513762315125214,0,0,0,0.004273320915532257,0.006909589402284609,0,0,0.005185536548275834,0,0,0,0,0,0,0,0,0,0,0.005734464337676043,0,0,0.005266322057307963,0,0,0,0,0,0,0,0,0.006102391512884964,0,0,0,0,0,0,0,0,0,0,0,0,0,0,0,0,0,0,0,0.005006372918599926,0,0,0,0.00639148393541631,0.005425240989655238,0,0,0,0,0.006184989885591538,0,0,0,0,0,0,0,0,0,0,0,0,0,0,0,0,0,0,0,0,0,0,0,0,0,0,0,0,0,0,0,0,0,0,0,0,0,0.004004198000076257,0,0,0,0.005237334620424311,0,0,0,0,0,0,0,0,0,0,0,0,0,0.005479127158756945,0,0,0,0,0,0,0,0,0,0,0,0,0,0,0,0,0,0,0,0,0.005286616014838078,0,0,0,0,0,0,0,0,0,0,0,0,0,0,0,0,0.006042333455627514,0,0,0,0,0,0.005546738500980143,0,0,0,0,0,0,0,0,0,0,0,0,0,0,0,0.004757235624653256,0,0,0,0,0,0,0,0,0,0,0,0,0,0,0,0,0,0,0,0.003786280442887979,0,0,0,0,0,0,0.005747272316870417,0,0,0,0,0,0,0,0,0,0,0,0,0,0,0,0,0.006772823280916798,0,0,0,0,0,0,0,0,0,0,0,0,0,0,0,0,0,0,0,0,0,0,0,0,0,0,0,0,0,0,0,0,0,0,0,0,0,0,0,0,0,0,0,0,0,0,0,0,0,0,0,0,0,0,0,0,0,0,0,0,0,0,0,0,0,0,0,0,0,0,0,0,0,0,0,0,0,0,0,0,0,0,0,0,0,0,0,0,0,0,0,0,0,0,0,0,0,0,0,0,0,0,0,0,0,0,0,0,0,0,0,0,0,0.004349514118863881,0.004592892258456337,0,0,0,0,0,0,0.006835316062993792,0,0,0,0,0,0,0.005112545486187369,0,0,0,0,0,0,0,0,0,0,0,0,0,0,0,0,0,0,0,0,0,0,0,0,0,0,0,0,0,0,0,0,0,0,0,0,0,0,0,0,0,0,0,0,0,0,0,0,0,0
0.004407300925054772,0.00420598567390853,0,0,0,0,0,0,0,0,0.003952842315856038,0,0,0,0,0.004067087086474561,0,0,0,0,0,0,0,0,0,0,0,0,0,0,0,0,0,0,0,0,0.003723004285735685,0,0,0,0,0,0,0,0,0,0,0,0,0,0,0,0,0,0,0,0,0,0,0,0,0,0,0,0,0,0,0,0,0.003611420674200123,0,0,0,0,0,0,0,0,0,0,0,0,0,0,0,0,0,0,0,0,0,0,0,0.004744375395493896,0,0,0.004135854211552179,0,0.003114209652680749,0.00370596997286166,0,0,0,0,0,0,0.004246502747742339,0,0,0,0,0,0,0,0,0,0,0,0,0,0,0,0,0,0,0,0,0,0,0,0,0,0,0,0,0,0,0,0,0,0,0,0,0,0,0,0,0,0,0,0,0,0,0,0,0,0,0,0,0,0,0,0,0,0,0,0,0,0,0,0,0,0,0,0,0,0,0,0,0,0,0,0,0.008590648529067874,0,0,0,0,0,0,0,0,0.003134494092570959,0,0,0.003780774443719109,0,0,0,0,0.002688145067516673,0,0.00467997709095834,0.003958810189448514,0,0,0,0,0,0,0,0,0.00297381116654118,0.003622884018477093,0,0,0,0,0,0,0,0,0,0,0.003072214383174029,0,0,0,0,0,0.003001038049062538,0,0,0,0,0,0,0,0,0,0.004403289752949242,0,0,0,0,0,0,0,0,0,0,0,0,0,0,0,0,0.003226118933512425,0,0,0,0,0,0,0,0,0,0,0,0,0,0,0,0,0,0,0,0,0,0,0,0,0,0,0,0,0,0,0,0,0,0,0,0,0,0,0,0,0,0,0,0,0,0,0,0,0,0,0,0,0,0,0,0,0,0,0,0,0,0,0,0,0,0,0,0,0,0,0,0,0,0,0,0,0,0,0,0,0,0,0,0,0,0,0,0,0,0,0,0,0,0,0,0,0,0,0,0,0,0,0,0.004348395661081952,0,0,0,0,0,0,0,0,0,0,0,0,0,0,0,0,0,0,0,0,0,0,0,0,0,0,0,0,0,0,0,0,0,0,0,0,0,0,0,0,0,0,0,0,0,0,0,0,0,0,0,0,0,0,0,0,0,0,0,0,0,0,0,0,0,0
0,0,0,0,0,0,0,0,0,0,0,0,0,0,0,0,0,0.004622427839132019,0,0.00595598032096327,0,0,0,0,0,0,0.005147304505805542,0,0,0,0,0,0,0,0,0,0,0,0,0,0,0,0,0,0,0,0,0,0,0,0,0,0.003906331438429633,0,0,0,0,0,0,0,0,0,0.003096704367730306,0,0.004816037952781813,0,0,0,0,0,0,0,0,0,0,0,0,0,0,0,0,0,0,0,0,0.004257740094632396,0,0,0,0,0,0,0.004117522264679136,0,0,0,0,0,0,0,0.00361321147509292,0,0,0,0,0,0,0,0,0,0,0,0,0,0,0,0,0,0,0,0,0,0,0,0,0,0,0,0,0,0,0,0,0,0,0,0,0,0,0,0,0,0,0,0,0,0,0,0,0,0,0,0,0,0,0,0,0.004327676006508761,0,0,0,0,0,0,0,0,0,0,0,0,0,0,0,0,0,0,0,0,0.003574359318277464,0,0,0,0,0.003378819560551877,0,0,0.00543792524991663,0,0,0,0.003114656486885573,0,0,0,0.004473246614950084,0,0,0,0,0.004557162565077993,0,0,0,0,0,0,0,0,0,0,0,0,0,0,0,0,0,0,0,0.004658123715953575,0,0,0,0,0,0,0,0,0,0,0.003978534628340393,0,0,0,0,0,0,0,0,0,0,0,0,0,0,0,0,0,0,0,0,0,0,0,0,0,0,0,0,0,0,0.006057230310395512,0,0,0,0,0,0,0,0,0,0,0,0,0,0,0,0,0,0,0,0.005855743001628779,0,0.006017977849448178,0,0,0,0,0,0,0,0,0,0,0,0,0,0,0,0,0,0,0,0,0,0,0,0,0,0,0,0,0,0,0,0,0,0,0,0,0,0,0,0,0,0,0,0,0,0,0,0,0,0,0,0,0,0,0,0,0,0,0,0,0,0,0,0.003642140242555906,0,0,0,0,0,0,0,0,0,0,0,0,0,0,0,0,0,0,0,0,0,0,0,0,0,0,0,0,0.004285183182702984,0,0,0,0,0,0,0,0,0.003210775869108332,0,0,0,0,0,0,0,0,0,0,0,0,0,0,0,0,0,0,0,0,0,0,0,0,0,0,0,0,0,0,0,0,0,0,0,0,0,0,0,0,0,0
0,0,0,0,0,0,0.003128010608378961,0,0,0.001171944152478451,0,0,0,0,0,0,0,0.006642405812369745,0,0.005401522281094121,0,0,0,0,0,0,0.0047257839524771,0,0,0,0.003363767183895707,0,0,0,0,0,0,0,0,0,0,0,0,0,0,0,0,0,0,0,0,0,0.003843619332553971,0,0,0,0,0,0,0,0,0,0,0,0.006355458176564424,0,0,0,0,0,0,0.004501593946869993,0.003890580712825191,0,0,0,0,0,0,0,0,0,0,0,0,0.005814863428235293,0,0,0,0,0,0.004117522264679136,0,0,0,0,0,0,0,0,0,0,0,0,0,0,0,0,0,0,0.003348408286163272,0,0,0,0,0,0,0,0,0,0,0,0,0,0,0,0,0,0,0,0,0,0,0,0,0,0,0,0,0,0,0,0,0,0,0,0,0,0,0,0,0,0,0,0,0,0,0,0,0,0,0,0,0,0,0,0,0,0,0,0,0,0.00295312451796877,0,0,0,0,0,0,0,0,0,0,0,0,0,0.004939940394102456,0,0,0,0,0,0,0,0.0039093739228045,0,0,0,0,0.006801480755675693,0,0,0,0,0,0,0,0.005124933172005057,0,0.003287854550901303,0,0,0,0,0,0,0,0,0,0.003404260548621192,0,0,0,0,0,0,0,0,0,0,0.007769922033377368,0,0,0,0,0,0,0,0.003169749976980924,0,0,0,0,0,0,0,0,0,0,0,0,0,0,0,0,0,0,0,0,0,0,0.004595222831217742,0,0,0,0,0,0,0,0,0,0,0,0,0,0,0,0,0,0,0,0.005566872313768946,0,0.00471287142137576,0,0,0,0,0,0,0,0,0,0,0,0,0,0,0,0,0,0,0,0,0,0,0,0,0,0,0,0,0,0,0,0,0,0,0,0,0,0,0,0,0,0,0,0,0,0,0,0,0,0,0,0,0,0,0,0,0,0,0,0,0,0,0,0,0,0,0,0,0,0,0,0,0,0,0,0,0,0,0,0,0,0,0,0,0,0,0,0,0,0,0,0,0,0,0,0,0,0,0,0,0,0,0,0.002955316109211792,0,0,0,0,0,0,0,0,0,0,0,0,0,0,0,0,0,0,0,0,0,0.003132250137626887,0,0,0.003856375203341793,0,0.005200284594180073,0,0,0,0,0,0,0,0,0,0,0,0,0
0.007865413091135511,0.007325650027808413,0,0.006894706446933461,0,0,0,0,0,0,0.007389130815408334,0,0,0,0,0.0080078525987827,0,0,0,0,0.003697991568633736,0,0,0,0,0,0,0,0,0,0,0,0,0,0,0,0.005052617826575941,0,0,0.003822034127948466,0.004439666942948448,0,0,0,0,0,0,0,0,0,0,0,0,0,0,0,0,0,0,0,0,0,0,0,0,0,0,0,0,0.006722568924413457,0,0,0,0,0,0,0,0,0,0,0,0,0,0,0,0,0,0,0,0,0.004744375395493896,0,0,0,0,0.003484843485414297,0.007826500070668693,0,0,0,0,0,0,0,0,0,0,0,0,0,0,0,0,0,0,0,0,0,0,0,0,0,0,0,0,0,0,0,0,0,0,0,0,0,0,0,0,0,0,0,0,0,0,0,0,0,0,0,0,0,0,0,0,0,0,0,0,0,0,0,0,0,0,0,0,0,0,0,0,0,0,0,0,0,0,0,0,0,0,0,0,0,0,0,0,0,0,0,0,0,0,0,0.005188176619578239,0,0,0,0,0.004332682492851663,0,0,0,0,0.007396049505243358,0.00734356645222561,0,0,0,0,0,0,0,0,0,0.004963883605376438,0,0,0,0,0,0,0,0,0,0,0.003807106845929515,0,0,0,0,0,0,0,0,0.004204263546992112,0,0,0,0,0,0.004644696186581964,0.007647343768458275,0,0,0,0,0,0,0,0,0,0,0,0,0,0,0,0,0,0,0,0,0,0,0,0,0,0,0,0,0,0,0,0,0,0,0,0,0,0,0,0,0,0,0,0.005190795164334103,0,0,0,0,0,0,0,0,0,0,0,0,0,0,0,0,0,0,0,0,0,0,0,0,0,0,0,0,0,0,0,0,0,0,0,0,0,0,0,0,0,0,0,0,0,0.003009433225942095,0,0,0,0,0,0,0,0,0,0,0,0,0,0,0,0,0,0,0,0,0,0,0,0,0,0,0,0,0,0,0.005705387413170028,0,0,0,0,0,0,0,0,0,0,0,0,0,0,0,0,0,0,0,0,0,0,0,0,0,0,0,0,0,0,0,0,0,0,0,0,0,0,0,0,0,0,0,0,0,0,0,0,0,0.004055688225230383,0,0,0,0,0,0,0.004850750424759834,0,0,0,0,0,0,0,0,0
0,0,0,0.004557309243361653,0,0,0,0,0,0,0,0,0,0,0,0,0,0,0,0,0,0,0,0,0,0.003040093478136461,0,0.003156185755389893,0,0,0,0,0,0,0,0,0,0,0,0,0,0,0,0,0,0,0,0.003155382936563705,0,0,0.003728783495034735,0,0,0,0,0.003740515063298928,0,0,0,0,0,0,0,0,0,0,0,0,0,0,0.003466163642428696,0,0,0,0,0,0,0,0,0.005783636283469491,0,0,0,0,0,0,0,0,0,0,0,0,0,0,0,0,0,0.006680955953683218,0,0,0,0,0,0,0,0,0,0,0,0,0,0,0,0,0,0,0,0.003013022936132782,0,0,0,0,0,0,0,0,0,0,0,0,0,0,0,0.006328934492848251,0,0.003655898939914932,0,0,0,0,0,0,0,0,0,0,0,0,0,0,0,0,0,0.006177569757748609,0,0,0.003497393102696686,0,0,0,0,0,0,0,0,0,0,0,0,0,0,0,0,0,0,0,0,0,0,0,0,0,0,0,0,0,0,0,0,0,0,0,0,0,0,0,0,0,0,0,0,0,0,0,0,0,0,0,0,0,0,0.005729827932886344,0,0,0,0,0,0,0,0,0,0,0,0,0,0,0,0,0.005966657487002048,0,0,0,0,0,0,0,0,0,0,0,0,0,0,0,0,0,0,0,0,0,0,0,0,0,0,0,0,0,0,0,0,0,0,0,0,0,0,0,0,0.006047057522128094,0,0,0,0,0,0,0,0,0,0,0,0,0,0,0,0,0.005956716457823629,0,0,0,0,0,0,0,0,0,0,0,0,0,0,0,0,0,0,0,0,0,0,0,0,0,0,0,0,0,0,0,0,0,0,0,0,0,0,0,0,0,0,0,0,0,0,0,0,0,0,0,0,0,0,0,0,0,0,0,0,0,0,0,0,0,0,0,0,0,0.005961519023673987,0.006191342008158903,0,0,0,0,0,0,0,0,0,0,0,0,0,0,0,0,0,0,0,0,0,0,0,0.003725928716573884,0,0,0,0,0,0,0,0,0,0,0,0,0,0,0,0,0,0,0,0,0,0,0,0,0,0,0,0,0,0,0,0,0,0,0,0.006025503302881537,0,0.006027208868911909,0,0.00618061917067748,0.006998586918398225,0,0.006073074326908939,0,0,0.006047204577457305
0.00391288625985378,0.003851332906492001,0,0,0,0,0,0,0,0,0,0,0,0,0,0,0,0,0,0,0.005065908139053881,0,0,0,0,0,0,0,0,0,0,0,0,0,0,0,0.003175304170160329,0,0,0,0,0,0,0,0,0,0,0,0,0,0,0,0,0,0,0,0,0,0,0,0,0,0,0,0,0,0,0,0,0.003140735637002724,0,0,0,0,0,0.005346858242125066,0,0,0,0,0,0,0,0,0,0,0,0,0,0,0,0,0,0.003484843485414297,0,0,0.003143691884644609,0,0.00362459867622104,0,0,0,0,0,0.003884095362397945,0,0,0,0,0,0,0,0,0,0,0,0,0,0,0,0,0,0.003315217952145307,0,0,0,0,0,0,0,0,0,0,0,0,0,0,0,0,0,0,0,0,0,0,0,0,0,0,0,0,0,0,0,0,0.004766230243613799,0,0,0,0,0,0.004492889538715946,0,0,0,0,0,0,0,0.003756087652535791,0,0,0,0,0,0,0,0,0,0,0,0,0,0,0,0,0,0,0,0,0,0.004601445283198868,0,0,0,0.003578990821448336,0,0.003170831976469162,0,0,0,0,0.00359322197121476,0.003726096312068608,0,0,0,0,0,0,0,0,0.003894201945231348,0,0,0,0,0,0,0,0,0,0,0.004478484617660168,0,0,0,0,0,0,0,0,0,0,0.005111216375871542,0,0,0,0,0,0.003545169019196056,0,0,0,0,0,0,0,0,0,0,0,0,0,0,0,0,0.003914204586585137,0,0,0,0,0,0,0,0,0,0,0,0,0,0,0,0,0,0,0,0,0,0,0,0,0,0,0,0,0,0,0,0,0,0,0,0,0,0,0,0,0,0,0,0,0,0,0,0,0,0,0,0,0,0,0,0,0,0,0,0,0,0,0,0,0,0,0,0,0,0,0,0,0,0.004488282725525993,0,0,0,0,0,0,0,0,0,0,0,0,0,0,0,0,0,0,0,0.003746005894617325,0,0,0,0,0,0,0,0,0.00431654626115097,0,0,0,0,0,0,0,0,0,0,0,0,0,0,0,0,0,0,0,0,0,0,0,0,0,0,0,0,0,0,0,0,0,0,0,0,0,0,0,0,0,0,0,0,0,0,0,0,0,0,0,0,0,0,0,0,0,0,0,0,0,0,0,0,0,0,0
0.007127000560373519,0.007309326006961232,0,0.006876165579553523,0,0,0,0,0,0,0.007915956143789569,0,0,0,0,0.008753919484476966,0,0,0,0,0.004292282153578427,0,0,0,0,0,0,0,0,0,0,0,0,0,0,0,0.005523767746911006,0,0,0.004743386350447539,0.004764421250867009,0,0,0,0,0,0,0,0,0,0,0,0,0,0,0,0,0,0,0,0,0,0,0,0,0,0,0,0,0.00828920236116713,0,0,0,0,0,0,0,0,0,0,0,0,0,0,0,0,0,0,0,0,0.004135854211552179,0,0,0.007826500070668693,0,0.003143691884644609,0,0,0,0,0,0,0,0,0,0,0.003051340859121266,0,0,0,0,0,0,0,0,0,0,0,0,0,0,0,0,0,0,0,0,0,0,0,0,0,0,0,0,0,0,0,0,0,0,0,0,0,0,0,0,0,0,0,0,0,0,0,0,0,0,0,0,0,0,0,0,0,0,0,0,0,0,0.003614393571867014,0,0,0,0,0,0,0,0,0,0,0,0,0,0,0,0,0,0,0,0,0,0,0.005165338976759384,0,0,0,0,0.004050714254897996,0,0,0,0,0.00746406234244063,0.007504421336869341,0,0,0,0,0,0,0,0,0,0.005513750916529937,0,0,0,0,0,0,0,0,0,0,0.003329637357040964,0,0,0,0,0,0,0,0,0.004204735375466322,0,0,0,0,0,0.004007597079327076,0.007491332008898774,0,0,0,0,0,0,0,0,0,0,0,0,0,0,0,0,0,0,0,0,0,0,0,0,0,0,0,0,0,0,0,0,0,0,0,0,0,0,0,0,0,0,0,0.004468828628093186,0,0,0,0,0,0,0,0,0,0,0,0,0,0,0,0,0,0,0,0,0,0,0,0,0,0,0,0,0,0,0,0,0,0,0,0,0,0,0,0,0,0,0,0,0,0,0,0,0,0,0,0,0,0,0,0,0,0,0,0,0,0,0,0,0,0,0,0,0,0,0,0,0,0,0,0,0.004615080837863269,0,0,0,0,0,0,0,0,0,0,0,0,0,0,0,0,0,0,0,0,0,0,0,0,0,0,0,0,0,0,0,0,0,0,0,0,0,0,0,0,0,0,0,0,0,0,0,0,0,0.003798081253417276,0,0,0,0,0,0,0.005298904425545886,0,0,0,0,0,0.00405913324569131,0,0,0
0,0,0,0.005286391887620038,0,0,0,0,0,0,0,0,0,0,0,0,0,0,0,0,0,0,0,0,0,0,0,0,0,0,0,0,0,0,0,0,0,0,0,0,0,0,0,0,0,0,0,0,0,0,0,0,0,0,0,0,0,0,0,0,0,0,0,0,0,0,0.0049360898762097,0,0,0,0,0,0,0,0,0,0,0,0,0.005858286146306416,0,0,0,0,0,0,0,0,0,0,0,0,0,0,0.006680955953683218,0,0,0,0,0,0,0,0,0,0,0,0,0,0,0,0,0,0,0,0,0,0,0,0,0,0,0,0,0,0,0,0,0,0,0,0,0,0,0.006607287310552136,0,0,0,0,0,0.00745314324282433,0,0,0,0,0,0,0,0,0,0,0.007615442640591675,0,0,0.01280359895864163,0,0,0,0,0,0,0,0,0,0.006207728563894122,0,0,0,0,0,0,0,0,0,0,0,0,0,0,0,0,0,0,0,0,0,0,0,0,0,0,0,0,0,0,0,0,0,0,0,0,0,0,0,0,0,0,0,0,0,0,0,0.006130502101472458,0,0,0,0,0,0,0.007556537464748557,0,0,0,0.007602882237157472,0,0,0,0,0.004845609391825927,0.006267344588943411,0,0,0,0,0,0,0,0,0,0,0,0,0,0,0,0,0,0,0,0,0,0,0,0,0,0,0,0,0,0,0,0,0,0,0,0,0,0,0,0,0.01095762097349584,0.004826284242063987,0,0,0,0,0,0,0,0,0,0,0,0,0,0,0,0.009518577293275706,0,0,0,0,0,0,0,0,0,0,0,0,0,0,0,0,0,0,0,0,0,0,0,0,0,0,0,0,0,0,0,0,0,0,0,0,0,0,0,0,0,0,0,0,0,0,0,0,0,0,0,0,0,0,0,0,0,0,0,0,0,0,0,0,0,0,0.007595979148687293,0.006989301549827196,0,0.00916911019105696,0.01279514682766868,0,0,0,0,0,0,0,0,0,0,0,0,0,0,0,0,0,0,0,0,0,0,0,0,0,0,0,0,0,0,0,0,0,0,0,0,0,0,0,0,0,0,0,0,0,0,0,0,0,0,0,0,0,0,0,0,0,0,0,0.006846248276649335,0,0.006844808098769216,0.007553446774380142,0.01281770365395591,0.01336847317906036,0.007830530544354232,0.006790864767617437,0.007731219454385799,0,0.01095913831151843
0,0,0,0,0,0,0,0,0,0,0,0,0,0,0,0,0,0,0,0,0.003521493290614695,0,0,0,0,0,0,0,0,0,0,0,0,0,0,0,0,0,0,0,0,0,0,0,0,0,0,0,0,0,0,0,0,0,0,0,0,0,0,0,0,0,0,0,0,0,0,0,0,0,0,0,0,0,0,0.003740282277168363,0,0,0,0,0,0,0,0,0,0,0,0,0,0,0.003114209652680749,0,0,0,0,0.00362459867622104,0,0,0,0.007094787500949445,0,0,0,0,0.005091261295050664,0,0.003209189788147718,0,0,0,0,0,0,0,0,0,0,0,0,0,0,0,0.004958458031428553,0.004118629442018873,0,0,0,0,0,0,0,0,0,0,0,0,0,0,0,0,0,0,0,0,0,0,0,0,0,0,0,0,0,0,0,0,0,0,0,0,0,0.004995262378487156,0,0,0,0,0,0,0,0,0,0,0,0,0,0.005070867794350356,0,0,0,0,0,0,0,0,0,0,0,0,0,0,0,0,0,0,0,0.00759983520672379,0,0.003530939969706782,0,0,0.002907263282026219,0,0,0,0,0,0,0,0,0,0,0,0.007557609243058994,0,0,0,0,0,0,0,0,0,0,0,0,0,0,0,0,0,0,0,0,0,0,0,0,0,0,0,0,0,0,0,0,0,0,0,0,0,0,0,0,0,0,0,0,0.007276810781248103,0,0,0,0,0,0,0,0,0,0,0,0,0,0,0,0,0,0,0,0,0,0,0,0,0,0,0,0,0,0,0,0,0,0,0,0,0,0,0,0,0,0,0,0,0,0,0,0,0,0,0,0,0,0,0,0,0,0,0,0,0,0,0,0,0,0,0,0,0,0,0,0,0,0,0,0,0,0,0,0,0,0,0,0,0,0,0,0,0,0,0,0,0,0,0,0,0,0,0,0,0,0,0,0,0,0,0,0,0,0,0,0,0,0,0,0,0,0,0,0,0,0,0,0,0,0,0,0,0,0,0,0,0,0,0,0,0,0,0,0,0,0,0,0,0,0,0,0,0,0,0,0,0,0,0,0,0,0,0,0,0,0,0,0,0,0,0,0,0,0
0,0,0,0,0,0,0,0,0,0,0,0,0,0,0,0,0,0,0,0,0,0.004861150335622695,0.004849876893809075,0,0,0.003407015590853539,0,0,0,0,0,0,0,0,0,0,0,0,0,0,0,0,0,0,0,0,0,0,0,0,0,0,0,0,0,0,0,0,0,0,0,0,0,0,0,0,0,0,0,0,0,0,0,0,0,0,0,0,0,0,0,0,0,0,0,0,0,0,0,0,0.00370596997286166,0,0,0,0,0,0,0,0.007094787500949445,0,0,0.00245053232172142,0,0,0,0,0.003786562367998265,0,0,0,0,0,0,0,0,0,0,0,0,0.004128599170566907,0,0,0,0,0,0,0,0,0,0,0,0,0,0,0,0,0,0,0,0,0,0,0,0,0,0,0,0,0,0,0,0,0,0,0,0,0,0,0,0,0,0,0,0,0,0,0,0,0,0,0,0,0,0,0,0,0,0,0,0,0,0,0,0,0,0,0,0,0,0,0,0,0,0,0,0.007956404468928131,0,0,0,0,0,0,0,0,0,0,0,0,0,0,0,0,0.004524424575917274,0,0,0,0,0,0,0,0,0,0,0,0,0,0,0,0,0,0,0,0,0,0,0,0,0,0,0,0,0,0,0,0,0,0,0,0,0,0,0,0,0,0,0,0,0.004415016698848423,0,0,0,0,0,0,0,0,0,0,0,0,0,0,0,0,0,0,0,0,0,0,0,0,0,0,0,0,0,0,0,0,0,0,0,0,0,0,0,0,0,0,0,0,0,0,0,0,0,0,0,0,0,0,0,0,0,0,0,0,0,0,0,0,0,0,0,0,0,0,0,0,0,0,0,0,0,0,0,0,0,0,0,0,0,0,0,0,0,0,0,0,0,0,0,0,0,0,0,0,0,0,0,0,0,0.003560007460913125,0,0,0,0,0,0,0,0,0,0,0,0,0,0,0,0,0,0,0,0,0,0,0,0,0,0,0,0,0,0,0,0,0,0,0,0,0,0,0,0,0,0,0,0,0,0,0,0,0,0,0,0,0,0,0,0,0,0,0,0,0,0,0,0
0,0,0,0,0,0,0,0,0,0,0,0,0,0,0,0,0,0,0,0,0,0,0,0,0,0,0.003223060794304041,0,0,0,0,0,0,0,0,0,0,0,0,0,0,0,0.003237090250041753,0.003643078534837213,0,0,0,0,0,0,0,0,0.004159293696876271,0,0,0,0,0,0,0.004394167707841408,0,0,0.003345764325088872,0,0,0,0,0,0,0,0,0,0,0.004277580675521094,0,0,0,0,0,0.004455966976774937,0.004411312965978967,0,0,0,0,0,0,0,0,0,0,0.00361321147509292,0,0,0,0,0,0,0,0,0,0,0,0,0,0,0,0,0,0,0,0.003733304016889787,0,0,0,0,0,0,0,0,0,0,0,0,0,0,0,0,0,0,0,0.005041829936967427,0,0,0,0,0,0.003399864743189353,0,0,0,0,0,0.004549990156156561,0,0,0,0.003423598843494418,0,0,0,0,0,0,0.003997609990382942,0,0,0,0,0,0,0,0,0,0.005276404207523743,0,0,0,0,0,0,0,0,0,0,0,0,0,0.006185282192395541,0,0,0,0,0,0,0,0,0,0,0,0.00630160662579274,0,0,0,0.004427523083898934,0,0,0,0,0,0,0,0,0,0,0,0,0,0,0,0,0,0,0,0,0,0,0,0,0.004316586842683875,0,0,0,0,0,0,0,0,0,0,0,0,0,0,0,0,0,0,0,0,0,0,0,0,0,0,0,0,0,0,0,0,0,0,0,0,0.005778112973360255,0,0,0.004836785860005148,0,0.003258648386464082,0,0.005648905362778142,0,0,0,0,0,0,0,0,0,0,0,0,0,0,0,0,0,0,0,0,0,0,0,0,0,0,0,0,0,0,0,0,0,0,0,0,0,0,0,0,0,0,0,0,0,0,0,0,0,0,0,0,0,0,0,0,0,0,0,0,0,0,0,0,0,0,0,0,0,0,0,0,0,0,0,0,0,0,0,0,0,0,0,0,0,0,0,0,0,0,0,0.003788952537127063,0,0,0,0.004701178422869931,0,0,0,0,0,0,0,0,0,0,0,0,0,0.003389250839479521,0,0,0.003896728022020409,0,0,0,0.005230382541162775,0,0,0,0,0,0,0,0,0,0,0,0,0,0,0,0,0,0,0,0,0,0,0,0,0,0,0,0,0,0,0,0,0,0,0,0,0,0,0,0,0,0,0,0,0,0,0
0,0,0,0,0,0,0,0,0,0,0,0,0,0,0,0,0,0,0,0,0,0,0,0,0,0,0,0,0,0,0,0,0,0,0,0,0,0,0,0,0,0,0,0,0,0.004509234279115646,0,0,0,0,0,0,0,0,0,0,0,0,0,0,0,0,0,0,0,0,0,0,0,0,0,0,0,0,0,0,0,0,0,0,0,0.005490047349506399,0,0,0.005400056422971193,0,0,0,0,0,0,0,0,0,0,0,0,0,0,0.00245053232172142,0,0,0,0,0,0,0,0.006802193154680508,0,0,0,0,0,0,0,0,0,0,0,0.002791689323641258,0,0,0,0,0,0,0,0,0,0,0,0,0,0,0,0,0,0,0,0,0,0,0,0,0,0,0,0,0,0,0,0,0,0,0,0,0,0,0,0,0,0,0,0,0,0,0,0,0,0,0,0,0.003384110871067564,0,0,0,0,0,0,0,0,0,0,0,0,0,0,0,0,0,0,0,0,0,0,0,0,0,0,0,0,0,0,0,0,0,0,0,0,0,0,0,0,0,0,0,0,0,0,0,0,0,0,0,0,0,0,0,0,0,0,0,0,0,0,0,0,0,0,0,0,0,0,0,0,0,0,0,0,0,0,0,0,0,0,0,0,0,0,0,0,0,0,0,0,0,0,0,0,0,0,0,0,0,0,0,0,0,0,0,0,0,0,0,0,0,0,0,0,0,0,0,0,0,0,0,0,0,0,0,0,0,0,0,0,0,0,0,0,0,0,0,0,0,0,0,0,0,0,0,0,0,0,0,0,0,0,0,0,0,0,0,0,0,0,0,0,0,0,0,0,0,0,0,0,0,0,0,0,0,0,0,0.00240910603587871,0,0,0,0,0,0,0,0,0,0,0.00249301959422653,0,0,0.006368981537285884,0,0.002936813050769228,0.003244783535017769,0,0,0.002818830789473399,0,0,0,0,0,0,0,0,0,0,0,0,0,0.002981742836670582,0.003203132409478794,0,0,0,0,0,0,0,0,0,0,0,0,0,0,0,0,0,0,0,0,0,0,0,0,0.00329058566492402,0.003402815947632332,0.003036917768787488,0.005106625336675297,0,0,0,0,0,0,0,0,0.006182713711383826,0,0,0
0,0,0,0,0,0,0,0,0,0,0,0,0.002780105684266495,0,0,0,0,0,0,0,0,0,0,0,0,0.002649600069270702,0,0,0,0.00480901001466515,0,0,0,0,0,0,0,0.00449606614650254,0,0,0,0,0,0,0.003334746716017654,0,0,0,0.004513974654886125,0,0,0,0,0.005712322100875399,0,0,0,0,0,0,0,0,0,0.004923030598122156,0,0,0,0,0,0,0,0,0,0,0,0,0,0,0,0,0,0,0,0,0,0,0,0,0,0,0,0,0,0,0,0,0,0,0,0,0,0,0,0.004665618651787507,0,0,0,0,0,0,0,0,0,0.004951822803444407,0,0,0,0,0,0,0,0,0,0,0,0,0,0,0,0,0,0,0,0.004850956522807219,0,0,0,0,0,0,0.00470597490367043,0,0,0,0,0,0,0,0,0,0,0,0,0,0,0,0,0,0,0,0.005863349883385804,0,0,0,0,0,0,0,0,0,0,0,0,0,0,0,0,0,0,0,0,0.003187611448587936,0,0,0,0,0,0,0,0,0,0,0,0,0,0,0,0,0,0,0,0.004680566383982518,0,0,0,0,0,0,0,0,0,0,0,0,0,0,0.004602497136702343,0,0,0,0,0,0,0,0,0,0,0,0,0,0,0,0,0,0,0,0,0,0,0,0,0,0,0,0,0,0,0,0,0,0,0.004520825695433113,0,0.004850866047438566,0,0,0,0,0.004431225429849323,0,0,0,0,0,0,0,0,0,0,0,0,0,0,0,0,0,0,0,0,0,0,0,0,0,0,0,0,0,0,0,0,0,0,0,0,0,0,0,0,0,0,0,0,0,0,0,0,0,0,0,0,0,0,0,0,0,0,0,0,0,0,0,0,0,0,0,0,0,0,0,0,0,0,0,0,0,0,0,0,0,0,0,0,0,0,0,0,0,0,0,0,0,0,0,0,0,0,0,0,0,0,0,0,0,0,0,0,0,0,0,0,0,0,0,0.003585605444439964,0,0,0,0,0,0,0,0,0,0,0,0,0,0,0,0,0,0,0,0,0,0,0,0,0,0,0,0,0,0,0,0,0,0,0,0,0,0,0,0,0,0,0,0,0,0,0,0,0,0,0,0,0
0,0,0,0,0,0,0,0,0,0,0,0,0,0,0,0,0,0,0,0,0,0,0,0,0,0,0,0,0,0,0,0,0,0,0.00500655527896334,0.004634749786162587,0,0.00746045310424944,0,0,0,0,0,0,0,0,0,0,0.004497350658512519,0.004322550844320035,0,0,0,0.005041180454779155,0,0,0,0,0,0,0,0,0,0.005100676030493843,0,0,0,0,0,0,0,0,0,0,0,0,0,0,0,0,0,0,0,0,0,0,0,0,0,0,0,0,0,0,0,0,0,0,0,0,0,0,0.004665618651787507,0,0,0,0,0,0,0.00474561783215662,0,0,0,0.005015307063854477,0,0,0,0,0,0,0,0.00474771866063156,0,0,0,0,0,0.004878847921359637,0,0,0,0,0,0.005578393023893236,0,0,0.004880004269206612,0,0,0,0.004769571144253202,0,0,0,0,0.004253178215936002,0,0,0,0,0,0,0,0,0,0,0,0,0,0,0.00531375887713113,0,0,0,0,0,0,0,0,0,0,0,0,0,0,0,0,0,0,0,0,0,0,0,0,0,0,0,0,0,0,0,0,0,0,0,0,0,0,0,0,0.005308231899116891,0,0,0,0,0,0,0,0,0,0,0,0,0,0,0.007828896271504588,0,0,0,0.004251987848550786,0,0.004273890233087746,0,0,0,0,0,0,0,0,0,0,0,0,0,0,0,0,0,0,0,0.004267621874370523,0,0,0,0,0,0,0.005325519611571142,0,0.006879305326961589,0,0.008952790722947274,0.004289587243531979,0,0,0,0.004857443770881998,0,0.00440676636529928,0,0,0,0,0,0,0,0,0,0,0,0,0,0,0,0,0,0,0,0,0,0,0,0,0,0,0,0,0,0,0,0,0,0,0,0,0,0,0,0,0,0,0,0,0,0,0,0,0,0,0,0,0,0,0,0,0,0,0,0,0,0,0,0,0,0,0,0,0,0,0,0,0,0,0,0,0,0,0,0,0,0,0,0,0,0,0,0,0,0,0,0,0.004263747918888844,0.00425083254243541,0,0,0,0,0,0,0,0,0,0,0,0,0,0,0,0,0,0,0,0,0,0,0,0,0,0,0,0,0,0,0,0,0,0,0,0,0,0,0,0,0,0,0,0,0,0,0,0,0,0,0,0,0,0,0,0,0,0,0,0,0,0,0,0,0,0,0,0,0,0,0,0,0
0,0,0,0,0,0,0,0,0,0,0,0,0,0,0,0,0.005329653871529751,0,0,0,0,0,0,0,0,0,0,0,0,0,0,0,0,0,0,0,0,0,0,0,0,0,0,0,0,0,0,0,0,0,0,0,0,0,0,0,0,0,0,0,0,0,0,0,0,0,0,0,0,0,0,0,0,0,0,0.004493595110986626,0,0,0,0,0,0,0,0,0,0,0,0,0,0,0,0,0,0,0,0.003884095362397945,0,0,0.005091261295050664,0,0,0,0,0,0,0,0,0,0,0,0,0,0,0,0,0,0,0,0,0,0,0,0.007071401603956638,0.004931496118445973,0,0,0,0,0,0.003762345132257775,0,0,0,0,0,0,0,0,0,0,0,0,0,0,0,0,0,0,0,0,0,0,0,0,0,0.004399182222818585,0,0,0,0.003573654198753985,0,0.006088608536063293,0.003769572560347,0,0,0,0,0,0,0,0,0,0,0,0,0.005932527701660288,0,0,0,0,0,0,0,0,0,0,0,0,0,0,0,0.004801578721721935,0,0,0,0.004524669260387675,0,0.003712400424643101,0,0,0.003259353557322976,0,0,0,0,0,0,0,0,0,0.003642292640901277,0,0.004871157481699897,0,0,0,0,0,0,0,0,0,0,0.005650796477938016,0,0,0,0,0,0,0,0,0,0,0.004401448956829097,0,0,0.00305207391793423,0,0,0,0,0,0,0,0,0,0,0,0,0,0,0,0,0,0,0,0.004719461697226953,0,0,0,0,0,0,0,0,0,0,0,0,0,0,0,0,0,0,0,0,0,0,0,0,0,0,0,0,0,0,0,0,0,0,0,0,0,0.00307261741480116,0,0,0,0,0,0,0,0,0,0,0,0,0,0,0,0,0,0,0,0,0,0,0,0,0,0,0,0,0,0,0,0,0,0,0,0,0,0,0,0,0,0,0,0,0,0,0,0,0,0,0,0,0,0,0,0.004565721996179837,0,0,0,0,0,0,0,0,0.006072878882805078,0,0,0,0,0,0,0,0,0,0,0,0,0,0,0,0,0,0,0,0,0,0,0,0,0,0,0,0,0,0,0,0,0,0,0,0,0,0,0,0,0,0,0,0,0,0,0,0,0,0,0,0,0,0,0,0,0,0,0,0,0,0,0,0,0,0,0
0,0,0,0,0,0,0,0,0,0,0,0,0,0,0,0,0,0,0,0,0,0,0,0,0,0,0,0,0,0,0,0,0,0,0,0,0,0,0,0,0,0,0,0,0,0,0,0,0,0,0,0,0,0,0,0,0,0,0,0,0,0,0,0,0,0,0,0,0,0,0,0,0,0,0,0,0,0,0,0,0,0,0,0,0,0,0,0,0,0,0,0,0,0,0,0,0,0,0,0,0,0,0,0,0,0,0,0,0,0,0,0,0,0,0,0,0,0,0,0,0,0,0,0,0,0,0,0,0,0,0,0,0,0,0,0,0,0,0,0,0,0,0,0,0,0,0,0,0,0,0,0,0,0,0,0,0,0,0,0,0,0,0,0,0,0,0,0,0,0,0,0,0,0,0,0,0,0,0,0,0,0,0,0,0,0,0,0,0.009131031731638227,0,0,0,0,0,0,0,0,0,0,0,0,0,0,0,0,0,0,0,0,0,0,0,0,0,0,0,0,0,0,0,0,0,0,0,0.01578366535725593,0,0,0,0,0,0,0,0,0,0,0,0,0,0,0,0,0,0,0,0,0,0,0,0,0,0,0,0,0,0,0,0,0,0,0,0,0,0,0,0,0,0,0,0,0,0,0,0,0,0,0,0,0,0,0,0,0,0,0,0,0,0,0,0,0,0,0,0,0,0,0,0,0,0,0,0,0,0,0,0,0,0,0,0,0,0,0,0,0,0,0,0,0,0,0,0,0,0,0,0,0,0,0,0,0,0,0,0,0,0,0,0,0,0,0,0,0,0,0,0,0,0,0,0,0,0,0,0,0,0,0,0,0,0,0,0,0,0,0.02385309409434816,0,0,0,0,0,0,0.001964025095261989,0,0,0,0,0,0,0,0,0,0,0,0,0,0,0,0,0,0,0,0,0,0,0,0,0,0,0,0,0,0,0,0,0,0,0,0,0,0,0,0,0,0,0,0,0,0,0,0,0,0,0,0,0,0,0,0,0
0.002998836601112048,0,0,0,0,0,0,0,0,0,0.003480339840461085,0,0,0,0,0.003099416489074579,0,0,0,0,0,0,0,0,0,0,0,0,0,0,0,0,0,0,0,0,0.003665919616709887,0,0,0.003231877406439192,0.003316274305250764,0,0,0,0,0,0,0,0,0,0,0,0,0,0,0,0,0,0,0,0,0,0,0,0,0,0,0,0,0,0,0,0,0,0,0,0,0,0,0,0,0,0,0,0,0,0,0,0,0,0.004246502747742339,0,0,0,0,0,0.003051340859121266,0,0.003209189788147718,0.003786562367998265,0,0,0,0,0,0,0,0,0,0,0,0,0,0,0,0,0,0,0,0,0,0,0,0,0,0,0,0,0,0,0,0,0,0,0,0,0,0,0,0,0,0,0,0,0,0,0,0,0,0,0,0,0,0,0,0,0,0,0,0,0,0,0,0,0,0,0,0,0,0,0,0,0,0,0,0,0,0,0,0,0,0,0,0.007366300709912359,0,0,0,0,0,0,0,0,0,0,0,0.00485661218247057,0,0,0,0,0.00336726534972864,0,0,0,0,0,0,0,0,0,0,0,0.002999252032303494,0.004148248957156274,0,0,0,0,0,0,0,0,0,0,0,0,0,0,0,0,0.002933767918147983,0,0,0,0,0,0,0,0,0,0.00313432012784216,0,0,0,0,0,0,0,0,0,0,0,0,0,0,0,0,0.003303086218103726,0,0,0,0,0,0,0,0,0,0,0,0,0,0,0,0,0,0,0,0,0,0,0,0,0,0,0.003512749093262135,0,0,0,0,0,0,0,0,0,0,0,0,0,0,0,0,0,0,0,0,0,0,0,0,0,0,0,0,0,0,0,0,0,0,0,0,0,0,0,0,0,0,0,0,0,0,0,0,0,0,0,0,0,0,0,0,0,0,0,0,0,0,0,0,0,0,0,0,0,0,0,0,0,0,0,0,0,0,0,0.002911367291654778,0,0,0,0,0,0,0,0,0,0,0,0,0,0,0,0,0,0,0,0,0,0,0,0,0,0,0,0,0,0,0,0,0,0,0,0,0,0,0,0,0,0,0,0,0.003069136797071786,0,0,0,0,0,0,0,0,0,0,0,0,0,0,0,0,0,0
0,0,0,0,0,0,0,0,0,0,0,0,0,0,0,0,0,0,0,0,0,0,0,0,0,0,0,0,0,0,0,0,0,0,0,0,0,0,0,0,0,0,0,0,0,0.002395056141172763,0,0,0,0,0,0,0,0,0,0,0,0,0,0,0,0,0,0,0,0,0,0,0,0,0,0,0,0,0,0,0,0,0,0,0,0,0,0,0.005028648566290703,0,0,0,0,0,0,0,0,0,0,0,0,0,0,0,0,0.006802193154680508,0,0,0,0,0,0,0,0,0,0,0,0,0.002651207538096965,0.002319003042442919,0,0,0,0,0,0,0,0,0,0,0,0,0,0,0,0,0,0,0,0,0,0,0,0,0,0,0,0,0,0,0,0,0,0,0,0,0,0,0,0,0,0,0,0,0,0,0,0,0,0,0,0,0,0,0,0.003227991934502347,0,0,0,0,0,0,0,0.003667905970781708,0.002278277935280812,0,0,0,0,0,0,0,0,0,0,0,0,0,0,0,0,0,0,0,0,0,0,0,0,0.005505207392324733,0,0,0,0,0,0,0,0,0,0,0,0.003098076158681243,0,0,0,0,0,0,0,0,0,0,0,0,0,0,0,0,0,0,0,0,0,0,0,0,0,0,0,0,0,0,0,0,0,0,0,0,0,0,0,0,0,0,0,0,0,0,0,0,0,0,0,0,0,0,0,0,0,0,0,0,0,0,0,0,0,0,0,0,0,0,0.003147489245874039,0.003866901915967472,0,0,0,0,0,0,0,0,0,0,0,0,0,0,0,0,0,0,0,0,0,0,0,0,0,0,0,0,0,0,0,0,0,0,0,0,0,0,0,0,0,0,0,0,0,0,0,0,0,0,0,0,0,0,0,0,0,0,0,0,0,0,0.003271040619097925,0,0,0,0,0,0,0,0,0,0,0,0,0,0,0,0.003641474811970418,0.003915175297048425,0,0,0,0,0,0,0,0,0,0,0,0,0.003223927711784787,0,0,0.003714844448027964,0.002854399416777177,0,0,0,0,0,0,0,0,0,0,0,0,0,0,0,0,0,0,0,0,0,0,0,0,0,0,0,0,0.002442316432525633,0,0,0,0,0,0,0,0,0,0,0.00398326936401654,0
0,0,0,0,0,0,0,0,0,0,0,0,0,0,0,0,0,0,0,0,0,0,0,0,0,0,0,0,0,0,0,0,0,0,0,0,0,0,0,0,0,0,0,0,0,0,0,0,0,0,0,0,0,0,0,0,0,0,0,0,0,0,0,0,0,0,0,0,0,0,0,0,0,0,0,0,0,0,0,0,0,0,0,0,0,0,0,0,0,0,0,0,0,0,0,0,0,0,0,0,0,0,0,0,0,0,0,0,0,0,0,0,0,0,0,0,0.006791654810670331,0,0,0,0,0,0,0,0,0,0,0,0,0,0,0,0,0,0,0,0,0,0,0,0,0,0,0,0,0,0,0,0,0,0,0,0,0,0,0,0,0,0,0,0,0,0,0,0,0,0,0,0,0,0,0,0,0,0,0,0,0,0,0,0,0,0,0,0,0,0,0,0,0,0,0,0,0,0,0,0,0,0,0,0,0,0,0,0,0,0,0,0,0,0,0,0,0,0,0,0,0,0,0,0,0,0,0,0,0,0,0,0,0,0,0,0,0,0,0,0,0,0,0,0,0,0,0,0,0,0,0,0,0,0,0,0,0,0,0,0,0,0,0,0,0,0,0,0,0,0,0,0,0,0,0,0,0,0,0,0,0,0,0,0,0,0,0,0,0,0,0,0,0,0,0,0,0,0,0,0,0,0,0.007615661219530416,0.007618351856527284,0.007058607564350687,0.007463150994479334,0.007058607564350687,0.007080020202339849,0.006981129518343139,0.007201747081045868,0.007082414305022903,0.007130492842512229,0.007080020202339849,0.00712898551182904,0.00720167459187581,0.007080020202339848,0.007082414305022902,0.007133542526555199,0.007204457343442714,0,0,0,0,0,0,0,0,0,0,0,0,0,0,0,0,0,0,0,0,0,0,0,0.006286584802851079,0.005201577227887311,0.006286584802851079,0.006084105529709727,0.006639525002286633,0.006553065165938805,0.005300766305330825,0.00705952107836989,0,0,0,0,0,0,0,0,0,0,0,0,0,0,0,0,0,0,0,0,0,0,0,0,0,0,0,0,0,0,0,0,0,0,0,0,0,0,0,0,0,0,0,0,0,0,0,0,0,0,0,0,0,0,0,0,0,0,0,0,0,0,0,0,0,0,0,0,0,0,0,0,0,0,0,0,0,0,0,0,0
0,0,0,0,0,0,0.004235188604869105,0,0,0,0,0,0,0,0,0,0,0,0,0,0,0,0,0,0,0,0,0,0,0,0.005674417013873873,0,0,0,0.009540541830072689,0.004550630678401568,0,0,0,0,0,0,0,0,0,0,0,0,0,0.00424223677671097,0,0,0,0,0,0.005102317477523062,0,0,0,0,0,0,0,0,0,0,0.004022869450130668,0,0,0,0,0,0.00628616426635036,0,0,0,0,0,0,0,0,0.004172938430619326,0,0,0,0,0,0,0,0,0,0,0,0,0,0,0,0,0,0,0,0,0,0.00474561783215662,0,0,0,0,0,0,0.006503551709753152,0,0,0,0,0,0,0,0,0,0,0.009788423134508711,0,0,0,0,0,0,0,0,0,0,0,0,0,0,0,0,0,0,0,0,0,0,0,0.00506464980616572,0,0,0,0,0,0,0,0,0,0,0,0,0,0,0,0,0,0,0,0,0.006629168941616637,0,0,0,0,0,0,0,0,0,0,0,0,0,0,0,0,0,0,0,0,0,0,0,0,0,0,0,0,0,0,0,0,0,0,0,0,0,0,0,0,0,0,0.005268441845786034,0,0,0,0,0,0,0.004182704853555715,0,0,0,0.004116035577571548,0,0.004225856468221425,0,0,0,0,0,0,0,0,0,0,0,0,0,0,0,0.008406320544942697,0,0,0,0.004249897651870761,0,0,0,0,0,0,0,0,0,0,0.004696754395716499,0.004420375333546061,0,0,0,0,0,0.009799478005184173,0,0,0,0,0,0,0,0,0,0,0,0,0,0,0,0,0,0,0,0,0,0,0,0,0,0,0,0,0,0,0,0,0,0,0,0,0,0,0,0,0,0,0,0,0,0,0,0,0,0,0,0,0,0,0,0,0,0,0,0,0,0,0,0,0,0,0,0,0,0,0,0,0,0,0,0,0,0,0,0,0,0,0,0,0,0,0,0,0,0,0,0,0.004427994293053909,0.004278728966132401,0,0,0,0,0,0,0,0,0,0,0,0,0,0,0,0,0,0,0,0,0.004784054308973459,0,0,0,0,0,0,0,0,0,0,0,0,0,0,0,0,0,0,0,0,0,0,0,0,0,0,0,0,0,0,0,0,0,0,0,0,0,0,0,0,0,0,0.004119502016146952,0,0,0,0,0,0,0.004015425284008563,0,0
0,0,0,0,0,0,0.006367162795757209,0,0,0,0,0,0,0,0,0,0,0,0,0,0,0,0.003041425777934797,0,0,0,0,0,0,0,0.007833976020125658,0,0,0,0.005488966377849479,0,0,0,0.00375837082526572,0,0,0,0,0,0,0,0,0,0,0,0,0,0,0,0,0.003376827927728057,0,0,0,0,0,0,0,0,0,0,0,0,0,0,0,0.005788297955067538,0.00807544254288288,0,0,0,0,0,0,0,0,0,0,0,0,0,0,0,0,0,0,0,0.003348408286163272,0,0,0,0,0,0,0,0,0,0,0,0,0,0,0,0,0.006503551709753152,0,0,0,0,0,0,0,0,0,0,0,0.006482458641452896,0,0,0,0.003253763076497348,0,0,0,0,0,0,0,0,0,0,0,0,0,0,0,0.002728163456616321,0,0,0,0,0,0,0,0,0.002010500298873479,0,0,0,0,0,0.004241085456107104,0,0,0,0,0,0,0,0,0,0.006399408015870415,0,0,0,0,0,0,0,0,0,0,0,0,0,0,0,0,0,0,0,0,0,0,0,0,0,0,0,0,0,0,0,0,0,0,0,0,0,0,0,0,0,0,0.006541018204086287,0,0,0,0,0,0,0,0,0,0,0,0,0,0,0,0,0,0,0,0,0,0,0,0,0,0,0,0,0.007673317711200963,0,0,0,0,0,0,0,0,0,0,0,0,0,0,0,0,0,0,0,0,0,0.008581779783721738,0,0,0,0,0,0,0,0,0,0,0,0,0,0,0,0,0,0,0,0,0,0,0,0,0,0,0,0,0,0,0,0,0,0,0,0,0,0,0,0,0,0,0,0,0,0,0,0,0,0,0,0,0,0,0,0,0,0,0,0,0,0,0,0,0,0,0,0,0,0,0,0,0,0,0,0,0,0,0,0,0,0,0,0,0,0,0,0,0,0,0,0,0,0,0,0,0,0,0,0,0,0,0,0,0,0,0,0,0,0,0,0,0,0,0,0,0,0,0,0,0,0,0,0,0,0,0,0,0,0,0,0,0,0,0,0,0,0,0,0,0,0,0,0,0,0,0,0,0,0,0,0,0,0,0,0,0,0,0,0,0,0,0,0,0,0,0
0,0,0,0,0,0,0,0,0,0,0,0,0,0,0,0,0,0,0,0,0,0,0,0,0,0,0,0,0,0.002842370698300652,0,0,0,0,0,0,0,0,0,0,0,0,0,0.002910652220980813,0,0,0,0,0,0,0,0,0.00371879051560327,0.003030768516731249,0,0,0,0,0,0,0,0,0,0,0,0,0,0,0,0,0,0,0,0.004317309640989933,0,0,0,0,0,0,0.004742327171656412,0,0,0,0,0,0,0,0,0,0,0,0,0,0,0,0,0,0,0,0.003733304016889787,0,0,0,0,0,0,0,0,0,0,0,0,0,0,0,0,0,0,0,0,0,0,0,0,0,0,0,0,0,0,0,0,0,0,0,0,0.002884008079338213,0,0,0,0,0,0,0,0,0,0,0,0,0,0,0,0,0.004820381817352319,0,0,0,0,0,0.00302728323259616,0,0,0,0.003350004060982221,0,0,0,0,0,0,0,0,0,0,0,0,0,0,0,0,0,0,0,0,0,0,0,0,0,0,0,0,0,0.003868203078443697,0,0,0,0,0,0,0,0,0,0,0,0,0,0,0,0,0,0,0,0,0,0,0,0,0.00389939345271698,0,0,0,0,0,0,0,0,0,0,0,0,0,0,0,0,0,0,0,0,0,0,0,0,0,0,0,0,0,0,0,0,0,0,0,0,0,0,0.004841533103437131,0,0,0,0.003378889865859014,0,0,0,0,0,0,0,0,0,0,0,0,0,0,0,0,0,0,0,0,0,0,0,0,0,0,0,0,0,0,0,0,0,0,0,0,0,0,0,0,0,0,0,0,0,0,0,0,0,0,0,0,0,0,0,0,0,0,0,0,0,0,0,0,0,0,0,0,0,0,0,0,0,0,0,0,0,0,0,0,0,0,0,0,0,0,0,0,0,0,0,0,0.0030753901227836,0,0,0,0,0,0,0,0,0,0,0,0,0,0,0,0,0,0.002877163778763976,0,0,0,0,0,0,0,0,0,0,0,0,0,0,0,0,0,0,0,0,0,0,0,0,0,0,0,0,0,0,0,0,0,0,0,0,0,0,0,0,0,0,0,0,0,0,0,0,0,0,0,0,0,0
0,0,0.005608170202029569,0,0,0,0,0,0,0,0,0,0,0,0,0,0,0,0.004950833478763324,0,0,0,0,0,0,0,0,0,0,0,0,0,0,0,0,0,0,0.00462070058548055,0,0,0,0,0,0,0,0,0,0,0.007065774875790619,0,0.008253271240542908,0,0,0,0.004847390670547074,0,0.004549037649878383,0.009282336414886724,0,0,0,0,0,0.004360437060215494,0,0,0,0,0,0,0,0,0,0,0,0,0,0,0.004988514325802005,0,0,0,0,0,0,0,0,0,0,0,0,0,0,0,0,0,0,0,0,0,0,0,0,0,0,0,0,0,0,0,0,0,0,0.00450381463838133,0,0,0,0,0,0,0,0,0,0,0,0,0,0,0,0,0,0,0,0,0.004561547995619504,0,0.008205996931691328,0,0.005529059322144942,0,0.004403095803353244,0,0.005191542945740591,0.004359705009443959,0,0,0,0,0,0,0,0,0,0,0,0,0,0,0,0,0.00474826604822387,0,0,0,0,0,0,0.004892447687594275,0.004946709661673444,0,0,0,0,0,0,0,0,0,0,0,0,0,0,0,0,0,0,0,0,0,0,0,0,0,0,0,0,0,0,0,0,0,0,0,0,0,0,0.004866800303838965,0,0,0,0,0,0,0,0,0.004476660263633274,0,0,0,0,0,0,0,0,0,0,0,0,0,0,0,0,0,0,0,0,0.004850005037810629,0,0,0,0,0,0,0,0,0,0,0,0,0,0.004667398259532869,0,0,0,0,0,0,0,0.004864330269537192,0,0,0,0,0,0,0,0,0,0,0,0,0,0,0,0,0,0,0,0,0,0,0,0,0,0,0,0.004545925650855985,0,0,0,0,0,0,0,0,0,0,0,0,0,0,0,0,0,0,0,0,0,0,0,0,0,0,0,0,0,0,0,0,0,0,0,0,0,0,0,0,0,0,0,0,0,0,0,0,0,0,0,0,0,0,0,0,0,0,0,0,0,0,0,0,0,0,0,0,0,0,0,0,0,0,0,0,0,0,0,0,0,0,0,0,0,0,0,0,0,0.004999729949515125,0,0,0,0.007904531450645515,0,0,0,0,0,0,0,0,0,0,0,0,0,0,0,0,0,0,0,0,0,0,0,0,0,0,0,0,0,0,0,0,0,0,0,0,0,0,0,0,0,0,0,0,0,0
0,0,0,0,0,0,0,0,0,0,0,0,0,0,0,0,0,0,0,0,0,0,0,0,0,0,0,0,0,0.004443870502646996,0,0,0,0,0,0,0,0.005128897227264624,0,0,0,0,0,0,0.004015585603741662,0,0,0,0.005039850272214077,0,0,0,0,0.00555063296910544,0.00452436274606818,0,0.004541246263093579,0.004369085813581969,0,0,0,0,0,0.005430734661414797,0,0,0,0,0,0,0,0,0,0,0,0,0,0,0,0,0,0,0,0,0,0,0,0,0,0,0,0,0,0,0,0,0,0,0,0,0,0,0.004951822803444407,0.005015307063854477,0,0,0,0,0,0,0,0,0.00450381463838133,0,0,0,0,0,0,0,0,0,0,0,0,0,0,0.005220353435965504,0,0,0,0,0,0,0,0,0.005089468021714351,0,0,0,0.005510475168690063,0,0,0,0,0,0,0,0,0,0,0,0,0,0,0,0,0,0,0,0.004953783189558119,0,0,0,0,0,0,0,0,0,0,0,0,0,0,0,0,0,0,0,0,0.003710503956884065,0,0,0,0,0,0,0,0,0,0,0,0,0,0,0,0,0,0,0,0.004939978584603044,0,0,0,0,0,0,0,0,0,0,0,0,0,0,0.005283978908702891,0,0,0,0,0,0,0,0,0,0,0,0,0,0,0,0,0,0,0,0,0,0,0,0,0,0,0,0,0,0,0,0,0.004986839020724428,0,0.005141770419222045,0,0.005016764043452988,0,0,0,0,0.004626494128531371,0,0,0,0,0,0,0,0,0,0,0,0,0,0,0,0,0,0,0,0,0,0,0,0,0,0,0,0,0.004537956968297095,0,0,0,0,0,0,0,0,0,0,0,0,0,0,0,0,0,0,0,0,0,0,0,0,0,0,0,0,0,0,0,0,0,0,0,0,0,0,0,0,0,0,0,0,0,0,0,0,0,0,0,0,0,0,0,0,0,0,0,0,0,0,0,0,0,0,0,0,0,0,0,0,0,0,0,0,0,0,0,0,0,0,0,0,0,0,0.00491375944778036,0,0,0,0,0,0,0,0,0,0,0,0,0,0,0,0,0,0,0,0,0,0,0,0,0,0,0,0,0,0,0,0,0,0,0,0,0,0,0,0,0,0,0,0,0,0,0,0,0,0,0,0,0
0,0,0,0,0,0,0,0,0,0,0,0,0,0,0,0,0,0,0,0,0,0,0,0,0,0,0,0,0,0.003544660186427386,0,0,0,0,0,0,0,0,0,0,0,0,0.005692788026691936,0.006797487814110152,0,0,0,0,0,0,0,0,0,0,0,0,0,0,0,0,0,0,0.005582436445362719,0,0,0,0,0,0,0,0,0,0,0,0,0,0,0,0,0,0.005127231567295465,0,0,0,0,0,0,0,0,0,0,0,0,0,0,0,0,0,0,0,0,0,0,0,0,0,0,0.002651207538096965,0,0,0,0,0,0,0,0.00333632929830938,0,0,0,0,0,0,0,0,0,0,0,0,0,0,0,0,0,0,0,0,0,0.009313578324935979,0.006167785007631947,0,0,0,0.005582131483873747,0,0,0.006873458762487645,0,0,0,0,0,0,0,0,0,0,0,0,0,0,0,0,0,0,0.005112270659012385,0,0,0,0,0,0,0,0,0.005547787880383823,0,0,0,0,0,0,0,0,0,0,0,0,0,0,0,0,0,0,0,0,0,0,0,0,0,0,0,0,0,0,0,0,0,0,0,0,0,0,0,0,0,0.006930647204172163,0,0,0,0,0,0,0,0,0,0,0,0,0,0,0,0,0,0,0,0,0,0,0,0,0,0,0,0,0,0,0,0,0,0,0,0,0,0,0,0,0,0,0,0,0,0,0.008963199816843792,0,0,0,0,0,0,0,0,0,0,0,0,0,0,0,0,0,0,0,0,0,0,0.002500682846991174,0,0,0,0,0,0,0,0,0,0,0,0,0,0,0,0,0,0,0,0,0,0,0,0,0,0,0,0,0,0,0,0,0,0,0,0,0,0,0,0,0,0,0,0,0,0,0,0,0,0,0,0,0,0,0,0,0,0,0,0,0,0,0,0,0,0,0,0,0,0.009174830689997672,0,0,0,0.005010028142144055,0,0,0,0,0,0,0,0.007430919298829374,0.005182122944043731,0,0,0,0,0.009317196039454889,0,0,0,0,0,0,0,0,0,0,0,0,0.006012495074271861,0,0,0,0,0.008515581424352471,0,0,0,0,0,0,0,0,0,0,0,0,0,0,0,0,0.005915346827085855,0,0.006045042168239482,0,0,0,0,0,0,0,0,0,0,0,0,0,0,0,0,0
0,0,0,0,0,0,0,0,0,0,0,0,0,0,0,0,0,0,0,0,0,0,0,0,0,0,0,0,0,0,0,0,0,0,0,0,0,0,0,0,0,0,0,0,0,0,0,0,0,0,0,0,0,0,0,0,0,0,0,0,0,0,0,0,0,0,0,0,0,0,0,0,0,0,0,0,0,0,0,0,0,0,0,0,0,0,0,0,0,0,0,0,0,0,0,0,0,0,0,0,0,0,0,0,0,0,0,0.002319003042442919,0,0,0,0,0,0,0.00333632929830938,0,0,0,0,0,0,0,0,0,0,0,0,0,0,0,0,0,0,0,0,0,0,0,0,0,0,0,0,0,0,0,0,0,0,0,0,0,0,0,0,0,0,0,0,0,0,0,0,0,0,0,0,0,0,0,0,0,0,0,0.007487910421174212,0,0.003688392997806696,0.007355809915264062,0,0,0,0,0,0.00285294924591523,0.007642560178906176,0.007765157333583827,0,0,0,0,0,0,0,0,0,0,0,0,0.007124370145938553,0,0,0,0,0,0,0,0,0,0,0,0,0,0,0,0,0,0,0,0,0,0,0,0,0,0,0,0,0,0,0,0,0,0,0,0,0,0.007402902308352971,0,0,0,0,0,0.003738347047863369,0,0,0.003451850437397192,0,0.007391774030771166,0,0,0,0,0,0,0,0,0,0,0,0,0,0,0,0,0,0,0.004787050382502931,0,0,0,0,0.00723998349603799,0,0,0,0,0,0,0,0,0,0,0,0,0,0,0,0,0,0,0,0,0,0,0,0,0,0,0,0,0,0,0,0,0,0,0,0,0,0,0,0,0,0,0,0,0,0,0,0,0,0,0,0,0,0,0,0,0,0,0,0,0,0,0,0,0,0,0,0,0,0,0,0,0,0,0,0,0,0.007680598486200266,0.007626667784887959,0,0,0,0,0,0,0,0,0,0,0,0,0,0,0,0,0,0,0,0,0,0,0,0,0,0,0,0,0,0,0,0,0,0,0,0,0,0,0,0,0,0,0,0,0,0,0,0,0,0,0,0,0,0,0,0,0,0,0,0,0,0,0,0,0,0,0,0,0,0,0,0,0,0,0,0,0
0,0,0,0,0,0,0,0,0,0,0,0,0,0,0,0,0,0,0,0,0,0,0,0,0,0,0,0,0,0,0,0,0,0,0,0,0,0,0,0,0,0,0,0,0,0,0,0,0,0,0,0,0,0,0,0,0,0,0,0,0,0,0,0,0,0,0,0,0,0,0,0,0,0,0,0,0,0,0,0,0,0,0,0,0,0,0,0,0,0,0,0,0,0,0,0,0,0,0,0,0,0,0,0,0,0,0,0,0.006791654810670331,0,0,0,0,0,0,0,0,0,0,0,0,0,0,0,0,0,0,0,0,0,0,0,0,0,0,0,0,0,0,0,0,0,0,0,0,0,0,0,0,0,0,0,0,0,0,0,0,0,0,0,0,0,0,0,0,0,0,0,0,0,0,0,0,0,0,0,0,0,0,0,0,0,0,0,0,0,0,0,0,0,0,0,0,0,0,0,0,0,0,0,0,0,0,0,0,0,0,0,0,0,0,0,0,0,0,0,0,0,0,0,0,0,0,0,0,0,0,0,0,0,0,0,0,0,0,0,0,0,0,0,0,0,0,0,0,0,0,0,0,0,0,0,0,0,0,0,0,0,0,0,0,0,0,0,0,0,0,0,0,0,0,0,0,0,0,0,0,0,0,0,0,0,0,0,0,0,0,0,0,0,0,0,0,0,0,0,0,0,0,0.006865719955578406,0.006868172989309451,0.007346142189549192,0.006692910514998495,0.007346142189549194,0.00722583941556993,0.007104110718670103,0.006947653980718164,0.007228392527490378,0.007281145572622537,0.00722583941556993,0.007283679816072621,0.006947581955887395,0.00722583941556993,0.007228392527490378,0.007278582829555741,0.006950346882158731,0,0,0,0,0,0,0,0,0,0,0,0,0,0,0,0,0,0,0,0,0,0,0,0.006322583483563198,0.004749881368390643,0.006322583483563198,0.005465380657786262,0.006191706579464383,0.006412109323094345,0.005164400126069931,0.007259918100314558,0,0,0,0,0,0,0,0,0,0,0,0,0,0,0,0,0,0,0,0,0,0,0,0,0,0,0,0,0,0,0,0,0,0,0,0,0,0,0,0,0,0,0,0,0,0,0,0,0,0,0,0,0,0,0,0,0,0,0,0,0,0,0,0,0,0,0,0,0,0,0,0,0,0,0,0,0,0,0,0,0
0,0,0,0,0,0.003848854540364629,0,0,0,0,0,0,0.003029072001449659,0,0.003994493643114994,0,0,0,0,0,0,0.003260999813442873,0,0,0,0.003967430101134177,0,0,0.003848920703394342,0,0,0,0,0.005704038457273162,0,0,0,0,0,0,0,0,0,0,0,0.003666974156785878,0,0,0,0,0,0,0,0,0,0,0,0,0,0,0,0.003844768542354363,0,0,0,0,0,0,0.003410274191139104,0,0.005499735669699909,0,0,0,0,0,0.003026882944165444,0.003765962746337536,0,0,0,0,0,0,0,0,0,0.004123931804363686,0,0,0,0,0,0,0.003013022936132782,0,0,0,0,0,0,0,0,0,0,0,0,0,0,0,0,0,0,0,0,0,0,0,0,0,0,0,0,0,0,0,0,0,0,0,0,0,0,0,0,0,0,0,0,0,0,0,0,0,0,0,0,0,0,0,0,0,0,0,0,0,0,0,0,0,0,0,0,0,0,0,0,0,0,0,0,0,0,0,0,0,0,0,0,0,0,0,0,0,0,0,0,0,0,0.00476107454508028,0,0,0,0.004842940672709515,0,0,0.004523129622118604,0,0,0,0,0,0,0,0,0,0,0,0.004351629150819132,0,0,0,0,0,0.004643173216333728,0,0,0,0,0,0,0,0,0,0,0,0,0,0,0.005285681042717043,0,0,0.005338911350582015,0,0,0,0,0,0,0,0,0,0,0,0.00618622482997685,0,0,0,0,0,0.003592141645464655,0,0.004641258821109218,0,0,0,0,0,0,0,0,0,0,0,0,0,0,0,0,0,0,0,0,0,0,0,0,0,0,0,0,0,0.00320078731615218,0,0,0,0,0,0,0,0,0,0,0,0,0,0,0,0,0,0,0,0,0,0,0,0,0,0,0,0,0,0,0,0,0,0,0,0,0,0,0,0,0,0,0,0,0,0,0,0,0,0,0,0,0,0,0,0,0,0,0,0,0,0,0,0,0,0,0,0,0,0,0,0,0,0,0,0,0,0,0,0,0,0,0,0,0,0,0,0,0,0,0,0,0.004454607362574575,0,0,0,0,0,0,0,0,0,0,0,0,0,0,0,0,0,0,0,0,0,0,0,0,0,0,0,0,0,0,0,0,0,0,0,0,0,0,0,0,0,0,0,0,0,0,0,0,0,0,0,0
0,0,0,0,0,0,0,0,0,0,0,0,0,0,0,0,0,0,0,0,0,0,0,0,0,0,0,0,0,0,0,0,0,0,0,0,0,0,0,0,0,0,0,0,0,0,0,0,0,0,0,0,0,0,0,0,0,0,0,0,0,0,0,0,0,0,0,0,0,0,0,0,0,0,0,0,0,0,0,0,0,0,0,0,0,0,0,0,0,0,0,0,0,0,0,0,0,0,0,0,0,0,0,0,0,0,0,0,0,0,0,0,0,0,0,0,0,0,0,0,0,0,0,0,0,0,0,0,0,0,0,0,0,0,0,0,0,0,0,0,0,0,0,0,0,0,0,0,0,0,0,0,0,0,0,0,0,0,0,0,0,0,0,0,0,0,0,0,0,0,0,0,0,0,0,0,0,0,0,0,0,0,0,0,0,0,0,0,0,0,0,0,0,0,0,0,0,0,0,0,0,0,0,0,0,0,0,0,0,0,0,0,0,0,0,0,0,0,0,0,0,0,0,0,0.001240111596090862,0,0,0,0,0,0,0,0,0,0,0,0,0,0,0,0,0,0,0,0,0,0,0,0,0,0,0,0,0,0,0,0,0,0,0,0,0,0,0,0,0,0,0,0,0,0,0,0,0,0,0,0,0,0,0,0,0,0,0,0,0,0,0,0,0,0,0,0,0,0,0,0,0,0,0,0,0,0,0,0,0,0,0,0,0,0,0,0,0,0,0,0,0,0,0,0,0,0,0,0,0,0,0,0,0,0,0,0,0,0,0,0,0,0,0,0,0,0,0,0,0,0,0,0,0,0,0,0,0,0,0,0,0,0,0,0,0,0,0,0,0,0,0,0,0,0,0,0,0,0,0,0,0,0,0,0,0,0,0,0,0,0,0,0,0,0,0,0,0,0,0,0,0,0,0,0,0,0,0,0,0,0,0,0,0,0,0,0,0,0,0,0,0,0,0,0,0,0,0,0,0,0,0
0,0,0,0,0,0,0,0,0,0,0,0,0,0.00357672287715957,0,0,0,0,0,0,0,0,0,0,0,0,0,0,0,0,0,0,0,0,0,0,0,0,0,0,0,0,0,0,0,0,0,0,0,0,0,0,0,0,0,0,0,0,0,0,0,0,0,0,0,0,0,0,0,0,0,0.002741501483288498,0,0,0,0,0,0,0,0,0,0,0,0,0,0,0,0,0,0,0,0,0,0,0,0,0,0,0,0.004128599170566907,0,0.002791689323641258,0,0,0,0,0,0,0,0,0,0,0,0,0,0,0,0,0,0,0,0,0,0,0,0,0,0,0,0,0,0,0,0,0,0,0,0,0,0,0,0,0,0,0,0,0,0,0,0,0,0,0,0,0,0,0,0,0,0,0,0,0,0,0,0,0,0,0,0,0,0,0,0,0,0,0,0,0,0,0.002993348413790421,0,0.003575505534392837,0.002886592949953836,0.002984149573104266,0,0,0.004153200864058433,0.004188324679980532,0,0,0,0,0,0,0,0,0,0,0,0,0,0,0,0,0,0,0,0,0,0,0,0,0,0,0,0,0,0,0,0,0,0,0,0.004256663432127293,0,0,0,0,0,0,0,0,0,0,0,0,0,0,0,0,0,0,0,0,0,0,0,0,0,0,0,0,0,0,0,0,0,0,0,0,0,0,0,0,0,0,0,0,0,0,0,0,0,0,0,0,0,0,0,0,0,0,0,0,0,0,0,0,0,0,0,0,0,0,0,0,0,0,0,0,0,0,0,0,0,0,0,0,0,0,0,0,0,0,0,0,0,0,0,0,0,0,0,0,0.003833616387003924,0,0.003769190616060446,0,0,0,0,0,0,0,0,0,0,0,0,0,0,0,0,0,0,0,0,0,0,0,0,0,0,0,0,0,0,0.005199746065093221,0,0,0,0,0.004593205863681758,0,0,0,0,0,0,0,0,0,0,0,0,0,0,0,0,0,0,0,0,0,0,0,0,0,0,0,0,0,0,0,0,0,0,0,0,0,0,0,0,0,0,0,0,0,0,0,0,0,0,0,0,0,0,0,0,0,0,0,0,0,0,0,0
0,0,0,0,0,0,0,0,0,0,0,0,0,0,0,0,0.004680579304382697,0,0,0,0,0,0,0,0,0,0,0,0,0,0,0,0,0,0,0,0,0,0,0,0,0,0,0,0,0,0,0,0,0,0,0,0,0,0,0,0,0,0,0,0,0,0,0,0,0,0,0,0,0,0,0,0,0,0,0,0,0,0,0,0,0,0,0,0,0,0,0,0,0,0,0,0,0,0,0,0,0,0,0,0,0,0,0,0,0,0,0,0,0,0,0,0,0,0,0,0,0,0,0,0,0,0,0,0,0,0,0,0,0.006153831253478029,0,0,0,0,0,0,0,0,0,0,0,0,0,0,0,0,0,0,0,0,0,0,0,0,0,0.004674310531023473,0,0,0,0.006348888059982891,0,0.003538284611656301,0.006316863822870692,0,0,0,0,0,0,0.003504195527856763,0,0,0,0,0,0.00384573239262869,0,0,0,0,0,0,0,0,0,0,0,0,0,0,0,0.004915864256283453,0,0,0,0,0,0,0,0,0,0,0,0,0,0,0,0,0,0,0.003181799517924282,0,0,0,0,0,0,0,0,0,0,0,0,0.004217584303782577,0,0,0,0,0,0,0,0,0,0,0.004429549734257989,0,0,0,0,0,0,0,0,0,0,0,0,0,0,0,0,0,0,0,0,0,0,0,0,0,0,0,0,0,0,0,0,0,0,0,0,0,0.006822692047725106,0,0,0,0,0,0,0,0,0,0,0,0,0,0,0,0,0,0.006851351315630928,0.006783158940212428,0.006855126452402516,0.00676687015965429,0.00685379487801735,0.006831362405950251,0.006855126452402515,0,0,0,0,0,0,0,0,0,0,0,0,0,0,0,0,0,0,0,0,0,0,0,0,0,0,0,0,0,0,0,0,0,0,0,0.006851889764358566,0.006852988052500973,0.006661879905939871,0.00665666037083847,0.006783158940212428,0.00674635969123767,0,0,0,0,0,0,0,0,0,0,0,0,0,0.003757920409551439,0,0,0,0,0,0,0,0,0.00439047805273363,0,0,0,0,0,0,0,0,0,0,0,0,0,0,0,0,0,0,0,0,0,0,0,0,0,0,0,0,0,0,0,0,0,0,0,0,0,0,0,0,0,0,0,0,0,0,0,0,0,0,0,0,0,0,0,0,0,0,0,0,0,0,0,0,0,0,0
0,0,0,0,0,0,0.004222804200508914,0,0,0,0,0,0,0,0,0,0,0,0,0,0,0,0,0,0,0,0,0,0,0,0.005656941247550228,0,0,0,0.009668465821868498,0.004552114270732386,0,0,0,0,0,0,0,0,0,0,0,0,0,0.004243724095160472,0,0,0,0,0,0.004410777645609795,0,0,0,0,0,0,0,0,0,0,0,0,0,0,0,0,0.006264801264814468,0,0,0,0,0,0,0,0,0.004172517087684885,0,0,0,0,0,0,0,0,0,0,0,0,0,0,0,0,0,0,0,0,0,0.00474771866063156,0,0,0,0,0,0.009788423134508711,0.006482458641452896,0,0,0,0,0,0,0,0,0,0,0,0,0,0,0,0,0,0,0,0,0,0,0,0,0,0,0,0,0,0,0,0,0,0,0.005049222788654538,0,0,0,0.004046937879116147,0,0,0,0,0,0,0,0,0,0,0,0,0,0,0,0,0.006479076608987978,0,0,0,0,0,0,0,0,0,0,0,0,0,0,0,0,0,0,0,0,0,0,0,0,0,0,0,0,0,0,0,0,0,0,0,0,0,0,0,0,0,0,0.005252055638369927,0,0,0,0,0,0,0.004186793182074969,0,0,0,0.004106361954589182,0,0.004219151814303111,0,0,0,0,0,0,0,0,0,0,0,0,0,0,0,0.008387040921288119,0,0,0,0.004249619562104552,0,0,0,0,0,0,0,0,0,0,0.004703550996268194,0.004414134103790015,0,0,0,0,0,0.009777342543567425,0,0,0,0,0,0,0,0,0,0,0,0,0,0,0,0,0,0,0,0,0,0,0,0,0,0,0,0,0,0,0,0,0,0,0,0,0,0,0,0,0,0,0,0,0,0,0,0,0,0,0,0,0,0,0,0,0,0,0,0,0,0,0,0,0,0,0,0,0,0,0,0,0,0,0,0,0,0,0,0,0,0,0,0,0,0,0,0,0,0,0,0,0.004420512176794747,0.004272442010124002,0,0,0,0,0,0,0,0,0,0,0,0,0,0,0,0,0,0,0,0,0.004774508014188343,0,0,0,0,0,0,0,0,0,0,0,0,0,0,0,0,0,0,0,0,0,0,0,0,0,0,0,0,0,0,0,0,0,0,0,0,0,0,0,0,0,0,0.00411217056032697,0,0,0,0,0,0,0.004198639273093305,0,0
0,0,0,0,0,0,0,0,0,0,0,0,0,0,0,0,0.004400358732844088,0,0,0,0,0,0,0,0,0,0,0,0,0,0,0,0,0,0,0,0,0,0,0.003173857796525716,0,0,0,0,0,0,0,0,0,0,0,0,0,0,0,0,0,0,0,0,0,0,0,0,0,0,0,0,0,0,0,0,0,0,0,0.003831179524933729,0,0,0,0,0,0,0,0,0,0,0,0,0,0,0,0,0,0,0,0.003315217952145307,0,0,0.004958458031428553,0,0,0,0,0,0.007071401603956638,0,0,0,0,0,0,0,0,0,0,0,0,0,0,0,0,0,0,0.005015359681504471,0,0,0,0,0,0,0,0,0,0,0,0,0,0,0,0,0,0,0,0,0,0,0,0,0,0,0,0,0,0,0,0,0,0,0,0,0,0.005305510251059705,0,0,0,0,0,0,0,0,0,0,0,0,0,0.005563670887818672,0,0,0,0,0,0,0,0,0,0,0,0,0,0,0,0.003802023231299118,0,0,0,0.0048739097084442,0,0.005104139312742261,0,0,0.003106708242817418,0,0,0,0,0,0,0,0,0,0,0,0.004760454499209823,0,0,0,0,0,0,0,0,0,0,0.004746737348314399,0,0,0,0,0,0,0,0,0,0,0,0,0,0.002899404587633749,0,0.004196009605592774,0,0,0,0,0,0,0,0,0,0,0,0,0,0,0,0,0,0.004613570539038198,0,0,0,0,0,0,0,0,0,0,0,0,0,0,0,0,0,0,0,0,0,0,0,0,0,0,0.004119671908220719,0,0,0,0,0,0,0,0,0,0,0,0,0,0,0,0,0,0,0,0,0,0,0,0,0,0,0,0,0,0,0,0,0,0,0,0,0,0,0,0,0,0,0,0,0.004460970179822808,0.004468506490459164,0.003253609946660026,0,0,0,0,0,0,0,0,0,0,0,0,0,0,0,0,0,0,0,0.004018449007233661,0,0,0,0,0,0,0,0,0.005227484849696954,0,0,0,0,0,0,0,0,0,0,0,0,0,0,0,0,0,0,0,0,0,0,0,0,0,0,0,0,0,0,0,0,0,0,0,0,0,0,0,0,0,0,0,0,0,0,0,0,0,0,0,0,0,0,0,0,0,0,0,0,0,0,0,0,0,0,0
0,0,0,0,0,0,0,0,0,0,0,0,0,0,0,0,0.006966302228983185,0,0,0,0,0,0,0,0,0,0,0,0,0,0,0,0,0,0,0,0,0,0,0,0,0,0,0,0,0,0,0,0,0,0,0,0,0,0,0,0,0,0,0,0,0,0,0,0,0,0,0,0.004497357515108769,0,0,0,0,0,0,0.003521368289984696,0,0,0,0,0,0,0,0,0,0,0,0,0,0,0,0,0,0,0,0,0,0,0.004118629442018873,0,0,0,0,0,0.004931496118445973,0,0,0,0,0,0,0,0,0,0,0,0,0,0,0,0,0,0.005015359681504471,0,0,0,0,0,0,0,0,0,0,0,0,0,0,0,0,0,0,0,0,0,0,0,0,0,0,0,0,0,0,0,0,0,0,0,0,0.003303379374091591,0,0.00524987250142589,0,0,0,0,0,0,0,0,0,0,0,0,0,0.00867110565004867,0,0,0,0,0,0,0,0,0,0,0,0,0,0,0,0,0,0,0,0.004278427412149134,0,0.003516610204204393,0,0,0,0,0,0,0,0,0,0,0,0,0.005406859111221087,0,0.00416769328675063,0,0,0,0,0,0,0,0,0,0,0,0,0,0,0,0,0,0,0,0,0,0,0,0,0,0,0.003282711992103501,0,0,0,0,0,0,0,0,0,0,0,0,0,0,0,0,0,0.004121900603607752,0,0,0,0,0,0,0,0,0,0,0,0,0,0,0,0,0,0,0,0,0,0,0,0,0,0,0,0,0,0,0,0,0.003353005641936622,0.003293795503189285,0.003354937823750205,0,0,0,0.003354937823750205,0,0,0,0,0,0,0,0,0,0,0,0,0,0,0,0,0,0,0,0,0,0,0,0,0,0,0,0,0,0,0,0,0,0,0,0,0.003353843352834336,0,0,0.003293795503189285,0,0,0,0,0,0,0,0,0,0,0,0,0,0,0.006717254427884086,0,0,0,0,0,0,0,0,0,0,0,0,0,0,0,0,0,0,0,0,0,0,0,0,0,0,0,0,0,0,0,0,0,0,0,0,0,0,0,0,0,0,0,0,0,0,0,0,0,0,0,0,0,0,0,0,0,0,0,0,0,0,0,0,0.003985386395474516,0,0,0,0,0,0,0,0,0,0,0
0,0,0,0,0.004344803640101936,0,0,0,0,0,0,0.004528143084778603,0,0,0,0,0,0,0,0,0,0,0,0,0,0,0,0,0,0,0,0,0,0,0,0,0,0,0,0,0,0,0,0,0,0,0,0,0,0,0,0,0,0,0,0,0,0,0,0,0.004609385611784197,0,0,0,0,0.004990120482076514,0,0,0,0,0,0,0,0,0,0,0.003085388452712293,0,0,0,0,0,0,0,0,0,0,0,0,0,0,0,0,0,0,0,0,0,0,0,0,0,0,0,0,0,0,0,0,0,0,0,0,0,0,0,0,0,0,0,0,0,0,0,0,0,0,0,0,0,0,0,0.004198597415286284,0,0,0,0,0,0,0,0,0,0,0,0,0,0,0,0.004902450014597508,0,0,0,0.007064914382422857,0,0,0,0,0,0,0,0,0,0,0,0,0,0,0.004872467399991295,0,0,0.004306843101137578,0,0,0,0,0,0,0,0,0,0,0,0,0,0,0,0,0,0,0,0,0,0,0,0,0,0,0,0,0,0,0,0,0,0,0,0.003577675972241684,0,0,0,0,0,0,0,0,0,0,0,0,0,0,0.006776686259307625,0,0,0,0.00406588530257085,0.004852065295387497,0.004778620949851231,0.004923494804420076,0,0,0,0,0,0,0,0,0,0,0,0,0,0,0,0,0.003348129952762023,0.00519700289730738,0,0,0,0,0,0,0,0,0.005312774392954975,0,0,0,0,0,0,0,0,0.004058181737596034,0.004605149229746317,0,0,0,0,0,0.003876379393347964,0,0,0,0,0,0,0,0,0,0,0,0,0,0,0,0,0,0,0,0,0,0,0,0,0,0,0,0,0,0,0,0,0,0,0,0,0,0,0,0,0,0,0,0,0,0,0,0,0,0,0,0,0,0,0,0,0,0,0,0,0,0,0,0,0,0,0.005553490144703528,0,0,0,0,0,0,0,0,0,0,0,0,0,0,0,0,0,0,0,0,0,0,0,0,0,0,0,0,0,0,0,0,0,0,0,0,0,0,0,0.004692872592929876,0,0,0,0,0.004822139414053434,0,0,0,0,0,0,0,0,0,0,0,0,0,0,0,0,0,0,0,0,0,0,0,0,0,0,0,0,0,0,0,0,0,0.00469473569716106,0,0.004644937124101751,0,0,0,0,0,0,0,0
0,0,0,0,0,0,0.003396348615189468,0,0,0,0,0,0,0,0,0,0,0,0,0,0,0,0,0,0,0.003362690318353481,0,0,0,0,0.003694520929220418,0,0,0,0,0,0,0,0,0,0,0,0,0,0.003205888889690423,0.004521842981044107,0,0.003383622376985448,0,0,0,0,0,0,0,0.004129661225219608,0,0,0,0,0,0,0,0,0,0,0,0,0,0,0.002817646586352765,0,0.003559939487118578,0,0,0,0,0,0,0,0,0,0,0,0,0,0,0.002626732277572456,0,0,0,0,0,0,0,0,0,0,0,0,0,0,0,0,0,0,0,0,0,0,0.003253763076497348,0,0,0,0,0,0,0,0,0,0,0,0,0,0,0,0,0,0,0,0,0,0,0,0,0.005328690806306894,0,0,0,0,0,0.003584169493268071,0,0,0,0,0,0,0,0.004290777790997617,0,0,0,0,0,0,0.003111846383863321,0,0,0,0,0,0,0,0,0,0.004867589109464734,0,0,0,0,0,0,0,0,0,0,0,0,0,0,0.003627114931639443,0,0,0,0,0,0,0,0,0,0,0,0,0,0,0,0,0,0,0,0,0,0,0,0,0.005307903009882994,0,0,0.003685706532958717,0,0,0,0,0,0,0,0,0,0,0,0,0,0,0,0,0,0,0,0.003818673197261652,0,0,0,0,0,0,0,0,0.003170268452901995,0,0,0,0,0,0,0,0,0,0,0,0.003171863138518921,0,0,0,0,0,0,0,0,0,0,0,0,0,0,0,0,0,0,0,0,0,0,0,0,0,0,0,0,0,0,0,0,0,0,0,0,0,0,0,0,0,0,0,0,0,0,0,0,0,0,0,0,0,0,0,0,0,0,0,0,0,0,0,0,0,0,0,0,0,0,0,0,0,0,0,0,0,0,0,0,0,0,0,0,0,0,0,0,0,0,0,0,0,0,0,0,0,0,0,0,0,0,0,0,0,0,0,0,0,0,0,0,0,0,0,0,0,0,0,0,0,0,0,0,0,0,0,0,0,0,0,0,0,0,0,0,0,0,0,0,0,0,0,0,0,0,0,0,0,0,0,0,0,0,0,0,0,0,0,0,0,0,0,0,0,0,0,0,0,0,0,0,0,0,0,0,0
0,0,0,0,0,0,0,0,0,0,0,0,0,0,0,0,0,0,0,0,0,0,0,0.005985926814257331,0,0,0,0.005285959125913006,0,0,0,0,0,0,0,0.005125007770141106,0,0,0,0,0,0,0,0,0,0,0.006420573586166676,0,0,0.005103600434049491,0,0,0,0,0,0,0,0,0,0,0,0,0,0,0,0,0,0,0,0,0,0,0,0,0,0,0,0,0,0,0,0,0.004035997584123223,0.006647217447638172,0,0,0,0,0.003981057066185033,0.004004198000076257,0,0,0,0,0,0,0,0,0,0,0,0,0,0,0,0,0,0,0,0,0,0,0,0,0,0,0,0,0,0,0,0,0,0,0,0,0,0,0,0,0.005165759674718675,0,0,0,0,0,0,0,0,0,0,0,0,0,0.004455491832556649,0,0,0,0,0,0,0,0,0,0,0,0,0,0,0,0,0,0,0,0,0,0,0,0,0,0,0,0,0,0,0,0,0,0,0,0,0,0,0,0,0,0,0,0,0,0,0,0,0,0,0,0,0,0,0,0,0,0,0,0,0,0,0,0,0,0,0,0,0,0,0,0,0,0,0,0,0,0,0,0,0,0,0,0,0,0,0.006014378712561146,0,0,0,0,0,0,0,0,0,0.003272383441357661,0,0,0,0,0,0,0.004056286663238101,0,0,0,0,0,0.005096637305326009,0,0,0,0,0,0,0,0,0,0,0,0,0,0,0,0,0,0,0,0,0,0,0,0,0,0,0,0,0,0,0,0,0,0,0,0,0,0,0,0,0,0,0,0,0,0,0,0,0,0,0,0,0,0,0,0,0,0,0,0,0,0,0,0,0,0,0,0,0,0,0,0,0,0,0,0,0,0,0,0,0,0,0,0,0,0,0,0,0,0,0,0,0,0,0,0,0,0,0,0,0,0,0,0,0,0,0.003345484628503302,0.004385670858344608,0,0,0,0,0,0,0,0.006304819283549047,0,0,0,0,0,0,0.00520402704723266,0,0,0.002804153851916618,0,0,0,0,0,0,0,0.003144358723390895,0.002897374575751805,0.00336080170328992,0,0,0,0,0,0,0,0,0,0,0,0,0,0,0,0,0,0,0,0,0,0,0,0,0,0,0,0,0,0,0,0,0,0,0,0,0
0,0,0,0,0,0,0,0.005707183598984992,0.005255075929052876,0,0,0,0,0,0,0,0,0,0,0,0,0,0,0,0,0,0,0,0.005104337578848176,0,0,0,0,0,0,0,0,0.006576127525776973,0,0,0,0,0,0,0,0,0,0,0.006981451886302812,0,0,0.007681909969024485,0,0.005423642949434856,0.009037411283706765,0,0.009081589648221557,0,0.005231862843497304,0,0,0,0,0.005849799974873835,0,0,0,0.005133594588985265,0,0,0,0,0,0,0.006132282185284717,0,0,0,0,0,0,0,0,0,0,0,0,0,0,0,0,0,0,0,0,0,0,0,0,0,0,0,0,0.004878847921359637,0,0,0,0,0,0,0,0,0,0.005220353435965504,0,0,0,0,0,0,0,0,0,0,0,0,0,0,0,0,0,0,0,0,0.008096058503666697,0,0.00545153205335048,0,0,0,0.005098508091553542,0,0,0,0,0,0.00516370052107421,0,0,0.005893578351775594,0,0.005244797726844587,0,0,0,0,0,0,0.007524242016908871,0,0,0,0,0,0,0,0,0,0,0,0,0,0,0,0,0,0,0,0,0,0,0,0,0,0,0,0,0,0,0,0,0,0,0,0,0,0,0,0,0,0,0.008992803018890265,0,0,0,0,0,0,0,0,0,0,0,0,0,0,0.005044944933095381,0,0,0,0,0,0,0,0,0,0,0,0,0,0,0,0,0,0,0,0,0,0,0,0,0.005251046301572641,0,0,0,0,0,0,0,0.009615501450810348,0,0.006612733175975622,0,0,0,0,0,0,0,0,0,0,0,0,0,0,0,0.005240576388673404,0,0,0,0,0,0,0,0,0,0,0,0,0,0,0,0,0,0,0,0.009081298408531845,0,0,0,0,0,0,0,0,0,0,0,0,0,0,0,0,0,0,0,0,0,0,0,0,0,0,0,0,0,0,0,0,0,0,0,0,0,0,0,0,0,0,0,0,0,0,0,0,0,0,0,0,0,0,0,0,0,0,0,0,0.006640050172629986,0,0,0,0,0,0,0,0,0,0,0,0,0,0,0,0,0,0,0,0,0,0,0,0,0,0,0,0,0,0,0,0,0,0,0,0,0,0,0,0,0,0,0,0,0,0,0,0,0,0,0,0,0,0,0,0,0,0,0,0,0,0,0,0,0,0,0,0,0,0,0,0,0,0,0,0,0,0,0
0,0,0,0,0,0,0,0,0,0,0,0,0,0,0,0,0,0,0,0.001194748909653819,0,0,0,0,0,0,0,0,0,0,0,0,0,0,0,0,0,0,0,0,0,0,0,0,0,0,0,0,0,0,0,0,0,0,0,0,0,0,0,0,0,0,0,0,0,0,0,0,0,0,0,0,0,0,0,0,0,0,0,0,0,0,0,0,0,0,0,0,0,0,0,0,0,0,0,0,0,0,0,0,0,0,0,0,0,0,0,0,0,0,0,0,0,0,0,0,0,0,0,0,0,0,0,0,0,0,0,0,0,0,0,0,0,0,0,0,0,0,0,0,0,0,0,0,0,0,0,0,0,0,0,0,0,0,0,0,0,0,0,0,0,0,0,0,0,0,0,0,0,0,0,0,0,0,0,0,0,0,0,0,0,0,0,0,0,0,0,0,0,0,0,0,0,0,0,0,0,0,0,0,0,0,0,0,0,0,0,0,0,0,0,0,0,0,0,0,0,0,0,0,0,0,0,0,0,0,0,0,0,0,0,0,0,0,0,0,0,0,0,0,0,0,0,0,0,0,0,0,0,0,0,0,0,0,0,0,0,0,0,0,0,0,0,0,0,0,0,0,0,0,0,0,0,0,0,0,0,0,0,0,0,0,0,0,0,0,0,0,0,0,0,0,0,0,0,0,0,0,0,0,0,0,0,0,0,0,0,0,0,0,0,0,0,0,0,0,0,0,0,0,0,0,0,0,0,0,0,0,0,0,0,0,0,0,0,0,0,0,0,0,0,0,0,0,0,0,0,0,0,0,0,0,0,0,0,0,0,0,0,0,0,0,0,0,0,0,0,0,0,0,0,0,0,0,0,0,0,0,0,0,0,0,0,0,0,0,0,0,0,0,0,0,0,0,0,0,0,0,0,0,0,0,0,0,0,0,0,0,0,0,0,0,0,0,0,0,0,0,0,0,0,0,0,0,0,0,0,0
0,0,0,0,0,0,0,0,0,0,0,0,0,0,0,0,0.006240427806789003,0,0,0,0,0,0,0,0,0,0,0,0,0,0,0,0,0,0,0,0,0,0,0,0,0,0,0,0,0,0,0,0,0,0,0,0,0,0,0,0,0,0,0,0,0,0,0,0,0,0,0,0,0,0,0,0,0,0,0,0,0,0,0,0,0,0,0,0,0,0,0,0,0,0,0,0,0,0,0,0,0,0,0,0,0,0,0,0.003762345132257775,0,0,0,0,0,0,0,0,0,0,0,0,0,0,0,0.006153831253478029,0,0,0,0,0,0,0,0,0,0,0,0,0,0,0,0,0,0,0,0,0,0,0,0,0,0,0,0,0,0,0,0,0,0,0.004516980429190994,0,0,0,0.007218164469882135,0,0,0.007334003645344256,0,0,0,0,0,0,0,0,0,0,0,0,0.004272065107564304,0,0,0,0,0,0,0,0,0,0,0,0,0,0,0,0.006160093684314379,0,0,0,0,0,0,0,0,0,0,0,0,0,0,0,0,0,0,0,0,0,0,0,0,0,0,0,0,0,0,0,0.00535518205115078,0,0,0,0,0,0,0,0,0,0,0.00423157196005529,0,0,0,0,0,0,0,0,0,0,0,0,0,0,0,0,0,0,0,0,0,0,0,0,0,0,0,0,0,0,0,0,0,0,0,0,0,0.006401319508101765,0,0,0,0,0,0,0,0,0,0,0,0,0,0,0,0,0,0.00628181988106461,0.006257906644891295,0.006285577261914412,0.006232794322717064,0.006323424680566202,0.006251485509297437,0.006285577261914411,0,0,0,0,0,0,0,0,0,0,0,0,0,0,0,0,0,0,0,0,0,0,0,0,0,0,0,0,0,0,0,0,0,0,0,0.00628304593244165,0.006283448919730959,0.006159459763953342,0.006217707585084896,0.006257906644891295,0.00621441989383611,0,0,0,0,0,0,0,0,0,0,0,0,0,0,0,0,0,0,0,0,0,0,0.005314577809480235,0,0,0,0,0,0,0,0,0,0,0,0,0,0,0,0,0,0,0,0,0,0,0,0,0,0,0,0,0,0,0,0,0,0,0,0,0,0,0,0,0,0,0,0,0,0,0,0,0,0,0,0,0,0,0,0,0,0,0,0,0,0,0,0,0,0,0
0,0,0,0,0,0,0,0,0,0,0,0,0,0.003156316494287205,0,0,0,0,0,0,0,0,0,0.006163923309906099,0,0,0,0.006243786163891847,0,0,0,0,0.004247882002782753,0,0,0.006760847967139627,0,0,0,0,0,0,0,0,0,0,0.006274789047330692,0,0,0.006682775571935378,0,0,0,0,0,0,0,0,0,0,0,0,0,0,0,0,0,0,0,0,0,0,0,0,0,0,0,0,0.005722251424298341,0,0,0,0.005299970616787464,0.006255053150720533,0.002343004214255402,0,0,0,0.006263637432777458,0.005237334620424311,0,0,0,0,0,0,0,0,0,0,0,0,0,0,0,0,0,0,0,0,0,0,0,0,0,0,0,0,0,0,0,0,0,0,0,0,0.005165759674718675,0,0,0,0,0,0,0,0,0,0,0,0,0,0,0,0,0,0.00677827180384244,0,0,0,0,0,0,0,0,0,0,0,0,0,0,0,0,0,0,0,0,0.00271294530406439,0,0,0,0,0,0,0,0,0,0,0,0,0,0,0,0,0.003056857100515918,0,0,0,0,0,0,0,0,0,0,0,0,0,0,0,0,0,0,0,0,0,0,0,0,0,0,0,0,0,0,0,0,0,0,0,0,0,0,0,0,0,0,0,0,0,0,0,0,0.006729222586588335,0,0,0,0,0,0,0,0,0,0,0.003136183994476504,0,0,0,0,0,0.004909090942235699,0,0,0,0,0,0.005758459188274623,0,0,0,0,0,0,0,0,0,0,0,0,0,0,0,0,0,0,0,0,0,0,0,0,0,0,0,0,0,0,0,0,0,0,0,0,0,0,0,0,0,0,0,0,0,0,0,0,0,0,0,0,0,0,0,0,0,0,0,0,0,0,0,0,0,0,0,0,0,0,0,0,0,0,0,0,0,0,0,0,0,0,0,0,0,0,0,0,0,0,0,0,0,0,0,0,0,0,0,0,0,0,0,0,0,0,0.002468672791701467,0.004528255873439487,0.002689028446602024,0,0,0,0,0,0,0,0,0,0,0,0,0,0.005695572426822657,0,0,0.003044796476795406,0,0,0,0,0,0,0,0,0,0,0,0,0,0,0,0,0,0,0,0,0,0,0,0,0,0,0,0,0,0,0,0,0,0,0,0,0,0,0,0,0,0,0,0,0,0,0
0,0,0,0,0,0,0,0,0,0,0,0,0,0,0,0,0,0,0,0,0,0,0,0,0,0,0,0,0,0,0,0,0,0,0,0,0,0,0,0,0,0,0,0,0,0,0,0,0,0,0,0,0,0,0,0,0,0,0,0.005954321712214024,0,0,0.003844656748351666,0,0,0,0,0,0,0,0,0,0,0,0,0,0,0,0,0.004572923891448354,0.003097779976083558,0,0,0,0,0,0,0,0,0,0,0,0,0,0,0,0,0,0,0,0.005041829936967427,0,0,0,0,0,0,0,0,0,0,0,0,0,0,0,0,0,0,0,0,0,0,0,0,0,0,0,0,0,0,0,0,0,0,0,0,0.003503181418480442,0,0,0,0,0,0.004835897067466692,0,0.003947727563944277,0,0,0,0,0,0,0,0,0,0,0,0,0,0,0,0,0,0,0.006076491691799276,0,0,0,0,0,0,0,0,0.003948674017384832,0,0,0,0,0.005113636402126189,0,0,0,0,0,0,0,0,0,0,0,0.00512644357901943,0,0,0,0,0,0,0,0,0,0,0,0,0,0,0,0,0,0,0,0,0,0,0,0,0,0,0,0,0,0,0,0,0,0,0,0,0,0,0,0,0,0,0,0,0,0,0,0,0,0,0,0,0,0,0,0,0,0,0,0,0,0,0,0,0,0.00664023934273471,0,0,0.004675279584131221,0,0,0,0.005157311238073824,0,0,0,0,0,0,0,0,0,0,0,0,0,0,0,0,0,0,0,0,0,0,0,0,0,0,0,0,0,0,0,0,0,0,0,0,0,0,0,0,0,0,0,0,0,0,0,0,0,0,0,0,0,0,0,0,0,0,0,0,0,0,0,0,0,0,0,0,0,0,0,0,0,0,0,0,0,0,0,0,0,0,0,0,0,0,0,0,0,0,0,0.003272958594034009,0,0,0,0.005476795586556473,0,0,0,0,0,0.00298720157630669,0,0,0,0,0,0,0,0.003498381697661763,0,0,0.003123901950151029,0,0,0,0.004881582429582718,0,0,0,0,0,0,0,0,0,0,0,0,0,0,0,0,0,0,0,0,0,0,0,0,0,0,0,0.00336699604097904,0,0.003911922646601416,0,0,0,0,0,0,0,0,0,0,0,0,0,0,0,0,0
0,0,0,0,0.004029053992329289,0,0,0,0,0,0,0.004321023285453232,0,0,0,0,0,0,0.004030766981128208,0,0,0,0,0,0,0,0,0,0,0,0,0,0,0,0,0,0,0,0,0,0,0,0,0,0,0,0,0,0,0,0,0,0,0,0,0,0,0,0,0,0.007728077207065523,0,0,0,0,0.005549379106142553,0,0,0,0,0,0,0,0,0,0,0,0,0,0,0,0,0,0,0,0,0,0,0,0,0,0,0,0,0,0,0,0,0,0,0,0,0,0,0,0,0,0,0,0,0,0,0,0,0,0,0,0,0,0,0,0,0,0,0.004198597415286284,0,0,0,0,0,0,0,0,0,0,0,0,0,0,0,0,0,0,0,0,0,0.005939870044584089,0,0.006516200097380217,0,0,0,0.004196983296306717,0,0,0,0,0,0,0,0,0,0,0,0,0,0,0.005743034979872373,0.004030690257564876,0,0.006774660408481489,0,0,0,0,0,0.003335913591102354,0,0,0,0,0,0,0,0,0,0,0,0,0,0,0,0,0,0,0,0,0,0,0,0,0,0,0,0,0,0,0,0,0,0,0,0,0,0,0,0,0,0,0,0,0.004261029593809815,0,0,0,0.004118127540609084,0.004225314931421587,0,0.004678932275774728,0,0,0,0,0,0,0,0,0,0,0,0,0,0,0.003835846960559477,0,0,0.005087626082964399,0,0,0,0,0,0,0,0,0.004029222391879844,0,0,0,0,0,0,0,0,0.004028403653004197,0.004513911894168549,0.003818410364694987,0,0,0,0,0,0,0,0,0,0,0,0,0,0,0,0,0,0,0,0,0,0,0,0,0,0,0,0,0,0,0,0,0,0,0,0,0,0,0,0,0,0,0,0,0,0,0,0,0,0,0,0,0,0,0,0,0,0,0,0,0,0,0,0,0,0,0,0,0,0,0,0.004385953112436912,0,0,0,0,0,0,0,0,0,0,0,0,0,0,0,0,0,0,0,0,0,0,0,0,0,0,0,0,0,0,0,0,0,0,0,0,0,0,0,0.004691126230046637,0,0,0,0,0.005315456578006149,0,0,0,0,0,0,0,0,0,0,0,0,0,0,0,0,0,0,0,0,0,0,0,0,0,0,0,0,0,0,0,0,0,0.004984318964695715,0,0.004869941673908356,0,0,0,0,0,0,0,0
0,0,0,0.005159088418247785,0,0,0,0,0,0,0,0,0,0,0,0,0,0,0,0,0,0,0,0,0,0,0,0,0,0,0,0,0,0,0,0,0,0.004975283378612388,0,0,0,0,0,0,0,0,0,0,0,0,0,0,0,0.005141631257574063,0,0,0,0,0,0,0,0,0,0.005195741095972813,0,0,0,0,0,0,0,0,0,0,0,0,0,0,0,0.005733749239341241,0,0,0,0,0,0,0,0,0,0,0,0,0,0,0.006328934492848251,0,0,0.006607287310552136,0,0,0,0,0.004850956522807219,0.005578393023893236,0,0,0,0,0,0,0,0,0,0,0,0,0,0,0,0,0,0,0,0,0,0,0,0,0,0,0,0,0,0,0,0,0.004872258177724163,0,0,0,0,0,0,0,0,0,0,0,0,0,0,0,0,0.006581764860139288,0,0,0,0,0,0,0.005175360898470507,0,0,0,0,0,0,0,0,0,0,0,0,0,0,0,0,0,0,0,0,0,0,0,0,0,0,0,0,0,0,0,0,0,0,0,0,0,0,0,0,0.00538322696040325,0,0,0,0,0,0,0,0,0,0.006005772307242686,0,0,0,0,0.005263635078592057,0,0,0,0,0,0,0,0,0,0,0,0.005901349930583518,0,0,0,0,0,0,0,0,0,0,0,0,0,0,0,0,0,0,0,0,0.005200942050919084,0,0.005030036415397553,0,0.005611885524007234,0,0,0,0,0,0,0,0,0,0,0,0,0,0,0,0.006564943393199881,0,0,0,0,0,0,0,0,0,0,0,0,0,0,0,0,0.006570740642881625,0,0,0,0,0,0,0,0,0,0,0,0,0,0,0,0,0,0,0,0,0,0,0,0,0,0,0,0,0,0,0,0,0,0,0,0,0,0,0,0,0,0,0,0,0,0,0,0,0,0,0,0,0,0,0,0,0,0,0,0,0,0,0,0,0,0,0,0,0,0.006576463975041689,0.006568754313029907,0,0,0,0,0,0,0,0,0,0,0,0,0,0,0,0,0,0,0,0,0,0,0,0,0,0,0,0,0,0,0,0,0,0,0,0,0,0,0,0,0,0,0,0,0,0,0,0,0,0,0,0,0,0,0,0,0,0,0,0.006593531518849079,0,0.006597613531478779,0,0.006583481348145343,0.006606125808657094,0,0.006585811354178716,0,0,0.006565084383958026
0,0,0,0,0,0,0,0.005288728028732077,0.005349745986765774,0,0,0,0,0,0,0,0,0,0,0,0,0,0,0,0,0,0,0,0.004854500234184277,0,0,0,0,0,0,0,0,0.005110114880349293,0,0,0,0,0,0,0.004817066024675553,0,0,0,0.005775462600021726,0,0.005169670828980944,0.007739462986995566,0,0,0.008642041390404049,0,0.008215445476750818,0.004837695894944065,0,0,0,0,0,0,0,0,0,0.004716147237315416,0,0,0,0,0,0,0.005323318546418881,0,0,0,0,0,0,0,0,0,0,0,0,0,0,0,0,0,0,0,0,0,0,0,0,0,0,0,0,0,0,0,0,0,0,0,0,0,0.004561547995619504,0,0,0,0,0,0,0,0,0,0,0,0,0,0,0.008096058503666697,0,0,0,0,0,0,0,0,0,0,0,0,0,0,0,0,0,0,0.004742162029209242,0,0,0.006251770554950757,0,0.004624471539559149,0,0,0,0,0,0,0.009854690006611867,0,0,0,0,0,0,0,0,0,0,0,0,0,0,0,0,0,0,0,0,0,0,0.004805799870165855,0,0,0,0,0,0,0,0,0,0,0,0,0,0,0,0,0,0,0,0.006694239652027926,0,0,0,0,0,0,0,0,0,0,0,0,0,0,0,0,0,0,0,0,0,0,0,0,0,0,0,0,0,0,0,0,0,0,0,0,0,0,0,0.004580782400322062,0,0,0,0,0,0,0,0.007169556525807331,0,0.004955977930891036,0,0,0,0,0,0,0,0,0,0,0,0,0,0,0,0.004625945527585652,0,0,0,0,0,0,0,0,0,0,0,0,0,0,0,0,0,0,0,0.008215174918873119,0,0,0,0,0,0,0,0,0,0,0,0,0,0,0,0,0,0,0,0,0,0,0,0,0,0,0,0,0,0,0,0,0,0,0,0,0,0,0,0,0,0,0,0,0,0,0,0,0,0,0,0,0,0,0,0,0,0,0,0,0.00610761181103819,0,0,0,0,0,0,0,0,0,0,0,0,0,0,0,0,0,0,0,0,0,0,0,0,0,0,0,0,0,0,0,0,0.005471742206294771,0,0,0,0,0,0,0,0,0,0,0,0,0,0,0,0,0,0,0,0,0,0,0,0,0,0,0,0,0,0,0,0,0,0,0,0,0,0,0,0,0,0,0,0,0,0
0,0,0,0,0,0,0,0,0,0,0,0,0,0,0,0,0,0,0,0,0,0,0,0,0,0.003271096449912828,0,0,0,0,0,0,0,0,0,0,0,0,0,0,0,0,0,0,0.004294106312218415,0.003205735885262554,0,0.004682064444192809,0,0,0.003989672845903674,0,0,0,0,0.004472822239000883,0,0,0,0,0,0,0,0,0,0,0,0,0,0,0.003419073839181533,0,0,0,0,0,0,0,0,0,0,0,0,0,0,0,0,0.002738706314231469,0,0,0,0,0,0,0.003655898939914932,0,0,0,0,0,0,0,0,0,0,0,0,0,0,0,0,0,0,0,0,0,0,0,0,0,0,0,0,0,0,0.005328690806306894,0,0,0,0,0,0,0,0,0,0,0,0,0,0,0,0,0,0,0,0,0,0,0,0,0,0,0,0,0,0,0.003980639256052687,0,0,0,0,0,0,0,0,0,0,0,0,0,0,0,0,0,0,0,0,0,0,0,0,0.004706293754088916,0,0,0,0,0,0,0,0,0,0,0,0,0,0,0,0,0,0,0,0,0,0,0,0,0.005101295572584368,0,0.002859317745971681,0,0,0,0,0,0,0,0,0,0,0,0,0,0,0,0,0,0,0,0,0.004436884599508526,0,0,0,0,0,0,0,0,0,0,0,0,0,0,0,0,0,0,0,0,0.003089032869725977,0,0,0,0,0,0,0,0,0,0,0,0,0,0,0,0,0,0,0,0,0,0,0,0,0,0,0,0,0,0,0,0,0,0,0,0,0,0,0,0,0,0,0,0,0,0,0,0,0,0,0,0,0,0,0,0,0,0,0,0,0,0,0,0,0,0,0,0,0,0,0,0,0,0,0,0,0,0,0,0,0,0,0,0,0,0,0,0,0,0,0,0,0,0,0,0,0,0,0,0,0,0,0,0,0,0,0,0,0,0,0,0,0,0,0,0,0,0,0,0,0,0,0,0,0,0,0,0,0,0,0.003987138592158182,0,0,0,0,0,0,0,0,0,0,0,0,0,0,0,0,0,0,0,0,0,0,0,0,0,0,0,0,0,0,0,0,0,0,0,0,0,0,0,0,0,0,0,0,0.002374223713214459,0
0,0,0.00513132242474996,0,0,0,0,0,0,0,0,0,0,0,0,0,0,0,0.004663481350877596,0,0,0,0,0,0,0,0,0,0,0,0,0,0,0,0,0,0,0.005324723051610524,0,0,0,0,0,0,0,0,0,0,0.00759482608139085,0,0.007128706929049194,0,0,0.004957906014610697,0.004716664664421673,0,0.004732766735393348,0.008543406687942706,0,0,0,0,0,0.005612697348988119,0,0,0,0,0,0,0,0,0,0,0,0,0,0,0.004706646649470153,0,0,0,0,0,0,0,0,0,0,0,0,0,0,0,0,0,0,0,0,0,0,0,0,0.004880004269206612,0,0,0,0,0,0,0,0,0.008205996931691328,0.005089468021714351,0,0,0,0,0,0,0,0,0,0,0,0,0,0.00545153205335048,0,0,0,0,0,0.004872258177724163,0,0,0,0,0.004706071233658141,0,0.005155907157697114,0,0.004672254586774567,0,0,0,0,0,0,0,0,0,0,0,0,0,0,0,0,0,0.005859646075149459,0,0,0,0,0,0,0,0.004659105868976533,0,0,0,0,0,0,0,0,0,0,0,0,0,0,0,0,0,0,0,0,0,0,0,0,0,0,0,0,0,0,0,0,0.005189998575613877,0,0,0,0,0,0,0,0,0,0,0,0,0,0,0.005028342136290479,0,0,0,0,0,0,0,0,0,0,0,0,0,0,0,0,0,0,0,0,0,0,0,0,0,0,0,0,0,0,0,0,0.005190785604622526,0,0.00536374278319622,0,0.00486890765840447,0,0,0,0,0,0,0,0,0,0,0,0,0,0,0,0,0,0,0,0,0,0,0,0,0,0,0,0,0,0,0,0,0,0.004729689965734959,0,0,0,0,0,0,0,0,0,0,0,0,0,0,0,0,0,0,0,0,0,0,0,0,0,0,0,0,0,0,0,0,0,0,0,0,0,0,0,0,0,0,0,0,0,0,0,0,0,0,0,0,0,0,0,0,0,0,0,0,0,0,0,0,0,0,0,0,0,0,0,0,0,0,0,0,0,0,0,0,0,0,0,0,0,0,0,0,0,0,0,0,0,0.007120367494287612,0,0,0,0,0,0,0,0,0,0,0,0,0,0,0,0,0,0,0,0,0,0,0,0,0,0,0,0,0,0,0,0,0,0,0,0,0,0,0,0,0,0,0,0,0,0
0,0,0,0,0,0,0,0,0,0,0,0,0,0,0,0,0,0,0,0,0,0,0,0,0,0,0,0,0,0,0,0,0,0,0,0,0,0,0,0,0,0,0.003807721232213229,0.004743021577936622,0,0,0,0,0,0,0,0,0.003759825886970105,0,0,0,0,0,0,0,0,0,0.003544123571435733,0,0,0,0,0,0,0,0,0,0,0.003631308083873595,0,0,0,0,0,0,0.004214100625153649,0,0,0,0,0,0,0,0,0,0,0,0,0,0,0,0,0,0,0,0.003399864743189353,0,0,0,0,0,0,0,0,0,0,0.002884008079338213,0,0,0.009313578324935979,0,0,0,0,0,0,0,0,0,0,0,0,0,0,0,0,0.003503181418480442,0,0,0,0,0,0,0,0,0,0,0.003376567202407857,0,0,0,0,0,0,0,0,0,0,0,0.00290719399761427,0,0,0,0,0,0,0,0,0,0.003843568276924132,0,0,0,0,0,0,0,0,0.004057404146159313,0,0,0,0,0,0,0,0,0,0,0,0,0,0,0,0,0,0,0,0,0.003817756501657602,0,0,0,0,0,0,0,0,0,0,0,0,0,0,0,0,0,0,0,0,0.004355200210641677,0,0,0,0.003693766770487745,0,0,0,0,0,0,0,0,0,0,0,0,0,0,0,0,0,0,0,0,0,0,0,0,0,0,0,0,0,0,0,0,0,0,0,0,0,0,0,0,0,0,0.004787975794764551,0,0,0,0,0,0,0,0,0,0,0,0,0,0,0,0,0,0,0,0,0,0,0,0,0,0,0,0,0,0,0,0,0,0,0,0,0,0,0,0,0,0,0,0,0,0,0,0,0,0,0,0,0,0,0,0,0,0,0,0,0,0,0,0,0,0,0,0,0,0,0,0,0,0,0,0,0,0,0,0,0,0,0,0,0,0,0,0,0,0,0,0,0.006366214623173331,0,0,0,0,0,0,0,0,0,0.00297079979555267,0,0.003566856634471145,0.003064073884058439,0,0,0,0,0.006329246934149926,0,0,0,0,0,0,0,0,0,0,0,0,0,0,0,0,0,0.004896165583850674,0,0,0,0,0,0,0,0,0,0,0,0,0,0,0,0,0.003387196164162812,0,0.004247574774996543,0,0,0,0,0,0,0,0,0,0,0,0,0,0,0,0,0
0,0,0.008600667868784679,0,0,0,0,0,0,0,0,0,0,0,0,0,0,0,0.005466029159563839,0,0,0,0,0,0,0,0,0,0,0,0,0,0,0,0,0,0,0,0,0,0,0,0.003938442492520122,0,0,0,0,0,0,0,0.005314087928625831,0,0,0,0,0,0,0.005636922752193543,0,0.00456691097688735,0,0,0.004915473570292261,0,0,0,0,0,0,0,0,0,0,0,0,0,0,0,0.005256690431760642,0,0,0,0,0,0,0,0,0,0,0,0,0,0,0,0,0,0,0,0,0,0,0,0,0,0,0,0,0,0,0,0,0,0.005529059322144942,0,0.006167785007631947,0,0,0,0,0,0,0,0,0,0,0,0,0,0,0,0,0,0,0,0,0,0.004706071233658141,0,0,0,0,0,0.007549485794372813,0.006904900870432702,0,0,0,0,0,0,0,0.005156230325726375,0,0,0,0,0,0,0,0,0,0,0,0,0,0,0,0.005170835018470573,0.005464064961433751,0,0,0,0,0.005130275493271554,0,0,0,0,0,0,0,0,0,0,0,0,0,0,0,0,0,0,0,0,0,0,0,0,0,0,0,0,0,0,0,0,0,0.006116315985594265,0,0,0,0.004562993231301155,0,0,0,0,0,0,0,0,0,0,0,0,0,0,0,0,0,0,0,0,0,0,0,0,0,0.005135807250292898,0,0,0,0,0,0,0,0,0,0,0,0,0,0,0,0,0,0,0,0,0,0.00593777647111691,0,0,0,0,0,0,0,0,0,0,0,0,0,0,0,0,0,0,0,0,0,0,0,0,0,0,0,0,0,0,0,0,0,0,0,0,0,0,0,0,0,0,0,0,0,0,0,0,0,0,0,0,0,0,0,0,0,0,0,0,0,0,0,0,0,0,0,0,0,0,0,0,0,0,0,0,0,0,0,0,0,0,0,0,0,0,0,0,0,0,0,0,0,0,0,0,0,0,0,0.006195798091048183,0,0,0,0,0,0,0,0,0,0,0,0,0,0.003425650199252815,0,0,0,0.005271615609321814,0,0,0,0.005304328370427526,0,0,0,0,0,0,0,0,0,0.00379298666926567,0,0,0,0,0,0,0,0,0,0,0,0,0,0,0,0,0,0,0.004573884613704183,0,0,0,0,0,0,0,0,0,0,0,0,0,0,0,0,0
0,0,0,0,0,0,0,0,0,0,0,0,0,0,0,0,0,0,0,0,0,0,0.003942499679617716,0,0,0,0,0,0,0,0,0,0,0,0,0,0,0,0,0,0,0,0,0,0,0,0,0,0,0,0,0,0,0,0,0,0,0,0,0,0,0,0,0,0,0,0.00729639253224105,0,0,0,0,0,0,0,0,0,0,0,0,0,0,0,0,0,0,0,0,0,0,0,0,0,0,0,0,0,0,0.00745314324282433,0,0,0,0,0,0,0,0,0,0,0,0,0,0,0,0,0,0,0,0,0,0,0,0,0,0,0,0,0,0,0,0,0,0,0,0,0,0,0,0,0,0,0,0,0,0,0,0,0,0,0,0,0.008640198669559633,0,0,0.00700401157220886,0,0,0,0,0,0,0,0,0,0.0060240203839517,0,0,0,0,0,0,0,0,0,0,0,0,0,0,0,0,0,0,0,0,0,0,0,0,0,0,0,0,0,0,0,0,0,0,0,0,0,0,0,0,0,0,0,0,0,0,0,0,0,0,0,0,0,0,0.01115237208812972,0,0,0,0.01005316742891705,0,0,0,0,0,0,0,0,0,0,0,0,0.003594270021070958,0,0,0,0,0,0,0,0,0,0,0,0,0,0,0,0,0,0,0,0,0,0,0,0,0,0,0,0,0,0,0,0,0,0.004820498445946099,0.004549663913790808,0,0,0,0,0,0,0,0,0,0,0,0,0,0,0,0.003670583160746017,0,0,0,0,0,0,0,0,0,0,0,0,0,0,0,0,0,0,0,0,0,0,0,0,0,0,0,0,0,0,0,0,0,0,0,0,0,0,0,0,0,0,0,0,0,0,0,0,0,0,0,0,0,0,0,0,0,0,0,0,0,0,0,0,0,0,0.0102908071702662,0.009942335431822128,0,0,0.006965399608133823,0,0,0,0,0,0,0,0,0,0,0,0,0,0,0,0,0,0.003958720083266013,0,0,0,0,0,0,0,0,0,0,0,0,0,0,0,0,0,0,0,0,0,0,0,0,0,0,0,0,0,0,0,0,0,0,0,0,0,0,0,0,0,0,0,0,0.01112729066133357,0.007017015414658351,0.007035855917993281,0.009232661269030291,0,0.01060730362351391,0,0.004821888028400724
0,0,0,0,0,0,0,0,0,0,0,0,0,0,0,0,0,0,0,0,0,0,0,0,0,0,0,0,0,0.004563169502752294,0,0,0,0,0,0,0,0.005325131458102962,0,0,0,0,0,0,0.004833082035225807,0,0,0.003085849395768236,0.004898731056218019,0,0,0,0,0.005587906290246701,0,0,0,0,0,0,0,0,0,0.005656684825992382,0,0,0,0,0,0,0,0,0,0,0,0,0,0,0,0,0,0,0,0,0,0,0,0.003367327483444518,0,0,0,0,0,0,0,0,0,0,0,0,0,0,0.00470597490367043,0.004769571144253202,0,0,0,0,0,0,0,0,0.004403095803353244,0.005510475168690063,0,0,0,0,0,0,0,0,0,0,0,0,0,0.005098508091553542,0,0,0,0,0,0,0,0,0.005155907157697114,0,0,0,0,0,0,0,0,0,0,0,0,0,0,0,0,0,0,0,0,0,0,0,0.00473877521786242,0,0,0,0,0,0,0,0,0,0,0,0,0,0,0,0,0,0,0,0,0.004704290975187321,0,0,0,0,0,0,0,0,0,0,0,0,0,0,0,0,0,0,0,0.005167502463158736,0,0,0,0,0,0,0,0,0,0,0,0,0,0,0.004920486108584882,0,0,0,0,0,0,0,0,0,0,0,0,0,0,0,0,0,0,0,0,0,0,0,0,0,0,0,0,0,0,0,0,0,0,0.005346980635401953,0,0.004706763095876944,0,0,0,0,0.004186647217090325,0,0,0,0,0,0,0,0,0,0,0,0,0,0,0,0,0,0,0,0,0,0,0,0,0,0,0,0,0,0,0,0,0,0,0,0,0,0,0,0,0,0,0,0,0,0,0,0,0,0,0,0,0,0,0,0,0,0,0,0,0,0,0,0,0,0,0,0,0,0,0,0,0,0,0,0,0,0,0,0,0,0,0,0,0,0,0,0,0,0,0,0,0,0,0,0,0,0,0,0,0,0,0,0,0,0,0,0,0,0,0,0,0,0,0,0.004230833381405584,0,0,0,0,0,0,0,0,0,0,0,0,0,0,0,0,0,0,0,0,0,0,0,0,0,0,0,0,0,0,0,0,0,0,0,0,0,0,0,0,0,0,0,0,0,0,0,0,0,0,0,0,0
0,0,0,0,0,0,0,0,0,0,0,0,0,0,0,0,0,0,0,0,0,0,0,0,0,0.002871103058253041,0,0,0,0,0.003136343469361159,0,0,0.00339263434862578,0,0,0,0,0,0,0,0,0,0,0,0,0,0.00277025857180006,0,0,0,0,0,0,0,0,0,0,0,0,0,0,0,0,0,0,0,0,0,0,0,0,0.003344828514838948,0,0,0,0,0,0,0,0,0,0,0,0,0,0,0,0,0,0,0,0,0,0,0,0,0,0,0,0,0,0,0,0,0,0,0,0,0,0.002728163456616321,0,0,0,0,0,0,0,0,0,0,0,0,0,0,0.003584169493268071,0,0,0,0,0,0,0,0,0,0,0,0,0,0,0,0,0,0,0,0,0,0,0,0.004488140227542438,0,0,0,0,0,0,0,0,0,0,0,0,0,0,0,0,0.004073659024366874,0,0,0,0,0,0,0,0,0,0,0,0,0,0,0,0,0,0,0,0,0,0,0,0,0,0,0,0,0,0,0,0,0,0,0,0,0,0,0,0.002862793822344405,0,0,0.003353888705945135,0,0,0,0,0,0,0,0,0,0,0,0,0,0,0,0,0,0,0,0,0,0,0,0,0,0,0,0,0,0,0,0,0,0,0,0,0,0,0,0,0,0,0,0,0,0,0,0,0,0,0,0,0,0,0,0,0,0,0,0,0,0,0,0,0,0,0,0,0,0,0,0,0,0,0,0,0,0,0,0,0,0,0,0,0,0,0,0,0,0,0,0,0,0,0,0,0,0,0,0,0,0,0,0,0,0,0,0,0,0,0,0,0,0,0,0,0,0,0,0,0,0,0,0,0,0,0,0,0,0,0,0,0,0,0,0,0,0,0,0,0,0,0,0,0,0,0,0,0,0,0,0,0,0,0,0,0,0,0,0,0,0,0,0,0,0,0,0,0,0,0,0,0,0,0,0,0,0,0,0,0,0,0,0,0,0,0,0,0,0,0,0,0,0,0,0,0,0,0,0,0,0,0,0,0,0,0,0,0,0,0,0,0,0,0,0,0,0
0,0,0.008186657735107596,0,0,0,0,0,0,0,0,0,0,0,0,0,0,0,0.005201424059274059,0,0,0,0,0,0,0,0,0,0,0,0,0,0,0,0,0,0,0,0,0,0,0,0.005059499014688527,0,0,0,0,0,0,0,0.005480057194934137,0,0,0,0,0,0,0.005751619351976892,0,0.003414764112268531,0,0,0.003409746309078185,0,0,0,0,0,0,0,0,0,0,0,0,0,0,0,0.005235811617718907,0,0,0,0,0,0,0,0,0,0,0,0,0,0,0,0,0,0,0,0,0,0,0,0,0,0,0,0,0,0,0,0,0,0.005191542945740591,0,0.005582131483873747,0,0,0,0,0,0,0,0,0,0,0,0,0,0,0,0,0,0,0,0,0,0.004672254586774567,0.003376567202407857,0.007549485794372813,0,0,0,0,0.006283470816760147,0,0,0,0,0,0,0,0,0,0,0,0,0,0,0,0,0,0,0,0,0.003444937111311028,0,0,0.005144049273150516,0.00520099718768373,0,0,0,0,0.003384621405192472,0,0,0,0,0,0,0,0,0,0,0,0,0,0,0,0,0,0,0,0,0,0,0,0,0,0,0,0,0,0,0,0,0,0.007215422448556934,0,0,0,0,0,0,0,0,0,0,0,0,0,0,0,0,0,0,0,0,0,0,0,0,0,0,0,0,0,0.005142371950735834,0,0,0,0,0,0,0,0,0,0,0,0,0,0,0,0,0,0,0,0,0,0.006077397502179154,0,0,0,0,0,0,0,0.003712036398809937,0,0,0,0,0,0,0,0,0,0,0,0,0,0,0,0,0,0,0,0,0,0,0,0,0,0,0,0,0,0,0,0,0,0,0,0,0,0,0,0,0,0,0,0,0,0,0,0,0,0,0,0,0,0,0,0,0,0,0,0,0,0,0,0,0,0,0,0,0,0,0,0,0,0,0,0,0,0,0,0,0,0,0,0,0,0,0,0.003456474431207332,0,0,0,0.00707157412799918,0,0,0,0,0,0,0,0,0,0,0,0,0,0.003379905596063121,0,0,0,0.005255304406665382,0,0,0,0.005470889214450717,0,0,0,0,0,0,0,0,0,0,0,0,0,0,0,0,0,0,0,0,0,0,0,0,0,0,0,0,0,0,0,0,0,0,0,0,0,0,0,0,0,0,0,0,0,0
0,0,0.007954615649628776,0,0,0,0,0,0,0,0,0,0,0,0,0,0,0,0.004703460393431802,0,0,0,0,0,0,0,0,0,0,0,0,0,0,0,0,0,0,0,0,0,0,0,0.004379566169451078,0,0,0,0,0,0,0,0.004501937302042168,0,0,0,0,0,0,0.004761810205772845,0,0.006583474945814074,0,0,0,0,0,0,0,0,0,0,0,0,0,0,0,0,0,0,0.004869679887535978,0.005820435894046506,0,0,0,0,0,0,0,0,0,0,0,0,0,0,0,0,0,0,0,0,0.004549990156156561,0,0,0,0,0,0,0,0,0,0,0,0.004359705009443959,0,0,0,0,0,0,0,0,0,0,0,0,0,0,0,0,0,0,0.004835897067466692,0,0,0,0,0,0,0.006904900870432702,0,0,0,0.006283470816760147,0,0,0,0,0,0,0,0,0,0,0,0,0,0,0,0,0,0,0,0,0,0.003830138889618227,0,0,0.004648740121594054,0.004699569912636639,0,0,0,0,0,0,0,0,0,0.006088857075915857,0,0,0,0,0,0,0,0,0,0,0,0.005987434034144378,0,0,0,0,0,0,0,0,0,0,0,0,0,0,0,0,0.005697127633969212,0,0,0,0,0,0,0,0,0,0,0,0,0,0,0,0,0,0,0,0,0,0,0,0,0,0,0,0,0,0.004615619053802974,0,0,0,0,0,0,0,0,0,0,0,0,0,0,0,0,0,0,0.006064588464907993,0,0,0.009765872782811756,0,0,0,0.006110104007090328,0,0,0,0,0,0,0,0,0,0,0,0,0,0,0,0,0,0,0,0,0,0,0,0,0,0,0,0,0,0,0,0,0,0,0,0,0,0,0,0,0,0,0,0,0,0,0,0,0,0,0,0,0,0,0,0,0,0,0,0,0,0,0,0,0,0,0,0,0,0,0,0,0,0,0,0,0,0,0,0,0,0,0,0,0,0,0,0,0,0,0,0,0,0,0,0.007555330466122563,0,0,0,0,0,0,0,0,0,0,0,0,0,0,0,0,0.003788034656732933,0,0,0,0.005063212564913249,0.004846243122339703,0,0,0,0,0,0,0,0,0,0,0,0,0,0,0,0,0,0,0,0,0,0,0,0,0,0,0,0,0,0,0,0,0,0,0,0,0,0,0,0,0,0,0,0,0,0
0,0,0,0,0,0,0,0,0,0,0,0,0,0.003447304893290393,0,0,0,0,0,0,0,0,0,0.004962930029888693,0,0,0,0.006228255289039081,0,0,0,0.002930200515001336,0.00440635964534309,0,0,0.006099548460048156,0,0,0,0,0,0,0,0,0,0,0.006144312340926137,0,0,0.006079691194530869,0,0,0,0,0,0,0,0,0,0,0,0,0,0,0,0,0,0,0,0,0,0,0,0,0,0,0,0,0.005729095928814287,0,0,0,0.005635276123020758,0.006102577685016577,0.003136401202820701,0,0,0,0.006361462108118262,0.005479127158756945,0,0,0,0,0,0,0,0,0,0,0,0,0,0,0,0,0,0,0,0,0,0,0,0,0,0,0,0,0,0,0,0,0,0,0,0,0.004455491832556649,0,0,0,0.00677827180384244,0,0,0,0,0,0,0,0,0,0,0,0,0,0,0,0,0,0,0,0,0,0,0,0,0,0,0,0,0,0,0,0,0,0,0.003118598057592207,0,0,0,0,0,0,0,0,0,0,0,0,0,0,0,0,0.003737221775532133,0,0,0,0,0,0.002774812324735307,0,0,0,0,0,0,0,0,0,0,0,0,0,0,0,0.002940773410136545,0,0,0,0,0,0,0,0,0,0,0,0,0,0,0,0,0,0,0,0,0,0,0,0,0,0,0.006142691470725448,0,0,0,0,0,0,0,0,0,0,0,0,0,0,0,0,0.00514947679476442,0,0,0,0,0,0.00441647225053658,0,0,0,0,0,0,0,0,0,0,0,0,0,0,0,0,0,0,0,0,0,0,0,0,0,0,0,0,0,0,0,0,0,0,0,0,0,0,0,0,0,0,0,0,0,0,0,0,0,0,0,0,0,0,0,0,0,0,0,0,0,0,0,0,0,0,0,0,0,0,0,0,0,0,0,0,0,0,0,0,0,0,0,0,0,0,0,0,0,0,0,0,0,0,0,0,0,0,0,0,0,0,0,0,0,0,0,0.004505423752093528,0.003391171926305824,0,0,0,0,0,0,0,0,0,0,0,0,0,0.005913137001100984,0,0,0.002881599044672523,0,0,0,0,0,0,0,0,0,0,0,0,0,0,0,0,0,0,0,0,0,0,0,0,0,0,0,0,0,0,0,0,0,0,0,0,0,0,0,0,0,0,0,0,0,0,0
0,0,0,0,0,0,0,0,0,0,0,0,0,0,0,0,0,0,0,0,0,0,0,0,0,0,0,0,0,0,0,0,0,0,0.005873377816800762,0.004541937608394945,0,0,0,0,0,0,0,0,0,0,0,0,0,0.004229028256176728,0,0,0,0,0,0,0,0,0,0.004085755102994465,0,0,0,0,0,0,0,0,0,0,0,0,0,0,0,0,0,0,0,0,0,0.004146732254748845,0,0,0,0,0,0,0,0,0,0,0,0,0,0,0,0,0,0,0,0,0,0.004253178215936002,0,0,0,0,0,0.00506464980616572,0,0,0,0,0.006873458762487645,0,0,0,0,0,0,0.005049222788654538,0,0,0,0,0,0,0,0,0,0.003947727563944277,0,0,0,0,0,0,0,0,0,0,0,0,0,0,0,0,0,0,0,0,0,0,0,0,0,0,0,0,0,0,0,0,0,0,0,0,0,0,0,0,0,0.004264306752310773,0,0,0,0,0,0,0,0,0,0,0,0,0,0,0,0,0,0,0,0,0,0,0,0,0,0,0,0,0,0,0,0,0,0,0,0,0,0.003995386497132708,0,0,0,0,0,0,0,0,0.005044934327167535,0,0,0,0,0,0,0,0,0,0,0,0,0,0,0,0,0,0,0,0,0,0.00423195205306808,0,0,0,0,0,0,0,0,0,0,0.004196028564230157,0.004235172128362469,0,0,0,0,0,0.004742830971036416,0,0,0,0,0,0,0,0,0,0,0,0,0,0,0,0,0,0,0,0,0,0,0,0,0,0,0,0,0,0,0,0,0,0,0,0,0,0,0,0,0,0,0,0,0,0,0,0,0,0,0,0,0,0,0,0,0,0,0,0,0,0,0,0,0,0,0,0,0,0,0,0,0,0,0,0,0,0,0,0,0,0,0,0,0,0,0,0,0,0,0,0,0.004198843823891053,0.004187342848257832,0.004120640616712949,0,0,0,0,0,0,0,0,0,0,0,0,0,0,0,0,0,0.003997496731151765,0,0.004220269813271525,0,0,0,0,0,0,0,0,0,0,0,0,0,0,0,0.003882878845229146,0,0,0,0,0,0,0,0,0,0,0,0,0,0,0,0,0,0,0,0,0,0,0,0,0,0,0.00438770945503917,0,0.003899979385628101,0,0,0,0,0.003893590551698393,0,0
0,0,0,0,0.004827200158729357,0,0,0.005649294046417442,0.004941794986101112,0,0,0,0,0,0,0,0,0,0,0,0,0,0,0,0,0,0,0,0.005041957059933695,0,0,0,0,0,0,0,0,0,0,0,0,0,0,0,0,0,0,0,0,0,0,0.004980023301419405,0,0,0.005186510648762148,0,0.005185398509380788,0,0.005185519022368499,0,0.005570507298844364,0,0,0,0,0,0,0.00568509212322091,0,0,0,0,0,0,0.005676419883334685,0,0,0,0,0,0,0,0,0,0,0,0,0,0,0,0,0,0,0,0,0,0,0,0,0,0,0,0,0,0,0,0,0,0,0,0,0,0,0,0,0,0,0,0,0,0,0,0,0,0,0,0,0.00516370052107421,0,0,0,0,0.005939870044584089,0,0.004742162029209242,0,0,0,0,0,0,0,0,0,0,0,0,0,0.004316672822011942,0.005282785931081381,0,0.00535941430484735,0,0,0,0,0,0,0.004775763441885248,0,0,0,0,0,0,0,0,0,0,0,0.005009331447351743,0,0,0,0,0,0,0,0,0,0,0,0,0,0,0,0,0,0,0,0,0,0,0,0,0,0,0,0,0,0,0,0,0,0,0,0,0,0,0,0,0,0,0,0,0,0,0,0,0,0,0,0,0,0,0,0.004287803572382957,0,0,0,0,0,0,0,0,0,0,0,0,0,0,0.005174382928591501,0,0,0,0,0,0,0,0.00496786866764342,0,0,0,0,0,0,0,0,0,0,0,0,0,0,0,0,0,0.005365492119723873,0,0,0,0,0,0,0,0,0,0,0,0,0,0,0,0,0,0,0,0.00518867399757653,0,0,0,0,0,0,0,0,0,0,0,0,0,0,0,0,0,0,0,0,0,0,0,0,0,0,0,0,0,0,0,0,0,0,0,0,0,0,0,0,0,0,0,0,0,0,0,0,0,0,0,0,0,0,0,0,0,0,0,0,0.006150709110734728,0,0,0,0,0,0,0,0,0,0,0,0,0,0,0,0,0,0,0,0,0,0,0,0,0,0,0,0,0,0.004499780592594201,0,0,0,0,0.004355928675616169,0,0,0,0,0,0,0,0,0,0,0,0,0,0,0,0,0,0,0,0,0,0,0,0,0,0,0,0,0,0,0,0,0,0,0,0,0,0,0,0,0,0,0,0
0,0,0,0,0,0,0,0,0,0,0,0,0,0.003350931375289814,0,0,0,0,0,0,0,0,0,0,0,0,0,0,0,0,0,0.007008902449298597,0,0,0,0,0,0,0,0,0,0.004240510143699267,0,0,0,0,0,0,0,0,0,0,0,0,0,0,0,0,0,0,0,0,0,0,0,0,0,0,0,0,0,0,0,0,0,0,0,0,0,0,0,0,0.003669791377990721,0,0.004753480676486663,0,0.006622592681683642,0,0.002827243246577522,0,0,0,0,0,0,0,0,0,0,0,0.003423598843494418,0,0,0,0,0,0,0,0,0,0,0,0,0,0,0,0,0,0,0,0,0,0,0,0,0,0,0,0,0,0,0,0,0,0,0,0,0,0,0,0,0,0,0,0,0,0,0,0,0,0,0,0,0,0,0,0,0.003864978732136458,0,0,0,0,0,0,0,0.002809847125941707,0,0,0,0,0,0,0,0,0,0,0,0,0.002886390137989159,0,0,0,0.00407487383303299,0.005403637742613843,0,0,0,0,0,0,0,0,0,0,0,0,0,0,0,0,0,0,0,0,0.00403776358671829,0.007651567826244256,0,0,0,0,0,0,0,0,0,0,0,0,0,0,0,0,0,0,0.003115216464212441,0,0,0,0,0,0,0,0,0,0,0,0,0,0,0,0,0,0,0,0,0,0,0,0,0,0,0,0,0,0,0,0.003375472196230068,0,0,0,0,0,0,0.002912586500446145,0,0,0,0,0,0,0,0,0,0,0,0,0,0,0,0,0,0,0,0,0,0,0,0,0,0,0,0,0,0,0,0,0,0,0,0,0,0,0,0,0,0,0,0,0,0,0,0,0,0,0,0,0,0,0,0,0,0,0,0,0,0,0,0,0,0,0,0,0,0,0,0,0,0,0,0,0,0,0,0,0,0,0,0,0,0,0,0,0,0,0,0,0,0,0,0,0,0,0.002947653604017245,0.002787419240245627,0,0,0.003316550202932119,0,0,0,0.004647076085168724,0,0,0,0,0,0,0,0,0,0.003036380145659165,0,0,0,0,0.003422448463422308,0,0,0,0,0,0,0,0,0,0,0,0,0,0,0,0,0,0,0,0,0,0,0,0,0,0,0,0,0,0,0,0,0,0,0,0,0,0,0,0,0,0
0,0,0.004425989205319242,0,0.004288723488052718,0,0,0,0,0,0,0.004620647813767384,0,0,0,0,0,0,0.006391370879278753,0,0,0,0,0,0,0,0,0,0,0,0,0,0,0,0,0,0,0,0,0,0,0,0,0,0,0,0,0,0,0,0.004048858271806146,0,0,0,0,0,0,0,0,0,0.007142788185454427,0,0,0,0,0.00738634445054821,0,0,0,0,0,0,0,0,0,0,0,0,0,0,0,0,0,0,0,0,0,0,0,0,0,0,0,0,0,0,0,0,0,0,0,0,0,0,0,0,0,0,0,0,0,0,0,0,0,0,0,0,0,0,0,0,0,0,0.004902450014597508,0,0,0,0,0,0,0,0.006516200097380217,0,0,0,0,0,0,0,0,0,0,0,0,0,0.004316672822011942,0,0,0,0,0,0.004900547057985754,0,0,0,0,0,0,0,0,0,0,0,0,0,0,0.008509323404579877,0.006386543120633218,0,0.005564090784585703,0,0,0,0,0,0,0,0,0,0,0,0,0,0,0,0,0,0,0,0,0,0,0,0,0,0,0,0,0,0,0,0,0,0,0,0,0,0,0,0,0,0,0,0,0,0,0,0,0,0,0.004620108305955665,0,0,0,0.00405004013265799,0.00494978836801035,0.004634838260980802,0.005710036558571102,0,0,0,0,0,0,0,0,0,0,0,0,0,0,0,0,0,0.005302181497521432,0,0,0,0,0,0,0,0,0.004139419220793529,0,0,0,0,0,0,0,0,0.00404285157600007,0.004604067299081447,0,0,0,0,0,0,0,0,0,0,0,0,0,0,0,0,0,0,0,0,0,0,0,0,0,0,0,0,0,0,0,0,0,0,0,0,0,0,0,0,0,0,0,0,0,0,0,0,0,0,0,0,0,0,0,0,0,0,0,0,0,0,0,0,0,0,0,0,0,0,0,0,0.00428765625847501,0,0,0,0,0,0,0,0,0,0,0,0,0,0,0,0,0,0,0,0,0,0,0,0,0,0,0,0,0,0,0,0,0,0,0,0,0,0,0,0.005471948535310231,0,0,0,0,0.005601125959246857,0,0,0,0,0,0,0,0,0,0,0,0,0,0,0,0,0,0,0,0,0,0,0,0,0,0,0,0,0,0,0,0,0,0.005382018465406549,0,0.00533250417088727,0,0,0,0,0,0,0,0
0,0,0,0,0,0,0,0.006009531168360168,0.00504300174850612,0,0,0,0,0,0,0,0,0,0,0,0,0,0,0,0,0,0,0,0.004417221651647409,0,0,0,0,0,0.004413497155078203,0,0,0,0,0,0,0,0,0,0,0,0,0,0,0,0,0.005721257970739947,0,0,0.006174320162888511,0.003639919970092437,0.006311524139489278,0,0.005285220763326125,0,0,0,0,0,0,0,0,0.005570177627637661,0,0,0,0,0,0,0.006033385903791081,0,0,0,0,0,0,0,0,0.004080787405059324,0,0,0,0,0,0,0,0,0,0,0,0,0,0,0,0,0,0,0,0,0,0,0,0,0,0,0,0,0,0,0,0,0,0,0,0,0,0.004046937879116147,0,0,0,0.004290777790997617,0,0.005893578351775594,0,0,0,0,0,0,0.006251770554950757,0,0,0,0,0,0,0.004488140227542438,0,0,0,0,0.005282785931081381,0,0,0,0,0.005485299957146505,0,0,0,0,0,0,0.006801933247987783,0,0,0,0,0,0,0,0.003790023409832421,0,0,0,0,0,0,0,0,0,0,0,0,0,0,0,0,0,0,0,0,0,0,0,0,0,0,0,0,0,0,0,0,0,0,0.004983140185811008,0,0,0,0,0.00392208930126344,0,0,0,0,0,0,0,0,0,0,0,0,0,0,0,0,0,0,0,0,0,0,0,0,0,0,0,0,0,0,0,0,0,0,0.005230977105233473,0,0,0,0,0,0,0,0.00526798513575636,0,0,0,0,0,0,0,0,0,0,0,0,0,0,0,0,0,0.005863792487836245,0,0,0,0,0,0,0,0,0,0,0,0,0,0,0,0,0,0,0,0.006664759787255283,0,0,0,0,0,0,0,0,0,0,0,0,0,0,0,0,0,0,0,0,0,0,0,0,0,0,0,0,0,0,0,0,0,0,0,0,0,0,0,0,0,0,0,0,0,0,0,0,0,0,0,0,0,0,0,0,0,0,0,0,0.005744102412863519,0,0,0,0,0,0,0,0,0,0,0,0,0,0,0,0,0,0,0,0,0,0,0,0,0,0,0,0,0,0,0,0,0,0,0,0,0,0,0,0,0,0,0,0,0,0,0,0,0,0,0,0,0,0,0,0,0,0,0,0,0,0,0,0,0,0,0,0,0,0,0,0,0,0,0,0,0,0,0
0,0,0,0,0,0,0,0,0,0,0,0,0,0,0,0,0,0,0,0,0,0,0.003900030550975261,0,0,0,0,0,0,0,0,0,0,0,0,0,0,0,0,0,0,0,0,0,0,0,0,0,0,0,0,0,0,0,0,0,0,0,0,0,0,0,0,0,0,0,0.005338642059729547,0,0,0,0,0,0,0,0,0,0,0,0,0,0,0,0,0,0,0,0,0,0,0,0,0,0,0,0,0,0,0.007615442640591675,0,0,0,0,0,0,0,0,0,0,0,0,0.002010500298873479,0,0,0,0,0,0,0,0,0,0,0,0,0,0,0,0,0,0,0,0,0,0,0,0,0,0,0,0,0.008640198669559633,0,0,0,0,0,0,0,0,0,0,0,0,0,0.006951996455969992,0,0,0,0,0,0,0,0,0,0.006940244116659726,0,0,0,0,0,0,0,0,0,0,0,0,0,0,0,0,0,0,0,0,0,0,0,0,0,0,0,0,0,0,0,0,0,0,0,0,0,0,0,0,0,0,0,0,0,0,0,0,0,0,0,0,0,0,0.008794396614121847,0,0,0,0.007764088030124423,0,0,0,0,0,0,0,0,0,0,0,0,0.003676044373598162,0,0,0,0,0,0,0,0,0,0,0,0,0,0,0,0,0,0,0,0,0,0,0,0,0,0,0,0,0,0,0,0,0,0.004976961321567368,0.00581206808700814,0,0,0,0,0,0,0,0,0,0,0,0,0,0,0.004198559159992798,0.003736867417505315,0,0,0,0,0,0,0,0,0,0,0,0,0,0,0,0,0,0,0,0,0,0,0,0,0,0,0,0,0,0,0,0,0,0,0,0,0,0,0,0,0,0,0,0,0,0,0,0,0,0,0,0,0,0,0,0,0,0,0,0,0,0,0,0,0,0,0.007891516204425821,0.007557568768564748,0,0.003347102344046073,0.00713361338361581,0,0,0,0,0,0,0,0,0,0,0,0,0,0,0,0,0,0,0,0,0,0,0,0,0,0,0,0,0,0,0,0,0,0,0,0,0,0,0,0,0,0,0,0,0,0,0,0,0,0,0,0,0,0,0,0,0,0,0,0,0,0,0.008780941883736857,0.006964002023367104,0.007353313010426745,0.009055225256613637,0,0.008842042876125777,0,0.004978465486501674
0,0,0.004215073481696287,0,0,0,0,0.005632289663786291,0.005063683098691471,0,0,0,0,0,0,0,0,0,0,0,0,0,0,0,0,0,0,0,0.004351091919483026,0,0,0,0,0,0,0,0,0,0,0,0,0.005119291771000048,0.004273593759748878,0,0,0,0,0,0,0,0,0.006030514466810138,0,0,0.00536296045110686,0,0.005503606617500555,0,0.005161200455259169,0,0,0,0.005034067253562074,0,0,0,0,0.005086622521402026,0,0,0,0,0,0,0.005763900211740277,0,0,0,0,0,0,0,0,0.004046693709459963,0,0,0,0,0,0,0,0,0,0,0,0,0,0,0,0,0,0,0,0,0,0,0,0,0,0,0,0,0,0,0,0,0,0,0,0,0,0,0,0,0,0,0,0.005244797726844587,0,0,0,0,0,0,0.004624471539559149,0,0,0,0.005156230325726375,0,0,0,0,0,0,0,0.00535941430484735,0,0,0.005485299957146505,0,0,0,0,0,0,0,0,0.00463108528025344,0,0,0,0,0,0,0,0,0,0,0,0,0,0,0.005029734018415836,0,0,0,0,0,0,0,0,0,0,0,0,0,0,0,0,0,0,0,0,0,0,0,0,0,0,0,0.00485776745398395,0,0,0,0,0,0,0,0,0,0.005449575445594526,0,0,0,0,0,0,0,0,0,0,0,0,0,0,0,0,0,0,0,0,0,0,0,0,0,0,0,0,0,0.006908347148230515,0,0,0,0,0,0,0,0.005038960229278199,0,0,0,0,0,0,0,0,0,0,0,0,0,0,0,0,0,0.009221608772656643,0,0,0,0,0,0,0,0,0,0,0,0,0,0,0,0,0,0,0,0.005506145422739875,0,0,0,0,0,0,0,0,0,0,0,0,0,0,0,0,0,0,0,0,0,0,0,0,0,0,0,0,0,0,0,0,0,0,0,0,0,0,0,0,0,0,0,0,0,0,0,0,0,0,0,0,0,0,0,0,0,0,0,0,0.006216037147176693,0,0,0,0,0,0,0,0,0,0,0,0,0,0,0,0,0,0,0,0,0,0,0,0,0,0,0,0,0,0,0,0,0,0,0,0,0,0,0,0,0,0,0,0,0,0,0,0,0,0,0,0,0,0,0,0,0,0,0,0,0,0.004365723381017439,0,0,0,0,0,0,0,0,0,0,0,0,0,0,0,0,0
0,0,0,0,0.004343410871929233,0,0,0,0,0,0,0.004526432340614635,0,0,0,0,0,0,0,0,0,0,0,0,0,0,0,0,0,0,0,0,0,0,0,0,0,0,0,0,0,0,0,0,0,0,0,0,0,0,0,0,0,0,0,0,0,0,0,0,0.004607611829057067,0,0,0,0,0.004988221970796161,0,0,0,0,0,0,0,0,0,0,0.00308492429933739,0,0,0,0,0,0,0,0,0,0,0,0,0,0,0,0,0,0,0,0,0,0,0,0,0,0,0,0,0,0,0,0,0,0,0,0,0,0,0,0,0,0,0,0,0,0,0,0.007064914382422857,0,0,0,0,0,0,0,0.004196983296306717,0,0,0,0,0,0,0,0,0,0,0,0,0,0,0,0.004900547057985754,0,0,0,0,0,0,0,0,0,0,0,0,0,0,0,0,0,0,0.004870550258596156,0,0,0.004305229301893648,0,0,0,0,0,0,0,0,0,0,0,0,0,0,0,0,0,0,0,0,0,0,0,0,0,0,0,0,0,0,0,0,0,0,0,0.003578256150062789,0,0,0,0,0,0,0,0,0,0,0,0,0,0,0.006775936210441249,0,0,0,0.004064576171221948,0.004850135513145484,0.004776925466553486,0.004921590125317354,0,0,0,0,0,0,0,0,0,0,0,0,0,0,0,0,0.003347166331884655,0.005102330483228914,0,0,0,0,0,0,0,0,0.005311892419020818,0,0,0,0,0,0,0,0,0.004056909268269551,0.004603565552899011,0.003761608115771675,0,0,0,0,0.003876295261432847,0,0,0,0,0,0,0,0,0,0,0,0,0,0,0,0,0,0,0,0,0,0,0,0,0,0,0,0,0,0,0,0,0,0,0,0,0,0,0,0,0,0,0,0,0,0,0,0,0,0,0,0,0,0,0,0,0,0,0,0,0,0,0,0,0,0,0.005552592419145262,0,0,0,0,0,0,0,0,0,0,0,0,0,0,0,0,0,0,0,0,0,0,0,0,0,0,0,0,0,0,0,0,0,0,0,0,0,0,0,0.00469112549497165,0,0,0,0,0.004820353637650401,0,0,0,0,0,0,0,0,0,0,0,0,0,0,0,0,0,0,0,0,0,0,0,0,0,0,0,0,0,0,0,0,0,0.004692946314939073,0,0.004643161527812759,0,0,0,0,0,0,0,0
0,0,0,0.005294439139478831,0,0,0,0,0,0,0,0,0,0,0,0,0,0,0,0,0,0,0,0,0,0,0,0,0,0,0,0,0,0,0,0,0,0,0,0,0,0,0,0,0,0,0,0,0,0,0,0,0,0,0,0,0,0,0,0,0,0,0,0,0,0,0.005336867687237863,0,0,0,0,0,0,0,0,0,0,0,0,0.005830602612961713,0,0,0,0,0,0,0,0,0,0,0,0,0,0,0.006177569757748609,0,0,0.01280359895864163,0,0,0,0,0,0,0,0,0,0,0,0,0,0,0,0,0,0,0,0,0,0,0,0,0,0,0,0,0,0,0,0,0,0,0,0.006581764860139288,0,0,0,0,0,0.00700401157220886,0,0,0,0,0,0,0,0,0,0,0.006951996455969992,0,0,0,0,0,0,0,0,0,0,0,0,0.005005696151344569,0,0,0,0,0,0,0,0,0,0,0,0,0,0,0,0,0,0,0,0,0,0,0,0,0,0,0,0,0,0,0,0,0,0,0,0,0,0,0,0,0,0,0,0,0,0,0,0.006089691911050197,0,0,0,0,0,0,0.006944208754520721,0,0,0,0.006791576064789471,0,0,0,0,0.004850870571695886,0.006268823660964403,0,0,0,0,0,0,0,0,0,0,0,0,0,0,0,0,0,0,0,0,0,0,0,0,0,0,0,0,0,0,0,0,0,0,0,0,0,0,0,0,0.0109145995741874,0.0052068431367148,0,0,0,0,0,0,0,0,0,0,0,0,0,0,0,0.009894725986732605,0,0,0,0,0,0,0,0,0,0,0,0,0,0,0,0,0,0,0,0,0,0,0,0,0,0,0,0,0,0,0,0,0,0,0,0,0,0,0,0,0,0,0,0,0,0,0,0,0,0,0,0,0,0,0,0,0,0,0,0,0,0,0,0,0,0,0.006777341993649089,0.006750440518867558,0,0.009366034342016692,0.01265395991960685,0,0,0,0,0,0,0,0,0,0,0,0,0,0,0,0,0,0,0,0,0,0,0,0,0,0,0,0,0,0,0,0,0,0,0,0,0,0,0,0,0,0,0,0,0,0,0,0,0,0,0,0,0,0,0,0,0,0,0,0.006795819977418663,0,0.006794071096590429,0.006941066165009722,0.01285837998387525,0.01243912645252065,0.006961015705808845,0.006724152022840414,0.006867509580545321,0,0.01091615484331541
0,0,0,0,0,0,0,0,0,0,0,0,0,0,0,0,0,0,0,0,0,0,0,0,0,0,0,0,0,0,0,0,0,0,0,0,0,0,0,0,0,0,0,0.003120721947456339,0,0,0,0,0,0,0,0,0.004092652441543963,0,0,0,0,0,0,0,0,0,0,0,0,0,0,0,0,0,0,0,0,0.005634281403203684,0,0,0,0,0,0,0.00533245648207875,0,0,0,0,0,0,0,0,0,0,0,0,0,0,0,0,0,0,0,0.003997609990382942,0,0,0,0,0,0,0,0,0,0,0.004820381817352319,0,0,0,0,0,0,0,0,0,0,0,0,0,0,0,0,0,0,0,0,0,0,0,0,0,0.00290719399761427,0,0,0,0,0,0,0,0,0,0,0,0,0,0,0,0,0,0,0,0,0,0,0,0,0,0,0.003566196189616733,0.00313168221330906,0,0,0,0,0,0,0,0,0,0,0,0,0.003043360602774603,0,0,0,0,0,0,0,0,0,0,0,0,0,0,0,0.004181653750329711,0,0,0,0,0,0,0,0,0,0,0,0,0,0,0,0,0,0,0,0,0,0,0,0,0.004669205319570889,0,0,0,0,0,0,0,0,0,0,0,0,0,0,0,0,0,0,0,0,0,0,0,0,0,0,0,0,0,0,0,0,0,0,0,0,0,0,0.004410827627132208,0,0,0.002910794478333522,0.002610138532597781,0,0,0,0,0,0,0,0,0,0,0,0,0,0,0,0,0,0,0,0,0,0,0,0,0,0,0,0,0,0,0,0,0,0,0,0,0,0,0,0,0,0,0,0,0,0,0,0,0,0,0,0,0,0,0,0,0,0,0,0,0,0,0,0,0,0,0,0,0,0,0,0,0,0,0,0,0,0,0,0,0,0,0,0,0,0,0,0,0,0,0,0,0.003271446578250673,0,0,0,0,0,0,0,0,0,0,0,0,0,0,0,0,0,0.002901472749442819,0,0,0,0,0,0,0,0,0,0,0,0,0,0,0,0,0,0,0,0,0,0,0,0,0,0,0,0,0,0,0,0,0,0,0,0,0,0,0,0,0,0,0,0,0,0,0,0,0,0,0,0,0,0
0,0,0,0,0,0,0,0,0,0,0,0,0,0,0,0,0.005079132390735296,0,0,0,0,0,0,0,0,0,0,0,0,0,0,0,0,0,0,0,0,0,0,0,0,0,0,0,0,0,0,0,0,0,0,0,0,0,0,0,0,0,0,0,0,0,0,0,0,0,0,0,0,0,0,0,0,0,0,0.004757646421885506,0,0,0,0,0,0,0,0,0,0,0,0,0,0,0,0,0,0,0,0.004766230243613799,0,0,0,0,0,0,0,0,0.004399182222818585,0,0,0,0,0,0,0,0,0,0,0,0,0,0,0,0.004674310531023473,0,0,0,0,0,0,0,0,0.004516980429190994,0,0,0,0,0,0,0,0,0,0,0,0,0,0,0,0,0,0,0,0,0,0,0,0,0,0,0,0,0,0.004613353325845192,0,0.005284398941335736,0.004569957453784542,0,0,0,0,0,0,0,0,0,0,0,0,0.004864815295943991,0,0,0,0,0,0,0,0,0,0,0,0,0,0,0,0.005234633854026201,0,0,0,0,0,0,0,0,0,0,0,0,0,0,0,0,0,0,0,0,0.004300540901767349,0,0,0,0,0,0,0,0,0,0,0.005631578427801437,0,0,0,0,0,0,0,0,0,0,0.006147961788970559,0,0,0,0,0,0,0,0,0,0,0,0,0,0,0,0,0,0,0,0,0,0,0,0,0,0,0,0,0,0,0,0,0,0,0,0,0,0.004574891851571646,0,0,0,0,0,0,0,0,0,0,0,0,0,0,0,0,0,0.004615994286617266,0.00482336323173276,0.004618932139204629,0.004682409724715067,0.004624982567424675,0.004839001142564719,0.004618932139204628,0,0,0,0,0,0,0,0,0,0,0,0,0,0,0,0,0,0,0,0,0,0,0,0,0,0,0,0,0,0,0,0,0,0,0,0.0046089435572088,0.004617268013091147,0.0045478299174069,0.004671465605770161,0.00482336323173276,0.004665727891858229,0,0,0,0,0,0,0,0,0,0,0,0,0,0.004746876901388022,0,0,0,0,0,0,0,0,0.005444049553766483,0,0,0,0,0,0,0,0,0,0,0,0,0,0,0,0,0,0,0,0,0,0,0,0,0,0,0,0,0,0,0,0,0,0,0,0,0,0,0,0,0,0,0,0,0,0,0,0,0,0,0,0,0,0,0,0,0,0,0,0,0,0,0,0,0,0,0
0,0,0,0,0,0,0.00325482528004677,0,0,0,0,0,0,0,0,0,0,0,0,0,0,0,0.003252371127970612,0,0,0,0,0,0,0,0.004675553455662807,0,0,0,0,0,0,0,0,0,0,0,0,0,0.00369071064688056,0,0,0.00430318416971031,0,0,0.003631026052745066,0,0,0,0,0.004989413834648571,0,0,0,0,0,0,0,0,0,0,0,0,0,0,0.003725010364571912,0.003191253157312387,0.0047530575427391,0,0,0,0,0,0,0,0,0,0,0,0,0,0,0,0,0,0,0,0,0,0.003497393102696686,0,0,0,0,0,0,0,0,0,0,0,0,0,0,0,0.004241085456107104,0,0,0,0,0,0,0,0,0,0,0,0,0,0,0.003111846383863321,0,0,0,0,0,0,0,0,0,0.003980639256052687,0,0,0,0,0,0,0,0,0,0,0,0,0,0,0,0,0,0,0,0,0,0,0,0,0,0,0,0,0,0,0.004229149755724101,0,0,0,0,0,0,0,0,0,0,0,0,0,0,0.003735862476451042,0,0,0,0,0,0,0,0,0,0,0,0,0,0,0,0,0,0,0,0,0,0,0,0,0.003329964738745274,0,0.004178359277348553,0.005673713209666087,0,0,0,0,0,0,0,0,0,0,0,0,0,0,0,0,0,0,0,0,0,0,0,0,0,0,0,0,0.004086855339395561,0,0,0,0,0,0.002981880898867581,0,0,0,0,0,0.002998823416065051,0,0,0,0,0,0,0,0,0,0.0041027036097291,0,0,0,0,0,0,0,0,0,0,0,0,0,0,0,0,0,0,0,0,0,0,0,0,0,0,0,0,0,0,0,0,0,0,0,0,0,0,0,0,0,0,0,0,0,0,0,0,0,0,0,0,0,0,0,0,0,0,0,0,0,0,0,0,0,0,0,0,0,0,0,0,0,0,0,0,0,0,0,0,0,0,0,0,0,0,0,0,0,0,0,0,0,0,0,0,0,0,0,0,0,0,0,0,0,0,0,0,0,0,0,0,0,0,0,0,0,0,0,0,0.00362843294551569,0,0,0,0,0,0,0,0,0,0,0,0,0,0,0,0,0,0,0,0,0,0,0,0,0,0,0,0,0,0,0,0,0,0,0,0,0,0,0,0,0,0,0,0,0,0
0,0,0,0,0,0,0,0,0,0,0,0,0,0,0,0,0,0.002704121943706146,0,0.004058840745674173,0,0,0,0,0,0,0,0,0,0,0,0.004030687077887628,0,0,0,0,0,0,0.003361255197569893,0,0,0.003613576200415049,0,0,0,0,0,0,0,0,0,0,0,0,0,0,0,0,0,0,0,0,0,0,0.002972559341861484,0,0,0,0,0,0,0,0,0,0.003776632428954216,0,0,0,0,0,0,0,0,0,0,0,0.003330008849020785,0,0,0,0,0.004327676006508761,0,0,0,0,0,0,0,0,0,0,0,0,0,0,0,0,0,0,0,0,0,0,0,0,0,0,0,0,0,0,0,0,0,0,0,0,0,0,0,0,0,0,0,0,0,0,0,0,0,0,0,0,0,0,0,0.003864978732136458,0,0,0,0,0,0,0,0,0,0,0,0,0,0,0,0,0,0,0,0,0,0,0,0,0,0,0,0,0,0,0.002924137658806704,0,0,0,0,0,0,0,0,0,0,0,0.00331169767113875,0,0,0,0,0,0,0,0,0.002981503298492306,0,0,0,0,0.003195284596618725,0,0,0,0,0,0,0,0,0,0,0,0,0,0,0,0,0,0,0,0,0,0,0,0,0,0.004259679262827314,0,0,0,0,0,0,0,0,0,0,0,0,0,0,0,0,0,0,0,0,0,0,0,0,0,0.002678746066308174,0,0,0,0,0.004149501879969849,0,0.003534651981918316,0,0,0,0,0,0,0,0,0,0,0,0,0,0,0,0,0,0.003800126900089371,0,0.004040037009039431,0,0,0,0,0,0,0,0,0,0,0,0,0,0,0,0,0,0,0,0,0,0,0,0,0,0,0,0,0,0,0,0,0,0,0,0,0,0,0,0,0,0,0,0,0,0,0,0,0,0,0,0,0,0,0,0,0,0,0,0,0,0,0,0.002657288698858564,0,0,0,0,0,0,0,0,0,0,0,0,0,0,0,0,0,0,0,0,0,0,0,0,0,0,0,0,0,0,0,0,0.002888179883814127,0,0,0,0,0,0,0,0,0,0,0,0,0,0,0,0,0,0,0,0,0,0,0,0,0,0,0,0,0,0,0,0,0,0,0,0,0,0,0,0,0,0,0,0,0,0,0
0,0,0,0,0,0,0,0.005246267919297827,0.005318442686890855,0,0,0,0,0,0,0,0,0,0,0,0,0,0,0,0,0,0,0,0.004404462698071538,0,0,0,0,0,0,0,0,0.004271863487687942,0,0,0,0,0,0,0.005084658598276627,0,0,0.004928347566737641,0.005071745197355796,0,0.005770717891568461,0.007504939881015837,0,0,0.007757999937121311,0,0.007544966699846313,0,0,0,0,0,0,0,0,0,0,0.004734386279367803,0,0,0,0,0,0,0.004972663984305025,0,0,0,0,0,0,0,0,0,0,0,0,0,0,0,0,0,0,0,0,0,0,0,0,0,0,0,0,0,0,0,0,0,0,0,0,0,0,0,0,0,0,0,0,0,0,0,0,0,0,0,0,0.007524242016908871,0,0,0,0,0,0,0.009854690006611867,0,0,0,0,0,0,0,0,0,0,0,0.004775763441885248,0,0,0.006801933247987783,0,0.00463108528025344,0,0,0,0,0,0,0,0,0,0,0,0,0,0,0,0,0,0,0,0,0,0,0,0,0,0,0,0,0,0.005228524732918083,0,0,0,0,0,0,0,0,0,0,0,0,0,0,0,0,0,0,0,0.005972099646245873,0,0,0,0,0,0,0,0,0,0,0,0,0,0,0,0,0,0,0,0,0,0,0,0,0,0,0,0,0,0,0,0,0,0,0,0,0,0,0,0.004594568861322725,0,0,0,0,0,0,0,0.006593941076879191,0,0.004117367174557029,0,0,0,0,0,0,0,0,0,0,0,0,0,0,0,0.004635054303502513,0,0,0,0,0,0,0,0,0,0,0,0,0,0,0,0,0,0,0,0.007545290066979669,0,0,0,0,0,0,0,0,0,0,0,0,0,0,0,0,0,0,0,0,0,0,0,0,0,0,0,0,0,0,0,0,0,0,0,0,0,0,0,0,0,0,0,0,0,0,0,0,0,0,0,0,0,0,0,0,0,0,0,0,0.005858894079427799,0,0,0,0,0,0,0,0,0,0,0,0,0,0,0,0,0,0,0,0,0,0,0,0,0,0,0,0,0,0,0,0,0.006072908636103382,0,0,0,0,0,0,0,0,0,0,0,0,0,0,0,0,0,0,0,0,0,0,0,0,0,0,0,0,0,0,0,0,0,0,0,0,0,0,0,0,0,0,0,0,0,0
0,0,0,0,0,0,0,0,0,0,0,0,0,0,0,0,0.006160852634903199,0,0,0,0,0,0,0,0,0,0,0,0,0,0,0,0,0,0,0,0,0,0,0,0,0,0,0,0,0,0,0,0,0,0,0,0,0,0,0,0,0,0,0,0,0,0,0,0,0,0,0,0,0,0,0,0,0,0,0,0,0,0,0,0,0,0,0,0,0,0,0,0,0,0,0,0,0,0,0,0,0,0,0,0,0,0,0,0.003573654198753985,0,0,0,0,0,0,0,0,0,0,0,0,0,0,0,0.006348888059982891,0,0,0.003303379374091591,0,0,0,0,0,0.007218164469882135,0,0,0,0,0,0,0,0,0,0,0,0,0,0,0,0,0,0,0,0,0,0,0,0,0,0.004613353325845192,0,0,0,0,0,0.003547452450565775,0.007566709326083638,0,0,0,0,0,0,0,0,0,0,0,0,0.004131878816223374,0,0,0,0,0,0,0,0,0,0,0,0,0,0,0,0.005692658127089138,0,0,0,0,0,0,0,0,0,0,0,0,0,0,0,0,0,0,0,0,0,0,0,0,0,0,0,0,0,0,0,0.005180898677181769,0,0,0,0,0,0,0,0,0,0,0.004337368673848196,0,0,0,0,0,0,0,0,0,0,0,0,0,0,0,0,0,0,0,0,0,0,0,0,0,0,0,0,0,0,0,0,0,0,0,0,0,0.006265050993017716,0,0,0,0,0,0,0,0,0,0,0,0,0,0,0,0,0,0.006336806766986641,0.00626605502692093,0.006340605144786697,0.006208853658496933,0.006295210547551259,0.006178381313522488,0.006340605144786697,0,0,0,0,0,0,0,0,0,0,0,0,0,0,0,0,0,0,0,0,0,0,0,0,0,0,0,0,0,0,0,0,0,0,0,0.006294546357289954,0.00633845358016663,0.006186871186900407,0.006131598880893686,0.00626605502692093,0.006212597541882966,0,0,0,0,0,0,0,0,0,0,0,0,0,0,0,0,0,0,0,0,0,0,0.005147847504428893,0,0,0,0,0,0,0,0,0,0,0,0,0,0,0,0,0,0,0,0,0,0,0,0,0,0,0,0,0,0,0,0,0,0,0,0,0,0,0,0,0,0,0,0,0,0,0,0,0,0,0,0,0,0,0,0,0,0,0,0,0,0,0,0,0,0,0
0,0,0,0,0,0,0,0,0,0,0,0,0,0,0,0,0,0,0,0,0,0,0,0,0,0,0,0,0,0.004682401596698454,0,0,0,0,0,0,0,0.005117746253110307,0,0,0,0,0,0,0,0,0,0,0.005292298345544686,0,0,0,0,0.005410440806386269,0,0,0,0.00478247342599963,0,0,0,0,0,0.005463824026686733,0,0,0,0,0,0,0,0,0,0,0,0,0,0,0,0,0,0,0,0,0,0,0,0,0,0,0,0,0,0,0,0,0,0,0,0,0,0,0.005863349883385804,0.00531375887713113,0,0,0,0,0,0,0,0.00302728323259616,0.00474826604822387,0.004953783189558119,0,0,0,0,0,0,0,0,0,0,0,0,0,0,0,0,0,0,0,0.005175360898470507,0,0,0.005859646075149459,0,0,0,0.00473877521786242,0,0,0,0,0,0,0,0,0,0,0,0,0,0,0,0,0,0,0,0,0,0,0,0,0,0,0,0,0,0,0,0,0,0,0,0,0,0,0,0,0,0,0,0,0,0,0,0,0,0,0,0,0,0,0,0,0,0,0,0,0.005646773846445377,0,0,0,0,0,0,0,0,0,0,0,0,0,0,0.005037046708003291,0,0,0,0,0,0,0,0,0,0,0,0,0,0,0,0,0,0,0,0,0,0,0,0,0,0,0,0,0,0,0,0,0.005309491752100475,0,0.00516484973528963,0,0.00545928690597175,0,0,0,0,0.004842217810193848,0,0,0,0,0,0,0,0,0,0,0,0,0,0,0,0,0,0,0,0,0,0,0,0,0,0,0,0,0,0,0,0,0,0,0,0,0,0,0,0,0,0,0,0,0,0,0,0,0,0,0,0,0,0,0,0,0,0,0,0,0,0,0,0,0,0,0,0,0,0,0,0,0,0,0,0,0,0,0,0,0,0,0,0,0,0,0,0,0,0,0,0,0,0,0,0,0,0,0,0,0,0,0,0,0,0,0,0,0,0,0,0,0,0,0,0.003682196375070758,0,0,0,0,0,0,0,0,0,0,0,0,0,0,0,0,0,0,0,0,0,0,0,0,0,0,0,0,0,0,0,0,0,0,0,0,0,0,0,0,0,0,0,0,0,0,0,0,0,0,0,0,0
0,0,0,0,0,0,0,0,0,0,0,0,0,0,0,0,0,0,0,0,0.003702901496597156,0,0,0,0,0,0,0,0,0,0,0,0,0,0,0,0,0,0,0,0,0,0,0,0,0,0,0,0,0,0,0,0,0,0,0,0,0,0,0,0,0,0,0,0,0,0,0,0,0,0,0,0,0,0,0.005171713739883919,0,0,0,0,0,0,0,0,0,0,0,0,0,0,0,0,0,0,0,0.004492889538715946,0,0,0.004995262378487156,0,0,0,0,0,0.006088608536063293,0,0,0,0,0,0,0,0,0,0,0,0,0,0,0,0.003538284611656301,0,0.005305510251059705,0.00524987250142589,0,0,0,0,0,0,0,0,0,0,0,0,0,0,0,0,0,0,0,0,0,0,0,0,0,0,0,0,0,0,0,0.005284398941335736,0,0,0,0.003547452450565775,0,0,0,0,0,0,0,0,0,0,0,0,0,0,0,0.005057234130345302,0,0,0,0,0,0,0,0,0,0,0,0,0,0,0,0.004492872808100842,0,0,0,0.004249645740568807,0,0.003509492165889984,0,0,0,0,0,0,0,0,0,0,0,0,0.00365594370076958,0,0.00502805755361658,0,0,0,0,0,0,0,0,0,0,0.00492602314510049,0,0,0,0,0,0,0,0,0,0,0.005287275788339112,0,0,0,0,0,0,0,0,0,0,0,0,0,0,0,0,0,0,0,0,0,0,0.004981350874669881,0,0,0,0,0,0,0,0,0,0,0,0,0,0,0,0,0,0,0,0,0,0,0,0,0,0,0,0,0,0,0,0,0,0.003657736681863247,0,0.003554777067442095,0.003615932559593847,0.003709959281365768,0,0,0,0,0,0,0,0,0,0,0,0,0,0,0,0,0,0,0,0,0,0,0,0,0,0,0,0,0,0,0,0,0,0,0,0,0,0,0.003627071765577097,0.003583326262009332,0.003657736681863247,0.003580960314686104,0,0,0,0,0,0,0,0,0,0,0,0,0,0.005003496943081849,0,0,0,0,0,0,0,0,0.004688716693096493,0,0,0,0,0,0,0,0,0,0,0,0,0,0,0,0,0,0,0,0,0,0,0,0,0,0,0,0,0,0,0,0,0,0,0,0,0,0,0,0,0,0,0,0,0,0,0,0,0,0,0,0,0,0,0,0,0,0,0,0,0,0,0,0,0,0,0
0,0,0,0,0,0,0,0,0,0,0,0,0,0,0,0,0.006163099483575565,0,0,0,0,0,0,0,0,0,0,0,0,0,0,0,0,0,0,0,0,0,0,0,0,0,0,0,0,0,0,0,0,0,0,0,0,0,0,0,0,0,0,0,0,0,0,0,0,0,0,0,0,0,0,0,0,0,0,0,0,0,0,0,0,0,0,0,0,0,0,0,0,0,0,0,0,0,0,0,0,0,0,0,0,0,0,0,0.003769572560347,0,0,0,0,0,0,0,0,0,0,0,0,0,0,0,0.006316863822870692,0,0,0,0,0,0,0,0,0.007334003645344256,0,0,0,0,0,0,0,0,0,0,0,0,0,0,0,0,0,0,0,0,0,0,0,0,0,0.004569957453784542,0,0,0,0.007566709326083638,0,0,0,0,0,0,0,0,0,0,0,0,0,0,0,0.004069786105424605,0,0,0,0,0,0,0,0,0,0,0,0,0,0,0,0.005639745658429753,0,0,0,0,0,0,0,0,0.002991946057965458,0,0,0,0,0,0,0,0,0,0,0,0,0,0,0,0,0,0,0,0,0,0,0.005164984417138067,0,0,0,0,0,0,0,0,0,0,0.00428475465238087,0,0,0,0,0,0,0,0,0,0,0,0,0,0,0,0,0,0,0,0,0,0,0,0,0,0,0,0,0,0,0,0,0,0,0,0,0,0.006380178054394715,0,0,0,0,0,0,0,0,0,0,0,0,0,0,0,0,0,0.006260839344934916,0.006236860593540734,0.006264596138652337,0.006211706106958878,0.00630238422401175,0.006146388935862638,0.006264596138652337,0,0,0,0,0,0,0,0,0,0,0,0,0,0,0,0,0,0,0,0,0,0,0,0,0,0,0,0,0,0,0,0,0,0,0,0.006262014604760994,0.006262468129045927,0.006154891970042627,0.006112396253290741,0.006236860593540734,0.006193324855050203,0,0,0,0,0,0,0,0,0,0,0,0,0,0,0,0,0,0,0,0,0,0,0.005141239387347329,0,0,0,0,0,0,0,0,0,0,0,0,0,0,0,0,0,0,0,0,0,0,0,0,0,0,0,0,0,0,0,0,0,0,0,0,0,0,0,0,0,0,0,0,0,0,0,0,0,0,0,0,0,0,0,0,0,0,0,0,0,0,0,0,0,0,0
0,0,0,0,0,0,0,0,0,0,0,0,0,0,0,0,0,0,0,0,0,0,0.005067605913080148,0,0,0,0,0,0,0,0,0,0,0,0,0,0,0,0,0,0,0,0,0,0,0,0,0,0,0,0,0,0,0,0,0,0,0,0,0,0,0,0,0,0,0,0,0,0,0,0,0,0,0,0,0,0,0,0,0,0,0,0,0,0,0,0,0,0,0,0,0,0,0,0,0,0,0.006207728563894122,0,0,0,0,0,0,0,0,0,0,0,0,0,0,0,0,0,0,0,0,0,0,0,0,0,0,0,0,0,0,0,0,0,0,0,0,0,0,0,0,0,0.0060240203839517,0,0,0,0,0,0,0,0,0,0,0.006940244116659726,0,0,0.005005696151344569,0,0,0,0,0,0,0,0,0,0,0,0,0,0,0,0,0,0,0,0,0,0,0,0,0,0,0,0,0,0,0,0,0,0,0,0,0,0,0,0,0,0,0,0,0,0,0,0,0,0,0,0,0,0,0.002376887443914028,0.00218891192903323,0,0,0,0,0,0,0,0,0.006059084219382642,0,0,0,0.006466238857476225,0,0,0,0,0,0,0,0,0,0,0,0,0.004291040997193301,0,0,0,0,0,0,0,0,0,0,0,0,0,0,0,0,0,0,0,0,0,0,0,0,0,0,0,0,0,0,0,0,0,0,0.004476851107170467,0,0,0,0,0,0,0,0,0,0,0,0,0,0,0.002748429115815798,0,0,0,0,0,0,0,0,0,0,0,0,0,0,0,0,0,0,0,0,0,0,0,0,0,0,0,0,0,0,0,0,0,0,0,0,0,0,0,0,0,0,0,0,0,0,0,0,0,0,0,0,0,0,0,0,0,0,0,0,0,0,0,0,0,0,0.002238054547840485,0.006284165098169764,0.005679326404284776,0,0,0.00552384532082548,0,0,0,0,0,0,0,0,0,0,0,0,0,0,0,0,0,0,0,0,0,0,0,0,0,0,0,0,0,0,0,0,0,0,0,0,0,0,0,0,0,0,0,0,0,0,0,0,0,0,0,0,0,0,0,0,0,0,0,0,0,0,0.006055583348539402,0.00501517814121954,0.006464358766265616,0.006412492298998609,0,0.006579333919353783,0,0
0,0,0,0,0,0,0,0,0,0,0,0,0,0,0,0,0,0,0,0,0,0,0,0,0,0,0,0,0,0,0,0,0,0,0,0,0,0,0,0,0,0,0.004696960323130389,0.003631698309408079,0,0,0,0,0,0,0,0,0.003715849117237743,0,0,0,0,0,0,0.005020798663269438,0,0,0.003729250282692441,0,0,0,0,0,0,0,0,0,0,0.004189051054968187,0,0,0,0,0,0.003757851588931389,0.00458322496868971,0,0,0,0,0,0,0,0,0,0,0,0,0,0,0,0,0,0,0,0.005276404207523743,0,0,0,0,0,0,0,0,0,0,0.003350004060982221,0,0,0.005112270659012385,0,0,0,0,0,0,0,0,0,0,0,0,0,0,0,0,0.006076491691799276,0,0,0,0,0,0.003843568276924132,0,0,0,0,0.003444937111311028,0.003830138889618227,0,0,0,0,0,0,0,0,0,0,0.003566196189616733,0,0,0,0,0,0,0,0,0,0,0,0,0,0,0,0,0,0,0.003563343157533521,0,0,0,0,0.004607613326678932,0,0,0,0,0,0,0,0,0,0,0,0.004843220224903194,0,0,0,0.004135517069134915,0,0,0,0,0,0,0,0,0,0,0,0,0,0,0,0,0,0,0,0,0,0,0,0,0.003962828599066526,0,0,0,0,0,0,0,0,0,0,0,0,0,0,0,0,0,0,0,0,0,0,0,0,0,0,0,0,0,0,0,0,0,0,0,0,0.00566507696151948,0,0,0.003708199842683491,0,0,0.003232618107776862,0.004484630084208028,0,0,0,0,0,0,0,0,0,0,0,0,0,0,0,0,0,0,0,0,0,0,0,0,0,0,0,0,0,0,0,0,0,0,0,0,0,0,0,0,0,0,0,0,0,0,0,0,0,0,0,0,0,0,0,0,0,0,0,0,0,0,0,0,0,0,0,0,0,0,0,0,0,0,0,0,0,0,0,0,0,0,0,0,0,0,0,0,0,0,0,0.004272018811842112,0,0,0,0.006663873979558388,0,0,0,0,0,0,0,0,0,0,0,0,0,0.00383859639898609,0,0,0,0,0,0,0.003991335161134043,0,0,0,0,0,0,0,0,0,0,0,0,0,0,0,0,0,0,0,0,0,0,0,0,0,0,0,0,0,0,0,0,0,0,0,0,0,0,0,0,0,0,0,0,0,0,0
0,0,0,0,0,0,0,0.005069505334881127,0,0,0,0,0,0.006370127345453412,0,0,0,0,0,0,0,0,0,0,0,0,0,0,0,0,0,0.003011611609986787,0.004769060073014959,0,0,0,0,0,0,0,0,0,0,0,0,0,0.00275442718242061,0,0,0,0,0,0,0,0,0,0,0,0,0,0,0,0,0,0,0,0,0,0,0,0,0,0,0,0,0,0,0,0,0,0,0,0.004522812313479253,0,0,0,0,0,0.00391594274690989,0.005286616014838078,0,0,0,0,0,0,0,0,0,0,0,0,0,0,0,0,0,0,0,0,0,0,0,0,0,0,0,0,0,0,0,0,0,0,0,0,0,0,0,0,0.00271294530406439,0,0,0,0,0,0,0,0,0,0,0,0,0,0.003118598057592207,0,0,0.002809847125941707,0,0,0,0,0,0,0.00313168221330906,0,0,0,0,0,0,0,0,0,0,0,0,0,0,0,0,0,0,0,0,0,0,0,0,0.002707821020405428,0,0,0.006231279979276706,0,0,0,0,0,0.005667765261118181,0,0,0,0,0,0,0,0,0,0,0,0,0,0,0,0.005101774401160575,0,0,0,0,0,0,0,0,0,0,0,0,0,0,0,0,0,0,0,0.00363240727749457,0,0,0,0,0,0,0.003270281108776721,0,0,0,0,0,0,0,0,0,0,0,0,0,0,0,0,0.004840798142031279,0,0,0,0,0,0,0,0,0,0.00309349806766686,0,0,0,0,0,0,0,0,0,0,0,0,0,0,0,0,0,0,0,0,0,0,0,0,0,0,0,0,0,0,0,0,0,0,0,0,0,0,0,0,0,0,0,0,0,0,0,0,0,0,0,0,0,0,0,0,0,0,0,0,0,0,0,0,0,0,0,0,0,0,0,0,0,0,0,0,0,0,0,0,0,0,0,0,0,0,0,0,0,0,0,0,0,0,0,0,0,0,0,0,0,0,0,0,0.004873413655415231,0,0,0.00263308383003541,0.002902029256782948,0,0,0.008729677280101477,0,0,0,0,0,0,0,0,0,0,0,0,0,0,0,0,0,0,0,0,0,0,0,0,0,0,0,0,0,0,0,0,0,0,0,0,0,0,0,0,0,0,0,0,0,0,0,0,0,0,0,0,0,0,0,0,0
0,0,0,0,0,0,0.005068859289674424,0,0,0,0,0,0,0,0,0,0,0,0,0,0,0,0.002481019898127466,0,0,0.002545317820889495,0,0,0,0,0.006421235964750063,0,0,0,0.005840626406251583,0,0,0,0.003757999974278335,0,0,0,0,0,0,0.002909781148372307,0,0.003224069515873747,0,0,0,0,0,0,0,0.002930601306763649,0,0,0,0,0,0,0,0,0,0,0,0,0,0,0,0.004086724614406123,0.006693193972198273,0,0,0,0,0,0,0,0,0,0,0,0,0,0,0,0,0,0,0,0,0,0,0,0,0,0,0,0,0,0,0,0,0,0,0,0,0.006629168941616637,0.006399408015870415,0,0,0,0,0,0,0,0,0,0,0.006479076608987978,0,0,0,0.004867589109464734,0,0,0,0,0,0,0,0,0,0,0,0,0,0,0,0.004073659024366874,0,0,0,0,0,0,0,0.003790023409832421,0,0,0,0,0,0,0.004229149755724101,0,0,0,0,0,0,0,0,0,0,0,0,0,0,0,0,0,0,0,0,0,0,0,0,0,0,0,0,0,0,0,0,0,0,0,0,0,0,0,0,0,0,0,0,0,0,0,0,0,0.002884830426189527,0,0,0.00535329867273521,0,0,0,0,0,0,0,0,0,0,0,0,0,0,0,0,0,0,0,0,0,0,0,0,0,0,0,0,0.006255997785883542,0,0,0,0,0,0,0,0,0,0,0,0,0,0,0,0,0,0,0,0,0,0.006096517662720007,0,0,0,0,0,0,0,0,0,0,0,0,0,0,0,0,0,0,0,0,0,0,0,0,0,0,0,0,0,0,0,0,0,0,0,0,0,0,0,0,0,0,0,0,0,0,0,0,0,0,0,0,0,0,0,0,0,0,0,0,0,0,0,0,0,0,0,0,0,0,0,0,0,0,0,0,0,0,0,0,0,0,0,0,0,0,0,0,0,0,0,0,0,0,0,0,0,0,0,0,0,0,0,0,0,0,0,0,0,0,0,0,0,0,0,0,0,0,0,0,0,0,0,0,0,0,0,0,0,0,0,0,0,0,0,0,0,0,0,0,0,0,0,0,0,0,0,0,0,0,0,0,0,0,0,0,0,0,0,0,0,0,0,0,0,0,0
0,0,0.005679296327123355,0,0,0,0,0,0,0,0,0.004628142694573846,0,0,0,0,0,0,0.007535689258146884,0,0,0,0,0,0,0,0,0,0,0,0,0,0,0,0,0,0,0,0,0,0,0,0,0,0,0,0,0,0,0,0.005240138696447724,0,0,0,0,0,0,0.005129046589083206,0,0,0.006395775319573607,0,0,0,0,0.006990557555801023,0,0,0,0,0,0,0,0,0,0,0,0,0.005157830071499357,0,0,0,0,0,0,0,0,0,0,0,0,0,0,0,0,0,0,0,0,0,0,0,0,0,0,0,0,0,0,0,0,0,0.004892447687594275,0,0,0,0,0,0,0,0,0,0,0,0.004872467399991295,0,0,0,0,0,0,0,0.005743034979872373,0,0,0,0,0,0.005170835018470573,0,0,0,0.005144049273150516,0.004648740121594054,0,0,0,0,0.008509323404579877,0,0,0,0.004870550258596156,0,0,0,0,0,0,0,0,0,0,0,0,0,0,0,0.007531989243602881,0,0.005469059137621983,0,0,0,0,0,0,0,0,0,0,0,0,0,0,0,0,0,0,0,0,0,0,0,0,0,0,0,0,0,0,0,0,0,0,0,0,0.00512736051648117,0,0,0,0,0,0,0,0,0,0,0,0,0,0,0,0,0,0,0.004968443026341106,0,0.005848046950817973,0,0,0,0,0,0,0,0,0.00511452757586719,0,0,0,0,0,0,0,0,0.005212409563690167,0,0,0,0,0,0,0,0,0,0,0,0,0.005156621349647183,0,0,0,0,0,0,0,0,0,0,0,0,0,0,0,0,0,0,0,0,0,0,0,0,0,0,0,0,0,0,0,0,0,0,0,0,0,0,0,0,0,0,0,0,0,0,0,0,0,0,0,0,0,0,0,0,0,0,0,0,0,0,0,0,0,0,0,0,0,0,0,0,0,0,0,0,0,0,0,0,0,0,0,0,0,0,0,0,0,0,0,0,0,0,0,0,0,0,0,0,0,0,0,0,0,0,0,0,0,0,0,0,0,0,0,0,0,0.005178565133519745,0.004757785814299052,0,0,0.005231011539845678,0,0.00488870637695438,0,0,0,0,0,0,0,0,0,0,0,0,0,0,0,0,0,0,0,0,0,0,0,0,0,0,0,0,0,0,0,0,0,0,0,0,0,0,0,0,0,0,0,0
0,0,0.006114417577618622,0,0,0.003665227865083341,0,0,0,0,0,0,0,0,0.00407740527159333,0,0,0,0.009172927178229403,0,0,0.005750053473263413,0,0,0,0,0,0,0,0,0,0,0,0,0,0,0,0,0,0,0,0,0,0,0,0,0,0,0,0,0.005314223784386592,0,0,0,0,0,0,0.005185893337083794,0,0,0.004579291547292719,0.003556224264918563,0,0,0,0.004576737526771528,0,0,0,0,0,0,0,0,0,0,0.004360703011488212,0,0.005194421002764136,0,0,0,0,0,0,0,0,0,0,0,0,0,0,0,0,0,0,0,0,0,0,0,0,0,0,0,0,0,0,0,0,0,0.004946709661673444,0,0,0,0,0,0,0,0,0,0,0,0,0,0,0,0,0,0,0,0.004030690257564876,0,0,0,0.004659105868976533,0,0.005464064961433751,0,0,0,0.00520099718768373,0.004699569912636639,0,0,0,0,0.006386543120633218,0,0,0,0,0,0,0,0,0,0,0,0,0,0,0,0,0,0,0.007531989243602881,0,0,0.003627581421196291,0,0,0,0,0,0,0,0,0,0,0,0,0,0,0,0,0,0,0,0,0,0,0,0,0,0,0,0,0,0,0,0,0,0,0,0,0.00515111100014644,0,0,0,0,0,0,0,0,0,0,0,0,0,0,0,0,0,0,0,0,0,0,0,0,0,0,0,0,0,0.00514024447199136,0,0,0,0,0,0,0,0,0,0,0,0,0,0,0,0,0,0,0,0,0,0.005175031560015576,0,0,0,0,0,0,0,0,0,0,0,0,0,0,0,0,0,0,0,0,0,0,0,0,0,0,0,0,0,0,0,0,0,0,0,0,0,0,0,0,0,0,0,0,0,0,0,0,0,0,0,0,0,0,0,0,0,0,0,0,0,0,0,0,0,0,0,0,0,0,0,0,0,0,0,0,0,0,0,0,0,0,0,0,0,0,0,0,0,0,0,0,0,0,0,0,0,0,0,0.004025882669535068,0,0,0,0,0,0,0,0,0,0,0,0,0,0,0,0,0,0.005214672159353731,0,0,0,0.005305134105959643,0,0,0,0,0,0,0,0,0,0,0,0,0,0,0,0,0,0,0,0,0,0,0,0,0,0,0,0,0,0,0,0,0,0,0,0,0,0,0,0,0,0,0,0,0,0
0,0,0,0,0,0,0,0,0,0,0.006330392941217466,0,0,0,0,0.003934945879928241,0,0,0,0,0.004760651099224155,0,0,0,0,0,0,0,0,0,0,0,0,0,0,0,0,0,0,0.004958486279857094,0,0,0,0,0,0,0,0,0,0,0,0,0,0,0,0,0,0,0,0,0,0,0,0,0,0,0,0,0,0.007867894094455192,0,0,0,0,0,0.003520950271602632,0,0,0,0,0,0,0,0,0,0,0,0,0,0,0,0,0,0,0,0.003756087652535791,0.003614393571867014,0,0,0,0,0,0,0,0,0,0,0,0,0,0,0,0,0,0,0,0,0,0,0,0.003504195527856763,0,0,0,0,0,0,0,0,0,0,0,0,0,0,0,0,0,0,0,0,0,0,0,0,0,0,0,0,0,0,0,0,0,0,0,0,0,0,0,0,0,0,0,0,0,0,0,0,0,0,0,0,0,0,0,0,0,0,0,0,0,0,0,0,0,0,0,0,0,0,0,0,0,0,0,0,0,0,0,0,0,0,0,0,0,0,0,0,0,0,0,0,0,0,0,0,0,0,0,0,0,0,0,0,0,0,0,0,0,0,0,0,0.003898963483202652,0,0,0,0,0,0,0,0,0,0,0,0,0,0,0,0,0,0,0,0,0,0,0,0,0,0,0,0,0,0,0,0,0,0,0,0,0,0,0.003640751279281646,0,0,0,0,0,0,0,0,0,0,0,0,0,0,0,0,0,0,0.003660057503514801,0.003359230764754658,0.003434474055084474,0.003440544861596263,0.003709997613908807,0.003359230764754658,0,0,0,0,0,0,0,0,0,0,0,0,0,0,0,0,0,0,0,0,0,0,0,0,0,0,0,0,0,0,0,0,0,0,0.004194249651113163,0.003423678612279518,0.003358044778926868,0.003514037843447216,0.00340838702651703,0.003660057503514801,0.003403985671771409,0,0,0,0,0,0,0,0,0,0,0,0,0,0,0,0,0,0,0,0,0,0,0,0,0,0,0,0,0,0,0,0,0,0,0,0,0,0,0,0,0,0,0,0,0,0,0,0,0,0,0,0,0,0,0,0,0,0,0,0,0,0,0,0,0,0,0,0,0,0,0,0,0,0,0,0,0,0,0,0,0,0,0,0,0,0,0,0,0,0
0,0,0,0,0,0,0,0,0,0,0,0.004363753888528863,0,0,0,0,0,0,0.003631975867371137,0,0,0,0,0,0,0,0,0,0,0,0,0,0,0,0,0,0,0,0,0,0,0,0,0,0,0,0,0,0,0,0,0,0,0,0,0,0,0,0,0,0.006538270929624808,0,0,0,0,0.005322493724010445,0,0,0,0,0,0,0,0,0,0,0,0,0,0,0,0,0,0,0,0,0,0,0,0,0,0,0,0,0,0,0,0,0,0,0,0,0,0,0,0,0,0,0,0,0,0,0,0,0,0,0,0,0,0,0,0,0,0,0.004306843101137578,0,0,0,0,0,0,0,0.006774660408481489,0,0,0,0,0,0,0,0,0,0,0,0,0,0.005009331447351743,0,0.005564090784585703,0,0,0,0.004305229301893648,0,0,0,0,0,0,0,0,0,0,0,0,0,0,0.005469059137621983,0.003627581421196291,0,0,0,0,0,0,0,0.003742926732700548,0,0,0,0,0,0,0,0,0,0,0,0,0,0,0,0,0,0,0,0,0,0,0,0,0,0,0,0,0,0,0,0,0,0,0,0,0,0,0,0,0,0,0,0.003897876825439223,0.004389381540397884,0,0,0,0.004119394304668331,0.005260489374058638,0.004441350129482949,0.004691423305622382,0,0,0,0,0,0,0,0,0,0,0,0,0,0,0.003746036968927869,0,0,0.005574937988640958,0,0,0,0,0,0,0,0,0.004036803402779518,0,0,0,0,0,0,0,0,0.003939848861074239,0.004526991016202379,0.003820245143708426,0,0,0,0,0,0,0,0,0,0,0,0,0,0,0,0,0,0,0,0,0,0,0,0,0,0,0,0,0,0,0,0,0,0,0,0,0,0,0,0,0,0,0,0,0,0,0,0,0,0,0,0,0,0,0,0,0,0,0,0,0,0,0,0,0,0,0,0,0,0,0,0.004886786271772488,0,0,0,0,0,0,0,0,0,0,0,0,0,0,0,0,0,0,0,0,0,0,0,0,0,0,0,0,0,0,0,0,0,0,0,0,0,0,0,0.004772921485840889,0,0,0,0,0.005236550083828072,0,0,0,0,0,0,0,0,0,0,0,0,0,0,0,0,0,0,0,0,0,0,0,0,0,0,0,0,0,0,0,0,0,0.004948663886175566,0,0.004845664983889898,0,0,0,0,0,0,0,0
0,0,0,0,0,0,0,0,0,0,0,0,0,0,0,0,0,0,0,0,0,0,0,0,0,0,0,0,0,0,0,0,0,0,0,0,0,0,0,0,0,0,0,0,0,0,0,0,0,0,0,0,0,0,0,0,0,0,0,0,0,0,0,0,0,0,0,0,0,0,0,0,0,0,0,0,0,0,0,0,0,0,0,0,0.003955611263829678,0,0,0,0,0,0,0,0,0,0,0,0,0,0,0,0,0,0,0,0,0,0,0.003227991934502347,0,0,0,0,0,0,0,0,0,0,0,0,0,0,0,0,0,0,0,0,0,0,0,0,0,0,0,0,0,0,0,0,0,0,0,0,0,0,0,0,0,0,0,0,0,0,0,0,0,0,0,0,0,0,0,0,0,0,0,0,0,0,0,0,0,0,0,0,0,0,0,0,0.007183573432847874,0,0,0,0,0,0,0.002126030097521265,0,0,0,0,0,0,0,0,0,0,0,0,0,0,0,0,0,0,0,0,0,0,0,0,0,0,0,0,0,0.01068678876126467,0,0,0,0,0,0,0,0,0,0,0,0,0,0,0,0,0,0,0,0,0,0,0,0,0,0,0,0,0,0,0,0,0,0,0,0,0,0,0,0,0,0,0,0,0,0,0,0,0,0,0,0,0,0,0,0,0,0,0,0,0,0,0,0,0,0,0,0,0,0,0.01083492623060081,0.01145103617895972,0,0,0,0,0,0,0,0,0,0,0,0,0,0,0,0,0,0,0,0,0,0,0,0,0,0,0,0,0,0,0,0,0,0,0,0,0,0,0,0,0,0,0,0,0,0,0,0,0,0,0,0,0,0,0,0,0,0.002548570426726507,0,0,0,0,0.01031809910033631,0,0,0,0,0,0,0,0,0,0,0,0,0,0,0,0,0,0,0,0,0,0,0,0,0,0,0,0,0,0.01145439100033729,0,0,0,0,0,0,0,0,0,0,0,0,0,0,0,0,0,0,0,0,0,0,0,0,0,0,0,0,0,0,0,0,0,0,0,0,0,0,0,0,0,0,0,0,0
0,0,0,0,0,0,0,0,0,0,0,0,0,0,0,0,0,0.003243390846820103,0,0,0,0,0,0,0,0,0.002804892052349773,0,0,0,0,0,0,0,0,0,0.003538176188453902,0,0,0,0,0,0,0,0,0,0,0,0,0,0,0,0,0,0,0,0,0,0,0,0,0,0,0,0.002888889195480787,0,0,0,0,0,0,0,0,0,0,0,0,0,0,0,0,0,0,0,0,0.002862675021081151,0,0,0,0,0,0,0.00295312451796877,0,0,0,0,0,0,0,0,0.003384110871067564,0,0,0,0,0,0,0,0,0,0,0,0,0,0,0,0,0,0,0,0,0,0,0,0,0,0,0,0,0,0,0,0,0,0,0,0,0,0,0,0,0,0,0,0,0,0,0,0,0,0,0,0,0,0,0,0,0,0,0,0,0,0,0,0,0,0,0,0,0,0,0,0,0,0,0,0,0.0031908233928582,0,0,0,0,0,0,0,0,0,0,0,0.003401692110645738,0,0,0,0,0,0,0,0,0.00327172262067005,0,0,0,0,0,0,0,0,0,0,0,0,0,0,0,0,0,0,0,0,0,0,0,0,0,0,0,0,0,0,0,0,0,0,0,0,0,0,0,0,0,0,0,0,0,0,0,0,0,0,0,0,0,0,0,0,0,0,0,0,0,0,0,0.00297873432643245,0,0,0,0,0,0,0,0,0,0,0,0,0,0,0,0,0,0,0,0.003063382851593502,0,0,0,0,0,0,0,0,0,0,0,0,0,0,0,0,0,0,0,0,0,0,0,0,0,0,0,0,0,0,0,0,0,0,0,0,0,0,0,0,0,0,0,0,0,0,0,0,0,0,0,0,0,0,0,0,0,0,0,0,0,0,0,0.003596444092580048,0,0,0,0,0.00292292475143244,0,0,0,0,0,0,0,0,0,0,0,0.003916966434750114,0,0,0,0,0.003040787007190631,0,0,0,0,0,0,0,0,0,0,0,0,0,0,0.003118670625117941,0,0,0.003099595859118508,0,0.003178093564609653,0.003163022514069152,0,0,0,0,0,0,0,0,0,0,0,0,0,0,0,0,0,0,0.004324908363929972,0,0,0.003476095316839568,0,0.004010745346064692,0.003308433807359044,0,0,0,0,0,0,0,0,0,0,0,0
0,0,0.00362783411050461,0,0,0,0,0,0,0,0,0,0,0,0,0,0,0,0,0,0,0,0,0,0,0,0,0,0,0,0,0,0,0,0,0,0,0,0,0,0,0,0,0.003166259061706844,0,0,0,0,0,0,0,0,0,0,0,0,0,0,0,0.003831179504367201,0,0,0.00582197754082284,0,0,0,0,0,0,0,0,0,0,0,0,0,0,0,0,0,0.00311613523493707,0,0,0,0,0,0,0,0,0,0,0,0,0,0,0,0,0,0,0,0,0,0,0,0,0,0,0,0,0,0,0,0,0,0.005547787880383823,0,0,0,0,0,0,0,0,0,0,0,0,0,0,0,0,0.003948674017384832,0,0,0,0,0,0.004057404146159313,0.005130275493271554,0,0,0,0.003384621405192472,0,0,0.004264306752310773,0,0,0,0,0,0.005029734018415836,0,0,0,0,0,0,0,0,0,0,0,0,0.003563343157533521,0,0,0,0,0,0,0,0,0,0,0,0,0,0.003258633971862262,0,0,0,0,0,0,0,0.003681965546800068,0,0,0,0,0,0,0,0,0,0,0,0,0,0,0,0,0,0,0,0,0,0,0,0,0.004284590651889317,0,0,0,0.003226051473082173,0,0,0,0,0,0,0,0,0,0,0,0,0,0,0,0,0,0,0,0,0,0,0,0,0,0,0,0,0,0,0,0,0,0,0,0,0,0,0,0,0.003823692549255231,0,0,0,0,0,0.00318460197896448,0,0,0,0,0.003698110518963031,0,0,0,0,0,0,0,0,0,0,0,0,0,0,0,0,0,0,0,0,0,0,0,0,0,0,0,0,0,0,0,0,0,0,0,0,0,0,0,0,0,0,0,0,0,0,0,0,0,0,0,0,0,0,0,0,0,0,0,0,0,0,0,0,0,0,0,0,0,0,0,0,0,0,0,0,0,0,0,0,0,0,0,0,0,0,0,0.004116740063341376,0,0,0,0,0,0,0,0,0,0.00371622219829107,0,0,0.003250811207178185,0,0,0,0,0.004050194336817262,0,0,0,0,0,0,0,0,0,0,0,0,0.003503415848868756,0,0,0,0,0.00466662814105406,0,0,0,0,0,0,0,0,0,0,0,0,0,0,0,0,0.00401748296110689,0,0.005312154508515014,0,0,0,0,0,0,0,0,0,0,0,0,0,0,0,0,0
0,0,0,0,0,0,0,0,0,0,0,0,0,0,0,0,0,0,0,0,0,0,0,0,0,0,0,0,0,0,0,0,0,0,0,0,0,0,0,0,0,0,0,0,0,0,0,0,0,0,0,0,0,0,0,0,0,0,0,0,0,0,0,0,0,0,0,0,0,0,0,0,0,0,0,0,0,0,0,0,0,0,0,0,0,0,0,0,0,0,0,0,0,0,0,0,0,0,0,0,0,0,0,0,0,0,0,0,0,0,0,0,0,0,0,0.007487910421174212,0,0,0,0,0,0,0,0,0,0,0,0,0,0,0,0,0,0,0,0,0,0,0,0,0,0,0,0,0,0,0,0,0,0,0,0,0,0,0,0,0,0,0,0,0,0,0,0,0,0,0,0,0,0,0,0,0,0,0,0,0.004862097423801901,0.007210038610192117,0,0,0,0,0,0.002789913058185992,0.005802835911209584,0.007408496412981675,0,0,0,0,0,0,0,0,0,0,0,0,0.00722376938031312,0,0,0,0,0,0,0,0,0,0,0,0,0,0,0,0,0,0,0,0,0,0,0,0,0,0,0.003662647867307909,0,0,0,0,0,0,0,0,0,0,0.005893394890617693,0,0,0,0,0,0,0.003740621892358684,0,0.004035764417809187,0,0.006755642705309978,0,0,0,0,0,0,0,0,0,0,0,0,0,0,0,0,0,0.004334889014096757,0.005911728381910245,0,0,0,0,0.006556763856996368,0,0,0,0,0,0,0,0,0,0,0,0,0,0,0,0,0,0,0,0,0,0,0,0,0,0,0,0,0,0,0,0,0,0,0,0,0,0,0,0,0,0,0,0,0,0,0,0,0,0,0,0,0,0,0,0,0,0,0,0,0,0,0,0,0,0,0,0,0,0,0,0,0,0,0,0,0,0.005819656047390369,0.006129148532914843,0,0,0,0,0,0,0,0,0,0,0,0,0,0,0,0,0,0,0,0,0,0,0,0,0,0,0,0,0,0,0,0,0,0,0,0,0,0,0,0,0,0,0,0,0,0,0,0,0,0,0,0,0,0,0,0,0,0,0,0,0,0,0,0,0,0,0,0,0,0,0,0,0,0,0,0,0
0,0,0,0,0,0,0,0,0,0,0,0,0,0,0,0,0.008180561836548212,0,0,0,0,0,0,0,0,0,0,0,0,0,0,0,0,0,0,0,0,0,0,0,0,0,0,0,0,0,0,0,0,0,0,0,0,0,0,0,0,0,0,0,0,0,0,0,0,0.004434223510468615,0,0,0.005471797029792809,0,0,0,0,0,0,0.004016071780425632,0,0,0,0,0,0,0,0,0,0,0,0,0,0,0,0,0,0,0,0,0,0,0.005070867794350356,0,0,0,0,0,0.005932527701660288,0,0,0,0,0,0,0,0,0,0,0,0,0,0,0,0.00384573239262869,0,0.005563670887818672,0.00867110565004867,0,0,0,0,0,0.004272065107564304,0,0,0,0,0,0,0,0,0,0,0,0,0,0,0,0,0,0,0,0,0,0,0,0,0,0.004864815295943991,0,0,0,0.004131878816223374,0,0.005057234130345302,0.004069786105424605,0,0,0,0,0,0,0,0,0,0,0,0,0,0,0,0,0,0,0,0,0,0,0,0,0,0,0,0,0.005296851501567459,0,0,0,0,0,0,0,0,0,0,0,0,0,0,0,0,0,0,0.007055301438891493,0,0.004218941324096033,0,0,0,0,0,0,0,0,0,0,0.005745481736638924,0,0,0,0,0,0,0,0,0,0,0.004864898670089952,0,0,0,0,0,0,0,0,0,0,0,0,0,0,0,0,0,0,0,0,0,0,0.004672311718973665,0,0,0,0,0,0,0,0,0,0,0,0,0,0,0,0,0,0,0,0,0,0,0,0,0,0,0,0,0,0,0,0,0,0.003806895003289487,0,0.003734024237477374,0.003790078433661349,0.003864916239290036,0,0,0,0,0,0,0,0,0,0,0,0,0,0,0,0,0,0,0,0,0,0,0,0,0,0,0,0,0,0,0,0,0,0,0,0,0,0,0.003903057269869517,0,0.003806895003289487,0,0,0,0,0,0,0,0,0.005030871858045601,0,0,0,0,0,0.009113642147529421,0,0,0,0,0,0,0,0,0.005686424166217374,0,0,0,0,0,0,0,0,0,0,0,0,0,0,0,0,0,0,0,0,0,0,0,0,0,0,0,0,0,0,0,0,0,0,0,0,0,0,0,0,0,0,0,0,0,0,0,0,0,0,0,0,0,0,0,0.005056348134821148,0,0,0,0,0,0,0,0,0,0,0
0,0,0,0,0,0,0,0,0,0,0,0.003970206434389091,0,0,0,0,0,0,0,0,0,0,0,0,0,0,0,0,0,0,0,0,0,0,0,0,0,0,0,0,0,0,0,0,0,0,0,0,0,0,0,0,0,0,0,0,0,0,0,0,0,0,0,0,0,0,0,0,0,0,0,0,0,0,0,0,0,0,0,0,0,0,0,0,0,0,0,0,0,0,0,0,0,0,0,0,0,0,0,0,0,0,0,0,0,0,0,0,0,0,0,0,0,0,0,0.003688392997806696,0,0,0,0,0,0,0,0,0,0,0,0,0,0,0,0,0.003335913591102354,0,0,0,0,0,0,0,0,0,0,0,0,0,0,0,0,0,0,0,0,0,0,0,0,0,0,0,0,0,0,0,0,0,0,0,0,0,0.003742926732700548,0,0,0,0.004862097423801901,0,0,0.005142596483074986,0,0,0,0,0,0,0.004667008360939692,0.005076200475815815,0,0,0,0,0,0,0,0,0,0,0,0,0.005289855443022061,0,0,0,0,0,0,0,0,0,0,0,0,0,0,0,0,0,0,0,0,0,0,0,0,0,0,0.004075547301153878,0,0,0,0,0,0,0,0,0,0,0.003661475935897454,0,0,0,0,0,0,0.005200304918130868,0,0,0.003417219737468858,0.004499701535130227,0,0,0,0,0,0,0,0,0,0,0,0,0,0,0,0,0,0,0.004950374389749476,0,0.003347979326174881,0,0,0.004169068894615129,0,0,0,0,0,0,0,0,0,0,0,0,0,0,0,0,0,0,0,0,0,0,0,0,0,0,0,0,0,0,0,0,0,0,0,0,0,0,0,0,0,0,0,0,0,0,0,0,0,0,0,0,0,0,0,0,0,0,0,0,0,0,0,0,0,0,0.003914485294858579,0,0,0,0,0,0,0,0,0,0,0.003582112781846183,0.00346711144760352,0,0,0,0,0,0,0,0,0,0,0,0,0,0,0,0,0,0,0,0,0,0,0,0,0,0,0,0,0,0,0,0,0,0,0,0,0,0,0,0,0,0,0,0,0,0,0,0,0,0,0,0,0,0,0,0,0,0,0,0,0,0,0,0,0,0,0,0,0,0,0,0,0,0,0,0,0
0,0,0,0,0,0,0,0,0,0,0,0,0,0,0,0,0,0,0,0,0,0,0,0,0,0,0,0,0,0,0,0,0,0,0,0,0,0,0,0,0,0,0,0,0,0,0,0,0,0,0,0,0,0,0,0,0,0,0,0,0,0,0,0,0,0,0,0,0,0,0,0,0,0,0,0,0,0,0,0,0,0,0,0,0,0,0,0,0,0,0,0,0,0,0,0,0,0,0,0,0,0,0,0,0,0,0,0,0,0,0,0,0,0,0,0.007355809915264062,0,0,0,0,0,0,0,0,0,0,0,0,0,0,0,0,0,0,0,0,0,0,0,0,0,0,0,0,0,0,0,0,0,0,0,0,0,0,0,0,0,0,0,0,0,0,0,0,0,0,0,0,0,0,0,0,0,0,0.007210038610192117,0,0.005142596483074986,0,0,0,0,0,0,0,0.005943249642711116,0.007270006607382509,0,0,0,0,0,0,0,0,0,0,0,0,0.007212737347827632,0,0,0,0,0,0,0,0,0,0,0,0,0,0,0,0,0,0,0,0,0,0,0,0,0,0,0.003727212538543054,0,0,0,0,0,0,0,0,0,0,0.005882826341929669,0,0,0,0,0,0,0.004134989892241142,0,0.004311191037024766,0,0.006785391102193028,0,0,0,0,0,0,0,0,0,0,0,0,0,0,0,0,0,0.004674418899403071,0.005845507183619279,0,0,0,0,0.006524097219388335,0,0,0,0,0,0,0,0,0,0,0,0,0,0,0,0,0,0,0,0,0,0,0,0,0,0,0,0,0,0,0,0,0,0,0,0,0,0,0,0,0,0,0,0,0,0,0,0,0,0,0,0,0,0,0,0,0,0,0,0,0,0,0,0,0,0,0,0,0,0,0,0,0,0,0,0,0,0.005910155830246697,0.005608376638860879,0,0,0,0,0,0,0,0,0,0,0,0,0,0,0,0,0,0,0,0,0,0,0,0,0,0,0,0,0,0,0,0,0,0,0,0,0,0,0,0,0,0,0,0,0,0,0,0,0,0,0,0,0,0,0,0,0,0,0,0,0,0,0,0,0,0,0,0,0,0,0,0,0,0,0,0,0
0,0,0,0,0,0,0,0,0,0,0,0,0,0,0,0,0,0,0,0.003026253858689956,0,0,0,0,0,0,0.003109730893345776,0,0,0,0,0,0,0,0,0,0,0,0,0,0,0.00440185350379514,0,0,0,0,0,0,0,0,0,0,0.003115627018776222,0,0,0,0,0,0,0.005445871791397634,0,0,0.003349200637648536,0,0,0,0,0,0,0,0,0,0,0.003139017038313004,0,0,0,0,0,0.006038801695295771,0.003304676169996315,0,0,0,0,0,0,0,0,0,0,0.003574359318277464,0,0,0,0,0,0,0,0,0.006185282192395541,0,0,0,0,0,0,0,0,0,0,0,0,0,0,0,0,0,0,0,0,0,0,0,0,0,0,0,0,0,0,0.005113636402126189,0,0,0,0,0,0,0,0,0,0,0,0.006088857075915857,0,0,0,0.002886390137989159,0,0,0,0,0,0,0.003043360602774603,0,0,0.002924137658806704,0,0,0,0,0,0,0.004607613326678932,0,0,0,0,0,0,0,0.0031908233928582,0.003258633971862262,0,0,0,0,0,0,0,0,0,0,0,0,0.002864341453058734,0,0,0,0.006628517868148003,0,0,0,0,0,0,0,0,0,0,0,0,0,0,0,0,0,0,0,0,0,0,0,0,0,0,0,0,0.003389427074252128,0,0,0,0,0,0,0,0,0,0,0,0,0,0,0,0,0,0,0,0,0,0,0,0,0,0,0,0,0,0,0,0,0,0,0,0,0.006322489763728197,0,0,0.006357180582136248,0,0,0,0.007563859237693609,0,0,0,0,0,0,0,0,0,0,0,0,0,0,0,0,0,0,0,0,0,0,0,0,0,0,0,0,0,0,0,0,0,0,0,0,0,0,0,0,0,0,0,0,0,0,0,0,0,0,0,0,0,0,0,0,0,0,0,0,0,0,0,0,0,0,0,0,0,0,0,0,0,0,0,0,0,0,0,0,0,0,0,0,0,0,0,0,0,0,0,0,0,0,0,0.004330453675058164,0,0,0,0,0,0,0,0,0,0,0,0,0,0,0,0,0.004273804291321667,0,0,0,0.006173936759546288,0,0,0,0,0,0,0,0,0,0,0,0,0,0,0,0,0,0,0,0,0,0,0,0,0,0,0,0,0,0,0,0,0,0,0,0,0,0,0,0,0,0,0,0,0,0,0
0,0,0,0,0,0,0,0,0,0,0,0,0,0,0,0,0,0,0,0,0,0,0,0,0,0.002826552024212503,0,0,0,0,0,0,0,0,0,0,0,0,0,0,0,0,0,0,0,0,0,0,0,0,0,0,0,0,0,0,0,0,0,0,0,0,0,0,0,0,0,0,0.003257635855569015,0,0,0,0,0,0,0,0,0,0,0,0,0,0,0,0,0,0,0,0,0,0,0,0,0,0,0,0,0,0,0,0,0,0,0,0,0,0,0.003667905970781708,0,0,0,0,0,0,0,0,0,0,0,0,0,0,0,0,0,0,0,0,0,0,0,0,0,0,0,0,0,0,0,0,0,0,0,0,0,0,0,0,0,0,0,0,0,0,0,0,0,0,0,0,0,0,0,0,0,0.002707821020405428,0,0,0,0,0,0,0,0,0,0,0,0,0,0,0,0,0,0,0,0,0,0,0,0,0,0,0,0,0,0,0,0,0,0,0,0,0,0,0,0,0,0,0,0,0,0,0,0,0,0,0,0,0,0,0,0,0,0,0,0,0,0,0,0,0,0,0,0,0,0,0,0,0,0,0,0,0,0,0,0,0,0,0,0,0,0,0,0,0,0,0,0,0,0,0,0,0,0,0,0,0,0,0,0,0,0,0,0,0,0,0,0,0,0,0,0,0,0,0,0,0,0,0,0,0,0,0,0,0,0,0,0,0,0,0,0,0,0,0,0,0,0,0,0,0,0,0,0,0,0,0,0,0,0,0,0,0,0,0,0,0,0,0,0,0,0,0,0,0,0,0,0,0,0,0,0,0,0,0,0,0,0,0,0,0,0,0,0,0,0,0,0,0,0,0,0,0,0,0,0.004448617196950875,0,0,0.00606554291661883,0.00725136411170055,0,0,0.004901890954316606,0,0,0,0,0,0,0,0,0,0,0,0,0.006749280171507778,0.005181973903128483,0.004678677799506576,0.002443630641241137,0,0,0,0,0,0,0,0,0,0,0,0,0,0,0,0,0,0,0,0.005813832489623114,0,0.003065459770971438,0,0.004217017627836649,0.006683473040511287,0,0.004504342536869753,0,0,0,0,0,0,0,0,0,0,0,0
0,0,0,0,0,0,0,0,0,0,0,0,0,0,0,0,0,0,0,0,0,0,0,0,0,0,0,0,0,0,0,0,0,0,0,0,0,0,0,0,0,0,0,0,0,0,0,0,0,0,0,0,0,0,0,0,0,0,0,0,0,0,0,0,0,0,0,0.004810275564022621,0,0,0,0,0,0,0,0,0,0,0,0,0,0,0,0,0.002664135979202408,0,0,0,0,0,0,0,0,0,0,0,0,0,0,0,0,0,0,0,0,0,0,0.002278277935280812,0,0,0,0,0,0,0,0,0,0,0,0.002993348413790421,0,0,0,0,0,0,0,0,0,0,0,0,0,0,0,0,0,0,0,0,0,0,0,0,0,0,0,0,0,0,0,0,0,0,0,0,0,0,0,0,0,0,0,0,0,0,0,0,0,0,0,0.007183573432847874,0,0,0,0,0,0,0,0,0,0,0,0,0,0,0,0.005743426680694998,0,0,0,0,0,0.00310148565575726,0,0,0,0,0,0,0,0,0,0,0,0,0,0,0,0,0,0,0,0,0,0,0,0.00705890107646603,0,0,0,0,0,0,0,0,0,0,0,0,0,0,0,0,0,0,0,0,0,0,0,0,0,0,0,0,0,0,0,0,0,0,0,0,0,0,0,0,0,0,0,0,0,0,0,0,0,0,0,0,0,0,0,0,0,0,0,0,0,0,0,0,0,0,0,0,0,0,0.007213963439506575,0.007001790237914539,0,0,0,0,0,0,0,0,0,0,0,0,0,0,0,0,0,0,0,0,0,0,0,0,0,0,0,0,0.003665430373405957,0,0,0,0.003714488481532889,0,0.003415434141513224,0.003964504446899339,0,0.003904890637077962,0.003478801664024782,0,0,0,0,0,0,0,0,0,0,0,0,0,0,0,0,0,0,0,0,0,0,0,0.006538647695341388,0,0,0,0,0,0.004687020325114312,0,0,0,0,0,0,0,0,0,0,0,0,0,0,0,0,0,0,0,0,0,0,0,0.006999581665485637,0,0,0,0,0,0,0,0,0,0,0,0,0,0,0,0,0,0,0,0,0,0,0,0,0,0,0,0,0,0,0,0,0,0,0,0,0,0,0,0,0,0,0,0,0
0,0,0,0,0,0,0,0,0,0,0,0,0,0,0,0,0,0,0,0,0,0,0,0,0,0,0,0,0,0.00312149518495945,0,0,0,0,0,0,0,0,0,0,0,0,0,0,0.006511387943492082,0,0,0.005542878494508876,0,0,0.005159620028747031,0,0,0.003919540297850297,0,0.003064326894302883,0,0,0,0,0,0,0,0.00355159234897821,0,0,0,0,0,0,0,0,0,0,0,0,0,0,0,0,0,0,0,0,0,0,0,0.004272912994921622,0,0,0,0,0,0,0,0,0,0,0,0,0,0,0.003187611448587936,0,0,0,0,0,0,0,0,0,0,0.003710503956884065,0,0,0,0,0,0,0,0,0,0,0,0.003627114931639443,0,0,0,0,0,0,0,0,0.004805799870165855,0.004706293754088916,0,0,0,0,0.004704290975187321,0,0,0,0,0,0,0,0,0,0,0,0,0,0,0,0.003735862476451042,0,0.005228524732918083,0,0,0,0,0,0,0,0,0,0,0,0,0,0,0,0,0,0,0,0,0,0,0,0,0,0,0,0,0,0,0,0,0,0,0,0,0,0,0,0,0,0,0,0,0,0,0,0.003263724586585821,0,0,0,0,0,0,0,0,0,0,0,0,0,0,0,0,0,0,0,0,0,0,0,0,0,0,0,0,0,0,0,0,0,0,0,0,0,0,0,0,0,0,0,0,0,0,0,0,0,0,0,0,0,0,0,0,0,0,0,0,0,0,0,0,0,0,0,0,0,0,0,0,0,0,0,0,0,0,0,0,0,0,0,0,0,0,0,0,0,0,0,0,0,0,0,0,0,0,0,0,0,0,0,0,0,0,0,0,0,0,0,0,0,0,0,0,0,0,0,0,0,0,0,0,0,0,0,0,0,0,0,0,0,0,0,0,0,0,0,0,0,0,0,0,0,0,0,0,0,0,0,0,0,0,0,0,0,0,0,0,0,0,0,0,0,0,0,0.003174884819680158,0,0,0,0,0,0,0.005157578611376423,0,0,0,0,0,0,0,0,0,0,0,0,0,0,0,0,0,0,0,0,0,0,0,0,0,0,0,0,0,0,0,0,0,0,0,0,0,0,0,0,0,0,0,0,0,0
0,0,0,0,0,0,0,0.006614534653195631,0.006140667630940025,0,0,0,0,0.006742745147441914,0,0,0,0,0,0,0,0,0,0,0,0,0,0,0,0,0,0.004616478647890346,0.005625377957249988,0,0,0,0,0,0,0,0,0,0,0,0,0,0.003072638635539215,0,0,0,0,0,0,0,0,0,0,0,0.005888727615371989,0,0,0,0,0,0,0,0,0,0,0,0,0.003182192377858847,0,0,0,0,0,0,0,0,0,0,0.004945195724823239,0,0.003719741316262095,0,0.00366316004509306,0,0.004640308224231395,0.006042333455627514,0,0,0,0,0,0,0,0,0,0,0,0,0,0,0,0,0,0,0,0,0,0,0,0,0,0,0,0,0,0.003575505534392837,0,0,0,0,0,0,0,0,0,0,0.003056857100515918,0,0,0,0,0,0,0,0,0,0,0,0,0,0.003737221775532133,0,0,0.00407487383303299,0,0,0,0,0,0,0,0,0,0,0,0,0,0,0,0,0,0.006231279979276706,0,0,0,0,0,0,0,0,0,0,0,0,0,0,0,0,0,0,0,0,0,0,0.006644071116415596,0,0,0,0,0,0,0,0,0,0,0,0,0,0,0,0.005850278886975481,0,0,0,0,0,0,0,0,0,0,0,0,0,0,0,0,0,0,0,0.00499315069326127,0,0,0,0,0,0,0.003750753987089177,0,0,0,0,0,0,0,0,0,0,0,0,0,0,0,0,0.006333093409428886,0,0,0,0,0,0,0,0,0,0,0,0,0,0,0,0,0,0,0,0,0,0,0,0,0,0,0,0,0,0,0,0,0,0,0,0,0,0,0,0,0,0,0,0,0,0,0,0,0,0,0,0,0,0,0,0,0,0,0,0,0,0,0,0,0,0,0,0,0,0,0,0,0,0,0,0,0,0,0,0,0,0,0,0,0,0,0,0,0,0,0,0,0,0,0,0,0,0,0,0,0,0,0,0,0,0,0,0,0,0,0,0,0,0.003015054058937565,0.005797566422848923,0,0,0.004456004636729377,0,0,0,0.0100560750764334,0,0,0,0,0,0,0,0,0,0,0,0,0,0,0,0,0,0,0,0,0,0,0,0,0,0,0,0,0,0,0,0,0,0,0,0,0,0,0,0,0,0,0,0,0,0,0,0,0,0,0,0,0,0,0,0,0
0,0,0,0,0,0,0,0,0,0,0,0,0,0,0,0,0,0,0,0.003098223025369528,0,0,0,0,0,0,0,0,0,0,0,0.00363773103354759,0,0,0,0,0,0,0,0,0,0,0,0,0,0,0,0,0,0,0,0,0,0,0,0,0,0,0,0,0,0,0,0,0,0,0,0,0,0,0,0,0,0,0,0,0,0,0,0,0,0,0,0,0,0,0,0,0,0,0.008590648529067874,0.003378819560551877,0,0,0,0,0,0,0,0,0,0,0,0,0,0,0.007366300709912359,0,0,0,0,0,0,0,0,0.00285294924591523,0,0,0,0.002886592949953836,0,0,0,0,0,0,0,0,0,0,0,0,0,0,0,0,0,0,0,0,0,0,0,0,0,0,0,0.005403637742613843,0,0,0,0,0,0,0,0,0,0,0,0,0,0,0,0,0,0,0,0,0,0,0,0,0,0,0.002789913058185992,0,0,0,0,0,0,0,0,0,0,0,0,0,0,0,0,0,0,0,0,0,0,0,0,0,0,0,0,0,0.003492167628963685,0,0,0,0,0,0,0,0,0,0,0,0,0,0,0,0,0,0,0,0,0,0,0,0,0,0,0,0,0,0,0,0,0,0,0,0,0,0,0,0,0,0,0,0,0,0,0,0,0,0,0,0,0,0,0,0,0,0,0.002826515322352393,0,0,0,0,0,0,0,0,0,0,0,0,0,0,0,0,0,0,0,0,0,0,0,0,0,0,0,0,0,0,0,0,0,0,0,0,0,0,0,0,0,0,0,0,0,0,0,0,0,0,0,0,0,0,0,0,0,0,0,0,0,0,0,0,0,0,0,0,0,0,0,0,0,0,0,0,0,0,0,0,0,0,0,0.003410847057725261,0,0.002553289884862428,0,0,0.002586143140476117,0,0,0,0,0,0,0,0,0,0,0,0,0,0,0,0,0,0,0,0,0,0,0,0,0,0,0,0,0,0,0,0,0.003911517260097769,0.003558077461282778,0,0,0,0,0,0,0,0,0,0,0,0,0,0,0,0,0,0,0,0,0,0,0,0,0,0,0,0,0,0,0,0,0,0,0,0,0,0,0,0,0
0,0,0,0,0,0,0,0,0,0,0,0,0,0,0,0,0,0,0,0,0,0,0,0,0,0,0,0,0,0,0,0,0,0,0,0,0,0,0,0,0,0,0,0,0,0,0,0,0,0,0,0,0,0,0,0,0,0,0,0,0,0,0,0,0,0,0,0,0,0,0,0,0,0,0,0,0,0,0,0,0,0,0,0,0,0,0,0,0,0,0,0,0,0,0,0,0,0,0,0,0,0,0,0,0,0,0,0,0,0,0,0,0,0,0,0.007642560178906176,0,0,0,0.002984149573104266,0,0,0,0,0,0,0,0,0,0,0,0,0,0,0,0,0,0,0,0,0,0,0,0,0,0,0,0,0,0,0,0,0,0,0,0,0,0,0,0,0,0,0,0,0,0,0,0,0,0,0,0,0,0,0.005802835911209584,0,0.004667008360939692,0.005943249642711116,0,0,0,0,0,0,0,0.006237293824575773,0,0,0.002205292867732913,0,0,0,0,0,0,0,0,0,0.006146710579553714,0,0,0,0,0,0,0,0,0,0,0,0,0,0,0,0,0.002828165316267494,0,0,0,0,0,0,0,0,0,0,0,0,0,0,0,0,0,0,0,0,0.005715459466772687,0,0,0,0,0,0.003931728091615664,0,0,0.007878441913959939,0,0.005194562441393118,0,0,0,0,0,0,0,0,0,0,0,0,0,0,0,0,0,0,0.004611699451915098,0,0,0,0,0.005131493143800003,0,0,0,0,0,0,0,0,0,0,0,0,0,0,0,0,0,0,0,0,0,0,0,0,0,0,0,0,0,0,0,0,0,0,0,0,0,0,0,0,0,0,0,0,0,0,0,0,0,0,0,0,0,0,0,0,0,0,0,0,0,0,0,0,0,0,0,0,0,0,0,0,0,0,0,0,0,0.005801579390178778,0.005855077804852216,0,0,0,0,0,0,0,0.002265661001385378,0,0,0,0,0,0,0.003115251552569575,0.002579859280603515,0.002986281556038158,0,0,0,0,0,0,0,0,0,0,0,0,0,0,0,0,0,0,0,0.002469934800609797,0,0,0,0.002775986750095977,0,0,0,0,0,0,0,0,0,0,0,0,0,0,0,0,0,0,0,0,0.003578296471449643,0,0,0,0,0,0,0,0,0,0,0,0,0,0,0
0,0,0,0,0,0,0,0,0,0,0,0,0,0,0,0,0,0,0,0,0,0,0,0,0,0,0,0,0,0,0,0,0,0,0,0,0,0,0,0,0,0,0,0,0,0,0,0,0,0,0,0,0,0,0,0,0,0,0,0,0,0,0,0,0,0,0,0,0,0,0,0,0,0,0,0,0,0,0,0,0,0,0,0,0,0,0,0,0,0,0,0,0,0,0,0,0,0,0,0,0,0,0,0,0,0,0,0,0,0,0,0,0,0,0,0.007765157333583827,0,0,0,0,0,0,0,0,0,0,0,0,0,0,0,0,0,0,0,0,0,0,0,0,0,0,0,0,0,0,0,0,0,0,0,0,0,0,0,0,0,0,0,0,0,0,0,0,0,0,0,0,0,0,0,0,0,0,0.007408496412981675,0,0.005076200475815815,0.007270006607382509,0,0,0,0,0,0,0.006237293824575773,0,0,0,0,0,0,0,0,0,0,0,0,0,0.007339547513236835,0,0,0,0,0,0,0,0,0,0,0,0,0,0,0,0,0,0,0,0,0,0,0,0,0,0,0.003566687562467741,0,0,0,0,0,0,0,0,0,0,0.005985025410697748,0,0,0,0,0,0,0.004003533358638863,0,0.00437875451913654,0,0.006966754282895203,0,0,0,0,0,0,0,0,0,0,0,0,0,0,0,0,0,0.004552796112101253,0.006188772461207692,0,0,0,0,0.006721460414055934,0,0,0,0,0,0,0,0,0,0,0,0,0,0,0,0,0,0,0,0,0,0,0,0,0,0,0,0,0,0,0,0,0,0,0,0,0,0,0,0,0,0,0,0,0,0,0,0,0,0,0,0,0,0,0,0,0,0,0,0,0,0,0,0,0,0,0,0,0,0,0,0,0,0,0,0,0,0.006031780494022798,0.006077592049759476,0,0,0,0,0,0,0,0,0,0,0,0,0,0,0,0,0,0,0,0,0,0,0,0,0,0,0,0,0,0,0,0,0,0,0,0,0,0,0,0,0,0,0,0,0,0,0,0,0,0,0,0,0,0,0,0,0,0,0,0,0,0.002786139544129738,0,0,0,0,0,0,0,0,0,0,0,0,0,0,0
0,0,0.003686862734227679,0,0,0,0,0,0,0,0,0,0,0,0,0,0,0.005332928148595484,0,0.005269210476125783,0,0,0,0,0,0,0.00575286114977508,0,0,0,0,0,0,0,0,0,0,0,0,0,0,0,0,0,0,0,0,0,0,0,0,0,0.003725482316756776,0,0,0,0,0,0,0,0,0,0.00365531750248948,0,0.005159006893278063,0,0,0,0,0,0,0,0,0,0,0,0,0,0,0,0,0,0,0,0,0.00499839998117095,0,0,0,0,0,0.00543792524991663,0.004939940394102456,0,0,0,0,0,0,0,0,0,0,0,0,0,0,0,0,0,0,0,0,0,0,0,0,0,0,0,0,0,0,0,0,0,0,0,0,0,0,0,0,0,0,0,0,0,0,0,0,0,0,0,0,0,0,0,0,0,0,0,0,0,0,0,0,0,0,0,0,0,0,0,0,0,0,0,0,0,0,0,0,0.003681965546800068,0,0,0,0,0.002864341453058734,0,0,0,0,0,0,0,0,0,0,0,0,0,0,0,0.003911051351534614,0,0,0,0,0.005164501752657076,0,0,0,0,0,0,0,0.004049659893863808,0,0,0,0.003527788421013468,0,0,0,0,0,0,0,0.003941874366685836,0,0,0,0,0,0,0,0,0,0,0.003922686330172379,0,0,0,0,0,0,0,0,0,0,0,0,0,0,0,0,0,0,0,0,0,0,0,0,0,0.003241735165970269,0,0,0,0,0.004972316959976322,0,0,0,0,0,0.003651704606688707,0,0,0,0,0,0,0,0,0,0,0,0,0,0.005516243149326463,0,0.004540119392098679,0,0,0,0,0,0,0,0,0,0,0,0,0,0,0,0,0,0,0,0,0,0,0,0,0,0,0,0,0,0,0,0,0,0,0,0,0,0,0,0,0,0,0,0,0,0,0,0,0,0,0,0,0,0,0,0,0,0,0,0,0,0,0,0.003073362480787383,0,0,0,0,0,0,0,0,0,0,0,0,0,0,0,0,0,0,0,0,0,0,0,0,0,0,0,0,0.004129143921750724,0,0,0,0,0,0,0,0,0,0,0,0,0,0,0,0,0,0,0,0,0,0,0,0,0,0,0,0,0,0,0,0,0,0,0,0,0,0.002877569832118886,0,0,0,0,0,0,0,0,0,0,0,0,0
0,0,0,0,0,0,0,0,0,0,0,0,0,0,0,0,0,0,0,0,0,0,0,0,0,0,0,0,0,0,0,0,0,0,0,0,0,0,0,0,0,0,0,0,0,0,0,0,0,0,0,0,0,0,0,0,0,0,0,0,0,0,0,0,0,0,0,0.006045711450661836,0,0,0,0,0,0,0,0,0,0,0,0,0,0,0,0,0,0,0,0,0,0,0,0,0,0,0,0,0,0,0,0,0,0,0,0,0,0,0,0,0,0,0,0,0,0,0,0,0,0,0,0.004153200864058433,0,0,0,0,0,0,0,0,0,0,0,0,0,0,0,0,0,0,0,0,0,0,0,0,0,0,0,0,0,0,0,0,0,0,0,0,0,0,0,0,0,0,0,0,0,0,0,0,0,0,0,0.002126030097521265,0,0,0,0,0,0,0,0,0.005743426680694998,0,0,0,0,0,0,0,0,0,0,0,0,0.00322783162344738,0,0,0,0,0,0,0,0,0,0,0,0,0,0,0,0,0,0,0,0,0,0,0,0,0,0,0,0,0,0,0,0,0,0,0,0,0,0,0,0,0,0,0,0,0,0,0,0,0,0,0,0,0,0,0,0,0,0,0,0,0,0,0,0,0,0,0,0,0,0,0,0,0,0,0,0,0,0,0,0,0,0,0,0,0,0,0,0,0,0,0,0,0,0,0.001948109893168975,0.0019676726889697,0,0,0,0,0,0,0,0,0,0,0,0,0,0,0,0,0,0,0,0,0,0,0,0,0,0,0.004975876167221645,0.004890023515499227,0.004986648301000245,0.004890023515499227,0.004869154625773447,0.004874619319568127,0.005001322180642052,0.004869154625773447,0.005017633876578975,0.005600847116432746,0.004874619319568127,0.005512264999064379,0.005075347844766758,0,0,0,0,0,0,0,0,0,0,0,0,0,0,0,0,0,0,0,0,0,0,0,0.002331222702701723,0,0,0,0,0,0.006458005489715278,0,0,0,0,0,0,0,0,0,0,0,0,0,0,0,0,0,0,0,0,0,0,0,0.00195576163244283,0,0,0,0,0,0,0,0,0,0,0,0,0,0,0,0,0,0,0,0,0,0,0,0,0,0,0,0,0,0,0,0,0,0.004023891211786591,0,0,0,0,0,0,0,0,0,0,0
0,0,0,0,0,0,0,0.005583644842185199,0.005261819481685871,0,0,0,0,0.007179636973716333,0,0,0,0,0,0,0,0,0,0,0,0,0,0,0,0,0,0.003604756426259017,0.00493474826395832,0,0,0,0,0,0,0,0,0,0,0,0,0,0.002557329316060379,0,0,0,0,0,0,0,0,0,0,0,0.005092054204816256,0,0,0,0,0,0,0,0,0,0,0,0,0,0,0,0,0,0,0,0,0,0,0,0.004161844823573379,0,0,0,0,0,0.004256557896542493,0.005546738500980143,0,0,0,0,0,0,0,0,0,0,0,0,0,0,0,0.009131031731638227,0,0,0,0,0,0,0,0,0,0,0,0,0,0.004188324679980532,0,0,0,0,0,0,0,0,0,0,0,0,0,0,0,0,0,0,0,0,0,0,0,0,0.002774812324735307,0,0,0,0,0,0,0,0,0,0,0,0,0,0,0,0,0,0,0,0,0.005667765261118181,0,0,0,0,0,0,0,0,0,0,0,0,0,0,0,0,0.006644071116415596,0,0.002205292867732913,0,0,0,0,0,0,0,0,0,0,0,0,0,0,0,0,0,0,0,0.005224567910690214,0,0,0,0,0,0,0,0,0,0,0,0,0,0,0,0,0,0,0,0.005006264188642915,0,0,0,0,0,0,0.002817719865973958,0,0,0,0,0,0,0,0,0,0,0,0,0,0,0,0,0.00517075486924568,0,0,0,0,0,0,0,0,0,0,0,0,0,0,0,0,0,0,0,0,0,0,0,0,0,0,0,0,0,0,0,0,0,0,0,0,0,0,0,0,0,0,0,0,0,0,0,0,0,0,0,0,0,0,0,0,0,0,0,0,0,0,0,0,0,0,0,0,0,0,0,0,0,0,0,0,0,0,0,0,0,0,0,0,0,0,0,0,0,0,0,0,0,0,0,0,0,0,0,0,0,0,0,0,0,0,0,0,0,0,0,0,0,0,0.006275465816202817,0,0,0.002736228131158504,0.00281108726935865,0,0,0.01002906676936039,0,0,0,0,0,0,0,0,0,0,0,0,0,0,0,0,0,0,0,0,0,0,0,0,0,0,0,0,0,0,0,0,0,0,0,0,0,0,0,0,0,0,0,0,0,0,0,0,0,0,0,0,0,0,0,0,0
0,0,0,0,0,0,0,0,0,0,0,0,0,0,0.002777025804667779,0,0,0,0,0,0,0,0,0,0,0.002589112369885014,0,0,0,0,0,0,0,0.004457296700083887,0,0,0,0,0,0,0,0,0,0,0,0.00325584745052416,0,0,0,0,0,0,0,0,0,0,0,0,0,0,0,0,0,0,0,0,0,0,0,0,0.004331147165633629,0,0,0,0,0,0,0.005868343205721828,0,0,0,0,0,0,0,0,0,0.003406012999619086,0,0,0,0,0,0,0,0,0,0,0,0,0,0,0,0,0,0,0,0,0,0,0,0,0,0,0,0,0,0.00476107454508028,0,0,0,0,0,0,0,0,0,0,0,0,0,0,0,0,0,0,0,0,0,0,0,0,0,0,0,0,0,0,0,0,0,0,0,0,0,0,0,0,0,0,0,0,0,0,0,0,0,0,0,0,0,0,0,0,0,0,0,0,0,0,0,0,0,0,0,0,0,0,0,0,0,0,0,0.005708981233435868,0,0,0.005952601068854946,0,0,0,0,0,0,0,0,0,0,0,0.003734014776674397,0,0,0,0,0,0.008157154381857988,0,0,0,0,0,0,0,0,0,0,0,0,0,0,0.004015728425770687,0,0,0.006668879890064284,0,0,0.004590092734081621,0,0,0,0,0,0,0,0,0.005639593745012784,0,0,0,0,0,0.003739759936504865,0,0.008044771624587742,0,0,0,0,0,0,0,0,0,0,0,0,0,0,0,0,0,0,0,0,0,0,0,0,0,0,0,0,0,0,0,0,0,0,0,0,0,0,0,0,0,0,0,0,0,0,0,0,0,0,0,0,0,0,0,0,0,0,0,0,0,0,0,0,0,0,0,0,0,0,0,0,0,0,0,0,0,0,0,0,0,0,0,0,0,0,0,0,0,0,0,0,0,0,0,0,0,0,0,0,0,0,0,0,0,0,0,0,0,0,0,0,0,0,0,0,0,0,0,0.003192735426827266,0,0,0,0,0,0,0,0,0,0,0,0,0,0,0,0,0,0,0,0,0,0,0,0,0,0,0,0,0,0,0,0,0,0,0,0,0,0,0,0,0,0,0,0,0,0,0,0,0,0,0,0,0,0,0
0,0,0,0,0,0,0,0,0,0,0,0,0,0,0,0,0,0,0,0,0,0,0,0,0,0,0.002959375188673947,0,0,0,0,0,0,0,0,0,0,0,0,0,0,0,0,0,0,0,0,0,0,0,0,0,0,0,0,0,0,0,0,0.005415825482235685,0,0,0,0,0,0,0,0,0,0,0,0,0,0.002977841105995048,0,0,0,0,0,0.006226822212383543,0.002979307246838983,0,0,0,0,0.002926730620322591,0,0,0,0,0,0.003114656486885573,0,0,0,0,0,0,0,0,0.00630160662579274,0,0,0,0,0,0,0,0,0,0,0,0,0,0,0,0,0,0,0,0,0,0,0,0,0,0,0,0,0,0,0.00512644357901943,0,0,0,0,0,0,0,0,0,0,0,0.005987434034144378,0,0,0,0,0,0,0,0,0,0,0,0,0,0.00331169767113875,0,0,0,0,0,0,0.004843220224903194,0,0,0,0,0,0,0,0.003401692110645738,0,0,0,0,0,0.006628517868148003,0,0,0,0,0,0,0,0,0,0,0,0,0,0,0,0.003398942065921866,0,0,0,0,0.002914588686737258,0,0,0,0,0,0,0,0,0,0,0,0,0,0,0,0,0,0,0,0,0,0,0,0,0,0,0,0,0,0,0,0,0,0,0,0,0,0,0,0,0,0,0,0,0,0,0,0,0,0,0,0,0,0,0,0,0.006557685326722653,0,0,0.00585980324415946,0,0.002927442499689803,0,0.007100360984104835,0,0,0,0,0,0,0,0,0,0,0,0,0,0,0,0,0,0,0,0.002980255970508329,0,0,0,0,0,0,0,0,0,0,0,0,0,0,0,0,0,0,0,0,0,0,0,0,0,0,0,0,0,0,0,0,0,0,0,0,0,0,0,0,0,0,0,0,0,0,0,0,0,0,0,0,0,0,0,0,0,0,0,0,0,0,0,0,0,0,0,0,0,0,0,0,0,0,0,0.004273102910772913,0,0,0,0,0,0.003095188258782198,0,0,0,0,0,0,0,0,0,0,0.004514545481203102,0,0,0,0.006305029687677625,0,0,0,0,0,0,0.003233683169173439,0,0,0,0,0,0,0,0,0,0,0,0,0,0,0,0,0,0,0,0,0,0,0,0,0,0,0.002954562440307678,0,0,0,0,0,0,0,0,0,0,0,0,0
0,0,0,0,0,0,0,0,0,0,0,0,0,0,0,0,0.006293653825783115,0,0,0,0,0,0,0,0,0,0,0,0,0,0,0,0,0,0,0,0,0,0,0,0,0,0,0,0,0,0,0,0,0,0,0,0,0,0,0,0,0,0,0,0,0,0,0,0,0,0,0,0,0,0,0,0,0,0,0.004528695166030844,0,0,0,0,0,0,0,0,0,0,0,0,0,0,0,0,0,0,0,0.004601445283198868,0,0,0,0,0,0,0,0,0.004801578721721935,0,0,0,0,0,0,0,0,0,0,0,0,0,0,0,0.004915864256283453,0,0.003802023231299118,0,0,0,0,0,0,0.006160093684314379,0,0,0,0,0,0,0,0,0,0,0,0,0,0,0,0,0,0,0,0,0,0,0,0,0,0.005234633854026201,0,0,0,0.005692658127089138,0,0.004492872808100842,0.005639745658429753,0,0,0,0,0,0,0,0,0,0,0,0,0.005296851501567459,0,0,0,0,0,0,0,0,0,0,0,0,0,0,0,0,0,0,0,0,0,0,0,0,0,0,0,0,0,0,0,0,0,0,0,0,0,0,0,0,0,0,0,0,0,0,0,0.005750351456529263,0,0,0,0,0,0,0,0,0,0,0.005398492975224416,0,0,0,0,0,0,0,0,0,0,0,0,0,0,0,0,0,0,0,0,0,0,0,0,0,0,0,0,0,0,0,0,0,0,0,0,0,0.004712785854472987,0,0,0,0,0,0,0,0,0,0,0,0,0,0,0,0,0,0.0047632318761247,0.004952805909630631,0.004765961699448632,0.004836106758843223,0.004778089973028881,0.005012943794083494,0.004765961699448632,0,0,0,0,0,0,0,0,0,0,0,0,0,0,0,0,0,0,0,0,0,0,0,0,0,0,0,0,0,0,0,0,0,0,0,0.004753698718510454,0.004764415410060905,0.004920390025717907,0.004816342207743509,0.004952805909630631,0.004812847147069399,0,0,0,0,0,0,0,0,0,0,0,0,0,0.004195330153739235,0,0,0,0,0,0,0,0,0.005603213735042835,0,0,0,0,0,0,0,0,0,0,0,0,0,0,0,0,0,0,0,0,0,0,0,0,0,0,0,0,0,0,0,0,0,0,0,0,0,0,0,0,0,0,0,0,0,0,0,0,0,0,0,0,0,0,0,0,0,0,0,0,0,0,0,0,0,0,0
0.005200882626658705,0.003966849303437625,0,0,0,0,0,0,0,0,0.005405642649052331,0,0,0,0,0.004909667596729946,0,0,0,0,0.003841777788013442,0,0,0,0,0,0,0,0,0,0,0,0,0,0,0,0.006820585247608949,0,0,0.005342667303716084,0.006235066857429767,0,0,0,0,0,0,0,0,0,0,0,0,0,0,0,0,0,0,0,0,0,0,0,0,0,0,0,0,0.003594499840683231,0,0,0,0,0,0,0,0,0,0,0,0,0,0,0,0,0,0,0,0,0.003134494092570959,0,0,0.005188176619578239,0,0,0.005165338976759384,0,0,0,0,0,0,0,0,0,0,0,0,0,0,0,0,0,0,0,0,0,0,0,0,0,0,0,0,0,0,0,0,0,0,0,0,0,0,0,0,0,0,0,0,0,0,0,0,0,0,0,0,0,0,0,0,0,0,0,0,0,0,0,0,0,0,0,0,0,0,0,0,0,0,0,0,0,0,0,0,0,0,0,0,0,0,0,0,0,0,0,0,0,0,0,0,0,0,0,0,0.003319913307888062,0,0,0,0,0.004378927231623862,0.004222945961939483,0,0,0,0,0,0,0,0,0,0.006979807268787531,0,0,0,0,0,0,0,0,0,0,0,0,0,0,0,0,0,0,0,0.004545530919617176,0,0,0,0,0,0.004193993178114603,0.005886045434507492,0,0,0,0,0,0,0,0,0,0,0,0,0,0,0,0,0,0,0,0,0,0,0,0,0,0,0,0,0,0,0,0,0,0,0,0,0,0,0,0,0,0,0,0.004431243327454903,0,0,0,0,0,0,0,0,0,0,0,0,0,0,0,0,0,0,0,0,0,0,0,0,0,0,0,0,0,0,0,0,0,0,0,0,0,0,0,0,0,0,0,0,0.003282198552221191,0.003286598482203789,0.003344602190760598,0,0,0,0,0,0,0,0,0,0,0,0,0,0,0,0,0,0,0,0,0,0,0,0,0,0,0,0,0,0,0,0,0.003527876287832573,0,0,0,0,0,0,0,0,0,0,0,0,0,0,0,0,0,0,0,0,0,0,0,0,0,0,0,0,0,0,0,0,0,0,0,0,0,0,0,0,0,0,0,0,0.0035543798720561,0,0.003717656007061018,0,0,0,0,0,0,0.004849318129537861,0,0,0,0,0,0.0038673985758421,0,0,0
0,0,0,0,0,0,0,0,0,0,0,0,0,0,0,0,0,0,0,0,0,0,0,0,0,0,0,0,0,0,0,0,0,0.004440705951732606,0,0,0,0,0.00252797842062216,0,0,0,0,0,0,0.003229937045304516,0,0,0,0,0,0,0,0,0,0,0,0,0,0,0,0,0,0,0,0,0,0,0,0,0.004388838280336938,0,0,0,0,0,0,0.005693556374714576,0,0,0,0,0,0,0,0,0,0.00367826809303055,0,0,0,0,0,0,0,0,0,0,0,0,0,0,0,0,0,0,0,0,0,0,0,0,0,0,0,0,0,0.004842940672709515,0,0,0,0,0,0,0,0,0,0,0,0,0,0,0,0,0,0,0,0,0,0,0,0,0,0,0,0,0,0,0,0,0,0,0,0,0,0,0,0,0,0,0,0,0,0,0,0,0,0,0,0,0,0,0,0,0,0,0,0,0,0,0.00310148565575726,0,0,0,0,0,0,0.00322783162344738,0,0.005708981233435868,0,0,0,0,0,0,0.006200596772790222,0,0,0,0,0,0,0,0,0,0,0,0.004174189231198673,0,0,0,0,0,0.006396214323668541,0,0,0,0,0,0,0,0,0,0,0,0,0,0,0.004072740665988402,0,0,0.006287183890955327,0,0,0.003346885782523173,0,0,0,0,0,0,0,0,0.005660169622460004,0,0,0,0,0,0.003905589344907098,0,0.006356030523805569,0,0,0,0,0,0,0,0,0,0,0,0,0,0,0,0,0,0,0,0,0,0,0,0,0,0,0,0,0,0.002720118493222978,0,0,0,0,0,0,0,0,0,0,0,0,0,0,0,0,0,0,0,0,0,0,0,0,0,0,0,0,0,0,0,0,0,0,0,0,0,0,0,0,0,0,0,0,0,0,0,0,0,0,0,0,0,0,0,0,0,0,0,0,0,0,0,0,0,0,0,0,0,0,0,0,0,0,0,0,0,0,0,0,0,0,0,0,0,0,0,0,0,0,0,0,0,0,0,0,0,0,0,0,0,0,0,0,0,0,0,0,0,0,0,0,0,0,0,0,0,0,0,0,0,0,0,0,0,0,0,0,0,0,0,0,0,0,0,0,0,0,0,0,0,0,0,0,0
0,0,0,0,0,0,0,0,0,0,0,0,0,0,0,0,0,0.004325394142973104,0,0.004489080181281279,0,0,0,0,0,0,0.004512071937102932,0,0,0,0,0,0,0,0,0,0,0,0,0,0,0,0.003727403142643489,0.003837921748646088,0,0,0,0,0,0,0,0,0.00486566780335876,0,0,0,0,0,0,0,0,0,0,0,0.004616703871466695,0,0,0,0,0,0,0,0,0.004888599689049705,0,0,0,0,0,0,0.005042898506841875,0,0,0,0,0.004622569478970393,0,0,0,0,0,0.004473246614950084,0.0039093739228045,0,0,0,0,0,0,0,0.004427523083898934,0,0,0,0,0,0,0,0,0,0,0.003868203078443697,0,0,0,0,0,0,0,0,0,0,0,0,0,0,0,0,0,0,0,0,0,0,0,0,0,0.003817756501657602,0,0,0,0,0,0,0,0,0,0,0,0,0,0,0,0,0.004181653750329711,0,0,0,0,0,0,0,0,0,0.004135517069134915,0,0,0,0,0,0,0,0,0,0,0,0,0,0,0,0,0,0,0,0,0,0.003911051351534614,0,0,0,0.003398942065921866,0,0,0,0,0,0,0,0,0.004162102580514403,0,0,0,0,0,0,0,0,0,0,0,0,0,0,0,0,0,0,0,0.006052922768540575,0,0,0,0,0,0,0,0,0,0,0,0,0,0,0,0,0,0,0,0,0,0,0,0,0,0,0,0,0,0,0,0,0,0,0,0,0,0,0,0,0,0.005267643117337848,0.003365605691334986,0,0,0,0,0,0,0,0,0,0,0,0,0,0,0,0,0,0,0.00481907172726893,0,0.005083248308673408,0,0,0,0,0,0,0,0,0,0,0,0,0,0,0,0,0,0,0,0,0,0,0,0,0,0,0,0,0,0,0,0,0,0,0,0,0,0,0,0,0,0,0,0,0,0,0,0,0,0,0,0,0,0,0,0,0,0,0,0,0,0,0,0.00401789955008992,0,0,0,0,0,0,0,0.003866163858151768,0,0,0,0,0,0,0,0,0,0,0,0,0,0,0,0,0,0.003806664892181282,0,0,0,0,0,0,0,0,0,0,0,0,0,0,0,0,0,0,0,0,0,0,0,0,0,0,0,0,0,0,0,0,0,0,0,0,0,0,0,0,0,0,0,0,0,0,0,0,0,0,0,0,0,0
0,0.002986744305961003,0,0,0,0,0,0,0,0,0,0,0,0,0,0,0,0,0,0,0.003690374659846385,0,0,0,0,0,0,0,0,0,0,0,0,0,0,0,0,0,0,0,0,0,0,0,0,0,0,0,0,0,0,0,0,0,0,0,0,0,0,0,0,0,0,0,0,0,0,0,0,0.00279031914767722,0,0,0,0,0,0.003724137696069672,0,0,0,0,0,0,0,0,0,0,0,0,0,0,0.003780774443719109,0,0,0,0,0.003578990821448336,0,0,0.00759983520672379,0.007956404468928131,0,0,0,0,0.004524669260387675,0,0.00485661218247057,0,0,0,0,0,0,0,0,0,0,0,0,0,0,0,0.0048739097084442,0.004278427412149134,0,0,0,0,0,0,0,0,0,0,0,0,0,0,0,0,0,0,0,0,0,0,0,0,0,0,0,0,0,0,0,0,0,0,0,0,0,0.004249645740568807,0,0,0,0,0,0,0,0,0,0,0,0,0,0,0,0,0,0,0,0,0,0,0,0,0,0,0,0,0,0,0,0,0,0,0,0.004540450936410197,0,0,0,0,0,0.003017866324439735,0,0,0,0,0,0,0,0,0.007441702797502523,0,0,0,0,0,0,0,0,0,0,0,0,0,0,0,0,0,0,0,0,0,0,0,0,0,0,0.003309667535914986,0,0,0,0,0,0,0,0,0,0,0,0,0,0,0,0,0,0.007336438482359457,0,0,0,0,0,0,0,0,0,0,0,0,0,0,0,0,0,0,0,0,0,0,0,0,0,0,0.003322437328547339,0,0,0,0,0,0,0,0,0,0,0,0,0,0,0,0,0,0,0,0,0,0,0,0,0,0,0,0,0,0,0,0,0,0,0,0,0,0,0,0,0,0,0,0,0.002668641203888132,0.0026718615830542,0,0,0,0,0,0,0,0,0,0,0,0,0,0,0,0,0,0,0,0,0,0,0,0,0,0,0,0,0,0,0,0,0,0,0,0,0,0,0,0,0,0,0,0,0,0,0,0,0,0,0,0,0,0,0,0,0,0,0,0,0,0,0,0,0,0,0,0,0,0,0,0,0,0,0,0,0,0,0.003018452230305243,0,0,0,0,0,0,0,0,0,0,0,0,0,0,0,0,0,0
0,0,0,0,0,0,0,0,0,0,0,0,0,0,0,0,0,0,0,0,0,0,0,0,0,0,0,0,0,0,0,0,0,0.004085158608248677,0,0,0,0,0.002428086295067773,0,0,0,0,0,0,0.002938734913883355,0,0,0,0,0,0,0,0,0,0,0,0,0,0,0,0,0,0,0,0,0,0,0,0,0.004113677101641818,0,0,0,0.003942911221675551,0,0,0.006842451354252934,0,0,0,0,0,0,0,0,0,0.003253622361479741,0,0,0,0,0,0,0,0,0,0,0,0,0,0,0,0,0,0,0,0,0,0,0,0,0,0,0,0,0,0.004523129622118604,0,0,0,0,0,0,0,0,0,0,0,0,0,0,0,0,0,0,0,0,0,0,0,0,0,0,0,0,0,0,0,0,0,0,0,0,0,0,0,0,0,0,0,0,0,0,0,0,0,0,0,0,0,0,0,0,0,0,0,0,0,0,0,0,0,0,0,0,0,0,0,0.005952601068854946,0,0,0,0.006200596772790222,0,0,0,0,0,0,0,0,0,0,0,0,0,0,0.003666802466470749,0,0,0,0,0,0.006581548692099181,0,0,0,0,0,0,0,0,0,0,0,0,0,0,0.003708451348468944,0,0,0.006299022199615315,0,0,0.002788455401735694,0,0,0,0,0,0,0,0,0.005006560529188426,0,0,0,0,0,0.004064153265779356,0,0.006546195794226477,0,0,0,0,0,0,0,0,0.003235809675686108,0,0,0,0,0,0,0,0,0,0,0,0,0,0,0,0,0,0,0,0,0.002546433289769558,0.003216910418064372,0,0,0,0,0,0,0,0,0,0,0,0,0,0,0,0,0,0,0,0,0,0,0,0,0,0,0,0,0,0,0,0,0,0,0,0,0,0,0,0,0,0,0,0,0,0,0,0,0,0,0,0,0,0,0,0,0,0,0,0,0,0,0,0.004408397898461012,0,0,0,0,0,0,0,0,0,0,0,0,0,0,0,0,0,0,0,0,0,0,0,0,0,0,0,0,0,0,0,0,0,0,0,0,0,0,0,0,0,0,0,0,0,0,0,0,0,0,0,0,0,0,0,0,0,0,0,0,0,0,0,0,0,0,0,0,0,0,0,0,0,0,0,0,0,0,0,0
0.00399255943776609,0.004384638772471566,0,0,0,0,0,0,0,0,0.003971243037121928,0,0,0,0,0.003518424484438071,0,0,0,0,0.003840517798594298,0,0,0,0,0,0,0,0,0,0,0,0,0,0,0,0,0,0,0.004174422935605404,0.004193307677255514,0,0,0,0,0,0,0,0,0,0,0,0,0,0,0,0,0,0,0,0,0,0,0,0,0,0,0,0,0.004121690094855939,0,0,0,0,0,0.00349676735244484,0,0,0,0,0,0,0,0,0,0,0,0,0,0,0,0,0,0.004332682492851663,0,0.003170831976469162,0.004050714254897996,0,0.003530939969706782,0,0,0,0,0,0.003712400424643101,0,0,0,0,0,0,0,0,0,0,0,0,0,0,0,0,0,0.005104139312742261,0.003516610204204393,0,0,0,0,0,0,0,0,0,0,0,0,0,0,0,0,0,0,0,0,0,0,0,0,0,0,0,0,0,0,0,0,0,0,0,0,0,0.003509492165889984,0,0,0,0,0,0,0,0,0,0,0,0,0,0,0,0,0,0,0,0,0,0,0,0,0,0,0,0,0,0,0.003319913307888062,0,0,0.004540450936410197,0,0,0,0,0,0,0.003749248440113547,0.004415574652260559,0,0,0,0,0,0,0,0,0,0,0,0,0,0,0,0,0,0,0,0,0,0,0,0,0,0,0,0,0,0.005712791906121343,0,0,0,0,0,0.006455802955299211,0.004017166597179365,0,0,0,0,0,0,0,0,0,0,0,0,0,0,0,0,0,0,0,0,0,0,0,0,0,0,0,0,0,0,0,0,0,0,0,0,0,0,0,0,0,0,0,0.006531505390616971,0,0,0,0,0,0,0,0,0,0,0,0,0,0,0,0,0,0,0,0,0,0,0,0,0,0,0,0,0,0,0,0,0,0,0,0,0,0,0,0,0,0,0,0,0.00544745461571862,0.005456000406455951,0.003979418044583856,0,0,0,0,0,0,0,0,0,0,0,0,0,0,0,0,0,0,0,0,0,0,0,0,0,0,0,0,0,0,0,0,0,0,0,0,0,0,0,0,0,0,0,0,0,0,0,0,0,0,0,0,0,0,0,0,0,0,0,0,0,0,0,0,0,0,0,0,0,0,0,0,0,0,0,0,0,0,0,0.003623006602943674,0,0,0,0,0,0,0,0,0,0,0,0,0,0,0,0
0,0,0,0,0,0,0,0,0,0,0,0.003360384600155573,0,0,0,0,0,0,0,0,0,0,0,0,0,0,0,0,0,0,0,0,0,0,0,0,0,0,0,0,0,0,0,0,0,0,0,0,0,0,0,0,0,0,0,0,0,0,0,0,0,0,0,0,0,0,0,0,0,0,0,0,0,0,0,0,0,0,0,0,0,0,0,0,0,0,0,0,0,0,0,0,0,0,0,0,0,0,0,0,0,0,0,0,0,0,0,0,0,0,0,0,0,0,0,0.007124370145938553,0,0,0,0,0,0,0,0,0,0,0,0,0,0,0,0,0,0,0,0,0,0,0,0,0,0,0,0,0,0,0,0,0,0,0,0,0,0,0,0,0,0,0,0,0,0,0,0,0,0,0,0,0,0,0,0,0,0,0.00722376938031312,0,0.005289855443022061,0.007212737347827632,0,0,0,0,0,0,0.006146710579553714,0.007339547513236835,0,0,0,0,0,0,0,0,0,0,0,0,0,0,0,0,0,0,0,0,0,0,0,0,0,0,0,0,0,0,0,0,0,0,0,0,0,0,0,0.003782113932685192,0,0,0,0,0,0,0,0,0,0,0.00583398682396543,0,0,0,0,0,0,0.004201649352580442,0,0.004210604912718718,0.003260501492088134,0.006543662176638692,0,0,0,0,0,0,0,0,0,0,0,0,0,0,0,0,0.00324334215554087,0.004493766633423522,0.005981225979539703,0,0.002944871731821728,0,0,0.006539310895700991,0,0,0,0,0,0,0,0,0,0,0,0,0,0,0,0,0,0,0,0,0,0,0,0,0,0,0,0,0,0,0,0,0,0,0,0,0,0,0,0,0,0,0,0,0,0,0,0,0,0,0,0,0,0,0,0,0,0,0,0,0,0,0,0,0,0,0.003164649859444516,0,0,0,0,0,0,0,0,0,0,0.005843845188750692,0.005917654207792536,0,0,0,0,0,0,0,0,0,0,0,0,0,0,0,0,0,0,0,0,0,0,0,0,0,0,0,0,0,0,0,0,0,0,0,0,0,0,0,0,0,0,0,0,0,0,0,0,0,0,0,0,0,0,0,0,0,0,0,0,0,0,0,0,0,0,0,0,0,0,0,0,0,0,0,0,0
0,0,0,0,0,0,0,0,0,0,0,0,0,0,0,0,0,0.006884506318232434,0,0.006008090196139831,0,0,0,0,0,0,0.004598045500413445,0,0,0,0.002892678161547211,0,0,0,0,0,0,0,0,0,0,0,0,0,0,0,0,0,0,0,0,0,0.003422184303660393,0,0,0,0,0,0,0,0,0,0,0,0.00702940988946581,0,0,0,0,0,0,0.004424402033937312,0.003167396086595377,0,0,0,0,0,0,0,0,0,0,0,0,0.005590928628744344,0,0,0,0,0,0.004557162565077993,0.006801480755675693,0,0,0,0,0,0,0,0,0,0,0,0,0,0,0,0,0,0,0,0,0,0,0,0,0,0,0,0,0,0,0,0,0,0,0,0,0,0,0,0,0,0,0,0,0,0,0,0,0,0,0,0,0,0,0,0,0,0,0,0,0,0,0,0,0.002981503298492306,0,0,0,0,0,0,0,0,0,0,0,0,0,0,0.00327172262067005,0,0,0,0,0,0,0,0,0,0,0,0,0,0.005164501752657076,0,0,0,0.002914588686737258,0,0,0,0.004162102580514403,0,0,0,0,0,0,0,0,0,0,0,0,0.005456988746444159,0,0,0,0,0,0,0,0,0,0,0,0.004346561619314864,0,0,0,0,0,0,0,0,0,0,0.00573953975798171,0,0,0,0,0,0,0,0,0,0,0,0,0,0,0,0,0,0,0,0,0,0,0,0,0,0,0,0,0,0,0.005225413905745879,0,0,0,0,0,0,0,0,0,0,0,0,0,0,0,0,0,0,0,0.005816312638820405,0,0.005269373269752759,0,0,0,0,0,0,0,0,0,0,0,0,0,0,0,0,0,0,0,0,0,0,0,0,0,0,0,0,0,0,0,0,0,0,0,0,0,0,0,0,0,0,0,0,0,0,0,0,0,0,0,0,0,0,0,0,0,0,0,0,0,0,0,0.003902317203468035,0,0,0,0,0,0,0,0,0,0,0,0,0,0,0,0,0,0,0,0,0,0,0,0,0,0,0,0,0.003200104380596061,0,0,0,0,0,0,0,0.002927770370426006,0.002952840872191882,0,0,0,0,0,0,0,0,0,0,0,0,0,0,0,0,0,0,0,0,0,0,0,0.003241922410980842,0,0,0.003669723602865584,0,0.005250742789842373,0,0,0,0,0,0,0,0,0,0,0,0,0
0,0,0,0,0,0,0,0,0,0,0,0,0,0,0,0,0,0,0,0,0,0,0,0,0,0,0,0,0,0,0,0,0,0,0,0,0.003634784294624425,0,0,0.003959139866732738,0.004646773686284581,0,0,0,0,0,0,0,0,0,0,0,0,0,0,0,0,0,0,0,0,0,0,0,0,0,0,0,0,0,0,0,0,0,0,0,0,0,0,0,0,0,0,0,0,0,0,0,0,0,0.002688145067516673,0,0,0,0,0,0,0,0.002907263282026219,0,0,0,0,0,0.003259353557322976,0,0.00336726534972864,0,0,0,0,0,0,0,0,0,0,0,0,0,0,0,0.003106708242817418,0,0,0,0,0,0,0,0,0,0,0,0,0,0,0,0,0,0,0,0,0,0,0,0,0,0,0,0,0,0,0,0,0,0,0,0,0,0,0,0.002991946057965458,0,0,0,0,0,0,0,0,0,0,0,0,0,0,0,0,0,0,0,0,0,0,0,0,0,0,0,0,0,0,0,0,0,0,0,0,0,0,0,0,0,0,0,0,0,0,0,0.005483678663516355,0,0.003177963039354676,0.003924839883079428,0,0,0,0,0,0,0,0,0,0,0,0,0,0,0,0,0,0,0,0,0,0,0,0.005781972812050528,0,0,0,0,0,0,0,0,0,0,0,0,0,0,0,0,0,0,0,0.003214717352679447,0,0,0,0,0,0,0,0,0,0,0,0,0,0,0,0,0,0,0,0,0,0,0,0,0,0,0,0,0,0,0,0,0,0,0,0,0,0,0,0,0,0,0,0,0,0,0,0,0,0,0,0,0,0,0,0,0,0,0,0,0,0,0,0,0,0,0,0,0,0,0,0,0,0,0,0,0,0,0,0,0,0,0,0,0,0,0,0,0,0,0,0,0,0,0,0,0,0,0,0,0,0,0,0,0,0,0.00273577821514357,0,0,0,0,0,0,0,0,0,0,0,0,0,0,0,0,0,0,0,0,0,0,0,0,0,0,0,0,0,0,0,0,0,0,0,0,0,0,0,0,0,0,0,0,0.003212887159174656,0,0,0,0.002768617723568369,0,0,0,0,0,0,0,0,0,0,0,0,0,0
0,0,0,0,0,0,0,0.005297373538134027,0,0,0,0,0,0,0,0,0,0,0,0,0,0,0,0,0,0,0,0,0.006100119238057786,0,0,0,0,0,0,0,0,0.00746435404354979,0,0,0,0,0,0,0,0,0,0,0.006709321546810757,0,0,0.006296110194179302,0,0.005215627941839966,0.008008850205658179,0,0.008037803855195289,0,0,0,0,0,0,0.006001123386796799,0,0,0,0,0,0,0,0,0,0,0.005550623386926736,0,0,0,0,0,0,0,0,0.00498096859074341,0,0,0,0,0,0,0,0,0,0,0,0,0,0,0,0,0,0,0.004680566383982518,0.005308231899116891,0,0,0,0,0,0,0,0,0,0.004939978584603044,0,0,0,0,0,0,0,0,0,0,0,0,0,0.008992803018890265,0,0,0,0,0,0.00538322696040325,0.006694239652027926,0,0.005189998575613877,0,0,0,0.005167502463158736,0,0,0,0,0,0,0,0,0.004983140185811008,0,0.00485776745398395,0,0,0,0,0,0,0.005972099646245873,0,0.005646773846445377,0,0,0,0,0,0,0,0,0,0,0,0,0,0,0,0,0,0,0,0,0,0,0,0,0,0,0,0,0,0,0,0,0,0,0,0,0,0,0,0,0,0,0,0,0,0,0,0,0,0,0,0,0,0,0,0.005696528426592642,0,0,0,0,0,0,0,0,0,0,0,0,0,0,0,0,0,0,0,0,0,0,0,0,0,0,0,0,0,0,0,0,0.009411381759075389,0,0.007519497687889317,0,0.005447297876288761,0,0,0,0,0,0,0,0,0,0,0,0,0,0,0,0,0,0,0,0,0,0,0,0,0,0,0,0,0,0,0,0,0,0.008037104681076166,0,0,0,0,0,0,0,0,0,0,0,0,0,0,0,0,0,0,0,0,0,0,0,0,0,0,0,0,0,0,0,0,0,0,0,0,0,0,0,0,0,0,0,0,0,0,0,0,0,0,0,0,0,0,0,0,0,0,0,0,0.005836983469028803,0,0,0,0,0,0,0,0,0,0,0,0,0,0,0,0,0,0,0,0,0,0,0,0,0,0,0,0,0,0,0,0,0,0,0,0,0,0,0,0,0,0,0,0,0,0,0,0,0,0,0,0,0,0,0,0,0,0,0,0,0,0,0,0,0,0,0,0,0,0,0,0,0,0,0,0,0,0,0
0.007222834983629477,0.007337408298013825,0,0.006557260434049183,0,0,0,0,0,0,0.007102272984367616,0,0,0,0,0.007545685423098582,0,0,0,0,0,0,0,0,0,0,0,0,0,0,0,0,0,0,0,0,0.004956065905062095,0,0,0.003660141056605526,0.004145653489645619,0,0,0,0,0,0,0,0,0,0,0,0,0,0,0,0,0,0,0,0,0,0,0,0,0,0,0,0,0.007375445856713634,0,0,0,0,0,0,0,0,0,0,0,0.003855887005554371,0,0,0,0,0,0,0,0,0.00467997709095834,0,0,0.007396049505243358,0,0.00359322197121476,0.00746406234244063,0,0,0,0,0,0,0,0,0,0,0,0,0,0,0,0,0,0,0,0,0,0,0,0,0,0,0,0,0,0,0,0,0,0,0,0,0,0,0,0,0,0,0,0,0,0,0,0,0,0,0,0,0,0,0,0,0,0,0,0,0,0,0,0,0,0,0,0,0,0,0,0,0,0,0,0,0,0,0,0,0,0,0,0,0,0,0,0,0,0,0,0,0,0,0,0.004378927231623862,0,0,0,0,0.003749248440113547,0,0,0,0,0,0.007227269634695619,0,0,0,0,0,0,0,0,0,0.004755845929574161,0,0,0,0,0,0,0,0,0,0,0.003686853582266712,0,0,0,0,0,0,0,0,0.003882189605482363,0,0,0,0,0,0.004448518865208815,0.006916944744392883,0,0,0,0,0,0,0,0,0,0,0,0,0,0,0,0,0,0,0,0,0,0,0,0,0,0,0,0,0,0,0,0,0,0,0,0,0,0,0,0,0,0,0,0.004539153527992456,0,0,0,0,0,0,0,0,0,0,0,0,0,0,0,0,0,0,0,0,0,0,0,0,0,0,0,0,0,0,0,0,0,0,0,0,0,0,0,0,0,0,0,0,0,0.002778715195880253,0,0,0,0,0,0,0,0,0,0,0,0,0,0,0,0,0,0,0,0,0,0,0,0,0,0,0,0,0,0,0.005882895290241961,0,0,0,0,0,0,0,0,0,0,0,0,0,0,0,0,0,0,0,0,0,0,0,0,0,0,0,0,0,0,0,0,0,0,0,0,0,0,0,0,0,0,0,0,0,0,0,0,0,0.003299027746987103,0,0,0,0,0,0,0.005335601255763309,0,0,0,0,0,0,0,0,0
0.006955865133177343,0.007485180094560122,0,0.006645549825223892,0,0,0,0,0,0,0.00730553454028564,0,0,0,0,0.008005739285279688,0,0,0,0,0.003760918159988151,0,0,0,0,0,0,0,0,0,0,0,0,0,0,0,0.004513604626680143,0,0,0.004447747844901198,0.003838238402568047,0,0,0,0,0,0,0,0,0,0,0,0,0,0,0,0,0,0,0,0,0,0,0,0,0,0,0,0,0.008700555889752527,0,0,0,0,0,0,0,0,0,0,0,0,0,0,0,0,0,0,0,0,0.003958810189448514,0,0,0.00734356645222561,0,0.003726096312068608,0.007504421336869341,0,0,0,0,0,0,0,0,0,0,0,0,0,0,0,0,0,0,0,0,0,0,0,0,0,0,0,0,0,0,0,0,0,0,0,0,0,0,0,0,0,0,0,0,0,0,0,0,0,0,0,0,0,0,0,0,0,0,0,0,0,0,0,0,0,0,0,0,0,0,0,0,0,0,0,0,0,0,0,0,0,0,0,0,0,0,0,0,0,0,0,0,0,0,0,0.004222945961939483,0,0,0.003017866324439735,0,0.004415574652260559,0,0,0,0,0.007227269634695619,0,0,0,0,0,0,0,0,0,0,0.004393234528740865,0,0,0,0,0,0,0,0,0,0,0.003280816301148427,0,0,0,0,0,0,0,0,0.003835229211558302,0,0,0,0,0,0.004823546123290922,0.00662203687495394,0,0,0,0,0,0,0,0,0,0,0,0,0,0,0,0,0,0,0,0,0,0,0,0,0,0,0,0,0,0,0,0,0,0,0,0,0,0,0,0,0,0,0,0.005027555321318289,0,0,0,0,0,0,0,0,0,0,0,0,0,0,0,0,0,0,0,0,0,0,0,0,0,0,0,0,0,0,0,0,0,0,0,0,0,0,0,0,0,0,0,0,0,0,0,0,0,0,0,0,0,0,0,0,0,0,0,0,0,0,0,0,0,0,0,0,0,0,0,0,0,0,0,0,0.004575481639031136,0,0,0,0,0,0,0,0,0,0,0,0,0,0,0,0,0,0,0,0,0,0,0,0,0,0,0,0,0,0,0,0,0,0,0,0,0,0,0,0,0,0,0,0,0,0,0,0,0,0,0,0,0,0,0,0,0.0044971164103418,0,0,0,0,0,0.003627325706440836,0,0,0
0,0,0,0,0,0,0,0,0,0,0,0,0,0.005718002863214878,0,0,0,0,0,0,0,0,0,0,0,0,0,0,0,0,0,0.004578746128731142,0.004349302983958622,0,0,0,0,0,0,0,0,0.003590980049404684,0,0,0,0,0,0,0,0,0,0,0,0,0,0,0,0,0,0,0,0,0,0,0,0,0,0,0,0,0,0,0,0,0,0,0,0,0,0,0,0,0.004154554712645009,0,0.003207753491257541,0,0.003167931078008306,0,0.003521537173950378,0.004757235624653256,0,0,0,0,0,0,0,0,0,0,0,0,0,0,0,0,0,0,0,0,0,0,0,0,0,0,0,0,0,0,0,0,0,0,0,0,0,0,0,0,0,0,0,0,0,0,0,0,0,0,0,0,0,0,0.002940773410136545,0,0,0.00403776358671829,0,0,0,0,0,0,0,0,0,0.003195284596618725,0,0,0,0,0,0,0,0.005101774401160575,0,0,0,0,0,0,0,0,0,0,0,0,0,0,0,0,0.005850278886975481,0.003492167628963685,0,0,0,0,0.005224567910690214,0,0,0,0,0,0,0,0,0,0,0,0,0,0,0,0,0,0,0,0,0,0,0,0,0,0,0,0,0,0,0,0,0,0,0,0.003373044648676721,0,0,0,0,0,0,0,0,0,0,0,0,0,0,0,0,0,0,0,0,0,0,0,0.005065767303010395,0,0,0,0,0,0,0,0,0,0,0,0,0,0,0,0,0,0,0,0,0,0,0,0,0,0,0,0,0,0,0,0,0,0,0,0,0,0,0,0,0,0,0,0,0,0,0,0,0,0,0,0,0,0,0,0,0,0,0,0,0,0,0,0,0,0,0,0,0,0,0,0,0,0,0,0,0,0,0,0,0,0,0,0,0,0,0,0,0,0,0,0,0,0,0,0,0,0,0,0,0,0,0,0,0,0,0,0,0,0,0,0,0,0,0.00434431194949208,0,0,0.003046761252897435,0,0.003047052994511401,0.003114239474013862,0.008864267499944475,0,0,0,0,0,0,0,0,0,0,0,0,0,0,0.003660653191025199,0.003065233482677501,0,0,0,0,0,0,0,0,0,0,0,0,0,0,0,0,0,0,0,0,0,0.003396933535179281,0,0,0,0,0.002971574386788649,0,0,0,0,0,0,0,0,0,0,0,0,0,0
0,0,0,0,0,0,0,0,0,0,0,0,0,0,0,0,0,0,0,0,0,0,0,0,0,0,0,0,0,0,0,0.006211688094106077,0,0,0,0,0,0,0,0,0,0,0,0,0,0,0,0,0,0,0,0,0,0,0,0,0,0,0,0,0,0,0,0,0,0,0,0,0,0,0,0,0,0,0,0,0,0,0,0,0,0,0,0,0,0,0.01229481138208084,0,0,0,0,0,0,0,0,0,0,0,0,0,0,0,0,0,0,0,0,0.005505207392324733,0,0,0,0,0,0,0,0,0,0,0,0,0,0,0,0,0,0,0,0,0,0,0,0,0,0,0,0,0,0,0,0,0,0,0,0,0,0,0,0.007651567826244256,0,0,0,0,0,0,0,0,0,0,0,0,0,0,0,0,0,0,0,0,0,0,0,0,0,0,0,0,0,0,0,0,0,0,0,0,0,0,0,0,0,0,0,0,0,0,0,0,0,0,0,0,0,0,0,0,0,0,0,0,0,0,0,0,0,0,0,0,0,0,0,0,0,0,0,0,0,0,0,0,0,0,0,0,0,0,0,0,0,0,0,0,0,0,0,0,0,0,0,0,0,0,0,0,0,0,0,0,0,0,0,0,0,0,0,0,0,0,0,0,0,0,0,0,0,0,0,0,0,0,0,0,0,0,0,0,0,0,0,0,0,0,0,0,0,0,0,0,0,0,0,0,0,0,0,0,0,0,0,0,0,0,0,0,0,0,0,0,0,0,0,0,0,0,0,0,0,0,0,0,0,0,0,0,0,0,0,0,0,0,0,0,0,0,0,0,0,0,0,0,0,0,0,0,0,0,0,0,0,0,0,0,0,0,0.01102923471663196,0,0,0,0,0,0,0,0,0,0,0,0,0,0,0,0,0,0,0,0,0,0,0,0,0,0,0,0,0,0,0,0,0,0,0,0,0,0,0,0,0,0,0,0,0,0,0,0,0,0,0,0,0,0,0,0,0,0,0,0,0,0,0,0.009681096826259958,0
0,0,0,0,0,0,0.002597791313663075,0,0,0,0,0,0,0,0,0,0,0,0,0,0,0,0,0,0,0.002833885468129332,0,0,0,0,0,0,0,0,0,0,0,0,0,0,0,0,0,0,0.002834880327044537,0.003072325493674914,0,0.003128280131540206,0,0,0,0,0,0,0,0.003664105694914514,0,0,0,0,0,0,0,0,0,0,0,0,0,0,0,0,0,0,0,0,0,0,0,0,0,0,0,0,0,0,0,0,0,0,0,0,0,0,0,0,0,0,0,0,0,0,0,0,0,0,0,0,0,0,0,0,0,0,0,0,0,0,0,0,0,0,0,0,0.003577675972241684,0.005307903009882994,0,0,0,0,0,0,0,0,0,0.005101295572584368,0,0,0,0,0,0.002862793822344405,0,0,0,0,0,0,0,0.00392208930126344,0,0,0.003578256150062789,0,0,0,0.003329964738745274,0,0,0,0,0,0,0,0,0,0.002884830426189527,0,0,0,0,0,0,0,0,0,0,0,0,0,0,0.003263724586585821,0,0,0,0,0,0,0,0,0,0,0,0,0,0,0,0,0,0,0,0,0,0,0,0,0,0,0,0.002375097923721379,0,0,0,0,0,0,0,0,0,0,0,0.003471465079015178,0,0,0,0,0,0,0,0.003815998498941557,0,0,0,0,0,0,0,0,0,0,0,0,0,0,0,0,0,0,0,0,0,0,0,0,0,0,0,0,0,0,0,0,0,0,0,0,0,0,0,0,0,0,0,0,0,0,0,0,0,0,0,0,0,0,0,0,0,0,0,0,0,0,0,0,0,0,0,0,0,0,0,0,0,0,0,0,0,0,0,0,0,0,0,0,0,0,0,0,0,0,0,0,0,0,0,0,0,0,0,0,0,0,0,0,0,0,0,0,0,0,0,0,0,0,0,0,0,0,0,0,0,0,0,0,0,0,0,0,0,0,0,0,0,0,0,0,0,0,0,0,0,0,0,0,0,0,0,0,0,0,0,0,0,0,0,0,0,0,0,0,0,0,0,0,0,0,0,0,0,0,0,0,0,0,0,0,0,0,0,0,0,0,0,0,0,0,0,0,0,0,0,0,0,0,0,0,0.002370181250455678,0
0,0,0.007753920946704894,0,0,0,0,0,0,0,0,0,0,0,0,0,0,0.005594021023677609,0.005147842038771408,0.004367202450579561,0,0,0,0,0,0,0.004046302365654394,0,0,0,0,0,0,0,0,0,0,0,0,0,0,0,0,0,0,0,0,0,0,0,0.005355133292382508,0,0,0,0,0,0,0.005251307997077409,0,0,0,0,0,0,0.00539737880083575,0,0,0,0,0,0,0,0,0,0,0,0,0,0.005189544061472948,0,0,0,0,0,0,0.005123934896991582,0,0,0,0,0,0,0.005124933172005057,0,0,0,0,0,0,0,0,0,0,0,0,0,0,0,0,0,0,0,0.004866800303838965,0,0,0,0,0,0,0,0,0,0,0,0,0,0,0,0,0,0,0,0,0,0,0,0,0,0.006116315985594265,0,0,0,0.007215422448556934,0.005697127633969212,0,0,0,0,0,0,0,0,0,0,0,0,0,0,0,0,0,0,0,0,0,0,0,0.00512736051648117,0.00515111100014644,0,0,0,0,0,0,0,0,0,0,0,0,0,0,0,0,0,0.004049659893863808,0,0,0,0,0,0,0,0,0,0,0,0,0.005456988746444159,0,0,0,0,0,0,0,0,0,0,0,0,0,0,0,0,0,0,0,0,0,0,0,0,0,0,0,0,0,0,0.004902256916397091,0,0,0,0,0,0,0.005165769852168172,0,0,0,0,0,0,0,0,0,0,0,0,0,0,0,0,0,0,0,0,0,0.006157834116925406,0,0.004106603876852461,0,0,0,0,0,0,0,0,0,0,0,0,0,0,0,0,0,0,0,0.004819408105925179,0,0.004221037395824693,0,0,0,0,0,0,0,0,0,0,0,0,0,0,0,0,0,0,0,0,0,0,0,0,0,0,0,0,0,0,0,0,0,0,0,0,0,0,0,0,0,0,0,0,0,0,0,0,0,0,0,0,0,0,0,0,0,0,0,0,0,0,0,0,0,0,0,0,0,0,0,0,0,0,0,0.005669628439229833,0,0,0,0,0,0,0,0,0,0,0,0,0,0,0,0,0,0.005200801572496229,0,0,0,0.005345953704043164,0,0,0,0,0,0,0,0,0,0,0,0,0,0,0,0,0,0,0,0,0,0,0,0,0,0,0,0,0,0,0,0,0,0,0,0,0,0,0,0,0,0,0,0,0,0
0,0,0,0,0,0.002703504228021627,0,0,0,0,0,0,0,0,0,0,0,0,0,0,0,0,0.003444922321290231,0,0,0,0,0,0,0,0.002592235055153373,0,0,0.003972621915800328,0,0,0,0,0.002355557645400534,0,0,0,0,0,0,0,0,0,0,0,0,0,0,0,0,0.004017310304817377,0,0,0,0,0,0,0,0,0,0,0,0,0,0,0.004348171745924063,0,0.002318934111524635,0,0,0,0,0.003704675599886821,0,0,0,0,0,0,0,0,0,0.002839278124968371,0,0,0,0,0,0,0,0,0,0,0,0,0,0,0,0,0,0,0,0,0,0,0,0,0,0,0,0,0,0.004351629150819132,0,0,0,0,0,0,0,0,0,0,0,0,0,0,0,0,0,0.002859317745971681,0,0,0,0,0,0,0,0,0,0,0,0,0,0,0,0,0,0,0,0,0.004178359277348553,0,0,0,0,0,0,0.002376887443914028,0,0,0,0,0,0,0,0,0,0,0,0,0,0,0,0,0,0,0,0,0,0,0,0,0,0.003734014776674397,0,0,0,0.004174189231198673,0,0,0.003666802466470749,0,0,0,0,0,0,0,0,0,0,0,0,0.003702840813816979,0,0,0,0,0.003724403122690378,0,0,0,0,0,0,0,0,0,0,0,0,0,0,0.003923351985384426,0,0,0.004862624585815692,0,0,0.002417986589504148,0,0,0,0,0,0,0,0,0.004638961363495881,0,0,0,0,0,0.005156264329491128,0,0.003747910476016073,0,0,0,0,0,0,0,0,0,0,0,0,0,0,0,0,0,0,0,0,0,0,0,0,0,0,0,0,0,0,0,0,0,0,0,0,0,0,0,0,0,0,0,0,0,0,0,0,0,0,0,0,0,0,0,0,0,0,0,0,0,0,0,0,0,0,0,0,0,0,0,0,0,0,0,0,0,0,0,0,0,0,0,0,0,0,0,0,0,0,0,0,0,0,0,0,0,0,0,0,0,0,0,0,0,0,0,0,0,0,0,0,0,0,0,0,0,0,0,0,0,0,0,0,0,0,0,0,0,0,0,0,0,0,0,0,0,0,0,0,0,0,0,0,0,0,0,0,0,0,0,0,0,0,0,0,0,0,0,0,0,0,0,0,0,0,0,0,0,0,0,0,0,0,0
0,0,0,0,0,0,0.005030966821967862,0,0,0,0,0,0,0,0,0,0,0,0,0,0,0,0.002687104830665693,0,0,0,0,0,0,0,0.006511576277836609,0,0,0,0.004431737110793886,0,0,0,0.003287297800932812,0,0,0,0,0,0,0,0,0,0,0,0,0,0,0,0,0.0036757341890654,0,0,0,0,0,0,0,0,0,0,0,0,0,0,0,0.004805795533266815,0.007164398588447923,0,0,0,0,0,0,0,0,0,0,0,0,0,0,0,0,0,0,0,0.003287854550901303,0,0,0,0,0,0,0,0,0,0,0,0,0,0,0,0,0.005268441845786034,0.006541018204086287,0,0,0,0,0,0,0,0,0,0,0.005252055638369927,0,0,0,0.003685706532958717,0,0,0,0,0,0,0,0,0,0,0,0,0,0,0,0.003353888705945135,0,0,0,0,0,0,0,0,0,0,0,0,0,0,0.005673713209666087,0,0,0,0,0,0,0.00218891192903323,0,0,0.00535329867273521,0,0,0,0,0,0,0,0,0,0,0,0,0,0,0,0,0,0,0,0,0,0,0,0,0,0,0,0,0,0,0,0,0,0,0,0,0,0,0,0.002375097923721379,0,0.003702840813816979,0,0,0,0,0,0,0,0,0,0,0,0,0,0,0,0,0,0,0,0,0,0,0,0,0,0,0,0,0,0.006458367442409506,0,0,0,0,0,0,0,0,0,0,0,0,0,0,0,0,0,0,0,0,0,0.006264192959582349,0,0,0,0,0,0,0,0,0,0,0,0,0,0,0,0,0,0,0,0,0,0,0,0,0,0,0,0,0,0,0,0,0,0,0,0,0,0,0,0,0,0,0,0,0,0,0,0,0,0,0,0,0,0,0,0,0,0,0,0,0,0,0,0,0,0,0,0,0,0,0,0,0,0,0,0,0,0,0,0,0,0,0,0,0,0,0,0,0,0,0,0,0,0,0,0,0,0,0,0,0,0,0,0,0,0,0,0,0,0,0,0,0,0,0,0,0,0,0,0,0,0,0,0,0,0,0,0,0,0,0,0,0,0,0,0,0,0,0,0,0,0,0,0,0,0,0,0,0,0,0,0,0,0,0,0,0,0,0,0,0,0,0,0,0,0,0
0,0,0,0,0,0,0,0,0,0,0,0,0,0,0,0,0.006673693657410708,0,0,0,0,0,0,0,0,0,0,0,0,0,0,0,0,0,0,0,0,0,0,0,0,0,0,0,0,0,0,0,0,0,0,0,0,0,0,0,0,0,0,0,0,0,0,0,0,0.003766327400446402,0,0,0.003445692615693817,0,0,0,0,0,0,0,0,0,0,0,0,0,0,0,0,0,0,0,0,0,0,0,0,0,0,0,0,0,0,0,0,0,0,0,0.003642292640901277,0,0,0,0,0,0,0,0,0,0,0,0,0,0,0,0.003181799517924282,0,0,0.005406859111221087,0,0,0,0,0,0,0,0,0,0,0,0,0,0,0,0,0,0,0,0,0,0,0,0,0,0,0,0,0,0,0,0,0,0,0,0,0,0.00365594370076958,0,0,0,0,0,0,0,0,0,0,0,0,0,0.007055301438891493,0,0,0,0,0,0,0,0,0,0,0,0,0,0,0,0,0,0,0,0,0,0,0,0,0.005483678663516355,0,0,0,0,0,0,0,0,0,0,0,0.003369460538558094,0,0,0,0,0,0,0,0,0,0,0,0,0,0,0,0,0,0,0,0,0,0,0,0,0.006684018843526972,0,0,0,0,0,0,0,0,0,0,0,0,0,0,0,0,0,0,0,0.003236624616159514,0,0,0,0,0,0,0,0,0,0,0,0,0,0,0,0,0,0,0,0,0,0,0,0,0,0,0,0,0,0,0,0,0,0.003104913361636508,0.002947904580656502,0,0,0.003156491065954422,0.002947904580656502,0,0,0,0,0,0,0,0,0,0,0,0,0,0,0,0,0,0,0,0,0,0,0,0,0,0,0,0,0,0,0,0,0,0,0,0,0.002946847792825257,0.003172223813353942,0,0.003104913361636508,0,0,0,0,0,0,0,0,0,0,0,0,0,0,0.005893145636943709,0,0,0,0,0,0,0,0,0,0,0,0,0,0,0,0,0,0,0,0,0,0,0,0,0,0,0,0,0,0,0,0,0,0,0,0,0,0,0,0,0,0,0,0,0,0,0,0,0,0,0,0,0,0,0,0,0,0,0,0,0,0,0,0,0.00314765251977035,0,0,0,0,0,0,0,0,0,0,0
0,0,0.00438173304631048,0.005008753370239494,0,0,0,0,0,0,0,0,0,0,0,0,0,0,0,0,0,0,0,0,0,0,0.003501843386534519,0,0,0,0,0,0,0,0,0,0,0,0,0,0,0,0,0,0,0,0,0,0,0,0,0,0,0,0,0,0,0,0,0.003983992597901512,0,0,0.00476702777166779,0,0,0,0,0,0,0,0,0,0,0,0,0,0,0,0,0.007033882985895495,0,0,0,0,0,0,0,0,0,0,0,0,0,0,0.005729827932886344,0,0,0.006130502101472458,0,0,0,0,0,0,0,0,0,0,0,0,0,0,0,0,0,0,0,0,0,0,0,0,0,0,0,0,0,0,0,0,0,0,0,0.006005772307242686,0,0,0,0,0.004562993231301155,0,0,0,0,0,0,0.003995386497132708,0,0,0,0,0,0.005449575445594526,0,0.006089691911050197,0,0,0,0,0,0,0,0,0,0,0,0,0,0,0,0,0,0,0,0.004284590651889317,0,0,0,0,0,0,0,0,0,0,0,0,0.003527788421013468,0,0,0,0,0,0,0,0,0,0,0,0,0,0,0,0,0,0,0,0,0,0,0,0,0,0,0,0,0,0,0,0,0,0,0,0,0,0,0,0,0.004574554970404738,0.005884229362252686,0,0,0,0,0,0,0,0,0,0,0,0,0,0,0,0,0,0,0,0,0,0,0,0,0,0,0,0,0,0,0,0,0,0,0,0,0,0,0.005148860702294198,0,0.00607367902125599,0,0,0,0,0,0,0,0,0,0,0,0,0,0,0,0,0.006065631253201107,0,0,0,0,0,0,0,0,0,0,0,0,0,0,0,0,0,0,0,0,0,0,0,0,0,0,0,0,0,0,0,0,0,0,0,0,0,0,0,0,0,0,0,0,0,0,0,0,0,0,0,0,0,0,0,0,0,0,0,0,0,0,0,0,0,0,0,0,0,0.006061275969561047,0.006081430456062097,0,0,0,0,0,0,0,0,0,0,0,0,0,0,0,0,0,0,0,0,0,0,0,0,0,0,0,0,0,0,0,0,0,0,0,0,0,0,0,0,0,0,0,0,0,0,0,0,0,0,0,0,0.00380873643414549,0,0,0,0,0,0,0.006128599375795927,0,0.006131262128184194,0,0.006093319729755277,0.006124665546065859,0,0.006126412980144394,0,0,0.006073812087407463
0,0,0,0,0,0,0,0,0,0,0,0,0,0,0,0,0,0,0,0,0.003613007436998241,0,0,0,0,0,0,0,0,0,0,0,0,0,0,0,0,0,0,0,0,0,0,0,0,0,0,0,0,0,0,0,0,0,0,0,0,0,0,0,0,0,0,0,0,0,0,0,0,0,0,0,0,0,0,0.004187742890334922,0,0,0,0,0,0,0,0,0,0,0,0,0,0,0.00297381116654118,0,0,0,0,0.003894201945231348,0,0,0.007557609243058994,0.004524424575917274,0,0,0,0,0.004871157481699897,0,0.002999252032303494,0,0,0,0,0,0,0,0,0,0,0,0,0,0,0,0.004760454499209823,0.00416769328675063,0,0,0,0,0,0,0,0,0,0,0,0,0,0,0,0,0,0,0,0,0,0,0,0,0,0,0,0,0,0,0,0.004300540901767349,0,0,0,0,0,0.00502805755361658,0,0,0,0,0,0,0,0,0,0,0,0,0,0.004218941324096033,0,0,0,0,0,0,0,0,0,0,0,0,0,0,0,0,0,0,0,0.007441702797502523,0,0,0,0,0.003177963039354676,0,0,0,0,0,0,0,0,0,0.003369460538558094,0,0,0,0,0,0,0,0,0,0,0,0,0,0,0,0,0,0,0,0,0,0,0,0.004313497264766285,0,0,0.002936498597242804,0,0,0,0,0,0,0,0,0,0,0,0,0,0,0,0,0,0,0,0.007092074608217535,0,0,0,0,0,0,0,0,0,0,0,0,0,0,0,0,0,0,0,0,0,0,0,0,0,0,0,0,0,0,0,0,0,0,0,0,0,0,0,0,0,0,0,0,0,0,0,0,0,0,0,0,0,0,0,0,0,0,0,0,0,0,0,0,0,0,0,0,0,0,0,0,0,0.002957801354814909,0,0,0,0,0,0,0,0,0,0,0,0,0,0,0,0,0,0,0,0.003828875405880229,0,0,0,0,0,0,0,0,0,0,0,0,0,0,0,0,0,0,0,0,0,0,0,0,0,0,0,0,0,0,0,0,0,0,0,0,0,0,0,0,0,0,0,0,0,0,0,0,0,0,0,0,0,0,0,0,0,0,0,0,0,0,0,0,0,0,0,0,0,0,0,0,0,0,0,0
0.005060219005191829,0.00394810264687114,0,0,0,0,0,0,0,0,0.005475529700985289,0,0,0,0,0.004608572421017481,0,0,0,0,0,0,0,0,0,0,0,0,0,0,0,0,0,0,0,0,0.007107392411429259,0,0,0.005833583288212671,0.006737939329955966,0,0,0,0,0,0,0,0,0,0,0,0,0,0,0,0,0,0,0,0,0,0,0,0,0,0,0,0,0.004268119979507566,0,0,0,0,0,0,0,0,0,0,0,0,0,0,0,0,0,0,0,0,0.003622884018477093,0,0,0.004963883605376438,0,0,0.005513750916529937,0,0,0,0,0,0,0,0,0,0.004148248957156274,0,0,0,0,0,0,0,0,0,0,0,0,0,0,0,0,0,0,0,0,0,0,0,0,0,0,0,0,0,0,0,0,0,0,0,0,0,0,0,0,0,0,0,0,0,0,0,0,0,0,0,0,0,0,0,0,0,0,0,0,0,0,0,0,0,0,0,0,0,0,0,0,0,0,0,0,0,0,0,0,0,0,0,0,0,0.006979807268787531,0,0,0,0,0,0,0,0.003924839883079428,0,0.004755845929574161,0.004393234528740865,0,0,0,0,0,0,0,0,0,0,0,0,0,0,0,0,0,0,0,0,0,0,0,0,0,0,0,0,0,0.003818237579007434,0,0,0,0.003719369637756186,0,0,0.005597332674509025,0,0,0,0,0,0,0,0,0,0,0,0,0,0,0,0,0,0,0,0,0,0,0,0,0,0,0,0,0,0,0,0,0,0,0,0,0,0,0,0,0,0,0,0.00454941451657834,0,0,0,0,0,0,0,0,0,0,0,0,0,0,0,0,0,0,0,0,0,0,0,0,0,0,0,0,0,0,0,0,0,0,0,0,0,0,0,0,0,0,0,0,0,0,0,0,0,0,0,0,0,0,0,0,0,0,0,0,0,0,0,0,0,0,0,0,0,0,0,0,0,0,0,0,0,0,0,0.004436068840682472,0,0,0,0,0.003684507574526885,0,0,0,0,0,0,0.003945207817196521,0,0,0,0,0,0,0,0,0,0,0,0,0,0,0,0,0,0,0,0,0,0,0,0,0,0,0,0,0,0,0,0,0.004361532339688866,0,0.003386439521555686,0,0.00356092968860664,0,0,0,0,0.005701011149753146,0,0,0,0,0,0.004095361671999502,0,0,0
0,0,0,0,0,0,0,0,0,0,0,0,0,0,0,0,0,0,0,0,0,0,0,0,0,0,0,0,0,0,0,0,0,0.004290721400489608,0,0,0,0,0,0,0,0,0,0,0,0.003287361504041531,0,0,0,0,0,0,0,0,0,0,0,0,0,0,0,0,0,0,0,0,0,0,0,0,0.004327046333675668,0,0,0,0,0,0,0.006211331390974424,0,0,0,0,0,0,0,0,0,0.003400268764884111,0,0,0,0,0,0,0,0,0,0,0,0,0,0,0,0,0,0,0,0,0,0,0,0,0,0,0,0,0,0.004643173216333728,0,0,0,0,0,0,0,0,0,0,0,0,0,0,0,0,0,0,0,0,0,0,0,0,0,0,0,0,0,0,0,0,0,0,0,0,0,0,0,0,0,0,0,0,0,0,0,0,0,0,0,0,0,0,0,0,0,0,0,0,0,0,0,0,0,0,0,0,0,0,0,0.008157154381857988,0,0,0,0.006396214323668541,0,0,0.006581548692099181,0,0,0,0,0,0,0,0,0,0,0,0.003724403122690378,0,0,0,0,0,0,0,0,0,0,0,0,0,0,0,0,0,0,0,0,0.00387285209753075,0,0,0.006993347957047757,0,0,0.004756509690868968,0,0,0,0,0,0,0,0,0.005467209122797044,0,0,0,0,0,0.003668293669150213,0,0.008578231660180433,0,0,0,0,0,0,0,0,0,0,0,0,0,0,0,0,0,0,0,0,0,0,0,0,0,0,0,0,0,0.002951251035989787,0,0,0,0,0,0,0,0,0,0,0,0,0,0,0,0,0,0,0,0,0,0,0,0,0,0,0,0,0,0,0,0,0,0,0,0,0,0,0,0,0,0,0,0,0,0,0,0,0,0,0,0,0,0,0,0,0,0,0,0,0,0,0,0,0,0,0,0,0,0,0,0,0,0,0,0,0,0,0,0,0,0,0,0,0,0,0,0,0,0.002996995765466919,0,0,0,0,0,0,0,0,0,0,0,0,0,0,0,0,0,0,0,0,0,0,0,0,0,0,0,0,0,0,0,0,0,0,0,0,0,0,0,0,0,0,0,0,0,0,0,0,0,0,0,0,0,0,0
0,0,0,0,0,0,0,0,0,0,0,0,0,0,0,0,0,0,0,0,0,0,0,0,0,0,0,0,0,0,0,0,0,0,0,0,0,0,0,0,0,0,0,0.002884131137150565,0,0,0,0,0,0,0,0,0,0,0,0,0,0,0,0,0,0,0,0,0,0,0,0,0,0,0,0,0,0,0,0,0,0,0,0,0.002960340785848385,0,0,0,0,0,0,0,0,0,0,0,0,0,0,0,0,0,0,0,0,0,0,0,0,0,0,0,0,0,0,0,0,0,0.006930647204172163,0,0,0,0,0,0,0,0,0,0,0,0,0,0,0,0,0,0,0,0,0,0,0.004355200210641677,0,0,0,0,0,0,0,0,0,0,0,0,0,0,0,0,0,0,0,0,0,0,0,0,0,0,0,0,0,0,0,0,0,0,0,0.003226051473082173,0,0,0,0,0,0,0,0,0,0,0.002828165316267494,0,0,0,0,0,0,0,0,0,0,0,0,0,0,0,0,0,0,0,0,0,0,0,0,0,0,0,0,0,0,0,0,0,0,0,0,0,0,0,0,0,0,0,0,0,0,0,0,0,0,0,0,0,0,0,0,0,0,0,0,0,0,0,0,0,0,0,0,0,0,0,0,0,0,0,0,0,0.004804977926672131,0,0,0,0,0,0,0,0,0,0,0,0,0,0,0,0,0,0,0,0,0,0,0,0,0,0,0,0,0,0,0,0,0,0,0,0,0,0,0,0,0,0,0,0,0,0,0,0,0,0,0,0,0,0,0,0,0,0,0,0,0,0,0,0,0,0,0,0,0,0,0,0,0,0,0,0,0,0,0,0,0,0,0,0,0,0,0,0,0,0,0,0,0.004521345440431555,0,0,0,0,0,0,0,0,0,0,0,0.004838477505443894,0.003307860153808823,0,0,0,0,0.004345576868470705,0,0,0,0,0,0,0,0,0,0,0,0,0.002915576855286408,0.002667311093190383,0,0,0,0.00515744253561224,0,0,0,0,0,0,0,0,0,0,0,0,0,0,0,0,0.002853780707362259,0,0.00331980342076244,0,0,0,0,0.00312760913118214,0,0,0,0,0,0,0,0,0,0,0,0
0,0,0,0,0,0,0,0,0,0,0,0,0,0,0,0,0,0,0,0,0,0,0,0,0,0,0,0,0,0.004013626745817935,0,0,0,0,0.00422856202387117,0,0,0.007560999609240015,0,0,0,0,0,0,0,0,0,0,0.005045445873111393,0,0,0,0,0.004896864416113592,0.004493412461913692,0,0.00451398998337939,0.004465150218265159,0,0,0,0,0,0.005018804740501554,0,0,0,0,0,0,0,0,0,0,0,0,0,0,0,0,0,0,0,0,0,0,0,0,0,0,0,0,0,0,0,0,0,0,0,0,0,0,0.004602497136702343,0.007828896271504588,0,0,0,0,0,0.004182704853555715,0,0,0.004476660263633274,0.005283978908702891,0,0,0,0,0,0,0,0.004186793182074969,0,0,0,0,0,0.005044944933095381,0,0,0,0,0,0.005263635078592057,0,0,0.005028342136290479,0,0,0,0.004920486108584882,0,0,0,0,0,0,0,0,0,0,0,0,0,0,0,0,0,0,0,0.005037046708003291,0,0,0,0,0,0,0,0,0,0,0,0,0,0,0,0,0,0,0,0,0,0,0,0,0,0,0,0,0,0,0,0,0,0,0,0,0,0,0,0,0.005696528426592642,0,0,0,0,0,0,0,0,0,0,0,0,0,0,0,0,0,0,0,0,0,0,0,0,0,0,0,0,0,0,0,0,0,0,0,0,0,0,0,0,0,0,0,0,0,0,0,0.004990940453182168,0,0.007044124839339611,0,0.007717661241613443,0,0,0,0,0.003986148971941196,0,0,0,0,0,0,0,0,0,0,0,0,0,0,0,0,0,0,0,0,0,0,0,0,0,0,0,0,0.004510782738016686,0,0,0,0,0,0,0,0,0,0,0,0,0,0,0,0,0,0,0,0,0,0,0,0,0,0,0,0,0,0,0,0,0,0,0,0,0,0,0,0,0,0,0,0,0,0,0,0,0,0,0,0,0,0,0,0,0,0,0,0,0,0,0,0,0,0,0,0,0,0,0,0,0,0,0,0,0,0,0,0,0,0,0,0,0,0,0.004010897667380367,0,0,0,0,0,0,0,0,0,0,0,0,0,0,0,0,0,0,0,0,0,0,0,0,0,0,0,0,0,0,0,0,0,0,0,0,0,0,0,0,0,0,0,0,0,0,0,0,0,0,0,0,0
0,0,0,0,0,0,0,0,0,0,0,0,0,0,0,0,0,0,0,0,0,0,0,0,0,0,0,0,0,0,0,0,0,0,0,0,0,0,0,0,0,0,0,0,0,0,0,0,0,0,0,0,0,0,0,0,0,0,0,0,0,0,0,0,0,0,0,0,0,0,0,0,0,0,0,0,0,0,0,0,0,0,0,0,0.00408441035385163,0,0,0,0,0,0,0,0,0,0,0,0,0,0,0,0,0,0,0,0,0,0,0.003098076158681243,0,0,0,0,0,0,0,0,0,0,0,0,0,0,0,0,0,0,0,0,0,0,0,0,0,0,0,0,0,0,0,0,0,0,0,0,0,0,0,0,0,0,0,0,0,0,0,0,0,0,0,0,0,0,0,0,0,0,0,0,0,0,0,0.01068678876126467,0,0,0,0,0,0,0,0,0.00705890107646603,0,0,0,0,0,0,0,0,0,0,0,0,0,0,0,0,0,0,0,0,0,0,0,0,0,0,0,0,0,0,0,0,0,0,0,0,0,0,0,0,0,0,0,0,0,0,0,0,0,0,0,0,0,0,0,0,0,0,0,0,0,0,0,0,0,0,0,0,0,0,0,0,0,0,0,0,0,0,0,0,0,0,0,0,0,0,0,0,0,0,0,0,0,0,0,0,0,0,0,0,0,0,0,0,0,0,0,0.01156632987823616,0.01115342549215307,0,0,0,0,0,0,0,0,0,0,0,0,0,0,0,0,0,0,0,0,0,0,0,0,0,0,0,0,0,0,0,0,0,0,0,0,0,0,0,0,0,0,0,0,0,0,0,0,0,0,0,0,0,0,0,0,0,0,0,0,0,0,0.01061336833214846,0,0,0,0,0,0,0,0,0,0,0,0,0,0,0,0,0,0,0,0,0,0,0,0,0,0,0,0,0,0.01104215352928527,0,0,0,0,0,0,0,0,0,0,0,0,0,0,0,0,0,0,0,0,0,0,0,0,0,0,0,0,0,0,0,0,0,0,0,0,0,0,0,0,0,0,0,0,0
0,0,0,0,0,0,0,0,0,0,0,0,0,0,0,0,0,0,0,0,0,0,0,0,0,0,0,0,0,0,0,0,0,0,0,0,0,0,0,0,0,0,0,0,0,0,0,0,0,0,0,0,0,0,0,0,0,0,0,0,0,0,0,0,0,0,0.007943938896131601,0,0,0,0,0,0,0,0,0,0,0,0,0,0,0,0,0,0,0,0,0,0,0,0,0,0,0,0,0,0,0.007556537464748557,0,0,0,0,0,0,0,0,0,0,0,0,0,0,0,0,0,0,0,0,0,0,0,0,0,0,0,0,0,0,0,0,0,0,0,0,0,0,0,0,0,0.01115237208812972,0,0,0,0,0,0,0,0,0,0,0.008794396614121847,0,0,0.006944208754520721,0,0,0,0,0,0,0,0,0,0.006059084219382642,0,0,0,0,0,0,0,0,0,0,0,0,0,0,0,0,0,0,0,0,0,0,0,0,0,0,0,0,0,0,0,0,0,0,0,0,0,0,0,0,0,0,0,0,0,0,0,0,0,0,0,0,0,0,0,0,0,0,0.01025832251173765,0,0,0,0,0,0,0,0,0,0,0,0,0,0,0,0,0,0,0,0,0,0,0,0,0,0,0,0,0,0,0,0,0,0,0,0,0,0,0,0,0,0,0,0,0,0,0.00530682556329092,0.005197542737412928,0,0,0,0,0,0,0,0,0,0,0,0,0,0,0.003710965977198419,0.004047718387950265,0,0,0,0,0,0,0,0,0,0,0,0,0,0,0,0,0,0,0,0,0,0,0,0,0,0,0,0,0,0,0,0,0,0,0,0,0,0,0,0,0,0,0,0,0,0,0,0,0,0,0,0,0,0,0,0,0,0,0,0,0,0,0,0,0,0,0.01024129749046394,0.01012736125529925,0,0.003612413845096766,0.007233406349890134,0,0,0,0,0,0,0,0,0,0,0,0,0,0,0,0,0,0,0,0,0,0,0,0,0,0,0,0,0,0,0,0,0,0,0,0,0,0,0,0,0,0,0,0,0,0,0,0,0,0,0,0,0,0,0,0,0,0,0,0,0,0,0.01142231473378463,0.006956999788228558,0.007375137632978928,0.009709829900338852,0,0.01108139146660103,0,0.005308377128414008
0,0,0,0,0,0,0,0,0,0,0,0,0,0,0,0,0,0.004054089424789322,0,0.004675929439679934,0,0,0,0,0,0,0.005318024717296931,0,0,0,0,0,0,0,0,0,0,0,0,0,0,0,0.003836921058711284,0.003784529469068835,0,0,0,0,0,0,0,0,0.005663200923497773,0,0,0,0,0,0,0,0,0,0,0,0.004472272870615444,0,0,0,0,0,0,0,0,0.004832850632374829,0,0,0,0,0,0,0.005049932623507006,0,0,0,0,0.004690220297264486,0,0,0,0,0,0.004658123715953575,0.003404260548621192,0,0,0,0,0,0,0,0.004316586842683875,0,0,0,0,0,0,0,0,0,0,0.00389939345271698,0,0,0,0,0,0,0,0,0,0,0,0,0,0,0,0,0,0,0,0,0,0,0,0,0,0.003693766770487745,0,0,0,0,0,0,0,0,0,0,0,0,0,0,0,0,0.004669205319570889,0,0,0,0,0,0,0,0,0,0.003962828599066526,0,0,0,0,0,0,0,0,0,0,0,0,0,0.003389427074252128,0,0,0,0,0,0,0,0.003941874366685836,0,0,0,0,0,0,0,0.006052922768540575,0,0,0,0,0.004346561619314864,0,0,0,0,0,0,0,0,0,0,0,0,0,0,0,0,0,0,0,0,0,0,0,0,0,0,0,0,0,0,0,0,0,0,0,0,0,0,0,0,0,0,0,0,0,0,0,0,0,0,0,0,0,0,0,0,0,0,0,0,0,0.005529876315397949,0,0,0,0,0,0,0,0,0,0,0,0,0,0,0,0,0,0,0,0.005477531136776702,0,0.005135590542412338,0,0,0,0,0,0,0,0,0,0,0,0,0,0,0,0,0,0,0,0,0,0,0,0,0,0,0,0,0,0,0,0,0,0,0,0,0,0,0,0,0,0,0,0,0,0,0,0,0,0,0,0,0,0,0,0,0,0,0,0,0,0,0,0.00346501215794862,0,0,0,0,0,0,0,0.003723341213154255,0,0,0,0,0,0,0,0,0,0,0,0,0,0,0,0,0,0.003686117151385788,0,0,0.003464306016224781,0,0,0,0,0,0,0,0,0,0,0,0,0,0,0,0,0,0,0,0,0,0,0,0,0,0,0,0,0,0,0,0,0,0,0,0,0,0,0,0,0,0,0,0,0,0,0,0,0,0,0
0,0,0,0,0.004080564700005634,0,0,0,0,0,0,0,0,0,0,0,0,0,0,0,0,0.005352137806371824,0,0,0,0,0,0,0,0,0,0,0,0,0.004677115631689355,0,0,0,0,0,0,0,0,0,0,0,0,0,0,0,0,0,0,0,0,0,0,0,0,0,0,0,0,0,0,0,0.003998456688084323,0,0,0,0,0,0,0,0,0,0,0,0,0,0,0.004063285582573522,0,0,0,0,0,0,0,0,0,0,0,0,0,0,0,0,0,0,0,0,0,0.004251987848550786,0,0,0,0,0,0.004116035577571548,0,0,0,0,0,0,0,0,0,0,0,0.004106361954589182,0,0,0,0,0,0,0,0,0,0,0,0,0,0,0,0,0,0,0,0,0,0,0,0.005044934327167535,0,0,0,0,0,0,0,0,0,0,0,0,0,0,0,0,0,0,0,0,0,0,0,0,0.003897876825439223,0,0,0,0,0,0,0,0,0,0,0,0,0,0,0,0,0,0,0,0,0,0,0,0,0,0,0,0,0,0,0,0,0,0,0,0,0,0,0,0,0,0,0,0,0,0,0,0,0,0,0,0.004241415150476779,0,0,0,0.007097253599709204,0,0,0,0,0,0,0,0,0,0,0,0,0,0,0,0.00410982830787579,0,0,0,0,0,0,0,0,0,0,0,0.004112279689905406,0,0,0,0,0,0.004105110505747478,0,0,0,0,0,0,0,0,0,0,0,0,0,0,0,0,0,0,0,0,0,0,0,0,0,0,0,0,0,0,0,0,0,0,0,0,0,0,0,0,0,0,0,0,0,0,0,0,0,0,0,0,0,0,0,0,0,0,0,0,0,0,0,0,0,0,0,0,0,0,0,0,0,0,0,0,0,0,0,0,0,0,0,0,0,0,0,0,0,0,0,0,0,0,0,0,0,0,0,0,0,0,0,0,0,0,0,0,0,0,0,0,0,0,0.004334518865527218,0,0,0,0,0,0,0,0.003829667400124791,0,0,0,0,0,0,0,0,0,0,0,0,0,0,0,0,0,0,0,0,0,0,0,0,0,0,0,0,0,0,0,0,0,0,0,0,0,0,0,0,0,0.003914225690389936,0,0
0,0,0,0,0.004223939994367095,0,0,0,0,0,0,0.004473790928706263,0,0,0,0,0,0,0,0,0,0,0,0,0,0,0,0,0,0,0,0,0,0,0,0,0,0,0,0,0,0,0,0,0,0,0,0,0,0,0,0,0,0,0,0,0,0,0,0,0.004925559512029495,0,0,0,0,0.004707533086961744,0,0,0,0,0,0,0,0,0,0,0,0,0,0,0,0,0,0,0,0,0,0,0,0,0,0,0,0,0,0,0,0,0,0,0,0,0,0,0,0,0,0,0,0,0,0,0,0,0,0,0,0,0,0,0,0,0,0,0.006776686259307625,0,0,0,0,0,0,0,0.004261029593809815,0,0,0,0,0,0,0,0,0,0,0,0,0,0,0,0.004620108305955665,0,0,0,0.006775936210441249,0,0,0,0,0,0,0,0,0,0,0,0,0,0,0,0,0,0.004389381540397884,0,0,0,0,0,0,0,0,0,0,0,0,0,0,0,0,0,0,0,0,0,0,0,0,0,0,0,0,0,0,0,0,0,0,0,0.003471465079015178,0,0,0,0,0,0,0,0,0,0,0,0,0,0,0,0,0,0,0.004077922462675112,0.004569444020354804,0.005092594827056957,0,0,0,0,0,0,0,0,0,0,0,0,0,0,0,0.003042393548300188,0,0.003399314480990094,0.005510934476205743,0,0,0,0,0,0,0,0,0.005256071888239476,0,0,0,0,0,0,0,0,0.004000005886069522,0.004640837373047832,0.003704624054429752,0,0,0,0,0.0039026067664923,0,0,0,0,0,0,0,0,0,0,0,0,0,0,0,0,0,0,0,0,0,0,0,0,0,0,0,0,0,0,0,0,0,0,0,0,0,0,0,0,0,0,0,0,0,0,0,0,0,0,0,0,0,0,0,0,0,0,0,0,0,0,0,0,0,0,0.005627854958848879,0,0,0,0,0,0,0,0,0,0,0,0,0,0,0,0,0,0,0,0,0,0,0,0,0,0,0,0,0,0,0,0,0,0,0,0,0,0,0,0.004402181646417857,0,0,0,0,0.004663274240882279,0,0,0,0,0,0,0,0,0,0,0,0,0,0,0,0,0,0,0,0,0,0,0,0,0,0,0,0,0,0,0,0,0,0.004907363543984023,0,0.004959540811385742,0,0,0,0,0,0,0,0
0,0,0,0,0,0,0,0,0,0,0,0,0,0,0,0,0,0,0,0,0,0,0,0,0,0,0,0,0,0,0,0,0,0,0.004503159909721619,0,0,0,0,0,0,0,0,0,0,0,0,0,0,0,0,0,0,0,0,0,0,0,0,0,0,0,0,0,0,0,0.008246194964772163,0,0,0,0,0,0,0,0,0,0,0,0,0,0,0.004139435786385927,0,0,0,0,0,0,0,0,0,0,0,0,0,0,0,0.007602882237157472,0,0,0,0,0,0.004273890233087746,0,0,0,0,0,0.004225856468221425,0,0,0,0,0,0,0,0,0,0,0,0.004219151814303111,0,0,0,0,0,0,0,0,0,0,0,0,0,0,0,0,0,0.01005316742891705,0,0,0,0,0,0,0,0,0,0,0.007764088030124423,0,0,0.006791576064789471,0,0,0,0,0,0,0,0,0,0.006466238857476225,0,0,0,0,0,0,0,0,0,0,0,0,0,0,0,0,0,0,0,0,0,0,0,0,0,0,0,0,0,0,0,0,0,0,0,0,0,0,0,0,0,0,0,0,0,0,0,0,0,0,0,0,0,0,0.01025832251173765,0,0.004241415150476779,0,0,0,0,0,0,0,0,0,0,0,0,0,0,0,0,0,0,0,0,0,0,0,0,0,0,0,0,0,0,0,0,0,0.004119681703670874,0,0,0,0,0,0.0042574711172473,0,0,0,0,0,0,0,0,0.005056715221891842,0.004921431152058744,0,0,0,0,0,0,0,0,0,0,0,0,0,0,0,0,0,0,0,0,0,0,0,0,0,0,0,0,0,0,0,0,0,0,0,0,0,0,0,0,0,0,0,0,0,0,0,0,0,0,0,0,0,0,0,0,0,0,0,0,0,0,0,0,0,0,0,0,0,0,0,0,0,0,0,0,0,0,0,0,0,0,0.0109810696016281,0.01054659880735372,0,0,0.006791810810329158,0,0,0,0,0,0,0,0,0,0,0,0,0,0,0,0,0,0.00427736345620866,0,0,0,0,0,0,0,0,0,0,0,0,0,0,0,0,0,0,0,0,0,0,0,0,0,0,0,0,0,0,0,0,0,0,0,0,0,0,0,0,0,0,0,0,0.01023847823337303,0.006804437246071823,0.007107048636544993,0.009064711180603053,0,0.01070697507345381,0,0.005058253043420292
0,0,0,0,0,0,0,0,0,0,0,0,0,0,0,0,0.006777990452536519,0,0,0,0,0,0,0,0,0,0,0,0,0,0,0,0,0,0,0,0,0,0,0,0,0,0,0,0,0,0,0,0,0,0,0,0,0,0,0,0,0,0,0,0,0,0,0,0,0,0,0,0,0,0,0,0,0,0,0.004490902871937702,0,0,0,0,0,0,0,0,0,0,0,0,0,0,0,0,0,0,0,0.004478484617660168,0,0,0,0,0,0,0,0,0.005650796477938016,0,0,0,0,0,0,0,0,0,0,0,0,0,0,0,0.004217584303782577,0,0.004746737348314399,0,0,0,0,0,0,0.00535518205115078,0,0,0,0,0,0,0,0,0,0,0,0,0,0,0,0,0,0,0,0,0,0,0,0,0,0.005631578427801437,0,0,0,0.005180898677181769,0,0.00492602314510049,0.005164984417138067,0,0,0,0,0,0,0,0,0,0,0,0,0.005745481736638924,0,0,0,0,0,0,0,0,0,0,0,0,0,0,0,0.005750351456529263,0,0,0,0,0,0,0,0,0,0,0,0,0,0,0,0,0,0,0,0,0,0,0,0,0,0,0,0,0,0,0,0,0,0,0,0,0,0,0,0,0,0,0.005412017932952559,0,0,0,0,0,0,0,0,0,0,0,0,0,0,0,0,0,0,0,0,0,0,0,0,0,0,0,0,0,0,0,0,0,0,0,0,0,0.004422058131583376,0,0,0,0,0,0,0,0,0,0,0,0,0,0,0,0,0,0.004435244640111524,0.004686422276011731,0.004438118671126203,0.004399896670627882,0.004628122989733277,0.004387104766074765,0.004438118671126202,0,0,0,0,0,0,0,0,0,0,0,0,0,0,0,0,0,0,0,0,0,0,0,0,0,0,0,0,0,0,0,0,0,0,0,0.004442076652071705,0.004436490696297563,0.004248308200541557,0.004680631327808898,0.004686422276011731,0.004446932462694505,0,0,0,0,0,0,0,0,0,0,0,0,0,0.004430285110390556,0,0,0,0,0,0,0,0,0.006671266533500548,0,0,0,0,0,0,0,0,0,0,0,0,0,0,0,0,0,0,0,0,0,0,0,0,0,0,0,0,0,0,0,0,0,0,0,0,0,0,0,0,0,0,0,0,0,0,0,0,0,0,0,0,0,0,0,0,0,0,0,0,0,0,0,0,0,0,0
0.003280383961484751,0.003081092437878539,0,0,0,0,0,0,0,0,0,0,0,0.005080099214983553,0,0.003029055519606466,0,0,0,0,0,0,0,0,0,0,0,0,0,0,0,0.003471859140179763,0,0,0,0,0,0,0,0,0,0,0,0,0,0,0,0,0,0,0,0,0,0,0,0,0,0,0,0,0,0,0,0,0,0,0,0,0,0,0,0.002909152145726638,0,0,0,0,0,0,0,0,0,0,0,0,0,0,0,0,0,0.003786280442887979,0.003072214383174029,0,0,0.003807106845929515,0,0,0.003329637357040964,0,0,0,0,0,0,0,0,0.01578366535725593,0,0,0,0,0,0,0,0,0,0,0,0,0.001240111596090862,0.004256663432127293,0,0,0,0,0,0,0,0,0,0,0,0,0,0,0,0,0,0,0,0,0,0,0,0,0,0,0,0.003115216464212441,0,0,0,0,0,0,0,0,0,0,0,0,0,0,0,0,0,0.00363240727749457,0,0,0,0,0,0,0,0,0,0,0,0,0,0,0,0,0.00499315069326127,0,0,0,0,0,0.005006264188642915,0,0,0,0,0,0,0,0,0,0,0,0,0,0.003686853582266712,0.003280816301148427,0.003373044648676721,0,0,0,0,0,0,0,0,0,0,0,0,0,0,0,0,0,0,0,0,0,0,0,0,0,0,0,0,0,0,0,0,0,0,0,0.003368627776175147,0,0,0,0,0,0,0,0.003987112202597592,0,0,0,0,0,0,0,0,0,0,0,0,0,0,0,0,0,0,0,0,0,0,0,0,0,0,0,0,0,0,0,0,0,0,0,0,0,0,0,0,0,0,0,0,0,0,0,0,0,0,0,0,0,0,0,0,0,0,0,0,0,0,0,0,0,0,0,0,0,0,0,0,0,0,0,0,0,0,0,0,0,0,0,0,0,0,0,0,0,0,0,0,0,0,0,0,0,0,0,0,0,0,0,0,0,0,0,0,0,0,0,0,0.004353246372188228,0,0.005656493126120895,0,0,0.00290088110177049,0,0,0,0.008133487129100607,0,0,0,0,0,0,0,0,0,0,0,0,0,0,0,0,0,0,0,0,0,0,0,0,0,0,0,0,0,0,0,0,0,0,0,0,0,0,0,0,0,0,0,0,0,0,0,0,0,0,0,0,0,0,0,0,0
0,0,0,0,0.004418293315347095,0,0,0,0,0,0,0.004644577520701762,0,0,0,0,0,0,0,0,0,0,0,0,0,0,0,0,0,0,0,0,0,0,0,0,0,0,0,0,0,0,0,0,0,0,0,0,0,0,0,0,0,0,0,0,0,0,0,0,0.004148821187558306,0,0,0,0,0.004155217752771993,0,0,0,0,0,0,0,0,0,0,0,0,0,0,0,0,0,0,0,0,0,0,0,0,0,0,0,0,0,0,0,0,0,0,0,0,0,0,0,0,0,0,0,0,0,0,0,0,0,0,0,0,0,0,0,0,0,0,0.00406588530257085,0,0,0,0,0,0,0,0.004118127540609084,0,0,0,0,0,0,0,0,0,0,0,0,0,0,0,0.00405004013265799,0,0,0,0.004064576171221948,0,0,0,0,0,0,0,0,0,0,0,0,0,0,0,0,0,0.004119394304668331,0,0,0,0.003662647867307909,0,0.004075547301153878,0.003727212538543054,0,0,0,0,0,0,0,0.003566687562467741,0,0,0,0,0,0,0,0,0,0,0,0,0.003782113932685192,0,0,0,0,0,0,0,0,0,0,0,0,0,0,0,0,0,0,0,0,0,0,0.004077922462675112,0,0,0,0,0.00434280794697864,0,0,0,0,0,0,0,0,0,0,0,0,0,0,0,0,0.004125074188301259,0,0,0.004474424611540904,0,0,0,0,0,0,0,0,0.003683914935134086,0,0,0,0,0,0,0,0,0.004258074128015375,0.005061972310992519,0.004678303876803874,0,0,0,0,0,0,0,0,0,0,0,0,0,0,0,0,0,0,0,0,0,0,0,0,0,0,0,0,0,0,0,0,0,0,0,0,0,0,0,0,0,0,0,0,0,0,0,0,0,0,0,0,0,0,0,0,0,0,0,0,0,0,0,0,0,0,0,0,0,0,0,0.004341650865841856,0,0,0,0,0,0,0,0,0,0,0,0,0,0,0,0,0,0,0,0,0,0,0,0,0,0,0,0,0,0,0,0,0,0,0,0,0,0,0,0.004107870029149989,0,0,0,0,0.004566947262523555,0,0,0,0,0,0,0,0,0,0,0,0,0,0,0,0,0,0,0,0,0,0,0,0,0,0,0,0,0,0,0,0,0,0,0,0,0,0,0,0,0,0,0,0
0,0,0,0,0.004376568055020496,0,0,0,0,0,0,0.004627631129163797,0,0,0,0,0,0,0,0,0,0.004599855732400701,0,0,0,0,0,0,0,0,0,0,0,0,0.004478498969468373,0.004482036185762586,0,0,0,0,0,0,0,0,0,0,0,0,0,0,0,0,0,0,0,0,0,0,0,0,0.004635647669718104,0,0,0,0,0.004941072648986333,0,0,0,0,0,0,0,0,0,0,0,0,0,0,0,0,0,0,0,0,0,0,0,0,0,0,0,0,0,0,0,0,0,0,0,0,0,0,0,0,0,0,0,0,0,0,0,0,0,0,0,0,0,0,0,0,0,0,0.004852065295387497,0,0,0,0,0,0,0,0.004225314931421587,0,0,0,0,0,0,0,0,0,0,0,0,0,0.004287803572382957,0,0.00494978836801035,0,0,0,0.004850135513145484,0,0,0,0,0,0,0,0,0,0,0,0,0,0,0.004968443026341106,0,0,0.005260489374058638,0,0,0,0,0,0,0,0,0,0,0,0,0,0,0,0,0,0,0,0,0,0,0,0,0,0,0,0,0,0,0,0,0,0,0,0,0,0,0,0,0,0,0,0,0,0,0,0,0,0.007097253599709204,0.004569444020354804,0,0,0,0.00434280794697864,0,0.004707214666279539,0.005105081958984101,0,0,0,0,0,0,0,0,0,0,0,0,0,0,0,0,0,0.004545360817355105,0,0,0,0,0,0,0,0,0,0,0,0,0,0,0,0,0,0,0.004676849717535231,0,0,0,0,0,0,0,0,0,0,0,0,0,0,0,0,0,0,0,0,0,0,0,0,0,0,0,0,0,0,0,0,0,0,0,0,0,0,0,0,0,0,0,0,0,0,0,0,0,0,0,0,0,0,0,0,0,0,0,0,0,0,0,0,0,0,0,0,0,0,0,0,0.004241045561614487,0,0,0,0,0,0,0,0,0,0,0,0,0,0,0.004303731480733425,0.004313393312466451,0,0,0,0,0,0,0,0,0,0,0,0,0,0,0,0,0,0,0,0,0.004664080590323788,0,0,0.004719895354677674,0,0,0,0,0.00485345243185121,0,0,0,0,0,0,0,0,0,0,0,0,0,0,0,0,0,0,0,0,0,0,0,0,0,0,0,0,0,0,0,0,0,0.004900196200492554,0,0.004850317347211103,0,0,0,0,0,0,0,0
0,0,0,0,0.004466950210309217,0,0,0,0,0,0,0,0,0,0,0,0,0,0,0,0,0,0,0,0,0,0,0,0,0,0,0,0,0,0,0,0,0,0,0,0,0,0,0,0,0,0,0,0,0,0,0,0,0,0,0,0,0,0,0,0.00492720248426705,0,0,0,0,0.004678495773317281,0,0,0,0,0,0,0,0,0,0,0,0,0,0,0,0,0,0,0,0,0,0,0,0,0,0,0,0,0,0,0,0.004845609391825927,0,0,0,0,0,0,0,0,0,0,0,0,0,0,0,0,0,0,0,0,0,0,0,0,0,0,0.004778620949851231,0,0,0,0,0,0,0,0,0,0,0,0,0,0,0,0,0,0,0,0,0,0,0,0.004634838260980802,0,0,0,0.004776925466553486,0.004850870571695886,0,0,0,0,0,0,0,0,0,0,0,0,0,0,0,0,0.004441350129482949,0,0,0,0,0,0,0,0,0,0,0,0,0,0,0,0,0,0,0,0,0,0,0,0,0,0,0,0,0,0,0,0,0,0,0,0,0,0,0,0,0.004574554970404738,0,0,0,0,0,0,0,0,0,0.005092594827056957,0,0,0,0,0.004707214666279539,0,0.00878676860005909,0,0,0,0,0,0,0,0,0,0,0,0,0,0,0,0,0,0.005393092773034533,0,0,0,0,0,0,0,0,0,0,0,0,0,0,0,0,0,0,0.004805054582343182,0,0,0,0.004896086156703011,0,0,0,0,0,0,0,0,0,0,0,0,0,0,0,0,0.00489046006797122,0,0,0,0,0,0,0,0,0,0,0,0,0,0,0,0,0,0,0,0,0,0,0,0,0,0,0,0,0,0,0,0,0,0,0,0,0,0,0,0,0,0,0,0,0,0,0,0,0,0,0,0.004555758043612149,0,0,0,0,0,0,0,0,0,0,0,0,0,0,0,0,0,0.005292095763019842,0.004884792449621594,0,0,0,0,0,0,0,0,0,0,0,0,0,0,0,0,0,0,0,0,0.004470858315471388,0,0,0,0,0.004732592731045841,0,0,0,0,0,0,0,0,0,0,0,0,0,0,0,0,0,0,0,0,0,0,0,0,0,0,0,0,0,0,0,0,0,0.009259700207037381,0,0.009313301272253818,0,0.00485119788964143,0.004866982709282978,0,0.004694651761121557,0,0,0.004896277302599904
0,0,0,0.005156172414472136,0,0,0,0,0,0,0,0,0,0,0,0,0,0,0,0,0,0,0,0,0,0,0,0,0,0,0,0,0,0,0,0,0,0,0,0,0,0,0,0,0,0,0,0,0,0,0,0,0,0,0,0,0,0,0,0,0.005228441515442822,0,0,0,0,0.005793134387005641,0,0,0,0,0,0,0,0,0,0,0,0,0,0.005786386648286868,0,0,0,0,0,0,0,0,0,0,0,0,0,0,0.005966657487002048,0,0,0.006267344588943411,0,0,0,0,0,0,0,0,0,0,0,0,0,0,0,0,0,0,0,0,0,0,0,0,0,0,0.004923494804420076,0,0,0,0,0,0,0,0.004678932275774728,0.005901349930583518,0,0,0,0,0,0,0,0,0,0,0,0,0,0,0.005710036558571102,0,0,0,0.004921590125317354,0.006268823660964403,0,0,0,0,0,0,0,0,0,0,0,0,0,0.005848046950817973,0,0,0.004691423305622382,0,0,0,0,0,0,0,0,0,0,0,0,0,0,0,0,0,0,0,0,0,0,0,0,0,0,0,0,0,0,0,0,0,0,0,0,0,0,0,0,0.005884229362252686,0,0,0,0,0,0,0,0,0,0,0,0,0,0,0.005105081958984101,0.00878676860005909,0,0,0,0,0,0,0,0,0,0,0,0,0,0,0,0,0,0,0.004841656530262277,0,0,0,0,0,0,0,0,0,0,0,0,0,0,0,0,0,0,0,0,0,0,0.006309004684216927,0,0,0,0,0,0,0,0,0,0,0,0,0,0,0,0,0.006306290019616108,0,0,0,0,0,0,0,0,0,0,0,0,0,0,0,0,0,0,0,0,0,0,0,0,0,0,0,0,0,0,0,0,0,0,0,0,0,0,0,0,0,0,0,0,0,0,0,0,0,0,0,0,0,0,0,0,0,0,0,0,0,0,0,0,0,0,0,0,0,0.006352272042272239,0.006299256787216678,0,0,0,0,0,0,0,0,0,0,0,0,0,0,0,0,0,0,0,0,0.004839656910013841,0,0,0,0,0.004969127524743065,0,0,0,0,0,0,0,0,0,0,0,0,0,0,0,0,0,0,0,0,0,0,0,0,0,0,0,0,0,0,0,0,0,0.01047414987906129,0,0.01042617915232684,0,0.006271188033601277,0.006285154538560012,0,0.006151506412941181,0,0,0.006309198081097776
0,0,0,0,0,0.003174465664755748,0,0,0,0,0,0,0,0,0.003485580065701711,0,0,0,0,0,0,0,0,0,0,0.004027162567852718,0,0,0,0,0,0,0,0.005531902053393553,0,0,0,0,0,0,0,0,0,0,0,0.005216318538328733,0,0,0,0,0,0,0,0,0,0,0,0,0,0,0,0,0,0,0,0,0,0,0.003014847426219536,0,0.004541459529929954,0,0,0,0,0,0.003384110285852587,0.003030537993570098,0,0,0,0,0,0,0,0,0,0.003618736351449032,0,0,0,0,0,0,0,0,0,0,0,0,0,0,0,0,0,0,0,0,0,0,0,0,0,0,0,0,0,0.005285681042717043,0,0,0,0,0,0,0,0.003818673197261652,0,0,0,0,0,0,0,0,0,0.004436884599508526,0,0,0,0,0,0,0,0,0,0,0,0,0,0,0,0,0,0,0,0,0,0,0,0,0,0,0,0,0,0,0,0,0,0,0,0,0,0,0,0,0,0,0,0,0,0,0,0,0,0,0,0,0,0.004015728425770687,0,0,0,0.004072740665988402,0,0,0.003708451348468944,0,0,0,0,0,0,0,0,0,0.003815998498941557,0,0.003923351985384426,0,0,0,0,0,0.00387285209753075,0,0,0,0,0,0,0,0,0,0,0,0,0,0,0,0,0,0.004738007423187553,0,0,0,0,0,0,0,0,0,0,0,0.005343914932108195,0,0,0,0,0,0.004374433828618218,0,0.003884119290012206,0,0,0,0,0,0,0,0,0,0,0,0,0,0,0,0,0,0,0,0,0,0,0,0,0,0,0,0,0,0.00288191975472286,0,0,0,0,0,0,0,0,0,0,0,0,0,0,0,0,0,0,0,0,0,0,0,0,0,0,0,0,0,0,0,0,0,0,0,0,0,0,0,0,0,0,0,0,0,0,0,0,0,0,0,0,0,0,0,0,0,0,0,0,0,0,0,0,0,0,0,0,0,0,0,0,0,0,0,0,0,0,0,0,0,0,0,0,0,0,0,0,0,0,0,0,0.004810586129949975,0,0,0,0,0,0,0,0,0,0,0,0,0,0,0,0,0,0,0,0,0,0,0,0,0,0,0,0,0,0,0,0,0,0,0,0,0,0,0,0,0,0,0,0,0,0,0,0,0,0,0,0
0,0,0,0,0,0,0,0,0,0,0,0,0,0,0,0,0,0.007727542770954755,0,0.005133964060298749,0,0,0,0,0,0,0,0,0,0,0,0,0,0,0,0,0,0,0,0,0,0.003280852892364852,0,0,0,0,0,0,0,0,0,0,0.003508489564057447,0,0,0,0,0,0,0,0,0,0,0,0,0,0,0,0,0,0,0.004351823166771543,0,0,0,0,0,0,0,0,0,0,0,0,0,0.004325351542461522,0,0,0,0,0.003001038049062538,0.003978534628340393,0.007769922033377368,0,0,0,0,0,0,0,0,0,0,0,0,0,0.002933767918147983,0,0,0,0,0,0,0,0,0,0,0,0,0,0,0,0,0,0,0,0,0,0,0,0,0,0,0,0,0,0,0,0,0,0,0,0,0,0,0,0,0,0,0,0,0,0,0,0,0,0,0.004259679262827314,0,0,0,0,0,0,0,0,0,0,0,0,0,0,0,0,0,0,0,0,0,0,0,0,0,0,0,0,0.003922686330172379,0,0,0,0,0,0,0,0,0,0,0,0,0.00573953975798171,0,0,0,0,0,0,0,0.004902256916397091,0,0,0,0,0,0,0,0,0,0,0,0,0,0,0,0,0,0,0,0,0,0,0,0,0,0,0,0,0,0,0,0,0,0,0,0,0,0,0,0,0,0,0,0,0,0,0,0,0,0,0,0,0,0.003619166541189106,0,0.003082449132596641,0,0,0,0,0,0,0,0,0,0,0,0,0,0,0,0,0,0.004718484650416447,0,0.00380458069377886,0,0,0,0,0,0,0,0,0,0,0,0,0,0,0,0,0,0,0,0,0,0,0,0,0,0,0,0,0,0,0,0,0,0,0,0,0,0,0,0,0,0,0,0,0,0,0,0,0,0,0,0,0,0,0,0,0,0,0,0,0,0,0,0,0,0,0,0,0,0,0,0,0,0,0,0,0,0,0,0,0.002912385904109175,0,0,0,0,0.003694040790490249,0,0,0,0,0,0,0,0,0,0,0,0,0,0,0.003008041344668029,0,0,0,0,0.002707302184822035,0,0,0,0,0,0,0,0,0,0,0,0,0,0,0,0,0,0,0,0.00327320938700753,0,0,0.005454122774470768,0.005252874538921707,0.006843883859367865,0,0,0,0,0,0,0,0,0,0,0,0,0
0,0,0,0,0,0,0,0,0,0,0,0,0,0.00401038652199795,0,0,0,0,0,0,0,0,0,0.005796901029320812,0,0,0,0.006534508129764614,0,0,0,0,0.004554471373332083,0,0,0.00656986354619052,0,0,0,0,0,0,0,0,0,0,0.007008224292367481,0,0,0.006661542656954412,0,0,0,0,0,0,0,0,0,0,0,0,0,0,0,0,0,0,0,0,0,0,0,0,0,0,0,0,0.005715827808904691,0,0,0,0.005938473102555991,0.006852541120133131,0,0,0,0,0.005799254713350214,0.005747272316870417,0,0,0,0,0,0,0,0,0,0,0,0,0,0,0,0,0,0,0,0,0,0,0,0,0,0,0,0,0,0,0,0,0,0,0,0,0.006014378712561146,0,0,0,0.006729222586588335,0,0,0,0,0,0,0,0,0,0,0,0,0,0.006142691470725448,0,0,0,0,0,0,0,0,0,0,0,0,0,0,0,0,0,0,0,0,0.003270281108776721,0,0,0,0,0,0,0,0,0,0,0,0,0,0,0,0,0.003750753987089177,0,0,0,0,0,0.002817719865973958,0,0,0,0,0,0,0,0,0,0,0,0,0,0,0,0,0,0,0,0,0,0,0,0,0,0,0,0,0,0,0,0,0,0,0,0,0,0,0,0,0,0,0,0,0,0,0,0,0,0,0,0,0,0,0,0,0,0,0,0.005370619591008526,0,0,0,0,0,0.005667720220709091,0,0,0,0,0,0,0,0,0,0,0,0,0,0,0,0,0,0,0,0,0,0,0,0,0,0,0,0,0,0,0,0,0,0,0,0,0,0,0,0,0,0,0,0,0,0,0,0,0,0,0,0,0,0,0,0,0,0,0,0,0,0,0,0,0,0,0,0,0,0,0,0,0,0,0,0,0,0,0,0,0,0,0,0,0,0,0,0,0,0,0,0,0,0,0,0,0,0,0,0,0,0,0,0,0,0,0.002731804258812069,0.004931380208580536,0.003061703890541284,0,0,0,0,0,0,0,0,0,0,0,0,0,0.006140327559598559,0,0,0.003552724116933744,0,0,0,0,0,0,0,0,0,0,0,0,0,0,0,0,0,0,0,0,0,0,0,0,0,0,0,0,0,0,0,0,0,0,0,0,0,0,0,0,0,0,0,0,0,0,0
0,0,0,0,0,0,0,0,0,0,0,0,0,0,0,0,0,0,0,0,0,0,0,0,0,0.002471784142448388,0,0,0,0,0,0,0,0.004921122536947766,0,0,0,0,0,0,0,0,0,0,0,0.003593199666668918,0,0,0,0,0,0,0,0,0,0,0,0,0,0,0,0,0,0,0,0,0,0,0,0,0.004667564513293858,0,0,0,0,0,0,0.005799884756758633,0,0,0,0,0,0,0,0,0,0.003706824686823363,0,0,0,0,0,0,0,0,0,0,0,0,0,0,0,0,0,0,0,0,0,0,0,0,0,0,0,0,0,0.005338911350582015,0,0,0,0,0,0,0,0,0,0,0,0,0,0,0,0,0,0,0,0,0,0,0,0,0,0,0,0,0,0,0,0,0,0,0,0,0,0,0,0,0,0,0,0,0,0,0,0,0,0,0,0,0,0,0,0,0,0,0,0,0,0,0,0,0,0,0,0,0,0,0,0.006668879890064284,0,0,0,0.006287183890955327,0,0,0.006299022199615315,0,0,0,0,0,0,0,0,0,0,0,0.004862624585815692,0,0,0,0,0,0.006993347957047757,0,0,0,0,0,0,0,0,0,0,0,0,0,0,0.004738007423187553,0,0,0,0,0,0.003941811163574655,0,0,0,0,0,0,0,0,0.006151816487423332,0,0,0,0,0,0.004621133849504235,0,0.006675783988503079,0,0,0,0,0,0,0,0,0,0,0,0,0,0,0,0,0,0,0,0,0,0,0,0,0,0,0,0,0,0.002991351886703784,0,0,0,0,0,0,0,0,0,0,0,0,0,0,0,0,0,0,0,0,0,0,0,0,0,0,0,0,0,0,0,0,0,0,0,0,0,0,0,0,0,0,0,0,0,0,0,0,0,0,0,0,0,0,0,0,0,0,0,0,0,0,0,0,0,0,0,0,0,0,0,0,0,0,0,0,0,0,0,0,0,0,0,0,0,0,0,0,0,0,0,0,0.003949848956481975,0,0,0,0,0,0,0,0,0,0,0,0,0,0,0,0,0,0,0,0,0,0,0,0,0,0,0,0,0,0,0,0,0,0,0,0,0,0,0,0,0,0,0,0,0,0,0,0,0,0,0,0
0.003998554496790434,0.003443873302662472,0,0,0,0,0,0,0,0,0.005009456221422763,0,0,0,0,0.003601557635876123,0,0,0,0,0.003758063641330655,0,0,0,0,0,0,0,0,0,0,0,0,0,0,0,0.004129209809629969,0,0,0.005669088456172295,0.004460177200174109,0,0,0,0,0,0,0,0,0,0,0,0,0,0,0,0,0,0,0,0,0,0,0,0,0,0,0,0,0.005183240452429873,0,0,0,0,0,0,0,0,0,0,0,0,0,0,0,0,0,0,0,0,0,0,0,0.004204263546992112,0,0,0.004204735375466322,0,0,0,0,0,0,0,0,0,0,0,0,0,0,0,0,0,0,0,0,0,0,0,0,0,0,0,0,0,0,0,0,0,0,0,0,0,0,0,0,0,0,0,0,0,0,0,0,0,0,0,0,0,0,0,0,0,0,0,0,0,0,0,0,0,0,0,0,0,0,0,0,0.003898963483202652,0,0,0,0,0,0,0,0,0,0,0,0,0,0,0,0,0,0,0,0,0,0,0.004545530919617176,0,0,0,0,0.005712791906121343,0,0,0,0,0.003882189605482363,0.003835229211558302,0,0,0,0,0,0,0,0,0,0.003818237579007434,0,0,0,0,0,0,0,0,0,0,0,0,0,0,0,0,0,0,0,0,0,0,0,0,0,0.006331187876458578,0.004503864885144731,0,0,0,0,0,0,0,0,0,0,0,0,0,0,0,0,0,0,0,0,0,0,0,0,0,0,0,0,0,0,0,0,0,0,0,0,0,0,0,0,0,0,0,0.006990674366576704,0,0,0,0,0,0,0,0,0,0,0,0,0,0,0,0,0,0,0,0,0,0,0,0,0,0,0,0,0,0,0,0,0,0,0,0,0,0,0,0,0,0,0,0,0.006848260349256298,0.006858456902209499,0.004913814904112474,0,0,0,0,0,0,0,0,0,0,0,0,0,0,0,0,0,0,0,0,0,0,0,0,0,0,0,0,0,0,0,0,0.004065743633142855,0,0,0,0,0,0,0,0,0,0,0,0,0,0,0,0,0,0,0,0.004391799290036205,0,0,0,0.004950456585347525,0.005450126723580489,0.00512383568380472,0,0,0,0,0,0,0,0,0,0,0,0,0,0,0,0,0,0,0,0,0.00601752690770734,0,0,0,0,0,0,0,0,0,0,0,0,0,0,0,0
0,0,0,0,0,0,0,0,0,0,0,0,0,0,0,0,0.004839523770914315,0,0,0,0,0,0,0,0,0,0,0,0,0,0,0,0,0,0,0,0,0,0,0,0,0,0,0,0,0,0,0,0,0,0,0,0,0,0,0,0,0,0,0,0,0,0,0,0,0,0,0,0,0,0,0,0,0,0,0.005037601667974092,0,0,0,0,0,0,0,0,0,0,0,0,0,0,0,0,0,0,0,0.005111216375871542,0,0,0,0,0,0,0,0,0.004401448956829097,0,0,0,0,0,0,0,0,0,0,0,0,0,0,0,0.004429549734257989,0,0,0,0,0,0,0,0,0.00423157196005529,0,0,0,0,0,0,0,0,0,0,0,0,0,0,0,0,0,0,0,0,0,0,0,0,0,0.006147961788970559,0,0,0,0.004337368673848196,0,0.005287275788339112,0.00428475465238087,0,0,0,0,0,0,0,0,0,0,0,0,0.004864898670089952,0,0,0,0,0,0,0,0,0,0,0,0,0,0,0,0.005398492975224416,0,0,0,0,0,0,0,0,0,0,0,0,0,0,0,0,0,0,0,0,0.004313497264766285,0,0,0,0,0,0,0,0,0,0,0.005412017932952559,0,0,0,0,0,0,0,0,0,0,0,0,0,0,0,0,0,0,0,0,0,0,0,0,0,0,0,0,0,0,0,0,0,0.004241256896645802,0,0,0,0,0,0,0,0,0,0,0,0,0,0,0.004289890274537855,0,0,0,0,0,0,0,0,0,0,0,0,0,0,0,0,0,0.004340401508786808,0.004531250598341301,0.004343143447386549,0.004180476517352602,0.00435543966249319,0.004594099469137874,0.004343143447386547,0,0,0,0,0,0,0,0,0,0,0,0,0,0,0,0,0,0,0,0,0,0,0,0,0,0,0,0,0,0,0,0,0,0,0,0.004331536098152742,0.004341590295385315,0.004508786679708947,0.004163430417358291,0.004531250598341301,0,0,0,0,0,0,0,0,0,0,0,0,0,0,0.004417430585382753,0,0,0,0,0,0,0,0,0.005417604684013879,0,0,0,0,0,0,0,0,0,0,0,0,0,0,0,0,0,0,0,0,0,0,0,0,0,0,0,0,0,0,0,0,0,0,0,0,0,0,0,0,0,0,0,0,0,0,0,0,0,0,0,0,0,0,0,0,0,0,0,0,0,0,0,0,0,0,0
0,0,0,0,0,0,0,0,0,0,0,0,0,0,0,0,0,0,0,0,0,0,0.003992692768581099,0,0,0,0,0,0,0,0,0,0,0.003129670724755868,0,0,0,0,0,0,0,0,0,0,0,0,0,0,0,0,0,0,0,0,0,0,0,0,0,0,0,0,0,0,0,0,0,0,0,0,0.003030888875104112,0,0,0,0,0,0,0.00360642162058528,0,0,0,0,0,0,0,0,0,0,0,0,0,0,0,0,0,0,0,0,0,0,0,0,0,0,0,0,0,0,0,0,0,0,0,0,0,0,0,0,0,0,0,0,0,0,0,0,0,0,0,0,0,0,0,0,0,0,0,0,0,0.003594270021070958,0,0,0,0,0,0,0,0,0,0,0.003676044373598162,0,0,0,0,0,0,0,0,0,0,0,0,0.004291040997193301,0,0,0,0,0,0,0,0,0,0,0,0,0,0,0,0,0,0,0,0,0,0,0,0,0,0.004590092734081621,0,0,0,0.003346885782523173,0,0,0.002788455401735694,0,0,0,0,0,0,0,0,0,0,0,0.002417986589504148,0,0,0,0,0,0.004756509690868968,0,0,0,0,0,0,0,0,0,0,0,0,0,0,0,0,0,0.003941811163574655,0,0,0,0,0,0,0,0,0,0,0,0,0,0,0,0,0,0.002157643819567021,0,0.004796502884542344,0,0,0,0,0,0,0,0,0,0,0,0,0,0,0,0,0,0,0,0,0,0,0,0,0,0,0,0,0,0.002729642350821478,0,0,0,0,0,0,0,0,0,0,0,0,0,0,0,0,0,0,0,0,0,0,0,0,0,0,0,0,0,0,0,0,0,0,0,0,0,0,0,0,0,0,0,0,0,0,0,0,0,0,0,0,0,0,0,0,0,0,0,0,0,0,0,0,0,0,0,0,0,0,0,0,0,0,0,0,0,0,0,0,0,0,0,0,0,0,0,0,0,0,0,0,0,0,0,0,0,0,0,0,0,0,0,0,0,0,0,0,0,0,0,0,0,0,0,0,0,0,0,0,0,0,0,0,0,0,0,0,0,0,0,0,0,0,0,0,0,0,0,0,0.003191797673308692,0,0,0,0
0,0,0,0,0,0,0,0,0,0,0,0,0,0,0,0,0,0,0,0,0,0,0,0,0,0,0,0,0,0,0,0,0,0,0,0,0,0,0,0,0,0,0,0,0,0,0,0,0,0,0,0,0,0,0,0,0,0,0,0,0,0,0,0,0,0,0,0,0,0,0,0,0,0,0,0,0,0,0,0,0,0,0,0,0,0,0,0,0,0,0,0,0,0,0,0,0,0,0,0,0,0,0,0,0,0,0,0,0,0,0,0,0,0,0,0.007402902308352971,0,0,0,0,0,0,0,0,0,0,0,0,0,0,0,0,0,0,0,0,0,0,0,0,0,0,0,0,0,0,0,0,0,0,0,0,0,0,0,0,0,0,0,0,0,0,0,0,0,0,0,0,0,0,0,0,0,0,0.005893394890617693,0,0.003661475935897454,0.005882826341929669,0,0,0,0,0,0,0.005715459466772687,0.005985025410697748,0,0,0,0,0,0,0,0,0,0,0,0,0.00583398682396543,0,0,0,0,0,0,0,0,0,0,0,0,0,0,0,0,0,0,0,0,0,0,0,0,0,0,0,0,0,0,0,0,0,0,0,0,0,0,0,0,0,0,0,0,0,0,0.005030851688627913,0,0.005627189058566846,0,0,0,0,0,0,0,0,0,0,0,0,0,0,0,0,0.00358832466248267,0,0.004843049453798196,0,0,0,0,0.005208704047613925,0,0,0,0,0,0,0,0,0,0,0,0,0,0,0,0,0,0,0,0,0,0,0,0,0,0,0,0,0,0,0,0,0,0,0,0,0,0,0,0,0,0,0,0,0,0,0,0,0,0,0,0,0,0,0,0,0,0,0,0,0,0,0,0,0,0,0,0,0,0,0,0,0,0,0,0,0,0.006599475129693631,0.00691040052572594,0,0,0,0,0,0,0,0,0,0,0,0,0,0,0,0,0,0,0,0,0,0,0,0,0,0,0,0.003684990784416066,0,0,0,0,0.003455613819470919,0,0,0,0,0,0,0,0,0,0,0,0,0,0,0,0,0,0,0,0,0,0,0,0,0,0,0,0,0,0,0,0,0,0,0,0,0,0,0,0,0,0,0,0
0,0,0.005647135720940609,0,0,0,0,0,0,0,0,0,0,0,0,0,0,0,0.005129010773285093,0,0,0,0,0,0,0,0,0,0,0,0,0,0,0,0,0,0,0,0,0.003917529050153305,0.004268890393892468,0,0,0,0,0,0,0,0,0,0.005156946369866776,0,0,0,0,0,0,0.005072046658559303,0,0,0,0,0,0,0,0,0,0,0,0,0,0,0,0,0,0,0,0,0.005163690371676039,0,0,0,0,0,0,0,0,0,0,0,0,0,0,0,0,0,0,0,0,0,0,0,0,0,0.00305207391793423,0,0,0,0,0,0,0,0.004850005037810629,0,0,0,0,0,0,0,0,0,0.002899404587633749,0,0,0,0,0,0,0,0,0,0,0,0,0,0,0,0.005135807250292898,0,0,0,0.005142371950735834,0.004615619053802974,0,0,0,0,0,0,0,0,0,0,0,0,0,0,0,0,0,0,0,0,0,0,0,0.00511452757586719,0.00514024447199136,0,0,0,0,0,0,0,0,0,0,0,0,0,0,0,0,0,0,0,0,0,0,0,0,0,0,0,0,0,0,0,0.005781972812050528,0,0,0,0,0,0,0.005165769852168172,0,0,0.006684018843526972,0,0.002936498597242804,0.003719369637756186,0,0,0,0,0,0,0,0,0,0,0,0,0,0,0,0,0,0,0,0,0,0,0,0,0,0,0,0,0,0,0,0,0,0,0,0,0,0,0,0,0,0,0,0,0,0.005163864603636146,0,0,0,0,0,0,0,0,0,0,0,0,0,0,0,0,0,0,0,0,0,0,0,0,0,0,0,0,0,0,0,0,0,0,0,0,0,0,0,0,0,0,0,0,0,0,0,0,0,0,0,0,0,0,0,0,0,0,0,0,0,0,0,0,0,0,0,0,0,0,0,0,0,0,0,0,0,0,0,0,0,0,0,0,0,0,0,0,0,0,0,0,0,0,0,0,0,0,0,0.004021503414926766,0,0,0,0,0,0,0,0,0,0.003080888879102187,0,0,0,0,0,0,0,0.005183551710021606,0,0,0,0.005147773503168255,0,0,0,0,0,0,0,0,0,0,0,0,0,0,0,0,0,0,0,0,0,0,0,0,0,0,0,0.002944493395212227,0,0,0,0,0,0,0,0,0,0,0,0,0,0,0,0,0,0
0,0,0,0,0,0,0.005812824035412048,0,0,0,0,0,0,0,0,0,0,0,0,0,0,0.004362584307995321,0,0,0,0,0,0,0,0,0.007195851008445691,0,0,0,0.007531107878528835,0,0,0,0.003322183208790289,0,0,0,0,0,0,0,0,0,0,0,0,0,0,0,0,0.003738333621415724,0,0,0,0,0,0,0,0,0,0,0,0,0,0,0,0.005517512945694797,0.007792182477773218,0,0,0,0,0,0,0,0,0,0,0,0,0,0,0,0,0,0,0,0.003169749976980924,0,0,0,0,0,0,0,0,0,0,0,0,0,0,0,0,0.008406320544942697,0.007673317711200963,0,0,0,0,0,0,0,0,0,0,0.008387040921288119,0,0,0,0.003170268452901995,0,0,0,0,0,0,0,0,0,0,0,0,0,0,0,0,0,0,0,0,0,0,0,0,0,0,0,0,0,0,0.004086855339395561,0,0,0,0,0,0,0,0,0,0.006255997785883542,0,0,0,0,0,0,0,0,0,0,0,0,0,0,0,0,0,0,0,0,0,0,0,0,0,0,0,0,0,0,0,0,0,0,0,0,0,0,0,0,0,0,0.006458367442409506,0,0,0,0,0,0,0,0,0,0,0,0,0,0,0,0,0,0,0,0,0,0,0,0,0,0,0,0,0,0,0,0,0,0,0,0,0,0,0,0,0,0,0,0,0,0,0,0,0,0,0.009747460130972774,0,0,0,0,0,0,0,0,0,0,0,0,0,0,0,0,0,0,0,0,0,0,0,0,0,0,0,0,0,0,0,0,0,0,0,0,0,0,0,0,0,0,0,0,0,0,0,0,0,0,0,0,0,0,0,0,0,0,0,0,0,0,0,0,0,0,0,0,0,0,0,0,0,0,0,0,0,0,0,0,0,0,0,0,0,0,0,0,0,0,0,0,0,0,0,0,0,0,0,0,0,0,0,0,0,0,0,0,0,0,0,0,0,0,0,0,0,0,0,0,0,0,0,0,0,0,0,0,0,0,0,0,0,0,0,0,0,0,0,0,0,0,0,0,0,0,0,0,0,0,0,0,0,0,0,0,0,0,0,0,0,0,0,0,0,0,0
0.00420871981439562,0.004798847254081143,0,0,0,0,0,0,0,0,0.005328670397589609,0,0,0,0,0.00385487150690188,0,0,0,0,0,0,0,0,0,0,0,0,0,0,0,0,0,0,0,0,0.003913747873987413,0,0,0.005868525039005174,0.004988681038850678,0,0,0,0,0,0,0,0,0,0,0,0,0,0,0,0,0,0,0,0,0,0,0,0,0,0,0,0,0.007130721335920237,0,0,0,0,0,0,0,0,0,0,0,0,0,0,0,0,0,0,0,0,0,0,0,0.004644696186581964,0,0,0.004007597079327076,0,0,0,0,0,0,0,0,0,0,0,0,0,0,0,0,0,0,0,0,0,0,0,0,0,0.004196009605592774,0.003282711992103501,0,0,0,0,0,0,0,0,0,0,0,0,0,0,0,0,0,0,0,0,0,0,0,0,0,0,0,0,0,0,0,0,0,0,0,0,0,0,0,0,0,0,0,0,0,0,0,0,0,0,0,0,0,0,0,0,0,0,0,0,0,0,0,0,0,0,0,0,0.004193993178114603,0,0,0.003309667535914986,0,0.006455802955299211,0,0,0,0,0.004448518865208815,0.004823546123290922,0,0,0,0,0,0,0,0,0,0,0,0,0,0,0,0,0,0,0,0,0,0,0,0,0,0,0,0,0,0.006331187876458578,0,0,0,0,0,0,0.004005509652870123,0,0,0,0,0,0,0,0,0,0,0,0,0,0,0,0,0,0,0,0,0,0,0,0,0,0,0,0,0,0,0,0,0,0,0,0,0,0,0,0,0,0,0,0.006664226170175137,0,0,0,0,0,0,0,0,0,0,0,0,0,0,0,0,0,0,0,0,0,0,0,0,0,0,0,0,0,0,0,0,0,0,0,0,0,0,0,0,0,0,0,0,0.005997548575503612,0.006006630271536343,0.003498822573688496,0,0,0,0,0,0,0,0,0,0,0,0,0,0,0,0,0,0,0,0,0,0,0,0,0,0,0,0,0,0,0,0,0,0,0,0,0,0,0,0,0,0,0,0,0,0,0,0,0,0,0,0,0,0,0,0,0,0,0,0,0,0,0,0,0,0,0,0,0,0,0,0,0,0,0,0,0,0,0,0.003036509000643805,0,0,0,0,0,0,0,0,0,0,0,0,0,0,0,0
0.007461182067382356,0.006454519478500849,0,0.006538616840538273,0,0,0,0,0,0,0.006898858868841353,0,0,0,0,0.007093575090847983,0,0,0,0,0.004019470481575783,0,0,0,0,0,0,0,0,0,0,0,0,0,0,0,0.006238345456933676,0,0,0.003645806897908047,0.00483308691299617,0,0,0,0,0,0,0,0,0,0,0,0,0,0,0,0,0,0,0,0,0,0,0,0,0,0,0,0,0.005381939940766725,0,0,0,0,0,0,0,0,0,0,0,0.003750488945316758,0,0,0,0,0,0,0,0,0.004403289752949242,0,0,0.007647343768458275,0,0.003545169019196056,0.007491332008898774,0,0,0,0,0,0,0,0,0,0.00313432012784216,0,0,0,0,0,0,0,0,0,0,0,0,0,0,0,0,0,0,0,0,0,0,0,0,0,0,0,0,0,0,0,0,0,0,0,0,0,0,0,0,0,0,0,0,0,0,0,0,0,0,0,0,0,0,0,0,0,0,0,0,0,0,0,0,0,0,0,0,0,0,0,0,0,0,0,0,0,0,0,0,0,0,0,0,0,0.005886045434507492,0,0,0,0,0.004017166597179365,0,0,0,0,0.006916944744392883,0.00662203687495394,0,0,0,0,0,0,0,0,0,0.005597332674509025,0,0,0,0,0,0,0,0,0,0,0.003368627776175147,0,0,0,0,0,0,0,0,0.004503864885144731,0,0,0,0,0,0.004005509652870123,0,0,0,0,0,0,0,0,0,0,0,0,0,0,0,0,0,0,0,0,0,0,0,0,0,0,0,0,0,0,0,0,0,0,0,0,0,0,0,0,0,0,0,0,0.005261699391606459,0,0,0,0,0,0,0,0,0,0,0,0,0,0,0,0,0,0,0,0,0,0,0,0,0,0,0,0,0,0,0,0,0,0,0,0,0,0,0,0,0,0,0,0,0,0,0.003321558348076837,0,0,0,0,0,0,0,0,0,0,0,0,0,0,0,0,0,0,0,0,0,0,0,0,0,0,0,0,0,0.004772276628976325,0,0,0,0,0,0,0,0,0,0,0,0,0,0,0,0,0,0,0,0,0,0,0,0,0,0,0,0,0,0,0,0,0,0,0,0,0,0,0,0,0,0,0,0,0,0,0,0,0,0.004472840152213587,0,0,0,0,0,0,0.005457427332765063,0,0,0,0,0,0.004331570276056908,0,0,0
0,0,0,0,0,0,0,0.005666870616647501,0.005303103318628267,0,0,0,0,0,0,0,0,0,0,0,0,0,0,0,0,0,0,0,0.004285854214621049,0,0,0,0.004085984930380732,0,0,0,0,0,0,0,0,0.003808024045415291,0,0,0,0,0,0,0,0,0,0.004792117962847347,0,0,0.005126162348305282,0,0.00512240274392133,0,0.005413940059551758,0,0,0,0,0,0,0,0,0.005129260609548358,0,0,0,0,0,0,0.005355532596527702,0,0,0,0,0,0,0,0,0.005001797731818301,0,0,0.002982338304342458,0,0,0,0,0,0,0,0,0,0,0,0,0,0,0,0,0,0,0,0,0,0,0,0,0,0,0,0,0,0,0,0,0,0,0,0,0,0,0,0.003272383441357661,0.005251046301572641,0,0,0,0,0,0,0.004580782400322062,0,0,0,0,0,0,0,0,0,0,0,0.005174382928591501,0,0,0.005230977105233473,0,0.006908347148230515,0,0,0,0,0,0,0.004594568861322725,0,0,0,0,0,0,0,0,0,0,0,0,0,0,0,0,0,0,0,0,0,0,0,0,0,0,0,0,0,0,0,0,0,0,0,0,0,0,0,0,0,0,0,0,0,0,0,0,0,0,0,0,0,0,0,0,0,0,0,0,0,0,0,0,0,0,0,0,0,0,0,0,0,0,0,0,0,0,0,0,0,0,0,0.003627572241929742,0,0,0,0,0,0,0.005066807736390809,0,0,0,0,0,0,0,0,0,0,0,0,0,0,0,0,0,0.007180182884401292,0,0,0,0,0,0,0,0,0,0,0,0,0,0,0,0,0,0,0,0.005125230198675188,0,0,0,0,0,0,0,0,0,0,0,0,0,0,0,0,0,0,0,0,0,0,0,0,0,0,0,0,0,0,0,0,0,0,0,0,0,0,0,0,0,0,0,0,0,0,0,0,0,0,0,0,0,0,0,0,0,0,0,0,0.005163970895263919,0,0,0,0,0,0,0,0,0,0,0,0,0.003782784575801322,0,0,0,0,0,0,0,0,0,0,0,0,0,0,0,0,0,0,0,0,0,0,0,0,0,0,0,0,0.002857034132016176,0,0,0,0,0,0,0,0,0,0,0,0,0,0,0,0,0,0,0,0,0,0,0,0,0,0,0,0,0,0,0,0,0,0,0,0.002843930256252152,0
0,0,0,0,0,0,0,0,0,0,0,0,0,0,0,0,0,0,0,0,0,0,0,0.00499106979108678,0,0,0,0,0,0,0,0,0,0,0.004550850115103854,0.006124526693611453,0,0,0,0,0,0,0,0,0,0,0,0,0,0.005810022933264399,0,0,0,0,0,0,0,0,0,0,0,0,0,0,0,0,0.00395938332976828,0,0,0,0,0,0,0,0,0,0,0,0,0,0,0.006219776135515043,0,0,0,0,0,0,0,0,0,0,0,0,0,0,0,0,0,0,0,0,0,0.004267621874370523,0,0,0,0,0,0.004249897651870761,0,0,0,0,0,0.003738347047863369,0,0,0,0,0,0.004249619562104552,0,0,0,0,0,0,0,0,0.003136183994476504,0,0,0,0,0,0,0,0,0,0,0,0,0,0,0.00423195205306808,0,0,0,0,0,0,0,0,0,0,0,0,0,0,0,0,0,0,0,0,0,0,0,0,0,0,0,0,0,0,0,0,0,0,0,0,0,0,0.003931728091615664,0,0,0,0,0,0,0,0,0,0,0,0,0,0,0,0,0,0,0,0,0,0,0,0,0,0,0,0,0,0,0,0,0,0,0,0.00410982830787579,0,0,0,0,0,0,0,0,0,0,0,0,0,0,0,0,0,0,0,0,0.003627572241929742,0,0,0,0,0,0,0,0,0,0,0,0.004223776351932535,0.007316608525120363,0,0,0,0,0,0.004193391273289412,0,0,0,0,0,0,0,0,0,0,0,0,0,0,0,0,0,0,0,0,0,0,0,0,0,0,0,0,0,0,0,0,0,0,0,0,0,0,0,0,0,0,0,0,0,0,0,0,0,0,0,0,0,0,0,0,0,0,0,0,0,0,0,0,0,0,0,0,0,0,0,0,0,0,0,0,0,0,0,0,0,0,0,0,0,0,0,0,0,0,0,0,0,0,0,0,0,0,0,0,0,0,0,0,0,0,0,0,0,0,0,0,0,0,0.004912680687682704,0,0,0,0,0,0,0,0,0,0,0,0,0,0,0,0,0,0,0,0,0,0,0,0,0,0,0,0,0,0,0,0,0,0,0,0,0,0,0,0,0,0,0.004489632177097363,0,0,0,0,0,0,0,0,0
0,0,0,0,0,0,0,0,0,0,0,0.003418706461054751,0,0,0,0,0,0,0,0,0,0,0,0,0,0,0,0,0,0,0,0,0,0,0,0,0,0,0,0,0,0,0,0,0,0,0,0,0,0,0,0,0,0,0,0,0,0,0,0,0,0,0,0,0,0,0,0,0,0,0,0,0,0,0,0,0,0,0,0,0,0,0,0,0,0,0,0,0,0,0,0,0,0,0,0,0,0,0,0,0,0,0,0,0,0,0,0,0,0,0,0,0,0,0,0,0,0,0,0,0,0,0,0,0,0,0,0,0,0,0,0,0.003835846960559477,0,0,0,0,0,0,0,0,0,0,0,0,0,0,0,0,0,0,0,0,0,0,0,0,0,0,0,0,0,0,0,0,0,0,0,0,0,0.003746036968927869,0,0,0,0.003740621892358684,0,0.005200304918130868,0.004134989892241142,0,0,0,0,0,0,0,0.004003533358638863,0,0,0,0,0,0,0,0,0,0,0,0,0.004201649352580442,0,0,0,0,0,0,0,0,0,0,0,0,0,0,0,0,0,0,0,0,0,0,0.003042393548300188,0,0,0,0.004125074188301259,0,0,0,0,0,0,0,0,0,0,0,0,0,0,0,0,0,0,0,0,0.003439493088672823,0.0037629278458138,0,0,0,0,0,0,0,0,0,0,0,0,0,0,0,0,0,0,0.00415656090242399,0,0.004216496866794314,0,0,0.003396896507501608,0,0,0,0,0,0,0,0,0,0,0,0,0,0.003254186024214615,0,0,0,0,0,0,0,0,0,0,0,0,0,0,0,0,0,0,0,0,0,0,0,0,0,0,0,0,0,0,0,0,0,0,0,0,0,0,0,0,0,0,0,0,0,0,0,0,0,0,0,0,0.003917354743110894,0,0,0,0,0,0,0,0,0,0,0,0,0,0,0,0,0,0,0,0,0,0,0,0,0,0,0,0,0,0,0,0,0,0,0,0,0,0,0,0,0,0,0,0,0,0,0,0,0,0,0,0,0,0,0,0,0,0,0,0,0,0,0,0,0,0,0,0,0,0,0,0,0,0,0,0,0,0,0,0,0,0,0,0,0,0,0,0,0
0,0,0,0,0,0.003446050096492144,0,0,0,0,0,0,0,0,0.003686328055603577,0,0,0,0,0,0,0,0,0,0,0.003873398556650489,0,0,0.003673279230028356,0,0,0,0,0.005810691348457858,0,0,0,0,0,0,0,0,0,0,0,0.004151005028354018,0,0,0,0,0,0,0,0,0,0.002811005248792158,0,0,0,0,0,0.003484689216351993,0,0,0,0,0,0,0.003035203990310374,0,0.005782374032261002,0,0,0,0,0,0.002927811838260086,0.004443798835666188,0,0,0,0,0,0,0,0,0,0.004892207437559673,0,0,0,0,0,0,0,0,0,0,0,0,0,0,0,0,0,0,0,0,0,0,0,0,0,0,0,0,0,0.00618622482997685,0,0,0,0,0,0,0,0,0,0,0,0,0,0,0,0,0,0,0,0,0,0,0,0,0,0,0,0,0,0,0,0,0,0,0,0,0,0,0.002981880898867581,0,0,0,0,0,0,0,0,0,0,0,0,0,0,0,0,0,0,0,0,0,0,0,0,0,0,0,0,0,0,0,0,0.005639593745012784,0,0,0,0.005660169622460004,0,0,0.005006560529188426,0,0,0,0,0,0,0,0,0,0,0,0.004638961363495881,0,0,0,0,0,0.005467209122797044,0,0,0,0,0,0,0,0,0,0,0,0,0,0,0.005343914932108195,0,0,0.006151816487423332,0,0,0,0,0,0,0,0,0,0,0,0,0,0,0,0,0,0.003934421342834409,0,0.005501303074424924,0,0,0,0,0,0,0,0,0,0,0,0,0,0,0,0,0,0,0,0,0,0,0,0,0,0,0,0,0,0.002814097451470323,0,0,0,0,0,0,0,0,0,0,0,0,0,0,0,0,0,0,0,0,0,0,0,0,0,0,0,0,0,0,0,0,0,0,0,0,0,0,0,0,0,0,0,0,0,0,0,0,0,0,0,0,0,0,0,0,0,0,0,0,0,0,0,0,0,0,0,0,0,0,0,0,0,0,0,0,0,0,0,0,0,0,0,0,0,0,0,0,0,0,0,0,0.004834833807894403,0,0,0,0,0,0,0,0,0,0,0,0,0,0,0,0,0,0,0,0,0,0,0,0,0,0,0,0,0,0,0,0,0,0,0,0,0,0,0,0,0,0,0,0,0,0,0,0,0,0,0,0
0,0,0,0,0.004251076593932627,0,0,0,0,0,0,0.003658537448855407,0,0,0,0,0,0,0,0,0,0,0,0,0,0,0,0,0,0,0,0,0,0,0,0,0,0,0,0,0,0,0,0,0,0,0,0,0,0,0,0,0,0,0,0,0,0,0,0,0,0,0,0,0,0,0,0,0,0,0,0,0,0,0,0,0,0,0,0,0,0,0,0,0,0,0,0,0,0,0,0,0,0,0,0,0,0,0,0,0,0,0,0,0,0,0,0,0,0,0,0,0,0,0,0.003451850437397192,0,0,0,0,0,0,0,0,0.003348129952762023,0,0,0,0,0,0,0,0,0,0,0,0,0,0,0,0,0,0,0,0,0,0,0,0,0,0,0,0.003347166331884655,0,0,0,0,0,0,0,0,0,0,0,0,0,0,0,0,0,0,0,0,0,0.004035764417809187,0,0,0.004311191037024766,0,0,0,0,0,0,0.007878441913959939,0.00437875451913654,0,0,0,0,0,0,0,0,0,0,0,0,0.004210604912718718,0,0,0,0,0,0,0,0,0,0,0,0,0,0,0,0,0,0,0,0,0,0,0.003399314480990094,0,0,0,0,0,0,0,0,0,0,0,0,0,0,0.005030851688627913,0,0,0,0,0,0,0,0,0,0.00342578846530026,0.003883531977436549,0,0,0,0,0,0,0,0.004445222712715669,0,0,0,0,0,0,0,0,0.00480784562045301,0.004592533268591849,0.00429593532955269,0,0,0,0,0.003374651872942854,0,0,0,0,0,0,0,0,0,0,0,0,0,0,0,0,0,0,0,0,0,0,0,0,0,0,0,0,0,0,0,0,0,0,0,0,0,0,0,0,0,0,0,0,0,0,0,0,0,0,0,0,0,0,0,0,0,0,0,0,0,0,0,0,0,0,0,0,0,0,0,0,0,0,0,0,0,0.004846310507681928,0.004619134328692408,0,0,0,0,0,0,0,0,0,0,0,0,0,0,0,0,0,0,0,0,0,0,0,0,0,0,0,0.004158073249915178,0,0,0,0,0.003953803271296818,0,0,0,0,0,0,0,0,0,0,0,0,0,0,0,0,0,0,0,0,0,0,0,0,0,0,0,0,0,0,0,0,0,0,0,0,0,0,0,0,0,0,0,0
0,0,0,0,0.004623033238545946,0,0,0,0,0,0,0.004662916852568428,0,0,0,0,0,0,0,0,0,0,0,0,0,0,0,0,0,0,0,0,0,0,0,0,0,0,0,0,0,0,0,0,0,0,0,0,0,0,0,0,0,0,0,0,0,0,0,0,0.005757109830842841,0,0,0,0,0.005366227788008135,0,0,0,0,0,0,0,0,0,0,0,0,0,0,0,0,0,0,0,0,0,0,0,0,0,0,0,0,0,0,0,0,0,0,0,0,0,0,0,0,0,0,0,0,0,0,0,0,0,0,0,0,0,0,0,0,0,0,0.00519700289730738,0,0,0,0,0,0,0,0.005087626082964399,0,0,0,0,0,0,0,0,0,0,0,0,0,0,0,0.005302181497521432,0,0,0,0.005102330483228914,0,0,0,0,0,0,0,0,0,0,0,0,0,0,0.005212409563690167,0,0,0.005574937988640958,0,0,0,0,0,0.003417219737468858,0,0,0,0,0,0,0,0,0,0,0,0,0,0,0,0,0,0,0,0,0,0.003260501492088134,0,0,0,0,0,0,0,0,0,0,0,0,0,0,0,0,0,0,0,0,0,0,0.005510934476205743,0,0,0,0.004474424611540904,0.004545360817355105,0.005393092773034533,0.004841656530262277,0,0,0,0,0,0,0,0,0,0,0,0,0,0,0.003439493088672823,0,0.00342578846530026,0,0,0,0,0,0,0,0,0,0.004688385835467039,0,0,0,0,0,0,0,0,0.004398045205599334,0.004898818397479176,0.004029569088518889,0,0,0,0,0.003236762146820279,0,0,0,0,0,0,0,0,0,0,0,0,0,0,0,0,0,0,0,0,0,0,0,0,0,0,0,0,0,0,0,0,0,0,0,0,0,0,0,0,0,0,0,0,0,0,0,0,0,0,0,0,0,0,0,0,0,0,0,0,0,0,0,0,0,0,0.004965631155059818,0,0,0,0,0,0,0,0,0,0,0,0,0,0,0,0,0,0,0,0,0,0,0,0,0,0,0,0,0,0,0,0,0,0,0,0,0,0,0,0.004710264378850712,0,0,0,0,0.004971278960644386,0,0,0,0,0,0,0,0,0,0,0,0,0,0,0,0,0,0,0,0,0,0,0,0,0,0,0,0,0,0,0,0,0,0.004961277831685816,0,0.005013687749378343,0,0,0,0,0,0,0,0
0,0,0,0,0,0,0,0,0,0,0,0.003385278460168441,0,0,0,0,0,0,0,0,0,0,0,0,0,0,0,0,0,0,0,0,0,0,0,0,0,0,0,0,0,0,0,0,0,0,0,0,0,0,0,0,0,0,0,0,0,0,0,0,0,0,0,0,0,0,0,0,0,0,0,0,0,0,0,0,0,0,0,0,0,0,0,0,0,0,0,0,0,0,0,0,0,0,0,0,0,0,0,0,0,0,0,0,0,0,0,0,0,0,0,0,0,0,0,0.007391774030771166,0,0,0,0,0,0,0,0,0,0,0,0,0,0,0,0,0,0,0,0,0,0,0,0,0,0,0,0,0,0,0,0,0,0,0,0,0,0,0,0,0,0,0,0,0,0,0,0,0,0,0,0,0,0,0,0,0,0,0.006755642705309978,0,0.004499701535130227,0.006785391102193028,0,0,0,0,0,0,0.005194562441393118,0.006966754282895203,0,0,0,0,0,0,0,0,0,0,0,0,0.006543662176638692,0,0,0,0,0,0,0,0,0,0,0,0,0,0,0,0,0,0,0,0,0,0,0,0,0,0,0,0,0,0,0,0,0,0,0,0,0,0.005627189058566846,0,0,0,0,0,0,0.0037629278458138,0,0.003883531977436549,0,0,0,0,0,0,0,0,0,0,0,0,0,0,0,0,0,0,0,0.004368655780993463,0.005486997714528152,0,0,0,0,0.006282463309761956,0,0,0,0,0,0,0,0,0,0,0,0,0,0,0,0,0,0,0,0,0,0,0,0,0,0,0,0,0,0,0,0,0,0,0,0,0,0,0,0,0,0,0,0,0,0,0,0,0,0,0,0,0,0,0,0,0,0,0,0,0,0,0,0,0,0,0,0,0,0,0,0,0,0,0,0,0,0.005816886248567526,0.005913307871249494,0,0,0,0,0,0,0,0,0,0,0,0,0,0,0,0,0,0,0,0,0,0,0,0,0,0,0,0,0,0,0,0,0,0,0,0,0,0,0,0,0,0,0,0,0,0,0,0,0,0,0,0,0,0,0,0,0,0,0,0,0,0,0,0,0,0,0,0,0,0,0,0,0,0,0,0,0
0,0,0,0,0,0,0,0.005711621170339947,0.006008674419887162,0,0,0,0,0.006295000439748755,0,0,0,0,0,0,0,0,0,0.004578596811843072,0,0,0,0.004806701432304769,0,0,0,0.003928057582792661,0.006004329767472952,0,0,0.004843758138207188,0,0,0,0,0,0,0,0,0,0,0.005402007991250363,0,0,0.004932241023604129,0,0,0,0,0,0,0,0,0.006208920453269487,0,0,0,0,0,0,0,0,0,0,0,0,0,0,0,0,0,0,0,0,0,0,0,0.005915175186042476,0.004957014206478112,0,0,0,0,0.006133424069533631,0.006772823280916798,0,0,0,0,0,0,0,0,0,0,0,0,0,0,0,0,0,0,0,0,0,0,0,0,0,0,0,0,0,0,0,0,0,0,0,0,0.004056286663238101,0,0,0,0.004909090942235699,0,0,0,0,0,0,0,0,0,0,0,0,0,0.00514947679476442,0,0,0,0,0,0,0,0,0,0,0,0,0,0,0,0,0,0,0,0,0.004840798142031279,0,0,0,0,0,0,0,0,0,0,0,0,0,0,0,0,0.006333093409428886,0,0,0,0,0,0.00517075486924568,0,0,0,0,0,0,0,0,0,0,0,0,0,0,0,0.005065767303010395,0,0,0,0,0,0,0,0,0,0,0,0,0,0,0,0,0,0,0,0.003987112202597592,0,0,0,0,0,0,0.005370619591008526,0,0,0,0,0,0,0,0,0,0,0,0,0,0,0,0,0,0,0,0,0,0,0,0,0,0,0,0,0,0,0,0,0,0,0,0,0,0,0,0,0,0,0,0,0,0,0,0,0,0,0,0,0,0,0,0,0,0,0,0,0,0,0,0,0,0,0,0,0,0,0,0,0,0,0,0,0,0,0,0,0,0,0,0,0,0,0,0,0,0,0,0,0,0,0,0,0,0,0,0,0,0,0,0,0,0,0,0,0,0,0,0,0,0,0,0,0,0,0,0,0,0,0,0,0,0,0,0,0,0,0.004603611787535092,0.004963403792775645,0,0,0.004288617370015018,0,0,0,0.008018397924081162,0,0,0,0,0,0,0,0,0,0,0,0,0,0,0,0,0,0,0,0,0,0,0,0,0,0,0,0,0,0,0,0,0,0,0,0,0,0,0,0,0,0,0,0,0,0,0,0,0,0,0,0,0,0,0,0,0
0,0,0,0,0,0,0,0.005483311956338023,0.005203354749055842,0,0,0,0,0,0,0,0,0,0,0,0,0,0,0,0,0,0,0,0,0,0,0,0,0,0,0,0,0.006372620817828457,0,0,0,0,0,0,0,0,0,0,0.00659279169110047,0,0,0.006529424459926105,0,0.005512490216418069,0.00804043819915019,0,0.008183227164388181,0,0.005033365353421203,0,0,0,0,0.005909270655951732,0,0,0,0,0,0,0,0,0,0,0.005784945330005106,0,0,0,0,0,0,0,0,0,0,0,0,0,0,0,0,0,0,0,0,0,0,0,0,0,0,0,0,0.005325519611571142,0,0,0,0,0,0,0,0,0,0.004986839020724428,0,0,0,0,0,0,0,0,0,0,0,0,0,0.009615501450810348,0,0,0,0,0,0.005200942050919084,0.007169556525807331,0,0.005190785604622526,0,0,0,0,0,0,0,0,0,0.00496786866764342,0,0,0.00526798513575636,0,0.005038960229278199,0,0,0,0,0,0,0.006593941076879191,0,0.005309491752100475,0,0,0,0,0,0,0,0,0,0,0,0,0,0,0,0,0,0,0,0,0,0,0,0,0,0,0,0,0,0,0,0,0,0,0,0,0,0,0,0,0.009411381759075389,0,0,0,0,0,0,0,0,0,0,0,0,0,0,0.004990940453182168,0,0,0,0,0,0,0,0,0,0,0,0,0,0,0,0,0,0,0,0,0,0,0,0,0.005066807736390809,0,0,0,0,0,0,0,0,0,0.006169505790620668,0,0.005299583836604969,0,0,0,0,0,0,0,0,0,0,0,0,0,0.005031343635971617,0,0,0,0,0,0,0,0,0,0,0,0,0,0,0,0,0,0,0,0.008183480446131226,0,0,0,0,0,0,0,0,0,0,0,0,0,0,0,0,0,0,0,0,0,0,0,0,0,0,0,0,0,0,0,0,0,0,0,0,0,0,0,0,0,0,0,0,0,0,0,0,0,0,0,0,0,0,0,0,0,0,0,0,0.005946801984493981,0,0,0,0,0,0,0,0,0,0,0,0,0,0,0,0,0,0,0,0,0,0,0,0,0,0,0,0,0,0,0,0,0,0,0,0,0,0,0,0,0,0,0,0,0,0,0,0,0,0,0,0,0,0,0,0,0,0,0,0,0,0,0,0,0,0,0,0,0,0,0,0,0,0,0,0,0,0,0
0,0,0,0,0,0,0,0,0,0,0,0,0,0,0,0,0,0,0,0,0,0,0,0,0,0.003252559845569009,0,0,0,0,0.002501552122157134,0,0,0.003495162018300872,0,0,0,0,0.003282240527466216,0,0,0,0,0,0,0.003107488722273725,0,0,0,0,0,0,0,0,0,0.002882872921555671,0,0,0,0,0,0,0,0,0,0,0,0,0,0,0.003363638587890587,0,0,0,0,0,0,0.004124935524684775,0,0,0,0,0,0,0,0,0,0.002989870990086534,0,0,0,0,0,0,0,0,0,0,0,0,0,0,0,0,0,0,0,0,0,0,0,0,0,0,0,0,0,0.003592141645464655,0,0,0,0,0,0,0,0.003171863138518921,0,0,0,0,0,0,0,0,0,0.003089032869725977,0,0,0,0,0,0,0,0,0,0,0,0,0,0,0,0,0,0,0,0,0.002998823416065051,0,0,0,0,0,0,0,0,0,0,0,0,0,0,0,0,0,0,0,0,0,0,0,0,0,0,0,0,0,0,0,0,0.003739759936504865,0,0,0,0.003905589344907098,0,0,0.004064153265779356,0,0,0,0,0,0,0,0,0,0,0,0.005156264329491128,0,0,0,0,0,0.003668293669150213,0,0,0,0,0,0,0,0,0,0,0,0,0,0,0.004374433828618218,0,0,0.004621133849504235,0,0,0.002157643819567021,0,0,0,0,0,0,0,0,0.003934421342834409,0,0,0,0,0,0,0,0.003718320449029883,0,0,0,0,0,0,0,0,0,0,0,0,0,0,0,0,0,0,0,0,0,0,0,0,0,0,0,0,0,0,0,0,0,0,0,0,0,0,0,0,0,0,0,0,0,0,0,0,0,0,0,0,0,0,0,0,0,0,0,0,0,0,0,0,0,0,0,0,0,0,0,0,0,0,0,0,0,0,0,0,0,0,0,0,0,0,0,0,0,0,0,0,0,0,0,0,0,0,0,0,0,0,0,0,0,0,0,0,0,0,0,0,0,0,0,0,0,0,0,0,0,0,0,0,0,0,0,0,0,0,0,0,0,0,0,0,0,0,0,0,0,0,0,0,0,0,0,0,0,0,0,0,0,0,0,0,0,0,0,0,0,0,0,0,0,0,0,0,0,0,0,0,0,0,0
0,0,0,0,0,0,0,0,0,0,0,0,0,0,0,0,0,0,0,0,0,0,0,0,0,0,0,0,0.003676223105089048,0.004082620254851762,0,0,0,0,0,0,0,0.009255180158427377,0,0,0,0,0.003271240675219379,0,0,0,0,0,0.005949101452245647,0,0,0.004118291357613658,0,0.005515657698955579,0.005998363939671196,0,0.005978094829632283,0.004652046131334129,0,0,0,0,0,0.005901439210036175,0,0,0,0,0,0,0,0,0,0,0,0,0,0,0,0,0,0,0,0,0,0,0,0,0,0,0,0,0,0,0,0,0,0,0,0,0,0,0.004520825695433113,0.006879305326961589,0,0,0,0,0,0,0,0,0.004667398259532869,0.005141770419222045,0,0,0,0,0,0,0,0,0,0,0,0,0,0.006612733175975622,0,0,0,0,0,0.005030036415397553,0.004955977930891036,0,0.00536374278319622,0,0,0,0.005346980635401953,0,0,0,0,0,0,0,0,0,0,0,0,0,0,0,0,0,0.004117367174557029,0,0.00516484973528963,0,0,0,0,0,0,0,0,0,0,0,0,0,0,0,0,0,0,0,0,0,0,0,0,0,0,0,0,0,0,0,0,0,0,0,0,0,0,0,0,0.007519497687889317,0,0,0,0,0,0,0,0,0,0,0,0,0,0,0.007044124839339611,0,0,0,0,0,0,0,0,0,0,0,0,0,0,0,0,0,0,0,0,0,0,0,0,0,0,0,0,0,0,0,0,0.006169505790620668,0,0,0,0.006939564037445342,0,0,0,0,0.003751132104389142,0,0,0,0,0,0,0,0,0,0,0,0,0,0,0,0,0,0,0,0,0,0,0,0,0,0,0,0,0.005975606731954968,0,0,0,0,0,0,0,0,0,0,0,0,0,0,0,0,0,0,0,0,0,0,0,0,0,0,0,0,0,0,0,0,0,0,0,0,0,0,0,0,0,0,0,0,0,0,0,0,0,0,0,0,0,0,0,0,0,0,0,0,0.003290999251074293,0,0,0,0,0,0,0,0,0,0,0,0,0,0,0,0,0,0,0,0,0,0,0,0,0,0.00372620705821471,0,0,0,0,0,0,0,0,0,0,0,0,0,0,0,0,0,0,0,0,0,0,0,0,0,0,0,0,0,0,0,0,0,0,0,0,0,0,0,0,0,0,0,0,0,0,0,0,0,0,0,0,0
0,0,0,0,0,0,0,0,0,0,0,0,0,0,0,0,0,0,0,0,0,0,0,0,0,0,0,0,0,0,0,0,0,0.00431159868111573,0,0,0,0,0,0,0,0,0,0,0,0.003112526286765603,0,0,0,0,0,0,0,0,0,0,0,0,0,0,0,0,0,0,0,0,0,0,0,0,0.00435133452982484,0,0,0,0,0,0,0.006335331028209676,0,0,0,0,0,0,0,0,0,0.003416899346763489,0,0,0,0,0,0,0,0,0,0,0,0,0,0,0,0,0,0,0,0,0,0,0,0,0,0,0,0,0,0.004641258821109218,0,0,0,0,0,0,0,0,0,0,0,0,0,0,0,0,0,0,0,0,0,0,0,0,0,0,0,0,0,0,0,0,0,0,0,0,0,0,0,0,0,0,0,0,0,0,0,0,0,0,0,0,0,0,0,0,0,0,0,0,0,0,0,0,0,0,0,0,0,0,0,0.008044771624587742,0,0,0,0.006356030523805569,0,0,0.006546195794226477,0,0,0,0,0,0,0,0,0,0,0,0.003747910476016073,0,0,0,0,0,0.008578231660180433,0,0,0,0,0,0,0,0,0,0,0,0,0,0,0.003884119290012206,0,0,0.006675783988503079,0,0,0.004796502884542344,0,0,0,0,0,0,0,0,0.005501303074424924,0,0,0,0,0,0.003718320449029883,0,0,0,0,0,0,0,0,0,0,0,0,0,0,0,0,0,0,0,0,0,0,0,0,0,0,0,0,0,0,0,0.003016144606476246,0,0,0,0,0,0,0,0,0,0,0,0,0,0,0,0,0,0,0,0,0,0,0,0,0,0,0,0,0,0,0,0,0,0,0,0,0,0,0,0,0,0,0,0,0,0,0,0,0,0,0,0,0,0,0,0,0,0,0,0,0,0,0,0,0,0,0,0,0,0,0,0,0,0,0,0,0,0,0,0,0,0,0,0,0,0,0,0,0,0,0,0,0,0,0,0,0,0,0,0,0,0,0,0,0,0,0,0,0,0,0,0,0,0,0,0,0,0,0,0,0,0,0,0,0,0,0,0,0,0,0,0,0,0,0,0,0,0,0,0,0,0,0,0,0
0,0,0,0,0,0,0,0,0,0,0,0,0,0,0,0,0,0,0,0,0,0,0,0,0,0,0,0,0,0,0,0,0,0,0.004961326765941985,0.004591234922320647,0,0.007310691318928707,0,0,0,0,0,0,0,0,0,0,0.004554653234813921,0.004280771279842208,0,0,0,0.005034362459661186,0,0,0,0,0,0,0,0,0,0.005078596419353211,0,0,0,0,0,0,0,0,0,0,0,0,0,0,0,0,0,0,0,0,0,0,0,0,0,0,0,0,0,0,0,0,0,0,0,0,0,0,0.004850866047438566,0.008952790722947274,0,0,0,0,0,0.004696754395716499,0,0,0,0.005016764043452988,0,0,0,0,0,0,0,0.004703550996268194,0,0,0,0,0,0,0,0,0,0,0,0.005611885524007234,0,0,0.00486890765840447,0,0,0,0.004706763095876944,0,0,0,0,0.004196028564230157,0,0,0,0,0,0,0,0,0,0,0,0,0,0,0.00545928690597175,0,0,0,0,0,0,0,0,0,0,0,0,0,0,0,0,0,0,0,0,0,0,0,0,0,0,0,0,0,0,0,0,0,0,0,0,0,0,0,0,0.005447297876288761,0,0,0,0,0,0,0,0,0,0,0,0,0,0,0.007717661241613443,0,0,0,0,0,0,0,0,0,0,0,0,0,0,0,0,0,0,0,0,0,0,0,0,0,0.004223776351932535,0,0,0,0,0,0,0.005299583836604969,0,0.006939564037445342,0,0,0.004239691213300069,0,0,0,0.004862864208285242,0,0.004279775551107411,0,0,0,0,0,0,0,0,0,0,0,0,0,0,0,0,0,0,0,0,0,0,0,0,0,0,0,0,0,0,0,0,0,0,0,0,0,0,0,0,0,0,0,0,0,0,0,0,0,0,0,0,0,0,0,0,0,0,0,0,0,0,0,0,0,0,0,0,0,0,0,0,0,0,0,0,0,0,0,0,0,0,0,0,0,0,0,0,0,0,0,0,0.004210068848643158,0.004197792975524643,0,0,0,0,0,0,0,0,0,0,0,0,0,0,0,0,0,0,0,0,0.004174510067648195,0,0,0,0,0,0,0,0,0,0,0,0,0,0,0,0,0,0,0,0,0,0,0,0,0,0,0,0,0,0,0,0,0,0,0,0,0,0,0,0,0,0,0,0,0,0,0,0,0,0,0,0
0,0,0,0,0,0,0,0,0,0,0,0,0,0,0,0,0,0,0,0,0,0,0,0.007496003896408943,0,0,0,0.005796038015024591,0,0,0,0,0,0,0.00476614676694022,0.009584236630029143,0,0,0,0,0,0,0,0,0,0,0.005487762121742143,0,0,0.009265896414274579,0,0,0,0,0,0,0,0,0,0,0,0,0,0,0,0,0,0,0,0,0,0,0,0,0,0,0,0,0.004936162037479246,0,0,0.005044764150646818,0,0.005593940368096186,0,0,0,0,0,0,0,0,0,0,0,0,0,0,0,0,0,0,0,0.004289587243531979,0,0,0,0,0,0.004420375333546061,0,0,0,0,0,0,0,0,0,0,0,0.004414134103790015,0,0,0,0,0.005096637305326009,0,0,0,0.005758459188274623,0,0,0,0,0,0,0,0,0,0,0,0,0,0.00441647225053658,0.004235172128362469,0,0,0,0,0,0,0,0,0,0,0,0,0,0,0,0,0,0,0,0,0,0,0,0,0,0,0,0,0,0,0,0,0,0,0,0,0,0,0,0,0,0,0,0,0,0,0,0,0,0,0,0,0,0,0,0,0,0,0,0,0,0,0,0,0,0,0,0,0,0,0,0,0,0,0.004112279689905406,0,0.004119681703670874,0,0,0,0,0,0,0,0,0.005667720220709091,0,0,0,0,0,0,0,0,0,0,0.007316608525120363,0,0,0,0,0,0,0,0,0,0,0.004239691213300069,0,0,0,0,0,0,0.004327051917844135,0,0,0,0,0,0,0,0,0,0,0,0,0,0,0,0,0,0,0,0,0,0,0,0,0,0,0,0,0,0,0,0,0,0,0,0,0,0,0,0,0,0,0,0,0,0,0,0,0,0,0,0,0,0,0,0,0,0,0,0,0,0,0,0,0,0,0,0,0,0,0,0,0,0,0,0,0,0,0,0,0,0,0,0,0,0,0,0,0,0,0,0,0.004198689657386768,0,0,0,0,0,0,0,0.004129462680032517,0,0,0,0,0,0,0,0,0,0,0,0,0,0.00442926545279696,0,0.005377929625361652,0,0,0,0,0,0,0,0,0,0,0,0,0,0,0,0,0,0,0,0,0,0,0,0,0,0,0,0,0,0,0,0,0,0,0,0,0,0,0,0,0.004640807614173632,0,0,0,0,0,0,0,0,0
0,0,0,0,0.00461289757034703,0,0,0,0,0,0,0.004249794514339373,0.002977704507749384,0,0,0,0,0,0,0,0,0,0,0,0,0,0,0,0,0,0,0,0,0,0,0,0,0,0,0,0,0,0,0,0,0,0,0,0,0,0,0,0,0,0,0,0,0,0,0,0.004078044646304388,0,0,0,0,0.004220981479634775,0,0,0,0,0,0,0,0,0,0,0.00299467183828237,0,0,0,0,0,0,0,0,0,0,0,0,0,0,0,0,0,0,0,0,0,0,0,0,0,0,0,0,0,0,0,0,0,0,0,0,0,0,0,0,0,0,0,0,0,0,0,0.005312774392954975,0,0,0,0,0,0,0,0.004029222391879844,0,0,0,0,0,0,0,0,0,0,0,0,0,0,0,0.004139419220793529,0,0,0,0.005311892419020818,0,0,0,0,0,0,0,0,0,0,0,0,0,0,0,0,0,0.004036803402779518,0,0,0,0,0,0,0,0,0,0,0,0,0,0,0,0,0,0,0,0,0,0,0,0,0,0,0,0,0,0,0,0,0,0,0,0,0,0,0,0,0,0,0,0,0,0,0,0,0,0,0.005256071888239476,0,0,0,0.003683914935134086,0,0,0,0,0,0,0,0,0,0,0,0,0,0,0,0,0,0,0,0.004445222712715669,0.004688385835467039,0,0,0,0,0,0,0,0,0,0,0,0,0,0,0,0,0,0.004910970457203903,0.004556655350806789,0,0,0,0,0,0.003420753959784867,0,0,0,0,0,0,0,0,0,0,0,0,0,0,0,0,0,0,0,0,0,0,0,0,0,0,0,0,0,0,0,0,0,0,0,0,0,0,0,0,0,0,0,0,0,0,0,0,0,0,0,0,0,0,0,0,0,0,0,0,0,0,0,0,0,0,0.005291152522451929,0,0,0,0,0,0,0,0,0,0,0,0,0,0,0,0,0,0,0,0,0,0,0,0,0,0,0,0,0,0,0,0,0,0,0,0,0,0,0,0.004427712419515215,0,0,0,0,0.00461513248089721,0,0,0,0,0,0,0,0,0,0,0,0,0,0,0,0,0,0,0,0,0,0,0,0,0,0,0,0,0,0,0,0,0,0,0,0,0,0,0,0,0,0,0,0
0,0,0,0,0,0,0,0,0,0,0,0,0,0,0,0,0,0,0,0,0,0,0,0,0,0,0,0,0,0,0,0,0,0,0,0,0,0,0,0,0,0.003473075647596988,0,0,0,0,0,0,0,0,0,0,0,0,0,0,0,0,0,0.006924472697653406,0,0,0.00405115810640655,0,0,0,0,0,0,0,0,0,0,0,0,0,0,0,0,0.00576296064950119,0,0,0,0,0,0,0,0,0,0,0,0,0,0,0,0,0,0,0,0,0.005778112973360255,0,0,0,0,0,0,0,0,0,0,0,0,0,0,0,0,0,0,0,0,0,0,0,0,0,0,0,0,0,0,0.00664023934273471,0,0,0,0,0,0,0,0,0,0,0,0.006064588464907993,0,0,0,0.003375472196230068,0,0,0,0,0,0,0,0,0,0.002678746066308174,0,0,0,0,0,0,0.00566507696151948,0,0,0,0,0,0,0,0,0.003823692549255231,0,0,0,0,0.006322489763728197,0,0,0,0,0,0,0,0.003241735165970269,0,0,0,0.006557685326722653,0,0,0,0,0,0,0,0,0,0,0,0,0,0,0,0,0,0,0,0,0,0,0,0,0,0,0,0,0,0,0,0,0,0,0,0,0,0,0,0,0,0,0,0,0,0,0,0,0,0,0,0,0,0,0,0,0,0,0,0,0,0,0,0,0,0,0,0,0.005561919531998446,0,0,0,0.006449936549539181,0,0,0,0,0,0,0,0,0,0,0,0,0,0,0,0,0,0,0,0,0,0,0,0,0,0,0,0,0,0,0,0,0,0,0,0,0,0,0,0,0,0,0,0,0,0,0,0,0,0,0,0,0,0,0,0,0,0,0,0,0,0,0,0,0,0,0,0,0,0,0,0,0,0,0,0,0,0,0,0,0,0,0,0,0,0,0,0,0,0,0,0,0,0,0,0.00506004950416046,0,0,0,0,0,0.003028830277842873,0,0,0,0,0,0,0,0,0,0,0.003438139784675429,0,0,0,0.005991816271224661,0,0,0,0,0,0,0,0,0,0,0,0,0,0,0,0,0,0,0,0,0,0,0,0,0,0,0,0.003029562655206808,0,0.003390010011063357,0,0,0,0,0,0,0,0,0,0,0,0,0,0,0,0,0
0,0,0,0,0,0,0,0,0,0,0,0,0,0,0,0,0,0,0,0,0.003566229498645521,0,0,0,0,0,0,0,0,0,0,0,0,0,0,0,0,0,0,0,0,0,0,0,0,0,0,0,0,0,0,0,0,0,0,0,0,0,0,0,0,0,0,0,0,0,0,0,0,0,0,0,0,0,0,0.004195476853075095,0,0,0,0,0,0,0,0,0,0,0,0,0,0,0.003226118933512425,0,0,0,0,0.003914204586585137,0,0,0.007276810781248103,0.004415016698848423,0,0,0,0,0.004719461697226953,0,0.003303086218103726,0,0,0,0,0,0,0,0,0,0,0,0,0,0,0,0.004613570539038198,0.004121900603607752,0,0,0,0,0,0,0,0,0,0,0,0,0,0,0,0,0,0,0,0,0,0,0,0,0,0,0,0,0,0,0,0,0,0,0,0,0,0.004981350874669881,0,0,0,0,0,0,0,0,0,0,0,0,0,0.004672311718973665,0,0,0,0,0,0,0,0,0,0,0,0,0,0,0,0,0,0,0,0.007336438482359457,0,0,0,0,0.003214717352679447,0,0,0,0,0,0,0,0,0,0.003236624616159514,0,0.007092074608217535,0,0,0,0,0,0,0,0,0,0,0,0,0,0,0,0,0,0,0,0,0,0.004241256896645802,0,0,0,0,0,0,0,0,0,0,0,0,0,0,0,0,0,0,0,0,0,0,0,0,0,0,0,0,0,0,0,0,0,0,0,0,0,0,0,0,0,0,0,0,0,0,0,0,0,0,0,0,0,0,0,0,0,0,0,0,0,0,0,0,0,0,0,0,0,0,0,0,0,0,0,0,0,0,0,0,0,0,0,0,0,0,0,0,0,0,0,0,0,0,0,0,0,0,0,0,0,0,0,0,0,0,0,0,0,0,0,0,0,0,0,0,0.003786240729243287,0,0,0,0,0,0,0,0,0,0,0,0,0,0,0,0,0,0,0,0,0,0,0,0,0,0,0,0,0,0,0,0,0,0,0,0,0,0,0,0,0,0,0,0,0,0,0,0,0,0,0,0,0,0,0,0,0,0,0,0,0,0,0,0,0,0,0,0,0,0,0,0,0,0,0,0
0,0,0,0,0,0,0,0,0,0,0,0,0,0,0,0,0,0,0,0,0,0,0,0,0,0,0,0,0,0.004292642215661947,0,0,0,0,0,0,0,0.003740306605819977,0,0,0,0,0,0,0,0,0,0,0.003740027035141102,0,0,0,0,0.004761493013644164,0,0,0,0,0,0,0,0,0,0.004602361193985141,0,0,0,0,0,0,0,0,0,0.003865793521958544,0,0,0,0,0,0,0.003068880881532195,0,0,0,0,0,0,0,0,0,0,0,0,0,0,0,0,0,0,0,0,0,0.004431225429849323,0.004857443770881998,0,0,0,0,0,0,0,0.004841533103437131,0,0.004626494128531371,0,0,0,0,0,0,0,0,0,0,0,0,0,0,0,0,0,0,0,0,0,0,0,0,0,0,0.004186647217090325,0,0,0,0,0,0,0,0,0,0,0,0,0,0.004410827627132208,0,0,0,0,0,0.004842217810193848,0,0,0,0,0.00309349806766686,0,0,0,0,0,0,0,0,0,0,0,0,0,0,0,0,0,0,0,0,0,0,0,0,0,0,0,0,0,0,0,0,0,0,0,0,0,0,0,0,0,0,0,0,0,0,0,0,0,0,0.003986148971941196,0,0,0,0,0,0,0,0,0,0,0,0,0,0,0,0,0,0,0,0,0,0,0,0,0,0,0,0,0,0,0,0,0,0,0.003751132104389142,0,0.004862864208285242,0,0,0,0,0,0,0,0,0.003406688323685189,0,0,0,0,0,0,0,0,0,0,0,0,0,0,0,0,0,0,0,0,0,0,0,0,0,0,0,0,0,0,0,0,0,0,0,0,0,0,0,0,0,0,0,0,0,0,0,0,0,0,0,0,0,0,0,0,0,0,0,0,0,0,0,0,0,0,0,0,0,0,0,0,0,0,0,0,0,0,0,0,0,0,0,0,0,0,0,0,0,0,0,0,0,0,0,0,0,0,0,0,0,0,0,0,0.002929509147528899,0,0,0,0,0,0,0.003875620236535466,0,0,0,0,0,0,0,0,0,0,0,0,0,0,0,0,0,0,0,0,0,0,0,0,0,0,0,0,0,0,0,0,0,0,0,0,0,0,0,0,0,0,0,0,0,0,0,0,0,0,0,0,0
0,0,0.00745219606633714,0,0,0,0,0,0,0,0,0,0,0,0,0,0,0,0.005174477100823271,0,0,0,0,0,0,0,0,0,0,0,0,0,0,0,0,0,0,0,0,0,0,0,0.003435626104377542,0,0,0,0,0,0,0,0.005179156464696524,0,0,0,0,0,0,0.005090477804519582,0,0.006260350334240793,0,0,0,0,0,0,0,0,0,0,0,0,0,0,0,0,0,0,0.005426851572551286,0.006457370502096185,0,0,0,0,0,0,0,0,0,0,0,0,0,0,0,0,0,0,0,0,0.004836785860005148,0,0,0,0,0,0,0,0,0,0,0,0.004864330269537192,0,0,0,0,0,0,0,0,0,0,0,0,0,0,0,0,0,0,0.004675279584131221,0,0,0,0,0,0,0.00593777647111691,0,0,0,0.006077397502179154,0.009765872782811756,0,0,0,0,0,0,0,0,0,0,0,0,0,0,0,0,0,0,0,0,0.003708199842683491,0,0,0.005156621349647183,0.005175031560015576,0,0,0,0,0,0,0,0,0,0.006357180582136248,0,0,0,0,0,0,0,0,0,0,0,0.00585980324415946,0,0,0,0,0,0,0,0,0,0,0,0,0,0,0,0,0.006157834116925406,0,0,0,0,0,0,0,0,0,0,0,0,0,0,0,0,0,0,0,0,0,0,0,0,0,0,0,0,0,0.005163864603636146,0,0,0,0,0,0,0,0,0,0,0,0,0,0,0,0,0,0,0.005561919531998446,0,0,0,0,0,0,0.006420920596098856,0,0,0,0,0,0,0,0,0,0,0,0,0,0,0,0,0,0,0,0,0,0,0,0,0,0,0,0,0,0,0,0,0,0,0,0,0,0,0,0,0,0,0,0,0,0,0,0,0,0,0,0,0,0,0,0,0,0,0,0,0,0,0,0,0,0,0,0,0,0,0,0,0,0,0,0,0,0,0,0,0,0,0,0,0,0,0,0,0,0,0,0,0,0,0,0.007330805364011056,0,0,0,0,0,0,0,0,0,0,0,0,0,0,0,0,0.003479352830336275,0.005203316974576648,0,0,0.005431632655868457,0.005168396173129071,0,0,0,0,0,0,0,0,0,0,0,0,0,0,0,0,0,0,0,0,0,0,0,0,0,0,0,0,0,0,0,0,0,0,0,0,0,0,0,0,0,0,0,0,0,0
0,0,0,0,0,0,0.005477649338777785,0,0,0,0,0,0,0,0,0,0,0,0,0,0,0,0,0,0,0,0,0,0,0,0.00713444965992324,0,0,0,0.009374153991320253,0.004664294957143571,0,0,0,0,0,0,0,0,0,0,0,0,0,0,0,0,0,0,0,0.005327024782098479,0,0,0,0,0,0,0,0,0,0,0.004248518072059758,0,0,0,0,0.005142966019753746,0.00747283137351577,0,0,0,0,0,0,0,0,0.004124370872393034,0,0,0,0,0,0,0,0,0,0,0,0,0,0,0,0,0,0,0,0,0,0.00440676636529928,0,0,0,0,0,0.009799478005184173,0.008581779783721738,0,0,0,0,0,0,0,0,0,0,0.009777342543567425,0,0,0,0,0,0,0,0,0,0,0,0,0,0,0,0,0,0,0,0,0,0,0,0.004742830971036416,0,0,0,0,0,0,0,0,0,0,0.0041027036097291,0,0,0,0,0,0,0,0,0,0.006096517662720007,0,0,0,0,0,0,0,0,0,0,0,0,0,0,0,0,0,0,0,0,0,0,0,0,0,0,0,0,0,0,0,0,0,0,0,0,0,0,0,0,0,0,0.006264192959582349,0,0,0,0,0,0,0,0,0,0,0.004105110505747478,0,0.0042574711172473,0,0,0,0,0,0,0,0,0,0,0,0,0,0,0,0.009747460130972774,0,0,0,0.004193391273289412,0,0,0,0,0,0,0,0,0,0,0.004279775551107411,0.004327051917844135,0,0,0,0,0,0,0,0,0,0,0,0,0,0,0,0,0,0,0,0,0,0,0,0,0,0,0,0,0,0,0,0,0,0,0,0,0,0,0,0,0,0,0,0,0,0,0,0,0,0,0,0,0,0,0,0,0,0,0,0,0,0,0,0,0,0,0,0,0,0,0,0,0,0,0,0,0,0,0,0,0,0,0,0,0,0,0,0,0,0,0,0,0,0,0,0,0,0,0.004352794955504629,0.004215985683610049,0,0,0,0,0,0,0,0,0,0,0,0,0,0,0,0,0,0,0,0,0.00462116832790953,0,0,0,0,0,0,0,0,0,0,0,0,0,0,0,0,0,0,0,0,0,0,0,0,0,0,0,0,0,0,0,0,0,0,0,0,0,0,0,0,0,0,0.004108497458229146,0,0,0,0,0,0,0,0,0
0,0,0,0,0,0,0,0,0,0,0,0,0,0,0,0,0,0.005243475786315429,0,0.006481180602666634,0,0,0,0,0,0,0.006054597900001573,0,0,0,0,0,0,0,0,0,0,0,0,0,0,0,0,0,0,0,0,0,0,0,0,0,0.004780136650369996,0,0,0,0,0,0,0,0,0,0,0,0.005467919165761731,0,0,0,0,0,0,0,0,0.003316414330815366,0,0,0,0.003293196686968291,0,0,0.003227716756059552,0,0,0,0,0.004677965995568223,0,0,0,0,0,0.006057230310395512,0.004595222831217742,0,0,0,0,0,0,0,0.003258648386464082,0,0,0,0,0,0,0,0,0,0,0,0,0,0,0,0,0,0,0,0,0,0,0,0,0,0,0,0,0,0,0,0,0,0,0,0,0,0,0,0,0,0,0,0,0,0,0,0,0,0,0,0,0,0.002910794478333522,0,0,0.004149501879969849,0,0,0,0,0,0,0,0,0,0,0,0,0,0,0,0,0,0,0,0,0,0,0,0,0,0,0,0,0.004972316959976322,0,0,0,0.002927442499689803,0,0,0,0.005267643117337848,0,0.003235809675686108,0,0,0.005225413905745879,0,0,0,0,0,0,0,0.004106603876852461,0,0,0,0,0,0,0,0,0,0,0,0.005529876315397949,0,0,0,0,0,0,0,0,0,0,0.003619166541189106,0,0,0,0,0,0,0,0,0,0,0,0,0,0,0,0,0,0,0,0,0,0,0,0,0,0,0,0,0,0,0,0,0,0,0,0,0,0,0,0,0,0,0,0,0,0,0,0,0,0,0.006561952163849494,0,0.007142842439971368,0,0,0,0,0,0,0,0,0,0,0,0,0,0,0,0,0,0,0,0,0,0,0,0,0,0,0,0,0,0,0,0,0,0,0,0,0,0,0,0,0,0,0,0,0,0,0,0,0,0,0,0,0,0,0,0,0,0,0,0,0,0,0,0.004278646943309771,0,0,0,0,0,0,0,0,0,0,0,0,0,0,0,0,0,0,0,0,0,0,0,0,0,0,0,0,0.003448915508058034,0,0,0,0,0,0,0,0,0.003279089069874509,0,0,0,0,0,0,0,0,0,0,0,0,0,0,0,0,0,0,0,0,0,0,0,0.002968308343658407,0,0,0,0,0.003107373874768807,0,0,0,0,0,0,0,0,0,0,0,0,0
0,0,0,0,0,0,0,0,0,0,0,0,0,0,0,0,0,0,0,0,0,0,0,0,0,0,0,0,0,0.002921794554416622,0,0,0,0,0,0,0,0,0,0,0,0,0,0.003374774668639557,0,0,0,0,0,0,0,0,0,0,0,0,0,0,0,0,0,0,0,0,0,0,0,0,0,0,0,0,0,0.003765782767255045,0,0,0,0,0,0,0.003570003802641061,0,0,0,0,0,0,0,0,0,0,0,0,0,0,0,0,0,0,0,0,0,0,0,0,0,0,0,0,0,0,0.003378889865859014,0,0,0.008963199816843792,0,0,0,0,0,0,0,0,0,0,0,0,0,0,0,0,0,0,0,0,0,0,0.004787975794764551,0,0,0,0,0,0,0,0,0,0,0,0,0,0,0,0,0.002610138532597781,0,0,0,0,0,0,0,0,0,0.003232618107776862,0,0,0,0,0,0,0,0,0.00318460197896448,0,0,0,0,0,0,0,0,0,0,0,0,0,0,0,0,0,0,0,0,0.003365605691334986,0,0,0,0,0,0,0,0,0,0,0,0,0,0,0,0,0,0,0,0,0.004804977926672131,0,0,0,0,0,0,0,0,0,0,0,0,0,0,0,0,0,0,0,0,0,0,0,0,0,0,0,0,0,0,0,0,0,0,0,0,0,0,0,0,0,0,0.003406688323685189,0,0,0,0,0,0,0,0,0,0,0,0,0,0,0,0,0,0,0,0,0,0,0,0,0,0,0,0,0,0,0,0,0,0,0,0,0,0,0,0,0,0,0,0,0,0,0,0,0,0,0,0,0,0,0,0,0,0,0,0,0,0,0,0,0,0,0,0,0,0,0,0,0,0,0,0,0,0,0,0,0,0,0,0,0,0,0,0,0,0,0,0,0,0,0,0,0.005110220837115178,0,0,0,0,0,0,0,0,0,0,0,0.004040978956802946,0.003253499336474977,0,0,0,0,0.004777623329419618,0.003076356154314437,0,0,0,0,0,0,0,0,0,0,0,0.00279145889416792,0,0,0,0,0.004678244045910419,0,0,0,0,0,0,0,0,0,0,0,0,0,0,0,0,0.002926687148918122,0,0.003502547258152541,0,0,0,0,0.002911944487602727,0,0,0,0,0,0,0,0,0,0,0,0
0,0,0,0,0,0,0,0,0,0,0,0,0,0,0,0,0,0,0,0.002829244496334078,0,0,0,0,0,0,0,0,0,0,0,0.002558142233077958,0,0,0,0,0,0,0,0,0,0.00404538736823664,0,0,0,0,0,0,0,0,0,0,0,0,0,0,0,0,0,0.005557550235547709,0,0,0.003154577220106834,0,0,0,0,0,0,0,0,0,0,0,0,0,0,0,0,0.006385909674703044,0,0,0,0,0,0,0,0,0,0,0,0,0,0,0,0,0,0,0,0,0.005648905362778142,0,0,0,0,0,0,0,0,0,0,0,0,0,0,0,0,0,0,0,0,0,0,0,0,0,0,0,0,0,0,0.005157311238073824,0,0,0,0,0,0,0,0,0,0,0,0.006110104007090328,0,0,0,0.002912586500446145,0,0,0,0,0,0,0,0,0,0.003534651981918316,0,0,0,0,0,0,0.004484630084208028,0,0,0,0,0,0,0,0.00297873432643245,0,0,0,0,0,0.007563859237693609,0,0,0,0,0.002826515322352393,0,0,0,0,0,0,0.007100360984104835,0,0,0,0,0,0,0,0,0,0,0,0,0,0,0,0,0,0,0,0,0,0,0,0,0,0,0,0,0,0,0,0,0,0,0,0,0,0,0,0.003082449132596641,0,0,0,0,0,0,0,0,0,0,0,0,0,0,0,0,0,0,0,0,0,0,0,0,0,0.006449936549539181,0,0,0.006420920596098856,0,0,0,0,0,0,0,0,0,0,0,0,0,0,0,0,0,0,0,0,0,0,0,0,0,0,0,0,0,0,0,0,0,0,0,0,0,0,0,0,0,0,0,0,0,0,0,0,0,0,0,0,0,0,0,0,0,0,0,0,0,0,0,0,0,0,0,0,0,0,0,0,0,0,0,0,0,0,0,0,0,0,0,0,0,0,0,0,0,0,0,0,0,0,0,0,0,0,0,0.004209683980112436,0,0,0,0,0,0.003010644362816277,0,0,0,0,0,0,0,0,0,0,0.0043582762120225,0,0,0,0.006472364410847009,0,0,0,0,0,0,0.002594976045609324,0,0,0,0,0,0,0,0,0,0,0,0,0,0,0,0,0,0,0,0,0,0,0,0,0,0,0.002626014821770242,0,0,0,0,0,0,0,0,0,0,0,0,0
0,0,0,0,0.004855508647681799,0,0,0,0,0,0,0.00428075723681633,0,0,0,0,0,0,0,0,0,0,0,0,0,0,0,0,0,0,0,0,0,0,0,0,0,0,0,0,0,0,0,0,0,0,0,0,0,0,0,0,0,0,0,0,0,0,0,0,0.0040751966486758,0,0,0,0,0.00392722485722459,0,0,0,0,0,0,0,0,0,0,0,0,0,0,0,0,0,0,0,0,0,0,0,0,0,0,0,0,0,0,0,0,0,0,0,0,0,0,0,0,0,0,0,0,0,0,0,0,0,0,0,0,0,0,0,0,0,0,0.004058181737596034,0,0,0,0,0,0,0,0.004028403653004197,0,0,0,0,0,0,0,0,0,0,0,0,0,0,0,0.00404285157600007,0,0,0,0.004056909268269551,0,0,0,0,0,0,0,0,0,0,0,0,0,0,0,0,0,0.003939848861074239,0,0,0,0,0,0,0,0,0,0,0,0,0,0,0,0,0,0,0,0,0,0,0,0,0,0,0,0.00324334215554087,0,0,0,0,0,0,0,0,0,0,0,0,0,0,0,0,0,0,0,0,0,0,0.004000005886069522,0,0,0,0.004258074128015375,0,0,0,0,0,0,0,0,0,0,0.00358832466248267,0,0,0,0,0,0,0,0,0.00480784562045301,0.004398045205599334,0,0,0,0,0,0,0,0,0.004910970457203903,0,0,0,0,0,0,0,0,0,0.004989082285442867,0.003959100798509287,0,0,0,0,0,0,0,0,0,0,0,0,0,0,0,0,0,0,0,0,0,0,0,0,0,0,0,0,0,0,0,0,0,0,0,0,0,0,0,0,0,0,0,0,0,0,0,0,0,0,0,0,0,0,0,0,0,0,0,0,0,0,0,0,0,0,0,0,0,0,0,0.003886507807728125,0,0,0,0,0,0,0,0,0,0,0.003315441910630912,0.003300535407898099,0,0,0,0,0,0,0,0,0,0,0,0,0,0,0,0,0,0,0,0,0,0,0,0,0,0,0,0.004690492593139473,0,0,0,0,0.00486436360907674,0,0,0,0,0,0,0,0,0,0,0,0,0,0,0,0,0,0,0,0,0,0,0,0,0,0,0,0,0,0,0,0,0,0,0,0,0,0,0,0,0,0,0,0
0,0,0,0,0.004925432081138122,0,0,0,0,0,0,0.00474236915292447,0,0,0,0,0,0,0,0,0,0,0,0,0,0,0,0,0,0,0,0,0,0,0,0,0,0,0,0,0,0,0,0,0,0,0,0,0,0,0,0,0,0,0,0,0,0,0,0,0.004737595455064129,0,0,0,0,0.004473944410844347,0,0,0,0,0,0,0,0,0,0,0,0,0,0,0,0,0,0,0,0,0,0,0,0,0,0,0,0,0,0,0,0,0,0,0,0,0,0,0,0,0,0,0,0,0,0,0,0,0,0,0,0,0,0,0,0,0,0,0.004605149229746317,0,0,0,0,0,0,0,0.004513911894168549,0,0,0,0,0,0,0,0,0,0,0,0,0,0,0,0.004604067299081447,0,0,0,0.004603565552899011,0,0,0,0,0,0,0,0,0,0,0,0,0,0,0,0,0,0.004526991016202379,0,0,0,0.004334889014096757,0,0,0.004674418899403071,0,0,0,0,0,0,0,0.004552796112101253,0,0,0,0,0,0,0,0,0,0,0,0,0.004493766633423522,0,0,0,0,0,0,0,0,0,0,0,0,0,0,0,0,0,0,0,0,0,0,0.004640837373047832,0,0,0,0.005061972310992519,0.004676849717535231,0.004805054582343182,0,0,0,0,0,0,0,0,0,0,0,0,0,0,0,0,0,0.004592533268591849,0.004898818397479176,0.004368655780993463,0,0,0,0,0,0,0,0.004556655350806789,0,0,0,0,0,0,0,0,0.004989082285442867,0,0.005496747245965037,0,0,0,0,0,0,0,0,0,0,0,0,0,0,0,0,0,0,0,0,0,0,0,0,0,0,0,0,0,0,0,0,0,0,0,0,0,0,0,0,0,0,0,0,0,0,0,0,0,0,0,0,0,0,0,0,0,0,0,0,0,0,0,0,0,0,0,0,0,0,0,0.004712727243966245,0,0,0,0,0,0,0,0,0,0,0,0,0,0,0,0,0,0,0,0,0,0,0,0,0,0,0,0,0,0,0,0,0,0,0,0,0,0,0,0.004870039269758102,0,0,0,0,0.005060343713213697,0,0,0,0,0,0,0,0,0,0,0,0,0,0,0,0,0,0,0,0,0,0,0,0,0,0,0,0,0,0,0,0,0,0,0,0,0,0,0,0,0,0,0,0
0,0,0,0,0,0,0,0,0,0,0,0.004226172802209435,0,0,0,0,0,0,0,0,0,0,0,0,0,0,0,0,0,0,0,0,0,0,0,0,0,0,0,0,0,0,0,0,0,0,0,0,0,0,0,0,0,0,0,0,0,0,0,0,0.003784072537475091,0,0,0,0,0,0,0,0,0,0,0,0,0,0,0,0,0,0,0,0,0,0,0,0,0,0,0,0,0,0,0,0,0,0,0,0,0,0,0,0,0,0,0,0,0,0,0,0,0,0,0,0,0,0,0.004787050382502931,0,0,0,0,0,0,0,0,0,0,0,0,0,0,0,0,0.003818410364694987,0,0,0,0,0,0,0,0,0,0,0,0,0,0,0,0,0,0,0,0.003761608115771675,0,0,0,0,0,0,0,0,0,0,0,0,0,0,0,0,0,0.003820245143708426,0,0,0,0.005911728381910245,0,0.004950374389749476,0.005845507183619279,0,0,0,0,0,0,0.004611699451915098,0.006188772461207692,0,0,0,0,0,0,0,0,0,0,0,0,0.005981225979539703,0,0,0,0,0,0,0,0,0,0,0,0,0,0,0,0,0,0,0,0,0,0,0.003704624054429752,0,0,0,0.004678303876803874,0,0,0,0,0,0,0,0,0,0,0.004843049453798196,0,0,0,0,0,0,0.00415656090242399,0,0.00429593532955269,0.004029569088518889,0.005486997714528152,0,0,0,0,0,0,0,0,0,0,0,0,0,0,0,0,0.003959100798509287,0.005496747245965037,0,0,0,0,0,0.005211051324871554,0,0,0,0,0,0,0,0,0,0,0,0,0,0,0,0,0,0,0,0,0,0,0,0,0,0,0,0,0,0,0,0,0,0,0,0,0,0,0,0,0,0,0,0,0,0,0,0,0,0,0,0,0,0,0,0,0,0,0,0,0,0,0,0,0,0,0.004025177534267441,0,0,0,0,0,0,0,0,0,0,0.004842953958249387,0.005171880386592567,0,0,0,0,0,0,0,0,0,0,0,0,0,0,0,0,0,0,0,0,0,0,0,0,0,0,0,0,0,0,0,0,0.004167070805316238,0,0,0,0,0,0,0,0,0,0,0,0,0,0,0,0,0,0,0,0,0,0,0,0,0,0,0,0,0,0,0,0,0,0,0,0,0,0,0,0,0,0,0,0
0,0,0.004645120704852872,0,0,0,0,0.005626372029137867,0.005055141937500047,0,0,0,0,0,0,0,0,0,0,0,0,0,0,0,0,0,0,0,0.004423384064469202,0,0,0,0,0,0,0,0,0,0,0,0,0.004163462654083897,0.004319449271728119,0,0,0,0,0,0,0,0,0.005871227781822861,0,0,0.005369272615484096,0,0.005137043124866748,0,0.005153090112819092,0,0,0,0.003833483500685248,0,0,0,0,0.00510028165657234,0,0,0,0,0,0,0.005516546718157105,0,0,0,0,0,0,0,0,0.004037492798445308,0,0,0,0,0,0,0,0,0,0,0,0,0,0,0,0,0,0,0,0,0,0,0,0,0,0,0,0,0,0,0,0,0,0,0,0,0,0,0,0,0,0,0,0.005240576388673404,0,0,0,0,0,0,0.004625945527585652,0,0,0,0,0,0,0,0.003712036398809937,0,0,0,0.005365492119723873,0,0,0.005863792487836245,0,0.009221608772656643,0,0,0,0,0,0,0.004635054303502513,0,0,0,0,0,0,0,0,0,0,0,0,0,0,0.003698110518963031,0,0,0,0,0,0,0,0,0,0,0,0,0.003651704606688707,0,0,0,0,0,0,0,0,0,0,0,0,0,0,0,0,0,0,0,0,0,0,0,0,0.005148860702294198,0,0,0,0,0,0,0,0,0,0,0,0,0,0,0,0,0,0,0,0,0,0,0,0,0,0,0,0,0,0.007180182884401292,0,0,0,0,0,0,0,0.005031343635971617,0,0,0,0,0,0,0,0,0,0,0,0,0,0,0,0,0,0,0,0,0,0,0,0,0,0,0,0,0,0,0,0,0,0,0,0,0,0.00513984106907228,0,0,0,0,0,0,0,0,0,0,0,0,0,0,0,0,0,0,0,0,0,0,0,0,0,0,0,0,0,0,0,0,0,0,0,0,0,0,0,0,0,0,0,0,0,0,0,0,0,0,0,0,0,0,0,0,0,0,0,0,0.00547059988618713,0,0,0,0,0,0,0,0,0,0,0,0,0,0,0,0,0,0,0,0,0,0,0,0,0,0,0,0,0,0,0,0,0,0,0,0,0,0,0,0,0,0,0,0,0,0,0,0,0,0,0,0,0,0,0,0,0,0,0,0,0,0,0,0,0,0,0,0,0,0,0,0,0,0,0,0,0,0,0
0,0,0,0,0,0,0,0,0,0,0,0,0,0,0,0,0,0,0,0,0,0,0,0,0,0,0,0,0,0,0,0,0,0,0,0,0,0,0,0,0,0,0,0,0,0,0,0,0,0,0,0,0,0,0,0,0,0,0,0,0,0,0,0,0,0,0,0,0,0,0,0,0,0,0,0,0,0,0,0,0,0,0,0,0,0,0,0,0,0,0,0,0,0,0,0,0,0,0,0,0,0,0,0,0,0,0,0,0,0,0,0,0,0,0,0,0,0,0,0,0,0,0,0,0,0,0,0,0,0,0,0,0,0,0,0,0,0,0,0,0,0,0,0,0,0,0,0,0,0,0,0,0,0,0,0,0,0,0,0,0,0,0,0,0,0,0,0,0,0,0,0,0,0,0,0,0.003347979326174881,0,0,0,0,0,0,0,0,0,0,0,0,0,0,0,0,0,0,0,0,0,0.002944871731821728,0,0,0,0,0,0,0,0,0,0,0,0,0,0,0,0,0,0,0,0,0,0,0,0,0,0,0,0,0,0,0,0,0,0,0,0,0,0,0,0,0,0,0,0,0.004216496866794314,0,0,0,0,0,0,0,0,0,0,0,0,0,0,0,0,0,0,0,0,0,0,0,0,0,0,0,0,0,0,0,0,0,0,0,0,0,0,0,0,0,0,0,0,0,0,0,0,0,0,0,0,0,0,0,0,0,0,0,0,0,0,0,0,0,0,0,0,0,0,0,0,0,0,0,0,0,0,0,0,0,0,0,0,0,0,0,0,0,0,0,0,0,0,0,0,0,0,0,0,0,0,0,0,0,0,0,0,0,0,0,0,0.003599429372374481,0,0,0,0,0,0,0,0,0,0,0,0,0,0,0,0,0,0,0,0,0,0,0.003358284238516625,0,0,0,0,0,0,0,0,0,0,0,0,0,0,0,0,0,0,0,0,0,0,0,0,0,0.003942918272975672,0.003943369460683243,0.003920481651663106,0,0,0,0,0,0,0,0,0,0,0,0,0,0,0,0,0,0,0,0
0,0,0,0.005314667074569344,0,0,0,0,0,0,0,0,0,0,0,0,0,0,0,0,0,0,0,0,0,0,0,0,0,0,0,0,0,0,0,0,0,0,0,0,0,0,0,0,0,0,0,0,0,0,0,0,0,0,0,0,0,0,0,0,0,0,0,0,0,0,0.004241108119996872,0,0,0,0,0,0,0,0,0,0,0,0,0.005836288400130545,0,0,0,0,0,0,0,0,0,0,0,0,0,0,0.006047057522128094,0,0,0.01095762097349584,0,0,0,0,0,0,0,0,0,0,0,0,0,0,0,0,0,0,0,0,0,0,0,0,0,0,0,0,0,0,0,0,0,0,0,0.006564943393199881,0,0,0,0,0,0.004820498445946099,0,0,0,0,0,0,0,0,0,0,0.004976961321567368,0,0,0.0109145995741874,0,0,0,0,0,0,0,0,0,0,0,0,0,0,0,0,0,0,0,0,0,0,0,0,0,0,0,0,0,0,0,0,0,0,0,0,0,0,0,0,0,0,0,0,0,0,0,0,0,0,0,0,0,0,0,0,0,0.00607367902125599,0,0,0,0,0,0,0.00530682556329092,0,0,0,0.005056715221891842,0,0,0,0,0.004896086156703011,0.006309004684216927,0,0,0,0,0,0,0,0,0,0,0,0,0,0,0,0,0,0,0,0,0,0,0,0,0,0,0,0,0,0,0,0,0,0,0,0,0,0,0,0,0,0.004076030979347955,0,0,0,0,0,0,0,0,0,0,0,0,0,0,0.004642584221403867,0.01090199089042695,0,0,0,0,0,0,0,0,0,0,0,0,0,0,0,0,0,0,0,0,0,0,0,0,0,0,0,0,0,0,0,0,0,0,0,0,0,0,0,0,0,0,0,0,0,0,0,0,0,0,0,0,0,0,0,0,0,0,0,0,0,0,0,0,0,0,0.005000304701756304,0.005168423695624725,0,0.01089870124338832,0.01156051809952826,0,0,0,0,0,0,0,0,0,0,0,0,0,0,0,0,0,0,0,0,0,0,0,0,0,0,0,0,0,0,0,0,0,0,0,0,0,0,0,0,0,0,0,0,0,0,0,0,0,0,0,0,0,0,0,0,0,0,0,0.006911382010338997,0,0.006909719368146747,0.005303865708476336,0.0109222410346539,0.01065335346642836,0.005155360608049486,0.006779854284666464,0.005071764387390281,0,0.01240344498572717
0,0,0,0,0,0,0,0,0,0,0,0,0,0,0,0,0,0,0,0,0,0,0.002573535142571064,0,0,0,0,0,0,0,0,0,0,0,0,0,0,0,0,0,0,0,0,0,0,0,0,0,0,0,0,0,0,0,0,0,0,0,0,0,0,0,0,0,0,0,0.006569934202401127,0,0,0,0,0,0,0,0,0,0,0,0,0,0,0,0,0,0,0,0,0,0,0,0,0,0,0,0,0,0,0.004826284242063987,0,0,0,0,0,0,0,0,0,0,0,0,0,0,0,0,0,0,0,0,0,0,0,0,0,0,0,0,0,0,0,0,0,0,0,0,0,0,0,0,0,0.004549663913790808,0,0,0,0,0,0,0,0,0,0,0.00581206808700814,0,0,0.0052068431367148,0,0,0,0,0,0,0,0,0,0.004476851107170467,0,0,0,0,0,0,0,0,0,0,0,0,0,0,0,0,0,0,0,0,0,0,0,0,0,0,0,0,0,0,0,0,0,0,0,0,0,0,0,0,0,0,0,0,0,0,0,0,0,0,0,0,0,0,0.005197542737412928,0,0,0,0.004921431152058744,0,0,0,0,0,0,0,0,0,0,0,0,0,0,0,0,0,0,0,0,0,0,0,0,0,0,0,0,0,0,0,0,0,0,0,0,0,0,0,0,0,0,0,0,0,0,0.004076030979347955,0,0,0,0,0,0,0,0,0,0,0,0,0,0,0,0.003945463963482117,0.003197838384730474,0,0,0,0,0,0,0,0,0,0,0,0,0,0,0,0,0,0,0,0,0,0,0,0,0,0,0,0,0,0,0,0,0,0,0,0,0,0,0,0,0,0,0,0,0,0,0,0,0,0,0,0,0,0,0,0,0,0,0,0,0,0,0,0,0,0,0.005091595266823675,0.00525022494444753,0,0,0.004949790754128365,0,0,0,0,0,0,0,0,0,0,0,0,0,0,0,0,0,0,0,0,0,0.002979906516873339,0,0,0,0,0,0,0,0,0,0,0,0,0,0,0,0,0,0,0,0,0,0,0,0,0,0,0,0,0,0,0,0,0,0,0,0,0,0,0,0,0.00519422408234564,0.005215921769434051,0.004187007345041372,0.004866163652257768,0,0.005026404657151698,0,0.004077349137037396
0,0,0,0,0,0,0,0,0,0,0,0,0,0,0,0,0,0,0,0,0,0,0,0,0,0,0,0,0,0,0,0,0,0,0,0,0,0,0,0,0,0,0,0,0,0,0,0,0,0,0,0,0,0,0,0,0,0,0,0,0,0,0,0,0,0,0,0,0,0,0,0,0,0,0,0,0,0,0,0,0,0,0,0,0,0,0,0,0,0,0,0,0,0,0,0,0,0,0,0,0,0,0,0,0,0,0,0,0,0,0,0,0,0,0,0.00723998349603799,0,0,0,0,0,0,0,0,0.003876379393347964,0,0,0,0,0,0,0,0,0,0,0,0,0,0,0,0,0,0,0,0,0,0,0,0,0,0,0,0.003876295261432847,0,0,0,0,0,0,0,0,0,0,0,0,0,0,0,0,0,0,0,0,0,0.006556763856996368,0,0.004169068894615129,0.006524097219388335,0,0,0,0,0,0,0.005131493143800003,0.006721460414055934,0,0,0,0,0,0,0,0,0,0,0,0,0.006539310895700991,0,0,0,0,0,0,0,0,0,0,0,0,0,0,0,0,0,0,0,0,0,0,0.0039026067664923,0,0,0,0,0,0,0,0,0,0,0,0,0,0,0.005208704047613925,0,0,0,0,0,0,0.003396896507501608,0,0.003374651872942854,0.003236762146820279,0.006282463309761956,0,0,0,0,0,0,0,0.003420753959784867,0,0,0,0,0,0,0,0,0,0,0.005211051324871554,0,0,0,0,0,0,0,0,0,0,0,0,0,0,0,0,0,0,0,0,0,0,0,0,0,0,0,0,0,0,0,0,0,0,0,0,0,0,0,0,0,0,0,0,0,0,0,0,0,0,0,0,0,0,0,0,0,0,0,0,0,0,0,0,0,0,0,0,0,0,0,0.004267410918477037,0,0,0,0,0,0,0,0,0,0,0.005186277720023889,0.005496116362703297,0,0,0,0,0,0,0,0,0,0,0,0,0,0,0,0,0,0,0,0,0,0,0,0,0,0,0,0,0,0,0,0,0,0,0,0,0,0,0,0,0,0,0,0,0,0,0,0,0,0,0,0,0,0,0,0,0,0,0,0,0,0,0,0,0,0,0,0,0,0,0,0,0,0,0,0,0
0,0,0,0,0,0,0,0,0,0,0,0,0,0,0,0,0.004655919001317111,0,0,0,0,0,0,0,0,0,0,0,0,0,0,0,0,0,0,0,0,0,0,0,0,0,0,0,0,0,0,0,0,0,0,0,0,0,0,0,0,0,0,0,0,0,0,0,0,0,0,0,0,0,0,0,0,0,0,0,0,0,0,0,0,0,0,0,0,0,0,0,0,0,0,0,0,0,0,0,0,0,0,0,0,0,0,0,0,0,0,0,0,0,0,0,0,0,0,0,0,0,0,0,0.006822692047725106,0,0,0,0,0,0,0,0,0.006401319508101765,0,0,0,0,0,0,0,0,0,0,0,0,0,0,0,0,0,0,0,0,0,0,0,0,0,0.004574891851571646,0,0,0,0.006265050993017716,0,0,0.006380178054394715,0,0,0,0,0,0,0.003640751279281646,0,0,0,0,0,0,0,0,0,0,0,0,0,0,0,0,0,0,0,0,0,0.004712785854472987,0,0,0,0,0,0,0,0,0,0,0,0,0,0,0,0,0,0,0,0,0,0,0,0,0,0,0,0,0,0,0,0.004422058131583376,0,0,0,0,0,0,0,0,0,0,0.004289890274537855,0,0,0,0,0,0,0,0,0,0,0,0,0,0,0,0,0,0,0,0,0,0,0,0,0,0,0,0,0,0,0,0,0,0,0,0,0,0,0,0,0,0,0,0,0,0,0,0,0,0,0,0,0,0,0,0.007101224667961547,0.007076947362330494,0.007104976381537452,0.007051160155483818,0.00714233222552658,0.006994273208934772,0.007104976381537452,0,0,0,0,0,0,0,0,0,0,0,0,0,0,0,0,0,0,0,0,0,0,0,0,0,0,0,0,0,0,0,0,0,0,0,0.007102182573189888,0.007102851249541782,0.006692283950921021,0.006959793179881898,0.007076947362330494,0.007032893822578681,0,0,0,0,0,0,0,0,0,0,0,0,0,0,0,0,0,0,0,0,0,0,0.004534227946764662,0,0,0,0,0,0,0,0,0,0,0,0,0,0,0,0,0,0,0,0,0,0,0,0,0,0,0,0,0,0,0,0,0,0,0,0,0,0,0,0,0,0,0,0,0,0,0,0,0,0,0,0,0,0,0,0,0,0,0,0,0,0,0,0,0,0,0
0,0,0,0,0,0,0,0,0,0,0,0,0,0,0,0,0,0,0,0,0,0,0,0,0,0,0,0,0,0,0,0,0,0,0,0,0,0,0,0,0,0,0,0,0,0,0,0,0,0,0,0,0,0,0,0,0,0,0,0,0,0,0,0,0,0,0,0,0,0,0,0,0,0,0,0,0,0,0,0,0,0,0,0,0,0,0,0,0,0,0,0,0,0,0,0,0,0,0,0,0,0,0,0,0,0,0,0,0,0,0,0,0,0,0,0,0,0,0,0,0,0,0,0,0,0,0,0,0,0,0,0,0,0,0,0,0,0,0,0,0,0,0,0,0,0,0,0,0,0,0,0,0,0,0,0,0,0,0,0,0,0,0,0,0,0,0,0,0,0,0,0,0,0,0,0,0,0,0,0,0,0,0,0,0,0,0,0,0,0,0,0,0,0,0,0,0,0,0,0,0,0,0,0,0,0,0,0,0,0,0,0,0,0,0,0,0,0,0,0,0,0,0,0,0,0,0,0,0,0,0,0,0,0,0,0,0,0,0,0,0,0,0,0,0,0,0,0,0,0,0,0,0,0,0,0,0,0,0,0,0,0,0,0,0,0,0,0,0,0,0,0,0,0,0.006705398658695978,0.007073138324139988,0.006149161376256087,0.006086920055471604,0.006082314298955104,0.006090308443007838,0.005937841550918108,0,0,0,0,0,0,0,0,0,0,0,0,0,0,0,0,0.007010475309382799,0.007010475309382798,0,0,0,0,0,0,0,0,0,0,0,0,0,0,0,0,0,0,0.004100846715008356,0,0.004100846715008356,0,0.004070166966921095,0,0,0,0,0.004070166966921095,0,0,0,0,0,0,0,0,0,0,0,0,0,0,0,0,0,0,0,0,0,0,0,0,0,0,0,0,0,0,0,0,0,0,0,0,0,0,0,0,0,0,0,0,0,0,0,0,0,0,0,0,0.005542695071441678,0,0,0,0,0,0,0,0,0,0,0,0,0.006347284191391319,0.006877468106482803,0.006879725152750718,0.005960414864565831,0.005952003585677513,0.005892648657217524,0.005900119034105919,0.005899704845924073,0.004744057992745743,0.00474917175294224,0.004739596981028394,0.005625530573917006,0.005623384791650012,0.005883122469537939,0.005882796703923297,0.00501365060021471,0,0,0,0,0,0,0,0,0,0,0,0,0,0,0,0,0,0,0,0
0,0,0,0,0,0,0,0,0,0,0,0,0,0,0,0,0,0,0,0,0,0,0,0,0,0,0,0,0,0,0,0,0,0,0,0,0,0,0,0,0,0,0,0,0,0,0,0,0,0,0,0,0,0,0,0,0,0,0,0,0,0,0,0,0,0,0,0,0,0,0,0,0,0,0,0,0,0,0,0,0,0,0,0,0,0,0,0,0,0,0,0,0,0,0,0,0,0,0,0,0,0,0,0,0,0,0,0,0,0,0,0,0,0,0,0,0,0,0,0,0,0,0,0,0,0,0,0,0,0,0,0,0,0,0,0,0,0,0,0,0,0,0,0,0,0,0,0,0,0,0,0,0,0,0,0,0,0,0,0,0,0,0,0,0,0,0,0,0,0,0,0,0,0,0,0,0,0,0,0,0,0,0,0,0,0,0,0,0,0,0,0,0,0,0,0,0,0,0,0,0,0,0,0,0,0,0,0,0,0,0,0,0,0,0,0,0,0,0,0,0,0,0,0,0,0,0,0,0,0,0,0,0,0,0,0,0,0,0,0,0,0,0,0,0,0,0,0,0,0,0,0,0,0,0,0,0,0,0,0,0,0,0,0,0,0,0,0,0,0,0,0,0,0.006705398658695978,0,0.006702947205818221,0.005778740652948414,0.00570010569544065,0.005782195200615538,0.005720010893596441,0.00534863331683762,0,0,0,0,0,0,0,0,0,0,0,0,0,0,0,0,0.00664019092229709,0.00664019092229709,0,0,0,0,0,0,0,0,0,0,0,0,0,0,0,0,0,0,0,0,0,0,0,0,0,0,0,0,0,0,0,0,0,0,0,0,0,0,0,0,0,0,0,0,0,0,0,0,0,0,0,0,0,0,0,0,0,0,0,0,0,0,0,0,0,0,0,0,0,0,0,0,0,0,0,0,0,0,0,0,0.005427100279759539,0,0,0,0,0,0,0,0,0,0,0,0,0.00620265780197031,0.006753977750346024,0.006756238697102765,0.005836714568911579,0.005828267105483875,0.005769037439680733,0.005776523128777713,0.005776108091624531,0.004621670433546707,0.004626478188255968,0.004619158856730666,0.005515570152069466,0.005513360537540108,0.005866890858040208,0.005771530059457484,0.004874352712836556,0,0,0,0,0,0,0,0,0,0,0,0,0,0,0,0,0,0,0,0
0,0,0,0,0,0,0,0,0,0,0,0,0,0,0,0,0,0,0,0,0,0,0,0,0,0,0,0,0,0,0,0,0,0,0,0,0,0,0,0,0,0,0,0,0,0,0,0,0,0,0,0,0,0,0,0,0,0,0,0,0,0,0,0,0,0,0,0,0,0,0,0,0,0,0,0,0,0,0,0,0,0,0,0,0,0,0,0,0,0,0,0,0,0,0,0,0,0,0,0,0,0,0,0,0,0,0,0,0,0,0,0,0,0,0,0,0,0,0,0,0,0,0,0,0,0,0,0,0,0,0,0,0,0,0,0,0,0,0,0,0,0,0,0,0,0,0,0,0,0,0,0,0,0,0,0,0,0,0,0,0,0,0,0,0,0,0,0,0,0,0,0,0,0,0,0,0,0,0,0,0,0,0,0,0,0,0,0,0,0,0,0,0,0,0,0,0,0,0,0,0,0,0,0,0,0,0,0,0,0,0,0,0,0,0,0,0,0,0,0,0,0,0,0,0,0,0,0,0,0,0,0,0,0,0,0,0,0,0,0,0,0,0,0,0,0,0,0,0,0,0,0,0,0,0,0,0,0,0,0,0,0,0,0,0,0,0,0,0,0,0,0,0,0.007073138324139988,0.006702947205818221,0,0.006147131904526991,0.006084890357496613,0.006080284646384061,0.006088301786903404,0.005935910743267435,0,0,0,0,0,0,0,0,0,0,0,0,0,0,0,0,0.007008049485276299,0.007008049485276299,0,0,0,0,0,0,0,0,0,0,0,0,0,0,0,0,0,0,0.004099800526002005,0,0.004099800526002005,0,0.00406913191248661,0,0,0,0,0.004069131912486611,0,0,0,0,0,0,0,0,0,0,0,0,0,0,0,0,0,0,0,0,0,0,0,0,0,0,0,0,0,0,0,0,0,0,0,0,0,0,0,0,0,0,0,0,0,0,0,0,0,0,0,0,0.005540281101081731,0,0,0,0,0,0,0,0,0,0,0,0,0.006344831456575966,0.006875020665443706,0.006877277711711621,0.005958367187055089,0.005949974007452098,0.005890641912587065,0.005898112289475461,0.005897698101293615,0.004742571081286107,0.004747684496831066,0.004738109724932266,0.005623776937209659,0.00562163115462545,0.005881101056064594,0.00588077958785032,0.005012057927009297,0,0,0,0,0,0,0,0,0,0,0,0,0,0,0,0,0,0,0,0
0,0,0,0,0,0,0,0,0,0,0,0,0,0,0,0,0,0,0,0,0,0,0,0,0,0,0,0,0,0,0,0,0,0,0,0,0,0,0,0,0,0,0,0,0,0,0,0,0,0,0,0,0,0,0,0,0,0,0,0,0,0,0,0,0,0,0,0,0,0,0,0,0,0,0,0,0,0,0,0,0,0,0,0,0,0,0,0,0,0,0,0,0,0,0,0,0,0,0,0,0,0,0,0,0,0,0,0,0,0,0,0,0,0,0,0,0,0,0,0,0,0,0,0,0,0,0,0,0,0,0,0,0,0,0,0,0,0,0,0,0,0,0,0,0,0,0,0,0,0,0,0,0,0,0,0,0,0,0,0,0,0,0,0,0,0,0,0,0,0,0,0,0,0,0,0,0,0,0,0,0,0,0,0,0,0,0,0,0,0,0,0,0,0,0,0,0,0,0,0,0,0,0,0,0,0,0,0,0,0,0,0,0,0,0,0,0,0,0,0,0,0,0,0,0,0,0,0,0,0,0,0,0,0,0,0,0,0,0,0,0,0,0,0,0,0,0,0,0,0,0,0,0,0,0,0,0,0,0,0,0,0,0,0,0,0,0,0,0,0,0,0,0,0.006149161376256087,0.005778740652948414,0.006147131904526991,0,0.007017096470195151,0.007011357649641993,0.00676841786034329,0.006411582795201835,0,0,0,0,0,0,0,0,0,0,0,0,0,0,0,0,0.006404065442289995,0.006404065442289994,0,0,0,0,0,0,0,0,0,0,0,0,0,0,0,0,0,0.003988079710014089,0,0,0,0.003979025624800432,0.00398226934060915,0,0,0,0,0.00398226934060915,0,0,0,0,0,0,0,0,0,0,0,0,0,0,0,0,0,0,0,0,0,0,0,0,0,0,0,0,0,0,0,0,0,0,0,0,0,0,0,0,0,0,0,0,0,0,0,0,0,0,0,0,0.004802642025732422,0,0,0,0,0,0,0,0,0,0,0,0,0.005420063020000839,0.005948479348639365,0.005950349541431363,0.006746276566909898,0.006881504710437457,0.006569369326274516,0.006578020088193979,0.006577540454648772,0.00516092020890105,0.005166484406329075,0.005156889216791038,0.004948048960596549,0.004946288508921752,0.005696368878225092,0.005439445776034973,0.005410292300146543,0,0,0,0,0,0,0,0,0,0,0,0,0,0,0,0,0,0,0,0
0,0,0,0,0,0,0,0,0,0,0,0,0,0,0,0,0,0,0,0,0,0,0,0,0,0,0,0,0,0,0,0,0,0,0,0,0,0,0,0,0,0,0,0,0,0,0,0,0,0,0,0,0,0,0,0,0,0,0,0,0,0,0,0,0,0,0,0,0,0,0,0,0,0,0,0,0,0,0,0,0,0,0,0,0,0,0,0,0,0,0,0,0,0,0,0,0,0,0,0,0,0,0,0,0,0,0,0,0,0,0,0,0,0,0,0,0,0,0,0,0,0,0,0,0,0,0,0,0,0,0,0,0,0,0,0,0,0,0,0,0,0,0,0,0,0,0,0,0,0,0,0,0,0,0,0,0,0,0,0,0,0,0,0,0,0,0,0,0,0,0,0,0,0,0,0,0,0,0,0,0,0,0,0,0,0,0,0,0,0,0,0,0,0,0,0,0,0,0,0,0,0,0,0,0,0,0,0,0,0,0,0,0,0,0,0,0,0,0,0,0,0,0,0,0,0,0,0,0,0,0,0,0,0,0,0,0,0,0,0,0,0,0,0,0,0,0,0,0,0,0,0,0,0,0,0,0,0,0,0,0,0,0,0,0,0,0,0,0,0,0,0,0,0.006086920055471604,0.00570010569544065,0.006084890357496613,0.007017096470195151,0,0.007024072581053241,0.006705751739413714,0.006349071136583688,0,0,0,0,0,0,0,0,0,0,0,0,0,0,0,0,0.00634172776838425,0.00634172776838425,0,0,0,0,0,0,0,0,0,0,0,0,0,0,0,0,0,0.003927455110760873,0,0,0,0.003918153193425662,0.003921398240291628,0,0,0,0,0.003921398240291628,0,0,0,0,0,0,0,0,0,0,0,0,0,0,0,0,0,0,0,0,0,0,0,0,0,0,0,0,0,0,0,0,0,0,0,0,0,0,0,0,0,0,0,0,0,0,0,0,0,0,0,0,0.004803017144685217,0,0,0,0,0,0,0,0,0,0,0,0,0.00542621072896461,0.005958670361837354,0.005960540795091691,0.006755951392107045,0.006891155046822105,0.006579132122736749,0.006587783582569113,0.006587303910328766,0.005171435842734749,0.005177000257531819,0.005167405101531875,0.004958794967979136,0.004957034156881119,0.005706433054480084,0.005449627476949579,0.005419431925359645,0,0,0,0,0,0,0,0,0,0,0,0,0,0,0,0,0,0,0,0
0,0,0,0,0,0,0,0,0,0,0,0,0,0,0,0,0,0,0,0,0,0,0,0,0,0,0,0,0,0,0,0,0,0,0,0,0,0,0,0,0,0,0,0,0,0,0,0,0,0,0,0,0,0,0,0,0,0,0,0,0,0,0,0,0,0,0,0,0,0,0,0,0,0,0,0,0,0,0,0,0,0,0,0,0,0,0,0,0,0,0,0,0,0,0,0,0,0,0,0,0,0,0,0,0,0,0,0,0,0,0,0,0,0,0,0,0,0,0,0,0,0,0,0,0,0,0,0,0,0,0,0,0,0,0,0,0,0,0,0,0,0,0,0,0,0,0,0,0,0,0,0,0,0,0,0,0,0,0,0,0,0,0,0,0,0,0,0,0,0,0,0,0,0,0,0,0,0,0,0,0,0,0,0,0,0,0,0,0,0,0,0,0,0,0,0,0,0,0,0,0,0,0,0,0,0,0,0,0,0,0,0,0,0,0,0,0,0,0,0,0,0,0,0,0,0,0,0,0,0,0,0,0,0,0,0,0,0,0,0,0,0,0,0,0,0,0,0,0,0,0,0,0,0,0,0,0,0,0,0,0,0,0,0,0,0,0,0,0,0,0,0,0,0.006082314298955104,0.005782195200615538,0.006080284646384061,0.007011357649641993,0.007024072581053241,0,0.006700463756136248,0.006344231430930576,0,0,0,0,0,0,0,0,0,0,0,0,0,0,0,0,0.006336785843790957,0.006336785843790957,0,0,0,0,0,0,0,0,0,0,0,0,0,0,0,0,0,0,0,0,0,0.004124215562217818,0.004127763941382248,0,0.004124215562217818,0,0,0.004127763941382248,0,0,0,0,0,0,0,0,0,0,0,0,0,0,0,0,0,0,0,0,0,0,0,0,0,0,0,0,0,0,0,0,0,0,0,0,0,0,0,0,0,0,0,0,0,0,0,0,0,0,0,0,0.004797555780330587,0,0,0,0,0,0,0,0,0,0,0,0,0.005421206293697774,0.00595389860649157,0.005955768997810323,0.006750170465823161,0.006885250115822246,0.006573678054751688,0.00658232952921149,0.00658184985616014,0.005167728379544758,0.005173291913981345,0.005163696789681246,0.00495558490505927,0.004953824081276947,0.005702026062906216,0.005445540312850476,0.005322023209616185,0,0,0,0,0,0,0,0,0,0,0,0,0,0,0,0,0,0,0,0
0,0,0,0,0,0,0,0,0,0,0,0,0,0,0,0,0,0,0,0,0,0,0,0,0,0,0,0,0,0,0,0,0,0,0,0,0,0,0,0,0,0,0,0,0,0,0,0,0,0,0,0,0,0,0,0,0,0,0,0,0,0,0,0,0,0,0,0,0,0,0,0,0,0,0,0,0,0,0,0,0,0,0,0,0,0,0,0,0,0,0,0,0,0,0,0,0,0,0,0,0,0,0,0,0,0,0,0,0,0,0,0,0,0,0,0,0,0,0,0,0,0,0,0,0,0,0,0,0,0,0,0,0,0,0,0,0,0,0,0,0,0,0,0,0,0,0,0,0,0,0,0,0,0,0,0,0,0,0,0,0,0,0,0,0,0,0,0,0,0,0,0,0,0,0,0,0,0,0,0,0,0,0,0,0,0,0,0,0,0,0,0,0,0,0,0,0,0,0,0,0,0,0,0,0,0,0,0,0,0,0,0,0,0,0,0,0,0,0,0,0,0,0,0,0,0,0,0,0,0,0,0,0,0,0,0,0,0,0,0,0,0,0,0,0,0,0,0,0,0,0,0,0,0,0,0,0,0,0,0,0,0,0,0,0,0,0,0,0,0,0,0,0,0.006090308443007838,0.005720010893596441,0.006088301786903404,0.00676841786034329,0.006705751739413714,0.006700463756136248,0,0.006567540738053866,0,0,0,0,0,0,0,0,0,0,0,0,0,0,0,0,0.006307622642115495,0.006307622642115495,0,0,0,0,0,0,0,0,0,0,0,0,0,0,0,0,0,0,0.004198668385099934,0,0.004198668385099934,0,0.003961610984729465,0,0,0,0,0.003961610984729465,0,0,0,0,0,0,0,0,0,0,0,0,0,0,0,0,0,0,0,0,0,0,0,0,0,0,0,0,0,0,0,0,0,0,0,0,0,0,0,0,0,0,0,0,0,0,0,0,0,0,0,0,0.004726035543327108,0,0,0,0,0,0,0,0,0,0,0,0,0.005361664621354961,0.005890164751530192,0.005892014109319983,0.006601251241994329,0.006570444941704678,0.006855362470450601,0.006864523245919246,0.006864015335141469,0.005395239540640854,0.005400984517201742,0.005391278505551779,0.005159745880869219,0.005157859084268322,0.005721337189236547,0.005719374561250899,0.005174812074396081,0,0,0,0,0,0,0,0,0,0,0,0,0,0,0,0,0,0,0,0
0,0,0,0,0,0,0,0,0,0,0,0,0,0,0,0,0,0,0,0,0,0,0,0,0,0,0,0,0,0,0,0,0,0,0,0,0,0,0,0,0,0,0,0,0,0,0,0,0,0,0,0,0,0,0,0,0,0,0,0,0,0,0,0,0,0,0,0,0,0,0,0,0,0,0,0,0,0,0,0,0,0,0,0,0,0,0,0,0,0,0,0,0,0,0,0,0,0,0,0,0,0,0,0,0,0,0,0,0,0,0,0,0,0,0,0,0,0,0,0,0,0,0,0,0,0,0,0,0,0,0,0,0,0,0,0,0,0,0,0,0,0,0,0,0,0,0,0,0,0,0,0,0,0,0,0,0,0,0,0,0,0,0,0,0,0,0,0,0,0,0,0,0,0,0,0,0,0,0,0,0,0,0,0,0,0,0,0,0,0,0,0,0,0,0,0,0,0,0,0,0,0,0,0,0,0,0,0,0,0,0,0,0,0,0,0,0,0,0,0,0,0,0,0,0,0,0,0,0,0,0,0,0,0,0,0,0,0,0,0,0,0,0,0,0,0,0,0,0,0,0,0,0,0,0,0,0,0,0,0,0,0,0,0,0,0,0,0,0,0,0,0,0,0.005937841550918108,0.00534863331683762,0.005935910743267435,0.006411582795201835,0.006349071136583688,0.006344231430930576,0.006567540738053866,0,0,0,0,0,0,0,0,0,0,0,0,0,0,0,0,0,0.005848964954769768,0.005848964954769768,0,0,0,0,0,0,0,0,0,0,0,0,0,0,0,0,0,0,0.004807036051302166,0,0.004807036051302166,0.004667372779824057,0.004671615138532405,0,0.004667372779824057,0,0,0.004671615138532405,0,0,0,0,0,0,0,0,0,0,0,0,0,0,0,0,0,0,0,0,0,0,0,0,0,0,0,0,0,0,0,0,0,0,0,0,0,0,0,0,0,0,0,0,0,0,0,0,0,0,0,0,0,0,0,0,0,0,0,0,0,0,0,0,0,0.004990026996136748,0.005518201996538722,0.005519888360023267,0.006255832067126252,0.006213095165072549,0.006368758125327745,0.00637705805964984,0.006376597877418384,0.00552170925700762,0.005527607230971851,0.005517906323222475,0.004544686888526221,0,0.005433111150875207,0.005430135151129145,0.005301285359635852,0,0,0,0,0,0,0,0,0,0,0,0,0,0,0,0,0,0,0,0
0,0,0,0,0,0,0,0,0,0,0,0,0,0,0,0,0,0.006163320552386391,0,0.006407589554331905,0,0,0,0,0,0,0.006045503555135789,0,0,0,0,0,0,0,0,0,0,0,0,0,0,0,0,0,0,0,0,0,0,0,0,0,0.004662063100247782,0,0,0,0,0,0,0,0,0,0,0,0.006702797376130071,0,0,0,0,0,0,0,0,0.002887907341420526,0,0,0,0,0,0,0,0,0,0,0,0.005914044593606562,0,0,0,0,0,0.005855743001628779,0.005566872313768946,0,0,0,0,0,0,0,0,0,0,0,0,0,0,0,0,0,0,0,0,0,0,0,0,0,0,0,0,0,0,0,0,0,0,0,0,0,0,0,0,0,0,0,0,0,0,0,0,0,0,0,0,0,0,0,0,0,0,0,0,0,0,0,0,0.003800126900089371,0,0,0,0,0,0,0,0,0,0,0,0,0,0,0,0,0,0,0,0,0,0,0,0,0,0,0,0,0.005516243149326463,0,0,0,0,0,0,0,0.00481907172726893,0,0,0,0,0.005816312638820405,0,0,0,0,0,0,0,0.004819408105925179,0,0,0,0,0,0,0,0,0,0,0,0.005477531136776702,0,0,0,0,0,0,0,0,0,0,0.004718484650416447,0,0,0,0,0,0,0,0,0,0,0,0,0,0,0,0,0,0,0,0,0,0,0,0,0,0,0,0,0,0,0.006561952163849494,0,0,0,0,0,0,0,0,0,0,0,0,0,0,0,0,0,0,0,0,0,0.006587245476250763,0,0,0,0,0,0,0,0,0,0,0,0,0,0,0,0,0,0,0,0,0,0,0,0,0,0,0,0,0,0,0,0,0,0,0,0,0,0,0,0,0,0,0,0,0,0,0,0,0,0,0,0,0,0,0,0,0,0,0,0,0,0,0,0.003491817260958745,0,0,0,0,0,0,0,0,0,0,0,0,0,0,0,0,0,0,0,0,0,0,0,0,0,0,0,0,0.003728414589317292,0,0,0,0,0,0,0,0,0.002914830738293211,0,0,0,0,0,0,0,0,0,0,0,0,0,0,0,0,0,0,0,0,0,0,0,0,0,0,0.002991933830637741,0,0.003715958665176683,0,0,0,0,0,0,0,0,0,0,0,0,0
0,0,0,0,0,0.002798007778689567,0,0,0,0,0,0,0,0,0.003453686495176543,0,0,0,0,0,0,0,0,0,0,0,0,0,0,0,0,0,0,0.002928482909592285,0,0,0,0,0,0,0,0,0,0,0,0,0,0,0,0,0,0,0,0,0,0,0,0,0,0,0,0,0,0,0,0,0,0,0.003266912436124483,0,0,0,0,0,0,0,0,0,0,0,0,0,0,0,0,0,0,0,0,0,0,0,0,0,0,0,0,0,0,0,0,0,0,0,0,0,0,0,0,0,0,0,0,0,0,0,0,0.00320078731615218,0,0,0,0,0,0,0,0,0,0,0,0,0,0,0,0,0,0,0,0,0,0,0,0,0,0,0,0,0,0,0,0,0,0,0,0,0,0,0,0,0,0,0,0,0,0,0,0,0,0,0,0,0,0,0,0,0,0,0,0,0,0,0,0,0,0,0,0,0,0,0,0,0,0,0,0.002720118493222978,0,0,0.002546433289769558,0,0,0,0,0,0,0,0,0,0,0,0,0,0,0,0,0,0.002951251035989787,0,0,0,0,0,0,0,0,0,0,0,0,0,0,0.00288191975472286,0,0,0.002991351886703784,0,0,0.002729642350821478,0,0,0,0,0,0,0,0,0.002814097451470323,0,0,0,0,0,0,0,0.003016144606476246,0,0,0,0,0,0,0,0,0,0,0,0,0,0,0,0,0,0,0,0,0,0,0,0,0,0,0,0,0,0,0,0,0,0,0,0,0,0,0,0,0,0,0,0,0,0,0,0,0,0,0,0,0,0,0,0,0,0,0,0,0,0,0,0,0,0,0,0,0,0,0,0,0,0,0,0,0,0,0,0,0,0,0,0,0,0,0,0,0,0,0,0,0,0,0,0,0,0,0,0,0,0,0,0,0,0,0,0,0,0,0,0,0,0,0,0,0,0,0,0,0,0,0,0,0,0,0,0,0,0,0,0,0,0,0,0,0,0,0.002539214282045298,0,0,0,0,0,0,0,0,0,0,0,0,0,0,0,0,0,0,0,0,0,0,0,0,0,0,0,0,0,0,0,0,0,0,0,0
0,0,0,0,0,0,0,0,0,0,0,0,0,0,0,0,0,0.004887791235084734,0,0.006476395921134965,0,0,0,0,0,0,0.005983549487141126,0,0,0,0,0,0,0,0,0,0,0,0,0,0,0,0,0,0,0,0,0,0,0,0,0,0.004694465293474623,0,0,0,0,0,0,0,0,0,0,0,0.005422005818809898,0,0,0,0,0,0,0,0,0.003240489977647034,0,0,0,0.003272912721498612,0,0,0.003139173444281855,0,0,0,0,0.004866948565887704,0,0,0,0,0,0.006017977849448178,0.00471287142137576,0,0,0,0,0,0,0,0,0,0,0,0,0,0,0,0,0,0,0,0,0,0,0,0,0,0,0,0,0,0,0,0,0,0,0,0,0,0,0,0,0,0,0,0,0,0,0,0,0,0,0,0,0,0,0,0,0,0,0,0,0,0,0,0,0.004040037009039431,0,0,0,0,0,0,0,0,0,0,0,0,0,0,0.003063382851593502,0,0,0,0,0,0,0,0,0,0,0,0,0,0.004540119392098679,0,0,0,0.002980255970508329,0,0,0,0.005083248308673408,0,0.003216910418064372,0,0,0.005269373269752759,0,0,0,0,0,0,0,0.004221037395824693,0,0,0,0,0,0,0,0,0,0,0,0.005135590542412338,0,0,0,0,0,0,0,0,0,0,0.00380458069377886,0,0,0,0,0,0,0,0,0,0,0,0,0,0,0,0,0,0,0,0,0,0,0,0,0,0,0,0,0,0,0.007142842439971368,0,0,0,0,0,0,0,0,0,0,0,0,0,0,0,0,0,0,0,0.006587245476250763,0,0,0,0,0,0,0,0,0,0,0,0,0,0,0,0,0,0,0,0,0,0,0,0,0,0,0,0,0,0,0,0,0,0,0,0,0,0,0,0,0,0,0,0,0,0,0,0,0,0,0,0,0,0,0,0,0,0,0,0,0,0,0,0,0,0.004700490911219561,0,0,0,0,0,0,0,0,0,0,0,0,0,0,0,0,0,0,0,0,0,0,0,0,0,0,0,0,0.003645429243799167,0,0,0,0,0,0,0,0.002865299407516603,0,0,0,0,0,0,0,0,0,0,0,0,0,0,0,0,0,0,0,0,0,0,0,0,0.00324183129577364,0,0,0,0,0.003165662940624234,0,0,0,0,0,0,0,0,0,0,0,0,0
0.004638195000608625,0.004602310816690708,0,0,0,0,0,0,0,0,0.005731696053936947,0,0,0,0,0.004278063053758592,0,0,0,0,0.003647355449623269,0,0,0,0,0,0,0,0,0,0,0,0,0,0,0,0.004968585135304881,0,0,0.005872734750685499,0.005563307661927835,0,0,0,0,0,0,0,0,0,0,0,0,0,0,0,0,0,0,0,0,0,0,0,0,0,0,0,0,0.006480014337412448,0,0,0,0,0,0.003220025993490747,0,0,0,0,0,0,0,0,0,0,0,0,0,0,0,0,0,0.005190795164334103,0,0,0.004468828628093186,0,0,0,0,0,0,0,0,0,0.003512749093262135,0,0,0,0,0,0,0,0,0,0,0,0,0,0,0,0.004119671908220719,0,0,0,0,0,0,0,0,0,0,0,0,0,0,0,0,0,0,0,0,0,0,0,0,0,0,0,0,0,0,0,0,0,0,0,0,0,0,0,0,0,0,0,0,0,0,0,0,0,0,0,0,0,0,0,0,0,0,0,0,0,0,0,0,0,0,0,0,0,0.004431243327454903,0,0,0.003322437328547339,0,0.006531505390616971,0,0,0,0,0.004539153527992456,0.005027555321318289,0,0,0,0,0,0,0,0,0,0.00454941451657834,0,0,0,0,0,0,0,0,0,0,0,0,0,0,0,0,0,0,0,0.006990674366576704,0,0,0,0,0,0.006664226170175137,0.005261699391606459,0,0,0,0,0,0,0,0,0,0,0,0,0,0,0,0,0,0,0,0,0,0,0,0,0,0,0,0,0,0,0,0,0,0,0,0,0,0,0,0,0,0,0,0,0,0,0,0,0,0,0,0,0,0,0,0,0,0,0,0,0,0,0,0,0,0,0,0,0,0,0,0,0,0,0,0,0,0,0,0,0,0,0,0,0,0,0,0,0.006277743135317787,0.006287018813268761,0.004068249516095458,0,0,0,0,0,0,0,0,0,0,0,0,0,0,0,0,0,0,0,0,0,0,0,0,0,0,0,0,0,0,0,0,0,0,0,0,0,0,0,0,0,0,0,0,0,0,0,0,0,0,0,0,0,0,0,0,0,0,0,0,0,0,0,0,0,0,0,0,0,0,0,0,0,0,0,0,0,0,0,0.004104196414075209,0,0,0,0,0,0,0,0,0,0,0,0,0,0,0,0
0,0,0,0,0,0,0,0,0,0,0,0,0,0,0,0,0,0,0,0,0,0,0,0,0,0,0,0,0,0,0,0,0,0,0,0,0,0,0,0,0,0,0,0,0,0,0,0,0,0,0,0,0,0,0,0,0,0,0,0,0,0,0,0,0,0,0,0,0,0,0,0,0,0,0,0,0,0,0,0,0,0,0,0,0,0,0,0,0,0,0,0,0,0,0,0,0,0,0,0,0,0,0,0,0,0,0,0,0,0,0,0,0,0,0.002500682846991174,0,0,0,0,0,0,0,0,0,0,0,0,0,0,0,0,0,0,0,0,0,0,0,0,0,0,0,0,0,0,0,0,0,0,0,0.004198559159992798,0,0,0,0,0,0,0,0,0,0,0,0,0.002748429115815798,0,0,0,0,0,0,0,0,0,0,0,0,0,0,0,0,0,0,0,0,0,0,0,0,0,0,0,0,0,0,0,0,0,0,0,0,0,0,0,0,0,0,0,0,0,0,0,0,0,0,0,0,0,0,0.003710965977198419,0,0,0,0,0,0,0,0,0,0,0,0,0,0,0,0,0,0,0,0,0,0,0,0,0.003254186024214615,0,0,0,0,0,0,0,0,0,0,0,0,0,0,0,0,0,0,0,0,0,0,0,0,0,0.004642584221403867,0.003945463963482117,0,0,0,0,0,0,0,0,0,0,0,0,0,0,0,0.005027785247119502,0,0,0,0,0,0,0,0,0,0,0,0,0,0,0,0,0,0,0,0,0,0,0,0,0,0,0,0,0,0,0,0,0,0,0,0,0,0,0,0,0.002649961242262271,0,0,0,0,0,0,0,0,0,0,0,0,0,0,0,0,0,0,0,0,0,0,0,0,0,0,0,0,0.00459280678636609,0,0,0,0,0,0,0,0,0,0,0,0,0,0,0,0,0,0,0,0,0,0,0,0,0,0,0,0,0,0,0,0,0,0,0,0,0,0,0,0,0,0,0,0,0,0,0,0,0,0,0,0,0,0,0,0,0,0,0,0,0,0,0,0,0,0,0.003281469911910626,0,0,0,0.004643991617910806
0,0,0,0.005342102585407543,0,0,0,0,0,0,0,0,0,0,0,0,0,0,0,0,0,0,0,0,0,0,0,0,0,0,0,0,0,0,0,0,0,0,0,0,0,0,0,0,0,0,0,0,0,0,0,0,0,0,0,0,0,0,0,0,0,0,0,0,0,0,0,0,0,0,0,0,0,0,0,0,0,0,0,0.005838803646814847,0,0,0,0,0,0,0,0,0,0,0,0,0,0,0.005956716457823629,0,0,0.009518577293275706,0,0,0,0,0,0,0,0,0,0,0,0,0,0,0,0,0,0,0,0,0,0,0,0,0,0,0,0,0,0,0,0,0,0,0,0.006570740642881625,0,0,0,0,0,0.003670583160746017,0,0,0,0,0,0,0,0,0,0,0.003736867417505315,0,0,0.009894725986732605,0,0,0,0,0,0,0,0,0,0,0,0,0,0,0,0,0,0,0,0,0,0,0,0,0,0,0,0,0,0,0,0,0,0,0,0,0,0,0,0,0,0,0,0,0,0,0,0,0,0,0,0,0,0,0,0,0,0.006065631253201107,0,0,0,0,0,0,0.004047718387950265,0,0,0,0,0,0,0,0,0.00489046006797122,0.006306290019616108,0,0,0,0,0,0,0,0,0,0,0,0,0,0,0,0,0,0,0,0,0,0,0,0,0,0,0,0,0,0,0,0,0,0,0,0,0,0,0,0,0.01090199089042695,0.003197838384730474,0,0,0,0,0,0,0,0,0,0,0,0,0,0,0.005027785247119502,0,0,0,0,0,0,0,0,0,0,0,0,0,0,0,0,0,0,0,0,0,0,0,0,0,0,0,0,0,0,0,0,0,0,0,0,0,0,0,0,0,0,0,0,0,0,0,0,0,0,0,0,0,0,0,0,0,0,0,0,0,0,0,0,0,0,0,0,0,0,0.01107944054065351,0.01031736647778267,0,0,0,0,0,0,0,0,0,0,0,0,0,0,0,0,0,0,0,0,0,0,0,0,0,0,0,0,0,0,0,0,0,0,0,0,0,0,0,0,0,0,0,0,0,0,0,0,0,0,0,0,0,0,0,0,0,0,0,0.006856500551951661,0,0.006856438201495602,0.004044765363888298,0.009900995520568015,0.009219388539990412,0.003616054872278197,0.006737036555977047,0,0,0.01090367171516073
0,0,0,0,0,0,0,0.005796550553129519,0.005053629758709774,0,0,0,0,0,0,0,0,0,0,0,0,0,0,0,0,0,0,0,0.005246289200687308,0,0,0,0,0,0,0,0,0.006230236202603745,0,0,0,0,0,0,0,0,0,0,0.006429485593982659,0,0,0.00773309196549315,0,0.004508705311277904,0.009131152329192881,0,0.00963170402742885,0.004655054392277277,0.00529004279235877,0,0,0,0,0.005038919176232679,0,0,0,0.005189119300924114,0,0,0,0,0,0,0.00605748561733165,0,0,0,0,0,0,0,0,0,0,0,0,0,0,0,0,0,0,0,0,0,0,0,0,0,0,0,0,0,0,0,0,0,0,0,0,0,0.004545925650855985,0.004537956968297095,0,0,0,0,0,0,0,0,0,0,0,0,0,0.009081298408531845,0,0,0,0,0,0,0.008215174918873119,0,0.004729689965734959,0,0,0,0,0,0,0,0,0,0.00518867399757653,0,0,0.006664759787255283,0,0.005506145422739875,0,0,0,0,0,0,0.007545290066979669,0,0,0,0,0,0,0,0,0,0,0,0,0,0,0,0,0,0,0,0,0,0,0,0,0,0,0,0,0,0,0,0,0,0,0,0,0,0,0,0,0,0,0.008037104681076166,0,0,0,0,0,0,0,0,0,0,0,0,0,0,0.004510782738016686,0,0,0,0,0,0,0,0,0,0,0,0,0,0,0,0,0,0,0,0,0,0,0,0,0.005125230198675188,0,0,0,0,0,0,0,0.008183480446131226,0,0.005975606731954968,0,0,0,0,0,0,0,0,0,0,0,0,0,0,0,0.00513984106907228,0,0,0,0,0,0,0,0,0,0,0,0,0,0,0,0,0,0,0,0,0,0,0,0,0,0,0,0,0,0,0,0,0,0,0,0,0,0,0,0,0,0,0,0,0,0,0,0,0,0,0,0,0,0,0,0,0,0,0,0,0,0,0,0,0,0,0,0,0,0,0,0,0,0,0,0,0,0,0,0,0.006404976329315628,0,0,0,0,0,0,0,0,0,0,0,0,0,0,0,0,0,0,0,0,0,0,0,0,0,0,0,0,0,0,0,0,0,0,0,0,0,0,0,0,0,0,0,0,0,0,0,0,0,0,0,0,0,0,0,0,0,0,0,0,0,0,0,0,0,0,0,0,0,0,0,0,0,0,0,0,0,0,0
0,0,0,0,0,0,0,0,0,0,0,0,0,0,0,0,0,0,0,0,0,0,0,0,0,0,0,0,0,0,0,0,0,0,0,0,0,0,0,0,0,0,0,0,0,0,0,0,0,0,0,0,0,0,0,0,0,0,0,0,0,0,0,0,0,0,0,0,0,0,0,0,0,0,0,0,0,0,0,0,0,0,0,0,0.003983426792673892,0,0,0,0,0,0,0,0,0,0,0,0,0,0,0,0,0,0,0,0,0,0,0.003147489245874039,0,0,0,0,0,0,0,0,0,0,0,0,0,0,0,0,0,0,0,0,0,0,0,0,0,0,0,0,0,0,0,0,0,0,0,0,0,0,0,0,0,0,0,0,0,0,0,0,0,0,0,0,0,0,0,0,0,0,0,0,0,0,0,0.01083492623060081,0,0,0,0,0,0,0,0,0.007213963439506575,0,0,0,0,0,0,0.001948109893168975,0,0,0,0,0,0,0,0,0,0,0,0,0,0,0,0,0,0,0,0,0,0,0,0,0,0,0,0,0,0.01156632987823616,0,0,0,0,0,0,0,0,0,0,0,0,0,0,0,0,0,0,0,0,0,0,0,0,0,0,0,0,0,0,0,0,0,0,0,0,0,0,0,0,0,0,0,0,0,0,0,0,0,0,0,0,0,0,0,0,0,0,0,0,0,0,0,0,0,0,0,0,0,0,0,0.01130183746533711,0,0,0,0,0,0,0,0,0,0,0,0,0,0,0,0,0,0,0,0,0,0,0,0,0,0,0,0,0,0,0,0,0,0,0,0,0,0,0,0,0,0,0,0,0,0,0,0,0,0,0,0,0,0,0,0,0,0,0,0,0,0,0.01072724004039238,0,0,0,0,0,0,0,0,0,0,0,0,0,0,0,0,0,0,0,0,0,0,0,0,0,0,0,0,0,0.01119037788860216,0,0,0,0,0,0,0,0,0,0,0,0,0,0,0,0,0,0,0,0,0,0,0,0,0,0,0,0,0,0,0,0,0,0,0,0,0,0,0,0,0,0,0,0,0
0,0,0,0,0,0,0,0,0,0,0,0,0,0,0,0,0,0,0,0,0,0,0,0,0,0,0,0,0,0,0,0,0,0,0,0,0,0,0,0,0,0,0,0,0,0,0,0,0,0,0,0,0,0,0,0,0,0,0,0,0,0,0,0,0,0,0,0,0,0,0,0,0,0,0,0,0,0,0,0,0,0,0,0,0.003843838471690274,0,0,0,0,0,0,0,0,0,0,0,0,0,0,0,0,0,0,0,0,0,0,0.003866901915967472,0,0,0,0,0,0,0,0,0,0,0,0,0,0,0,0,0,0,0,0,0,0,0,0,0,0,0,0,0,0,0,0,0,0,0,0,0,0,0,0,0,0,0,0,0,0,0,0,0,0,0,0,0,0,0,0,0,0,0,0,0,0,0,0.01145103617895972,0,0,0,0,0,0,0,0,0.007001790237914539,0,0,0,0,0,0,0.0019676726889697,0,0,0,0,0,0,0,0,0,0,0,0,0,0,0,0,0,0,0,0,0,0,0,0,0,0,0,0,0,0.01115342549215307,0,0,0,0,0,0,0,0,0,0,0,0,0,0,0,0,0,0,0,0,0,0,0,0,0,0,0,0,0,0,0,0,0,0,0,0,0,0,0,0,0,0,0,0,0,0,0,0,0,0,0,0,0,0,0,0,0,0,0,0,0,0,0,0,0,0,0,0,0,0,0.01130183746533711,0,0,0,0,0,0,0,0,0,0,0,0,0,0,0,0,0,0,0,0,0,0,0,0,0,0,0,0,0,0,0,0,0,0,0,0,0,0,0,0,0,0,0,0,0,0,0,0,0,0,0,0,0,0,0,0,0,0,0,0,0,0,0,0.01015852158768048,0,0,0,0,0,0,0,0,0,0,0,0,0,0,0,0,0,0,0,0,0,0,0,0,0,0,0,0,0,0.01180619977798909,0,0,0,0,0,0,0,0,0,0,0,0,0,0,0,0,0,0,0,0,0,0,0,0,0,0,0,0,0,0,0,0,0,0,0,0,0,0,0,0,0,0,0,0,0
0,0,0,0,0,0,0,0,0,0,0,0,0,0,0,0,0.004651291922307366,0,0,0,0,0,0,0,0,0,0,0,0,0,0,0,0,0,0,0,0,0,0,0,0,0,0,0,0,0,0,0,0,0,0,0,0,0,0,0,0,0,0,0,0,0,0,0,0,0,0,0,0,0,0,0,0,0,0,0,0,0,0,0,0,0,0,0,0,0,0,0,0,0,0,0,0,0,0,0,0,0,0,0,0,0,0,0,0,0,0,0,0,0,0,0,0,0,0,0,0,0,0,0,0.006851351315630928,0,0,0.003353005641936622,0,0,0,0,0,0.00628181988106461,0,0,0,0,0,0,0,0,0,0,0,0,0,0,0,0,0,0,0,0,0,0,0,0,0,0.004615994286617266,0,0,0,0.006336806766986641,0,0,0.006260839344934916,0,0,0,0,0,0,0,0,0,0,0,0,0,0,0,0,0,0,0,0,0,0,0,0,0,0,0,0,0.0047632318761247,0,0,0,0,0,0,0,0,0,0,0,0,0,0,0,0,0,0,0,0,0,0,0,0,0,0,0,0,0,0,0,0.004435244640111524,0,0,0,0,0,0,0,0,0,0,0.004340401508786808,0,0,0,0,0,0,0,0,0,0,0,0,0,0,0,0,0,0,0,0,0,0,0,0,0,0,0,0,0,0,0,0,0,0,0,0,0,0.007101224667961547,0,0,0,0,0,0,0,0,0,0,0,0,0,0,0,0,0,0,0.007102789953158566,0.007177685690104497,0.007044951237400833,0.007131752673523464,0.007022936883914205,0.007177685690104497,0,0,0,0,0,0,0,0,0,0,0,0,0,0,0,0,0,0,0,0,0,0,0,0,0,0,0,0,0,0,0,0,0,0,0,0.007131376038883222,0.007175537118345772,0.006720897340855927,0.006975688634062188,0.007102789953158566,0.007048835522003504,0,0,0,0,0,0,0,0,0,0,0,0,0,0,0,0,0,0,0,0,0,0,0.004537957209054261,0,0,0,0,0,0,0,0,0,0,0,0,0,0,0,0,0,0,0,0,0,0,0,0,0,0,0,0,0,0,0,0,0,0,0,0,0,0,0,0,0,0,0,0,0,0,0,0,0,0,0,0,0,0,0,0,0,0,0,0,0,0,0,0,0,0,0
0,0,0,0,0,0,0,0,0,0,0,0,0,0,0,0,0.004934111612424233,0,0,0,0,0,0,0,0,0,0,0,0,0,0,0,0,0,0,0,0,0,0,0,0,0,0,0,0,0,0,0,0,0,0,0,0,0,0,0,0,0,0,0,0,0,0,0,0,0,0,0,0,0,0,0,0,0,0,0.003272151791947898,0,0,0,0,0,0,0,0,0,0,0,0,0,0,0,0,0,0,0,0,0,0,0,0,0,0,0,0,0,0,0,0,0,0,0,0,0,0,0,0,0,0,0,0,0.006783158940212428,0,0,0.003293795503189285,0,0,0,0,0,0.006257906644891295,0,0,0,0,0,0,0,0,0,0,0,0,0,0,0,0,0,0,0,0,0,0,0,0,0,0.00482336323173276,0,0,0,0.00626605502692093,0,0.003657736681863247,0.006236860593540734,0,0,0,0,0,0,0.003660057503514801,0,0,0,0,0,0.003806895003289487,0,0,0,0,0,0,0,0,0,0,0,0,0,0,0,0.004952805909630631,0,0,0,0,0,0,0,0,0,0,0,0,0,0,0,0,0,0,0.003104913361636508,0,0,0,0,0,0,0,0,0,0,0,0,0.004686422276011731,0,0,0,0,0,0,0,0,0,0,0.004531250598341301,0,0,0,0,0,0,0,0,0,0,0,0,0,0,0,0,0,0,0,0,0,0,0,0,0,0,0,0,0,0,0,0,0,0,0,0,0,0.007076947362330494,0,0,0,0,0,0,0,0,0,0,0,0,0,0,0,0,0,0.007102789953158566,0,0.007106568600377752,0.00699916289187137,0.007103022614485803,0.006954850148808088,0.007106568600377752,0,0,0,0,0,0,0,0,0,0,0,0,0,0,0,0,0,0,0,0,0,0,0,0,0,0,0,0,0,0,0,0,0,0,0,0.007102780364444764,0.007104428212007644,0.006652728900660144,0.006927884799199301,0.007152378462556795,0.007000994299164899,0,0,0,0,0,0,0,0,0,0,0,0,0,0.003867768244502146,0,0,0,0,0,0,0,0,0.004805090255152134,0,0,0,0,0,0,0,0,0,0,0,0,0,0,0,0,0,0,0,0,0,0,0,0,0,0,0,0,0,0,0,0,0,0,0,0,0,0,0,0,0,0,0,0,0,0,0,0,0,0,0,0,0,0,0,0,0,0,0,0,0,0,0,0,0,0,0
0,0,0,0,0,0,0,0,0,0,0,0,0,0,0,0,0.004654372455325831,0,0,0,0,0,0,0,0,0,0,0,0,0,0,0,0,0,0,0,0,0,0,0,0,0,0,0,0,0,0,0,0,0,0,0,0,0,0,0,0,0,0,0,0,0,0,0,0,0,0,0,0,0,0,0,0,0,0,0,0,0,0,0,0,0,0,0,0,0,0,0,0,0,0,0,0,0,0,0,0,0,0,0,0,0,0,0,0,0,0,0,0,0,0,0,0,0,0,0,0,0,0,0,0.006855126452402516,0,0,0.003354937823750205,0,0,0,0,0,0.006285577261914412,0,0,0,0,0,0,0,0,0,0,0,0,0,0,0,0,0,0,0,0,0,0,0,0,0,0.004618932139204629,0,0,0,0.006340605144786697,0,0,0.006264596138652337,0,0,0,0,0,0,0.003359230764754658,0,0,0,0,0,0,0,0,0,0,0,0,0,0,0,0,0,0,0,0,0,0.004765961699448632,0,0,0,0,0,0,0,0,0,0,0,0,0,0,0,0,0,0,0.002947904580656502,0,0,0,0,0,0,0,0,0,0,0,0,0.004438118671126203,0,0,0,0,0,0,0,0,0,0,0.004343143447386549,0,0,0,0,0,0,0,0,0,0,0,0,0,0,0,0,0,0,0,0,0,0,0,0,0,0,0,0,0,0,0,0,0,0,0,0,0,0.007104976381537452,0,0,0,0,0,0,0,0,0,0,0,0,0,0,0,0,0,0.007177685690104497,0.007106568600377752,0,0.007048664095558863,0.007135537749136495,0.007026707996574408,0.007181478784299321,0,0,0,0,0,0,0,0,0,0,0,0,0,0,0,0,0,0,0,0,0,0,0,0,0,0,0,0,0,0,0,0,0,0,0,0.007135146650980395,0.007179330212540597,0.006724673472898261,0.006979406498635089,0.007106568600377752,0.007052552440652687,0,0,0,0,0,0,0,0,0,0,0,0,0,0.003666922473528556,0,0,0,0,0,0,0,0,0.004540930406438349,0,0,0,0,0,0,0,0,0,0,0,0,0,0,0,0,0,0,0,0,0,0,0,0,0,0,0,0,0,0,0,0,0,0,0,0,0,0,0,0,0,0,0,0,0,0,0,0,0,0,0,0,0,0,0,0,0,0,0,0,0,0,0,0,0,0,0
0,0,0,0,0,0,0,0,0,0,0,0,0,0,0,0,0.004642119096892897,0,0,0,0,0,0,0,0,0,0,0,0,0,0,0,0,0,0,0,0,0,0,0,0,0,0,0,0,0,0,0,0,0,0,0,0,0,0,0,0,0,0,0,0,0,0,0,0,0,0,0,0,0,0,0,0,0,0,0.003398556010485035,0,0,0,0,0,0,0,0,0,0,0,0,0,0,0,0,0,0,0,0,0,0,0,0,0,0,0,0,0,0,0,0,0,0,0,0,0,0,0,0,0,0,0,0,0.00676687015965429,0,0,0,0,0,0,0,0,0.006232794322717064,0,0,0,0,0,0,0,0,0,0,0,0,0,0,0,0,0,0,0,0,0,0,0,0,0,0.004682409724715067,0,0,0,0.006208853658496933,0,0.003554777067442095,0.006211706106958878,0,0,0,0,0,0,0.003434474055084474,0,0,0,0,0,0.003734024237477374,0,0,0,0,0,0,0,0,0,0,0,0,0,0,0,0.004836106758843223,0,0,0,0,0,0,0,0,0,0,0,0,0,0,0,0,0,0,0,0,0,0,0,0,0,0,0,0,0,0,0,0.004399896670627882,0,0,0,0,0,0,0,0,0,0,0.004180476517352602,0,0,0,0,0,0,0,0,0,0,0,0,0,0,0,0,0,0,0,0,0,0,0,0,0,0,0,0,0,0,0,0,0,0,0,0,0,0.007051160155483818,0,0,0,0,0,0,0,0,0,0,0,0,0,0,0,0,0,0.007044951237400833,0.00699916289187137,0.007048664095558863,0,0.006967276919510209,0.006938451493444583,0.007048664095558862,0,0,0,0,0,0,0,0,0,0,0,0,0,0,0,0,0,0,0,0,0,0,0,0,0,0,0,0,0,0,0,0,0,0,0,0.007053758202104734,0.007046560972943722,0.006636444723473172,0.006994989597880856,0.00699916289187137,0.007068120526059129,0,0,0,0,0,0,0,0,0,0,0,0,0,0.003829193625046275,0,0,0,0,0,0,0,0,0.004676456121739616,0,0,0,0,0,0,0,0,0,0,0,0,0,0,0,0,0,0,0,0,0,0,0,0,0,0,0,0,0,0,0,0,0,0,0,0,0,0,0,0,0,0,0,0,0,0,0,0,0,0,0,0,0,0,0,0,0,0,0,0,0,0,0,0,0,0,0
0,0,0,0,0,0,0,0,0,0,0,0,0,0,0,0,0.004896500889327535,0,0,0,0,0,0,0,0,0,0,0,0,0,0,0,0,0,0,0,0,0,0,0,0,0,0,0,0,0,0,0,0,0,0,0,0,0,0,0,0,0,0,0,0,0,0,0,0,0,0,0,0,0,0,0,0,0,0,0,0,0,0,0,0,0,0,0,0,0,0,0,0,0,0,0,0,0,0,0,0,0,0,0,0,0,0,0,0,0,0,0,0,0,0,0,0,0,0,0,0,0,0,0,0.00685379487801735,0,0,0,0,0,0,0,0,0.006323424680566202,0,0,0,0,0,0,0,0,0,0,0,0,0,0,0,0,0,0,0,0,0,0,0,0,0,0.004624982567424675,0,0,0,0.006295210547551259,0,0.003615932559593847,0.00630238422401175,0,0,0,0,0,0,0.003440544861596263,0,0,0,0,0,0.003790078433661349,0,0,0,0,0,0,0,0,0,0,0,0,0,0,0,0.004778089973028881,0,0,0,0,0,0,0,0,0,0,0,0,0,0,0,0,0,0,0,0,0,0,0,0,0,0,0,0,0,0,0,0.004628122989733277,0,0,0,0,0,0,0,0,0,0,0.00435543966249319,0,0,0,0,0,0,0,0,0,0,0,0,0,0,0,0,0,0,0,0,0,0,0,0,0,0,0,0,0,0,0,0,0,0,0,0,0,0.00714233222552658,0,0,0,0,0,0,0,0,0,0,0,0,0,0,0,0,0,0.007131752673523464,0.007103022614485803,0.007135537749136495,0.006967276919510209,0,0.007025343114002951,0.007135537749136495,0,0,0,0,0,0,0,0,0,0,0,0,0,0,0,0,0,0,0,0,0,0,0,0,0,0,0,0,0,0,0,0,0,0,0,0.007143883839044654,0.007133393719447517,0.00672335619718244,0.006885682810864992,0.007103022614485803,0.006958821748689618,0,0,0,0,0,0,0,0,0,0,0,0,0,0,0,0,0,0,0,0,0,0,0.004523437367089902,0,0,0,0,0,0,0,0,0,0,0,0,0,0,0,0,0,0,0,0,0,0,0,0,0,0,0,0,0,0,0,0,0,0,0,0,0,0,0,0,0,0,0,0,0,0,0,0,0,0,0,0,0,0,0,0,0,0,0,0,0,0,0,0,0,0,0
0,0,0,0,0,0,0,0,0,0,0,0,0,0,0,0,0.005011832385282711,0,0,0,0,0,0,0,0,0,0,0,0,0,0,0,0,0,0,0,0,0,0,0,0,0,0,0,0,0,0,0,0,0,0,0,0,0,0,0,0,0,0,0,0,0,0,0,0,0,0,0,0,0,0,0,0,0,0,0.003313608085220848,0,0,0,0,0,0,0,0,0,0,0,0,0,0,0,0,0,0,0,0,0,0,0,0,0,0,0,0,0.00307261741480116,0,0,0,0,0,0,0,0,0,0,0,0,0,0,0,0.006831362405950251,0,0,0,0,0,0,0,0,0.006251485509297437,0,0,0,0,0,0,0,0,0,0,0,0,0,0,0,0,0,0,0,0,0,0,0,0,0,0.004839001142564719,0,0,0,0.006178381313522488,0,0.003709959281365768,0.006146388935862638,0,0,0,0,0,0,0.003709997613908807,0,0,0,0,0,0.003864916239290036,0,0,0,0,0,0,0,0,0,0,0,0,0,0,0,0.005012943794083494,0,0,0,0,0,0,0,0,0,0,0,0,0,0,0,0,0,0,0.003156491065954422,0,0,0,0,0,0,0,0,0,0,0,0,0.004387104766074765,0,0,0,0,0,0,0,0,0,0,0.004594099469137874,0,0,0,0,0,0,0,0,0,0,0,0,0,0,0,0,0,0,0,0,0,0,0,0,0,0,0,0,0,0,0,0,0,0,0,0,0,0.006994273208934772,0,0,0,0,0,0,0,0,0,0,0,0,0,0,0,0,0,0.007022936883914205,0.006954850148808088,0.007026707996574408,0.006938451493444583,0.007025343114002951,0,0.007026707996574408,0,0,0,0,0,0,0,0,0,0,0,0,0,0,0,0,0,0,0,0,0,0,0,0,0,0,0,0,0,0,0,0,0,0,0,0.00702350365567618,0.0070245718761027,0.006700533707536353,0.006923531507624027,0.006954850148808087,0.006917997872991784,0,0,0,0,0,0,0,0,0,0,0,0,0,0.003921662445467536,0,0,0,0,0,0,0,0,0.004550015735933661,0,0,0,0,0,0,0,0,0,0,0,0,0,0,0,0,0,0,0,0,0,0,0,0,0,0,0,0,0,0,0,0,0,0,0,0,0,0,0,0,0,0,0,0,0,0,0,0,0,0,0,0,0,0,0,0,0,0,0,0,0,0,0,0,0,0,0
0,0,0,0,0,0,0,0,0,0,0,0,0,0,0,0,0.004654372455325831,0,0,0,0,0,0,0,0,0,0,0,0,0,0,0,0,0,0,0,0,0,0,0,0,0,0,0,0,0,0,0,0,0,0,0,0,0,0,0,0,0,0,0,0,0,0,0,0,0,0,0,0,0,0,0,0,0,0,0,0,0,0,0,0,0,0,0,0,0,0,0,0,0,0,0,0,0,0,0,0,0,0,0,0,0,0,0,0,0,0,0,0,0,0,0,0,0,0,0,0,0,0,0,0.006855126452402515,0,0,0.003354937823750205,0,0,0,0,0,0.006285577261914411,0,0,0,0,0,0,0,0,0,0,0,0,0,0,0,0,0,0,0,0,0,0,0,0,0,0.004618932139204628,0,0,0,0.006340605144786697,0,0,0.006264596138652337,0,0,0,0,0,0,0.003359230764754658,0,0,0,0,0,0,0,0,0,0,0,0,0,0,0,0,0,0,0,0,0,0.004765961699448632,0,0,0,0,0,0,0,0,0,0,0,0,0,0,0,0,0,0,0.002947904580656502,0,0,0,0,0,0,0,0,0,0,0,0,0.004438118671126202,0,0,0,0,0,0,0,0,0,0,0.004343143447386547,0,0,0,0,0,0,0,0,0,0,0,0,0,0,0,0,0,0,0,0,0,0,0,0,0,0,0,0,0,0,0,0,0,0,0,0,0,0.007104976381537452,0,0,0,0,0,0,0,0,0,0,0,0,0,0,0,0,0,0.007177685690104497,0.007106568600377752,0.007181478784299321,0.007048664095558862,0.007135537749136495,0.007026707996574408,0,0,0,0,0,0,0,0,0,0,0,0,0,0,0,0,0,0,0,0,0,0,0,0,0,0,0,0,0,0,0,0,0,0,0,0,0.007135146650980393,0.007179330212540597,0.006724673472898261,0.006979406498635088,0.007106568600377752,0.007052552440652686,0,0,0,0,0,0,0,0,0,0,0,0,0,0.003666922473528556,0,0,0,0,0,0,0,0,0.004540930406438349,0,0,0,0,0,0,0,0,0,0,0,0,0,0,0,0,0,0,0,0,0,0,0,0,0,0,0,0,0,0,0,0,0,0,0,0,0,0,0,0,0,0,0,0,0,0,0,0,0,0,0,0,0,0,0,0,0,0,0,0,0,0,0,0,0,0,0
0,0,0,0,0,0,0,0,0,0,0,0,0,0,0,0,0,0,0,0,0,0,0,0,0,0,0,0,0,0,0,0,0,0,0,0,0,0,0,0,0,0,0,0,0,0,0,0,0,0,0,0,0,0,0,0,0,0,0,0,0,0,0,0,0,0,0,0,0,0,0,0,0,0,0,0,0,0,0,0,0,0,0,0,0,0,0,0,0,0,0,0,0,0,0,0,0,0,0,0,0,0,0,0,0,0,0,0,0,0,0,0,0,0,0,0,0,0,0,0,0,0,0,0,0,0,0,0,0,0,0,0,0,0,0,0,0,0,0,0,0,0,0,0,0,0,0,0,0,0,0,0,0,0,0,0,0,0,0,0,0,0,0,0,0,0,0,0,0,0,0,0,0,0,0,0,0,0,0,0,0,0,0,0,0,0,0,0,0,0,0,0,0,0,0,0,0,0,0,0,0,0,0,0,0,0,0,0,0,0,0,0,0,0,0,0,0,0,0,0,0,0,0,0,0,0,0,0,0,0,0,0,0,0,0,0,0,0,0,0,0,0,0,0,0,0,0,0,0,0,0,0,0,0,0,0,0,0,0,0,0,0,0,0,0,0,0,0,0,0,0,0,0,0.007010475309382799,0.00664019092229709,0.007008049485276299,0.006404065442289995,0.00634172776838425,0.006336785843790957,0.006307622642115495,0.005848964954769768,0,0,0,0,0,0,0,0,0,0,0,0,0,0,0,0,0,0.007038649884263597,0,0,0,0,0,0,0,0,0,0,0,0,0,0,0,0,0,0.004276708669554423,0.003971576539414131,0,0.003971576539414131,0,0,0,0,0,0,0.003946288770596784,0,0,0,0,0,0,0,0,0,0,0,0,0,0,0,0,0,0,0,0,0,0,0,0,0,0,0,0,0,0,0,0,0,0,0,0,0,0,0,0,0,0,0,0,0,0,0,0,0,0,0,0,0.005655143461643907,0,0,0,0,0,0,0,0,0,0,0,0,0.006282076980192173,0.006812406331317128,0.006814643539189331,0.006183148438666217,0.006207095213948903,0.006110106239344033,0.006117974452250137,0.00611753820641587,0.004558354674349702,0.004563294692637394,0.004553722158875657,0.005757110787283417,0.00575488158713456,0.00604422756411957,0.006044487605301424,0.00482943693077249,0,0,0,0,0,0,0,0,0,0,0,0,0,0,0,0,0,0,0,0
0,0,0,0,0,0,0,0,0,0,0,0,0,0,0,0,0,0,0,0,0,0,0,0,0,0,0,0,0,0,0,0,0,0,0,0,0,0,0,0,0,0,0,0,0,0,0,0,0,0,0,0,0,0,0,0,0,0,0,0,0,0,0,0,0,0,0,0,0,0,0,0,0,0,0,0,0,0,0,0,0,0,0,0,0,0,0,0,0,0,0,0,0,0,0,0,0,0,0,0,0,0,0,0,0,0,0,0,0,0,0,0,0,0,0,0,0,0,0,0,0,0,0,0,0,0,0,0,0,0,0,0,0,0,0,0,0,0,0,0,0,0,0,0,0,0,0,0,0,0,0,0,0,0,0,0,0,0,0,0,0,0,0,0,0,0,0,0,0,0,0,0,0,0,0,0,0,0,0,0,0,0,0,0,0,0,0,0,0,0,0,0,0,0,0,0,0,0,0,0,0,0,0,0,0,0,0,0,0,0,0,0,0,0,0,0,0,0,0,0,0,0,0,0,0,0,0,0,0,0,0,0,0,0,0,0,0,0,0,0,0,0,0,0,0,0,0,0,0,0,0,0,0,0,0,0,0,0,0,0,0,0,0,0,0,0,0,0,0,0,0,0,0,0.007010475309382798,0.00664019092229709,0.007008049485276299,0.006404065442289994,0.00634172776838425,0.006336785843790957,0.006307622642115495,0.005848964954769768,0,0,0,0,0,0,0,0,0,0,0,0,0,0,0,0,0.007038649884263597,0,0,0,0,0,0,0,0,0,0,0,0,0,0,0,0,0,0,0.004276708669554423,0.00397157653941413,0,0.00397157653941413,0,0,0,0,0,0,0.003946288770596784,0,0,0,0,0,0,0,0,0,0,0,0,0,0,0,0,0,0,0,0,0,0,0,0,0,0,0,0,0,0,0,0,0,0,0,0,0,0,0,0,0,0,0,0,0,0,0,0,0,0,0,0,0.005655143461643907,0,0,0,0,0,0,0,0,0,0,0,0,0.006282076980192172,0.006812406331317128,0.006814643539189329,0.006183148438666216,0.006207095213948902,0.006110106239344033,0.006117974452250137,0.006117538206415869,0.004558354674349702,0.004563294692637394,0.004553722158875657,0.005757110787283416,0.00575488158713456,0.00604422756411957,0.006044487605301423,0.004829436930772489,0,0,0,0,0,0,0,0,0,0,0,0,0,0,0,0,0,0,0,0
0,0,0,0,0,0,0,0,0,0,0,0,0,0,0,0,0,0,0,0,0,0,0,0,0,0,0,0,0,0,0,0,0,0,0,0,0,0,0,0,0,0,0,0,0,0,0,0,0,0,0,0,0,0,0,0,0,0,0,0,0,0,0,0,0,0,0,0,0,0,0,0,0,0,0,0,0,0,0,0,0,0,0,0,0,0,0,0,0,0,0,0,0,0,0,0,0,0,0,0,0,0,0,0,0,0,0,0,0.007615661219530416,0,0,0,0,0,0,0,0.006865719955578406,0,0,0,0,0,0,0,0,0,0,0,0,0,0,0,0,0,0,0,0,0,0,0,0,0,0,0,0,0,0,0,0,0,0,0,0,0,0,0,0,0,0,0,0,0,0,0,0,0,0,0,0,0,0,0,0,0,0,0,0,0,0,0,0,0,0,0,0,0,0,0,0,0,0,0,0,0,0,0,0,0,0,0,0,0,0,0,0,0,0,0,0,0,0,0,0,0,0,0,0,0,0,0,0,0,0,0,0,0,0,0,0,0,0,0,0,0,0,0,0,0,0,0,0,0,0,0,0,0,0,0,0,0,0,0,0,0,0,0,0,0,0,0,0,0,0,0,0,0,0,0,0,0,0,0,0,0,0,0,0,0,0,0,0,0,0,0,0,0,0,0,0,0,0,0,0,0,0,0,0,0,0,0,0.007744269946078597,0.007184769308965368,0.007361698746795271,0.007184769308965369,0.007206187451464685,0.006880116791183761,0.007327580662844585,0.007208580569307782,0.007256607731488292,0.007206187451464685,0.007255109112474871,0.007327508207809227,0.007206187451464684,0.007208580569307782,0.007259669761421877,0.007330289648995675,0,0,0,0,0,0,0,0,0,0,0,0,0,0,0,0,0,0,0,0,0,0,0,0.00641282845403358,0.005193824880149524,0.00641282845403358,0.006074233274470245,0.006765241830560736,0.006678737322325483,0.005299800579077619,0.007185681281934735,0,0,0,0,0,0,0,0,0,0,0,0,0,0,0,0,0,0,0,0,0,0,0,0,0,0,0,0,0,0,0,0,0,0,0,0,0,0,0,0,0,0,0,0,0,0,0,0,0,0,0,0,0,0,0,0,0,0,0,0,0,0,0,0,0,0,0,0,0,0,0,0,0,0,0,0,0,0,0,0,0
0,0,0,0,0,0,0,0,0,0,0,0,0,0,0,0,0,0,0,0,0,0,0,0,0,0,0,0,0,0,0,0,0,0,0,0,0,0,0,0,0,0,0,0,0,0,0,0,0,0,0,0,0,0,0,0,0,0,0,0,0,0,0,0,0,0,0,0,0,0,0,0,0,0,0,0,0,0,0,0,0,0,0,0,0,0,0,0,0,0,0,0,0,0,0,0,0,0,0,0,0,0,0,0,0,0,0,0,0.007618351856527284,0,0,0,0,0,0,0,0.006868172989309451,0,0,0,0,0,0,0,0,0,0,0,0,0,0,0,0,0,0,0,0,0,0,0,0,0,0,0,0,0,0,0,0,0,0,0,0,0,0,0,0,0,0,0,0,0,0,0,0,0,0,0,0,0,0,0,0,0,0,0,0,0,0,0,0,0,0,0,0,0,0,0,0,0,0,0,0,0,0,0,0,0,0,0,0,0,0,0,0,0,0,0,0,0,0,0,0,0,0,0,0,0,0,0,0,0,0,0,0,0,0,0,0,0,0,0,0,0,0,0,0,0,0,0,0,0,0,0,0,0,0,0,0,0,0,0,0,0,0,0,0,0,0,0,0,0,0,0,0,0,0,0,0,0,0,0,0,0,0,0,0,0,0,0,0,0,0,0,0,0,0,0,0,0,0,0,0,0,0,0,0,0,0,0.007744269946078597,0,0.007187217520087419,0.007364393089882943,0.007187217520087419,0.007208645308285114,0.006882601261349248,0.007330071548245899,0.007211038426128212,0.007259086075915292,0.007208645308285114,0.00725758860262557,0.007329999093210542,0.007208645308285114,0.007211038426128211,0.007262159056224337,0.00733278053439699,0,0,0,0,0,0,0,0,0,0,0,0,0,0,0,0,0,0,0,0,0,0,0,0.006414842989669487,0.005196017760008841,0.006414842989669487,0.006076470811079116,0.006767434902149823,0.006680885679629506,0.005301961871889394,0.007188128408241426,0,0,0,0,0,0,0,0,0,0,0,0,0,0,0,0,0,0,0,0,0,0,0,0,0,0,0,0,0,0,0,0,0,0,0,0,0,0,0,0,0,0,0,0,0,0,0,0,0,0,0,0,0,0,0,0,0,0,0,0,0,0,0,0,0,0,0,0,0,0,0,0,0,0,0,0,0,0,0,0,0
0,0,0,0,0,0,0,0,0,0,0,0,0,0,0,0,0,0,0,0,0,0,0,0,0,0,0,0,0,0,0,0,0,0,0,0,0,0,0,0,0,0,0,0,0,0,0,0,0,0,0,0,0,0,0,0,0,0,0,0,0,0,0,0,0,0,0,0,0,0,0,0,0,0,0,0,0,0,0,0,0,0,0,0,0,0,0,0,0,0,0,0,0,0,0,0,0,0,0,0,0,0,0,0,0,0,0,0,0.007058607564350687,0,0,0,0,0,0,0,0.007346142189549192,0,0,0,0,0,0,0,0,0,0,0,0,0,0,0,0,0,0,0,0,0,0,0,0,0,0,0,0,0,0,0,0,0,0,0,0,0,0,0,0,0,0,0,0,0,0,0,0,0,0,0,0,0,0,0,0,0,0,0,0,0,0,0,0,0,0,0,0,0,0,0,0,0,0,0,0,0,0,0,0,0,0,0,0,0,0,0,0,0,0,0,0,0,0,0,0,0,0,0,0,0,0,0,0,0,0,0,0,0,0,0,0,0,0,0,0,0,0,0,0,0,0,0,0,0,0,0,0,0,0,0,0,0,0,0,0,0,0,0,0,0,0,0,0,0,0,0,0,0,0,0,0,0,0,0,0,0,0,0,0,0,0,0,0,0,0,0,0,0,0,0,0,0,0,0,0,0,0,0,0,0,0,0.007184769308965368,0.007187217520087419,0,0.006804033537596222,0.007665840603210182,0.007545611200938602,0.007216320745786934,0.007266596472367976,0.007548159997130406,0.007600846441620752,0.007545611200938602,0.007603395785795808,0.007266524588717092,0.007545611200938602,0.007548159997130406,0.007598327485341064,0.007269284095302302,0,0,0,0,0,0,0,0,0,0,0,0,0,0,0,0,0,0,0,0,0,0,0,0.006641799478761222,0.004718347902020762,0.006641799478761222,0.005531558564764082,0.006510666976786904,0.006507301491431159,0.005099062665002796,0.007579737576058439,0,0,0,0,0,0,0,0,0,0,0,0,0,0,0,0,0,0,0,0,0,0,0,0,0,0,0,0,0,0,0,0,0,0,0,0,0,0,0,0,0,0,0,0,0,0,0,0,0,0,0,0,0,0,0,0,0,0,0,0,0,0,0,0,0,0,0,0,0,0,0,0,0,0,0,0,0,0,0,0,0
0,0,0,0,0,0,0,0,0,0,0,0,0,0,0,0,0,0,0,0,0,0,0,0,0,0,0,0,0,0,0,0,0,0,0,0,0,0,0,0,0,0,0,0,0,0,0,0,0,0,0,0,0,0,0,0,0,0,0,0,0,0,0,0,0,0,0,0,0,0,0,0,0,0,0,0,0,0,0,0,0,0,0,0,0,0,0,0,0,0,0,0,0,0,0,0,0,0,0,0,0,0,0,0,0,0,0,0,0.007463150994479334,0,0,0,0,0,0,0,0.006692910514998495,0,0,0,0,0,0,0,0,0,0,0,0,0,0,0,0,0,0,0,0,0,0,0,0,0,0,0,0,0,0,0,0,0,0,0,0,0,0,0,0,0,0,0,0,0,0,0,0,0,0,0,0,0,0,0,0,0,0,0,0,0,0,0,0,0,0,0,0,0,0,0,0,0,0,0,0,0,0,0,0,0,0,0,0,0,0,0,0,0,0,0,0,0,0,0,0,0,0,0,0,0,0,0,0,0,0,0,0,0,0,0,0,0,0,0,0,0,0,0,0,0,0,0,0,0,0,0,0,0,0,0,0,0,0,0,0,0,0,0,0,0,0,0,0,0,0,0,0,0,0,0,0,0,0,0,0,0,0,0,0,0,0,0,0,0,0,0,0,0,0,0,0,0,0,0,0,0,0,0,0,0,0,0.007361698746795271,0.007364393089882943,0.006804033537596222,0,0.006804033537596223,0.006825354777374299,0.007809905596429475,0.006947787084726164,0.00682775211498407,0.006875963386351427,0.006825354777374299,0.006874408830947862,0.00694771448767484,0.006825354777374299,0.00682775211498407,0.006878952014660666,0.006950501380643303,0,0,0,0,0,0,0,0,0,0,0,0,0,0,0,0,0,0,0,0,0,0,0,0.006032045114497198,0.005447171976519973,0.006032045114497198,0.006098632586904242,0.006385544522532916,0.006299227758707953,0.005171462418177173,0.006804954283774244,0,0,0,0,0,0,0,0,0,0,0,0,0,0,0,0,0,0,0,0,0,0,0,0,0,0,0,0,0,0,0,0,0,0,0,0,0,0,0,0,0,0,0,0,0,0,0,0,0,0,0,0,0,0,0,0,0,0,0,0,0,0,0,0,0,0,0,0,0,0,0,0,0,0,0,0,0,0,0,0,0
0,0,0,0,0,0,0,0,0,0,0,0,0,0,0,0,0,0,0,0,0,0,0,0,0,0,0,0,0,0,0,0,0,0,0,0,0,0,0,0,0,0,0,0,0,0,0,0,0,0,0,0,0,0,0,0,0,0,0,0,0,0,0,0,0,0,0,0,0,0,0,0,0,0,0,0,0,0,0,0,0,0,0,0,0,0,0,0,0,0,0,0,0,0,0,0,0,0,0,0,0,0,0,0,0,0,0,0,0.007058607564350687,0,0,0,0,0,0,0,0.007346142189549194,0,0,0,0,0,0,0,0,0,0,0,0,0,0,0,0,0,0,0,0,0,0,0,0,0,0,0,0,0,0,0,0,0,0,0,0,0,0,0,0,0,0,0,0,0,0,0,0,0,0,0,0,0,0,0,0,0,0,0,0,0,0,0,0,0,0,0,0,0,0,0,0,0,0,0,0,0,0,0,0,0,0,0,0,0,0,0,0,0,0,0,0,0,0,0,0,0,0,0,0,0,0,0,0,0,0,0,0,0,0,0,0,0,0,0,0,0,0,0,0,0,0,0,0,0,0,0,0,0,0,0,0,0,0,0,0,0,0,0,0,0,0,0,0,0,0,0,0,0,0,0,0,0,0,0,0,0,0,0,0,0,0,0,0,0,0,0,0,0,0,0,0,0,0,0,0,0,0,0,0,0,0,0.007184769308965369,0.007187217520087419,0.007665840603210182,0.006804033537596223,0,0.007545611200938602,0.007216320745786934,0.007266596472367977,0.007548159997130406,0.007600846441620752,0.007545611200938602,0.007603395785795808,0.007266524588717092,0.007545611200938602,0.007548159997130406,0.007598327485341066,0.007269284095302303,0,0,0,0,0,0,0,0,0,0,0,0,0,0,0,0,0,0,0,0,0,0,0,0.006641799478761222,0.004718347902020763,0.006641799478761223,0.005531558564764082,0.006510666976786905,0.00650730149143116,0.005099062665002796,0.00757973757605844,0,0,0,0,0,0,0,0,0,0,0,0,0,0,0,0,0,0,0,0,0,0,0,0,0,0,0,0,0,0,0,0,0,0,0,0,0,0,0,0,0,0,0,0,0,0,0,0,0,0,0,0,0,0,0,0,0,0,0,0,0,0,0,0,0,0,0,0,0,0,0,0,0,0,0,0,0,0,0,0,0
0,0,0,0,0,0,0,0,0,0,0,0,0,0,0,0,0,0,0,0,0,0,0,0,0,0,0,0,0,0,0,0,0,0,0,0,0,0,0,0,0,0,0,0,0,0,0,0,0,0,0,0,0,0,0,0,0,0,0,0,0,0,0,0,0,0,0,0,0,0,0,0,0,0,0,0,0,0,0,0,0,0,0,0,0,0,0,0,0,0,0,0,0,0,0,0,0,0,0,0,0,0,0,0,0,0,0,0,0.007080020202339849,0,0,0,0,0,0,0,0.00722583941556993,0,0,0,0,0,0,0,0,0,0,0,0,0,0,0,0,0,0,0,0,0,0,0,0,0,0,0,0,0,0,0,0,0,0,0,0,0,0,0,0,0,0,0,0,0,0,0,0,0,0,0,0,0,0,0,0,0,0,0,0,0,0,0,0,0,0,0,0,0,0,0,0,0,0,0,0,0,0,0,0,0,0,0,0,0,0,0,0,0,0,0,0,0,0,0,0,0,0,0,0,0,0,0,0,0,0,0,0,0,0,0,0,0,0,0,0,0,0,0,0,0,0,0,0,0,0,0,0,0,0,0,0,0,0,0,0,0,0,0,0,0,0,0,0,0,0,0,0,0,0,0,0,0,0,0,0,0,0,0,0,0,0,0,0,0,0,0,0,0,0,0,0,0,0,0,0,0,0,0,0,0,0,0.007206187451464685,0.007208645308285114,0.007545611200938602,0.006825354777374299,0.007545611200938602,0,0.007169322567245348,0.007215100551783139,0.007669496370198857,0.007556272712526027,0.007666894402889874,0.00756129571722901,0.007215029334690704,0.007666894402889874,0.007669496370198857,0.007555712136328925,0.007217763253087206,0,0,0,0,0,0,0,0,0,0,0,0,0,0,0,0,0,0,0,0,0,0,0,0.006560782600191561,0.004694023351069334,0.006560782600191562,0.00551938214350855,0.006524703360697775,0.006501345144622108,0.005091427220989802,0.007576015123977721,0,0,0,0,0,0,0,0,0,0,0,0,0,0,0,0,0,0,0,0,0,0,0,0,0,0,0,0,0,0,0,0,0,0,0,0,0,0,0,0,0,0,0,0,0,0,0,0,0,0,0,0,0,0,0,0,0,0,0,0,0,0,0,0,0,0,0,0,0,0,0,0,0,0,0,0,0,0,0,0,0
0,0,0,0,0,0,0,0,0,0,0,0,0,0,0,0,0,0,0,0,0,0,0,0,0,0,0,0,0,0,0,0,0,0,0,0,0,0,0,0,0,0,0,0,0,0,0,0,0,0,0,0,0,0,0,0,0,0,0,0,0,0,0,0,0,0,0,0,0,0,0,0,0,0,0,0,0,0,0,0,0,0,0,0,0,0,0,0,0,0,0,0,0,0,0,0,0,0,0,0,0,0,0,0,0,0,0,0,0.006981129518343139,0,0,0,0,0,0,0,0.007104110718670103,0,0,0,0,0,0,0,0,0,0,0,0,0,0,0,0,0,0,0,0,0,0,0,0,0,0,0,0,0,0,0,0,0,0,0,0,0,0,0,0,0,0,0,0,0,0,0,0,0,0,0,0,0,0,0,0,0,0,0,0,0,0,0,0,0,0,0,0,0,0,0,0,0,0,0,0,0,0,0,0,0,0,0,0,0,0,0,0,0,0,0,0,0,0,0,0,0,0,0,0,0,0,0,0,0,0,0,0,0,0,0,0,0,0,0,0,0,0,0,0,0,0,0,0,0,0,0,0,0,0,0,0,0,0,0,0,0,0,0,0,0,0,0,0,0,0,0,0,0,0,0,0,0,0,0,0,0,0,0,0,0,0,0,0,0,0,0,0,0,0,0,0,0,0,0,0,0,0,0,0,0,0,0.006880116791183761,0.006882601261349248,0.007216320745786934,0.007809905596429475,0.007216320745786934,0.007169322567245348,0,0.006903630133379954,0.007171875163093828,0.007231193999684648,0.007169322567245348,0.007210630871091746,0.006903557956891248,0.007169322567245348,0.007171875163093828,0.007205993315676677,0.006906328705085526,0,0,0,0,0,0,0,0,0,0,0,0,0,0,0,0,0,0,0,0,0,0,0,0.00622816981820687,0.004783892196126761,0.006228169818206871,0.005626593980038778,0.006215906307625162,0.006186832969596915,0.005028884037098594,0.007235691424831457,0,0,0,0,0,0,0,0,0,0,0,0,0,0,0,0,0,0,0,0,0,0,0,0,0,0,0,0,0,0,0,0,0,0,0,0,0,0,0,0,0,0,0,0,0,0,0,0,0,0,0,0,0,0,0,0,0,0,0,0,0,0,0,0,0,0,0,0,0,0,0,0,0,0,0,0,0,0,0,0,0
0,0,0,0,0,0,0,0,0,0,0,0,0,0,0,0,0,0,0,0,0,0,0,0,0,0,0,0,0,0,0,0,0,0,0,0,0,0,0,0,0,0,0,0,0,0,0,0,0,0,0,0,0,0,0,0,0,0,0,0,0,0,0,0,0,0,0,0,0,0,0,0,0,0,0,0,0,0,0,0,0,0,0,0,0,0,0,0,0,0,0,0,0,0,0,0,0,0,0,0,0,0,0,0,0,0,0,0,0.007201747081045868,0,0,0,0,0,0,0,0.006947653980718164,0,0,0,0,0,0,0,0,0,0,0,0,0,0,0,0,0,0,0,0,0,0,0,0,0,0,0,0,0,0,0,0,0,0,0,0,0,0,0,0,0,0,0,0,0,0,0,0,0,0,0,0,0,0,0,0,0,0,0,0,0,0,0,0,0,0,0,0,0,0,0,0,0,0,0,0,0,0,0,0,0,0,0,0,0,0,0,0,0,0,0,0,0,0,0,0,0,0,0,0,0,0,0,0,0,0,0,0,0,0,0,0,0,0,0,0,0,0,0,0,0,0,0,0,0,0,0,0,0,0,0,0,0,0,0,0,0,0,0,0,0,0,0,0,0,0,0,0,0,0,0,0,0,0,0,0,0,0,0,0,0,0,0,0,0,0,0,0,0,0,0,0,0,0,0,0,0,0,0,0,0,0,0.007327580662844585,0.007330071548245899,0.007266596472367976,0.006947787084726164,0.007266596472367977,0.007215100551783139,0.006903630133379954,0,0.007217484381437558,0.007280608274022576,0.007215100551783139,0.00727988735237887,0.007834699111024791,0.00721510055178314,0.007217484381437558,0.007283627910694883,0.007837715559540348,0,0,0,0,0,0,0,0,0,0,0,0,0,0,0,0,0,0,0,0,0,0,0,0.00688898223754994,0.005387101194386415,0.006888982237549942,0.006253699784108929,0.006387305203214061,0.006386987816252633,0.00534262548104928,0.007223071389634635,0,0,0,0,0,0,0,0,0,0,0,0,0,0,0,0,0,0,0,0,0,0,0,0,0,0,0,0,0,0,0,0,0,0,0,0,0,0,0,0,0,0,0,0,0,0,0,0,0,0,0,0,0,0,0,0,0,0,0,0,0,0,0,0,0,0,0,0,0,0,0,0,0,0,0,0,0,0,0,0,0
0,0,0,0,0,0,0,0,0,0,0,0,0,0,0,0,0,0,0,0,0,0,0,0,0,0,0,0,0,0,0,0,0,0,0,0,0,0,0,0,0,0,0,0,0,0,0,0,0,0,0,0,0,0,0,0,0,0,0,0,0,0,0,0,0,0,0,0,0,0,0,0,0,0,0,0,0,0,0,0,0,0,0,0,0,0,0,0,0,0,0,0,0,0,0,0,0,0,0,0,0,0,0,0,0,0,0,0,0.007082414305022903,0,0,0,0,0,0,0,0.007228392527490378,0,0,0,0,0,0,0,0,0,0,0,0,0,0,0,0,0,0,0,0,0,0,0,0,0,0,0,0,0,0,0,0,0,0,0,0,0,0,0,0,0,0,0,0,0,0,0,0,0,0,0,0,0,0,0,0,0,0,0,0,0,0,0,0,0,0,0,0,0,0,0,0,0,0,0,0,0,0,0,0,0,0,0,0,0,0,0,0,0,0,0,0,0,0,0,0,0,0,0,0,0,0,0,0,0,0,0,0,0,0,0,0,0,0,0,0,0,0,0,0,0,0,0,0,0,0,0,0,0,0,0,0,0,0,0,0,0,0,0,0,0,0,0,0,0,0,0,0,0,0,0,0,0,0,0,0,0,0,0,0,0,0,0,0,0,0,0,0,0,0,0,0,0,0,0,0,0,0,0,0,0,0,0.007208580569307782,0.007211038426128212,0.007548159997130406,0.00682775211498407,0.007548159997130406,0.007669496370198857,0.007171875163093828,0.007217484381437558,0,0.007558824057985842,0.007669496370198857,0.007563851142866398,0.007217413164345121,0.007669496370198857,0.00767209833750784,0.007558273117763213,0.007220147082741625,0,0,0,0,0,0,0,0,0,0,0,0,0,0,0,0,0,0,0,0,0,0,0,0.006562812115841444,0.004695955177208003,0.006562812115841444,0.005521332660616147,0.006526742819909773,0.006503367920996199,0.00509344949432158,0.007578575692525854,0,0,0,0,0,0,0,0,0,0,0,0,0,0,0,0,0,0,0,0,0,0,0,0,0,0,0,0,0,0,0,0,0,0,0,0,0,0,0,0,0,0,0,0,0,0,0,0,0,0,0,0,0,0,0,0,0,0,0,0,0,0,0,0,0,0,0,0,0,0,0,0,0,0,0,0,0,0,0,0,0
0,0,0,0,0,0,0,0,0,0,0,0,0,0,0,0,0,0,0,0,0,0,0,0,0,0,0,0,0,0,0,0,0,0,0,0,0,0,0,0,0,0,0,0,0,0,0,0,0,0,0,0,0,0,0,0,0,0,0,0,0,0,0,0,0,0,0,0,0,0,0,0,0,0,0,0,0,0,0,0,0,0,0,0,0,0,0,0,0,0,0,0,0,0,0,0,0,0,0,0,0,0,0,0,0,0,0,0,0.007130492842512229,0,0,0,0,0,0,0,0.007281145572622537,0,0,0,0,0,0,0,0,0,0,0,0,0,0,0,0,0,0,0,0,0,0,0,0,0,0,0,0,0,0,0,0,0,0,0,0,0,0,0,0,0,0,0,0,0,0,0,0,0,0,0,0,0,0,0,0,0,0,0,0,0,0,0,0,0,0,0,0,0,0,0,0,0,0,0,0,0,0,0,0,0,0,0,0,0,0,0,0,0,0,0,0,0,0,0,0,0,0,0,0,0,0,0,0,0,0,0,0,0,0,0,0,0,0,0,0,0,0,0,0,0,0,0,0,0,0,0,0,0,0,0,0,0,0,0,0,0,0,0,0,0,0,0,0,0,0,0,0,0,0,0,0,0,0,0,0,0,0,0,0,0,0,0,0,0,0,0,0,0,0,0,0,0,0,0,0,0,0,0,0,0,0,0.007256607731488292,0.007259086075915292,0.007600846441620752,0.006875963386351427,0.007600846441620752,0.007556272712526027,0.007231193999684648,0.007280608274022576,0.007558824057985842,0,0.007556272712526027,0.007573052162121931,0.007280536268418764,0.007556272712526027,0.007558824057985842,0.007592312734054666,0.007283300456595799,0,0,0,0,0,0,0,0,0,0,0,0,0,0,0,0,0,0,0,0,0,0,0,0.006607305217463187,0.004797514738069457,0.006607305217463187,0.005591443706369697,0.006604700077233256,0.006566405481785639,0.005166498791368495,0.007606793450718722,0,0,0,0,0,0,0,0,0,0,0,0,0,0,0,0,0,0,0,0,0,0,0,0,0,0,0,0,0,0,0,0,0,0,0,0,0,0,0,0,0,0,0,0,0,0,0,0,0,0,0,0,0,0,0,0,0,0,0,0,0,0,0,0,0,0,0,0,0,0,0,0,0,0,0,0,0,0,0,0,0
0,0,0,0,0,0,0,0,0,0,0,0,0,0,0,0,0,0,0,0,0,0,0,0,0,0,0,0,0,0,0,0,0,0,0,0,0,0,0,0,0,0,0,0,0,0,0,0,0,0,0,0,0,0,0,0,0,0,0,0,0,0,0,0,0,0,0,0,0,0,0,0,0,0,0,0,0,0,0,0,0,0,0,0,0,0,0,0,0,0,0,0,0,0,0,0,0,0,0,0,0,0,0,0,0,0,0,0,0.007080020202339849,0,0,0,0,0,0,0,0.00722583941556993,0,0,0,0,0,0,0,0,0,0,0,0,0,0,0,0,0,0,0,0,0,0,0,0,0,0,0,0,0,0,0,0,0,0,0,0,0,0,0,0,0,0,0,0,0,0,0,0,0,0,0,0,0,0,0,0,0,0,0,0,0,0,0,0,0,0,0,0,0,0,0,0,0,0,0,0,0,0,0,0,0,0,0,0,0,0,0,0,0,0,0,0,0,0,0,0,0,0,0,0,0,0,0,0,0,0,0,0,0,0,0,0,0,0,0,0,0,0,0,0,0,0,0,0,0,0,0,0,0,0,0,0,0,0,0,0,0,0,0,0,0,0,0,0,0,0,0,0,0,0,0,0,0,0,0,0,0,0,0,0,0,0,0,0,0,0,0,0,0,0,0,0,0,0,0,0,0,0,0,0,0,0,0.007206187451464685,0.007208645308285114,0.007545611200938602,0.006825354777374299,0.007545611200938602,0.007666894402889874,0.007169322567245348,0.007215100551783139,0.007669496370198857,0.007556272712526027,0,0.00756129571722901,0.007215029334690704,0.007666894402889874,0.007669496370198857,0.007555712136328925,0.007217763253087206,0,0,0,0,0,0,0,0,0,0,0,0,0,0,0,0,0,0,0,0,0,0,0,0.006560782600191561,0.004694023351069333,0.006560782600191562,0.00551938214350855,0.006524703360697775,0.006501345144622108,0.005091427220989802,0.007576015123977721,0,0,0,0,0,0,0,0,0,0,0,0,0,0,0,0,0,0,0,0,0,0,0,0,0,0,0,0,0,0,0,0,0,0,0,0,0,0,0,0,0,0,0,0,0,0,0,0,0,0,0,0,0,0,0,0,0,0,0,0,0,0,0,0,0,0,0,0,0,0,0,0,0,0,0,0,0,0,0,0,0
0,0,0,0,0,0,0,0,0,0,0,0,0,0,0,0,0,0,0,0,0,0,0,0,0,0,0,0,0,0,0,0,0,0,0,0,0,0,0,0,0,0,0,0,0,0,0,0,0,0,0,0,0,0,0,0,0,0,0,0,0,0,0,0,0,0,0,0,0,0,0,0,0,0,0,0,0,0,0,0,0,0,0,0,0,0,0,0,0,0,0,0,0,0,0,0,0,0,0,0,0,0,0,0,0,0,0,0,0.00712898551182904,0,0,0,0,0,0,0,0.007283679816072621,0,0,0,0,0,0,0,0,0,0,0,0,0,0,0,0,0,0,0,0,0,0,0,0,0,0,0,0,0,0,0,0,0,0,0,0,0,0,0,0,0,0,0,0,0,0,0,0,0,0,0,0,0,0,0,0,0,0,0,0,0,0,0,0,0,0,0,0,0,0,0,0,0,0,0,0,0,0,0,0,0,0,0,0,0,0,0,0,0,0,0,0,0,0,0,0,0,0,0,0,0,0,0,0,0,0,0,0,0,0,0,0,0,0,0,0,0,0,0,0,0,0,0,0,0,0,0,0,0,0,0,0,0,0,0,0,0,0,0,0,0,0,0,0,0,0,0,0,0,0,0,0,0,0,0,0,0,0,0,0,0,0,0,0,0,0,0,0,0,0,0,0,0,0,0,0,0,0,0,0,0,0,0.007255109112474871,0.00725758860262557,0.007603395785795808,0.006874408830947862,0.007603395785795808,0.00756129571722901,0.007210630871091746,0.00727988735237887,0.007563851142866398,0.007573052162121931,0.00756129571722901,0,0.007279815303604806,0.00756129571722901,0.007563851142866398,0.007573566218706161,0.007282581149023632,0,0,0,0,0,0,0,0,0,0,0,0,0,0,0,0,0,0,0,0,0,0,0,0.006878445105043728,0.004802946402269621,0.006878445105043729,0.005586130397027855,0.006608105306517354,0.006570044657764113,0.005170914462663019,0.007612442638146358,0,0,0,0,0,0,0,0,0,0,0,0,0,0,0,0,0,0,0,0,0,0,0,0,0,0,0,0,0,0,0,0,0,0,0,0,0,0,0,0,0,0,0,0,0,0,0,0,0,0,0,0,0,0,0,0,0,0,0,0,0,0,0,0,0,0,0,0,0,0,0,0,0,0,0,0,0,0,0,0,0
0,0,0,0,0,0,0,0,0,0,0,0,0,0,0,0,0,0,0,0,0,0,0,0,0,0,0,0,0,0,0,0,0,0,0,0,0,0,0,0,0,0,0,0,0,0,0,0,0,0,0,0,0,0,0,0,0,0,0,0,0,0,0,0,0,0,0,0,0,0,0,0,0,0,0,0,0,0,0,0,0,0,0,0,0,0,0,0,0,0,0,0,0,0,0,0,0,0,0,0,0,0,0,0,0,0,0,0,0.00720167459187581,0,0,0,0,0,0,0,0.006947581955887395,0,0,0,0,0,0,0,0,0,0,0,0,0,0,0,0,0,0,0,0,0,0,0,0,0,0,0,0,0,0,0,0,0,0,0,0,0,0,0,0,0,0,0,0,0,0,0,0,0,0,0,0,0,0,0,0,0,0,0,0,0,0,0,0,0,0,0,0,0,0,0,0,0,0,0,0,0,0,0,0,0,0,0,0,0,0,0,0,0,0,0,0,0,0,0,0,0,0,0,0,0,0,0,0,0,0,0,0,0,0,0,0,0,0,0,0,0,0,0,0,0,0,0,0,0,0,0,0,0,0,0,0,0,0,0,0,0,0,0,0,0,0,0,0,0,0,0,0,0,0,0,0,0,0,0,0,0,0,0,0,0,0,0,0,0,0,0,0,0,0,0,0,0,0,0,0,0,0,0,0,0,0,0.007327508207809227,0.007329999093210542,0.007266524588717092,0.00694771448767484,0.007266524588717092,0.007215029334690704,0.006903557956891248,0.007834699111024791,0.007217413164345121,0.007280536268418764,0.007215029334690704,0.007279815303604806,0,0.007215029334690704,0.007217413164345121,0.007283555589165261,0.007837636982691442,0,0,0,0,0,0,0,0,0,0,0,0,0,0,0,0,0,0,0,0,0,0,0,0.006888918023119084,0.005387035340955717,0.006888918023119085,0.006007498908114335,0.006387246507071403,0.0063869293124848,0.005342562410733659,0.007467204638377922,0,0,0,0,0,0,0,0,0,0,0,0,0,0,0,0,0,0,0,0,0,0,0,0,0,0,0,0,0,0,0,0,0,0,0,0,0,0,0,0,0,0,0,0,0,0,0,0,0,0,0,0,0,0,0,0,0,0,0,0,0,0,0,0,0,0,0,0,0,0,0,0,0,0,0,0,0,0,0,0,0
0,0,0,0,0,0,0,0,0,0,0,0,0,0,0,0,0,0,0,0,0,0,0,0,0,0,0,0,0,0,0,0,0,0,0,0,0,0,0,0,0,0,0,0,0,0,0,0,0,0,0,0,0,0,0,0,0,0,0,0,0,0,0,0,0,0,0,0,0,0,0,0,0,0,0,0,0,0,0,0,0,0,0,0,0,0,0,0,0,0,0,0,0,0,0,0,0,0,0,0,0,0,0,0,0,0,0,0,0.007080020202339848,0,0,0,0,0,0,0,0.00722583941556993,0,0,0,0,0,0,0,0,0,0,0,0,0,0,0,0,0,0,0,0,0,0,0,0,0,0,0,0,0,0,0,0,0,0,0,0,0,0,0,0,0,0,0,0,0,0,0,0,0,0,0,0,0,0,0,0,0,0,0,0,0,0,0,0,0,0,0,0,0,0,0,0,0,0,0,0,0,0,0,0,0,0,0,0,0,0,0,0,0,0,0,0,0,0,0,0,0,0,0,0,0,0,0,0,0,0,0,0,0,0,0,0,0,0,0,0,0,0,0,0,0,0,0,0,0,0,0,0,0,0,0,0,0,0,0,0,0,0,0,0,0,0,0,0,0,0,0,0,0,0,0,0,0,0,0,0,0,0,0,0,0,0,0,0,0,0,0,0,0,0,0,0,0,0,0,0,0,0,0,0,0,0,0.007206187451464684,0.007208645308285114,0.007545611200938602,0.006825354777374299,0.007545611200938602,0.007666894402889874,0.007169322567245348,0.00721510055178314,0.007669496370198857,0.007556272712526027,0.007666894402889874,0.00756129571722901,0.007215029334690704,0,0.007669496370198857,0.007555712136328925,0.007217763253087206,0,0,0,0,0,0,0,0,0,0,0,0,0,0,0,0,0,0,0,0,0,0,0,0.006560782600191561,0.004694023351069333,0.006560782600191562,0.00551938214350855,0.006524703360697775,0.006501345144622108,0.005091427220989802,0.007576015123977721,0,0,0,0,0,0,0,0,0,0,0,0,0,0,0,0,0,0,0,0,0,0,0,0,0,0,0,0,0,0,0,0,0,0,0,0,0,0,0,0,0,0,0,0,0,0,0,0,0,0,0,0,0,0,0,0,0,0,0,0,0,0,0,0,0,0,0,0,0,0,0,0,0,0,0,0,0,0,0,0,0
0,0,0,0,0,0,0,0,0,0,0,0,0,0,0,0,0,0,0,0,0,0,0,0,0,0,0,0,0,0,0,0,0,0,0,0,0,0,0,0,0,0,0,0,0,0,0,0,0,0,0,0,0,0,0,0,0,0,0,0,0,0,0,0,0,0,0,0,0,0,0,0,0,0,0,0,0,0,0,0,0,0,0,0,0,0,0,0,0,0,0,0,0,0,0,0,0,0,0,0,0,0,0,0,0,0,0,0,0.007082414305022902,0,0,0,0,0,0,0,0.007228392527490378,0,0,0,0,0,0,0,0,0,0,0,0,0,0,0,0,0,0,0,0,0,0,0,0,0,0,0,0,0,0,0,0,0,0,0,0,0,0,0,0,0,0,0,0,0,0,0,0,0,0,0,0,0,0,0,0,0,0,0,0,0,0,0,0,0,0,0,0,0,0,0,0,0,0,0,0,0,0,0,0,0,0,0,0,0,0,0,0,0,0,0,0,0,0,0,0,0,0,0,0,0,0,0,0,0,0,0,0,0,0,0,0,0,0,0,0,0,0,0,0,0,0,0,0,0,0,0,0,0,0,0,0,0,0,0,0,0,0,0,0,0,0,0,0,0,0,0,0,0,0,0,0,0,0,0,0,0,0,0,0,0,0,0,0,0,0,0,0,0,0,0,0,0,0,0,0,0,0,0,0,0,0,0.007208580569307782,0.007211038426128211,0.007548159997130406,0.00682775211498407,0.007548159997130406,0.007669496370198857,0.007171875163093828,0.007217484381437558,0.00767209833750784,0.007558824057985842,0.007669496370198857,0.007563851142866398,0.007217413164345121,0.007669496370198857,0,0.007558273117763213,0.007220147082741625,0,0,0,0,0,0,0,0,0,0,0,0,0,0,0,0,0,0,0,0,0,0,0,0.006562812115841444,0.004695955177208003,0.006562812115841444,0.005521332660616147,0.006526742819909772,0.006503367920996199,0.00509344949432158,0.007578575692525855,0,0,0,0,0,0,0,0,0,0,0,0,0,0,0,0,0,0,0,0,0,0,0,0,0,0,0,0,0,0,0,0,0,0,0,0,0,0,0,0,0,0,0,0,0,0,0,0,0,0,0,0,0,0,0,0,0,0,0,0,0,0,0,0,0,0,0,0,0,0,0,0,0,0,0,0,0,0,0,0,0
0,0,0,0,0,0,0,0,0,0,0,0,0,0,0,0,0,0,0,0,0,0,0,0,0,0,0,0,0,0,0,0,0,0,0,0,0,0,0,0,0,0,0,0,0,0,0,0,0,0,0,0,0,0,0,0,0,0,0,0,0,0,0,0,0,0,0,0,0,0,0,0,0,0,0,0,0,0,0,0,0,0,0,0,0,0,0,0,0,0,0,0,0,0,0,0,0,0,0,0,0,0,0,0,0,0,0,0,0.007133542526555199,0,0,0,0,0,0,0,0.007278582829555741,0,0,0,0,0,0,0,0,0,0,0,0,0,0,0,0,0,0,0,0,0,0,0,0,0,0,0,0,0,0,0,0,0,0,0,0,0,0,0,0,0,0,0,0,0,0,0,0,0,0,0,0,0,0,0,0,0,0,0,0,0,0,0,0,0,0,0,0,0,0,0,0,0,0,0,0,0,0,0,0,0,0,0,0,0,0,0,0,0,0,0,0,0,0,0,0,0,0,0,0,0,0,0,0,0,0,0,0,0,0,0,0,0,0,0,0,0,0,0,0,0,0,0,0,0,0,0,0,0,0,0,0,0,0,0,0,0,0,0,0,0,0,0,0,0,0,0,0,0,0,0,0,0,0,0,0,0,0,0,0,0,0,0,0,0,0,0,0,0,0,0,0,0,0,0,0,0,0,0,0,0,0,0.007259669761421877,0.007262159056224337,0.007598327485341064,0.006878952014660666,0.007598327485341066,0.007555712136328925,0.007205993315676677,0.007283627910694883,0.007558273117763213,0.007592312734054666,0.007555712136328925,0.007573566218706161,0.007283555589165261,0.007555712136328925,0.007558273117763213,0,0.007286331905264917,0,0,0,0,0,0,0,0,0,0,0,0,0,0,0,0,0,0,0,0,0,0,0,0.00684837490200834,0.005066332054347453,0.00684837490200834,0.005606424766889898,0.006863470350202701,0.006576861997764285,0.005130863350445568,0.007594286836296931,0,0,0,0,0,0,0,0,0,0,0,0,0,0,0,0,0,0,0,0,0,0,0,0,0,0,0,0,0,0,0,0,0,0,0,0,0,0,0,0,0,0,0,0,0,0,0,0,0,0,0,0,0,0,0,0,0,0,0,0,0,0,0,0,0,0,0,0,0,0,0,0,0,0,0,0,0,0,0,0,0
0,0,0,0,0,0,0,0,0,0,0,0,0,0,0,0,0,0,0,0,0,0,0,0,0,0,0,0,0,0,0,0,0,0,0,0,0,0,0,0,0,0,0,0,0,0,0,0,0,0,0,0,0,0,0,0,0,0,0,0,0,0,0,0,0,0,0,0,0,0,0,0,0,0,0,0,0,0,0,0,0,0,0,0,0,0,0,0,0,0,0,0,0,0,0,0,0,0,0,0,0,0,0,0,0,0,0,0,0.007204457343442714,0,0,0,0,0,0,0,0.006950346882158731,0,0,0,0,0,0,0,0,0,0,0,0,0,0,0,0,0,0,0,0,0,0,0,0,0,0,0,0,0,0,0,0,0,0,0,0,0,0,0,0,0,0,0,0,0,0,0,0,0,0,0,0,0,0,0,0,0,0,0,0,0,0,0,0,0,0,0,0,0,0,0,0,0,0,0,0,0,0,0,0,0,0,0,0,0,0,0,0,0,0,0,0,0,0,0,0,0,0,0,0,0,0,0,0,0,0,0,0,0,0,0,0,0,0,0,0,0,0,0,0,0,0,0,0,0,0,0,0,0,0,0,0,0,0,0,0,0,0,0,0,0,0,0,0,0,0,0,0,0,0,0,0,0,0,0,0,0,0,0,0,0,0,0,0,0,0,0,0,0,0,0,0,0,0,0,0,0,0,0,0,0,0,0.007330289648995675,0.00733278053439699,0.007269284095302302,0.006950501380643303,0.007269284095302303,0.007217763253087206,0.006906328705085526,0.007837715559540348,0.007220147082741625,0.007283300456595799,0.007217763253087206,0.007282581149023632,0.007837636982691442,0.007217763253087206,0.007220147082741625,0.007286331905264917,0,0,0,0,0,0,0,0,0,0,0,0,0,0,0,0,0,0,0,0,0,0,0,0,0.00689138311973893,0.005389563356345018,0.006891383119738931,0.006009952113865666,0.006389499764803907,0.006389175185233511,0.005344983586469034,0.007225736294828481,0,0,0,0,0,0,0,0,0,0,0,0,0,0,0,0,0,0,0,0,0,0,0,0,0,0,0,0,0,0,0,0,0,0,0,0,0,0,0,0,0,0,0,0,0,0,0,0,0,0,0,0,0,0,0,0,0,0,0,0,0,0,0,0,0,0,0,0,0,0,0,0,0,0,0,0,0,0,0,0,0
0,0,0,0,0,0,0,0,0,0,0,0,0,0,0,0,0,0,0,0,0,0,0,0,0,0,0,0,0,0,0,0,0,0,0,0,0,0,0,0,0,0,0,0,0,0,0,0,0,0,0,0,0,0,0,0,0,0,0,0,0,0,0,0,0,0,0,0.00476847609768879,0,0,0,0,0,0,0,0,0,0,0,0,0,0,0,0,0,0,0,0,0,0,0,0,0,0,0,0,0,0,0,0,0,0,0,0,0,0,0,0,0,0,0,0,0,0,0,0,0,0,0,0,0,0,0,0,0,0,0,0,0,0,0,0,0,0,0,0,0,0,0,0,0,0,0,0,0,0,0,0,0,0,0,0,0,0,0,0,0,0,0,0,0,0,0,0,0,0,0,0,0,0,0,0,0,0,0,0,0,0,0,0,0,0,0,0,0,0,0,0.004975876167221645,0,0,0,0,0,0,0,0,0,0,0,0,0,0,0,0,0,0,0,0,0,0,0,0,0,0,0,0,0,0,0,0,0,0,0,0,0,0,0,0,0,0,0,0,0,0,0,0,0,0,0,0,0,0,0,0,0,0,0,0,0,0,0,0,0,0,0,0,0,0,0,0,0,0,0,0,0,0,0,0,0,0,0,0,0,0,0,0,0.003988079710014089,0.003927455110760873,0,0,0,0,0,0,0,0,0,0,0,0,0,0,0,0,0,0,0,0.004276708669554423,0.004276708669554423,0,0,0,0,0,0,0,0,0,0,0,0,0,0,0,0,0,0,0.006084021404948759,0.007405313090214057,0.006084021404948759,0.006079012790195106,0.006084734233710759,0.006263161225782984,0.006079012790195106,0.006295943064153302,0.005183125115431678,0.006084734233710759,0.005061336216731406,0.006381380078745049,0,0,0,0,0,0,0,0,0,0,0,0,0,0,0,0,0,0,0,0,0,0,0,0,0,0,0,0,0,0.00550229985737176,0,0,0,0,0,0,0,0,0,0,0,0,0,0,0,0,0,0,0,0,0,0,0,0,0,0,0,0,0,0,0,0,0,0,0,0,0,0.003794760142494288,0,0,0,0,0,0,0.003980591514898501,0.003979511083281533,0,0,0,0,0,0,0,0,0,0,0,0.004261079662098199,0,0,0,0,0,0,0,0,0,0,0
0,0,0,0,0,0,0,0,0,0,0,0,0,0,0,0,0,0,0,0,0,0,0,0,0,0,0,0,0,0,0,0,0,0,0,0,0,0,0,0,0,0,0,0,0,0,0,0,0,0,0,0,0,0,0,0,0,0,0,0,0,0,0,0,0,0,0,0.004683949705015654,0,0,0,0,0,0,0,0,0,0,0,0,0,0,0,0,0,0,0,0,0,0,0,0,0,0,0,0,0,0,0,0,0,0,0,0,0,0,0,0,0,0,0,0,0,0,0,0,0,0,0,0,0,0,0,0,0,0,0,0,0,0,0,0,0,0,0,0,0,0,0,0,0,0,0,0,0,0,0,0,0,0,0,0,0,0,0,0,0,0,0,0,0,0,0,0,0,0,0,0,0,0,0,0,0,0,0,0,0,0,0,0,0,0,0,0,0,0,0,0.004890023515499227,0,0,0,0,0,0,0,0,0,0,0,0,0,0,0,0,0,0,0,0,0,0,0,0,0,0,0,0,0,0,0,0,0,0,0,0,0,0,0,0,0,0,0,0,0,0,0,0,0,0,0,0,0,0,0,0,0,0,0,0,0,0,0,0,0,0,0,0,0,0,0,0,0,0,0,0,0,0,0,0,0,0,0,0,0,0.004100846715008356,0,0.004099800526002005,0,0,0,0.004198668385099934,0.004807036051302166,0,0,0,0,0,0,0,0,0,0,0,0,0,0,0,0,0.003971576539414131,0.00397157653941413,0,0,0,0,0,0,0,0,0,0,0,0,0,0,0,0,0,0.006084021404948759,0,0.005541902946357783,0.007659124018169459,0.007100433613699509,0.007107874491883775,0.006854000578881365,0.007100433613699509,0.006689399767083048,0.005216210970471612,0.007107874491883775,0.005452721244373735,0.006395560468231703,0,0,0,0,0,0,0,0,0,0,0,0,0,0,0,0,0,0,0,0,0,0,0,0,0,0,0,0,0,0.005153712596562795,0,0,0,0,0,0,0,0,0,0,0,0,0,0,0,0,0,0,0,0,0,0,0,0,0,0,0,0,0,0,0,0,0,0,0.003905026675917432,0.003905991189266021,0,0,0,0,0,0.005037180838775478,0.005042161704070014,0.005032271879174022,0,0,0.003900858039102804,0.003894972567747053,0,0,0,0,0,0,0,0,0,0,0,0,0,0,0,0,0,0,0,0,0
0,0,0,0,0,0,0,0,0,0,0,0,0,0,0,0,0,0,0,0,0,0,0,0,0,0,0,0,0,0,0,0,0,0,0,0,0,0,0,0,0,0,0,0,0,0,0,0,0,0,0,0,0,0,0,0,0,0,0,0,0,0,0,0,0,0,0,0.004816924794421826,0,0,0,0,0,0,0,0,0,0,0,0,0,0,0,0,0,0,0,0,0,0,0,0,0,0,0,0,0,0,0,0,0,0,0,0,0,0,0,0,0,0,0,0,0,0,0,0,0,0,0,0,0,0,0,0,0,0,0,0,0,0,0,0,0,0,0,0,0,0,0,0,0,0,0,0,0,0,0,0,0,0,0,0,0,0,0,0,0,0,0,0,0,0,0,0,0,0,0,0,0,0,0,0,0,0,0,0,0,0,0,0,0.003665430373405957,0,0,0,0,0,0,0.004986648301000245,0,0,0,0,0,0,0,0,0,0,0,0,0,0,0,0,0,0,0,0,0,0,0,0,0,0,0,0,0,0,0,0,0,0,0,0,0,0,0,0,0,0,0,0,0,0,0,0,0,0,0,0,0,0,0,0,0,0,0,0,0,0,0,0,0,0,0,0,0,0,0,0,0,0,0,0,0,0,0,0,0,0,0,0,0,0,0,0,0,0,0,0,0,0,0,0,0,0,0,0,0,0,0,0,0,0,0,0,0,0,0,0,0,0,0,0,0,0,0,0,0,0,0,0,0,0,0,0,0.007405313090214057,0.005541902946357783,0,0.005541902946357783,0.005536978690889455,0.005542705147590601,0.005721307877572969,0.005536978690889455,0.005754871368448969,0.005267581494468964,0.005542705147590601,0.005147024789245384,0.00583962594946529,0,0,0,0,0,0,0,0,0,0,0,0,0,0,0,0,0,0,0,0,0,0,0,0,0,0,0,0,0,0.00559277807101656,0,0,0,0,0,0,0,0,0,0,0,0,0,0,0,0,0,0,0,0,0,0,0,0,0,0,0,0,0,0,0,0,0,0,0,0,0,0,0,0,0,0,0,0,0.003804715685234403,0.003803582577965255,0,0,0,0,0,0,0,0,0,0,0,0.004257618895931244,0,0,0,0,0,0,0,0,0,0,0
0,0,0,0,0,0,0,0,0,0,0,0,0,0,0,0,0,0,0,0,0,0,0,0,0,0,0,0,0,0,0,0,0,0,0,0,0,0,0,0,0,0,0,0,0,0,0,0,0,0,0,0,0,0,0,0,0,0,0,0,0,0,0,0,0,0,0,0,0,0,0,0,0,0,0,0,0,0,0,0,0,0,0,0,0,0,0,0,0,0,0,0,0,0,0,0,0,0,0,0,0,0,0,0,0,0,0,0,0,0,0,0,0,0,0,0,0,0,0,0,0,0,0,0,0,0,0,0,0,0,0,0,0,0,0,0,0,0,0,0,0,0,0,0,0,0,0,0,0,0,0,0,0,0,0,0,0,0,0,0,0,0,0,0,0,0,0,0,0,0,0,0,0,0,0,0,0,0,0,0,0,0,0,0,0,0,0,0.004890023515499227,0,0,0,0,0,0,0,0,0,0,0,0,0,0,0,0,0,0,0,0,0,0,0,0,0,0,0,0,0,0,0,0,0,0,0,0,0,0,0,0,0,0,0,0,0,0,0,0,0,0,0,0,0,0,0,0,0,0,0,0,0,0,0,0,0,0,0,0,0,0,0,0,0,0,0,0,0,0,0,0,0,0,0,0,0,0.004100846715008356,0,0.004099800526002005,0,0,0,0.004198668385099934,0.004807036051302166,0,0,0,0,0,0,0,0,0,0,0,0,0,0,0,0,0.003971576539414131,0.00397157653941413,0,0,0,0,0,0,0,0,0,0,0,0,0,0,0,0,0,0.006084021404948759,0.007659124018169459,0.005541902946357783,0,0.007100433613699509,0.007107874491883775,0.006854000578881365,0.007100433613699509,0.006689399767083048,0.005216210970471612,0.007107874491883775,0.005452721244373734,0.006395560468231703,0,0,0,0,0,0,0,0,0,0,0,0,0,0,0,0,0,0,0,0,0,0,0,0,0,0,0,0,0,0.005153712596562795,0,0,0,0,0,0,0,0,0,0,0,0,0,0,0,0,0,0,0,0,0,0,0,0,0,0,0,0,0,0,0,0,0,0,0.003905026675917432,0.003905991189266021,0,0,0,0,0,0.005037180838775478,0.005042161704070014,0.005032271879174022,0,0,0.003900858039102804,0.003894972567747053,0,0,0,0,0,0,0,0,0,0,0,0,0,0,0,0,0,0,0,0,0
0,0,0,0,0,0,0,0,0,0,0,0,0,0,0,0,0,0,0,0,0,0,0,0,0,0,0,0,0,0,0,0,0,0,0,0,0,0,0,0,0,0,0,0,0,0,0,0,0,0,0,0,0,0,0,0,0,0,0,0,0,0,0,0,0,0,0,0,0,0,0,0,0,0,0,0,0,0,0,0,0,0,0,0,0,0,0,0,0,0,0,0,0,0,0,0,0,0,0,0,0,0,0,0,0,0,0,0,0,0,0,0,0,0,0,0,0,0,0,0,0,0,0,0,0,0,0,0,0,0,0,0,0,0,0,0,0,0,0,0,0,0,0,0,0,0,0,0,0,0,0,0,0,0,0,0,0,0,0,0,0,0,0,0,0,0,0,0,0,0,0,0,0,0,0,0,0,0,0,0,0,0,0,0,0,0,0,0.004869154625773447,0,0,0,0,0,0,0,0,0,0,0,0,0,0,0,0,0,0,0,0,0,0,0,0,0,0,0,0,0,0,0,0,0,0,0,0,0,0,0,0,0,0,0,0,0,0,0,0,0,0,0,0,0,0,0,0,0,0,0,0,0,0,0,0,0,0,0,0,0,0,0,0,0,0,0,0,0,0,0,0,0,0,0,0,0,0,0,0,0.003979025624800432,0.003918153193425662,0.004124215562217818,0,0.004667372779824057,0,0,0,0,0,0,0,0,0,0,0,0,0,0,0,0,0,0,0,0,0,0,0,0,0,0,0,0,0,0,0,0,0,0,0,0.006079012790195106,0.007100433613699509,0.005536978690889455,0.007100433613699509,0,0.007628856943878451,0.007213919527311775,0.007620674037444736,0.00706880275565579,0.005346982612681546,0.007628856943878451,0.005819015555234753,0.006531424527895013,0,0,0,0,0,0,0,0,0,0,0,0,0,0,0,0,0,0,0,0,0,0,0,0,0,0,0,0,0,0.005111835704770708,0,0,0,0,0,0,0,0,0,0,0,0,0,0,0,0,0,0,0,0,0,0,0,0,0,0,0,0,0,0,0,0,0,0,0,0,0.00404684218862803,0,0,0,0,0.005042597617434376,0.005047518289187487,0.005037619999285932,0,0,0,0,0.003921637250101379,0,0,0,0,0,0,0,0,0,0,0,0,0,0,0,0,0,0,0,0
0,0,0,0,0,0,0,0,0,0,0,0,0,0,0,0,0,0,0,0,0,0,0,0,0,0,0,0,0,0,0,0,0,0,0,0,0,0,0,0,0,0,0,0,0,0,0,0,0,0,0,0,0,0,0,0,0,0,0,0,0,0,0,0,0,0,0,0,0,0,0,0,0,0,0,0,0,0,0,0,0,0,0,0,0,0,0,0,0,0,0,0,0,0,0,0,0,0,0,0,0,0,0,0,0,0,0,0,0,0,0,0,0,0,0,0,0,0,0,0,0,0,0,0,0,0,0,0,0,0,0,0,0,0,0,0,0,0,0,0,0,0,0,0,0,0,0,0,0,0,0,0,0,0,0,0,0,0,0,0,0,0,0,0,0,0,0,0,0,0,0,0,0,0,0,0,0,0,0,0,0,0,0,0,0,0,0,0.004874619319568127,0,0,0,0,0,0,0,0,0,0,0,0,0,0,0,0,0,0,0,0,0,0,0,0,0,0,0,0,0,0,0,0,0,0,0,0,0,0,0,0,0,0,0,0,0,0,0,0,0,0,0,0,0,0,0,0,0,0,0,0,0,0,0,0,0,0,0,0,0,0,0,0,0,0,0,0,0,0,0,0,0,0,0,0,0,0.004070166966921095,0,0.00406913191248661,0.00398226934060915,0.003921398240291628,0.004127763941382248,0.003961610984729465,0.004671615138532405,0,0,0,0,0,0,0,0,0,0,0,0,0,0,0,0,0,0,0,0,0,0,0,0,0,0,0,0,0,0,0,0,0,0,0,0.006084734233710759,0.007107874491883775,0.005542705147590601,0.007107874491883775,0.007628856943878451,0,0.007221445979747674,0.007628856943878451,0.007076088611193051,0.005353444246331763,0.007637039850312167,0.005826350866518712,0.0065377336175925,0,0,0,0,0,0,0,0,0,0,0,0,0,0,0,0,0,0,0,0,0,0,0,0,0,0,0,0,0,0.00511761919882509,0,0,0,0,0,0,0,0,0,0,0,0,0,0,0,0,0,0,0,0,0,0,0,0,0,0,0,0,0,0,0,0,0,0,0,0.003876004193087437,0.004050499931516377,0,0,0,0,0.004828649042829676,0.004833373357741203,0.004823477178995011,0,0,0,0,0.00392509638338725,0,0,0,0,0,0,0,0,0,0,0,0,0,0,0,0,0,0,0,0
0,0,0,0,0,0,0,0,0,0,0,0,0,0,0,0,0,0,0,0,0,0,0,0,0,0,0,0,0,0,0,0,0,0,0,0,0,0,0,0,0,0,0,0,0,0,0,0,0,0,0,0,0,0,0,0,0,0,0,0,0,0,0,0,0,0,0,0.004797269065933162,0,0,0,0,0,0,0,0,0,0,0,0,0,0,0,0,0,0,0,0,0,0,0,0,0,0,0,0,0,0,0,0,0,0,0,0,0,0,0,0,0,0,0,0,0,0,0,0,0,0,0,0,0,0,0,0,0,0,0,0,0,0,0,0,0,0,0,0,0,0,0,0,0,0,0,0,0,0,0,0,0,0,0,0,0,0,0,0,0,0,0,0,0,0,0,0,0,0,0,0,0,0,0,0,0,0,0,0,0,0,0,0,0.003714488481532889,0,0,0,0,0,0,0.005001322180642052,0,0,0,0,0,0,0,0,0,0,0,0,0,0,0,0,0,0,0,0,0,0,0,0,0,0,0,0,0,0,0,0,0,0,0,0,0,0,0,0,0,0,0,0,0,0,0,0,0,0,0,0,0,0,0,0,0,0,0,0,0,0,0,0,0,0,0,0,0,0,0,0,0,0,0,0,0,0,0,0,0,0,0,0,0,0,0,0,0,0,0,0,0,0,0,0,0,0,0,0,0,0,0,0,0,0,0,0,0,0,0,0,0,0,0,0,0,0,0,0,0,0,0,0,0,0,0,0,0.006263161225782984,0.006854000578881365,0.005721307877572969,0.006854000578881365,0.007213919527311775,0.007221445979747674,0,0.007213919527311775,0.007536744603335645,0.005480687955047269,0.007221445979747674,0.006132672733628795,0.006709945644056677,0,0,0,0,0,0,0,0,0,0,0,0,0,0,0,0,0,0,0,0,0,0,0,0,0,0,0,0,0,0.005270707914300786,0,0,0,0,0,0,0,0,0,0,0,0,0,0,0,0,0,0,0,0,0,0,0,0,0,0,0,0,0,0,0,0,0,0,0,0,0,0,0,0,0,0.004641958264994662,0.004646464228828194,0.004636571700776535,0,0,0,0,0,0,0,0,0,0,0,0,0,0.003491031339158819,0,0,0,0,0,0,0,0,0,0,0
0,0,0,0,0,0,0,0,0,0,0,0,0,0,0,0,0,0,0,0,0,0,0,0,0,0,0,0,0,0,0,0,0,0,0,0,0,0,0,0,0,0,0,0,0,0,0,0,0,0,0,0,0,0,0,0,0,0,0,0,0,0,0,0,0,0,0,0,0,0,0,0,0,0,0,0,0,0,0,0,0,0,0,0,0,0,0,0,0,0,0,0,0,0,0,0,0,0,0,0,0,0,0,0,0,0,0,0,0,0,0,0,0,0,0,0,0,0,0,0,0,0,0,0,0,0,0,0,0,0,0,0,0,0,0,0,0,0,0,0,0,0,0,0,0,0,0,0,0,0,0,0,0,0,0,0,0,0,0,0,0,0,0,0,0,0,0,0,0,0,0,0,0,0,0,0,0,0,0,0,0,0,0,0,0,0,0,0.004869154625773447,0,0,0,0,0,0,0,0,0,0,0,0,0,0,0,0,0,0,0,0,0,0,0,0,0,0,0,0,0,0,0,0,0,0,0,0,0,0,0,0,0,0,0,0,0,0,0,0,0,0,0,0,0,0,0,0,0,0,0,0,0,0,0,0,0,0,0,0,0,0,0,0,0,0,0,0,0,0,0,0,0,0,0,0,0,0,0,0,0,0,0.004124215562217818,0,0.004667372779824057,0,0,0,0,0,0,0,0,0,0,0,0,0,0,0,0,0,0,0,0,0,0,0,0,0,0,0,0,0,0,0,0,0,0,0,0.006079012790195106,0.007100433613699509,0.005536978690889455,0.007100433613699509,0.007620674037444736,0.007628856943878451,0.007213919527311775,0,0.00706880275565579,0.005346982612681546,0.007628856943878451,0.005819015555234753,0.006531424527895013,0,0,0,0,0,0,0,0,0,0,0,0,0,0,0,0,0,0,0,0,0,0,0,0,0,0,0,0,0,0.005111835704770708,0,0,0,0,0,0,0,0,0,0,0,0,0,0,0,0,0,0,0,0,0,0,0,0,0,0,0,0,0,0,0,0,0,0,0,0,0.00404684218862803,0,0,0,0,0.005042597617434376,0.005047518289187487,0.005037619999285932,0,0,0,0,0.003921637250101379,0,0,0,0,0,0,0,0,0,0,0,0,0,0,0,0,0,0,0,0
0,0,0,0,0,0,0,0,0,0,0,0,0,0,0,0,0,0,0,0,0,0,0,0,0,0,0,0,0,0,0,0,0,0,0,0,0,0,0,0,0,0,0,0,0,0,0,0,0,0,0,0,0,0,0,0,0,0,0,0,0,0,0,0,0,0,0,0.004813599362800505,0,0,0,0,0,0,0,0,0,0,0,0,0,0,0,0,0,0,0,0,0,0,0,0,0,0,0,0,0,0,0,0,0,0,0,0,0,0,0,0,0,0,0,0,0,0,0,0,0,0,0,0,0,0,0,0,0,0,0,0,0,0,0,0,0,0,0,0,0,0,0,0,0,0,0,0,0,0,0,0,0,0,0,0,0,0,0,0,0,0,0,0,0,0,0,0,0,0,0,0,0,0,0,0,0,0,0,0,0,0,0,0,0.003415434141513224,0,0,0,0,0,0,0.005017633876578975,0,0,0,0,0,0,0,0,0,0,0,0,0,0,0,0,0,0,0,0,0,0,0,0,0,0,0,0,0,0,0,0,0,0,0,0,0,0,0,0,0,0,0,0,0,0,0,0,0,0,0,0,0,0,0,0,0,0,0,0,0,0,0,0,0,0,0,0,0,0,0,0,0,0,0,0,0,0,0,0,0,0,0,0,0,0,0,0,0,0,0,0,0,0,0,0,0,0,0,0,0,0,0,0,0,0,0,0,0,0,0,0,0,0,0,0,0,0,0,0,0,0,0,0,0,0,0,0,0.006295943064153302,0.006689399767083048,0.005754871368448969,0.006689399767083048,0.00706880275565579,0.007076088611193051,0.007536744603335645,0.00706880275565579,0,0.005490000679421613,0.007076088611193051,0.006314071509325402,0.006740191410154243,0,0,0,0,0,0,0,0,0,0,0,0,0,0,0,0,0,0,0,0,0,0,0,0,0,0,0,0,0,0.005304373166106297,0,0,0,0,0,0,0,0,0,0,0,0,0,0,0,0,0,0,0,0,0,0,0,0,0,0,0,0,0,0,0,0,0,0,0,0,0,0,0,0,0,0,0,0,0,0,0,0,0,0,0,0,0,0,0,0,0,0.0034783749710173,0,0,0,0,0,0,0,0,0,0,0
0,0,0,0,0,0,0,0,0,0,0,0,0,0,0,0,0,0,0,0,0,0,0,0,0,0,0,0,0,0,0,0,0,0,0,0,0,0,0,0,0,0,0,0,0,0,0,0,0,0,0,0,0,0,0,0,0,0,0,0,0,0,0,0,0,0,0,0.005120135250358445,0,0,0,0,0,0,0,0,0,0,0,0,0,0,0,0,0,0,0,0,0,0,0,0,0,0,0,0,0,0,0,0,0,0,0,0,0,0,0,0,0,0,0,0,0,0,0,0,0,0,0,0.003833616387003924,0,0,0,0,0,0,0,0,0,0,0,0,0,0,0,0,0,0,0,0,0,0,0,0,0,0,0,0,0,0,0,0,0,0,0,0,0,0,0,0,0,0,0,0,0,0,0,0,0,0,0,0,0,0,0,0,0,0,0,0,0.003964504446899339,0,0,0,0,0,0,0.005600847116432746,0,0,0,0,0,0,0,0,0,0,0,0,0,0,0,0,0,0,0,0,0,0,0,0,0,0,0,0,0,0,0,0,0,0,0,0,0,0,0,0,0,0,0,0,0,0,0,0,0,0,0,0,0,0,0,0,0,0,0,0,0,0,0,0,0,0,0,0,0,0,0,0,0,0,0,0,0,0,0,0,0,0,0,0,0,0,0,0,0,0,0,0,0,0,0,0,0,0,0,0,0,0,0,0,0,0,0,0,0,0,0,0,0,0,0,0,0,0,0,0,0,0,0,0,0,0,0,0,0.005183125115431678,0.005216210970471612,0.005267581494468964,0.005216210970471612,0.005346982612681546,0.005353444246331763,0.005480687955047269,0.005346982612681546,0.005490000679421613,0,0.005353444246331763,0.006682234488983483,0.006675173037954986,0,0,0,0,0,0,0,0,0,0,0,0,0,0,0,0,0,0,0,0,0,0,0,0,0,0,0,0,0,0.005958141455789889,0,0,0,0,0,0,0,0,0,0,0,0,0,0,0,0,0,0,0,0,0,0,0,0,0,0,0,0,0,0,0,0,0,0,0,0,0,0,0,0,0,0,0,0,0,0,0,0,0,0,0,0,0,0,0,0,0,0.003726188807861151,0,0,0,0,0,0,0,0,0,0,0
0,0,0,0,0,0,0,0,0,0,0,0,0,0,0,0,0,0,0,0,0,0,0,0,0,0,0,0,0,0,0,0,0,0,0,0,0,0,0,0,0,0,0,0,0,0,0,0,0,0,0,0,0,0,0,0,0,0,0,0,0,0,0,0,0,0,0,0,0,0,0,0,0,0,0,0,0,0,0,0,0,0,0,0,0,0,0,0,0,0,0,0,0,0,0,0,0,0,0,0,0,0,0,0,0,0,0,0,0,0,0,0,0,0,0,0,0,0,0,0,0,0,0,0,0,0,0,0,0,0,0,0,0,0,0,0,0,0,0,0,0,0,0,0,0,0,0,0,0,0,0,0,0,0,0,0,0,0,0,0,0,0,0,0,0,0,0,0,0,0,0,0,0,0,0,0,0,0,0,0,0,0,0,0,0,0,0,0.004874619319568127,0,0,0,0,0,0,0,0,0,0,0,0,0,0,0,0,0,0,0,0,0,0,0,0,0,0,0,0,0,0,0,0,0,0,0,0,0,0,0,0,0,0,0,0,0,0,0,0,0,0,0,0,0,0,0,0,0,0,0,0,0,0,0,0,0,0,0,0,0,0,0,0,0,0,0,0,0,0,0,0,0,0,0,0,0,0.004070166966921095,0,0.004069131912486611,0.00398226934060915,0.003921398240291628,0.004127763941382248,0.003961610984729465,0.004671615138532405,0,0,0,0,0,0,0,0,0,0,0,0,0,0,0,0,0.003946288770596784,0.003946288770596784,0,0,0,0,0,0,0,0,0,0,0,0,0,0,0,0,0,0.006084734233710759,0.007107874491883775,0.005542705147590601,0.007107874491883775,0.007628856943878451,0.007637039850312167,0.007221445979747674,0.007628856943878451,0.007076088611193051,0.005353444246331763,0,0.005826350866518712,0.006537733617592499,0,0,0,0,0,0,0,0,0,0,0,0,0,0,0,0,0,0,0,0,0,0,0,0,0,0,0,0,0,0.00511761919882509,0,0,0,0,0,0,0,0,0,0,0,0,0,0,0,0,0,0,0,0,0,0,0,0,0,0,0,0,0,0,0,0,0,0,0,0.003876004193087437,0.004050499931516377,0,0,0,0,0.004828649042829676,0.004833373357741202,0.00482347717899501,0,0,0,0,0.00392509638338725,0,0,0,0,0,0,0,0,0,0,0,0,0,0,0,0,0,0,0,0
0,0,0,0,0,0,0,0,0,0,0,0,0,0,0,0,0,0,0,0,0,0,0,0,0,0,0,0,0,0,0,0,0,0,0,0,0,0,0,0,0,0,0,0,0,0,0,0,0,0,0,0,0,0,0,0,0,0,0,0,0,0,0,0,0,0,0,0.005030365563539744,0,0,0,0,0,0,0,0,0,0,0,0,0,0,0,0,0,0,0,0,0,0,0,0,0,0,0,0,0,0,0,0,0,0,0,0,0,0,0,0,0,0,0,0,0,0,0,0,0,0,0,0.003769190616060446,0,0,0,0,0,0,0,0,0,0,0,0,0,0,0,0,0,0,0,0,0,0,0,0,0,0,0,0,0,0,0,0,0,0,0,0,0,0,0,0,0,0,0,0,0,0,0,0,0,0,0,0,0,0,0,0,0,0,0,0,0.003904890637077962,0,0,0,0,0,0,0.005512264999064379,0,0,0,0,0,0,0,0,0,0,0,0,0,0,0,0,0,0,0,0,0,0,0,0,0,0,0,0,0,0,0,0,0,0,0,0,0,0,0,0,0,0,0,0,0,0,0,0,0,0,0,0,0,0,0,0,0,0,0,0,0,0,0,0,0,0,0,0,0,0,0,0,0,0,0,0,0,0,0,0,0,0,0,0,0,0,0,0,0,0,0,0,0,0,0,0,0,0.002649961242262271,0,0,0,0,0,0,0,0,0,0,0,0,0,0,0,0,0,0,0,0,0,0,0,0,0,0,0,0,0,0,0.005061336216731406,0.005452721244373735,0.005147024789245384,0.005452721244373734,0.005819015555234753,0.005826350866518712,0.006132672733628795,0.005819015555234753,0.006314071509325402,0.006682234488983483,0.005826350866518712,0,0.005502127239809342,0,0,0,0,0,0,0,0,0,0,0,0,0,0,0,0,0,0,0,0,0,0,0,0,0,0,0,0,0,0.005838868346710508,0,0,0,0,0,0,0,0,0,0,0,0,0,0,0,0,0,0,0,0,0,0,0,0,0,0,0,0,0,0,0,0,0,0,0,0,0,0,0,0,0,0,0,0,0,0,0,0,0,0,0,0,0,0,0,0,0,0.003731774570387447,0,0,0,0,0,0,0,0,0,0,0
0,0,0,0,0,0,0,0,0,0,0,0,0,0,0,0,0,0,0,0,0,0,0,0,0,0,0,0,0,0,0,0,0,0,0,0,0,0,0,0,0,0,0,0,0,0,0,0,0,0,0,0,0,0,0,0,0,0,0,0,0,0,0,0,0,0,0,0.004873607773415068,0,0,0,0,0,0,0,0,0,0,0,0,0,0,0,0,0,0,0,0,0,0,0,0,0,0,0,0,0,0,0,0,0,0,0,0,0,0,0,0,0,0,0,0,0,0,0,0,0,0,0,0,0,0,0,0,0,0,0,0,0,0,0,0,0,0,0,0,0,0,0,0,0,0,0,0,0,0,0,0,0,0,0,0,0,0,0,0,0,0,0,0,0,0,0,0,0,0,0,0,0,0,0,0,0,0,0,0,0,0,0,0,0.003478801664024782,0,0,0,0,0,0,0.005075347844766758,0,0,0,0,0,0,0,0,0,0,0,0,0,0,0,0,0,0,0,0,0,0,0,0,0,0,0,0,0,0,0,0,0,0,0,0,0,0,0,0,0,0,0,0,0,0,0,0,0,0,0,0,0,0,0,0,0,0,0,0,0,0,0,0,0,0,0,0,0,0,0,0,0,0,0,0,0,0,0,0,0,0,0,0,0,0,0,0,0,0,0,0,0,0,0,0,0,0,0,0,0,0,0,0,0,0,0,0,0,0,0,0,0,0,0,0,0,0,0,0,0,0,0,0,0,0,0,0,0.006381380078745049,0.006395560468231703,0.00583962594946529,0.006395560468231703,0.006531424527895013,0.0065377336175925,0.006709945644056677,0.006531424527895013,0.006740191410154243,0.006675173037954986,0.006537733617592499,0.005502127239809342,0,0,0,0,0,0,0,0,0,0,0,0,0,0,0,0,0,0,0,0,0,0,0,0,0,0,0,0,0,0,0.005362103669204142,0,0,0,0,0,0,0,0,0,0,0,0,0,0,0,0,0,0,0,0,0,0,0,0,0,0,0,0,0,0,0,0,0,0,0,0,0,0,0,0,0,0.004674282188362941,0.004678409346017046,0.004668476895903936,0,0,0,0,0,0,0,0,0,0,0,0,0,0.003529539791335797,0,0,0,0,0,0,0,0,0,0,0
0,0,0,0,0,0,0,0,0,0,0.003648629532850119,0,0,0,0,0,0,0,0,0,0,0,0,0,0,0,0,0,0,0,0,0,0,0,0,0,0,0,0,0.004255151180733927,0.003543808634357741,0,0,0,0,0,0,0,0,0,0,0,0,0,0,0,0,0,0,0,0,0,0,0,0,0,0,0,0,0.004128223645788324,0,0,0,0,0,0,0,0,0,0,0,0,0,0,0,0,0,0,0,0,0,0,0,0,0,0,0,0,0,0,0,0,0,0,0,0,0,0,0,0,0,0,0,0,0,0,0,0,0,0,0,0,0.004460970179822808,0,0,0,0,0,0,0,0,0,0,0,0,0,0,0,0,0,0,0,0,0,0,0,0,0,0,0,0,0,0,0,0,0,0,0,0,0,0,0,0,0,0,0,0,0,0,0,0,0,0,0,0,0,0,0,0,0,0,0,0,0,0,0,0,0,0,0,0,0,0.003282198552221191,0,0,0.002668641203888132,0,0.00544745461571862,0,0,0,0,0,0,0,0,0,0,0,0,0,0,0,0,0,0,0,0,0,0,0,0,0,0,0,0,0,0,0,0,0,0,0,0.006848260349256298,0,0,0,0,0,0.005997548575503612,0,0,0,0,0,0,0,0,0,0,0,0,0,0,0,0,0,0,0,0,0,0,0,0,0,0,0,0,0,0,0,0,0,0,0,0,0,0,0,0,0,0,0,0,0.006277743135317787,0,0,0,0,0,0,0,0,0,0,0,0,0,0,0,0,0,0,0,0,0,0,0,0,0,0,0,0,0,0,0,0,0,0,0,0,0,0,0,0,0,0,0,0,0,0.008081277830160778,0.004935078781075384,0,0,0,0,0,0,0,0,0,0,0,0,0,0,0,0,0,0,0,0,0,0,0,0,0,0,0,0,0,0,0,0,0.003625229309831125,0,0,0,0,0,0,0,0,0,0,0,0,0,0,0,0,0,0,0,0.003642383035677806,0,0,0,0.004824164619039373,0.00510086048694206,0.004890194375183002,0,0,0,0,0,0,0,0,0,0,0,0,0,0,0,0,0,0,0,0,0.005407836230170719,0,0,0,0,0,0,0,0,0,0,0,0,0,0,0,0
0,0,0,0,0,0,0,0,0,0,0.003652811940918642,0,0,0,0,0,0,0,0,0,0,0,0,0,0,0,0,0,0,0,0,0,0,0,0,0,0,0,0,0.004260025475774932,0.003548701533938501,0,0,0,0,0,0,0,0,0,0,0,0,0,0,0,0,0,0,0,0,0,0,0,0,0,0,0,0,0.003633096451207741,0,0,0,0,0,0,0,0,0,0,0,0,0,0,0,0,0,0,0,0,0,0,0,0.003009433225942095,0,0,0,0,0,0,0,0,0,0,0,0,0,0,0,0,0,0,0,0,0,0,0,0,0,0,0,0,0.004468506490459164,0,0,0,0,0,0,0,0,0,0,0,0,0,0,0,0,0,0,0,0,0,0,0,0,0,0,0,0,0,0,0,0,0,0,0,0,0,0,0,0,0,0,0,0,0,0,0,0,0,0,0,0,0,0,0,0,0,0,0,0,0,0,0,0,0,0,0,0,0,0.003286598482203789,0,0,0.0026718615830542,0,0.005456000406455951,0,0,0,0,0.002778715195880253,0,0,0,0,0,0,0,0,0,0,0,0,0,0,0,0,0,0,0,0,0,0,0,0,0,0,0,0,0,0,0.006858456902209499,0,0,0,0,0,0.006006630271536343,0,0,0,0,0,0,0,0,0,0,0,0,0,0,0,0,0,0,0,0,0,0,0,0,0,0,0,0,0,0,0,0,0,0,0,0,0,0,0,0,0,0,0,0,0.006287018813268761,0,0,0,0,0,0,0,0,0,0,0,0,0,0,0,0,0,0,0,0,0,0,0,0,0,0,0,0,0,0,0,0,0,0,0,0,0,0,0,0,0,0,0,0,0.008081277830160778,0,0.004943030781339738,0,0,0,0,0,0,0,0,0,0,0,0,0,0,0,0,0,0,0,0,0,0,0,0,0,0,0,0,0,0,0,0,0.003630053511666791,0,0,0,0,0,0,0,0,0,0,0,0,0,0,0,0,0,0,0,0.003647235920187801,0,0,0,0.004831317836156118,0.005108386900629288,0.004897317361417304,0,0,0,0,0,0,0,0,0,0,0,0,0,0,0,0,0,0,0,0,0.005415954422166368,0,0,0,0,0,0,0,0,0,0,0,0,0,0,0,0
0,0,0,0,0,0,0,0,0,0,0,0,0,0,0,0,0,0,0,0,0.004562380647556472,0,0,0,0,0,0,0,0,0,0,0,0,0,0,0,0.003189137345532268,0,0,0,0,0,0,0,0,0,0,0,0,0,0,0,0,0,0,0,0,0,0,0,0,0,0,0,0,0,0,0,0,0,0,0,0,0,0,0.004559933248133389,0,0,0,0,0,0,0,0,0,0,0,0,0,0,0,0,0,0,0,0.004488282725525993,0,0,0,0,0,0,0,0,0,0,0,0,0,0,0,0,0,0,0,0,0,0,0,0,0,0,0.003253609946660026,0,0,0,0,0,0,0,0,0,0,0,0,0,0,0,0,0,0,0,0,0,0,0,0,0,0,0,0,0,0,0,0,0,0,0,0,0,0,0,0,0,0,0,0,0,0,0.004194249651113163,0,0,0,0,0,0,0,0,0,0,0,0,0,0,0,0,0,0,0,0,0,0,0.003344602190760598,0,0,0,0,0.003979418044583856,0,0,0,0,0,0,0,0,0,0,0,0,0,0,0.002957801354814909,0,0,0,0,0,0,0,0,0,0,0,0,0,0,0,0,0,0,0,0,0.004913814904112474,0,0,0,0,0,0.003498822573688496,0.003321558348076837,0,0,0,0,0,0,0,0,0,0,0,0,0,0,0,0,0,0,0,0,0,0,0,0,0,0,0,0,0,0,0,0,0,0,0,0,0,0,0,0,0,0,0,0.004068249516095458,0,0,0,0,0,0,0,0,0,0,0,0,0,0,0,0,0,0,0,0,0,0,0,0,0,0,0,0,0,0,0,0,0,0,0,0,0,0,0,0,0,0,0,0,0.004935078781075384,0.004943030781339738,0,0,0,0,0,0,0,0,0,0,0,0,0,0,0,0,0,0,0,0,0,0,0,0,0,0,0,0,0,0,0,0,0,0.00375912329705909,0,0,0,0,0,0,0,0,0,0,0,0,0,0,0,0,0,0,0,0.003974250241911665,0,0,0,0.004076452534893442,0.005024021512612328,0.004452978767220922,0,0,0,0,0,0,0,0,0,0,0,0,0,0,0,0,0,0,0,0,0.004993698662028562,0,0,0,0,0,0,0,0,0,0,0,0,0,0,0,0
0,0,0,0,0,0,0,0,0,0,0,0,0,0,0,0,0.004675131413460052,0,0,0,0,0,0,0,0,0,0,0,0,0,0,0,0,0,0,0,0,0,0,0,0,0,0,0,0,0,0,0,0,0,0,0,0,0,0,0,0,0,0,0,0,0,0,0,0,0,0,0,0,0,0,0,0,0,0,0,0,0,0,0,0,0,0,0,0,0,0,0,0,0,0,0,0,0,0,0,0,0,0,0,0,0,0,0,0,0,0,0,0,0,0,0,0,0,0,0,0,0,0,0,0.006851889764358566,0,0,0,0,0,0,0,0,0.00628304593244165,0,0,0,0,0,0,0,0,0,0,0,0,0,0,0,0,0,0,0,0,0,0,0,0,0,0.0046089435572088,0,0,0,0.006294546357289954,0,0,0.006262014604760994,0,0,0,0,0,0,0.003423678612279518,0,0,0,0,0,0,0,0,0,0,0,0,0,0,0,0,0,0,0,0,0,0.004753698718510454,0,0,0,0,0,0,0,0,0,0,0,0,0,0,0,0,0,0,0,0,0,0,0,0,0,0,0,0,0,0,0,0.004442076652071705,0,0,0,0,0,0,0,0,0,0,0.004331536098152742,0,0,0,0,0,0,0,0,0,0,0,0,0,0,0,0,0,0,0,0,0,0,0,0,0,0,0,0,0,0,0,0,0,0,0,0,0,0.007102182573189888,0,0,0,0,0,0,0,0,0,0,0,0,0,0,0,0,0,0.007131376038883222,0.007102780364444764,0.007135146650980395,0.007053758202104734,0.007143883839044654,0.00702350365567618,0.007135146650980393,0,0,0,0,0,0,0,0,0,0,0,0,0,0,0,0,0,0,0,0,0,0,0,0,0,0,0,0,0,0,0,0,0,0,0,0,0.007133010814049125,0.00672146141757048,0.006964810716881376,0.007102780364444764,0.007037920633458872,0,0,0,0,0,0,0,0,0,0,0,0,0,0,0,0,0,0,0,0,0,0,0.004560763277240842,0,0,0,0,0,0,0,0,0,0,0,0,0,0,0,0,0,0,0,0,0,0,0,0,0,0,0,0,0,0,0,0,0,0,0,0,0,0,0,0,0,0,0,0,0,0,0,0,0,0,0,0,0,0,0,0,0,0,0,0,0,0,0,0,0,0,0
0,0,0,0,0,0,0,0,0,0,0,0,0,0,0,0,0.004652627508877013,0,0,0,0,0,0,0,0,0,0,0,0,0,0,0,0,0,0,0,0,0,0,0,0,0,0,0,0,0,0,0,0,0,0,0,0,0,0,0,0,0,0,0,0,0,0,0,0,0,0,0,0,0,0,0,0,0,0,0,0,0,0,0,0,0,0,0,0,0,0,0,0,0,0,0,0,0,0,0,0,0,0,0,0,0,0,0,0,0,0,0,0,0,0,0,0,0,0,0,0,0,0,0,0.006852988052500973,0,0,0.003353843352834336,0,0,0,0,0,0.006283448919730959,0,0,0,0,0,0,0,0,0,0,0,0,0,0,0,0,0,0,0,0,0,0,0,0,0,0.004617268013091147,0,0,0,0.00633845358016663,0,0,0.006262468129045927,0,0,0,0,0,0,0.003358044778926868,0,0,0,0,0,0,0,0,0,0,0,0,0,0,0,0,0,0,0,0,0,0.004764415410060905,0,0,0,0,0,0,0,0,0,0,0,0,0,0,0,0,0,0,0.002946847792825257,0,0,0,0,0,0,0,0,0,0,0,0,0.004436490696297563,0,0,0,0,0,0,0,0,0,0,0.004341590295385315,0,0,0,0,0,0,0,0,0,0,0,0,0,0,0,0,0,0,0,0,0,0,0,0,0,0,0,0,0,0,0,0,0,0,0,0,0,0.007102851249541782,0,0,0,0,0,0,0,0,0,0,0,0,0,0,0,0,0,0.007175537118345772,0.007104428212007644,0.007179330212540597,0.007046560972943722,0.007133393719447517,0.0070245718761027,0.007179330212540597,0,0,0,0,0,0,0,0,0,0,0,0,0,0,0,0,0,0,0,0,0,0,0,0,0,0,0,0,0,0,0,0,0,0,0,0.007133010814049125,0,0.006722534509232544,0.006977300540171152,0.007104428212007644,0.007050447018000646,0,0,0,0,0,0,0,0,0,0,0,0,0,0.00366561031665591,0,0,0,0,0,0,0,0,0.00453924625951121,0,0,0,0,0,0,0,0,0,0,0,0,0,0,0,0,0,0,0,0,0,0,0,0,0,0,0,0,0,0,0,0,0,0,0,0,0,0,0,0,0,0,0,0,0,0,0,0,0,0,0,0,0,0,0,0,0,0,0,0,0,0,0,0,0,0,0
0,0,0,0,0,0,0,0,0,0,0,0,0,0,0,0,0.004700800908446535,0,0,0,0,0,0,0,0,0,0,0,0,0,0,0,0,0,0,0,0,0,0,0,0,0,0,0,0,0,0,0,0,0,0,0,0,0,0,0,0,0,0,0,0,0,0,0,0,0,0,0,0,0,0,0,0,0,0,0.003238922720264274,0,0,0,0,0,0,0,0,0,0,0,0,0,0,0,0,0,0,0,0,0,0,0,0,0,0,0,0,0,0,0,0,0,0,0,0,0,0,0,0,0,0,0,0,0.006661879905939871,0,0,0,0,0,0,0,0,0.006159459763953342,0,0,0,0,0,0,0,0,0,0,0,0,0,0,0,0,0,0,0,0,0,0,0,0,0,0.0045478299174069,0,0,0,0.006186871186900407,0,0.003627071765577097,0.006154891970042627,0,0,0,0,0,0,0.003514037843447216,0,0,0,0,0,0.003903057269869517,0,0,0,0,0,0,0,0,0,0,0,0,0,0,0,0.004920390025717907,0,0,0,0,0,0,0,0,0,0,0,0,0,0,0,0,0,0,0.003172223813353942,0,0,0,0,0,0,0,0,0,0,0,0,0.004248308200541557,0,0,0,0,0,0,0,0,0,0,0.004508786679708947,0,0,0,0,0,0,0,0,0,0,0,0,0,0,0,0,0,0,0,0,0,0,0,0,0,0,0,0,0,0,0,0,0,0,0,0,0,0.006692283950921021,0,0,0,0,0,0,0,0,0,0,0,0,0,0,0,0,0,0.006720897340855927,0.006652728900660144,0.006724673472898261,0.006636444723473172,0.00672335619718244,0.006700533707536353,0.006724673472898261,0,0,0,0,0,0,0,0,0,0,0,0,0,0,0,0,0,0,0,0,0,0,0,0,0,0,0,0,0,0,0,0,0,0,0,0.00672146141757048,0.006722534509232544,0,0.006525849788955099,0.006652728900660144,0.006615930626061512,0,0,0,0,0,0,0,0,0,0,0,0,0,0.003797250208061131,0,0,0,0,0,0,0,0,0.004630162739693848,0,0,0,0,0,0,0,0,0,0,0,0,0,0,0,0,0,0,0,0,0,0,0,0,0,0,0,0,0,0,0,0,0,0,0,0,0,0,0,0,0,0,0,0,0,0,0,0,0,0,0,0,0,0,0,0,0,0,0,0,0,0,0,0,0,0,0
0,0,0,0,0,0,0,0,0,0,0,0,0,0,0,0,0.005037032205030574,0,0,0,0,0,0,0,0,0,0,0,0,0,0,0,0,0,0,0,0,0,0,0,0,0,0,0,0,0,0,0,0,0,0,0,0,0,0,0,0,0,0,0,0,0,0,0,0,0,0,0,0,0,0,0,0,0,0,0.003419934637438667,0,0,0,0,0,0,0,0,0,0,0,0,0,0,0,0,0,0,0,0,0,0,0,0,0,0,0,0,0,0,0,0,0,0,0,0,0,0,0,0,0,0,0,0,0.00665666037083847,0,0,0,0,0,0,0,0,0.006217707585084896,0,0,0,0,0,0,0,0,0,0,0,0,0,0,0,0,0,0,0,0,0,0,0,0,0,0.004671465605770161,0,0,0,0.006131598880893686,0,0.003583326262009332,0.006112396253290741,0,0,0,0,0,0,0.00340838702651703,0,0,0,0,0,0,0,0,0,0,0,0,0,0,0,0,0,0,0,0,0,0.004816342207743509,0,0,0,0,0,0,0,0,0,0,0,0,0,0,0,0,0,0,0,0,0,0,0,0,0,0,0,0,0,0,0,0.004680631327808898,0,0,0,0,0,0,0,0,0,0,0.004163430417358291,0,0,0,0,0,0,0,0,0,0,0,0,0,0,0,0,0,0,0,0,0,0,0,0,0,0,0,0,0,0,0,0,0,0,0,0,0,0.006959793179881898,0,0,0,0,0,0,0,0,0,0,0,0,0,0,0,0,0,0.006975688634062188,0.006927884799199301,0.006979406498635089,0.006994989597880856,0.006885682810864992,0.006923531507624027,0.006979406498635088,0,0,0,0,0,0,0,0,0,0,0,0,0,0,0,0,0,0,0,0,0,0,0,0,0,0,0,0,0,0,0,0,0,0,0,0.006964810716881376,0.006977300540171152,0.006525849788955099,0,0.006927884799199301,0.007111341151769717,0,0,0,0,0,0,0,0,0,0,0,0,0,0.003854544954771915,0,0,0,0,0,0,0,0,0.004727349274367333,0,0,0,0,0,0,0,0,0,0,0,0,0,0,0,0,0,0,0,0,0,0,0,0,0,0,0,0,0,0,0,0,0,0,0,0,0,0,0,0,0,0,0,0,0,0,0,0,0,0,0,0,0,0,0,0,0,0,0,0,0,0,0,0,0,0,0
0,0,0,0,0,0,0,0,0,0,0,0,0,0,0,0,0.004934111612424233,0,0,0,0,0,0,0,0,0,0,0,0,0,0,0,0,0,0,0,0,0,0,0,0,0,0,0,0,0,0,0,0,0,0,0,0,0,0,0,0,0,0,0,0,0,0,0,0,0,0,0,0,0,0,0,0,0,0,0.003272151791947898,0,0,0,0,0,0,0,0,0,0,0,0,0,0,0,0,0,0,0,0,0,0,0,0,0,0,0,0,0,0,0,0,0,0,0,0,0,0,0,0,0,0,0,0,0.006783158940212428,0,0,0.003293795503189285,0,0,0,0,0,0.006257906644891295,0,0,0,0,0,0,0,0,0,0,0,0,0,0,0,0,0,0,0,0,0,0,0,0,0,0.00482336323173276,0,0,0,0.00626605502692093,0,0.003657736681863247,0.006236860593540734,0,0,0,0,0,0,0.003660057503514801,0,0,0,0,0,0.003806895003289487,0,0,0,0,0,0,0,0,0,0,0,0,0,0,0,0.004952805909630631,0,0,0,0,0,0,0,0,0,0,0,0,0,0,0,0,0,0,0.003104913361636508,0,0,0,0,0,0,0,0,0,0,0,0,0.004686422276011731,0,0,0,0,0,0,0,0,0,0,0.004531250598341301,0,0,0,0,0,0,0,0,0,0,0,0,0,0,0,0,0,0,0,0,0,0,0,0,0,0,0,0,0,0,0,0,0,0,0,0,0,0.007076947362330494,0,0,0,0,0,0,0,0,0,0,0,0,0,0,0,0,0,0.007102789953158566,0.007152378462556795,0.007106568600377752,0.00699916289187137,0.007103022614485803,0.006954850148808087,0.007106568600377752,0,0,0,0,0,0,0,0,0,0,0,0,0,0,0,0,0,0,0,0,0,0,0,0,0,0,0,0,0,0,0,0,0,0,0,0.007102780364444764,0.007104428212007644,0.006652728900660144,0.006927884799199301,0,0.007000994299164899,0,0,0,0,0,0,0,0,0,0,0,0,0,0.003867768244502146,0,0,0,0,0,0,0,0,0.004805090255152134,0,0,0,0,0,0,0,0,0,0,0,0,0,0,0,0,0,0,0,0,0,0,0,0,0,0,0,0,0,0,0,0,0,0,0,0,0,0,0,0,0,0,0,0,0,0,0,0,0,0,0,0,0,0,0,0,0,0,0,0,0,0,0,0,0,0,0
0,0,0,0,0,0,0,0,0,0,0,0,0,0,0,0,0.004641500118523156,0,0,0,0,0,0,0,0,0,0,0,0,0,0,0,0,0,0,0,0,0,0,0,0,0,0,0,0,0,0,0,0,0,0,0,0,0,0,0,0,0,0,0,0,0,0,0,0,0,0,0,0,0,0,0,0,0,0,0.003422385847443674,0,0,0,0,0,0,0,0,0,0,0,0,0,0,0,0,0,0,0,0,0,0,0,0,0,0,0,0,0,0,0,0,0,0,0,0,0,0,0,0,0,0,0,0,0.00674635969123767,0,0,0,0,0,0,0,0,0.00621441989383611,0,0,0,0,0,0,0,0,0,0,0,0,0,0,0,0,0,0,0,0,0,0,0,0,0,0.004665727891858229,0,0,0,0.006212597541882966,0,0.003580960314686104,0.006193324855050203,0,0,0,0,0,0,0.003403985671771409,0,0,0,0,0,0,0,0,0,0,0,0,0,0,0,0,0,0,0,0,0,0.004812847147069399,0,0,0,0,0,0,0,0,0,0,0,0,0,0,0,0,0,0,0,0,0,0,0,0,0,0,0,0,0,0,0,0.004446932462694505,0,0,0,0,0,0,0,0,0,0,0,0,0,0,0,0,0,0,0,0,0,0,0,0,0,0,0,0,0,0,0,0,0,0,0,0,0,0,0,0,0,0,0,0,0,0,0,0,0.007032893822578681,0,0,0,0,0,0,0,0,0,0,0,0,0,0,0,0,0,0.007048835522003504,0.007000994299164899,0.007052552440652687,0.007068120526059129,0.006958821748689618,0.006917997872991784,0.007052552440652686,0,0,0,0,0,0,0,0,0,0,0,0,0,0,0,0,0,0,0,0,0,0,0,0,0,0,0,0,0,0,0,0,0,0,0,0.007037920633458872,0.007050447018000646,0.006615930626061512,0.007111341151769717,0.007000994299164899,0,0,0,0,0,0,0,0,0,0,0,0,0,0,0.003856185251014021,0,0,0,0,0,0,0,0,0.004945450416961858,0,0,0,0,0,0,0,0,0,0,0,0,0,0,0,0,0,0,0,0,0,0,0,0,0,0,0,0,0,0,0,0,0,0,0,0,0,0,0,0,0,0,0,0,0,0,0,0,0,0,0,0,0,0,0,0,0,0,0,0,0,0,0,0,0,0,0
0,0,0,0,0.004368531449344184,0,0,0,0,0,0,0.004678955160900515,0,0,0,0,0,0,0,0,0,0,0,0,0,0,0,0,0,0,0,0,0,0,0,0,0,0,0,0,0,0,0,0,0,0,0,0,0,0,0,0,0,0,0,0,0,0,0,0,0.004353797427030444,0,0,0,0,0.004370705336364663,0,0,0,0,0,0,0,0,0,0,0,0,0,0,0,0,0,0,0,0,0,0,0,0,0,0,0,0,0,0,0,0,0,0,0,0,0,0,0,0,0,0,0,0,0,0,0,0,0,0,0,0,0,0,0,0,0,0,0.005553490144703528,0,0,0,0,0,0,0,0.004385953112436912,0,0,0,0,0,0,0,0,0,0,0,0,0,0,0,0.00428765625847501,0,0,0,0.005552592419145262,0,0,0,0,0,0,0,0,0,0,0,0,0,0,0,0,0,0.004886786271772488,0,0,0,0,0,0.003914485294858579,0,0,0,0,0,0,0,0,0,0,0,0,0,0,0,0,0,0,0,0,0,0.003164649859444516,0,0,0,0,0,0,0,0,0,0,0,0,0,0,0,0,0,0,0,0,0,0,0.005627854958848879,0,0,0,0.004341650865841856,0.004241045561614487,0.004555758043612149,0,0,0,0,0,0,0,0,0,0,0,0,0,0,0,0.003917354743110894,0,0,0.004965631155059818,0,0,0,0,0,0,0,0,0.005291152522451929,0,0,0,0,0,0,0,0,0.003886507807728125,0.004712727243966245,0.004025177534267441,0,0,0,0,0.004267410918477037,0,0,0,0,0,0,0,0,0,0,0,0,0,0,0,0,0,0,0,0,0,0,0,0,0,0,0,0,0,0,0,0,0,0,0,0,0,0,0,0,0,0,0,0,0,0,0,0,0,0,0,0,0,0,0,0,0,0,0,0,0,0,0,0,0,0,0,0,0,0,0,0,0,0,0,0,0,0,0,0,0,0,0,0,0,0,0,0,0,0,0,0,0,0,0,0,0,0,0,0,0,0,0,0,0,0,0.00423624053020869,0,0,0,0,0.004673862885824324,0,0,0,0,0,0,0,0,0,0,0,0,0,0,0,0,0,0,0,0,0,0,0,0,0,0,0,0,0,0,0,0,0,0,0,0,0,0,0,0,0,0,0,0
0,0,0,0,0,0,0,0,0,0,0,0,0,0,0,0,0,0,0,0,0,0,0,0,0,0,0,0,0,0,0,0,0,0,0,0,0,0,0,0,0,0,0,0,0,0,0,0,0,0,0,0,0,0,0,0,0,0,0,0,0,0,0,0,0,0,0,0,0,0,0,0,0,0,0,0,0,0,0,0,0,0,0,0,0,0,0,0,0,0,0,0,0,0,0,0,0,0,0,0,0,0,0,0,0,0,0,0,0.006286584802851079,0,0,0,0,0,0,0,0.006322583483563198,0,0,0,0,0,0,0,0,0,0,0,0,0,0,0,0,0,0,0,0,0,0,0,0,0,0,0,0,0,0,0,0,0,0,0,0,0,0,0,0,0,0,0,0,0,0,0,0,0,0,0,0,0,0,0,0,0,0,0,0,0,0,0,0,0,0,0,0,0,0,0,0,0,0,0,0,0,0,0,0,0,0,0,0,0,0,0,0,0,0,0,0,0,0,0,0,0,0,0,0,0,0,0,0,0,0,0,0,0,0,0,0,0,0,0,0,0,0,0,0,0,0,0,0,0,0,0,0,0,0,0,0,0,0,0,0,0,0,0,0,0,0,0,0,0,0,0,0,0,0,0,0,0,0,0,0,0,0,0,0,0,0,0,0,0,0,0,0,0,0,0,0,0,0,0,0,0,0,0,0,0,0,0.00641282845403358,0.006414842989669487,0.006641799478761222,0.006032045114497198,0.006641799478761222,0.006560782600191561,0.00622816981820687,0.00688898223754994,0.006562812115841444,0.006607305217463187,0.006560782600191561,0.006878445105043728,0.006888918023119084,0.006560782600191561,0.006562812115841444,0.00684837490200834,0.00689138311973893,0,0,0,0,0,0,0,0,0,0,0,0,0,0,0,0,0,0,0,0,0,0,0,0,0.00601943092061029,0.007980669656579981,0.005942934904234653,0.006656559695648738,0.006451828266788936,0.005080937658235758,0.006952766461618549,0,0,0,0,0,0,0,0,0,0,0,0,0,0,0,0,0,0,0,0,0,0,0,0,0,0,0,0,0,0,0,0,0,0,0,0,0,0,0,0,0,0,0,0,0,0,0,0,0,0,0,0,0,0,0,0,0,0,0,0,0,0,0,0,0,0,0,0,0,0,0,0,0,0,0,0,0,0,0,0,0
0,0,0,0,0,0,0,0,0,0,0,0,0,0,0,0,0,0,0,0,0,0,0,0,0,0,0,0,0,0,0,0,0,0,0.004417507370709665,0,0,0,0,0,0,0,0,0,0,0,0,0,0,0,0,0,0,0,0,0,0,0,0,0,0,0,0,0,0,0,0,0,0,0,0,0,0,0,0,0,0,0,0,0,0,0.004191000335947792,0,0,0,0,0,0,0,0,0,0,0,0,0,0,0,0,0,0,0,0,0,0,0,0,0,0,0.005201577227887311,0,0,0,0,0,0,0,0.004749881368390643,0,0,0,0,0,0,0,0,0,0,0,0,0,0,0,0,0,0,0,0,0,0,0,0,0,0,0,0,0,0,0,0,0,0,0,0,0,0,0,0,0,0,0,0,0,0,0,0,0,0,0,0,0,0,0,0,0,0,0,0,0,0,0,0,0,0,0,0,0,0,0,0,0,0,0,0,0,0,0,0,0,0,0,0,0,0,0,0,0,0,0,0,0,0,0,0,0,0,0,0,0,0,0,0,0,0,0,0,0,0,0,0,0,0,0,0,0,0,0,0,0,0,0,0,0,0,0,0,0,0,0,0,0,0,0,0,0,0,0,0,0,0,0,0,0,0,0,0,0,0,0,0,0,0,0,0,0,0,0,0,0,0,0,0,0,0,0,0,0,0,0,0,0,0,0,0,0,0,0,0,0,0,0.005193824880149524,0.005196017760008841,0.004718347902020762,0.005447171976519973,0.004718347902020763,0.004694023351069334,0.004783892196126761,0.005387101194386415,0.004695955177208003,0.004797514738069457,0.004694023351069333,0.004802946402269621,0.005387035340955717,0.004694023351069333,0.004695955177208003,0.005066332054347453,0.005389563356345018,0,0,0,0,0,0,0,0,0,0,0,0,0,0,0,0,0,0,0,0,0,0,0,0.00601943092061029,0,0.006019430920610291,0.005591841722483819,0.005450393846352236,0.005277942075350404,0.005614187544711596,0.005034876454956141,0,0,0,0,0,0,0,0,0,0,0,0,0,0,0,0,0,0,0,0,0,0,0,0,0,0,0,0,0.004199494420389468,0,0,0,0,0,0,0,0,0,0,0,0,0,0,0,0,0,0,0,0,0,0,0,0,0,0,0,0,0,0,0,0,0,0,0,0,0,0,0,0,0,0,0,0,0,0,0,0,0,0,0,0
0,0,0,0,0,0,0,0,0,0,0,0,0,0,0,0,0,0,0,0,0,0,0,0,0,0,0,0,0,0,0,0,0,0,0,0,0,0,0,0,0,0,0,0,0,0,0,0,0,0,0,0,0,0,0,0,0,0,0,0,0,0,0,0,0,0,0,0,0,0,0,0,0,0,0,0,0,0,0,0,0,0,0,0,0,0,0,0,0,0,0,0,0,0,0,0,0,0,0,0,0,0,0,0,0,0,0,0,0.006286584802851079,0,0,0,0,0,0,0,0.006322583483563198,0,0,0,0,0,0,0,0,0,0,0,0,0,0,0,0,0,0,0,0,0,0,0,0,0,0,0,0,0,0,0,0,0,0,0,0,0,0,0,0,0,0,0,0,0,0,0,0,0,0,0,0,0,0,0,0,0,0,0,0,0,0,0,0,0,0,0,0,0,0,0,0,0,0,0,0,0,0,0,0,0,0,0,0,0,0,0,0,0,0,0,0,0,0,0,0,0,0,0,0,0,0,0,0,0,0,0,0,0,0,0,0,0,0,0,0,0,0,0,0,0,0,0,0,0,0,0,0,0,0,0,0,0,0,0,0,0,0,0,0,0,0,0,0,0,0,0,0,0,0,0,0,0,0,0,0,0,0,0,0,0,0,0,0,0,0,0,0,0,0,0,0,0,0,0,0,0,0,0,0,0,0,0.00641282845403358,0.006414842989669487,0.006641799478761222,0.006032045114497198,0.006641799478761223,0.006560782600191562,0.006228169818206871,0.006888982237549942,0.006562812115841444,0.006607305217463187,0.006560782600191562,0.006878445105043729,0.006888918023119085,0.006560782600191562,0.006562812115841444,0.00684837490200834,0.006891383119738931,0,0,0,0,0,0,0,0,0,0,0,0,0,0,0,0,0,0,0,0,0,0,0,0.007980669656579981,0.006019430920610291,0,0.005942934904234654,0.006656559695648738,0.006451828266788937,0.005080937658235759,0.00695276646161855,0,0,0,0,0,0,0,0,0,0,0,0,0,0,0,0,0,0,0,0,0,0,0,0,0,0,0,0,0,0,0,0,0,0,0,0,0,0,0,0,0,0,0,0,0,0,0,0,0,0,0,0,0,0,0,0,0,0,0,0,0,0,0,0,0,0,0,0,0,0,0,0,0,0,0,0,0,0,0,0,0
0,0,0,0,0,0,0,0,0,0,0,0,0,0,0,0,0,0,0,0,0,0,0,0,0,0,0,0,0,0,0,0,0,0,0,0,0,0,0,0,0,0,0,0,0,0,0,0,0,0,0,0,0,0,0,0,0,0,0,0,0,0,0,0,0,0,0,0,0,0,0,0,0,0,0,0,0,0,0,0,0,0,0,0,0,0,0,0,0,0,0,0,0,0,0,0,0,0,0,0,0,0,0,0,0,0,0,0,0.006084105529709727,0,0,0,0,0,0,0,0.005465380657786262,0,0,0,0,0,0,0,0,0,0,0,0,0,0,0,0,0,0,0,0,0,0,0,0,0,0,0,0,0,0,0,0,0,0,0,0,0,0,0,0,0,0,0,0,0,0,0,0,0,0,0,0,0,0,0,0,0,0,0,0,0,0,0,0,0,0,0,0,0,0,0,0,0,0,0,0,0,0,0,0,0,0,0,0,0,0,0,0,0,0,0,0,0,0,0,0,0,0,0,0,0,0,0,0,0,0,0,0,0,0,0,0,0,0,0,0,0,0,0,0,0,0,0,0,0,0,0,0,0,0,0,0,0,0,0,0,0,0,0,0,0,0,0,0,0,0,0,0,0,0,0,0,0,0,0,0,0,0,0,0,0,0,0,0,0,0,0,0,0,0,0,0,0,0,0,0,0,0,0,0,0,0,0.006074233274470245,0.006076470811079116,0.005531558564764082,0.006098632586904242,0.005531558564764082,0.00551938214350855,0.005626593980038778,0.006253699784108929,0.005521332660616147,0.005591443706369697,0.00551938214350855,0.005586130397027855,0.006007498908114335,0.00551938214350855,0.005521332660616147,0.005606424766889898,0.006009952113865666,0,0,0,0,0,0,0,0,0,0,0,0,0,0,0,0,0,0,0,0,0,0,0,0.005942934904234653,0.005591841722483819,0.005942934904234654,0,0.006763719160248777,0.006773609493051331,0.007723139923934159,0.005588977824193226,0,0,0,0,0,0,0,0,0,0,0,0,0,0,0,0,0,0,0,0,0,0,0,0,0,0,0,0,0,0,0,0,0,0,0,0,0,0,0,0,0,0,0,0,0,0,0,0,0,0,0,0,0,0,0,0,0,0,0,0,0,0,0,0,0,0,0,0,0,0.003484879260642158,0,0,0,0,0,0,0,0,0,0,0
0,0,0,0,0,0,0,0,0,0,0,0,0,0,0,0,0,0,0,0,0,0,0,0,0,0,0,0,0,0,0,0,0,0,0,0,0,0,0,0,0,0,0,0,0,0,0,0,0,0,0,0,0,0,0,0,0,0,0,0,0,0,0,0,0,0,0,0,0,0,0,0,0,0,0,0,0,0,0,0,0,0,0,0,0,0,0,0,0,0,0,0,0,0,0,0,0,0,0,0,0,0,0,0,0,0,0,0,0.006639525002286633,0,0,0,0,0,0,0,0.006191706579464383,0,0,0,0,0,0,0,0,0,0,0,0,0,0,0,0,0,0,0,0,0,0,0,0,0,0,0,0,0,0,0,0,0,0,0,0,0,0,0,0,0,0,0,0,0,0,0,0,0,0,0,0,0,0,0,0,0,0,0,0,0,0,0,0,0,0,0,0,0,0,0,0,0,0,0,0,0,0,0,0,0,0,0,0,0,0,0,0,0,0,0,0,0,0,0,0,0,0,0,0,0,0,0,0,0,0,0,0,0,0,0,0,0,0,0,0,0,0,0,0,0,0,0,0,0,0,0,0,0,0,0,0,0,0,0,0,0,0,0,0,0,0,0,0,0,0,0,0,0,0,0,0,0,0,0,0,0,0,0,0,0,0,0,0,0,0,0,0,0,0,0,0,0,0,0,0,0,0,0,0,0,0,0.006765241830560736,0.006767434902149823,0.006510666976786904,0.006385544522532916,0.006510666976786905,0.006524703360697775,0.006215906307625162,0.006387305203214061,0.006526742819909773,0.006604700077233256,0.006524703360697775,0.006608105306517354,0.006387246507071403,0.006524703360697775,0.006526742819909772,0.006863470350202701,0.006389499764803907,0,0,0,0,0,0,0,0,0,0,0,0,0,0,0,0,0,0,0,0,0,0,0,0.006656559695648738,0.005450393846352236,0.006656559695648738,0.006763719160248777,0,0.007569266178859045,0.006207163126675365,0.006523298057772286,0,0,0,0,0,0,0,0,0,0,0,0,0,0,0,0,0,0,0,0,0,0,0,0,0,0,0,0,0,0,0,0,0,0,0,0,0,0,0,0,0,0,0,0,0,0,0,0,0,0,0,0,0,0,0,0,0,0,0,0,0,0,0,0,0,0,0,0,0,0,0,0,0,0,0,0,0,0,0,0,0
0,0,0,0,0,0,0,0,0,0,0,0,0,0,0,0,0,0,0,0,0,0,0,0,0,0,0,0,0,0,0,0,0,0,0,0,0,0,0,0,0,0,0,0,0,0,0,0,0,0,0,0,0,0,0,0,0,0,0,0,0,0,0,0,0,0,0,0,0,0,0,0,0,0,0,0,0,0,0,0,0,0,0,0,0,0,0,0,0,0,0,0,0,0,0,0,0,0,0,0,0,0,0,0,0,0,0,0,0.006553065165938805,0,0,0,0,0,0,0,0.006412109323094345,0,0,0,0,0,0,0,0,0,0,0,0,0,0,0,0,0,0,0,0,0,0,0,0,0,0,0,0,0,0,0,0,0,0,0,0,0,0,0,0,0,0,0,0,0,0,0,0,0,0,0,0,0,0,0,0,0,0,0,0,0,0,0,0,0,0,0,0,0,0,0,0,0,0,0,0,0,0,0,0,0,0,0,0,0,0,0,0,0,0,0,0,0,0,0,0,0,0,0,0,0,0,0,0,0,0,0,0,0,0,0,0,0,0,0,0,0,0,0,0,0,0,0,0,0,0,0,0,0,0,0,0,0,0,0,0,0,0,0,0,0,0,0,0,0,0,0,0,0,0,0,0,0,0,0,0,0,0,0,0,0,0,0,0,0,0,0,0,0,0,0,0,0,0,0,0,0,0,0,0,0,0,0.006678737322325483,0.006680885679629506,0.006507301491431159,0.006299227758707953,0.00650730149143116,0.006501345144622108,0.006186832969596915,0.006386987816252633,0.006503367920996199,0.006566405481785639,0.006501345144622108,0.006570044657764113,0.0063869293124848,0.006501345144622108,0.006503367920996199,0.006576861997764285,0.006389175185233511,0,0,0,0,0,0,0,0,0,0,0,0,0,0,0,0,0,0,0,0,0,0,0,0.006451828266788936,0.005277942075350404,0.006451828266788937,0.006773609493051331,0.007569266178859045,0,0.006462939885093468,0.006485620749976457,0,0,0,0,0,0,0,0,0,0,0,0,0,0,0,0,0,0,0,0,0,0,0,0,0,0,0,0,0,0,0,0,0,0,0,0,0,0,0,0,0,0,0,0,0,0,0,0,0,0,0,0,0,0,0,0,0,0,0,0,0,0,0,0,0,0,0,0,0,0,0,0,0,0,0,0,0,0,0,0,0
0,0,0,0,0,0,0,0,0,0,0,0,0,0,0,0,0,0,0,0,0,0,0,0,0,0,0,0,0,0,0,0,0,0,0,0,0,0,0,0,0,0,0,0,0,0,0,0,0,0,0,0,0,0,0,0,0,0,0,0,0,0,0,0,0,0,0,0,0.004522956619335213,0,0,0,0,0,0,0,0,0,0,0,0,0,0,0,0,0,0,0,0,0,0,0,0,0,0,0,0,0,0,0,0,0,0,0,0,0,0,0,0.005300766305330825,0,0,0,0,0,0,0,0.005164400126069931,0,0,0,0,0,0,0,0,0,0,0,0,0,0,0,0,0,0,0,0,0,0,0,0,0,0,0,0,0,0,0,0,0,0,0,0,0,0,0,0,0,0,0,0,0,0,0,0,0,0,0,0,0,0,0,0,0,0,0.005030871858045601,0,0,0,0,0,0,0,0,0,0,0,0,0,0,0,0,0,0,0,0,0,0,0,0,0,0,0,0,0,0,0,0,0,0,0,0,0,0,0,0,0,0,0,0,0,0,0,0,0,0,0,0,0,0,0,0,0,0,0,0,0,0,0,0,0,0,0,0,0,0,0,0,0,0,0,0,0,0,0,0,0,0,0,0,0,0,0,0,0,0,0,0,0,0,0,0,0,0,0,0,0,0,0,0,0,0,0,0,0,0,0,0,0,0,0,0,0,0,0,0,0,0,0,0.005299800579077619,0.005301961871889394,0.005099062665002796,0.005171462418177173,0.005099062665002796,0.005091427220989802,0.005028884037098594,0.00534262548104928,0.00509344949432158,0.005166498791368495,0.005091427220989802,0.005170914462663019,0.005342562410733659,0.005091427220989802,0.00509344949432158,0.005130863350445568,0.005344983586469034,0,0,0,0,0,0,0,0,0,0,0,0,0,0,0,0,0,0,0,0,0,0,0,0.005080937658235758,0.005614187544711596,0.005080937658235759,0.007723139923934159,0.006207163126675365,0.006462939885093468,0,0.005072964286168425,0,0,0,0,0.00399551683267349,0,0,0,0,0,0,0,0,0,0,0,0,0,0,0,0,0,0,0,0,0,0,0,0,0,0,0,0,0,0,0,0,0,0,0,0,0,0,0,0,0,0,0,0,0,0,0,0,0,0,0,0,0,0,0,0,0,0,0,0,0,0,0,0,0.005279111472321515,0,0,0,0,0,0,0,0,0,0,0
0,0,0,0,0,0,0,0,0,0,0,0,0,0,0,0,0,0,0,0,0,0,0,0,0,0,0,0,0,0,0,0,0,0,0,0,0,0,0,0,0,0,0,0,0,0,0,0,0,0,0,0,0,0,0,0,0,0,0,0,0,0,0,0,0,0,0,0,0,0,0,0,0,0,0,0,0,0,0,0,0,0,0,0,0,0,0,0,0,0,0,0,0,0,0,0,0,0,0,0,0,0,0,0,0,0,0,0,0.00705952107836989,0,0,0,0,0,0,0,0.007259918100314558,0,0,0,0,0,0,0,0,0,0,0,0,0,0,0,0,0,0,0,0,0,0,0,0,0,0,0,0,0,0,0,0,0,0,0,0,0,0,0,0,0,0,0,0,0,0,0,0,0,0,0,0,0,0,0,0,0,0,0,0,0,0,0,0,0,0,0,0,0,0,0,0,0,0,0,0,0,0,0,0,0,0,0,0,0,0,0,0,0,0,0,0,0,0,0,0,0,0,0,0,0,0,0,0,0,0,0,0,0,0,0,0,0,0,0,0,0,0,0,0,0,0,0,0,0,0,0,0,0,0,0,0,0,0,0,0,0,0,0,0,0,0,0,0,0,0,0,0,0,0,0,0,0,0,0,0,0,0,0,0,0,0,0,0,0,0,0,0,0,0,0,0,0,0,0,0,0,0,0,0,0,0,0.007185681281934735,0.007188128408241426,0.007579737576058439,0.006804954283774244,0.00757973757605844,0.007576015123977721,0.007235691424831457,0.007223071389634635,0.007578575692525854,0.007606793450718722,0.007576015123977721,0.007612442638146358,0.007467204638377922,0.007576015123977721,0.007578575692525855,0.007594286836296931,0.007225736294828481,0,0,0,0,0,0,0,0,0,0,0,0,0,0,0,0,0,0,0,0,0,0,0,0.006952766461618549,0.005034876454956141,0.00695276646161855,0.005588977824193226,0.006523298057772286,0.006485620749976457,0.005072964286168425,0,0,0,0,0,0,0,0,0,0,0,0,0,0,0,0,0,0,0,0,0,0,0,0,0,0,0,0,0,0,0,0,0,0,0,0,0,0,0,0,0,0,0,0,0,0,0,0,0,0,0,0,0,0,0,0,0,0,0,0,0,0,0,0,0,0,0,0,0,0,0,0,0,0,0,0,0,0,0,0,0,0
0,0,0,0,0,0,0,0,0,0,0,0,0,0,0,0,0,0.00316323781877538,0,0.00387439791972327,0,0,0,0,0,0,0.003399045796947298,0,0,0,0,0,0,0,0,0,0,0,0,0,0,0,0,0,0,0,0,0,0,0,0,0,0,0,0,0,0,0,0,0,0,0,0,0,0.003330780256747755,0,0,0,0,0,0,0,0,0,0.00338735569201789,0,0,0.004604480154376952,0,0,0,0,0,0,0,0.003590145283793928,0,0,0,0,0,0.003642140242555906,0,0,0,0,0,0,0,0,0,0,0,0,0,0,0,0,0,0,0,0,0,0,0,0,0,0,0,0,0,0,0,0,0,0,0,0,0,0,0,0,0,0,0,0,0,0,0,0,0,0,0,0,0,0,0,0,0,0,0,0,0,0,0,0,0,0.002657288698858564,0,0,0,0,0,0,0,0,0,0,0,0,0,0.002548570426726507,0.003596444092580048,0,0,0,0,0,0,0,0,0,0,0.003410847057725261,0,0,0.003073362480787383,0,0,0,0,0,0,0,0.00401789955008992,0,0.004408397898461012,0,0,0.003902317203468035,0,0,0,0,0,0,0,0,0,0,0,0,0,0,0,0,0,0,0,0.00346501215794862,0,0,0,0,0,0,0,0,0,0,0,0,0,0,0,0,0,0,0,0,0,0,0,0,0,0,0,0,0,0,0,0,0,0,0,0,0,0,0,0,0,0.004278646943309771,0,0,0,0,0,0,0,0,0,0,0,0,0,0,0,0,0,0,0,0.003491817260958745,0,0.004700490911219561,0,0,0,0,0,0,0,0,0,0,0,0,0,0,0,0,0,0,0,0,0,0,0,0,0,0,0,0,0,0,0,0,0,0,0,0,0,0,0,0,0,0,0,0,0,0,0,0,0,0,0,0,0,0,0,0,0,0,0,0,0,0,0,0,0,0,0,0,0.002661474982633356,0,0,0,0,0,0,0,0,0,0,0,0,0,0,0,0,0,0,0,0,0,0,0,0,0,0,0,0,0,0,0,0.003135291543174905,0.002805758975213847,0.002508250662453435,0,0,0,0,0,0,0,0,0,0,0,0,0,0,0,0,0,0,0,0,0,0,0,0,0,0,0,0,0.002557419776729887,0,0,0,0,0,0,0,0,0,0,0,0
0,0,0,0,0,0,0,0.005873189025717079,0.005120309141200494,0,0,0,0,0,0,0,0,0,0,0,0,0.00332825105121103,0,0,0,0.003381092297083202,0,0,0.007107483431352811,0,0,0,0,0.003362012505726311,0,0,0,0,0,0,0,0.003334611342630974,0,0,0,0,0,0,0.004306381243597236,0,0,0.006191721685561069,0,0,0.006296425048123092,0,0.006402961886641259,0,0.005351038506185809,0,0,0,0,0,0,0,0,0.005883727878747308,0,0,0,0,0,0,0.006971409983982756,0,0,0,0,0,0,0,0,0,0,0,0.003218154817647671,0,0,0,0,0,0,0,0,0,0,0,0,0,0,0,0,0,0,0,0,0,0,0,0,0,0,0,0,0,0,0,0,0,0,0,0,0,0,0,0,0.006640050172629986,0,0,0,0,0,0,0.00610761181103819,0,0,0,0,0,0,0,0,0,0,0,0.006150709110734728,0,0,0.005744102412863519,0,0.006216037147176693,0,0,0,0,0,0,0.005858894079427799,0,0,0,0,0,0,0,0,0,0,0,0,0,0,0,0,0,0,0,0,0,0,0,0,0,0,0,0,0,0,0,0,0,0,0,0,0,0,0,0,0,0,0.005836983469028803,0,0,0,0,0,0,0,0,0,0,0,0,0,0,0,0,0,0,0,0,0,0,0,0,0,0,0,0,0,0,0,0,0,0,0,0,0,0,0,0.005163970895263919,0,0,0,0,0,0,0,0.005946801984493981,0,0.003290999251074293,0,0,0,0,0,0,0,0,0,0,0,0,0,0,0,0.00547059988618713,0,0,0,0,0,0,0,0,0,0,0,0,0,0,0,0,0,0,0,0.006404976329315628,0,0,0,0,0,0,0,0,0,0,0,0,0,0,0,0,0,0,0,0,0,0,0,0,0,0,0,0,0,0,0,0,0,0,0,0,0,0,0,0,0,0,0,0,0,0,0,0,0,0,0,0,0,0,0,0,0,0,0,0,0,0,0,0,0,0,0,0,0,0,0,0,0,0,0,0,0,0,0,0,0,0,0,0,0,0,0,0,0,0,0,0,0,0,0,0,0,0,0,0,0,0,0,0,0,0,0,0,0,0,0,0,0,0,0,0,0,0,0,0,0,0,0,0,0,0,0,0,0,0,0,0,0,0,0,0,0,0,0,0
0,0,0,0,0,0,0,0,0,0,0,0,0,0,0,0,0,0,0,0,0,0,0,0,0,0,0,0,0,0,0,0,0,0,0,0,0,0,0,0,0,0,0,0,0,0,0,0,0,0,0,0,0,0,0,0,0,0,0,0,0,0,0,0,0,0,0,0,0,0,0,0,0,0,0,0,0,0,0,0,0,0,0,0,0,0,0,0,0,0,0,0,0,0,0,0,0,0,0,0,0,0,0,0,0,0,0,0,0,0,0,0,0,0,0,0.007680598486200266,0,0,0,0,0,0,0,0,0,0,0,0,0,0,0,0,0,0,0,0,0,0,0,0,0,0,0,0,0,0,0,0,0,0,0,0,0,0,0,0,0,0,0,0,0,0,0,0,0,0,0,0,0,0,0,0,0,0,0.005819656047390369,0,0.003582112781846183,0.005910155830246697,0,0,0,0,0,0.002553289884862428,0.005801579390178778,0.006031780494022798,0,0,0,0,0,0,0,0,0,0,0,0,0.005843845188750692,0,0,0,0,0,0,0,0,0,0,0,0,0,0,0,0,0,0,0,0,0,0,0,0,0,0,0,0,0,0,0,0,0,0,0,0,0,0.006599475129693631,0,0,0,0,0,0,0,0,0.004846310507681928,0,0.005816886248567526,0,0,0,0,0,0,0,0,0,0,0,0,0,0,0,0,0.003315441910630912,0,0.004842953958249387,0,0,0,0,0.005186277720023889,0,0,0,0,0,0,0,0,0,0,0,0,0,0,0,0,0,0,0,0,0,0,0,0,0,0,0,0,0,0,0,0,0,0,0,0,0,0,0,0,0,0,0,0,0,0,0,0,0,0,0,0,0,0,0,0,0,0,0,0,0,0,0,0,0,0,0,0,0,0,0,0,0,0,0,0,0,0,0.007235221011837531,0,0,0,0,0,0,0,0,0,0,0,0,0,0,0,0,0,0,0,0,0,0,0,0,0,0,0,0,0,0,0,0,0,0,0,0,0,0,0,0,0,0,0,0,0,0,0,0,0,0,0,0,0,0,0,0,0,0,0,0,0,0.002952302385229289,0,0,0,0,0,0,0,0,0,0,0,0,0,0,0
0,0,0,0,0,0,0,0,0,0,0,0,0,0,0,0,0,0,0,0,0,0,0,0,0,0,0,0,0,0,0,0,0,0,0,0,0,0,0,0,0,0,0,0,0,0,0,0,0,0,0,0,0,0,0,0,0,0,0,0,0,0,0,0,0,0,0,0,0,0,0,0,0,0,0,0,0,0,0,0,0,0,0,0,0,0,0,0,0,0,0,0,0,0,0,0,0,0,0,0,0,0,0,0,0,0,0,0,0,0,0,0,0,0,0,0.007626667784887959,0,0,0,0,0,0,0,0,0,0,0,0,0,0,0,0,0,0,0,0,0,0,0,0,0,0,0,0,0,0,0,0,0,0,0,0,0,0,0,0,0,0,0,0,0,0,0,0,0,0,0,0,0,0,0,0,0,0,0.006129148532914843,0,0.00346711144760352,0.005608376638860879,0,0,0,0,0,0,0.005855077804852216,0.006077592049759476,0,0,0,0,0,0,0,0,0,0,0,0,0.005917654207792536,0,0,0,0,0,0,0,0,0,0,0,0,0,0,0,0,0,0,0,0,0,0,0,0,0,0,0,0,0,0,0,0,0,0,0,0,0,0.00691040052572594,0,0,0,0,0,0,0,0,0.004619134328692408,0,0.005913307871249494,0,0,0,0,0,0,0,0,0,0,0,0,0,0,0,0,0.003300535407898099,0,0.005171880386592567,0,0,0,0,0.005496116362703297,0,0,0,0,0,0,0,0,0,0,0,0,0,0,0,0,0,0,0,0,0,0,0,0,0,0,0,0,0,0,0,0,0,0,0,0,0,0,0,0,0,0,0,0,0,0,0,0,0,0,0,0,0,0,0,0,0,0,0,0,0,0,0,0,0,0,0,0,0,0,0,0,0,0,0,0,0,0.007235221011837531,0,0,0,0,0,0,0,0,0,0,0,0,0,0,0,0,0,0,0,0,0,0,0,0,0,0,0,0,0,0,0,0,0,0,0,0,0,0,0,0,0,0,0,0,0,0,0,0,0,0,0,0,0,0,0,0,0,0,0,0,0,0,0,0,0,0,0,0,0,0,0,0,0,0,0,0,0,0
0,0,0,0,0,0,0,0,0,0,0,0,0,0,0,0,0.007104477606658136,0,0,0,0,0,0,0,0,0,0,0,0,0,0,0,0,0,0,0,0,0,0,0,0,0,0,0,0,0,0,0,0,0,0,0,0,0,0,0,0,0,0,0,0,0,0,0,0,0,0,0,0.004475592246708134,0,0,0,0,0,0,0.004600568368329457,0,0,0,0,0,0,0,0,0,0,0,0,0,0,0,0,0,0,0,0.003746005894617325,0,0,0,0,0,0,0,0,0.004565721996179837,0,0,0,0,0,0,0,0,0,0,0,0,0,0,0,0.003757920409551439,0,0.004018449007233661,0.006717254427884086,0,0,0,0,0,0,0,0,0,0,0,0,0,0,0,0,0,0,0,0,0,0,0,0,0,0,0,0,0,0,0,0.004746876901388022,0,0,0,0,0,0.005003496943081849,0,0,0,0,0,0,0,0,0,0,0,0,0,0.009113642147529421,0,0,0,0,0,0,0,0,0,0,0,0,0,0,0,0.004195330153739235,0,0,0,0,0,0,0,0,0,0,0,0,0,0,0,0,0,0,0.005893145636943709,0,0.003828875405880229,0,0,0,0,0,0,0,0,0,0,0.004430285110390556,0,0,0,0,0,0,0,0,0,0,0.004417430585382753,0,0,0,0,0,0,0,0,0,0,0,0,0,0,0,0,0,0,0,0,0,0,0.003786240729243287,0,0,0,0,0,0,0,0,0,0,0,0,0,0,0,0,0,0,0,0,0,0,0,0,0,0,0,0,0,0,0,0,0,0.003867768244502146,0.003666922473528556,0.003829193625046275,0,0.003921662445467536,0.003666922473528556,0,0,0,0,0,0,0,0,0,0,0,0,0,0,0,0,0,0,0,0,0,0,0,0,0,0,0,0,0,0,0,0,0,0,0,0,0.00366561031665591,0.003797250208061131,0.003854544954771915,0.003867768244502146,0.003856185251014021,0,0,0,0,0,0,0,0.00399551683267349,0,0,0,0,0,0,0,0,0,0,0,0,0,0,0.004566242431637997,0,0,0,0,0,0,0,0,0,0,0,0,0,0,0,0,0,0,0,0,0,0,0,0,0,0,0,0,0,0,0,0,0,0,0,0,0,0,0,0,0,0,0,0,0,0,0,0,0,0,0,0,0,0,0,0.003951775931545725,0,0,0,0,0,0,0,0,0,0,0
0,0,0,0,0,0,0,0,0,0,0,0,0,0,0,0,0,0,0,0,0,0,0,0,0,0,0,0,0,0,0,0,0,0,0,0,0,0,0,0,0,0,0,0,0,0,0,0,0,0,0,0,0,0,0,0,0,0,0,0,0,0,0,0,0,0,0,0,0,0,0,0,0,0,0,0,0,0,0,0,0,0,0,0,0.003733589750248528,0,0,0,0,0,0,0,0,0,0,0,0,0,0,0,0,0.00240910603587871,0,0,0,0,0,0.003271040619097925,0,0,0,0,0,0,0,0,0,0,0,0,0,0,0,0,0,0,0,0,0,0,0,0,0,0,0,0,0,0,0,0,0,0,0,0,0,0,0,0,0,0,0,0,0,0,0,0,0,0,0,0,0,0,0,0.002238054547840485,0,0,0,0,0,0,0,0.01031809910033631,0.00292292475143244,0,0,0,0,0,0,0,0.006538647695341388,0,0,0.002586143140476117,0,0,0,0.002331222702701723,0,0,0,0,0,0,0,0,0,0,0,0,0,0,0,0,0,0,0,0,0,0,0,0,0,0,0,0,0,0.01061336833214846,0,0,0,0,0,0,0,0,0,0,0,0,0,0,0,0,0,0,0,0,0,0,0,0,0,0,0,0,0,0,0,0,0,0,0,0,0,0,0,0,0,0,0,0,0,0,0,0,0,0,0,0,0,0,0,0,0,0,0,0,0,0,0,0,0,0,0,0,0,0,0.01072724004039238,0.01015852158768048,0,0,0,0,0,0,0,0,0,0,0,0,0,0,0,0,0,0,0,0,0,0,0,0,0,0,0,0,0,0,0,0,0,0,0,0,0,0,0,0,0,0,0,0,0,0,0,0,0,0,0,0,0,0,0,0,0,0.002661474982633356,0,0,0,0,0,0,0,0,0,0,0,0,0,0,0,0,0,0,0,0,0,0,0,0,0,0,0,0,0,0,0,0,0,0,0.01015802193041523,0,0,0,0,0,0,0,0,0,0,0,0,0,0,0,0,0,0,0,0,0,0,0,0,0,0,0,0,0,0,0,0.002869247495157411,0,0,0,0,0,0,0,0,0,0,0,0,0
0,0,0,0,0,0,0,0,0,0,0,0,0,0,0,0,0,0,0,0,0,0,0,0,0,0,0,0,0,0,0,0,0,0,0.004741974235170959,0.004504061786678278,0,0,0,0,0,0,0,0,0,0,0,0,0,0,0,0,0,0,0,0,0,0,0,0,0,0,0,0,0,0,0.008405064342751643,0,0,0,0,0,0,0,0,0,0,0,0,0,0,0.004221722913978969,0,0,0,0,0,0,0,0,0,0,0,0,0,0,0,0.007595979148687293,0,0,0,0,0,0.004263747918888844,0,0,0,0,0,0.004427994293053909,0,0,0,0,0,0,0,0,0,0,0,0.004420512176794747,0,0,0,0,0,0,0,0,0,0,0,0,0,0,0,0,0,0.0102908071702662,0,0,0,0,0,0.004198843823891053,0,0,0,0,0.007891516204425821,0,0,0.006777341993649089,0,0,0,0,0,0,0,0,0,0.006284165098169764,0,0,0,0,0,0,0,0,0,0,0,0,0,0,0,0,0,0,0,0,0,0,0,0,0,0,0,0,0,0,0,0,0,0,0,0,0,0,0,0,0,0,0,0,0,0,0,0,0,0,0,0,0,0,0.01024129749046394,0,0,0,0.0109810696016281,0,0,0,0.004303731480733425,0,0,0,0,0,0,0,0,0,0,0,0,0,0,0,0,0,0,0,0,0,0,0,0,0,0,0.004210068848643158,0.004198689657386768,0,0,0,0,0,0.004352794955504629,0,0,0,0,0,0,0,0,0.005000304701756304,0.005091595266823675,0,0,0,0,0,0,0,0,0,0,0,0,0,0,0,0,0,0,0,0,0,0,0,0,0,0,0,0,0,0,0,0,0,0,0,0,0,0,0,0,0,0,0,0,0,0,0,0,0,0,0,0,0,0,0,0,0,0,0,0,0,0,0,0,0,0,0,0,0,0,0,0,0,0,0,0,0,0,0,0,0,0,0,0.01060399666819624,0,0,0.006718303035427064,0,0,0,0,0,0,0,0,0,0,0,0,0,0,0,0,0,0.00436752726713449,0,0,0,0,0,0,0,0,0,0,0,0,0,0,0,0,0,0,0,0,0,0,0,0,0,0,0,0,0,0,0,0,0,0,0,0,0,0,0,0,0,0,0,0,0.01041050559269026,0.00678992188795087,0.007141658656378225,0.00946279913548452,0,0.01085870784044397,0,0.005001821298386716
0,0,0,0,0,0,0,0,0,0,0,0,0,0,0,0,0,0,0,0,0,0,0,0,0,0,0,0,0,0,0,0,0,0,0.004568190096443045,0.004492150286381067,0,0,0,0,0,0,0,0,0,0,0,0,0,0.004184879042582135,0,0,0,0,0,0,0,0,0,0,0,0,0,0,0,0,0.008577728068331727,0,0,0,0,0,0,0,0,0,0,0,0,0,0,0.004224723826470092,0,0,0,0,0,0,0,0,0,0,0,0,0,0,0,0.006989301549827196,0,0,0,0,0,0.00425083254243541,0,0,0,0,0,0.004278728966132401,0,0,0,0,0,0,0,0,0,0,0,0.004272442010124002,0,0,0,0,0,0,0,0,0,0,0,0,0,0,0,0,0,0.009942335431822128,0,0,0,0,0,0.004187342848257832,0,0,0,0,0.007557568768564748,0,0,0.006750440518867558,0,0,0,0,0,0,0,0,0,0.005679326404284776,0,0,0,0,0,0,0,0,0,0,0,0,0,0,0,0,0,0,0,0,0,0,0,0,0,0,0,0,0,0,0,0,0,0,0,0,0,0,0,0,0,0,0,0,0,0,0,0,0,0,0,0,0,0,0.01012736125529925,0,0,0,0.01054659880735372,0,0,0,0.004313393312466451,0,0,0,0,0,0,0,0,0,0,0,0,0,0,0,0,0,0,0,0,0,0,0,0,0,0,0.004197792975524643,0,0,0,0,0,0,0.004215985683610049,0,0,0,0,0,0,0,0,0.005168423695624725,0.00525022494444753,0,0,0,0,0,0,0,0,0,0,0,0,0,0,0,0,0,0,0,0,0,0,0,0,0,0,0,0,0,0,0,0,0,0,0,0,0,0,0,0,0,0,0,0,0,0,0,0,0,0,0,0,0,0,0,0,0,0,0,0,0,0,0,0,0,0,0,0,0,0,0,0,0,0,0,0,0,0,0,0,0,0,0.01060399666819624,0,0,0,0.006975294693083866,0,0,0,0,0,0,0,0,0,0,0,0,0,0,0,0,0,0.004220468912804868,0,0,0,0,0,0,0,0,0,0,0,0,0,0,0,0,0,0,0,0,0,0,0,0,0,0,0,0,0,0,0,0,0,0,0,0,0,0,0,0,0,0,0,0,0.01029669035531129,0.006763195472465049,0.006818537745558182,0.008927752980576584,0,0.01032789399671218,0,0.005170005746995596
0,0,0,0,0,0,0,0,0,0,0,0,0,0,0,0,0,0,0,0,0,0,0,0,0,0,0,0,0,0,0,0,0,0,0,0,0,0,0,0,0,0,0.004182126791247048,0.004741598264524649,0,0,0,0,0,0,0,0,0.003638638010187577,0,0,0,0,0,0,0,0,0,0.003602052263862219,0,0,0,0,0,0,0,0,0,0,0.003669062584786761,0,0,0,0,0,0,0.004607484421220025,0,0,0,0,0.002943256280450014,0,0,0,0,0,0,0,0,0,0,0,0,0,0,0.003788952537127063,0,0,0,0,0,0,0,0,0,0,0.0030753901227836,0,0,0.009174830689997672,0,0,0,0,0,0,0,0,0,0,0,0,0,0,0,0,0.003272958594034009,0,0,0,0,0,0.006366214623173331,0,0,0,0,0.003456474431207332,0,0,0.004120640616712949,0,0,0,0,0,0,0,0,0.003271446578250673,0,0,0,0,0,0,0,0,0,0.004272018811842112,0,0,0,0,0,0,0,0,0.004116740063341376,0,0,0,0,0,0,0,0,0,0,0,0,0,0,0,0,0,0,0,0,0.003866163858151768,0,0,0,0,0,0,0,0,0,0,0,0,0,0,0,0,0,0,0,0,0.004521345440431555,0,0,0,0.003723341213154255,0,0,0,0,0,0,0,0,0,0,0,0,0,0,0,0,0,0,0,0,0,0,0,0,0,0,0,0,0,0,0,0,0,0,0,0,0,0,0,0,0,0,0.005110220837115178,0,0,0,0,0,0,0,0,0,0,0,0,0,0,0,0,0,0,0,0,0,0,0,0,0,0,0,0,0,0,0,0,0,0,0,0,0,0,0,0,0,0,0,0,0,0,0,0,0,0,0,0,0,0,0,0,0,0,0,0,0,0,0,0,0,0,0,0,0,0,0,0,0,0,0,0,0,0,0,0,0,0,0,0,0,0,0,0,0,0,0,0,0,0,0,0,0,0,0,0,0,0,0,0,0.003352617964418778,0.003116752910904516,0,0,0,0,0.006358155742213657,0,0,0,0,0,0,0,0,0,0,0,0,0,0,0,0,0,0.004928524499445272,0,0,0,0,0,0,0,0,0,0,0,0,0,0,0,0,0.003427191916270735,0,0.004265378597413799,0,0,0,0,0,0,0,0,0,0,0,0,0,0,0,0,0
0,0,0,0.005325222681866132,0,0,0,0,0,0,0,0,0,0,0,0,0,0,0,0,0,0,0,0,0,0,0,0,0,0,0,0,0,0,0,0,0,0,0,0,0,0,0,0,0,0,0,0,0,0,0,0,0,0,0,0,0,0,0,0,0,0,0,0,0,0,0,0,0,0,0,0,0,0,0,0,0,0,0,0.005826937949564542,0,0,0,0,0,0,0,0,0,0,0,0,0,0,0.005961519023673987,0,0,0.00916911019105696,0,0,0,0,0,0,0,0,0,0,0,0,0,0,0,0,0,0,0,0,0,0,0,0,0,0,0,0,0,0,0,0,0,0,0,0.006576463975041689,0,0,0,0,0,0,0,0,0,0,0,0,0,0,0,0,0.003347102344046073,0,0,0.009366034342016692,0,0,0,0,0,0,0,0,0,0,0,0,0,0,0,0,0,0,0,0,0,0,0,0,0,0,0,0,0,0,0,0,0,0,0,0,0,0,0,0,0,0,0,0,0,0,0,0,0,0,0,0,0,0,0,0,0,0.006061275969561047,0,0,0,0,0,0,0.003612413845096766,0,0,0,0,0,0,0,0,0.005292095763019842,0.006352272042272239,0,0,0,0,0,0,0,0,0,0,0,0,0,0,0,0,0,0,0,0,0,0,0,0,0,0,0,0,0,0,0,0,0,0,0,0,0,0,0,0.003599429372374481,0.01089870124338832,0,0,0,0,0,0,0,0,0,0,0,0,0,0,0,0.00459280678636609,0.01107944054065351,0,0,0,0,0,0,0,0,0,0,0,0,0,0,0,0,0,0,0,0,0,0,0,0,0,0,0,0,0,0,0,0,0,0,0,0,0,0,0,0,0,0,0,0,0,0,0,0,0,0,0,0,0,0,0,0,0,0,0,0,0,0,0,0,0,0,0,0,0,0,0.01004010752186272,0,0,0,0,0,0,0,0,0,0,0,0,0,0,0,0,0,0,0,0,0,0,0,0,0,0,0,0,0,0,0,0,0,0,0,0,0,0,0,0,0,0,0,0,0,0,0,0,0,0,0,0,0,0,0,0,0,0,0,0.007231675072142292,0,0.007260990204497463,0,0.00936631170572857,0.00879521874462056,0.003281953816403511,0.006727255570689409,0,0,0.01090036807402896
0,0,0,0.005288583438731028,0,0,0,0,0,0,0,0,0,0,0,0,0,0,0,0,0,0,0,0,0,0,0,0,0,0,0,0,0,0,0,0,0,0,0,0,0,0,0,0,0,0,0,0,0,0,0,0,0,0,0,0,0,0,0,0,0,0,0,0,0,0,0.00508095338381493,0,0,0,0,0,0,0,0,0,0,0,0,0.005825184936396955,0,0,0,0,0,0,0,0,0,0,0,0,0,0,0.006191342008158903,0,0,0.01279514682766868,0,0,0,0,0,0,0,0,0,0,0,0,0,0,0,0,0,0,0,0,0,0,0,0,0,0,0,0,0,0,0,0,0,0,0,0.006568754313029907,0,0,0,0,0,0.006965399608133823,0,0,0,0,0,0,0,0,0,0,0.00713361338361581,0,0,0.01265395991960685,0,0,0,0,0,0,0,0,0,0.00552384532082548,0,0,0,0,0,0,0,0,0,0,0,0,0,0,0,0,0,0,0,0,0,0,0,0,0,0,0,0,0,0,0,0,0,0,0,0,0,0,0,0,0,0,0,0,0,0,0,0.006081430456062097,0,0,0,0,0,0,0.007233406349890134,0,0,0,0.006791810810329158,0,0,0,0,0.004884792449621594,0.006299256787216678,0,0,0,0,0,0,0,0,0,0,0,0,0,0,0,0,0,0,0,0,0,0,0,0,0,0,0,0,0,0,0,0,0,0,0,0,0,0,0,0,0.01156051809952826,0.004949790754128365,0,0,0,0,0,0,0,0,0,0,0,0,0,0,0,0.01031736647778267,0,0,0,0,0,0,0,0,0,0,0,0,0,0,0,0,0,0,0,0,0,0,0,0,0,0,0,0,0,0,0,0,0,0,0,0,0,0,0,0,0,0,0,0,0,0,0,0,0,0,0,0,0,0,0,0,0,0,0,0,0,0,0,0,0,0,0.006718303035427064,0.006975294693083866,0,0.01004010752186272,0,0,0,0,0,0,0,0,0,0,0,0,0,0,0,0,0,0,0,0,0,0,0,0,0,0,0,0,0,0,0,0,0,0,0,0,0,0,0,0,0,0,0,0,0,0,0,0,0,0,0,0,0,0,0,0,0,0,0,0,0.006826601366346738,0,0.006823739654023668,0.007230312030462542,0.01266727883707529,0.01260506346385305,0.00713106482456783,0.006709594842317507,0.007038548788821911,0,0.01156229925868825
0,0,0,0,0,0,0,0,0,0,0,0,0,0,0,0,0,0,0,0,0,0,0,0,0,0,0,0,0,0,0,0,0,0,0,0,0,0,0,0,0,0,0,0,0,0,0,0,0,0,0,0,0,0,0,0,0,0,0,0,0,0,0,0,0,0,0,0.005325196882477953,0,0,0,0,0,0,0,0,0,0,0,0,0,0,0,0,0,0,0,0,0,0,0,0,0,0,0,0,0,0,0,0,0,0,0,0,0,0,0,0,0,0,0,0,0,0,0,0,0,0,0,0.005199746065093221,0,0,0,0,0,0,0,0,0,0,0,0,0,0,0,0,0,0,0,0,0,0,0,0,0,0,0,0,0,0,0,0,0,0,0,0,0,0,0,0,0,0,0,0,0,0,0,0,0,0,0,0,0,0,0,0,0,0,0,0,0.004687020325114312,0,0,0,0.002265661001385378,0,0,0.006458005489715278,0,0,0,0,0,0,0,0,0,0,0,0,0,0,0,0,0,0,0,0,0,0,0,0,0,0,0,0,0,0,0,0,0,0,0,0,0,0,0,0,0,0,0,0,0,0,0,0,0,0,0,0,0,0,0,0,0,0,0,0,0,0,0,0,0,0,0,0,0,0,0,0,0,0,0,0,0,0,0,0,0,0,0,0,0,0,0,0,0,0,0,0,0,0,0,0,0,0,0,0,0,0,0,0,0,0,0,0,0,0,0,0,0,0,0,0,0,0,0,0,0,0,0,0,0,0,0,0,0.00550229985737176,0.005153712596562795,0.00559277807101656,0.005153712596562795,0.005111835704770708,0.00511761919882509,0.005270707914300786,0.005111835704770708,0.005304373166106297,0.005958141455789889,0.00511761919882509,0.005838868346710508,0.005362103669204142,0,0,0,0,0,0,0,0,0,0,0,0,0,0,0,0,0,0,0,0,0,0,0,0,0,0,0,0,0,0,0,0,0,0,0,0,0,0,0,0,0,0,0,0,0,0,0,0,0,0,0,0,0,0,0,0,0,0,0,0,0,0,0,0,0,0,0,0,0,0,0,0,0,0,0,0,0,0,0,0,0,0,0,0,0,0,0,0.003800582728035698,0,0,0,0,0,0,0,0,0,0,0
0,0,0.006513885614016353,0,0,0,0,0,0,0,0,0,0,0,0,0,0,0,0.004025371373357968,0,0,0,0,0,0,0,0,0,0,0,0,0,0,0,0,0,0,0,0,0,0,0,0.006490485862816374,0,0,0,0,0,0,0,0.003825802576917803,0,0,0,0,0,0,0.004433444007397072,0,0.005207622118083136,0,0,0,0,0,0,0,0,0,0,0,0,0,0.003716723215503614,0,0,0,0,0,0.00377557985359673,0.004169498882169677,0,0,0,0,0,0,0,0,0,0,0,0,0,0,0,0,0,0,0,0.004701178422869931,0,0,0,0,0,0,0,0,0,0,0,0,0,0.005010028142144055,0,0,0,0,0,0,0,0,0,0,0,0,0,0,0,0,0.005476795586556473,0,0,0,0,0,0,0.006195798091048183,0,0,0,0.00707157412799918,0.007555330466122563,0,0,0,0,0,0,0,0,0,0,0,0,0,0,0,0,0,0,0,0,0.006663873979558388,0,0,0,0.004025882669535068,0,0,0,0,0,0,0,0,0,0.004330453675058164,0,0,0,0,0,0,0,0,0,0,0,0.004273102910772913,0,0,0,0,0,0,0,0,0,0,0,0,0,0,0,0,0.005669628439229833,0,0,0,0,0,0,0,0,0,0,0,0,0,0,0,0,0,0,0,0,0,0,0,0,0,0,0,0,0,0.004021503414926766,0,0,0,0,0,0,0,0,0,0,0,0,0,0,0,0,0,0,0.00506004950416046,0,0,0.007330805364011056,0,0,0,0.004209683980112436,0,0,0,0,0,0,0,0,0,0,0,0,0,0,0,0,0,0,0,0,0,0,0,0,0,0,0,0,0,0,0,0,0,0,0,0,0,0,0,0,0,0,0,0,0,0,0,0,0,0,0,0,0,0,0,0,0,0,0,0,0,0,0,0,0,0,0,0,0,0,0,0,0,0,0,0,0,0,0,0,0,0,0,0,0,0,0,0,0,0,0,0,0,0,0,0,0,0,0,0,0,0,0,0,0,0,0,0,0,0,0,0,0,0,0,0,0,0.004156189442246464,0,0,0,0,0,0,0,0,0,0,0,0,0,0,0,0,0,0,0,0,0,0,0,0,0,0,0,0,0,0,0,0,0,0,0,0,0,0,0,0,0,0,0,0,0,0
0,0,0,0,0,0,0,0,0,0,0,0,0,0,0,0,0.00648664626481864,0,0,0,0,0,0,0,0,0,0,0,0,0,0,0,0,0,0,0,0,0,0,0,0,0,0,0,0,0,0,0,0,0,0,0,0,0,0,0,0,0,0,0,0,0,0,0,0,0,0,0,0,0,0,0,0,0,0,0.004688397889512167,0,0,0,0,0,0,0,0,0,0,0,0,0,0,0,0,0,0,0,0.00431654626115097,0,0,0,0,0,0,0,0,0.006072878882805078,0,0,0,0,0,0,0,0,0,0,0,0,0,0,0,0.00439047805273363,0,0.005227484849696954,0,0,0,0,0,0,0.005314577809480235,0,0,0,0,0,0,0,0,0,0,0,0,0,0,0,0,0,0,0,0,0,0,0,0,0,0.005444049553766483,0,0,0,0.005147847504428893,0,0.004688716693096493,0.005141239387347329,0,0,0,0,0,0,0,0,0,0,0,0,0.005686424166217374,0,0,0,0,0,0,0,0,0,0,0,0,0,0,0,0.005603213735042835,0,0,0,0,0,0,0,0,0,0,0,0,0,0,0,0,0,0,0,0,0,0,0,0,0,0,0,0,0,0,0,0.006671266533500548,0,0,0,0,0,0,0,0,0,0,0.005417604684013879,0,0,0,0,0,0,0,0,0,0,0,0,0,0,0,0,0,0,0,0,0,0,0,0,0,0,0,0,0,0,0,0,0,0,0,0,0,0.004534227946764662,0,0,0,0,0,0,0,0,0,0,0,0,0,0,0,0,0,0.004537957209054261,0.004805090255152134,0.004540930406438349,0.004676456121739616,0.004523437367089902,0.004550015735933661,0.004540930406438349,0,0,0,0,0,0,0,0,0,0,0,0,0,0,0,0,0,0,0,0,0,0,0,0,0,0,0,0,0,0,0,0,0,0,0,0.004560763277240842,0.00453924625951121,0.004630162739693848,0.004727349274367333,0.004805090255152134,0.004945450416961858,0,0,0,0,0,0,0,0,0,0,0,0,0,0.004566242431637997,0,0,0,0,0,0,0,0,0,0,0,0,0,0,0,0,0,0,0,0,0,0,0,0,0,0,0,0,0,0,0,0,0,0,0,0,0,0,0,0,0,0,0,0,0,0,0,0,0,0,0,0,0,0,0,0,0,0,0,0,0,0,0,0,0,0,0,0,0,0,0,0,0,0,0,0
0.005367206229570752,0.005306816128571756,0,0.004789841207827923,0,0,0,0,0,0,0.003877872891790563,0,0,0,0,0.004476771625824516,0,0,0,0,0,0,0,0.002830426206751346,0,0,0,0,0,0,0,0,0,0,0,0,0,0,0,0,0,0,0,0,0,0.00276230029738342,0,0,0,0,0,0,0,0,0,0,0,0,0,0,0,0,0,0,0,0,0,0,0,0.003646489761757152,0,0,0,0,0,0,0,0,0,0,0,0,0,0,0,0,0,0,0,0,0.004348395661081952,0,0,0.005705387413170028,0,0,0.004615080837863269,0,0,0,0,0,0,0,0,0,0,0,0,0,0,0,0,0,0,0,0,0,0,0,0,0,0,0,0,0,0.003345484628503302,0,0,0,0.002468672791701467,0,0,0,0,0,0,0,0,0,0,0,0,0,0,0,0,0,0,0,0,0,0,0,0,0,0,0,0,0,0,0,0,0,0,0,0,0,0,0,0,0,0,0,0,0,0,0,0,0,0,0,0,0,0,0,0,0,0,0,0,0,0,0,0,0,0,0,0,0,0,0,0.005882895290241961,0.004575481639031136,0,0,0,0,0,0,0,0,0,0,0,0,0,0,0,0,0,0,0,0,0.004353246372188228,0,0,0,0,0,0,0.002731804258812069,0,0,0,0,0,0,0,0,0.004772276628976325,0.003782784575801322,0,0,0,0,0,0,0,0,0,0,0,0,0.004129462680032517,0,0,0,0,0,0,0,0,0,0,0,0,0,0,0,0,0,0,0,0,0,0,0,0,0,0,0,0,0,0,0,0,0,0,0,0,0,0,0,0,0,0,0,0,0,0,0,0,0,0,0,0,0,0,0,0,0,0,0,0,0,0,0,0,0,0,0,0,0,0,0,0,0,0,0,0,0,0,0,0,0,0,0,0,0,0,0,0,0,0,0,0,0,0,0,0,0,0,0,0,0,0,0,0,0,0,0,0,0,0,0,0,0,0,0,0,0,0,0,0,0,0,0,0,0,0,0,0,0,0,0,0,0,0,0,0.003346581474741136,0,0,0,0,0,0,0,0,0,0,0,0,0,0,0,0,0,0,0,0,0.003836093528793564,0,0,0,0,0,0,0,0,0,0,0,0,0,0,0,0
0,0,0,0,0,0,0,0,0,0,0,0,0,0.003154652332512795,0,0,0,0,0,0,0,0,0,0.004789893373886303,0,0,0,0.004215924327082735,0,0,0,0.003067031594940255,0,0,0,0,0,0,0,0,0,0,0,0,0,0,0.00451638578842862,0,0,0.004339188603179701,0,0,0,0,0,0,0,0,0,0,0,0,0,0,0,0,0,0,0,0,0,0,0,0,0,0,0,0,0,0,0,0,0.004963691417436012,0.004639591925529752,0,0,0,0,0.004287372224321115,0.004349514118863881,0,0,0,0,0,0,0,0,0,0,0,0,0,0,0,0,0,0,0,0,0,0,0,0,0,0,0,0,0,0,0,0,0,0,0,0,0.004385670858344608,0,0,0,0.004528255873439487,0,0,0,0,0,0,0,0,0,0,0,0,0,0.004505423752093528,0,0,0.002947653604017245,0,0,0,0,0,0,0,0,0,0,0,0,0,0,0,0,0,0,0,0,0,0,0,0,0,0,0,0,0,0,0,0,0,0,0.003015054058937565,0,0,0,0,0,0,0,0,0,0,0,0,0,0,0,0,0,0,0,0,0,0,0.01102923471663196,0,0,0,0,0,0,0,0,0,0,0,0,0,0,0,0,0,0,0,0,0,0,0,0,0,0.004931380208580536,0,0,0,0,0,0,0,0,0,0,0,0,0,0,0,0,0.004603611787535092,0,0,0,0,0,0,0,0,0,0,0,0,0,0,0,0,0,0,0,0,0,0,0,0,0,0,0,0,0,0,0,0,0,0,0,0,0,0,0,0,0,0,0,0,0,0,0,0,0,0,0,0,0,0,0,0,0,0,0,0,0,0,0,0,0,0,0,0,0,0,0,0,0,0,0,0,0,0,0,0,0,0,0,0,0,0,0,0,0,0,0,0,0,0,0,0,0,0,0,0,0,0,0,0,0,0,0,0,0,0,0,0,0,0,0,0,0,0.003592005560469246,0,0,0,0.004191479607926141,0,0,0,0,0,0,0,0,0,0.002860722977327587,0,0,0,0,0,0,0,0,0,0,0,0,0,0,0,0,0,0,0,0,0,0,0,0,0,0,0,0,0,0,0,0,0,0,0,0,0,0,0,0,0,0,0,0,0,0.003175907926007211,0
0,0,0,0,0,0,0,0.004983371414448228,0,0,0,0,0,0.006401547492032278,0,0,0,0,0,0,0,0,0,0,0,0,0,0,0,0,0,0.003113146346544626,0.004280524314855006,0,0,0,0,0,0,0,0,0,0,0,0,0,0.003196333053661161,0,0,0,0,0,0,0,0,0,0,0,0,0,0,0,0,0,0,0,0,0,0,0,0,0,0,0,0,0,0,0,0,0,0,0,0.003981296542156906,0,0,0,0,0,0.003928866336703085,0.004592892258456337,0,0,0,0,0,0,0,0,0,0.003560007460913125,0,0.00249301959422653,0,0,0,0.02385309409434816,0,0,0,0,0,0,0,0,0,0,0,0,0,0.004593205863681758,0,0,0,0,0,0,0,0,0,0,0.002689028446602024,0,0,0,0,0,0,0,0,0,0,0,0,0,0.003391171926305824,0,0,0.002787419240245627,0,0,0,0,0,0,0,0,0,0,0,0,0,0,0,0,0,0.004873413655415231,0,0,0,0,0,0,0,0,0,0,0,0,0,0,0,0,0.005797566422848923,0,0,0,0,0,0.006275465816202817,0,0,0,0,0,0,0,0,0,0,0,0,0,0,0,0.00434431194949208,0,0,0,0,0,0,0,0,0,0,0,0,0,0,0,0,0,0,0,0.005656493126120895,0,0,0,0,0,0,0.003061703890541284,0,0,0,0,0,0,0,0,0,0,0,0,0,0,0,0,0.004963403792775645,0,0,0,0,0,0,0,0,0,0,0,0,0,0,0,0,0,0,0,0,0,0,0,0,0,0,0,0,0,0,0,0,0,0,0,0,0,0,0,0,0,0,0,0,0,0,0,0,0,0,0,0,0,0,0,0,0,0,0,0,0,0,0,0,0,0,0,0,0,0,0,0,0,0,0,0,0,0,0,0,0,0,0,0,0,0,0,0,0,0,0,0,0,0,0,0,0,0,0,0,0,0,0,0,0,0,0,0,0,0,0,0,0,0,0,0,0,0.002483683041125686,0,0,0,0.007194538776351921,0,0,0,0,0,0,0,0,0,0,0,0,0,0,0,0,0,0.002938485606307534,0,0,0,0,0,0,0,0,0,0,0,0,0,0,0,0,0,0,0,0,0,0,0,0,0,0,0,0,0,0,0,0,0,0,0,0,0,0,0
0,0,0,0,0,0,0,0,0,0,0,0,0,0,0,0,0,0,0,0,0,0,0,0,0,0,0,0,0,0,0,0,0,0,0,0,0.003804801760299133,0,0,0.003268411508306568,0.004258437937535349,0,0,0,0,0,0,0,0,0,0,0,0,0,0,0,0,0,0,0,0,0,0,0,0,0,0,0,0,0,0,0,0,0,0,0,0,0,0,0,0,0,0,0,0,0,0,0,0,0,0,0,0,0,0,0,0,0,0,0,0,0,0,0,0,0,0.002911367291654778,0,0,0,0,0,0,0,0,0,0,0,0,0,0,0,0,0,0,0,0,0,0,0,0,0,0,0,0,0,0,0,0,0,0,0,0,0,0,0,0,0,0,0,0,0,0,0,0,0,0,0,0,0,0,0,0,0,0,0,0,0,0,0,0,0,0.003916966434750114,0,0,0,0,0,0,0,0,0,0,0,0,0,0,0,0,0,0,0,0.003527876287832573,0,0,0,0,0,0,0,0.00273577821514357,0,0,0,0,0,0,0,0,0,0,0,0,0.004436068840682472,0,0,0,0,0,0,0,0,0,0,0,0,0,0,0,0,0.002912385904109175,0,0,0.004065743633142855,0,0,0,0,0,0,0,0,0,0,0,0,0,0,0,0,0,0,0,0,0,0,0,0,0,0,0,0,0,0,0,0,0,0,0,0,0,0,0,0,0,0,0,0,0,0,0,0,0,0,0,0,0,0,0,0,0,0,0,0,0,0,0,0,0,0,0,0,0,0,0,0,0,0,0,0,0,0,0,0,0,0,0,0,0,0,0,0,0,0,0,0,0,0,0,0.003625229309831125,0.003630053511666791,0.00375912329705909,0,0,0,0,0,0,0,0,0,0,0,0,0,0,0,0,0,0,0,0,0,0,0,0,0,0,0,0,0,0,0,0,0,0,0,0,0,0.003326136870547,0,0,0.006047393422496843,0,0,0,0,0,0,0,0,0,0,0,0.007934977917932668,0,0,0,0.004076356866211225,0.008164444699004091,0.008540154332919245,0,0,0,0,0,0,0,0,0,0,0,0,0,0,0,0,0,0,0.007632748051603395,0,0.007281344764136964,0,0.002898903283583827,0,0,0,0,0,0,0,0,0,0,0,0,0,0
0,0,0,0,0,0,0,0,0,0,0,0,0,0,0,0,0,0,0,0,0,0,0,0,0,0,0,0,0,0,0,0,0,0,0,0,0,0,0,0,0,0,0,0,0,0,0,0,0,0,0,0,0,0,0,0,0,0,0,0.002883218465162487,0,0,0.003248383958378823,0,0,0,0,0,0,0,0,0,0,0,0,0,0,0,0,0,0,0,0,0,0,0,0,0,0,0,0,0,0,0,0,0,0,0,0,0,0,0,0,0,0,0,0,0,0,0,0,0,0,0,0,0,0,0,0,0,0,0,0,0,0,0,0,0,0,0,0,0.00298720157630669,0,0,0,0,0,0.00297079979555267,0,0,0,0,0,0,0,0,0,0,0,0,0,0,0,0,0,0,0,0,0,0,0,0,0,0,0,0,0,0,0,0,0,0,0,0.00371622219829107,0,0,0,0,0,0.004448617196950875,0,0,0,0,0.003115251552569575,0,0,0,0,0,0.003095188258782198,0,0,0,0,0,0,0,0,0,0,0,0,0,0,0,0,0,0,0,0,0,0,0,0,0,0,0,0,0,0,0,0,0,0,0,0,0,0,0,0,0,0,0,0,0,0,0,0,0,0,0,0,0,0,0,0,0,0,0,0,0,0,0,0,0,0.003028830277842873,0,0,0,0,0,0,0.003010644362816277,0,0,0,0,0,0,0,0,0,0,0,0,0,0,0,0,0,0,0,0,0,0,0,0,0,0,0,0,0,0,0,0,0,0,0,0,0,0,0,0,0,0,0,0,0,0,0,0,0,0,0,0,0,0,0,0,0,0,0,0,0,0,0,0,0,0,0,0,0,0,0,0,0,0,0,0,0,0,0,0,0,0,0,0,0,0,0,0,0,0,0,0,0,0,0,0,0,0,0,0,0,0,0,0,0.003928109752686736,0.004474163093928756,0,0,0.002868615516725881,0.002960709778330503,0,0,0,0,0,0,0.003100485949247481,0,0,0,0,0.003030801771548658,0.003676625742253027,0.004104615837699242,0,0,0,0.00409897374106844,0,0,0,0,0,0,0,0,0,0,0,0,0,0,0,0,0.003357936526019277,0,0.004525452744088783,0,0.003431945018442795,0.004545601799854662,0.002718712929449686,0.003357374856299106,0,0,0,0,0,0,0,0,0,0,0,0
0,0,0,0,0,0,0,0,0,0,0,0,0,0.003163356726807659,0,0,0,0,0,0,0,0,0,0,0,0,0,0,0,0,0,0.002762060347893509,0,0,0,0,0,0,0,0,0,0,0,0,0,0.002573174058642556,0,0,0,0,0,0,0,0,0,0,0,0,0,0,0,0,0,0,0,0,0,0,0,0,0,0,0,0,0,0,0,0,0,0,0,0,0,0,0.002653921367580469,0,0,0,0,0,0,0,0,0,0,0,0,0,0,0,0,0.006368981537285884,0,0,0,0,0,0,0,0,0,0,0,0,0,0,0,0,0,0,0,0,0,0,0,0,0,0,0,0,0,0,0,0,0,0,0,0,0,0,0,0,0,0,0,0,0,0.003316550202932119,0,0,0,0,0,0,0,0,0,0,0,0,0,0,0,0,0,0.00263308383003541,0,0,0,0,0,0,0,0,0,0,0,0,0,0,0,0,0.004456004636729377,0,0.002579859280603515,0,0,0,0.002736228131158504,0,0,0,0,0,0,0,0,0,0,0,0,0,0,0,0.003046761252897435,0,0,0,0,0,0,0,0,0,0,0,0,0,0,0,0,0,0,0,0.00290088110177049,0,0,0,0,0,0,0,0,0,0,0,0,0,0,0,0,0,0,0,0,0,0,0,0.004288617370015018,0,0,0,0,0,0,0,0,0,0,0,0,0,0,0,0,0,0,0,0,0,0,0,0,0,0,0,0,0,0,0,0,0,0,0,0,0,0,0,0,0,0,0,0,0,0,0,0,0,0,0,0,0,0,0,0,0,0,0,0,0,0,0,0,0,0,0,0,0,0,0,0,0,0,0,0,0,0,0,0,0,0,0,0,0,0,0,0,0,0,0,0,0,0,0,0,0,0,0,0,0,0,0,0,0,0,0,0,0,0,0,0,0,0.003592005560469246,0.002483683041125686,0,0,0,0,0.002562148140638736,0,0.008153625791703131,0,0.002646069091891005,0,0,0,0,0,0,0,0,0,0,0,0,0,0,0,0,0,0,0,0,0,0,0,0,0,0,0,0,0,0,0,0,0,0,0,0,0,0,0,0,0.002617472934747074,0,0,0,0,0,0,0,0,0,0,0,0,0,0
0,0,0,0,0,0,0,0,0,0,0,0,0,0.002722484546769377,0,0,0,0,0,0,0,0,0,0,0,0,0,0,0,0.00302041096169017,0,0.002575319167434617,0,0,0,0,0,0,0,0,0,0,0,0,0,0,0,0,0,0,0,0,0,0,0,0,0,0,0,0,0,0,0,0,0,0,0,0,0,0,0,0,0.002463438255019516,0,0,0,0,0,0,0,0,0,0,0,0,0,0,0,0,0,0,0,0,0,0,0,0,0,0,0,0,0,0,0,0,0,0,0,0,0,0,0,0,0,0.007430919298829374,0,0,0,0,0,0,0,0,0,0,0,0,0,0,0,0,0,0,0,0,0,0,0.003566856634471145,0,0,0,0,0,0,0,0,0,0,0,0,0,0,0,0,0,0,0,0,0,0,0,0,0,0,0,0.002902029256782948,0,0,0,0,0,0,0,0,0,0,0,0,0,0,0,0,0,0,0.002986281556038158,0,0,0,0.00281108726935865,0,0,0,0,0,0,0,0,0,0,0,0,0,0,0,0,0,0,0,0,0,0,0,0,0,0,0.004838477505443894,0,0,0,0,0,0,0,0,0,0,0,0,0,0,0,0,0,0,0,0,0,0,0,0,0,0,0,0,0,0,0,0,0,0,0,0,0,0,0,0,0,0,0.002929509147528899,0,0,0,0.004040978956802946,0,0,0,0,0,0,0,0,0,0,0,0,0,0,0,0,0,0,0,0,0,0,0,0,0,0,0,0,0,0,0,0,0,0,0,0,0,0,0,0,0,0,0,0,0,0,0,0,0,0,0,0,0,0,0,0,0,0,0,0,0,0,0,0,0,0,0,0,0,0,0,0,0,0,0,0,0,0,0,0,0,0,0,0,0,0,0,0,0,0,0,0,0.003352617964418778,0,0,0,0,0,0,0,0,0,0,0,0,0.002622613717619901,0,0,0,0,0.003556216227679829,0.003447585357607709,0,0,0,0,0,0,0,0,0,0,0,0.002538968065721462,0,0,0,0,0.00385825403389678,0,0,0,0,0,0,0,0,0,0,0,0,0,0,0,0,0,0,0.003206399347541152,0,0,0,0,0.002607785322517492,0,0,0,0,0,0,0,0,0,0,0,0
0,0,0,0,0,0,0,0,0,0,0,0,0,0,0,0,0,0,0,0,0,0,0,0,0,0,0,0,0,0,0,0,0,0,0,0,0,0,0,0,0,0,0,0,0,0,0,0,0,0,0,0,0,0,0,0,0,0,0,0,0,0,0,0,0,0,0,0,0,0,0,0,0,0,0,0,0,0,0,0,0,0,0,0,0,0,0,0,0,0,0,0,0,0,0,0,0,0,0,0,0,0.002936813050769228,0,0,0,0,0,0.003641474811970418,0,0,0,0,0,0,0.005182122944043731,0,0,0,0,0,0,0,0,0,0,0,0,0,0,0,0,0,0,0,0,0,0,0.003064073884058439,0,0,0,0,0,0,0,0,0,0,0,0,0,0,0,0,0,0,0,0,0,0,0,0,0,0,0,0,0,0,0,0,0,0,0,0.003250811207178185,0,0,0,0,0,0.00606554291661883,0,0,0,0,0,0,0,0,0,0,0,0,0,0,0,0,0,0,0,0,0,0,0,0,0.003047052994511401,0,0,0,0,0,0,0,0,0,0,0.003307860153808823,0,0,0,0,0,0,0,0,0,0,0,0,0,0,0,0,0,0,0,0,0,0,0,0,0,0,0,0,0,0,0,0,0,0,0,0,0,0,0,0,0,0,0,0,0,0,0.003253499336474977,0,0,0,0,0,0,0,0,0,0,0,0,0,0,0,0,0,0,0,0,0,0,0,0,0,0,0,0,0,0,0,0,0,0,0,0,0,0,0,0,0,0,0,0,0,0,0,0,0,0,0,0,0,0,0,0,0,0,0,0,0,0,0,0,0,0,0,0,0,0,0,0,0,0,0,0,0,0,0,0,0,0,0,0,0,0,0,0,0,0,0,0,0.003116752910904516,0,0,0,0,0,0,0,0,0,0.003928109752686736,0.002562148140638736,0.002622613717619901,0,0.007667586000011995,0,0,0.003172572230631649,0.003054398237352668,0,0,0,0,0,0,0,0,0,0,0,0.005982193784532979,0.007692692916557939,0.005678847901732289,0.004068615284871306,0,0,0.003676214225604483,0,0,0,0,0,0,0,0,0,0,0,0,0,0,0,0,0.006705216824623144,0,0.004353498902853091,0,0.004964134380472282,0.00675107598538621,0,0.005964710909069926,0,0,0,0,0,0,0,0,0,0,0,0
0,0,0,0,0,0,0,0,0,0,0,0,0,0,0,0,0,0,0,0,0,0,0,0,0,0,0,0,0,0,0,0,0,0,0,0,0,0,0,0,0,0,0,0,0,0,0,0,0,0,0,0,0,0,0,0,0,0,0,0,0,0,0,0,0,0,0,0,0,0,0,0,0,0,0,0,0,0,0,0,0,0,0,0,0,0,0,0,0,0,0,0,0,0,0,0,0,0,0,0,0,0.003244783535017769,0,0,0,0,0,0.003915175297048425,0,0,0,0,0,0,0,0,0,0,0,0,0,0,0,0,0,0,0,0,0,0,0,0,0,0,0,0,0,0,0,0,0,0,0,0,0,0,0,0,0,0,0,0,0,0,0,0,0,0,0,0,0,0,0,0,0,0,0,0,0,0,0,0,0.003040787007190631,0,0,0,0,0,0,0.00725136411170055,0,0,0,0,0,0,0,0,0,0,0,0,0,0,0,0,0,0,0,0,0,0,0,0,0.003114239474013862,0,0,0,0,0,0,0,0,0.003684507574526885,0,0,0,0,0,0,0,0,0,0,0,0,0,0,0,0,0.003694040790490249,0,0,0,0,0,0,0.003080888879102187,0,0,0,0,0,0,0,0,0,0,0,0,0,0,0,0,0,0,0,0,0,0,0,0,0,0,0,0,0,0,0,0,0,0,0,0,0,0,0,0,0,0,0,0,0,0,0,0,0,0,0,0,0,0,0,0,0,0,0,0,0,0,0,0,0,0,0,0,0,0,0,0,0,0,0,0,0,0,0,0,0,0,0,0,0,0,0,0,0,0,0,0,0,0,0,0,0,0,0,0,0,0,0,0,0,0,0,0,0,0,0,0,0,0,0,0,0,0,0,0,0,0,0,0,0,0,0.003326136870547,0.004474163093928756,0,0,0.007667586000011995,0,0,0,0.005136343662787602,0,0,0,0,0,0,0,0,0,0,0,0.003458960922347728,0.007287637279770556,0.006643351716866192,0.007236980035271039,0.003854084781676783,0.003263135814570795,0.003289928375933822,0,0,0,0,0,0,0,0,0,0,0,0,0,0,0,0,0,0.006142469427799245,0.003686365265464634,0.003348550652186051,0,0.006188112514795245,0.006737891269566245,0,0.006662236113285744,0,0,0,0,0,0,0,0,0,0,0,0
0,0,0,0,0,0,0,0.0091628475801756,0.007389416630846659,0,0,0,0,0.009364851745860728,0,0,0,0,0,0,0,0,0,0.005059549981018903,0,0,0,0,0,0,0,0.005528352723663746,0.008285252518226104,0,0,0,0,0,0,0,0,0,0,0,0,0,0,0,0,0,0,0,0,0,0,0,0,0,0.006255010178108952,0,0,0,0,0,0,0,0,0,0,0,0,0,0,0,0,0,0,0,0,0,0,0,0.004346995589110114,0,0,0,0.003377121727185886,0,0.003140074777408107,0.006835316062993792,0,0,0,0,0,0,0,0,0,0,0,0,0,0,0,0.001964025095261989,0,0,0,0,0,0,0,0,0,0,0,0,0,0,0,0,0,0,0,0,0.006304819283549047,0,0,0,0,0,0,0,0,0,0,0,0,0,0,0,0,0,0,0,0,0.004647076085168724,0,0,0,0,0,0,0,0,0,0,0,0,0,0,0,0,0,0.008729677280101477,0,0,0,0,0,0,0,0,0,0,0,0,0,0,0,0,0.0100560750764334,0,0,0,0,0,0.01002906676936039,0,0,0,0,0,0,0,0,0,0,0,0,0,0,0,0.008864267499944475,0,0,0,0,0,0,0,0,0,0,0,0,0,0,0,0,0,0,0,0.008133487129100607,0,0,0,0,0,0,0,0,0,0,0,0,0,0,0,0,0,0,0,0,0,0,0,0.008018397924081162,0,0,0,0,0,0,0,0,0,0,0,0,0,0,0,0,0,0,0,0,0,0,0,0,0,0,0,0,0,0,0,0,0,0,0,0,0,0,0,0,0,0,0,0,0,0,0,0,0,0,0,0,0,0,0,0,0,0,0,0,0,0,0,0,0,0,0,0,0,0,0,0,0,0,0,0,0,0,0,0,0,0,0,0,0,0,0,0,0,0,0,0,0,0,0,0,0,0,0,0,0,0,0,0,0,0,0,0,0,0,0,0,0,0.004191479607926141,0.007194538776351921,0,0,0.008153625791703131,0,0,0,0,0,0,0,0,0,0,0,0,0,0,0,0,0,0,0,0,0,0,0,0,0,0,0,0,0,0,0,0,0,0,0,0,0,0,0,0,0,0,0,0,0,0,0,0,0,0,0,0,0,0,0,0,0,0,0,0,0
0,0,0,0,0,0,0,0,0,0,0,0,0,0,0,0,0,0,0,0,0,0,0.001228744283871837,0,0,0,0,0,0,0,0,0,0,0,0,0,0,0,0,0,0,0,0,0,0,0,0,0,0,0,0,0,0,0,0,0,0,0,0,0,0,0,0,0,0,0,0,0,0,0,0,0,0,0,0,0,0,0,0,0,0,0,0,0,0,0,0,0,0,0,0,0,0,0,0,0,0,0,0,0,0,0,0,0,0,0,0,0,0,0,0,0,0,0,0,0,0,0,0,0,0,0,0,0,0,0,0,0,0,0,0,0,0,0,0,0,0,0,0,0,0,0,0,0,0,0,0,0,0,0,0,0,0,0,0,0,0,0,0,0,0,0,0,0,0,0,0,0,0,0,0,0,0,0,0,0,0,0,0,0,0,0,0,0,0,0,0,0,0,0,0,0,0,0,0,0,0,0,0,0,0,0,0,0,0,0,0,0,0,0,0,0,0,0,0,0,0,0,0,0,0,0,0,0,0,0,0,0,0,0,0,0,0,0,0,0,0,0,0,0,0,0,0,0,0,0,0,0,0,0,0,0,0,0,0,0,0,0,0,0,0,0,0,0,0,0,0,0,0,0,0,0,0,0,0,0,0,0,0,0,0,0,0,0,0,0,0,0,0,0,0,0,0,0,0,0,0,0,0,0,0,0,0,0,0,0,0,0,0,0,0,0,0,0,0,0,0,0,0,0,0,0,0,0,0,0,0,0,0,0,0,0,0,0,0,0,0,0,0,0,0,0,0,0,0,0,0,0,0,0,0,0,0,0,0,0,0,0,0,0,0,0,0,0,0,0,0,0,0,0,0,0,0,0,0,0,0,0,0,0,0,0,0,0,0,0,0,0,0,0,0,0,0,0,0,0,0,0,0,0,0,0,0,0,0,0,0,0,0,0,0,0,0,0,0,0,0,0,0,0,0,0,0,0,0,0,0,0
0,0,0,0,0,0,0,0,0,0,0,0,0,0,0,0,0,0,0,0,0,0,0,0,0,0,0,0,0,0,0,0,0,0,0,0,0,0,0,0,0,0,0,0,0,0,0,0,0,0,0,0,0,0,0,0,0,0,0,0,0,0,0,0,0,0,0,0,0,0,0,0,0,0,0,0,0,0,0,0,0,0,0,0,0,0,0,0,0,0,0,0,0,0,0,0,0,0,0,0,0,0.002818830789473399,0,0,0,0,0,0,0,0,0,0,0,0,0,0,0,0,0,0,0,0,0,0,0,0,0,0,0,0,0,0,0,0,0,0,0,0,0,0,0,0,0,0,0,0,0,0,0,0,0,0,0,0,0,0,0,0,0,0,0,0,0,0,0,0,0,0,0,0,0,0,0,0,0,0,0,0,0,0.004901890954316606,0,0,0,0,0,0,0,0,0,0.003192735426827266,0,0,0,0,0,0,0,0,0,0,0,0,0,0,0,0,0,0,0,0,0,0,0,0,0.002996995765466919,0,0,0,0,0,0,0,0,0,0,0,0,0,0,0,0,0,0,0,0,0,0,0,0,0,0,0,0,0,0,0,0,0,0,0,0,0,0,0,0,0,0,0,0,0,0,0,0,0,0,0,0,0,0,0,0,0,0,0,0,0,0,0,0,0,0,0,0,0,0,0,0,0,0,0,0,0,0,0,0,0,0,0,0,0,0,0,0,0,0,0,0,0,0,0,0,0,0,0,0,0,0,0,0,0,0,0,0,0,0,0,0,0,0,0,0,0,0,0,0,0,0,0,0,0,0,0,0,0,0,0,0,0,0,0,0,0,0,0,0,0,0,0,0,0,0,0,0,0,0.006047393422496843,0.002868615516725881,0.002646069091891005,0,0.003172572230631649,0.005136343662787602,0,0,0,0,0,0,0,0,0,0,0,0,0,0,0.005993429077827378,0.004960738798989222,0.003478365328643818,0.004129459766005117,0.003405535684085232,0.005988539211627205,0.005991221745327869,0,0,0,0,0,0,0,0,0,0,0,0,0,0,0,0,0,0.003185286604988448,0.004618697650121911,0.003434707969229858,0.00457610029567379,0.003602193907013813,0.004649504104609107,0.002528265704128119,0.00427919656369965,0,0,0,0,0,0,0,0,0,0,0,0
0,0,0,0,0,0,0,0,0,0,0,0,0,0,0,0,0,0,0,0,0,0,0,0,0,0,0,0,0,0,0,0,0,0,0,0,0,0,0,0,0,0,0.003812822535998084,0.004663432881527549,0,0,0,0,0,0,0,0,0.00381302581837245,0,0,0,0,0,0,0,0,0,0.003534674374340991,0,0,0,0,0,0,0,0,0,0,0.0036756432151616,0,0,0,0,0,0,0.004203739197629772,0,0,0,0,0,0,0,0,0,0,0,0,0,0,0,0,0,0,0,0.003389250839479521,0,0,0,0,0,0,0,0,0,0,0.002877163778763976,0,0,0.009317196039454889,0,0,0,0,0,0,0,0,0,0,0,0,0,0,0,0,0.003498381697661763,0,0,0,0,0,0.006329246934149926,0.003425650199252815,0,0,0,0.003379905596063121,0,0,0.003997496731151765,0,0,0,0,0,0,0,0,0.002901472749442819,0,0,0,0,0,0,0,0,0,0.00383859639898609,0,0,0,0,0,0,0,0,0.004050194336817262,0,0,0,0,0,0,0,0,0,0,0,0,0,0,0,0,0,0,0,0,0.003806664892181282,0,0,0,0,0,0,0,0,0,0,0,0,0,0,0,0,0,0,0,0,0.004345576868470705,0,0,0,0.003686117151385788,0,0,0,0,0,0,0,0,0,0,0,0,0,0,0,0,0,0,0,0,0,0,0,0,0,0,0,0,0,0,0,0,0,0,0,0,0,0,0,0,0,0,0.004777623329419618,0,0,0,0,0,0,0,0,0,0,0,0,0,0,0,0,0,0,0,0,0,0,0,0,0,0,0,0,0,0,0,0,0,0,0,0,0,0,0,0,0,0,0,0,0,0,0,0,0,0,0,0,0,0,0,0,0,0,0,0,0,0,0,0,0,0,0,0,0,0,0,0,0,0,0,0,0,0,0,0,0,0,0,0,0,0,0,0,0,0,0,0,0.006358155742213657,0,0,0,0,0,0,0,0,0,0.002960709778330503,0,0.003556216227679829,0.003054398237352668,0,0,0,0,0,0,0,0,0,0,0,0,0,0,0,0,0,0,0,0,0,0,0.004883301898478111,0,0,0,0,0,0,0,0,0,0,0,0,0,0,0,0,0.003378001666901418,0,0.00423610751088028,0,0,0,0,0,0,0,0,0,0,0,0,0,0,0,0,0
0,0,0,0,0,0,0,0,0,0,0,0,0,0,0,0,0,0,0,0,0,0,0,0,0,0,0,0,0,0.004267878427365058,0,0,0,0,0,0,0,0.003714819703722924,0,0,0,0,0,0,0.003268841803869763,0,0,0,0.00411088790763334,0,0,0,0,0.004527059585818545,0,0,0,0,0,0,0,0,0,0.004367260817126871,0,0,0,0,0,0,0,0,0,0,0,0,0,0,0,0,0,0,0,0,0,0,0,0,0,0,0,0,0,0,0,0,0,0,0,0,0,0,0.003585605444439964,0,0,0,0,0,0,0,0,0,0,0.00491375944778036,0,0,0,0,0,0,0,0,0,0,0,0,0,0,0,0,0,0,0,0,0,0,0,0,0,0,0.004230833381405584,0,0,0,0,0,0,0,0,0,0,0,0,0,0,0,0,0,0,0,0.003682196375070758,0,0,0,0,0,0,0,0,0,0,0,0,0,0,0,0,0,0,0,0,0.003174884819680158,0,0,0,0,0,0,0,0,0,0,0,0,0,0,0,0,0,0,0,0,0,0,0,0,0,0,0,0,0,0,0,0,0,0,0.004010897667380367,0,0,0,0,0,0,0,0,0,0,0,0,0,0,0,0,0,0,0,0,0,0,0,0,0,0,0,0,0,0,0,0,0,0,0.00372620705821471,0,0,0,0,0,0,0.003875620236535466,0,0,0,0.003076356154314437,0,0,0,0,0,0,0,0,0,0,0,0,0,0,0,0,0,0,0,0,0,0,0,0,0,0,0,0,0,0,0,0,0,0,0,0,0,0,0,0,0,0,0,0,0,0,0,0,0,0,0,0,0,0,0,0,0,0,0,0,0,0,0,0,0,0,0,0,0,0,0,0,0,0,0,0,0,0,0,0,0,0,0,0,0,0,0,0,0,0,0,0,0,0,0,0,0,0,0,0,0,0,0,0,0.003447585357607709,0,0,0,0,0,0,0,0,0,0,0,0,0,0,0,0,0,0,0,0,0,0,0,0,0,0,0,0,0,0,0,0,0,0,0,0,0,0,0,0,0,0,0,0,0,0,0,0,0,0,0,0,0,0,0,0,0,0,0,0
0,0,0,0,0,0,0,0,0,0,0,0,0,0,0,0,0,0,0,0,0,0.003999429728459016,0,0,0,0,0,0,0,0,0,0,0,0.004245578285195487,0.005237274025717668,0.004527532019263039,0,0,0,0,0,0,0,0,0,0,0,0,0,0.004214067006251497,0,0,0,0,0,0.005106072705355791,0,0,0,0,0,0,0,0,0,0,0.004014332331509787,0,0,0,0.005239827320472738,0,0,0,0,0,0,0,0,0,0,0.00530293306566662,0,0,0,0,0,0,0,0,0,0,0,0,0,0,0,0,0,0,0,0,0,0,0,0,0,0,0,0.004784054308973459,0,0,0,0,0,0,0,0.004454607362574575,0,0,0,0.004774508014188343,0,0,0,0,0,0,0,0,0,0,0,0,0,0,0,0,0,0.003958720083266013,0,0,0,0,0,0.004220269813271525,0,0,0,0,0,0,0,0,0,0,0,0,0,0,0,0,0,0,0,0,0,0,0,0,0,0,0,0,0,0,0,0,0,0,0,0,0,0,0,0,0,0,0,0,0,0,0,0,0,0,0,0,0,0,0,0,0,0,0,0,0,0,0,0,0,0,0,0,0,0,0,0,0,0,0.004334518865527218,0,0.00427736345620866,0,0,0,0.004664080590323788,0,0,0.004810586129949975,0,0,0.003949848956481975,0,0,0,0,0,0,0,0,0,0.004912680687682704,0,0.004834833807894403,0,0,0,0,0,0,0,0,0.004174510067648195,0.00442926545279696,0,0,0,0,0,0.00462116832790953,0,0,0,0,0,0,0,0,0,0,0,0,0,0,0,0,0,0,0,0,0,0,0,0,0,0,0,0,0,0,0,0,0,0,0,0,0,0,0,0,0,0,0,0,0,0,0,0,0,0,0,0,0,0,0,0,0,0,0,0,0,0,0,0,0,0,0,0,0,0,0,0,0,0,0,0,0,0,0,0.004199494420389468,0,0,0,0,0,0,0,0,0,0,0,0,0.00436752726713449,0.004220468912804868,0,0,0,0,0,0,0,0,0,0,0,0,0,0,0,0,0,0,0,0,0,0,0,0,0,0,0,0,0,0,0,0,0,0,0,0,0,0,0,0,0,0,0,0,0,0,0,0,0,0,0,0,0,0,0,0,0,0,0,0,0,0,0,0.004202140934467754,0,0,0,0,0,0,0.003898101631765552,0,0
0,0,0.003676820853055392,0,0,0,0,0,0,0,0,0,0,0,0,0,0,0.003375740410050277,0,0.003761380258954166,0,0,0,0,0,0,0.004036486626071954,0,0,0,0,0,0,0,0,0,0,0,0,0,0.003266311384564191,0,0,0,0,0,0,0,0,0,0,0,0,0,0,0,0,0,0,0.003350379047434907,0,0,0.003408266194726732,0,0.003505674880515797,0,0,0,0,0,0,0,0,0,0,0,0,0,0,0,0,0,0,0,0,0.003663351456856494,0,0,0,0,0,0.004285183182702984,0,0,0,0,0,0,0,0,0.003896728022020409,0,0,0,0,0,0,0,0,0,0,0,0,0,0,0,0,0,0,0,0,0,0,0,0,0,0,0,0,0,0,0.003123901950151029,0,0,0,0,0,0,0,0,0,0,0,0.003788034656732933,0,0,0,0,0,0,0,0,0,0,0,0,0,0,0,0,0,0,0,0,0,0,0,0,0,0,0,0,0,0,0,0,0,0,0.004273804291321667,0,0,0,0,0,0,0,0.004129143921750724,0,0,0,0.004514545481203102,0,0,0,0,0,0,0,0,0.003200104380596061,0,0,0,0,0,0,0,0,0,0,0,0,0,0.003945207817196521,0,0,0,0,0,0.003464306016224781,0,0,0,0,0,0,0,0,0,0,0,0,0,0,0,0,0,0,0,0,0,0,0,0,0,0,0,0,0,0,0,0,0,0,0,0,0.003438139784675429,0,0,0.003479352830336275,0,0.003448915508058034,0,0.0043582762120225,0,0,0,0,0,0,0,0,0,0,0,0,0,0,0,0,0,0.003728414589317292,0,0.003645429243799167,0,0,0,0,0,0,0,0,0,0,0,0,0,0,0,0,0,0,0,0,0,0,0,0,0,0,0,0,0,0,0,0,0,0,0,0,0,0,0,0,0,0,0,0,0,0,0,0,0,0,0,0,0,0,0,0,0,0,0,0,0,0,0,0,0,0,0,0,0,0,0,0,0,0,0,0,0,0,0,0,0,0,0,0,0,0,0,0,0,0,0,0,0,0,0,0,0.003679376828831679,0,0,0,0,0,0,0,0,0,0,0,0,0,0,0,0,0,0,0,0,0,0,0,0,0,0,0,0,0.003406894495365966,0,0,0,0,0,0,0,0,0,0,0,0,0,0,0,0,0,0
0,0,0.005766584057368226,0,0,0,0,0,0.004935118740860906,0,0,0,0,0,0,0,0,0,0.005215285117190917,0,0,0,0,0.007922587156548522,0,0,0,0.007218864161611882,0,0,0,0,0,0,0,0.006283251050376972,0,0,0,0,0,0,0,0,0,0,0.006168031817228596,0,0,0.006258978088134245,0.005326909912741384,0,0,0,0,0,0,0.005235659254845159,0.005227715234839692,0,0,0,0,0,0,0,0,0,0,0,0,0,0,0,0,0,0,0,0.01043692275038953,0,0,0,0.005381952880126968,0.00648041283784741,0,0,0,0,0.005243394379920109,0.005112545486187369,0,0,0,0,0,0,0,0,0,0,0,0,0,0,0,0,0,0,0,0,0,0,0.004999729949515125,0,0,0,0,0,0,0,0,0,0,0,0,0,0.00520402704723266,0,0,0,0.005695572426822657,0,0,0,0,0,0,0,0.005271615609321814,0,0,0,0.005255304406665382,0,0.005913137001100984,0,0,0,0,0,0,0,0,0,0,0,0,0,0,0,0,0,0,0,0,0,0,0.005178565133519745,0.005214672159353731,0,0,0,0,0,0,0,0,0,0,0,0,0,0,0,0,0,0,0,0,0,0,0,0,0,0,0,0,0,0,0,0,0,0,0,0,0,0,0.005200801572496229,0,0,0,0,0,0,0,0,0,0,0,0,0,0,0,0,0,0,0,0,0,0,0,0.006140327559598559,0,0,0,0,0,0.005183551710021606,0,0,0,0,0,0,0,0,0,0,0,0,0,0,0,0,0.005377929625361652,0,0,0,0,0.005203316974576648,0,0,0,0,0,0,0,0,0,0,0,0,0,0,0,0,0,0,0,0,0,0,0,0,0,0,0,0,0,0,0,0,0,0,0,0,0,0,0,0,0,0,0,0,0,0,0,0,0,0,0,0,0,0,0,0,0,0,0,0,0,0,0,0,0,0,0,0,0,0,0,0,0,0,0,0,0,0,0,0,0,0,0,0,0,0,0,0,0,0,0,0,0,0,0,0,0,0,0,0,0,0,0,0,0,0,0,0,0,0,0,0,0,0,0,0,0,0,0,0,0,0.005317763279856579,0,0,0,0,0,0,0,0,0,0,0,0,0,0,0,0,0,0,0,0,0,0,0,0,0,0,0,0,0,0,0,0,0,0,0,0,0,0,0,0,0,0,0,0,0,0
0,0,0,0,0.004895941479548584,0,0,0,0,0,0,0.004488034709859597,0,0,0,0,0,0,0,0,0,0,0,0,0.003881211825551451,0,0,0,0,0,0,0,0,0,0,0,0,0,0,0,0,0,0,0,0,0,0,0,0,0,0,0,0,0,0,0,0,0,0,0,0.005328932458586335,0.004069218579365312,0,0,0,0.005503573033508267,0,0,0,0,0,0,0,0,0,0,0,0,0,0,0,0,0,0,0,0,0,0,0,0,0,0,0,0,0,0,0,0,0,0,0,0,0,0,0,0,0,0,0,0,0,0,0,0,0,0,0,0,0,0,0,0,0,0,0.004692872592929876,0,0,0,0,0,0,0,0.004691126230046637,0,0,0,0,0,0,0,0,0,0,0,0,0,0.004499780592594201,0,0.005471948535310231,0,0,0,0.00469112549497165,0,0,0,0,0,0,0,0,0,0,0,0,0,0,0.004757785814299052,0,0,0.004772921485840889,0,0,0,0,0,0,0,0,0,0,0,0,0,0,0,0,0,0,0,0,0,0,0,0,0,0,0,0,0,0,0,0,0,0,0,0,0,0,0,0,0,0,0,0,0,0,0,0,0,0,0.004402181646417857,0,0,0,0.004107870029149989,0.004719895354677674,0.004470858315471388,0.004839656910013841,0,0,0,0,0,0,0,0.003684990784416066,0,0,0,0,0,0,0,0,0.004158073249915178,0.004710264378850712,0,0,0,0,0,0,0,0,0.004427712419515215,0,0,0,0,0,0,0,0,0.004690492593139473,0.004870039269758102,0,0,0,0,0,0,0,0,0,0,0,0,0,0,0,0,0,0,0,0,0,0,0,0,0,0,0,0,0,0,0,0,0,0,0,0,0,0,0,0,0,0,0,0,0,0,0,0,0,0,0,0,0,0,0,0,0,0,0,0,0,0,0,0,0,0,0,0,0,0,0,0,0.00423624053020869,0,0,0,0,0,0,0,0,0,0,0,0,0,0,0,0,0,0,0,0,0,0,0,0,0,0,0,0,0,0,0,0,0,0,0,0,0,0,0,0,0,0,0,0,0.005874418810935855,0,0,0,0,0,0,0,0,0,0,0,0,0,0,0,0,0,0,0,0,0,0,0,0,0,0,0,0,0,0,0,0,0,0.005059404091239633,0,0.004994148337911007,0,0,0,0,0,0,0,0
0,0,0,0,0,0,0,0,0,0,0,0,0,0,0,0,0,0,0,0,0,0,0,0,0,0,0,0,0,0,0,0,0,0,0,0,0,0,0,0,0,0,0,0,0,0,0,0,0,0,0,0,0,0,0,0,0,0,0,0,0,0,0,0,0,0,0,0,0,0,0,0,0,0,0,0,0,0,0,0,0,0,0,0,0,0,0,0,0,0,0,0,0,0,0,0,0,0,0,0,0,0,0,0,0,0,0,0,0,0,0,0,0,0,0,0,0,0,0,0,0,0,0,0,0,0,0,0,0,0,0,0,0,0,0,0,0,0,0,0,0,0,0,0,0,0,0,0,0,0,0,0,0,0,0,0,0,0,0,0,0,0,0,0,0,0,0,0,0,0,0,0,0,0,0,0,0,0,0,0,0,0,0,0,0,0,0,0,0,0,0,0,0,0,0,0,0,0,0,0,0,0,0,0,0,0,0,0,0,0,0,0,0,0,0,0,0,0,0,0,0,0,0,0,0,0,0,0,0,0,0,0,0,0,0,0,0,0,0,0,0,0,0,0,0,0,0,0,0,0,0,0,0,0,0,0,0,0,0,0,0,0,0,0,0,0,0,0,0.003358284238516625,0,0.002979906516873339,0,0,0.005542695071441678,0.005427100279759539,0.005540281101081731,0.004802642025732422,0.004803017144685217,0.004797555780330587,0.004726035543327108,0,0,0,0,0,0,0,0,0,0,0,0,0,0,0,0,0,0.005655143461643907,0.005655143461643907,0,0,0,0,0,0,0,0,0,0,0,0,0,0,0,0,0,0,0,0,0,0,0,0,0,0,0,0,0,0,0,0,0,0,0,0,0,0,0,0,0,0,0,0,0,0,0,0,0,0,0,0,0,0,0,0,0,0,0,0,0,0,0,0,0,0,0,0,0,0,0,0,0,0,0,0,0,0,0,0,0,0,0,0,0,0,0,0,0,0,0,0,0,0.006217512814617202,0.005399462425021156,0.005401688626875869,0.004650174314974032,0.004660378142242468,0.004583250280952599,0.004590884714824659,0.00459046143065411,0,0,0,0.004429404551609874,0.004426934417091292,0.004762378399249151,0.004763219807674532,0,0,0,0,0,0,0,0,0,0,0,0,0,0,0,0,0,0,0,0,0
0,0,0,0,0,0,0,0,0,0,0,0,0,0,0,0,0,0,0,0,0,0,0,0,0,0,0,0.002765010603211162,0,0,0,0,0,0,0,0,0,0,0,0,0,0,0,0,0,0,0.003612870273093345,0,0,0,0,0,0,0,0,0,0,0,0,0.004838809183367279,0,0,0,0,0,0,0,0,0,0,0,0,0,0,0,0,0,0,0,0.005421056338870878,0,0,0,0,0,0,0,0,0,0,0,0,0,0,0,0,0,0,0,0,0.005230382541162775,0,0,0,0,0,0,0,0,0,0,0,0,0,0,0,0,0,0,0,0,0,0,0,0,0,0.002804153851916618,0,0,0,0.003044796476795406,0.004881582429582718,0,0,0,0,0,0,0,0,0,0,0,0.005063212564913249,0.002881599044672523,0,0,0.003036380145659165,0,0,0,0,0,0,0,0,0,0.002888179883814127,0,0,0,0,0,0,0.003991335161134043,0,0,0,0,0,0,0,0,0,0,0,0,0,0.006173936759546288,0,0,0,0,0,0,0,0,0,0,0,0.006305029687677625,0,0,0,0,0,0,0,0,0,0,0,0,0,0,0,0,0,0,0,0,0,0,0,0,0,0,0,0,0,0,0,0,0,0,0,0,0,0,0,0,0.003552724116933744,0,0,0,0,0,0,0,0,0,0,0,0,0,0,0,0,0,0,0,0,0,0,0,0,0.005991816271224661,0,0,0.005431632655868457,0,0,0,0.006472364410847009,0,0,0,0,0,0,0,0,0,0,0,0,0,0,0,0,0,0,0,0,0,0,0,0,0,0,0,0,0,0,0,0,0,0,0,0,0,0,0,0,0,0,0,0,0,0,0,0,0,0,0,0,0,0,0,0,0,0,0,0,0,0,0,0,0,0,0,0,0,0,0,0,0,0,0,0,0,0,0,0,0,0,0,0,0,0,0,0,0,0,0,0,0,0,0,0,0,0,0.002860722977327587,0,0,0.003100485949247481,0,0,0,0,0,0,0,0,0,0,0.003679376828831679,0,0,0,0,0,0,0,0,0,0,0,0,0,0,0,0,0,0,0,0,0,0,0,0,0,0,0,0,0,0,0,0,0,0,0,0,0,0,0,0,0,0,0,0,0,0,0,0,0,0,0
0,0,0.005821374309100926,0,0,0,0,0,0,0,0,0,0,0,0,0,0,0,0.005310157772575279,0,0,0,0,0,0,0,0,0,0,0,0,0,0,0,0,0,0,0,0,0,0,0,0,0,0.005167838065948069,0,0,0.005259896988852443,0.005607840516477345,0,0.009705332459154449,0,0,0,0,0.003671116141842069,0,0.008293822420459295,0,0,0,0,0,0,0,0,0,0,0,0,0,0,0,0,0,0,0,0,0.005298001468803286,0,0,0,0,0,0,0,0,0,0,0,0,0,0,0,0.003725928716573884,0,0,0,0,0,0,0,0,0,0,0,0,0,0,0,0,0,0.007904531450645515,0,0,0,0,0,0,0,0,0,0,0,0,0,0,0,0,0,0,0,0,0,0.005471742206294771,0.003987138592158182,0.007120367494287612,0,0.005304328370427526,0,0,0,0.005470889214450717,0.004846243122339703,0,0,0,0,0,0,0,0,0,0,0,0,0.00362843294551569,0,0.006072908636103382,0,0,0,0,0,0,0,0,0.005231011539845678,0.005305134105959643,0,0,0,0,0,0,0,0,0,0,0,0,0.005157578611376423,0,0,0,0,0,0,0,0,0,0,0,0,0,0,0,0,0,0,0,0,0,0,0,0,0,0.005345953704043164,0,0,0,0,0,0,0,0,0,0,0,0,0,0,0,0,0,0,0,0,0,0,0,0,0,0,0,0,0,0.005147773503168255,0,0,0,0,0,0,0,0,0,0,0,0,0,0,0,0,0,0,0,0,0,0.005168396173129071,0,0,0,0,0,0,0,0,0,0,0,0,0,0,0,0,0,0,0,0,0,0,0,0,0,0,0,0,0,0,0,0,0,0,0,0,0,0,0,0,0,0,0,0,0,0,0,0,0,0,0,0,0,0,0,0,0,0,0,0,0,0,0,0,0,0,0,0,0,0,0,0,0,0,0,0,0,0,0,0,0,0,0,0,0,0,0,0,0,0,0,0,0,0,0,0,0,0,0,0.004156189442246464,0,0,0,0,0,0,0,0,0,0,0,0,0,0,0,0,0,0.005317763279856579,0,0,0,0,0,0,0,0,0,0,0,0,0,0,0,0,0,0,0,0,0,0,0,0,0,0,0,0,0,0,0,0,0,0,0,0,0,0,0,0,0,0,0,0,0,0,0,0,0,0
0,0,0,0,0,0,0,0,0,0,0,0,0,0,0,0,0,0,0,0,0,0,0,0,0,0,0,0,0,0,0,0,0,0,0,0,0,0,0,0,0,0,0,0,0,0,0,0,0,0,0,0,0,0,0,0,0,0,0,0,0,0,0,0,0,0,0,0,0,0,0,0,0,0,0,0,0,0,0,0,0,0,0,0,0.003736292181458908,0,0,0,0,0,0,0,0,0,0,0,0,0,0,0,0,0,0,0,0,0,0,0.003223927711784787,0,0,0,0,0,0,0,0,0,0,0,0,0,0,0,0,0,0,0,0,0,0,0,0,0,0,0,0,0,0,0,0,0,0,0,0,0,0,0,0,0,0,0,0,0,0,0,0,0,0,0,0,0,0,0,0,0,0,0,0,0,0,0,0.01145439100033729,0,0,0,0,0,0,0,0,0.006999581665485637,0,0,0,0,0,0,0.00195576163244283,0,0,0,0,0,0,0,0,0,0,0,0,0,0,0,0,0,0,0,0,0,0,0,0,0,0,0,0,0,0.01104215352928527,0,0,0,0,0,0,0,0,0,0,0,0,0,0,0,0,0,0,0,0,0,0,0,0,0,0,0,0,0,0,0,0,0,0,0,0,0,0,0,0,0,0,0,0,0,0,0,0,0,0,0,0,0,0,0,0,0,0,0,0,0,0,0,0,0,0,0,0,0,0,0.01119037788860216,0.01180619977798909,0,0,0,0,0,0,0,0,0,0,0,0,0,0,0,0,0,0,0,0,0,0,0,0,0,0,0,0,0,0,0,0,0,0,0,0,0,0,0,0,0,0,0,0,0,0,0,0,0,0,0,0,0,0,0,0,0,0,0,0,0,0,0.01015802193041523,0,0,0,0,0,0,0,0,0,0,0,0,0,0,0,0,0,0,0,0,0,0,0,0,0,0,0,0,0,0,0,0,0,0,0,0,0,0,0,0,0,0,0,0,0,0,0,0,0,0,0,0,0,0,0,0,0,0,0,0,0,0,0,0,0,0,0,0,0,0,0,0,0,0,0
0,0,0,0,0.004871809181838411,0,0,0,0,0,0,0.004849153927598587,0,0,0,0,0,0,0,0,0,0,0,0,0.003431193057768054,0,0,0,0,0,0,0,0,0,0,0,0,0,0,0,0,0,0,0,0,0,0,0,0,0,0,0,0,0,0,0,0,0,0,0,0.005589795798897214,0.003898133537348027,0,0,0,0.005341960758331673,0,0,0,0,0,0,0,0,0,0,0,0,0,0,0,0,0,0,0,0,0,0,0,0,0,0,0,0,0,0,0,0,0,0,0,0,0,0,0,0,0,0,0,0,0,0,0,0,0,0,0,0,0,0,0,0,0,0,0.004822139414053434,0,0,0,0,0,0,0,0.005315456578006149,0,0,0,0,0,0,0,0,0,0,0,0,0,0.004355928675616169,0,0.005601125959246857,0,0,0,0.004820353637650401,0,0,0,0,0,0,0,0,0,0,0,0,0,0,0.00488870637695438,0,0,0.005236550083828072,0,0,0,0,0,0,0,0,0,0,0,0,0,0,0,0,0,0,0,0,0,0,0,0,0,0,0,0,0,0,0,0,0,0,0,0,0,0,0,0,0,0,0,0,0,0,0,0,0,0.003829667400124791,0.004663274240882279,0,0,0,0.004566947262523555,0.00485345243185121,0.004732592731045841,0.004969127524743065,0,0,0,0,0,0,0,0.003455613819470919,0,0,0,0,0,0,0,0,0.003953803271296818,0.004971278960644386,0,0,0,0,0,0,0,0,0.00461513248089721,0,0,0,0,0,0,0,0,0.00486436360907674,0.005060343713213697,0.004167070805316238,0,0,0,0,0,0,0,0,0,0,0,0,0,0,0,0,0,0,0,0,0,0,0,0,0,0,0,0,0,0,0,0,0,0,0,0,0,0,0,0,0,0,0,0,0,0,0,0,0,0,0,0,0,0,0,0,0,0,0,0,0,0,0,0,0,0,0,0,0,0,0,0.004673862885824324,0,0,0,0,0,0,0,0,0,0,0,0,0,0,0,0,0,0,0,0,0,0,0,0,0,0,0,0,0,0,0,0,0,0,0,0,0,0,0,0.005874418810935855,0,0,0,0,0,0,0,0,0,0,0,0,0,0,0,0,0,0,0,0,0,0,0,0,0,0,0,0,0,0,0,0,0,0,0,0,0,0,0.005289425416333553,0,0.005255574428303943,0,0,0,0,0,0,0,0
0,0,0,0,0,0,0,0,0,0,0,0,0,0,0,0,0,0.00265902970494766,0,0,0,0,0,0,0,0,0,0,0,0,0,0,0,0,0,0,0,0,0,0,0,0,0,0,0,0,0,0,0,0,0,0,0,0,0,0,0,0,0,0,0,0,0,0,0,0,0,0,0,0,0,0,0,0,0,0,0,0,0,0,0,0,0,0,0,0,0,0,0,0,0,0,0,0,0,0,0,0,0,0,0,0,0,0,0,0,0,0,0,0,0,0,0,0,0,0,0,0,0,0,0,0,0,0,0,0,0,0,0,0,0,0,0,0,0,0,0,0,0,0,0,0,0,0,0,0,0,0,0,0,0,0,0,0,0,0,0,0,0,0,0,0,0,0,0,0,0,0,0,0,0,0,0.003118670625117941,0,0,0,0,0,0,0,0,0,0,0,0,0,0,0,0,0,0,0,0,0,0,0,0,0,0,0.002927770370426006,0,0,0,0,0,0,0,0,0,0,0,0,0,0,0,0,0,0,0,0,0,0,0,0,0,0,0,0,0,0,0.003008041344668029,0,0,0.004391799290036205,0,0,0,0,0,0,0,0,0,0,0,0,0,0,0,0,0,0,0,0,0,0,0,0,0,0,0,0,0,0,0,0,0,0,0,0,0,0,0,0,0,0,0,0,0,0,0,0,0,0.002865299407516603,0,0,0,0,0,0,0,0,0,0,0,0,0,0,0,0,0,0,0,0,0,0,0,0,0,0,0,0,0,0,0,0,0,0,0,0,0,0,0,0,0,0,0,0,0,0.003642383035677806,0.003647235920187801,0.003974250241911665,0,0,0,0,0,0,0,0,0,0,0,0,0,0,0,0.003135291543174905,0,0,0,0,0,0,0,0,0,0,0,0,0,0,0,0,0.007934977917932668,0,0,0,0,0.003458960922347728,0,0,0.005993429077827378,0,0,0,0,0,0,0,0,0,0,0,0,0.003202589774618392,0,0,0.00454349754360298,0.008570248366871557,0.007651289074497844,0,0,0,0,0,0,0,0,0,0,0,0,0,0,0,0,0,0,0.007513776458003121,0,0.007259519364257588,0.002826868627352482,0.003261405183520531,0,0,0,0,0,0,0,0,0,0,0,0,0,0
0,0,0,0,0,0,0,0,0,0,0,0,0,0,0,0,0,0,0,0,0,0,0,0,0,0,0,0,0,0,0,0,0,0,0,0,0,0,0,0,0,0,0,0,0,0,0,0,0,0,0,0,0,0,0,0,0,0,0,0,0,0,0,0,0,0,0,0,0,0,0,0,0,0,0,0,0,0,0,0,0,0,0,0,0,0,0,0,0,0,0,0.003210775869108332,0,0,0,0,0,0,0,0,0,0,0,0,0,0,0,0.003714844448027964,0,0,0,0,0,0,0,0,0,0,0,0,0,0,0,0,0,0,0,0,0,0,0,0,0,0,0,0,0,0,0,0,0,0,0,0,0,0,0,0.003422448463422308,0,0,0,0,0,0,0,0,0,0,0,0,0,0,0,0,0,0,0,0,0,0,0,0,0,0,0,0,0,0,0,0.006749280171507778,0,0,0,0.003911517260097769,0,0,0,0,0,0,0,0,0,0,0,0,0,0,0,0.002952840872191882,0,0,0,0,0.003660653191025199,0,0,0,0,0,0,0,0,0,0,0,0,0,0,0,0,0,0,0,0,0,0,0,0,0,0,0,0,0,0,0,0,0,0,0,0,0,0,0,0,0,0,0,0,0,0,0,0,0,0,0,0,0,0,0,0,0.003279089069874509,0,0,0,0,0,0,0,0,0,0,0,0,0,0,0,0,0,0,0,0.002914830738293211,0,0,0,0,0,0,0,0,0,0,0,0,0,0,0,0,0,0,0,0,0,0,0,0,0,0,0,0,0,0,0,0,0,0,0,0,0,0,0,0,0,0,0,0,0,0,0,0,0,0,0,0,0,0,0,0,0,0,0,0,0,0,0,0,0,0.002805758975213847,0,0,0,0,0,0,0,0,0,0,0,0,0,0,0,0,0,0.003030801771548658,0,0,0.005982193784532979,0.007287637279770556,0,0,0.004960738798989222,0,0,0,0,0,0,0,0,0,0,0,0.003202589774618392,0,0.006925751563031834,0.006193334554440745,0.004445285453471613,0.003246111978502481,0.003387076506821025,0,0,0,0,0,0,0,0,0,0,0,0,0,0,0,0,0,0.006483632822015556,0.003498597894117491,0.003222050267616473,0,0.005309536174782298,0.006368526692463388,0,0.005910869551655023,0,0,0,0,0,0,0,0,0,0,0,0
0,0,0,0,0,0,0,0,0,0,0,0,0,0,0,0,0,0,0,0,0,0,0,0,0,0,0,0,0,0,0,0,0,0,0,0,0,0,0,0,0,0,0,0,0,0,0,0,0,0,0,0,0,0,0,0,0,0,0,0,0,0,0.003153603141224285,0,0,0,0,0,0,0,0,0,0,0,0,0,0,0,0,0,0,0,0,0,0,0,0,0,0,0,0,0,0,0,0,0,0,0,0,0,0,0.002981742836670582,0,0,0,0,0,0.002854399416777177,0,0,0,0,0,0,0.006012495074271861,0,0,0,0,0,0,0,0,0,0,0,0,0,0,0,0,0,0,0,0,0,0,0,0,0,0,0,0,0,0,0,0,0,0,0,0,0,0,0,0,0,0,0,0,0,0,0,0,0,0,0,0,0,0,0,0,0,0,0.003503415848868756,0,0,0,0,0,0.005181973903128483,0,0,0,0.003558077461282778,0,0,0,0,0,0,0,0,0,0,0,0,0,0,0,0,0,0,0,0,0.003065233482677501,0,0,0,0,0,0,0,0,0,0,0.002915576855286408,0,0,0,0,0,0,0,0,0,0,0,0,0,0,0,0,0,0,0,0,0,0,0,0,0,0,0,0,0,0,0,0,0,0,0,0,0,0,0,0,0,0,0,0,0,0,0.00279145889416792,0,0,0,0,0,0,0,0,0,0,0,0,0,0,0,0,0,0,0,0,0,0,0,0,0,0,0,0,0,0,0,0,0,0,0,0,0,0,0,0,0,0,0,0,0,0,0,0,0,0,0,0,0,0,0,0,0,0,0,0,0,0,0,0,0,0,0,0,0,0,0,0,0,0,0,0,0,0,0,0,0,0,0,0,0.002508250662453435,0,0,0,0,0,0,0,0,0,0,0,0,0,0,0,0,0,0.003676625742253027,0,0.002538968065721462,0.007692692916557939,0.006643351716866192,0,0,0.003478365328643818,0,0,0,0,0,0,0,0,0,0,0,0,0.006925751563031834,0,0.00558650449314347,0.003715408389203375,0,0,0.003485892138646298,0,0,0,0,0,0,0,0,0,0,0,0,0,0,0,0,0.00683086909807534,0,0.004544096723432737,0,0.00456512996960731,0.005866092650312691,0,0.005912442979492193,0,0,0,0,0,0,0,0,0,0,0,0
0,0,0,0,0,0,0,0,0,0,0,0,0,0,0,0,0,0.002861777497885763,0,0,0,0,0,0,0,0,0,0,0,0,0,0,0,0,0,0,0,0,0,0,0,0,0,0,0,0,0,0,0,0,0,0,0,0,0,0,0,0,0,0,0,0,0,0,0.002662458359383144,0,0,0,0,0,0,0,0,0,0,0,0,0,0,0,0,0,0,0,0,0,0,0,0,0,0,0,0.002955316109211792,0,0,0,0,0,0,0,0,0.003203132409478794,0,0,0,0,0,0,0,0,0,0,0,0,0,0,0,0,0,0,0,0,0,0,0,0,0,0,0,0,0,0,0,0,0,0,0,0,0,0,0,0,0,0,0,0,0,0,0,0,0,0,0,0,0,0,0,0,0,0,0,0,0,0,0,0,0,0,0,0,0,0,0.003099595859118508,0,0,0,0,0,0,0.004678677799506576,0,0,0,0,0.002469934800609797,0,0,0,0,0,0.003233683169173439,0,0,0,0,0,0,0,0,0,0,0,0,0,0,0,0,0,0,0,0,0,0,0,0,0.002667311093190383,0,0,0,0,0,0,0,0,0,0,0,0,0,0,0,0,0,0,0,0,0,0,0,0,0,0,0,0,0,0,0,0,0,0,0,0,0,0,0,0,0,0,0,0,0,0,0,0.002594976045609324,0,0,0,0,0,0,0,0,0,0,0,0,0,0,0,0,0,0,0,0,0,0,0,0,0,0,0,0,0,0,0,0,0,0,0,0,0,0,0,0,0,0,0,0,0,0,0,0,0,0,0,0,0,0,0,0,0,0,0,0,0,0,0,0,0,0,0,0,0,0,0,0,0,0,0,0,0,0,0,0,0,0,0,0,0,0,0,0,0,0,0,0,0,0,0,0,0,0,0,0,0,0.004104615837699242,0,0,0.005678847901732289,0.007236980035271039,0,0,0.004129459766005117,0,0,0,0,0,0,0,0,0,0,0,0,0.006193334554440745,0.00558650449314347,0,0.003491691857155809,0,0,0,0,0,0,0,0,0,0,0,0,0,0,0,0,0,0,0,0.005066429455035652,0,0,0,0.007169538646543703,0.006593468214331814,0.003868581709444137,0.00629220969397409,0,0,0,0,0,0,0,0,0,0,0,0
0,0,0,0,0,0,0,0,0,0,0,0,0,0,0,0,0,0,0,0,0,0,0,0,0,0,0,0,0,0,0,0,0,0,0,0,0,0,0,0,0,0,0,0,0,0,0.002657770034997925,0,0,0,0,0,0,0,0,0,0,0,0,0,0,0,0,0,0,0,0,0,0,0,0,0,0,0,0,0,0,0,0,0,0,0,0,0,0,0,0,0,0,0,0,0,0,0,0,0,0,0,0,0,0,0,0,0,0,0,0,0,0,0,0,0,0,0,0,0,0,0,0,0,0,0,0,0,0,0,0.003144358723390895,0,0,0,0,0,0,0,0,0,0,0,0,0,0,0,0,0,0,0,0,0,0,0,0,0,0,0,0,0,0,0,0,0,0,0,0,0,0,0,0,0,0,0,0,0,0,0,0,0,0,0,0,0.002443630641241137,0,0,0,0,0,0,0,0,0,0,0,0,0,0,0,0,0,0,0,0,0,0,0,0,0,0,0,0,0,0,0,0,0,0,0,0,0,0,0,0,0,0,0,0,0,0,0,0,0,0,0,0,0,0.004950456585347525,0,0,0,0,0,0,0,0,0,0,0,0,0,0,0,0,0,0,0,0,0,0,0,0,0,0,0,0,0,0,0,0,0,0,0,0,0,0,0,0,0,0,0,0,0,0,0,0,0,0,0,0,0,0,0,0,0,0,0,0,0,0,0,0,0,0,0,0,0,0,0,0,0,0,0,0,0,0,0,0,0,0,0,0,0,0,0,0,0,0,0,0,0,0,0,0.004824164619039373,0.004831317836156118,0.004076452534893442,0,0,0,0,0,0,0,0,0,0,0,0,0,0,0,0,0,0,0,0,0,0,0,0,0,0,0,0,0,0,0,0.002938485606307534,0.004076356866211225,0,0,0,0.004068615284871306,0.003854084781676783,0,0,0.003405535684085232,0,0,0,0,0,0,0,0,0,0,0,0.00454349754360298,0.004445285453471613,0.003715408389203375,0.003491691857155809,0,0.005714960200187195,0.005435721872212716,0,0,0,0,0,0,0,0,0,0,0,0,0,0,0,0,0,0.004008448439045287,0.003403463470004627,0,0.005605606229830697,0.003256931283123584,0.003280924851619499,0,0.003850338676331749,0,0,0,0,0,0,0,0,0,0,0,0
0,0,0,0,0,0,0,0,0,0,0,0,0,0,0,0,0,0,0,0,0,0,0,0,0,0,0,0,0,0,0,0,0,0,0,0,0,0,0,0,0,0,0,0,0,0,0,0,0,0,0,0,0,0,0,0,0,0,0,0,0,0,0,0,0,0,0,0,0,0,0,0,0,0,0,0,0,0,0,0,0,0,0,0,0,0,0,0,0,0,0,0,0,0,0,0,0,0,0,0,0,0,0,0,0,0,0,0,0,0,0,0,0,0,0,0,0,0,0,0,0,0,0,0,0,0,0.002897374575751805,0,0,0,0,0,0,0,0,0,0,0,0,0,0,0,0,0,0,0,0,0,0,0,0,0,0,0,0,0,0,0,0,0,0,0,0,0,0,0,0,0,0,0,0,0,0.003178093564609653,0,0,0,0,0,0,0,0,0,0,0,0,0,0,0,0,0,0,0,0,0,0,0,0,0,0,0,0,0,0,0,0,0,0,0,0,0,0,0,0,0,0,0,0,0,0,0,0,0,0,0,0,0,0,0,0,0,0.002707302184822035,0,0,0.005450126723580489,0,0,0,0,0,0,0,0,0,0,0,0,0,0,0,0,0,0,0,0,0,0,0,0,0,0,0,0,0,0,0,0,0,0,0,0,0,0,0,0,0,0,0,0,0,0,0,0,0,0,0,0,0,0,0,0,0,0,0,0,0,0,0,0,0,0,0,0,0,0,0,0,0,0,0,0,0,0,0,0,0,0,0,0,0,0,0,0,0,0,0,0,0,0,0,0.00510086048694206,0.005108386900629288,0.005024021512612328,0,0,0,0,0,0,0,0,0,0,0,0,0,0,0,0,0,0,0,0,0,0,0,0,0,0,0,0,0,0,0,0,0.008164444699004091,0,0,0,0,0.003263135814570795,0,0,0.005988539211627205,0,0,0,0,0,0,0,0,0,0,0,0.008570248366871557,0.003246111978502481,0,0,0.005714960200187195,0,0.009413770285315351,0,0,0,0,0,0,0,0,0,0,0,0,0,0,0,0,0,0,0.006177300391327981,0,0.007535453557402594,0,0,0,0.002808915211464974,0,0,0,0,0,0,0,0,0,0,0,0
0,0,0,0,0,0,0,0,0,0,0,0,0,0,0,0,0,0,0,0,0,0,0,0,0,0,0,0,0,0,0,0,0,0,0,0,0,0,0,0,0,0,0,0,0,0,0,0,0,0,0,0,0,0,0,0,0,0,0,0,0,0,0,0,0,0,0,0,0,0,0,0,0,0,0,0,0,0,0,0,0,0,0,0,0,0,0,0,0,0,0,0,0,0,0,0,0,0,0,0,0,0,0,0,0,0,0,0,0,0,0,0,0,0,0,0,0,0,0,0,0,0,0,0,0,0,0.00336080170328992,0,0,0,0,0,0,0,0,0,0,0,0,0,0,0,0,0,0,0,0,0,0,0,0,0,0,0,0,0,0,0,0,0,0,0,0,0,0,0,0,0,0,0,0,0,0.003163022514069152,0,0,0,0,0,0,0,0,0,0,0,0,0,0,0,0,0,0,0,0,0,0,0,0,0,0,0,0,0,0,0,0,0,0,0,0,0,0,0,0,0,0,0,0,0,0,0,0,0,0,0,0,0,0,0,0,0,0,0,0,0.00512383568380472,0,0,0,0,0,0,0,0.002857034132016176,0,0,0,0,0,0,0,0,0,0,0,0,0,0,0,0,0,0,0,0,0,0,0,0,0,0,0,0,0,0,0,0,0,0,0,0,0,0,0,0,0,0,0,0,0,0,0,0,0,0,0,0,0,0,0,0,0,0,0,0,0,0,0,0,0,0,0,0,0,0,0,0,0,0,0,0,0,0,0,0,0,0,0,0,0,0,0,0.004890194375183002,0.004897317361417304,0.004452978767220922,0,0,0,0,0,0,0,0,0,0,0,0,0,0,0,0,0,0,0,0,0,0,0,0,0,0,0,0,0,0.003346581474741136,0,0,0.008540154332919245,0,0,0,0,0.003289928375933822,0,0,0.005991221745327869,0,0,0,0,0,0,0,0,0,0,0,0.007651289074497844,0.003387076506821025,0,0,0.005435721872212716,0.009413770285315351,0,0,0,0,0,0,0,0,0,0,0,0,0,0,0,0,0,0,0,0.006168392316671408,0.003039175736521888,0.008148387197314661,0,0.002523262747659429,0,0.002684705088546385,0,0,0,0,0,0,0,0,0,0,0,0
0,0,0,0,0,0,0,0,0,0,0,0,0,0,0,0,0,0,0,0,0,0,0,0,0,0,0,0,0,0,0,0,0,0,0,0,0,0,0,0,0,0,0,0.003497522681425023,0,0,0,0,0,0,0,0,0,0,0,0,0,0,0,0,0,0,0.004070845572768976,0,0,0,0,0,0,0,0,0,0,0,0,0,0,0,0,0,0,0,0,0,0,0,0,0,0,0,0,0,0,0,0,0,0,0,0,0,0,0,0,0,0,0,0,0,0,0,0,0,0,0,0.008515581424352471,0,0,0,0,0,0,0,0,0,0,0,0,0,0,0,0,0,0,0,0,0,0,0.004896165583850674,0.00379298666926567,0,0,0,0,0,0,0.003882878845229146,0,0,0,0,0,0,0,0,0,0,0,0,0,0,0,0,0,0,0,0,0,0,0,0,0,0,0,0.00466662814105406,0,0,0,0,0,0,0,0,0,0,0.002775986750095977,0,0,0,0,0,0,0,0,0,0,0,0,0,0,0,0,0,0,0,0,0,0,0,0,0,0,0,0,0,0,0.00515744253561224,0,0,0,0,0,0,0,0,0,0,0,0,0,0,0,0,0,0,0,0,0,0,0,0,0,0,0,0,0,0,0,0,0,0,0,0,0,0,0,0,0,0,0,0,0,0,0.004678244045910419,0,0,0,0,0,0,0,0,0,0,0,0,0,0,0,0,0,0,0,0.002539214282045298,0,0,0,0,0,0,0,0,0,0,0,0,0,0,0,0,0,0,0,0,0,0,0,0,0,0,0,0,0,0,0,0,0,0,0,0,0,0,0,0,0,0,0,0,0,0,0,0,0,0,0,0,0,0,0,0,0,0,0,0,0,0,0,0,0,0,0,0,0,0,0,0,0.004928524499445272,0,0,0,0,0,0,0,0,0,0.00409897374106844,0,0.00385825403389678,0.003676214225604483,0,0,0,0,0.004883301898478111,0,0,0,0,0,0,0,0,0,0,0,0,0.003485892138646298,0,0,0,0,0,0,0,0,0,0,0,0,0,0,0,0,0,0,0,0,0,0.0033675453669729,0,0.004511033091576454,0,0,0,0,0.002957476296386312,0,0,0,0,0,0,0,0,0,0,0,0
0,0,0,0,0,0,0,0,0,0,0,0,0,0,0,0,0,0,0,0,0,0,0,0,0,0,0,0,0,0,0,0,0,0,0,0,0,0,0,0,0,0,0,0,0,0,0,0,0,0,0,0,0,0,0,0,0,0,0,0,0,0,0,0,0,0,0,0,0,0,0,0,0,0,0,0,0,0,0,0,0,0,0,0,0,0,0,0,0,0,0,0,0,0,0,0,0,0,0,0,0,0,0,0,0,0,0,0,0,0,0,0,0,0,0,0,0,0,0,0,0,0,0,0,0,0,0,0,0,0,0,0,0,0,0,0,0,0,0,0,0,0,0,0,0,0,0,0,0,0,0,0,0,0,0,0,0,0,0,0,0,0,0,0,0,0,0,0,0,0,0,0,0,0,0,0,0,0,0,0,0,0,0,0,0,0,0,0,0,0,0,0,0,0,0,0,0,0,0,0,0,0,0,0,0,0,0,0,0,0,0,0,0,0,0,0,0,0,0,0,0,0,0,0,0,0,0,0,0,0,0,0,0,0,0,0,0,0,0,0,0,0,0,0,0,0,0,0,0,0,0,0,0,0,0,0,0,0,0,0,0,0,0,0,0,0,0,0,0,0,0,0,0,0.006347284191391319,0.00620265780197031,0.006344831456575966,0.005420063020000839,0.00542621072896461,0.005421206293697774,0.005361664621354961,0.004990026996136748,0,0,0,0,0,0,0,0,0,0,0,0,0,0,0,0,0.006282076980192173,0.006282076980192172,0,0,0,0,0,0,0,0,0,0,0,0,0,0,0,0,0,0,0,0,0,0,0,0,0,0,0,0,0,0,0,0,0,0,0,0,0,0,0,0,0,0,0,0,0,0,0,0,0,0,0,0,0,0,0,0,0,0,0,0,0,0,0,0,0,0,0,0,0,0,0,0,0,0,0,0,0,0,0,0,0.006217512814617202,0,0,0,0,0,0,0,0,0,0,0,0,0,0.006458687938853523,0.006460950076540946,0.005540966248815681,0.005532411520678832,0.005473513994812774,0.005481005503450391,0.005480590143638127,0,0,0,0.005227131149864088,0.005224887614640768,0.005694037092224388,0.00557108241231896,0.004399997066321021,0,0,0,0,0,0,0,0,0,0,0,0,0,0,0,0,0,0,0,0
0,0,0,0,0,0,0,0,0,0,0,0,0,0,0,0,0,0,0,0,0,0,0,0,0,0,0,0,0,0,0,0,0,0,0,0,0,0,0,0,0,0,0,0,0,0,0,0,0,0,0,0,0,0,0,0,0,0,0,0,0,0,0,0,0,0,0,0,0,0,0,0,0,0,0,0,0,0,0,0,0,0,0,0,0,0,0,0,0,0,0,0,0,0,0,0,0,0,0,0,0,0,0,0,0,0,0,0,0,0,0,0,0,0,0,0,0,0,0,0,0,0,0,0,0,0,0,0,0,0,0,0,0,0,0,0,0,0,0,0,0,0,0,0,0,0,0,0,0,0,0,0,0,0,0,0,0,0,0,0,0,0,0,0,0,0,0,0,0,0,0,0,0,0,0,0,0,0,0,0,0,0,0,0,0,0,0,0,0,0,0,0,0,0,0,0,0,0,0,0,0,0,0,0,0,0,0,0,0,0,0,0,0,0,0,0,0,0,0,0,0,0,0,0,0,0,0,0,0,0,0,0,0,0,0,0,0,0,0,0,0,0,0,0,0,0,0,0,0,0,0,0,0,0,0,0,0,0,0,0,0,0,0,0,0,0,0,0,0,0,0,0,0,0.006877468106482803,0.006753977750346024,0.006875020665443706,0.005948479348639365,0.005958670361837354,0.00595389860649157,0.005890164751530192,0.005518201996538722,0,0,0,0,0,0,0,0,0,0,0,0,0,0,0,0,0.006812406331317128,0.006812406331317128,0,0,0,0,0,0,0,0,0,0,0,0,0,0,0,0,0,0,0.003905026675917432,0,0.003905026675917432,0,0,0,0,0,0,0,0,0,0,0,0,0,0,0,0,0,0,0,0,0,0,0,0,0,0,0,0,0,0,0,0,0,0,0,0,0,0,0,0,0,0,0,0,0,0,0,0,0,0,0,0,0,0,0,0,0,0,0,0.005399462425021156,0,0,0,0,0,0,0,0,0,0,0,0,0.006458687938853523,0,0.007573435403588423,0.006651709887575455,0.006643094309835429,0.006584287908041971,0.006591757700729587,0.006591343544938216,0.005436527895808584,0.005341299779564023,0.005329623560725621,0.006207009936233092,0.006204912953083649,0.006462631070460815,0.006672421181211002,0.005089152838215503,0,0,0,0,0,0,0,0,0,0,0,0,0,0,0,0,0,0,0,0
0,0,0,0,0,0,0,0,0,0,0,0,0,0,0,0,0,0,0,0,0,0,0,0,0,0,0,0,0,0,0,0,0,0,0,0,0,0,0,0,0,0,0,0,0,0,0,0,0,0,0,0,0,0,0,0,0,0,0,0,0,0,0,0,0,0,0,0,0,0,0,0,0,0,0,0,0,0,0,0,0,0,0,0,0,0,0,0,0,0,0,0,0,0,0,0,0,0,0,0,0,0,0,0,0,0,0,0,0,0,0,0,0,0,0,0,0,0,0,0,0,0,0,0,0,0,0,0,0,0,0,0,0,0,0,0,0,0,0,0,0,0,0,0,0,0,0,0,0,0,0,0,0,0,0,0,0,0,0,0,0,0,0,0,0,0,0,0,0,0,0,0,0,0,0,0,0,0,0,0,0,0,0,0,0,0,0,0,0,0,0,0,0,0,0,0,0,0,0,0,0,0,0,0,0,0,0,0,0,0,0,0,0,0,0,0,0,0,0,0,0,0,0,0,0,0,0,0,0,0,0,0,0,0,0,0,0,0,0,0,0,0,0,0,0,0,0,0,0,0,0,0,0,0,0,0,0,0,0,0,0,0,0,0,0,0,0,0,0,0,0,0,0,0.006879725152750718,0.006756238697102765,0.006877277711711621,0.005950349541431363,0.005960540795091691,0.005955768997810323,0.005892014109319983,0.005519888360023267,0,0,0,0,0,0,0,0,0,0,0,0,0,0,0,0,0.006814643539189331,0.006814643539189329,0,0,0,0,0,0,0,0,0,0,0,0,0,0,0,0,0,0,0.003905991189266021,0,0.003905991189266021,0,0.003876004193087437,0,0,0,0,0.003876004193087437,0,0,0,0,0,0,0,0,0,0,0,0,0,0,0,0,0,0,0,0,0,0,0,0,0,0,0,0,0,0,0,0,0,0,0,0,0,0,0,0,0,0,0,0,0,0,0,0,0,0,0,0,0.005401688626875869,0,0,0,0,0,0,0,0,0,0,0,0,0.006460950076540946,0.007573435403588423,0,0.006653597337107644,0.00664496497295988,0.006586137724543558,0.006593607517231173,0.006593193361439802,0.005437898142170556,0.005342670297384325,0.005330994078532275,0.006208627030163344,0.006206530047306492,0.00646449405726939,0.006464168429548322,0.005090619074712776,0,0,0,0,0,0,0,0,0,0,0,0,0,0,0,0,0,0,0,0
0,0,0,0,0,0,0,0,0,0,0,0,0,0,0,0,0,0,0,0,0,0,0,0,0,0,0,0,0,0,0,0,0,0,0,0,0,0,0,0,0,0,0,0,0,0,0,0,0,0,0,0,0,0,0,0,0,0,0,0,0,0,0,0,0,0,0,0,0,0,0,0,0,0,0,0,0,0,0,0,0,0,0,0,0,0,0,0,0,0,0,0,0,0,0,0,0,0,0,0,0,0,0,0,0,0,0,0,0,0,0,0,0,0,0,0,0,0,0,0,0,0,0,0,0,0,0,0,0,0,0,0,0,0,0,0,0,0,0,0,0,0,0,0,0,0,0,0,0,0,0,0,0,0,0,0,0,0,0,0,0,0,0,0,0,0,0,0,0,0,0,0,0,0,0,0,0,0,0,0,0,0,0,0,0,0,0,0,0,0,0,0,0,0,0,0,0,0,0,0,0,0,0,0,0,0,0,0,0,0,0,0,0,0,0,0,0,0,0,0,0,0,0,0,0,0,0,0,0,0,0,0,0,0,0,0,0,0,0,0,0,0,0,0,0,0,0,0,0,0,0,0,0,0,0,0,0,0,0,0,0,0,0,0,0,0,0,0,0,0,0,0,0,0.005960414864565831,0.005836714568911579,0.005958367187055089,0.006746276566909898,0.006755951392107045,0.006750170465823161,0.006601251241994329,0.006255832067126252,0,0,0,0,0,0,0,0,0,0,0,0,0,0,0,0,0.006183148438666217,0.006183148438666216,0,0,0,0,0,0,0,0,0,0,0,0,0,0,0,0,0,0,0,0,0,0.00404684218862803,0.004050499931516377,0,0.00404684218862803,0,0,0.004050499931516377,0,0,0,0,0,0,0,0,0,0,0,0,0,0,0,0,0,0,0,0,0,0,0,0,0,0,0,0,0,0,0,0,0,0,0,0,0,0,0,0,0,0,0,0,0,0,0,0,0,0,0,0,0.004650174314974032,0,0,0,0,0,0,0,0,0,0,0,0,0.005540966248815681,0.006651709887575455,0.006653597337107644,0,0.007439834119699983,0.00729415786698952,0.00730292232194611,0.007302436384794936,0.005924295409305778,0.005829586581379599,0.005817888979306285,0.005796837069974224,0.005794957376133347,0.006302696641243388,0.00605957876772876,0.005554827003536314,0,0,0,0,0,0,0,0,0,0,0,0,0,0,0,0,0,0,0,0
0,0,0,0,0,0,0,0,0,0,0,0,0,0,0,0,0,0,0,0,0,0,0,0,0,0,0,0,0,0,0,0,0,0,0,0,0,0,0,0,0,0,0,0,0,0,0,0,0,0,0,0,0,0,0,0,0,0,0,0,0,0,0,0,0,0,0,0,0,0,0,0,0,0,0,0,0,0,0,0,0,0,0,0,0,0,0,0,0,0,0,0,0,0,0,0,0,0,0,0,0,0,0,0,0,0,0,0,0,0,0,0,0,0,0,0,0,0,0,0,0,0,0,0,0,0,0,0,0,0,0,0,0,0,0,0,0,0,0,0,0,0,0,0,0,0,0,0,0,0,0,0,0,0,0,0,0,0,0,0,0,0,0,0,0,0,0,0,0,0,0,0,0,0,0,0,0,0,0,0,0,0,0,0,0,0,0,0,0,0,0,0,0,0,0,0,0,0,0,0,0,0,0,0,0,0,0,0,0,0,0,0,0,0,0,0,0,0,0,0,0,0,0,0,0,0,0,0,0,0,0,0,0,0,0,0,0,0,0,0,0,0,0,0,0,0,0,0,0,0,0,0,0,0,0,0,0,0,0,0,0,0,0,0,0,0,0,0,0,0,0,0,0,0.005952003585677513,0.005828267105483875,0.005949974007452098,0.006881504710437457,0.006891155046822105,0.006885250115822246,0.006570444941704678,0.006213095165072549,0,0,0,0,0,0,0,0,0,0,0,0,0,0,0,0,0.006207095213948903,0.006207095213948902,0,0,0,0,0,0,0,0,0,0,0,0,0,0,0,0,0,0.003794760142494288,0,0,0,0,0,0,0,0,0,0,0,0,0,0,0,0,0,0,0,0,0,0,0,0,0,0,0,0,0,0,0,0,0,0,0,0,0,0,0,0,0,0,0,0,0,0,0,0,0,0,0,0,0,0,0,0,0,0,0,0,0,0,0.004660378142242468,0,0,0,0,0,0,0,0,0,0,0,0,0.005532411520678832,0.006643094309835429,0.00664496497295988,0.007439834119699983,0,0.007263127473050268,0.007271777848202277,0.007271298236101036,0.005855306660506565,0.005760535902801079,0.005748839362191468,0.005530112912466259,0.005528401369211291,0.006277367332487744,0.006020210417884381,0.005487968207462263,0,0,0,0,0,0,0,0,0,0,0,0,0,0,0,0,0,0,0,0
0,0,0,0,0,0,0,0,0,0,0,0,0,0,0,0,0,0,0,0,0,0,0,0,0,0,0,0,0,0,0,0,0,0,0,0,0,0,0,0,0,0,0,0,0,0,0,0,0,0,0,0,0,0,0,0,0,0,0,0,0,0,0,0,0,0,0,0,0,0,0,0,0,0,0,0,0,0,0,0,0,0,0,0,0,0,0,0,0,0,0,0,0,0,0,0,0,0,0,0,0,0,0,0,0,0,0,0,0,0,0,0,0,0,0,0,0,0,0,0,0,0,0,0,0,0,0,0,0,0,0,0,0,0,0,0,0,0,0,0,0,0,0,0,0,0,0,0,0,0,0,0,0,0,0,0,0,0,0,0,0,0,0,0,0,0,0,0,0,0,0,0,0,0,0,0,0,0,0,0,0,0,0,0,0,0,0,0,0,0,0,0,0,0,0,0,0,0,0,0,0,0,0,0,0,0,0,0,0,0,0,0,0,0,0,0,0,0,0,0,0,0,0,0,0,0,0,0,0,0,0,0,0,0,0,0,0,0,0,0,0,0,0,0,0,0,0,0,0,0,0,0,0,0,0,0,0,0,0,0,0,0,0,0,0,0,0,0,0,0,0,0,0,0.005892648657217524,0.005769037439680733,0.005890641912587065,0.006569369326274516,0.006579132122736749,0.006573678054751688,0.006855362470450601,0.006368758125327745,0,0,0,0,0,0,0,0,0,0,0,0,0,0,0,0,0.006110106239344033,0.006110106239344033,0,0,0,0,0,0,0,0,0,0,0,0,0,0,0,0,0,0,0,0,0,0,0,0,0,0,0,0,0,0,0,0,0,0,0,0,0,0,0,0,0,0,0,0,0,0,0,0,0,0,0,0,0,0,0,0,0,0,0,0,0,0,0,0,0,0,0,0,0,0,0,0,0,0,0,0,0,0,0,0,0.004583250280952599,0,0,0,0,0,0,0,0,0,0,0,0,0.005473513994812774,0.006584287908041971,0.006586137724543558,0.00729415786698952,0.007263127473050268,0,0.007557940502314861,0.007557432619825035,0.006089508605917771,0.005994917451526307,0.005983109980995499,0.005741202307253395,0.005739364669110312,0.006301900876649861,0.006299916303981828,0.005251973009323431,0,0,0,0,0,0,0,0,0,0,0,0,0,0,0,0,0,0,0,0
0,0,0,0,0,0,0,0,0,0,0,0,0,0,0,0,0,0,0,0,0,0,0,0,0,0,0,0,0,0,0,0,0,0,0,0,0,0,0,0,0,0,0,0,0,0,0,0,0,0,0,0,0,0,0,0,0,0,0,0,0,0,0,0,0,0,0,0,0,0,0,0,0,0,0,0,0,0,0,0,0,0,0,0,0,0,0,0,0,0,0,0,0,0,0,0,0,0,0,0,0,0,0,0,0,0,0,0,0,0,0,0,0,0,0,0,0,0,0,0,0,0,0,0,0,0,0,0,0,0,0,0,0,0,0,0,0,0,0,0,0,0,0,0,0,0,0,0,0,0,0,0,0,0,0,0,0,0,0,0,0,0,0,0,0,0,0,0,0,0,0,0,0,0,0,0,0,0,0,0,0,0,0,0,0,0,0,0,0,0,0,0,0,0,0,0,0,0,0,0,0,0,0,0,0,0,0,0,0,0,0,0,0,0,0,0,0,0,0,0,0,0,0,0,0,0,0,0,0,0,0,0,0,0,0,0,0,0,0,0,0,0,0,0,0,0,0,0,0,0,0,0,0,0,0,0,0,0,0,0,0,0,0,0,0,0,0,0,0,0,0,0,0,0.005900119034105919,0.005776523128777713,0.005898112289475461,0.006578020088193979,0.006587783582569113,0.00658232952921149,0.006864523245919246,0.00637705805964984,0,0,0,0,0,0,0,0,0,0,0,0,0,0,0,0,0.006117974452250137,0.006117974452250137,0,0,0,0,0,0,0,0,0,0,0,0,0,0,0,0,0,0,0,0,0,0,0,0,0,0,0,0,0,0,0,0,0,0,0,0,0,0,0,0,0,0,0,0,0,0,0,0,0,0,0,0,0,0,0,0,0,0,0,0,0,0,0,0,0,0,0,0,0,0,0,0,0,0,0,0,0,0,0,0,0.004590884714824659,0,0,0,0,0,0,0,0,0,0,0,0,0.005481005503450391,0.006591757700729587,0.006593607517231173,0.00730292232194611,0.007271777848202277,0.007557940502314861,0,0.00756659288508683,0.006096195349309433,0.006001605304742956,0.005989797603877078,0.005747027894592836,0.005745190256545856,0.006309182530146114,0.006307180323652177,0.005258197910868317,0,0,0,0,0,0,0,0,0,0,0,0,0,0,0,0,0,0,0,0
0,0,0,0,0,0,0,0,0,0,0,0,0,0,0,0,0,0,0,0,0,0,0,0,0,0,0,0,0,0,0,0,0,0,0,0,0,0,0,0,0,0,0,0,0,0,0,0,0,0,0,0,0,0,0,0,0,0,0,0,0,0,0,0,0,0,0,0,0,0,0,0,0,0,0,0,0,0,0,0,0,0,0,0,0,0,0,0,0,0,0,0,0,0,0,0,0,0,0,0,0,0,0,0,0,0,0,0,0,0,0,0,0,0,0,0,0,0,0,0,0,0,0,0,0,0,0,0,0,0,0,0,0,0,0,0,0,0,0,0,0,0,0,0,0,0,0,0,0,0,0,0,0,0,0,0,0,0,0,0,0,0,0,0,0,0,0,0,0,0,0,0,0,0,0,0,0,0,0,0,0,0,0,0,0,0,0,0,0,0,0,0,0,0,0,0,0,0,0,0,0,0,0,0,0,0,0,0,0,0,0,0,0,0,0,0,0,0,0,0,0,0,0,0,0,0,0,0,0,0,0,0,0,0,0,0,0,0,0,0,0,0,0,0,0,0,0,0,0,0,0,0,0,0,0,0,0,0,0,0,0,0,0,0,0,0,0,0,0,0,0,0,0,0.005899704845924073,0.005776108091624531,0.005897698101293615,0.006577540454648772,0.006587303910328766,0.00658184985616014,0.006864015335141469,0.006376597877418384,0,0,0,0,0,0,0,0,0,0,0,0,0,0,0,0,0.00611753820641587,0.006117538206415869,0,0,0,0,0,0,0,0,0,0,0,0,0,0,0,0,0,0,0,0,0,0,0,0,0,0,0,0,0,0,0,0,0,0,0,0,0,0,0,0,0,0,0,0,0,0,0,0,0,0,0,0,0,0,0,0,0,0,0,0,0,0,0,0,0,0,0,0,0,0,0,0,0,0,0,0,0,0,0,0,0.00459046143065411,0,0,0,0,0,0,0,0,0,0,0,0,0.005480590143638127,0.006591343544938216,0.006593193361439802,0.007302436384794936,0.007271298236101036,0.007557432619825035,0.00756659288508683,0,0.006095824608966711,0.006001234502867007,0.005989426814771846,0.005746704900256088,0.005744867262203782,0.006308778805559322,0.006306777576756658,0.005257852776922391,0,0,0,0,0,0,0,0,0,0,0,0,0,0,0,0,0,0,0,0
0,0,0,0,0,0,0,0,0,0,0,0,0,0,0,0,0,0,0,0,0,0,0,0,0,0,0,0,0,0,0,0,0,0,0,0,0,0,0,0,0,0,0,0,0,0,0,0,0,0,0,0,0,0,0,0,0,0,0,0,0,0,0,0,0,0,0,0,0,0,0,0,0,0,0,0,0,0,0,0,0,0,0,0,0,0,0,0,0,0,0,0,0,0,0,0,0,0,0,0,0,0,0,0,0,0,0,0,0,0,0,0,0,0,0,0,0,0,0,0,0,0,0,0,0,0,0,0,0,0,0,0,0,0,0,0,0,0,0,0,0,0,0,0,0,0,0,0,0,0,0,0,0,0,0,0,0,0,0,0,0,0,0,0,0,0,0,0,0,0,0,0,0,0,0,0,0,0,0,0,0,0,0,0,0,0,0,0,0,0,0,0,0,0,0,0,0,0,0,0,0,0,0,0,0,0,0,0,0,0,0,0,0,0,0,0,0,0,0,0,0,0,0,0,0,0,0,0,0,0,0,0,0,0,0,0,0,0,0,0,0,0,0,0,0,0,0,0,0,0,0,0,0,0,0,0,0,0,0,0,0,0,0,0,0,0,0,0,0,0,0,0,0,0.004744057992745743,0.004621670433546707,0.004742571081286107,0.00516092020890105,0.005171435842734749,0.005167728379544758,0.005395239540640854,0.00552170925700762,0,0,0,0,0,0,0,0,0,0,0,0,0,0,0,0,0.004558354674349702,0.004558354674349702,0,0,0,0,0,0,0,0,0,0,0,0,0,0,0,0,0,0,0.005037180838775478,0,0.005037180838775478,0.005042597617434376,0.004828649042829676,0.004641958264994662,0.005042597617434376,0,0,0.004828649042829676,0,0.004674282188362941,0,0,0,0,0,0,0,0,0,0,0,0,0,0,0,0,0,0,0,0,0,0,0,0,0,0,0,0,0,0,0,0,0,0,0,0,0,0,0,0,0,0,0,0,0,0,0,0,0,0,0,0,0,0,0,0,0,0,0,0,0,0,0,0,0.005436527895808584,0.005437898142170556,0.005924295409305778,0.005855306660506565,0.006089508605917771,0.006096195349309433,0.006095824608966711,0,0.007432752829860684,0.007420862650323622,0,0,0.005628283450179347,0.005623544994904426,0.005369515692555445,0,0,0,0,0,0,0,0,0,0,0,0,0,0,0,0,0,0,0,0
0,0,0,0,0,0,0,0,0,0,0,0,0,0,0,0,0,0,0,0,0,0,0,0,0,0,0,0,0,0,0,0,0,0,0,0,0,0,0,0,0,0,0,0,0,0,0,0,0,0,0,0,0,0,0,0,0,0,0,0,0,0,0,0,0,0,0,0,0,0,0,0,0,0,0,0,0,0,0,0,0,0,0,0,0,0,0,0,0,0,0,0,0,0,0,0,0,0,0,0,0,0,0,0,0,0,0,0,0,0,0,0,0,0,0,0,0,0,0,0,0,0,0,0,0,0,0,0,0,0,0,0,0,0,0,0,0,0,0,0,0,0,0,0,0,0,0,0,0,0,0,0,0,0,0,0,0,0,0,0,0,0,0,0,0,0,0,0,0,0,0,0,0,0,0,0,0,0,0,0,0,0,0,0,0,0,0,0,0,0,0,0,0,0,0,0,0,0,0,0,0,0,0,0,0,0,0,0,0,0,0,0,0,0,0,0,0,0,0,0,0,0,0,0,0,0,0,0,0,0,0,0,0,0,0,0,0,0,0,0,0,0,0,0,0,0,0,0,0,0,0,0,0,0,0,0,0,0,0,0,0,0,0,0,0,0,0,0,0,0,0,0,0,0.00474917175294224,0.004626478188255968,0.004747684496831066,0.005166484406329075,0.005177000257531819,0.005173291913981345,0.005400984517201742,0.005527607230971851,0,0,0,0,0,0,0,0,0,0,0,0,0,0,0,0,0.004563294692637394,0.004563294692637394,0,0,0,0,0,0,0,0,0,0,0,0,0,0,0,0,0,0,0.005042161704070014,0,0.005042161704070014,0.005047518289187487,0.004833373357741203,0.004646464228828194,0.005047518289187487,0,0,0.004833373357741202,0,0.004678409346017046,0,0,0,0,0,0,0,0,0,0,0,0,0,0,0,0,0,0,0,0,0,0,0,0,0,0,0,0,0,0,0,0,0,0,0,0,0,0,0,0,0,0,0,0,0,0,0,0,0,0,0,0,0,0,0,0,0,0,0,0,0,0,0,0,0.005341299779564023,0.005342670297384325,0.005829586581379599,0.005760535902801079,0.005994917451526307,0.006001605304742956,0.006001234502867007,0.007432752829860684,0,0.007428139998039488,0,0,0.005634006678991066,0.005629170715435687,0.005374754870421833,0,0,0,0,0,0,0,0,0,0,0,0,0,0,0,0,0,0,0,0
0,0,0,0,0,0,0,0,0,0,0,0,0,0,0,0,0,0,0,0,0,0,0,0,0,0,0,0,0,0,0,0,0,0,0,0,0,0,0,0,0,0,0,0,0,0,0,0,0,0,0,0,0,0,0,0,0,0,0,0,0,0,0,0,0,0,0,0,0,0,0,0,0,0,0,0,0,0,0,0,0,0,0,0,0,0,0,0,0,0,0,0,0,0,0,0,0,0,0,0,0,0,0,0,0,0,0,0,0,0,0,0,0,0,0,0,0,0,0,0,0,0,0,0,0,0,0,0,0,0,0,0,0,0,0,0,0,0,0,0,0,0,0,0,0,0,0,0,0,0,0,0,0,0,0,0,0,0,0,0,0,0,0,0,0,0,0,0,0,0,0,0,0,0,0,0,0,0,0,0,0,0,0,0,0,0,0,0,0,0,0,0,0,0,0,0,0,0,0,0,0,0,0,0,0,0,0,0,0,0,0,0,0,0,0,0,0,0,0,0,0,0,0,0,0,0,0,0,0,0,0,0,0,0,0,0,0,0,0,0,0,0,0,0,0,0,0,0,0,0,0,0,0,0,0,0,0,0,0,0,0,0,0,0,0,0,0,0,0,0,0,0,0,0.004739596981028394,0.004619158856730666,0.004738109724932266,0.005156889216791038,0.005167405101531875,0.005163696789681246,0.005391278505551779,0.005517906323222475,0,0,0,0,0,0,0,0,0,0,0,0,0,0,0,0,0.004553722158875657,0.004553722158875657,0,0,0,0,0,0,0,0,0,0,0,0,0,0,0,0,0,0,0.005032271879174022,0,0.005032271879174022,0.005037619999285932,0.004823477178995011,0.004636571700776535,0.005037619999285932,0,0,0.00482347717899501,0,0.004668476895903936,0,0,0,0,0,0,0,0,0,0,0,0,0,0,0,0,0,0,0,0,0,0,0,0,0,0,0,0,0,0,0,0,0,0,0,0,0,0,0,0,0,0,0,0,0,0,0,0,0,0,0,0,0,0,0,0,0,0,0,0,0,0,0,0,0.005329623560725621,0.005330994078532275,0.005817888979306285,0.005748839362191468,0.005983109980995499,0.005989797603877078,0.005989426814771846,0.007420862650323622,0.007428139998039488,0,0,0,0.005622198496256783,0.005617357031734978,0.005471260071588784,0,0,0,0,0,0,0,0,0,0,0,0,0,0,0,0,0,0,0,0
0,0,0,0,0,0,0,0,0,0,0,0,0,0,0,0,0,0,0,0,0,0,0,0,0,0,0,0,0,0,0,0,0,0,0,0,0,0,0,0,0,0,0,0,0,0,0,0,0,0,0,0,0,0,0,0,0,0,0,0,0,0,0,0,0,0,0,0,0,0,0,0,0,0,0,0,0,0,0,0,0,0,0,0,0,0,0,0,0,0,0,0,0,0,0,0,0,0,0,0,0,0,0,0,0,0,0,0,0,0,0,0,0,0,0,0,0,0,0,0,0,0,0,0,0,0,0,0,0,0,0,0,0,0,0,0,0,0,0,0,0,0,0,0,0,0,0,0,0,0,0,0,0,0,0,0,0,0,0,0,0,0,0,0,0,0,0,0,0,0,0,0,0,0,0,0,0,0,0,0,0,0,0,0,0,0,0,0,0,0,0,0,0,0,0,0,0,0,0,0,0,0,0,0,0,0,0,0,0,0,0,0,0,0,0,0,0,0,0,0,0,0,0,0,0,0,0,0,0,0,0,0,0,0,0,0,0,0,0,0,0,0,0,0,0,0,0,0,0,0,0,0,0,0,0,0,0,0,0,0,0,0,0,0,0,0,0,0,0,0,0,0,0,0.005625530573917006,0.005515570152069466,0.005623776937209659,0.004948048960596549,0.004958794967979136,0.00495558490505927,0.005159745880869219,0.004544686888526221,0,0,0,0,0,0,0,0,0,0,0,0,0,0,0,0,0.005757110787283417,0.005757110787283416,0,0,0,0,0,0,0,0,0,0,0,0,0,0,0,0,0,0.003980591514898501,0,0.003804715685234403,0,0,0,0,0,0,0,0,0,0,0,0,0,0,0,0,0,0,0,0,0,0,0,0,0,0,0,0,0,0,0,0,0,0,0,0,0,0,0,0,0,0,0,0,0,0,0,0,0,0,0,0,0,0,0,0,0,0,0,0,0.004429404551609874,0,0,0,0,0,0,0,0,0,0,0,0,0.005227131149864088,0.006207009936233092,0.006208627030163344,0.005796837069974224,0.005530112912466259,0.005741202307253395,0.005747027894592836,0.005746704900256088,0,0,0,0,0.008085980165075807,0.005923637159865299,0.005921488184714899,0.004360179356193658,0,0,0,0,0,0,0,0,0.004141582993333475,0,0,0,0,0,0,0,0,0,0,0
0,0,0,0,0,0,0,0,0,0,0,0,0,0,0,0,0,0,0,0,0,0,0,0,0,0,0,0,0,0,0,0,0,0,0,0,0,0,0,0,0,0,0,0,0,0,0,0,0,0,0,0,0,0,0,0,0,0,0,0,0,0,0,0,0,0,0,0,0,0,0,0,0,0,0,0,0,0,0,0,0,0,0,0,0,0,0,0,0,0,0,0,0,0,0,0,0,0,0,0,0,0,0,0,0,0,0,0,0,0,0,0,0,0,0,0,0,0,0,0,0,0,0,0,0,0,0,0,0,0,0,0,0,0,0,0,0,0,0,0,0,0,0,0,0,0,0,0,0,0,0,0,0,0,0,0,0,0,0,0,0,0,0,0,0,0,0,0,0,0,0,0,0,0,0,0,0,0,0,0,0,0,0,0,0,0,0,0,0,0,0,0,0,0,0,0,0,0,0,0,0,0,0,0,0,0,0,0,0,0,0,0,0,0,0,0,0,0,0,0,0,0,0,0,0,0,0,0,0,0,0,0,0,0,0,0,0,0,0,0,0,0,0,0,0,0,0,0,0,0,0,0,0,0,0,0,0,0,0,0,0,0,0,0,0,0,0,0,0,0,0,0,0,0.005623384791650012,0.005513360537540108,0.00562163115462545,0.004946288508921752,0.004957034156881119,0.004953824081276947,0.005157859084268322,0,0,0,0,0,0,0,0,0,0,0,0,0,0,0,0,0,0.00575488158713456,0.00575488158713456,0,0,0,0,0,0,0,0,0,0,0,0,0,0,0,0,0,0.003979511083281533,0,0.003803582577965255,0,0,0,0,0,0,0,0,0,0,0,0,0,0,0,0,0,0,0,0,0,0,0,0,0,0,0,0,0,0,0,0,0,0,0,0,0,0,0,0,0,0,0,0,0,0,0,0,0,0,0,0,0,0,0,0,0,0,0,0,0.004426934417091292,0,0,0,0,0,0,0,0,0,0,0,0,0.005224887614640768,0.006204912953083649,0.006206530047306492,0.005794957376133347,0.005528401369211291,0.005739364669110312,0.005745190256545856,0.005744867262203782,0,0,0,0.008085980165075807,0,0.005921664171682059,0.005919520361255903,0.004358844964071754,0,0,0,0,0,0,0,0,0.004139548101854876,0,0,0,0,0,0,0,0,0,0,0
0,0,0,0,0,0,0,0,0,0,0,0,0,0,0,0,0,0,0,0,0,0,0,0,0,0,0,0,0,0,0,0,0,0,0,0,0,0,0,0,0,0,0,0,0,0,0,0,0,0,0,0,0,0,0,0,0,0,0,0,0,0,0,0,0,0,0,0,0,0,0,0,0,0,0,0,0,0,0,0,0,0,0,0,0,0,0,0,0,0,0,0,0,0,0,0,0,0,0,0,0,0,0,0,0,0,0,0,0,0,0,0,0,0,0,0,0,0,0,0,0,0,0,0,0,0,0,0,0,0,0,0,0,0,0,0,0,0,0,0,0,0,0,0,0,0,0,0,0,0,0,0,0,0,0,0,0,0,0,0,0,0,0,0,0,0,0,0,0,0,0,0,0,0,0,0,0,0,0,0,0,0,0,0,0,0,0,0,0,0,0,0,0,0,0,0,0,0,0,0,0,0,0,0,0,0,0,0,0,0,0,0,0,0,0,0,0,0,0,0,0,0,0,0,0,0,0,0,0,0,0,0,0,0,0,0,0,0,0,0,0,0,0,0,0,0,0,0,0,0,0,0,0,0,0,0,0,0,0,0,0,0,0,0,0,0,0,0,0.003942918272975672,0,0,0,0,0.005883122469537939,0.005866890858040208,0.005881101056064594,0.005696368878225092,0.005706433054480084,0.005702026062906216,0.005721337189236547,0.005433111150875207,0,0,0,0,0,0,0,0,0,0,0,0,0,0,0,0,0.00604422756411957,0.00604422756411957,0,0,0,0,0,0,0,0,0,0,0,0,0,0,0,0,0,0,0.003900858039102804,0,0.003900858039102804,0,0,0,0,0,0,0,0,0,0,0,0,0,0,0,0,0,0,0,0,0,0,0,0,0,0,0,0,0,0,0,0,0,0,0,0,0,0,0,0,0,0,0,0,0,0,0,0,0,0,0,0,0,0,0,0,0,0,0,0.004762378399249151,0,0,0,0,0,0,0,0,0,0,0,0,0.005694037092224388,0.006462631070460815,0.00646449405726939,0.006302696641243388,0.006277367332487744,0.006301900876649861,0.006309182530146114,0.006308778805559322,0.005628283450179347,0.005634006678991066,0.005622198496256783,0.005923637159865299,0.005921664171682059,0,0.007150842208857411,0.005877916203746364,0,0,0,0,0,0,0,0,0,0,0,0,0,0,0,0,0,0,0,0
0,0,0,0,0,0,0,0,0,0,0,0,0,0,0,0,0,0,0,0,0,0,0,0,0,0,0,0,0,0,0,0,0,0,0,0,0,0,0,0,0,0,0,0,0,0,0,0,0,0,0,0,0,0,0,0,0,0,0,0,0,0,0,0,0,0,0,0,0,0,0,0,0,0,0,0,0,0,0,0,0,0,0,0,0,0,0,0,0,0,0,0,0,0,0,0,0,0,0,0,0,0,0,0,0,0,0,0,0,0,0,0,0,0,0,0,0,0,0,0,0,0,0,0,0,0,0,0,0,0,0,0,0,0,0,0,0,0,0,0,0,0,0,0,0,0,0,0,0,0,0,0,0,0,0,0,0,0,0,0,0,0,0,0,0,0,0,0,0,0,0,0,0,0,0,0,0,0,0,0,0,0,0,0,0,0,0,0,0,0,0,0,0,0,0,0,0,0,0,0,0,0,0,0,0,0,0,0,0,0,0,0,0,0,0,0,0,0,0,0,0,0,0,0,0,0,0,0,0,0,0,0,0,0,0,0,0,0,0,0,0,0,0,0,0,0,0,0,0,0,0,0,0,0,0,0,0,0,0,0,0,0,0,0,0,0,0,0,0.003943369460683243,0,0,0,0,0.005882796703923297,0.005771530059457484,0.00588077958785032,0.005439445776034973,0.005449627476949579,0.005445540312850476,0.005719374561250899,0.005430135151129145,0,0,0,0,0,0,0,0,0,0,0,0,0,0,0,0,0.006044487605301424,0.006044487605301423,0,0,0,0,0,0,0,0,0,0,0,0,0,0,0,0,0,0,0.003894972567747053,0,0.003894972567747053,0,0,0,0,0,0,0,0,0,0,0,0,0,0,0,0,0,0,0,0,0,0,0,0,0,0,0,0,0,0,0,0,0,0,0,0,0,0,0,0,0,0,0,0,0,0,0,0,0,0,0,0,0,0,0,0,0,0,0,0.004763219807674532,0,0,0,0,0,0,0,0,0,0,0,0,0.00557108241231896,0.006672421181211002,0.006464168429548322,0.00605957876772876,0.006020210417884381,0.006299916303981828,0.006307180323652177,0.006306777576756658,0.005623544994904426,0.005629170715435687,0.005617357031734978,0.005921488184714899,0.005919520361255903,0.007150842208857411,0,0.005874454861148192,0,0,0,0,0,0,0,0,0,0,0,0,0,0,0,0,0,0,0,0
0,0,0,0,0,0,0,0,0,0,0,0,0,0,0,0,0,0,0,0,0,0,0,0,0,0,0,0,0,0,0,0,0,0,0,0,0,0,0,0,0,0,0,0,0,0,0,0,0,0,0,0,0,0,0,0,0,0,0,0,0,0,0,0,0,0,0,0,0,0,0,0,0,0,0,0,0,0,0,0,0,0,0,0,0,0,0,0,0,0,0,0,0,0,0,0,0,0,0,0,0,0,0,0,0,0,0,0,0,0,0,0,0,0,0,0,0,0,0,0,0,0,0,0,0,0,0,0,0,0,0,0,0,0,0,0,0,0,0,0,0,0,0,0,0,0,0,0,0,0,0,0,0,0,0,0,0,0,0,0,0,0,0,0,0,0,0,0,0,0,0,0,0,0,0,0,0,0,0,0,0,0,0,0,0,0,0,0,0,0,0,0,0,0,0,0,0,0,0,0,0,0,0,0,0,0,0,0,0,0,0,0,0,0,0,0,0,0,0,0,0,0,0,0,0,0,0,0,0,0,0,0,0,0,0,0,0,0,0,0,0,0,0,0,0,0,0,0,0,0,0,0,0,0,0,0,0,0,0,0,0,0,0,0,0,0,0,0,0.003920481651663106,0,0,0,0,0.00501365060021471,0.004874352712836556,0.005012057927009297,0.005410292300146543,0.005419431925359645,0.005322023209616185,0.005174812074396081,0.005301285359635852,0,0,0,0,0,0,0,0,0,0,0,0,0,0,0,0,0.00482943693077249,0.004829436930772489,0,0,0,0,0,0,0,0,0,0,0,0,0,0,0,0,0,0,0,0,0,0.003921637250101379,0.00392509638338725,0,0.003921637250101379,0,0,0.00392509638338725,0,0,0,0,0,0,0,0,0,0,0,0,0,0,0,0,0,0,0,0,0,0,0,0,0,0,0,0,0,0,0,0,0,0,0,0,0,0,0,0,0,0,0,0,0,0,0,0,0,0,0,0,0,0,0,0,0,0,0,0,0,0,0,0,0,0.004399997066321021,0.005089152838215503,0.005090619074712776,0.005554827003536314,0.005487968207462263,0.005251973009323431,0.005258197910868317,0.005257852776922391,0.005369515692555445,0.005374754870421833,0.005471260071588784,0.004360179356193658,0.004358844964071754,0.005877916203746364,0.005874454861148192,0,0,0,0,0,0,0,0,0,0,0,0,0,0,0,0,0,0,0,0,0
0,0,0,0,0,0,0,0,0,0,0,0,0,0,0,0,0,0,0,0,0,0,0,0,0,0,0,0,0,0,0,0,0,0,0,0,0,0,0,0,0,0,0,0,0,0,0,0,0,0,0,0,0,0,0,0,0,0,0,0,0,0,0.003661645585450994,0,0,0,0,0,0,0,0,0,0,0,0,0,0,0,0,0,0,0,0,0,0,0,0,0,0,0,0,0,0,0,0,0,0,0,0,0,0,0,0,0,0,0,0,0,0,0,0,0,0,0,0.005915346827085855,0,0,0,0,0,0,0,0,0,0,0,0,0,0,0,0,0.00336699604097904,0,0,0,0,0,0.003387196164162812,0,0,0,0,0,0,0,0,0,0,0,0,0,0,0,0,0,0,0,0,0,0,0,0,0,0,0,0,0,0,0,0,0,0,0,0.00401748296110689,0,0,0,0,0,0.005813832489623114,0,0,0,0,0,0,0,0,0,0,0,0,0,0,0,0,0,0,0,0,0,0,0,0,0.003396933535179281,0,0,0,0,0,0,0,0,0,0,0.002853780707362259,0,0,0,0,0,0,0,0,0,0,0,0,0,0,0,0,0,0,0,0,0,0,0,0,0,0,0,0,0,0,0,0,0,0,0,0,0,0,0,0,0.003029562655206808,0,0,0,0,0,0.002926687148918122,0,0,0,0,0,0,0,0,0,0,0,0,0,0,0,0,0,0,0,0,0,0,0,0,0,0,0,0,0,0,0,0,0,0,0,0,0,0,0,0,0,0,0,0,0,0,0,0,0,0,0,0,0,0,0,0,0,0,0,0,0,0,0,0,0,0,0,0,0,0,0,0,0,0,0,0,0,0,0,0,0,0,0,0,0,0,0,0,0,0,0,0,0.003427191916270735,0,0,0,0,0,0,0,0,0,0.003357936526019277,0,0,0.006705216824623144,0.006142469427799245,0,0,0.003185286604988448,0.003378001666901418,0,0,0,0,0,0,0,0,0,0,0,0.006483632822015556,0.00683086909807534,0.005066429455035652,0.004008448439045287,0,0,0.0033675453669729,0,0,0,0,0,0,0,0,0,0,0,0,0,0,0,0,0,0,0.004581368993915535,0,0.004260169786040548,0.005456452419469743,0,0.005237546692424818,0,0,0,0,0,0,0,0,0,0,0,0
0,0,0,0,0,0,0,0,0,0,0,0,0,0,0,0,0,0.003341611274221958,0,0,0,0,0,0,0,0,0,0,0,0,0,0,0,0,0,0,0.00393469445575037,0,0,0.003236877244789457,0.004382019638152834,0,0,0,0,0,0,0,0,0,0,0,0,0,0,0,0,0,0,0,0,0,0,0,0,0,0,0,0,0,0,0,0,0,0,0,0,0,0,0,0,0,0,0,0,0.003084503255794127,0,0,0,0,0,0,0.003132250137626887,0,0,0,0,0,0,0,0,0,0,0,0,0,0.003069136797071786,0,0,0,0,0,0,0,0,0,0,0,0,0,0,0,0,0,0,0,0,0,0,0,0,0,0,0,0,0,0,0,0,0,0,0,0,0,0,0,0,0,0,0,0,0,0,0,0,0,0,0,0,0,0,0,0,0,0,0,0,0,0,0,0,0,0.004324908363929972,0,0,0,0,0,0,0,0,0,0,0,0,0,0,0,0,0,0,0,0.0035543798720561,0,0,0.003018452230305243,0,0,0,0.003241922410980842,0.003212887159174656,0,0,0,0,0,0,0,0,0,0,0,0,0.004361532339688866,0,0,0,0,0,0,0,0,0,0,0,0,0,0,0,0,0.00327320938700753,0,0,0,0,0,0,0.002944493395212227,0,0,0,0,0,0,0,0,0,0,0,0,0,0,0,0,0,0,0,0,0,0,0,0.002968308343658407,0,0,0,0,0,0,0,0,0,0,0,0,0,0,0,0,0,0,0,0,0,0.00324183129577364,0,0,0,0,0,0,0,0,0,0,0,0,0,0,0,0,0,0,0,0,0,0,0,0,0,0,0,0,0,0,0,0,0,0,0,0,0,0,0,0,0,0,0,0,0,0,0,0,0,0,0,0,0,0,0,0,0,0,0,0,0,0,0,0,0,0,0,0,0,0,0,0,0,0,0,0,0,0,0,0,0.007632748051603395,0,0,0,0,0.003686365265464634,0,0,0.004618697650121911,0,0,0,0.003406894495365966,0,0,0,0,0,0,0,0.007513776458003121,0.003498597894117491,0,0,0.003403463470004627,0.006177300391327981,0.006168392316671408,0,0,0,0,0,0,0,0,0,0,0,0,0,0,0,0,0,0,0,0,0.005420069326059996,0.003206317587662158,0.003412684298437595,0,0,0,0,0,0,0,0,0,0,0,0,0,0
0,0,0,0,0,0,0,0,0,0,0,0,0,0,0,0,0,0,0,0,0,0,0,0,0,0,0,0,0,0,0,0,0,0,0,0,0,0,0,0,0,0,0,0,0,0,0,0,0,0,0,0,0,0,0,0,0,0,0,0.003084484834083949,0,0,0.005075575717564196,0,0,0,0,0,0,0,0,0,0,0,0,0,0,0,0,0,0,0,0,0,0,0,0,0,0,0,0,0,0,0,0,0,0,0,0,0,0,0,0,0,0,0,0,0,0,0,0,0,0,0,0.006045042168239482,0,0,0,0,0,0,0,0,0,0,0,0,0,0,0,0,0.003911922646601416,0,0,0,0,0,0.004247574774996543,0.004573884613704183,0,0,0,0,0,0,0,0,0,0,0,0,0.004365723381017439,0,0,0,0,0,0,0,0,0,0,0,0,0,0,0,0,0,0,0,0,0,0.005312154508515014,0,0,0,0,0,0.003065459770971438,0,0,0,0,0,0,0,0,0,0,0,0,0,0,0,0,0,0,0,0,0,0,0,0,0,0,0,0,0,0,0,0.00380873643414549,0,0,0,0.00331980342076244,0,0,0,0,0,0,0,0,0,0,0,0,0,0,0,0,0,0,0,0,0,0,0,0,0,0,0,0,0,0,0,0,0,0,0,0,0,0,0,0,0.003390010011063357,0,0,0,0,0,0.003502547258152541,0,0,0,0,0,0,0,0,0,0,0,0,0,0,0,0,0,0,0,0,0,0,0,0,0,0,0,0,0,0,0,0,0,0,0,0,0,0,0,0,0,0,0,0,0,0,0,0,0,0,0,0,0,0,0,0,0,0,0,0,0,0,0,0,0,0,0,0,0,0,0,0,0,0,0,0,0,0,0,0,0,0,0,0,0,0,0,0,0,0,0,0,0.004265378597413799,0,0,0,0,0,0,0,0,0,0.004525452744088783,0,0.003206399347541152,0.004353498902853091,0.003348550652186051,0,0,0.003434707969229858,0.00423610751088028,0,0,0,0,0,0,0,0,0,0,0,0.003222050267616473,0.004544096723432737,0,0,0,0.003039175736521888,0.004511033091576454,0,0,0,0,0,0,0,0,0,0,0,0,0,0,0,0,0.004581368993915535,0,0,0,0,0.003501223306946438,0,0.003186744887296125,0,0,0,0,0,0,0,0,0,0,0,0
0.003761618940027374,0.002910347323889186,0,0,0,0,0,0,0,0,0.003785695427796997,0,0,0,0,0.003178671196582332,0,0,0,0,0,0,0,0,0,0,0,0,0,0,0,0,0,0,0,0,0.003836655625438199,0,0,0,0,0,0,0,0,0,0,0,0,0,0,0,0,0,0,0,0,0,0,0,0,0,0,0,0,0,0,0,0,0,0,0,0,0,0,0,0,0,0,0,0,0,0,0,0,0,0,0,0,0,0,0,0,0.004055688225230383,0,0,0.003798081253417276,0,0,0,0,0,0,0,0,0,0,0,0,0,0,0,0,0,0,0,0,0,0,0,0,0,0,0,0,0,0,0,0,0,0,0,0,0,0,0,0,0,0,0,0,0,0,0,0,0,0,0,0,0,0,0,0,0,0,0,0,0,0,0,0,0,0,0,0,0,0,0,0,0,0,0,0,0,0,0,0,0,0,0,0,0,0,0,0,0,0,0,0,0,0,0,0.003717656007061018,0,0,0,0,0.003623006602943674,0,0,0,0,0.003299027746987103,0,0,0,0,0,0,0,0,0,0,0.003386439521555686,0,0,0,0,0,0,0,0,0,0,0,0,0,0,0,0,0,0,0,0.00601752690770734,0,0,0,0,0,0.003036509000643805,0.004472840152213587,0,0,0,0,0,0,0,0,0,0,0,0,0,0,0,0,0,0,0,0,0,0,0,0,0,0,0,0,0,0,0,0,0,0,0,0,0,0,0,0,0,0,0,0.004104196414075209,0,0,0,0,0,0,0,0,0,0,0,0,0,0,0,0,0,0,0,0,0,0,0,0,0,0,0,0,0,0,0,0,0,0,0,0,0,0,0,0,0,0,0,0,0.005407836230170719,0.005415954422166368,0.004993698662028562,0,0,0,0,0,0,0,0,0,0,0,0,0,0,0,0,0,0,0,0,0,0,0,0,0,0,0,0,0,0.003836093528793564,0,0,0.007281344764136964,0,0,0,0,0,0,0,0.00457610029567379,0,0,0,0,0,0,0,0,0,0,0,0.007259519364257588,0,0,0,0.005605606229830697,0.007535453557402594,0.008148387197314661,0,0,0,0,0,0,0,0,0,0,0,0,0,0,0,0,0,0,0.005420069326059996,0,0,0,0,0,0,0,0,0,0,0,0,0,0,0,0,0,0
0,0,0,0,0,0,0,0,0,0,0,0,0,0,0,0,0,0.004185647976575703,0,0.002966149805874166,0,0,0,0,0,0,0,0,0,0,0,0,0,0,0,0,0,0,0,0,0,0,0,0,0,0,0,0,0,0,0,0,0,0,0,0,0,0,0,0,0,0,0,0,0.00358901743778765,0,0,0,0,0,0,0.002729252631116463,0,0,0,0,0,0,0,0,0,0,0,0,0,0.003202232171292085,0,0,0,0,0,0,0.003856375203341793,0,0,0,0,0,0,0,0,0.00329058566492402,0,0,0,0,0,0,0,0,0,0,0,0,0,0,0,0,0,0,0,0,0,0,0,0,0,0,0,0,0,0,0,0,0,0,0,0,0,0,0,0,0,0,0,0,0,0,0,0,0,0,0,0,0,0,0,0,0,0,0,0,0,0,0,0,0,0,0,0,0,0,0.003476095316839568,0,0,0,0,0,0,0.004217017627836649,0,0,0,0,0.003578296471449643,0.002786139544129738,0,0,0,0,0,0,0,0,0,0,0,0,0,0.003669723602865584,0,0,0,0,0,0,0,0,0,0,0,0,0,0,0,0,0,0,0,0,0,0,0,0,0,0,0,0,0,0,0.005454122774470768,0,0,0,0,0,0,0,0,0,0,0,0,0,0,0,0,0,0,0,0,0,0,0,0,0,0,0,0,0,0,0,0,0,0,0,0,0,0,0,0,0,0,0,0,0,0,0,0,0,0,0.002991933830637741,0,0,0,0,0,0,0,0,0,0,0,0,0,0,0,0,0,0,0,0,0,0,0,0,0,0,0,0,0,0,0,0,0,0,0,0,0,0,0,0,0,0,0,0,0,0,0,0,0,0,0,0,0,0,0,0,0,0,0,0,0,0,0,0,0,0,0,0.002952302385229289,0,0,0,0,0,0,0,0,0,0,0,0,0,0,0,0.003431945018442795,0,0,0.004964134380472282,0.006188112514795245,0,0,0.003602193907013813,0,0,0,0,0,0,0,0,0,0,0,0.002826868627352482,0.005309536174782298,0.00456512996960731,0.007169538646543703,0.003256931283123584,0,0,0,0,0,0,0,0,0,0,0,0,0,0,0,0,0,0,0,0.004260169786040548,0.003206317587662158,0,0,0,0.006238609736734686,0.004183586920512579,0.005030966396945507,0,0,0,0,0,0,0,0,0,0,0,0
0,0,0,0,0,0,0,0,0,0,0,0,0,0,0,0,0,0,0,0,0,0,0,0,0,0,0,0,0,0,0,0,0,0,0,0,0,0,0,0,0.003648509803605344,0,0,0,0,0,0,0,0,0,0,0,0,0,0,0,0,0,0,0,0,0,0,0,0,0,0,0,0,0,0,0,0,0,0,0,0,0,0,0,0,0,0,0,0,0,0,0,0,0,0,0,0,0,0,0,0,0,0,0,0,0.003402815947632332,0,0,0,0,0,0,0,0,0,0,0,0,0,0,0,0,0,0,0,0,0,0,0,0,0,0,0,0,0,0,0,0,0,0,0,0,0,0,0,0,0,0,0,0,0,0,0,0,0,0,0,0,0,0,0,0,0,0,0,0,0,0,0,0,0,0,0,0,0,0,0,0,0,0,0,0,0,0.006683473040511287,0,0,0,0,0,0,0,0,0,0,0,0,0,0,0,0,0,0,0,0,0.002768617723568369,0,0,0,0.002971574386788649,0,0,0,0,0,0,0,0,0.00356092968860664,0,0,0,0,0,0,0,0,0,0,0,0,0,0,0,0,0.005252874538921707,0,0,0,0,0,0,0,0,0,0,0,0,0,0,0,0,0,0,0,0,0,0,0,0,0,0,0,0,0,0,0,0,0,0,0,0,0,0,0,0,0,0,0,0,0,0,0,0,0,0,0,0,0,0,0,0,0,0,0,0,0,0,0,0,0,0,0,0,0,0,0,0,0,0,0,0,0,0,0,0,0,0,0,0,0,0,0,0,0,0,0,0,0,0,0,0,0,0,0,0,0,0,0,0,0,0,0,0,0,0,0,0,0,0,0,0,0,0,0,0,0,0,0,0,0,0,0,0,0,0,0,0,0,0.002898903283583827,0.004545601799854662,0.002617472934747074,0,0.00675107598538621,0.006737891269566245,0,0,0.004649504104609107,0,0,0,0,0,0,0,0,0,0,0,0.003261405183520531,0.006368526692463388,0.005866092650312691,0.006593468214331814,0.003280924851619499,0,0.002523262747659429,0,0,0,0,0,0,0,0,0,0,0,0,0,0,0,0,0,0.005456452419469743,0.003412684298437595,0.003501223306946438,0,0.006238609736734686,0,0.002706178824383852,0.005975021422008334,0,0,0,0,0,0,0,0,0,0,0,0
0,0,0,0,0,0,0,0,0,0,0,0,0,0,0,0,0,0.004818331974999283,0,0.003710263189479797,0,0,0,0,0,0,0.002989950621898962,0,0,0,0,0,0,0,0,0,0,0,0,0,0,0,0,0,0,0,0,0,0,0,0,0,0,0,0,0,0,0,0,0,0,0,0,0,0.004670020635137969,0,0,0,0,0,0,0.003593992269228397,0.002345625311219439,0,0,0,0,0,0,0,0,0,0,0,0,0.004411193467689116,0,0,0,0,0,0,0.005200284594180073,0,0,0,0,0,0,0,0,0.003036917768787488,0,0,0,0,0,0,0,0,0,0,0,0,0,0,0,0,0,0,0,0,0,0,0,0,0,0,0,0,0,0,0,0,0,0,0,0,0,0,0,0,0,0,0,0,0,0,0,0,0,0,0,0,0,0,0,0,0,0,0,0,0,0,0,0,0,0,0,0,0,0,0.004010745346064692,0,0,0,0,0,0,0,0,0,0,0,0,0,0.002877569832118886,0,0,0,0.002954562440307678,0,0,0,0,0,0,0,0,0.005250742789842373,0,0,0,0,0,0,0,0,0,0,0,0,0,0,0,0,0,0,0,0,0,0,0,0,0,0,0,0,0,0,0.006843883859367865,0,0,0,0,0,0,0,0,0,0,0,0,0,0,0,0,0,0,0,0,0,0,0,0,0,0,0,0,0,0,0.003107373874768807,0,0.002626014821770242,0,0,0,0,0,0,0,0,0,0,0,0,0,0,0,0,0,0.003715958665176683,0,0.003165662940624234,0,0,0,0,0,0,0,0,0,0,0,0,0,0,0,0,0,0,0,0,0,0,0,0,0,0,0,0,0,0,0,0,0,0,0,0,0,0,0,0,0,0,0,0,0,0,0,0,0,0,0,0,0,0,0,0,0,0,0,0,0,0,0,0,0,0,0,0,0.002869247495157411,0,0,0,0,0,0,0,0,0,0,0,0,0.002718712929449686,0,0,0,0,0,0,0.002528265704128119,0,0,0,0,0,0,0,0,0,0,0,0,0,0,0.003868581709444137,0,0,0,0,0,0,0,0,0,0,0,0,0,0,0,0,0,0,0,0,0,0,0,0,0.004183586920512579,0.002706178824383852,0,0.002448098378578791,0,0,0,0,0,0,0,0,0,0,0,0
0,0,0,0,0,0,0,0,0,0,0,0,0,0,0,0,0,0,0,0,0,0,0,0,0,0,0,0,0,0,0,0,0,0,0,0,0,0,0,0,0,0,0,0,0,0,0,0,0,0,0,0,0,0,0,0,0,0,0,0,0,0,0,0,0,0,0,0,0,0,0,0,0,0,0,0,0,0,0,0,0,0,0,0,0,0,0,0,0,0,0,0,0,0,0,0,0,0,0,0,0,0.005106625336675297,0,0,0,0,0,0.002442316432525633,0,0,0,0,0,0,0,0,0,0,0,0,0,0,0,0,0,0,0,0,0,0,0,0,0,0,0,0,0,0,0,0,0,0,0,0,0,0,0,0,0,0,0,0,0,0,0,0,0,0,0,0,0,0,0,0,0,0,0,0,0,0,0,0,0.003308433807359044,0,0,0,0,0,0,0.004504342536869753,0,0,0,0,0,0,0,0,0,0,0,0,0,0,0,0,0,0,0,0,0,0,0,0,0,0,0,0,0,0,0,0,0,0,0,0.00312760913118214,0,0,0,0,0,0,0,0,0,0,0,0,0,0,0,0,0,0,0,0,0,0,0,0,0,0,0,0,0,0,0,0,0,0,0,0,0,0,0,0,0,0,0,0,0,0,0.002911944487602727,0,0,0,0,0,0,0,0,0,0,0,0,0,0,0,0,0,0,0,0,0,0,0,0,0,0,0,0,0,0,0,0,0,0,0,0,0,0,0,0,0,0,0,0,0,0,0,0,0,0,0,0,0,0,0,0,0,0,0,0,0,0,0,0,0,0,0,0,0,0,0,0,0,0,0,0,0,0,0,0,0,0,0,0,0.002557419776729887,0,0,0,0,0,0,0,0,0,0,0,0,0,0,0,0,0,0.003357374856299106,0,0.002607785322517492,0.005964710909069926,0.006662236113285744,0,0,0.00427919656369965,0,0,0,0,0,0,0,0,0,0,0,0,0.005910869551655023,0.005912442979492193,0.00629220969397409,0.003850338676331749,0.002808915211464974,0.002684705088546385,0.002957476296386312,0,0,0,0,0,0,0,0,0,0,0,0,0,0,0,0,0.005237546692424818,0,0.003186744887296125,0,0.005030966396945507,0.005975021422008334,0.002448098378578791,0,0,0,0,0,0,0,0,0,0,0,0,0
0,0,0,0,0,0,0,0,0,0,0,0,0,0,0,0,0,0,0,0,0,0,0,0,0,0,0,0,0,0,0,0,0,0,0,0,0,0,0,0,0,0,0,0,0,0,0,0,0,0,0,0,0,0,0,0,0,0,0,0,0,0,0,0,0,0,0,0,0.004555553446902205,0,0,0,0,0,0,0,0,0,0,0,0,0,0,0,0,0,0,0,0,0,0,0,0,0,0,0,0,0,0,0,0,0,0,0,0,0,0,0,0,0,0,0,0,0,0,0,0,0,0,0,0,0,0,0.003985386395474516,0,0,0,0,0,0,0,0,0,0,0,0,0,0,0,0,0,0,0,0,0,0,0,0,0,0,0,0,0,0,0,0,0,0,0,0,0,0,0,0,0,0,0,0,0,0,0,0,0,0,0,0.005056348134821148,0,0,0,0,0,0,0,0,0,0,0,0.004023891211786591,0,0,0,0,0,0,0,0,0,0,0,0,0,0,0,0,0,0,0,0,0,0,0.00314765251977035,0,0,0,0,0,0,0,0,0,0,0,0,0,0,0,0,0,0,0,0,0,0,0,0,0,0,0,0,0,0,0,0,0,0,0,0,0,0,0,0,0,0,0,0,0,0,0,0,0,0,0,0,0,0,0,0,0,0,0,0,0,0,0,0,0,0,0,0,0,0,0,0,0,0,0,0,0,0,0,0,0,0,0,0,0,0,0,0,0,0,0,0,0,0,0,0,0,0,0,0,0,0,0,0,0,0.004261079662098199,0,0.004257618895931244,0,0,0,0.003491031339158819,0,0.0034783749710173,0.003726188807861151,0,0.003731774570387447,0.003529539791335797,0,0,0,0,0,0,0,0,0,0,0,0,0,0.003484879260642158,0,0,0.005279111472321515,0,0,0,0,0,0.003951775931545725,0,0,0,0,0,0,0.003800582728035698,0,0,0,0,0,0,0,0,0,0,0,0,0,0,0,0,0,0,0,0,0,0,0,0,0,0,0,0,0,0,0,0,0,0,0,0,0,0,0,0,0,0,0,0,0.004141582993333475,0.004139548101854876,0,0,0,0,0,0,0,0,0,0,0,0,0,0,0,0,0,0,0.003143743222666754,0,0,0,0
0,0,0,0.005300440935513838,0,0,0,0,0,0,0,0,0,0,0,0,0,0,0,0,0,0,0,0,0,0,0,0,0,0,0,0,0,0,0,0,0,0,0,0,0,0,0,0,0,0,0,0,0,0,0,0,0,0,0,0,0,0,0,0,0.005478652380980253,0,0,0,0,0.005105781952282304,0,0,0,0,0,0,0,0,0,0,0,0,0,0.005856402637973082,0,0,0,0,0,0,0,0,0,0,0,0,0,0,0.006025503302881537,0,0,0.006846248276649335,0,0,0,0,0,0,0,0,0,0,0,0,0,0,0,0,0,0,0,0,0,0,0,0,0,0,0.00469473569716106,0,0,0,0,0,0,0,0.004984318964695715,0.006593531518849079,0,0,0,0,0,0,0,0,0,0,0,0,0,0,0.005382018465406549,0,0,0,0.004692946314939073,0.006795819977418663,0,0,0,0,0,0,0,0,0,0,0,0,0,0,0,0,0.004948663886175566,0,0,0,0,0,0,0,0,0,0,0,0,0,0,0,0,0,0,0,0,0,0,0,0,0,0,0,0,0,0,0,0,0,0,0,0,0,0,0,0,0.006128599375795927,0,0,0,0,0,0,0,0,0,0.004907363543984023,0,0,0,0,0.004900196200492554,0.009259700207037381,0.01047414987906129,0,0,0,0,0,0,0,0,0,0,0,0,0,0,0,0,0,0.004961277831685816,0,0,0,0,0,0,0,0,0,0,0,0,0,0,0,0,0,0,0,0,0,0,0.006911382010338997,0,0,0,0,0,0,0,0,0,0,0,0,0,0,0,0,0.006856500551951661,0,0,0,0,0,0,0,0,0,0,0,0,0,0,0,0,0,0,0,0,0,0,0,0,0,0,0,0,0,0,0,0,0,0,0,0,0,0,0,0,0,0,0,0,0,0,0,0,0,0,0,0,0,0,0,0,0,0,0,0,0,0,0,0,0,0,0,0,0,0.007231675072142292,0.006826601366346738,0,0,0,0,0,0,0,0,0,0,0,0,0,0,0,0,0,0,0,0,0.005059404091239633,0,0,0,0,0.005289425416333553,0,0,0,0,0,0,0,0,0,0,0,0,0,0,0,0,0,0,0,0,0,0,0,0,0,0,0,0,0,0,0,0,0,0,0,0.01128762298064503,0,0.006796583767658941,0.006868944561767512,0,0.006732855406048451,0,0,0.006911585336016319
0.005069755220635588,0.004514136933755957,0,0.004872746635806105,0,0,0,0,0,0,0.004902118150270957,0,0,0,0,0.00488033645122603,0,0,0,0,0,0,0,0,0,0,0,0,0,0,0,0,0,0,0.004415081481562185,0,0.005496605856763832,0,0,0,0.005044909576822016,0,0,0,0,0,0,0,0,0,0,0,0,0,0,0,0,0,0,0,0,0,0,0,0,0,0,0,0,0.00452159916005479,0,0,0,0,0,0,0,0,0,0,0,0.00648589983737597,0,0,0,0,0,0,0,0,0,0,0,0.004850750424759834,0,0,0.005298904425545886,0,0,0,0,0,0,0,0,0,0,0,0,0.004119502016146952,0,0,0,0,0,0,0,0,0,0,0,0.00411217056032697,0,0,0,0,0,0,0,0,0,0,0,0,0,0,0,0,0,0,0,0,0,0,0,0.00438770945503917,0,0,0,0,0,0,0,0,0,0,0,0,0,0,0,0,0,0,0,0,0,0,0,0,0,0,0,0,0,0,0,0,0,0,0,0,0,0,0,0,0,0,0,0,0,0,0.004849318129537861,0,0,0,0,0,0,0,0,0,0.005335601255763309,0.0044971164103418,0,0,0,0,0,0,0,0,0,0.005701011149753146,0,0,0,0,0,0,0,0,0,0,0,0,0,0,0,0,0,0,0,0,0,0,0,0,0,0,0.005457427332765063,0,0.004489632177097363,0,0,0,0,0,0,0,0,0,0,0,0.004640807614173632,0,0,0,0,0,0.004108497458229146,0,0,0,0,0,0,0,0,0,0,0,0,0,0,0,0,0,0,0,0,0,0,0,0,0,0,0,0,0,0,0,0,0,0,0,0,0,0,0,0,0,0,0,0,0,0,0,0,0,0,0,0,0,0,0,0,0,0,0,0,0,0,0,0,0,0,0,0,0,0,0,0,0,0,0,0,0,0,0,0,0,0,0,0,0,0,0,0,0,0,0,0,0,0,0,0,0,0,0,0,0,0,0,0,0,0,0,0,0,0,0,0,0,0,0.004202140934467754,0,0,0,0,0,0,0,0,0,0,0,0,0,0,0,0,0,0,0,0,0,0,0,0,0,0,0,0,0,0,0,0,0,0,0,0,0,0,0,0,0,0,0,0,0,0,0,0,0,0,0,0
0,0,0,0.005298433250267125,0,0,0,0,0,0,0,0,0,0,0,0,0,0,0,0,0,0,0,0,0,0,0,0,0,0,0,0,0,0,0,0,0,0,0,0,0,0,0,0,0,0,0,0,0,0,0,0,0,0,0,0,0,0,0,0,0.005530736162587316,0,0,0,0,0.005055887843116906,0,0,0,0,0,0,0,0,0,0,0,0,0,0.00585683149362991,0,0,0,0,0,0,0,0,0,0,0,0,0,0,0.006027208868911909,0,0,0.006844808098769216,0,0,0,0,0,0,0,0,0,0,0,0,0,0,0,0,0,0,0,0,0,0,0,0,0,0,0.004644937124101751,0,0,0,0,0,0,0,0.004869941673908356,0.006597613531478779,0,0,0,0,0,0,0,0,0,0,0,0,0,0,0.00533250417088727,0,0,0,0.004643161527812759,0.006794071096590429,0,0,0,0,0,0,0,0,0,0,0,0,0,0,0,0,0.004845664983889898,0,0,0,0,0,0,0,0,0,0,0,0,0,0,0,0,0,0,0,0,0,0,0,0,0,0,0,0,0,0,0,0,0,0,0,0,0,0,0,0,0.006131262128184194,0,0,0,0,0,0,0,0,0,0.004959540811385742,0,0,0,0,0.004850317347211103,0.009313301272253818,0.01042617915232684,0,0,0,0,0,0,0,0,0,0,0,0,0,0,0,0,0,0.005013687749378343,0,0,0,0,0,0,0,0,0,0,0,0,0,0,0,0,0,0,0,0,0,0,0.006909719368146747,0,0,0,0,0,0,0,0,0,0,0,0,0,0,0,0,0.006856438201495602,0,0,0,0,0,0,0,0,0,0,0,0,0,0,0,0,0,0,0,0,0,0,0,0,0,0,0,0,0,0,0,0,0,0,0,0,0,0,0,0,0,0,0,0,0,0,0,0,0,0,0,0,0,0,0,0,0,0,0,0,0,0,0,0,0,0,0,0,0,0.007260990204497463,0.006823739654023668,0,0,0,0,0,0,0,0,0,0,0,0,0,0,0,0,0,0,0,0,0.004994148337911007,0,0,0,0,0.005255574428303943,0,0,0,0,0,0,0,0,0,0,0,0,0,0,0,0,0,0,0,0,0,0,0,0,0,0,0,0,0,0,0,0,0,0.01128762298064503,0,0,0,0.006794640846474851,0.006867311984067339,0,0.006732907525942401,0,0,0.006909920922493303
0,0,0,0,0,0,0,0,0,0,0,0,0,0,0,0,0,0,0,0,0,0,0,0,0,0,0,0,0,0,0,0,0,0,0,0,0,0,0,0,0,0,0,0,0,0,0,0,0,0,0,0,0,0,0,0,0,0,0,0,0,0,0,0,0,0,0.007925079975436154,0,0,0,0,0,0,0,0,0,0,0,0,0,0,0.003741360539046578,0,0,0,0,0,0,0,0,0,0,0,0,0,0,0,0.007553446774380142,0,0,0,0,0,0,0,0,0,0,0,0,0,0,0,0,0,0,0,0,0,0,0,0,0,0,0,0,0,0,0,0,0,0,0,0,0,0,0,0,0,0.01112729066133357,0,0,0,0,0,0.003899979385628101,0,0,0,0,0.008780941883736857,0,0,0.006941066165009722,0,0,0,0,0,0,0,0,0,0.006055583348539402,0,0,0,0,0,0,0,0,0,0,0,0,0,0,0,0,0,0,0,0,0,0,0,0,0,0,0,0,0,0,0,0,0,0,0,0,0,0,0,0,0,0,0,0,0,0,0,0,0,0,0,0,0,0,0.01142231473378463,0,0,0,0.01023847823337303,0,0,0,0,0,0,0,0,0,0,0,0,0,0,0,0,0,0,0,0,0,0,0,0,0,0,0,0,0,0,0,0,0,0,0,0,0,0,0,0,0,0,0,0,0,0,0.005303865708476336,0.00519422408234564,0,0,0,0,0,0,0,0,0,0,0,0,0,0,0,0.004044765363888298,0,0,0,0,0,0,0,0,0,0,0,0,0,0,0,0,0,0,0,0,0,0,0,0,0,0,0,0,0,0,0,0,0,0,0,0,0,0,0,0,0,0,0,0,0,0,0,0,0,0,0,0,0,0,0,0,0,0,0,0,0,0,0,0,0,0,0.01041050559269026,0.01029669035531129,0,0,0.007230312030462542,0,0,0,0,0,0,0,0,0,0,0,0,0,0,0,0,0,0,0,0,0,0,0,0,0,0,0,0,0,0,0,0,0,0,0,0,0,0,0,0,0,0,0,0,0,0,0,0,0,0,0,0,0,0,0,0,0,0,0,0,0,0,0,0.00695385589518039,0.007372023974946799,0.009698362590199655,0,0.01105827237798363,0,0.005305417138293658
0,0,0,0.005301343639644004,0,0,0,0,0,0,0,0,0,0,0,0,0,0,0,0,0,0,0,0,0,0,0,0,0,0,0,0,0,0,0,0,0,0,0,0,0,0,0,0,0,0,0,0,0,0,0,0,0,0,0,0,0,0,0,0,0,0,0,0,0,0,0.005346504294421289,0,0,0,0,0,0,0,0,0,0,0,0,0.005836621881723061,0,0,0,0,0,0,0,0,0,0,0,0,0,0,0.00618061917067748,0,0,0.01281770365395591,0,0,0,0,0,0,0,0,0,0,0,0,0,0,0,0,0,0,0,0,0,0,0,0,0,0,0,0,0,0,0,0,0,0,0,0.006583481348145343,0,0,0,0,0,0.007017015414658351,0,0,0,0,0,0,0,0,0,0,0.006964002023367104,0,0,0.01285837998387525,0,0,0,0,0,0,0,0,0,0.00501517814121954,0,0,0,0,0,0,0,0,0,0,0,0,0,0,0,0,0,0,0,0,0,0,0,0,0,0,0,0,0,0,0,0,0,0,0,0,0,0,0,0,0,0,0,0,0,0,0,0.006093319729755277,0,0,0,0,0,0,0.006956999788228558,0,0,0,0.006804437246071823,0,0,0,0,0.00485119788964143,0.006271188033601277,0,0,0,0,0,0,0,0,0,0,0,0,0,0,0,0,0,0,0,0,0,0,0,0,0,0,0,0,0,0,0,0,0,0,0,0,0,0,0,0,0.0109222410346539,0.005215921769434051,0,0,0,0,0,0,0,0,0,0,0,0,0,0,0,0.009900995520568015,0,0,0,0,0,0,0,0,0,0,0,0,0,0,0,0,0,0,0,0,0,0,0,0,0,0,0,0,0,0,0,0,0,0,0,0,0,0,0,0,0,0,0,0,0,0,0,0,0,0,0,0,0,0,0,0,0,0,0,0,0,0,0,0,0,0,0.00678992188795087,0.006763195472465049,0,0.00936631170572857,0.01266727883707529,0,0,0,0,0,0,0,0,0,0,0,0,0,0,0,0,0,0,0,0,0,0,0,0,0,0,0,0,0,0,0,0,0,0,0,0,0,0,0,0,0,0,0,0,0,0,0,0,0,0,0,0,0,0,0,0,0,0,0,0.006796583767658941,0,0.006794640846474851,0.00695385589518039,0,0.01245186385526523,0.006973716776015675,0.006729273347780976,0.006879742938145422,0,0.01092379631356141
0,0,0,0.005279571004190466,0,0,0,0,0,0,0,0,0,0,0,0,0,0,0,0,0,0,0,0,0,0,0,0,0,0,0,0,0,0,0,0,0,0,0,0,0,0,0,0,0,0,0,0,0,0,0,0,0,0,0,0,0,0,0,0,0,0,0,0,0,0,0.004299964142851064,0,0,0,0,0,0,0,0,0,0,0,0,0.005851433830286253,0,0,0,0,0,0,0,0,0,0,0,0,0,0,0.006998586918398225,0,0,0.01336847317906036,0,0,0,0,0,0,0,0,0,0,0,0,0,0,0,0,0,0,0,0,0,0,0,0,0,0,0,0,0,0,0,0,0,0,0,0.006606125808657094,0,0,0,0,0,0.007035855917993281,0,0,0,0,0,0,0,0,0,0,0.007353313010426745,0,0,0.01243912645252065,0,0,0,0,0,0,0,0,0,0.006464358766265616,0,0,0,0,0,0,0,0,0,0,0,0,0,0,0,0,0,0,0,0,0,0,0,0,0,0,0,0,0,0,0,0,0,0,0,0,0,0,0,0,0,0,0,0,0,0,0,0.006124665546065859,0,0,0,0,0,0,0.007375137632978928,0,0,0,0.007107048636544993,0,0,0,0,0.004866982709282978,0.006285154538560012,0,0,0,0,0,0,0,0,0,0,0,0,0,0,0,0,0,0,0,0,0,0,0,0,0,0,0,0,0,0,0,0,0,0,0,0,0,0,0,0,0.01065335346642836,0.004187007345041372,0,0,0,0,0,0,0,0,0,0,0,0,0,0,0,0.009219388539990412,0,0,0,0,0,0,0,0,0,0,0,0,0,0,0,0,0,0,0,0,0,0,0,0,0,0,0,0,0,0,0,0,0,0,0,0,0,0,0,0,0,0,0,0,0,0,0,0,0,0,0,0,0,0,0,0,0,0,0,0,0,0,0,0,0,0,0.007141658656378225,0.006818537745558182,0,0.00879521874462056,0.01260506346385305,0,0,0,0,0,0,0,0,0,0,0,0,0,0,0,0,0,0,0,0,0,0,0,0,0,0,0,0,0,0,0,0,0,0,0,0,0,0,0,0,0,0,0,0,0,0,0,0,0,0,0,0,0,0,0,0,0,0,0,0.006868944561767512,0,0.006867311984067339,0.007372023974946799,0.01245186385526523,0,0.007699854712118377,0.006783209993993988,0.007601619202018472,0,0.0106547624128486
0,0,0,0,0,0,0,0,0,0,0,0,0,0,0,0,0,0,0,0,0,0,0.003426242313459776,0,0,0,0,0,0,0,0,0,0,0,0,0,0,0,0,0,0,0,0,0,0,0,0,0,0,0,0,0,0,0,0,0,0,0,0,0,0,0,0,0,0,0.003893274868903334,0.006384777653372784,0,0.003654507256080897,0,0,0,0,0,0,0,0,0,0,0,0,0,0,0,0,0,0,0,0,0,0,0,0,0,0,0,0,0.007830530544354232,0,0,0,0,0,0,0,0,0,0,0,0,0,0,0,0,0,0,0,0,0,0,0,0,0,0,0,0,0,0,0,0,0,0,0,0,0,0,0,0,0,0.009232661269030291,0,0,0,0,0,0,0,0,0,0,0.009055225256613637,0,0,0.006961015705808845,0,0,0,0,0,0,0,0,0,0.006412492298998609,0,0,0,0,0,0,0,0,0,0,0,0,0,0,0,0,0,0,0,0,0,0,0,0,0,0,0,0,0,0,0,0,0,0,0,0,0,0,0,0,0,0,0,0,0,0,0,0,0,0,0,0,0,0,0.009709829900338852,0,0,0,0.009064711180603053,0,0,0,0,0,0,0,0,0,0,0,0,0.003191797673308692,0,0,0,0,0,0,0,0,0,0,0,0,0,0,0,0,0,0,0,0,0,0,0,0,0,0,0,0,0,0,0,0,0,0.005155360608049486,0.004866163652257768,0,0,0,0,0,0,0,0,0,0,0,0,0,0,0.003281469911910626,0.003616054872278197,0,0,0,0,0,0,0,0,0,0,0,0,0,0,0,0,0,0,0,0,0,0,0,0,0,0,0,0,0,0,0,0,0,0,0,0,0,0,0,0,0,0,0,0,0,0,0,0,0,0,0,0,0,0,0,0,0,0,0,0,0,0,0,0,0,0,0.00946279913548452,0.008927752980576584,0,0.003281953816403511,0.00713106482456783,0,0,0,0,0,0,0,0,0,0,0,0,0,0,0,0,0,0,0,0,0,0,0,0,0,0,0,0,0,0,0,0,0,0,0,0,0,0,0,0,0,0,0,0,0,0,0,0,0,0,0,0,0,0,0,0,0,0,0.003143743222666754,0,0,0,0.009698362590199655,0.006973716776015675,0.007699854712118377,0,0,0.01007915906399668,0,0.005156829559206133
0,0.00378836510121847,0,0.008955292886176573,0,0,0,0,0,0,0.004115652230797708,0,0,0,0,0.003712925405918384,0,0,0,0,0,0,0,0,0,0,0,0,0,0,0,0,0,0,0,0,0.003772737836784352,0,0,0,0,0,0,0,0,0,0,0,0,0,0,0,0,0,0,0,0,0,0,0,0,0,0,0,0,0,0,0,0,0,0,0,0,0,0,0,0,0,0,0.005931512213317365,0,0.003750507833460803,0,0,0,0,0,0,0,0,0,0,0,0,0.006073074326908939,0,0.00405913324569131,0.006790864767617437,0,0,0,0.006182713711383826,0,0,0,0,0,0,0,0,0,0,0,0,0,0,0,0,0,0,0,0,0,0,0,0,0,0,0,0,0,0,0,0.006585811354178716,0,0,0,0,0,0,0,0,0,0,0,0,0,0,0,0,0,0,0,0.006724152022840414,0,0,0,0,0,0,0,0,0,0,0,0,0,0,0,0,0,0,0,0,0,0,0,0,0,0,0,0,0,0,0,0,0,0,0,0,0,0,0.0038673985758421,0,0,0,0,0,0,0,0,0,0,0.003627325706440836,0,0,0,0,0,0,0,0.006126412980144394,0,0.004095361671999502,0,0,0,0,0,0,0,0,0,0,0,0,0,0.004694651761121557,0.006151506412941181,0,0,0,0,0,0,0,0,0,0,0,0.004331570276056908,0,0,0,0,0,0,0,0,0,0,0,0,0,0,0,0,0,0,0,0,0,0,0,0,0,0,0,0,0.006779854284666464,0,0,0,0,0,0,0,0,0,0,0,0,0,0,0,0,0.006737036555977047,0,0,0,0,0,0,0,0,0,0,0,0,0,0,0,0,0,0,0,0,0,0,0,0,0,0,0,0,0,0,0,0,0,0,0,0,0,0,0,0,0,0,0,0,0,0,0,0,0,0,0,0,0,0,0,0,0,0,0,0,0,0,0,0,0,0,0,0,0,0.006727255570689409,0.006709594842317507,0,0,0,0,0,0,0,0,0,0,0,0,0,0,0,0,0,0,0,0,0,0,0,0,0,0,0,0,0,0,0,0,0,0,0,0,0,0,0,0,0,0,0,0,0,0,0,0,0,0,0,0,0,0,0,0,0,0,0,0.006732855406048451,0,0.006732907525942401,0,0.006729273347780976,0.006783209993993988,0,0,0,0,0.006780000377175742
0,0,0,0,0,0,0,0,0,0,0,0,0,0,0,0,0,0,0,0,0,0,0,0,0,0,0,0,0,0,0,0,0,0,0.004267703756754044,0,0,0,0,0,0,0,0,0,0,0,0,0,0,0,0,0,0,0,0,0,0,0,0,0,0,0,0,0,0,0,0.00792827421429276,0,0,0,0,0,0,0,0,0,0,0,0,0,0,0.003919721207259605,0,0,0,0,0,0,0,0,0,0,0,0,0,0,0,0.007731219454385799,0,0,0,0,0,0,0,0,0,0,0,0.004015425284008563,0,0,0,0,0,0,0,0,0,0,0,0.004198639273093305,0,0,0,0,0,0,0,0,0,0,0,0,0,0,0,0,0,0.01060730362351391,0,0,0,0,0,0.003893590551698393,0,0,0,0,0.008842042876125777,0,0,0.006867509580545321,0,0,0,0,0,0,0,0,0,0.006579333919353783,0,0,0,0,0,0,0,0,0,0,0,0,0,0,0,0,0,0,0,0,0,0,0,0,0,0,0,0,0,0,0,0,0,0,0,0,0,0,0,0,0,0,0,0,0,0,0,0,0,0,0,0,0,0,0.01108139146660103,0,0.003914225690389936,0,0.01070697507345381,0,0,0,0,0,0,0,0,0,0,0,0,0,0,0,0,0,0,0,0,0,0,0,0,0,0,0,0,0,0,0,0,0,0,0,0,0,0,0,0,0,0,0,0,0,0,0.005071764387390281,0.005026404657151698,0,0,0,0,0,0,0,0,0,0,0,0,0,0,0,0,0,0,0,0,0,0,0,0,0,0,0,0,0,0,0,0,0,0,0,0,0,0,0,0,0,0,0,0,0,0,0,0,0,0,0,0,0,0,0,0,0,0,0,0,0,0,0,0,0,0,0,0,0,0,0,0,0,0,0,0,0,0,0,0,0,0,0.01085870784044397,0.01032789399671218,0,0,0.007038548788821911,0,0,0,0,0,0,0,0,0,0,0,0,0,0,0,0,0,0.003898101631765552,0,0,0,0,0,0,0,0,0,0,0,0,0,0,0,0,0,0,0,0,0,0,0,0,0,0,0,0,0,0,0,0,0,0,0,0,0,0,0,0,0,0,0,0,0.01105827237798363,0.006879742938145422,0.007601619202018472,0.01007915906399668,0,0,0,0.005073226609762794
0,0,0,0,0,0,0,0,0,0,0,0,0,0,0,0,0,0,0,0,0,0,0,0,0,0,0,0,0,0,0,0.002882929705757235,0,0,0,0,0,0,0,0,0,0,0,0,0,0.003534105042743959,0,0,0,0,0,0,0,0,0,0,0,0,0,0,0,0,0,0,0,0,0,0,0,0,0,0,0,0,0,0,0,0,0,0,0,0,0,0,0.004134506600118331,0,0,0,0,0,0,0,0,0,0,0,0,0,0,0,0,0,0,0,0,0,0,0.00398326936401654,0,0,0,0,0,0,0,0,0,0,0,0,0,0,0,0,0,0,0,0,0,0,0,0,0,0,0,0.002374223713214459,0,0,0,0,0,0,0,0,0,0,0,0,0,0,0,0,0,0,0,0,0,0,0,0,0,0,0,0,0,0,0,0,0,0,0,0,0,0,0,0,0,0,0,0,0,0,0,0,0,0,0,0,0,0,0,0,0,0,0,0,0,0,0,0,0,0,0,0,0,0.009681096826259958,0.002370181250455678,0,0,0,0,0,0,0,0,0,0,0,0,0,0,0,0,0,0,0,0,0,0,0,0,0,0,0,0,0,0,0,0,0,0,0.002843930256252152,0,0,0,0,0,0,0,0,0,0,0,0,0,0,0,0,0,0,0,0,0,0,0,0,0,0,0,0,0,0,0,0,0,0,0,0,0,0,0,0,0,0,0,0,0,0,0,0,0,0,0,0,0,0,0,0,0,0,0,0,0,0,0,0,0,0,0,0,0,0,0,0,0,0,0,0,0,0,0,0,0,0,0,0,0,0,0,0,0,0,0,0,0,0,0,0,0,0,0,0,0,0,0,0,0,0,0,0,0,0,0,0,0,0,0,0,0,0,0,0,0.003175907926007211,0,0,0,0,0,0,0,0,0,0,0,0,0,0,0,0,0,0,0,0,0,0,0,0,0,0,0,0,0,0,0,0,0,0,0,0,0,0,0,0,0,0,0,0,0,0,0,0,0,0,0,0,0,0,0,0,0,0,0,0,0,0,0,0,0
0,0,0,0.005314779496008917,0,0,0,0,0,0,0,0,0,0,0,0,0,0,0,0,0,0,0,0,0,0,0,0,0,0,0,0,0,0,0,0,0,0,0,0,0,0,0,0,0,0,0,0,0,0,0,0,0,0,0,0,0,0,0,0,0,0,0,0,0,0,0.004242426325616219,0,0,0,0,0,0,0,0,0,0,0,0,0.005836421445942477,0,0,0,0,0,0,0,0,0,0,0,0,0,0,0.006047204577457305,0,0,0.01095913831151843,0,0,0,0,0,0,0,0,0,0,0,0,0,0,0,0,0,0,0,0,0,0,0,0,0,0,0,0,0,0,0,0,0,0,0,0.006565084383958026,0,0,0,0,0,0.004821888028400724,0,0,0,0,0,0,0,0,0,0,0.004978465486501674,0,0,0.01091615484331541,0,0,0,0,0,0,0,0,0,0,0,0,0,0,0,0,0,0,0,0,0,0,0,0,0,0,0,0,0,0,0,0,0,0,0,0,0,0,0,0,0,0,0,0,0,0,0,0,0,0,0,0,0,0,0,0,0,0.006073812087407463,0,0,0,0,0,0,0.005308377128414008,0,0,0,0.005058253043420292,0,0,0,0,0.004896277302599904,0.006309198081097776,0,0,0,0,0,0,0,0,0,0,0,0,0,0,0,0,0,0,0,0,0,0,0,0,0,0,0,0,0,0,0,0,0,0,0,0,0,0,0,0,0.01240344498572717,0.004077349137037396,0,0,0,0,0,0,0,0,0,0,0,0,0,0,0.004643991617910806,0.01090367171516073,0,0,0,0,0,0,0,0,0,0,0,0,0,0,0,0,0,0,0,0,0,0,0,0,0,0,0,0,0,0,0,0,0,0,0,0,0,0,0,0,0,0,0,0,0,0,0,0,0,0,0,0,0,0,0,0,0,0,0,0,0,0,0,0,0,0,0.005001821298386716,0.005170005746995596,0,0.01090036807402896,0.01156229925868825,0,0,0,0,0,0,0,0,0,0,0,0,0,0,0,0,0,0,0,0,0,0,0,0,0,0,0,0,0,0,0,0,0,0,0,0,0,0,0,0,0,0,0,0,0,0,0,0,0,0,0,0,0,0,0,0,0,0,0,0.006911585336016319,0,0.006909920922493303,0.005305417138293658,0.01092379631356141,0.0106547624128486,0.005156829559206133,0.006780000377175742,0.005073226609762794,0,0
