fold,meta_index,drug_index,label,local_weight,global_weight,local_logit,global_logit,local_contribution,global_contribution,fused_logit,probability
1,30,438,1.0,0.37992787,0.62007207,0.981759,-4.3839707,0.3729976,-2.7183778,-2.3453803,0.087433666
1,276,198,1.0,0.37992787,0.62007207,7.1556606,8.667275,2.7186348,5.3743353,8.09297,0.99969447
1,37,293,1.0,0.37992787,0.62007207,4.6552377,7.160484,1.7686546,4.440016,6.2086706,0.99799216
1,146,293,1.0,0.37992787,0.62007207,5.1760435,5.82981,1.9665232,3.6149025,5.5814257,0.996247
1,73,572,1.0,0.37992787,0.62007207,1.4390365,7.490559,0.5467301,4.6446867,5.1914167,0.9944667
1,65,343,1.0,0.37992787,0.62007207,-0.7613043,2.2872357,-0.28924072,1.418251,1.1290103,0.75565624
1,257,18,1.0,0.37992787,0.62007207,3.6255374,6.827652,1.3774427,4.2336364,5.611079,0.99635625
1,262,226,1.0,0.37992787,0.62007207,3.5822806,7.4710755,1.3610083,4.632605,5.9936132,0.9975115
1,416,343,1.0,0.37992787,0.62007207,2.9877696,6.9423003,1.135137,4.3047266,5.4398637,0.9956787
1,390,78,1.0,0.37992787,0.62007207,5.6994286,12.321971,2.1653717,7.64051,9.8058815,0.9999449
1,16,324,1.0,0.37992787,0.62007207,4.8171396,8.3732395,1.8301656,5.192012,7.0221777,0.99910885
1,107,103,1.0,0.37992787,0.62007207,5.452712,5.415558,2.0716374,3.358036,5.429673,0.9956346
1,414,138,1.0,0.37992787,0.62007207,-0.24333619,-4.9609127,-0.0924502,-3.0761235,-3.1685736,0.040365633
1,227,58,1.0,0.37992787,0.62007207,7.0855865,7.7060003,2.6920118,4.7782755,7.4702873,0.9994305
1,79,363,1.0,0.37992787,0.62007207,6.9942856,4.608759,2.657324,2.8577626,5.5150867,0.9959906
1,12,198,1.0,0.37992787,0.62007207,4.0973587,5.0772247,1.5567008,3.1482453,4.704946,0.9910308
1,19,574,1.0,0.37992787,0.62007207,-1.8450822,-9.6143875,-0.7009981,-5.961613,-6.6626115,0.0012761743
1,195,52,1.0,0.37992787,0.62007207,1.530363,-2.5914657,0.5814276,-1.6068954,-1.0254679,0.2639637
1,63,347,1.0,0.37992787,0.62007207,5.2081766,9.401564,1.9787315,5.829647,7.8083787,0.9995939
1,39,383,1.0,0.37992787,0.62007207,4.1580358,7.9134398,1.5797536,4.906903,6.486656,0.9984787
1,84,139,1.0,0.37992787,0.62007207,0.64258885,1.892824,0.24413742,1.1736873,1.4178247,0.80499715
1,423,566,1.0,0.37992787,0.62007207,4.3272734,1.7511659,1.6440518,1.085849,2.7299008,0.93876815
1,343,198,1.0,0.37992787,0.62007207,7.964659,6.9782715,3.025996,4.327031,7.3530273,0.9993598
1,79,367,1.0,0.37992787,0.62007207,6.9003744,4.2040844,2.6216445,2.6068354,5.22848,0.99466693
1,79,582,1.0,0.37992787,0.62007207,4.400008,2.9240992,1.6716858,1.8131522,3.484838,0.9702533
1,11,149,1.0,0.37992787,0.62007207,1.3051697,-2.6366777,0.49587035,-1.6349303,-1.1390599,0.24249303
1,275,198,1.0,0.37992787,0.62007207,5.827325,7.6093636,2.213963,4.7183537,6.932317,0.9990252
1,193,204,1.0,0.37992787,0.62007207,3.6683664,3.5784004,1.3937147,2.218866,3.6125808,0.9737268
1,16,510,1.0,0.37992787,0.62007207,-3.0418215,-8.497477,-1.1556728,-5.2690477,-6.424721,0.0016183624
1,193,192,1.0,0.37992787,0.62007207,-0.91725767,4.20391,-0.34849176,2.6067271,2.2582355,0.90535855
1,107,275,1.0,0.37992787,0.62007207,3.6020172,7.0558333,1.3685067,4.375125,5.7436314,0.9968071
1,99,490,1.0,0.37992787,0.62007207,3.6494725,8.425109,1.3865364,5.2241745,6.610711,0.9986559
1,347,197,1.0,0.37992787,0.62007207,-1.1820098,-23.834158,-0.44907847,-14.778895,-15.227974,2.4354256e-07
1,11,284,1.0,0.37992787,0.62007207,2.5330462,1.3635218,0.96237487,0.8454818,1.8078567,0.8591026
1,264,331,1.0,0.37992787,0.62007207,-6.132349,-12.628027,-2.3298504,-7.830287,-10.160137,3.8680464e-05
1,27,407,1.0,0.37992787,0.62007207,7.1768384,3.3948455,2.726681,2.105049,4.83173,0.99209034
1,232,545,1.0,0.37992787,0.62007207,0.57004195,7.7804084,0.21657483,4.824414,5.0409884,0.9935742
1,247,376,1.0,0.37992787,0.62007207,1.3120638,2.4837487,0.49848962,1.5401032,2.0385928,0.8847899
1,27,319,1.0,0.37992787,0.62007207,4.4384794,6.5390205,1.6863021,4.054664,5.7409663,0.99679863
1,286,58,1.0,0.37992787,0.62007207,6.094059,7.6925683,2.3153028,4.7699466,7.0852494,0.9991634
1,27,114,1.0,0.37992787,0.62007207,6.4940815,7.1843224,2.4672825,4.4547977,6.92208,0.9990152
1,194,143,1.0,0.37992787,0.62007207,2.307733,5.980608,0.8767721,3.7084079,4.58518,0.9899011
1,3,321,1.0,0.37992787,0.62007207,3.9983418,-4.1365438,1.5190815,-2.5649552,-1.0458738,0.26001823
1,113,465,1.0,0.37992787,0.62007207,-3.9662673,-12.828653,-1.5068955,-7.9546895,-9.461585,7.777716e-05
1,107,100,1.0,0.37992787,0.62007207,6.3279037,4.865457,2.404147,3.016934,5.4210806,0.9955972
1,27,173,1.0,0.37992787,0.62007207,4.193654,5.3279405,1.593286,3.3037071,4.896993,0.9925863
1,87,176,1.0,0.37992787,0.62007207,3.8401003,6.2285705,1.4589611,3.8621626,5.3211236,0.99513656
1,20,320,1.0,0.37992787,0.62007207,4.4869275,7.6010303,1.7047088,4.7131867,6.4178953,0.9983706
1,0,69,1.0,0.37992787,0.62007207,3.423297,2.4168103,1.3006059,1.4985965,2.7992024,0.9426327
1,107,344,1.0,0.37992787,0.62007207,8.255143,5.1122475,3.136359,3.169962,6.306321,0.9981786
1,26,143,1.0,0.37992787,0.62007207,3.4128861,3.0693238,1.2966505,1.9032019,3.1998525,0.96082866
1,84,268,1.0,0.37992787,0.62007207,0.7552697,-6.310016,0.28694803,-3.9126647,-3.6257167,0.025939241
1,3,416,1.0,0.37992787,0.62007207,3.50805,-4.057261,1.332806,-2.5157943,-1.1829883,0.23451534
1,170,347,1.0,0.37992787,0.62007207,2.0083163,3.5543182,0.76301533,2.2039335,2.9669487,0.9510585
1,17,289,1.0,0.37992787,0.62007207,4.365661,6.1514425,1.6586363,3.8143377,5.472974,0.9958189
1,69,499,1.0,0.37992787,0.62007207,3.3796196,8.009233,1.2840117,4.966302,6.2503138,0.9980738
1,107,236,1.0,0.37992787,0.62007207,3.2066007,3.4559991,1.218277,2.1429684,3.3612454,0.96647114
1,27,233,1.0,0.37992787,0.62007207,4.7448616,3.099849,1.8027052,1.9221298,3.724835,0.9764508
1,69,427,1.0,0.37992787,0.62007207,4.436266,8.308115,1.685461,5.15163,6.837091,0.9989279
1,73,352,1.0,0.37992787,0.62007207,3.400578,4.685031,1.2919744,2.9050567,4.197031,0.9851827
1,27,340,1.0,0.37992787,0.62007207,3.889221,7.3700733,1.4776235,4.569977,6.0476003,0.99764204
1,384,435,1.0,0.37992787,0.62007207,5.567623,-1.6236362,2.1152952,-1.0067714,1.1085237,0.7518538
1,162,424,1.0,0.37992787,0.62007207,1.5249306,2.3729036,0.57936364,1.4713712,2.0507348,0.8860218
1,317,198,1.0,0.37992787,0.62007207,6.869817,8.501404,2.610035,5.271483,7.881518,0.99962246
1,115,418,1.0,0.37992787,0.62007207,1.0509497,1.1025443,0.39928508,0.68365693,1.082942,0.74705034
1,80,86,1.0,0.37992787,0.62007207,2.7081227,7.47471,1.0288913,4.634859,5.6637506,0.9965425
1,107,540,1.0,0.37992787,0.62007207,4.1007786,8.443956,1.5580001,5.2358613,6.7938614,0.99888057
1,27,196,1.0,0.37992787,0.62007207,4.1887045,4.615733,1.5914056,2.8620872,4.453493,0.98849607
1,107,104,1.0,0.37992787,0.62007207,3.900928,5.128427,1.4820713,3.1799943,4.6620655,0.9906414
1,11,122,1.0,0.37992787,0.62007207,4.9656463,8.784817,1.8865874,5.4472194,7.333807,0.9993474
1,96,389,1.0,0.37992787,0.62007207,2.1814744,7.9757323,0.82880294,4.945529,5.774332,0.99690336
1,107,160,1.0,0.37992787,0.62007207,7.1121845,6.90549,2.7021172,4.2819014,6.9840183,0.9990742
1,84,488,1.0,0.37992787,0.62007207,0.24915151,-10.077403,0.094659604,-6.2487164,-6.1540565,0.0021203393
1,296,198,1.0,0.37992787,0.62007207,5.76087,7.6228495,2.188715,4.726716,6.915431,0.9990087
1,65,46,1.0,0.37992787,0.62007207,0.26315108,3.8119366,0.09997843,2.3636754,2.4636538,0.92155427
1,39,537,1.0,0.37992787,0.62007207,2.7145329,8.003728,1.0313267,4.9628882,5.994215,0.99751306
1,284,383,1.0,0.37992787,0.62007207,3.6720288,3.3942025,1.3951061,2.1046503,3.4997563,0.97068083
1,98,65,1.0,0.37992787,0.62007207,1.0379275,-1.035573,0.3943376,-0.6421299,-0.2477923,0.43836698
1,239,383,1.0,0.37992787,0.62007207,4.15108,7.2134857,1.577111,4.472881,6.0499916,0.9976477
1,107,512,1.0,0.37992787,0.62007207,6.246998,8.283538,2.3734086,5.13639,7.509799,0.99945265
1,11,381,1.0,0.37992787,0.62007207,5.910109,4.094036,2.2454152,2.5385973,4.784013,0.99170697
1,140,211,1.0,0.37992787,0.62007207,0.99627775,-5.6318545,0.3785137,-3.4921558,-3.1136422,0.042548023
1,221,198,1.0,0.37992787,0.62007207,4.428102,8.707378,1.6823593,5.3992023,7.0815616,0.9991603
1,359,566,1.0,0.37992787,0.62007207,4.4652667,5.8862686,1.6964793,3.6499107,5.34639,0.9952573
1,144,218,1.0,0.37992787,0.62007207,-3.4058251,-14.464359,-1.2939678,-8.9689455,-10.262914,3.4902623e-05
1,39,499,1.0,0.37992787,0.62007207,1.7080287,6.854375,0.6489277,4.2502065,4.899134,0.99260205
1,171,338,1.0,0.37992787,0.62007207,-0.057709385,6.499376,-0.021925405,4.0300813,4.008156,0.98215723
1,373,173,1.0,0.37992787,0.62007207,5.491067,8.870291,2.0862093,5.5002193,7.5864286,0.999493
1,27,560,1.0,0.37992787,0.62007207,4.7828836,-2.5746663,1.8171508,-1.5964786,0.22067225,0.55494523
1,311,198,1.0,0.37992787,0.62007207,8.197019,7.9981866,3.114276,4.959452,8.073729,0.9996885
1,193,386,1.0,0.37992787,0.62007207,0.1455928,-8.782575,0.05531476,-5.4458294,-5.390515,0.004538929
1,114,89,1.0,0.37992787,0.62007207,3.5199535,5.161498,1.3373284,3.2005007,4.5378294,0.98941654
1,27,261,1.0,0.37992787,0.62007207,2.491045,5.2724576,0.94641745,3.2693038,4.215721,0.98545307
1,363,75,1.0,0.37992787,0.62007207,-5.5478535,-13.419105,-2.1077843,-8.320812,-10.4285965,2.9573672e-05
1,39,224,1.0,0.37992787,0.62007207,1.9189051,4.2454295,0.72904557,2.6324723,3.361518,0.96647996
1,94,58,1.0,0.37992787,0.62007207,6.5848255,7.721073,2.5017588,4.787622,7.289381,0.99931777
1,107,269,1.0,0.37992787,0.62007207,4.6638813,7.452199,1.7719386,4.6209006,6.3928394,0.99832934
1,107,403,1.0,0.37992787,0.62007207,6.94851,5.846813,2.6399326,3.6254456,6.265378,0.9981026
1,107,279,1.0,0.37992787,0.62007207,6.053233,4.6080923,2.299792,2.8573494,5.1571417,0.9942748
1,64,569,1.0,0.37992787,0.62007207,1.2637181,-1.1112461,0.48012173,-0.6890527,-0.20893097,0.44795644
1,16,575,1.0,0.37992787,0.62007207,2.6822546,6.4197817,1.0190632,3.9807272,4.99979,0.99330574
1,107,464,1.0,0.37992787,0.62007207,5.9866323,3.4023273,2.2744884,2.109688,4.3841763,0.98768055
1,27,494,1.0,0.37992787,0.62007207,0.6031447,0.8698878,0.22915149,0.5393931,0.7685446,0.68320596
1,107,101,1.0,0.37992787,0.62007207,5.801894,5.17653,2.2043014,3.2098217,5.414123,0.99556655
1,110,566,1.0,0.37992787,0.62007207,1.9308839,1.5861726,0.7335966,0.9835413,1.7171379,0.84775984
1,117,82,1.0,0.37992787,0.62007207,-7.9173317,-8.658531,-3.008015,-5.368913,-8.376928,0.00023006275
1,16,456,1.0,0.37992787,0.62007207,0.25527087,2.1810033,0.09698452,1.3523792,1.4493637,0.80990046
1,27,484,1.0,0.37992787,0.62007207,1.4972368,2.6421306,0.568842,1.6383114,2.2071533,0.90089005
1,38,385,1.0,0.37992787,0.62007207,3.4971843,3.7266023,1.3286778,2.310762,3.6394396,0.9744052
1,70,282,1.0,0.37992787,0.62007207,0.44719,-1.8960826,0.16989994,-1.1757079,-1.005808,0.26780102
1,31,286,1.0,0.37992787,0.62007207,3.8550918,4.7055173,1.4646568,2.91776,4.3824167,0.98765904
1,16,198,1.0,0.37992787,0.62007207,6.101739,4.844879,2.3182206,3.0041742,5.322395,0.9951427
1,27,447,1.0,0.37992787,0.62007207,6.3774614,3.175545,2.4229753,1.9690667,4.392042,0.9877758
1,169,389,1.0,0.37992787,0.62007207,1.3604015,9.061046,0.51685447,5.618501,6.1353555,0.9978397
1,69,563,1.0,0.37992787,0.62007207,3.2006884,1.9676679,1.2160307,1.2200959,2.4361267,0.91954094
1,209,29,1.0,0.37992787,0.62007207,-8.061717,-15.060806,-3.062871,-9.338785,-12.401656,4.1117564e-06
1,182,545,1.0,0.37992787,0.62007207,1.4493053,-4.3808084,0.55063146,-2.7164168,-2.1657853,0.10286534
1,27,208,1.0,0.37992787,0.62007207,5.8644714,4.7025833,2.2280762,2.9159405,5.1440167,0.99419963
1,107,434,1.0,0.37992787,0.62007207,5.643227,6.953296,2.1440194,4.311545,6.4555645,0.99843067
1,62,132,1.0,0.37992787,0.62007207,1.8429737,3.1660063,0.7001971,1.963152,2.6633492,0.93482906
1,55,58,1.0,0.37992787,0.62007207,5.2677913,2.601557,2.0013807,1.6131529,3.6145334,0.9737767
1,15,69,1.0,0.37992787,0.62007207,4.0218472,7.7428875,1.5280119,4.8011484,6.32916,0.99821967
1,137,277,1.0,0.37992787,0.62007207,4.7390056,8.474866,1.8004804,5.255028,7.055508,0.9991381
1,55,120,1.0,0.37992787,0.62007207,3.010194,0.057303943,1.1436566,0.035532575,1.1791892,0.764802
1,84,338,1.0,0.37992787,0.62007207,3.6728237,2.6949959,1.395408,1.6710917,3.0664997,0.9554896
1,51,293,1.0,0.37992787,0.62007207,5.1596336,8.897033,1.9602886,5.5168014,7.47709,0.9994344
1,161,300,1.0,0.37992787,0.62007207,1.804207,-0.25211692,0.6854685,-0.15633066,0.52913785,0.62928194
1,114,155,1.0,0.37992787,0.62007207,5.259685,3.495308,1.9983009,2.167343,4.1656437,0.9847174
1,99,15,1.0,0.37992787,0.62007207,4.778455,7.7237616,1.8154682,4.789289,6.6047573,0.998648
1,247,128,1.0,0.37992787,0.62007207,-0.56310254,-13.495834,-0.21393836,-8.36839,-8.582329,0.00018735298
1,84,507,1.0,0.37992787,0.62007207,3.3863492,6.420915,1.2865684,3.98143,5.2679987,0.9948725
1,27,411,1.0,0.37992787,0.62007207,-3.0716953,8.983336,-1.1670227,5.570316,4.403293,0.987911
1,55,401,1.0,0.37992787,0.62007207,2.8933365,-0.037346266,1.0992591,-0.023157377,1.0761018,0.7457556
1,247,38,1.0,0.37992787,0.62007207,0.133297,-4.6431713,0.050643243,-2.8791008,-2.8284576,0.055805616
1,212,15,1.0,0.37992787,0.62007207,4.1400967,7.544674,1.5729381,4.6782417,6.2511797,0.9980755
1,87,116,1.0,0.37992787,0.62007207,2.896499,7.877301,1.1004606,4.8844943,5.984955,0.99749005
1,107,298,1.0,0.37992787,0.62007207,6.733975,4.1105924,2.5584247,2.5488634,5.1072884,0.9939839
1,201,577,1.0,0.37992787,0.62007207,-2.1461873,-5.722477,-0.81539637,-3.5483482,-4.3637447,0.012570594
1,27,378,1.0,0.37992787,0.62007207,3.9955919,2.3446786,1.5180367,1.4538697,2.9719064,0.95128864
1,27,347,1.0,0.37992787,0.62007207,3.745366,3.481148,1.422969,2.1585627,3.5815315,0.9729207
1,69,1,1.0,0.37992787,0.62007207,3.5771594,6.0566998,1.3590626,3.7555904,5.114653,0.99402785
1,27,392,1.0,0.37992787,0.62007207,2.9186387,1.5922552,1.1088722,0.987313,2.0961852,0.89053184
1,213,311,1.0,0.37992787,0.62007207,4.0603147,7.1414595,1.5426267,4.4282193,5.970846,0.99745446
1,125,198,1.0,0.37992787,0.62007207,4.2258744,3.8451483,1.6055275,2.384269,3.9897966,0.98183274
1,27,175,1.0,0.37992787,0.62007207,4.692715,4.669621,1.7828933,2.8955016,4.678395,0.9907917
1,15,406,1.0,0.37992787,0.62007207,2.4366972,-0.015471615,0.9257692,-0.009593517,0.9161757,0.71426225
1,396,198,1.0,0.37992787,0.62007207,6.995631,8.419249,2.6578352,5.220541,7.878376,0.9996213
1,186,323,1.0,0.37992787,0.62007207,3.386814,4.442625,1.2867451,2.7547476,4.0414925,0.9827322
1,87,136,1.0,0.37992787,0.62007207,1.1928071,-2.850183,0.45318067,-1.7673188,-1.3141382,0.2117952
1,16,10,1.0,0.37992787,0.62007207,0.16055574,0.55641913,0.0609996,0.34501997,0.40601957,0.60013306
1,195,17,1.0,0.37992787,0.62007207,4.7601137,9.574555,1.8084999,5.9369144,7.7454143,0.99956745
1,29,105,1.0,0.37992787,0.62007207,0.011334133,-9.237919,0.0043061534,-5.7281756,-5.7238693,0.0032564064
1,96,349,1.0,0.37992787,0.62007207,5.0823436,6.527649,1.9309239,4.0476127,5.9785366,0.9974739
1,164,428,1.0,0.37992787,0.62007207,1.5804617,5.5063076,0.6004615,3.4143076,4.014769,0.9822728
1,170,293,1.0,0.37992787,0.62007207,-0.1851074,0.11268672,-0.07032746,0.06987389,-0.000453569,0.4998866
1,213,499,1.0,0.37992787,0.62007207,0.62924355,3.777463,0.23906717,2.3422992,2.5813663,0.92965275
1,236,350,1.0,0.37992787,0.62007207,-4.529341,-4.587703,-1.7208229,-2.8447065,-4.5655293,0.010297234
1,33,85,1.0,0.37992787,0.62007207,0.72396606,-0.02134902,0.27505487,-0.013237931,0.26181695,0.5650829
1,79,87,1.0,0.37992787,0.62007207,6.4201336,2.5835152,2.4391878,1.6019655,4.0411534,0.98272645
1,107,400,1.0,0.37992787,0.62007207,2.5232537,2.25783,0.9586544,1.4000173,2.3586717,0.91362107
1,27,262,1.0,0.37992787,0.62007207,7.328606,5.954787,2.7843418,3.6923969,6.476739,0.9984635
1,69,145,1.0,0.37992787,0.62007207,5.343755,8.674763,2.0302415,5.3789783,7.4092197,0.99939466
1,26,364,1.0,0.37992787,0.62007207,-0.32230285,6.1610937,-0.122451834,3.820322,3.6978703,0.9758228
1,79,228,1.0,0.37992787,0.62007207,3.6485515,-1.4543335,1.3861864,-0.90179163,0.48439473,0.6187851
1,370,233,1.0,0.37992787,0.62007207,-1.9412855,-6.287133,-0.7375485,-3.8984756,-4.636024,0.009603061
1,251,205,1.0,0.37992787,0.62007207,-1.8619418,-11.849747,-0.7074036,-7.347697,-8.0551,0.00031737774
1,4,66,1.0,0.37992787,0.62007207,-2.4004526,-17.033846,-0.91199887,-10.562212,-11.474211,1.039463e-05
1,84,472,1.0,0.37992787,0.62007207,2.9008908,1.6268598,1.1021293,1.0087703,2.1108997,0.89195806
1,107,58,1.0,0.37992787,0.62007207,2.9014826,3.029573,1.102354,1.8785535,2.9809074,0.9517041
1,55,171,1.0,0.37992787,0.62007207,1.6645899,-1.23482,0.6324241,-0.7656774,-0.13325328,0.46673584
1,395,198,1.0,0.37992787,0.62007207,7.3135705,8.88906,2.7786293,5.511858,8.290487,0.9997491
1,27,178,1.0,0.37992787,0.62007207,4.338765,4.710448,1.6484178,2.9208171,4.569235,0.9897405
1,59,385,1.0,0.37992787,0.62007207,2.290222,7.9617033,0.87011915,4.93683,5.806949,0.9970024
1,84,324,1.0,0.37992787,0.62007207,5.324645,4.532907,2.0229812,2.810729,4.83371,0.99210584
1,27,229,1.0,0.37992787,0.62007207,2.374182,4.1017194,0.9020179,2.5433617,3.4453795,0.969093
1,115,40,1.0,0.37992787,0.62007207,4.086058,5.5892878,1.5524074,3.4657612,5.0181684,0.9934269
1,18,347,1.0,0.37992787,0.62007207,5.2158093,3.6010149,1.9816314,2.2328887,4.21452,0.9854358
1,16,86,1.0,0.37992787,0.62007207,2.677845,5.636705,1.017388,3.4951632,4.5125513,0.98914856
1,127,293,1.0,0.37992787,0.62007207,4.9211392,7.9535184,1.869678,4.9317546,6.8014326,0.998889
1,212,225,1.0,0.37992787,0.62007207,3.0054798,7.4575157,1.1418656,4.624197,5.7660627,0.9968777
1,16,196,1.0,0.37992787,0.62007207,4.595413,7.7229795,1.7459255,4.788804,6.5347295,0.99855
1,79,168,1.0,0.37992787,0.62007207,6.503504,4.735894,2.4708624,2.9365957,5.4074583,0.99553704
1,231,480,1.0,0.37992787,0.62007207,-2.4727192,-18.77485,-0.939455,-11.641761,-12.581216,3.4359423e-06
1,36,92,1.0,0.37992787,0.62007207,3.9123569,9.189207,1.4864135,5.6979704,7.184384,0.9992423
1,3,176,1.0,0.37992787,0.62007207,2.3178754,6.4821825,0.8806255,4.01942,4.9000454,0.9926087
1,27,221,1.0,0.37992787,0.62007207,0.18932568,1.0119774,0.0719301,0.6274989,0.69942904,0.66806114
1,80,499,1.0,0.37992787,0.62007207,-0.69179904,-5.0993967,-0.26283374,-3.1619935,-3.4248273,0.031528495
1,246,293,1.0,0.37992787,0.62007207,2.737023,4.6317153,1.0398713,2.8719974,3.9118686,0.9803892
1,109,385,1.0,0.37992787,0.62007207,4.450434,4.3247004,1.690844,2.6816258,4.37247,0.9875373
1,155,300,1.0,0.37992787,0.62007207,3.0008821,3.5395792,1.1401187,2.1947942,3.3349128,0.9656073
1,107,329,1.0,0.37992787,0.62007207,4.792528,5.3241186,1.8208151,3.3013372,5.1221523,0.99407214
1,368,193,1.0,0.37992787,0.62007207,3.939664,-2.0759213,1.4967881,-1.2872208,0.20956731,0.5522009
1,193,88,1.0,0.37992787,0.62007207,2.022234,-0.23704618,0.76830304,-0.14698571,0.6213173,0.6505181
1,16,0,1.0,0.37992787,0.62007207,-0.015446442,2.665995,-0.005868534,1.653109,1.6472404,0.8385178
1,207,347,1.0,0.37992787,0.62007207,4.508181,-1.7027577,1.7127837,-1.0558325,0.6569512,0.6585752
1,169,383,1.0,0.37992787,0.62007207,2.420323,7.8453465,0.91954815,4.8646803,5.7842283,0.9969337
1,392,424,1.0,0.37992787,0.62007207,-0.3373983,-4.117511,-0.12818702,-2.5531535,-2.6813405,0.06408343
1,201,345,1.0,0.37992787,0.62007207,2.5249128,1.9341035,0.9592848,1.1992836,2.1585684,0.8964668
1,298,198,1.0,0.37992787,0.62007207,5.9150877,8.079282,2.2473066,5.009737,7.257044,0.99929523
1,100,31,1.0,0.37992787,0.62007207,1.465612,0.7576705,0.5568269,0.46981034,1.0266372,0.7362634
1,107,60,1.0,0.37992787,0.62007207,5.793461,8.210337,2.2010972,5.0910006,7.292098,0.99931955
1,128,97,1.0,0.37992787,0.62007207,0.46332842,5.9883194,0.17603138,3.7131896,3.889221,0.97994894
1,277,198,1.0,0.37992787,0.62007207,7.0140066,8.419248,2.6648166,5.22054,7.885357,0.9996239
1,282,23,1.0,0.37992787,0.62007207,0.8503799,5.7468004,0.323083,3.5634303,3.8865132,0.9798957
1,23,347,1.0,0.37992787,0.62007207,0.7601241,3.5670288,0.28879234,2.2118149,2.5006073,0.9241844
1,55,48,1.0,0.37992787,0.62007207,0.76551914,2.0183172,0.29084206,1.2515022,1.5423442,0.8238053
1,419,87,1.0,0.37992787,0.62007207,7.623228,9.285847,2.896277,5.757894,8.654171,0.99982566
1,160,85,1.0,0.37992787,0.62007207,4.0199456,4.3118973,1.5272894,2.673687,4.2009764,0.9852402
1,70,309,1.0,0.37992787,0.62007207,1.5047042,6.142343,0.57167906,3.8086953,4.3803744,0.9876342
1,27,33,1.0,0.37992787,0.62007207,6.6985145,7.3317995,2.5449524,4.546244,7.0911965,0.9991683
1,87,308,1.0,0.37992787,0.62007207,2.661518,4.6092734,1.0111849,2.8580818,3.8692667,0.97955316
1,114,178,1.0,0.37992787,0.62007207,0.4630245,-2.7634165,0.17591591,-1.7135174,-1.5376015,0.17688423
1,247,23,1.0,0.37992787,0.62007207,-0.90236694,-0.01849284,-0.34283435,-0.011466893,-0.35430124,0.41233978
1,27,467,1.0,0.37992787,0.62007207,5.4617214,7.3997955,2.0750601,4.5884066,6.6634665,0.9987249
1,69,311,1.0,0.37992787,0.62007207,6.2632456,7.7649536,2.3795817,4.814831,7.194412,0.99924976
1,27,354,1.0,0.37992787,0.62007207,6.5309896,3.3726158,2.4813051,2.091265,4.57257,0.9897742
1,345,343,1.0,0.37992787,0.62007207,3.4163663,7.0800323,1.2979728,4.3901305,5.688103,0.9966254
1,27,410,1.0,0.37992787,0.62007207,-0.66672313,9.597118,-0.25330672,5.950905,5.697598,0.99665725
1,30,333,1.0,0.37992787,0.62007207,2.7681727,-3.8102667,1.051706,-2.36264,-1.310934,0.21233061
1,30,380,1.0,0.37992787,0.62007207,0.53749907,1.5931166,0.20421088,0.98784715,1.1920581,0.767109
1,286,87,1.0,0.37992787,0.62007207,6.218565,9.354685,2.3626063,5.8005786,8.163185,0.99971515
1,202,320,1.0,0.37992787,0.62007207,5.0066686,3.7105134,1.9021729,2.3007858,4.2029586,0.985269
1,404,198,1.0,0.37992787,0.62007207,6.059681,8.060333,2.3022418,4.9979873,7.300229,0.99932504
1,81,385,1.0,0.37992787,0.62007207,5.3321176,-2.270213,2.02582,-1.4076957,0.61812437,0.64979184
1,42,566,1.0,0.37992787,0.62007207,3.8648353,5.40184,1.4683586,3.3495302,4.8178887,0.991981
1,115,149,1.0,0.37992787,0.62007207,2.8710575,5.748181,1.0907948,3.5642865,4.6550813,0.9905765
1,13,350,1.0,0.37992787,0.62007207,1.4220824,0.8923626,0.54028875,0.5533291,1.0936179,0.74906236
1,19,372,1.0,0.37992787,0.62007207,1.2954338,-2.3369703,0.4921714,-1.44909,-0.9569186,0.27749556
1,25,382,1.0,0.37992787,0.62007207,0.14857711,-2.6132386,0.056448586,-1.6203963,-1.5639477,0.1730809
1,24,230,1.0,0.37992787,0.62007207,-6.0180326,7.489102,-2.2864182,4.643783,2.357365,0.9135179
1,215,75,1.0,0.37992787,0.62007207,-0.7159573,-6.134124,-0.2720121,-3.8035989,-4.075611,0.016698267
1,366,154,1.0,0.37992787,0.62007207,4.1250324,9.829674,1.5672148,6.095106,7.662321,0.9995301
1,65,87,1.0,0.37992787,0.62007207,5.10853,4.5021353,1.9408729,2.7916484,4.732521,0.9912726
1,355,246,1.0,0.37992787,0.62007207,5.7595625,7.3089504,2.1882184,4.532076,6.720294,0.9987953
1,175,46,1.0,0.37992787,0.62007207,4.3509016,8.4247055,1.6530288,5.2239246,6.8769536,0.9989698
1,95,349,1.0,0.37992787,0.62007207,2.9231434,1.5553322,1.1105837,0.96441805,2.0750017,0.8884496
1,140,477,1.0,0.37992787,0.62007207,5.0553617,6.5984945,1.9206729,4.0915422,6.012215,0.9975573
1,11,47,1.0,0.37992787,0.62007207,2.5673459,3.8564775,0.9754062,2.391294,3.3667002,0.96664745
1,183,451,1.0,0.37992787,0.62007207,0.02755354,-1.2650076,0.010468358,-0.7843959,-0.7739275,0.31563014
1,140,192,1.0,0.37992787,0.62007207,1.4173445,5.61355,0.5384887,3.4808056,4.0192943,0.9823514
1,297,198,1.0,0.37992787,0.62007207,5.988414,8.2620325,2.2751653,5.1230555,7.398221,0.999388
1,64,376,1.0,0.37992787,0.62007207,3.9746008,1.2323153,1.5100616,0.7641243,2.274186,0.90671647
1,55,420,1.0,0.37992787,0.62007207,3.602375,3.4962156,1.3686427,2.1679056,3.5365481,0.97170997
1,27,129,1.0,0.37992787,0.62007207,5.3437586,-1.4210525,2.030243,-0.88115495,1.1490879,0.7593442
1,99,185,1.0,0.37992787,0.62007207,-2.3053946,-4.021293,-0.8758837,-2.4934916,-3.3693752,0.033266395
1,107,116,1.0,0.37992787,0.62007207,4.890591,6.2993584,1.8580719,3.9060562,5.764128,0.99687165
1,105,379,1.0,0.37992787,0.62007207,0.4042444,1.5518606,0.1535837,0.9622654,1.115849,0.75321794
1,115,308,1.0,0.37992787,0.62007207,5.9964185,5.948929,2.2782066,3.6887646,5.9669714,0.9974445
1,107,153,1.0,0.37992787,0.62007207,6.281198,1.9109197,2.3864021,1.1849079,3.57131,0.9726501
1,16,376,1.0,0.37992787,0.62007207,-2.8885584,0.82712483,-1.0974438,0.512877,-0.58456683,0.35788247
1,269,58,1.0,0.37992787,0.62007207,6.8501225,7.9626904,2.6025524,4.937442,7.5399942,0.99946886
1,282,536,1.0,0.37992787,0.62007207,-5.9194794,-14.032707,-2.2489753,-8.70129,-10.950266,1.7553039e-05
1,417,87,1.0,0.37992787,0.62007207,7.586439,9.073258,2.8822997,5.6260743,8.508374,0.99979824
1,247,105,1.0,0.37992787,0.62007207,1.2555865,0.81897855,0.4770323,0.50782573,0.98485804,0.7280711
1,94,526,1.0,0.37992787,0.62007207,0.8453942,-6.069416,0.3211888,-3.7634754,-3.4422865,0.03099973
1,107,148,1.0,0.37992787,0.62007207,6.3334146,5.53071,2.4062407,3.4294388,5.8356795,0.99708706
1,13,309,1.0,0.37992787,0.62007207,0.79434675,-4.566278,0.30179447,-2.8314214,-2.5296268,0.07380715
1,27,501,1.0,0.37992787,0.62007207,0.90721625,2.6472678,0.34467673,1.6414968,1.9861735,0.8793378
1,13,497,1.0,0.37992787,0.62007207,2.140667,-15.247833,0.81329906,-9.454756,-8.641457,0.00017659825
1,247,455,1.0,0.37992787,0.62007207,-3.0779138,-10.230958,-1.1693852,-6.343931,-7.513316,0.0005454705
1,42,347,1.0,0.37992787,0.62007207,4.982278,6.476818,1.8929062,4.016094,5.9090004,0.99729246
1,87,276,1.0,0.37992787,0.62007207,3.0864384,3.1589758,1.172624,1.9587927,3.1314168,0.95817024
1,9,365,1.0,0.37992787,0.62007207,-3.5274425,-1.3760991,-1.3401737,-0.8532806,-2.1934543,0.10033984
1,27,372,1.0,0.37992787,0.62007207,1.5911047,5.852069,0.60450506,3.6287045,4.2332096,0.9857017
1,144,176,1.0,0.37992787,0.62007207,-1.9849561,-14.709488,-0.75414014,-9.120942,-9.875082,5.1437994e-05
1,159,198,1.0,0.37992787,0.62007207,5.8406734,6.6482925,2.2190347,4.1224203,6.341455,0.9982413
1,386,133,1.0,0.37992787,0.62007207,3.3547869,0.23104441,1.274577,0.14326419,1.4178412,0.80499977
1,16,343,1.0,0.37992787,0.62007207,5.400814,7.1977053,2.0519197,4.463096,6.5150156,0.99852115
1,10,349,1.0,0.37992787,0.62007207,5.331102,7.7920046,2.0254343,4.8316045,6.8570385,0.9989491
1,128,72,1.0,0.37992787,0.62007207,0.35333487,9.1436,0.13424177,5.669691,5.8039327,0.9969934
1,140,58,1.0,0.37992787,0.62007207,2.093539,3.3915973,0.7953938,2.1030347,2.8984284,0.9477687
1,10,92,1.0,0.37992787,0.62007207,3.7394767,3.4298704,1.4207314,2.126767,3.5474982,0.9720095
1,15,349,1.0,0.37992787,0.62007207,5.089381,7.2769637,1.9335978,4.512242,6.44584,0.99841535
1,79,95,1.0,0.37992787,0.62007207,3.0610802,2.2834308,1.1629897,1.4158916,2.5788813,0.92949
1,212,303,1.0,0.37992787,0.62007207,2.9296432,2.5908873,1.1130531,1.6065369,2.71959,0.93817276
1,68,65,1.0,0.37992787,0.62007207,-0.5812744,-7.7080975,-0.22084235,-4.779576,-5.000418,0.0066900714
1,107,222,1.0,0.37992787,0.62007207,4.7935905,6.3504276,1.8212186,3.9377227,5.758941,0.9968555
1,367,515,1.0,0.37992787,0.62007207,-7.547099,-17.703524,-2.8673532,-10.977461,-13.844814,9.711205e-07
1,11,370,1.0,0.37992787,0.62007207,4.428541,-0.4177945,1.6825262,-0.2590627,1.4234636,0.8058808
1,421,58,1.0,0.37992787,0.62007207,7.2952456,7.2376447,2.7716672,4.487861,7.259528,0.999297
1,107,511,1.0,0.37992787,0.62007207,8.60445,3.690112,3.2690704,2.2881355,5.557206,0.9961553
1,107,579,1.0,0.37992787,0.62007207,5.3561625,7.817827,2.0349555,4.847616,6.8825717,0.9989755
1,211,87,1.0,0.37992787,0.62007207,5.727593,10.190832,2.1760721,6.3190503,8.495123,0.9997956
1,99,446,1.0,0.37992787,0.62007207,1.428118,5.4178233,0.54258186,3.3594408,3.9020226,0.98019904
1,42,126,1.0,0.37992787,0.62007207,-0.3885197,5.5730786,-0.14760947,3.4557104,3.308101,0.9647057
1,212,244,1.0,0.37992787,0.62007207,-1.641951,-2.0044448,-0.6238229,-1.2429003,-1.8667232,0.13392134
1,107,397,1.0,0.37992787,0.62007207,0.56872886,8.852894,0.21607594,5.4894323,5.705508,0.9966834
1,114,120,1.0,0.37992787,0.62007207,3.3034582,1.6412494,1.2550758,1.0176929,2.2727687,0.90659654
1,246,87,1.0,0.37992787,0.62007207,5.246937,1.3983638,1.9934576,0.86708635,2.860544,0.94586116
1,11,121,1.0,0.37992787,0.62007207,4.3886538,1.5170649,1.6673719,0.94068956,2.6080613,0.93137854
1,27,491,1.0,0.37992787,0.62007207,5.963443,5.3003397,2.2656782,3.2865925,5.552271,0.99613637
1,99,225,1.0,0.37992787,0.62007207,3.3106103,8.565739,1.2577932,5.311375,6.569168,0.998599
1,79,535,1.0,0.37992787,0.62007207,4.4193335,6.283184,1.6790279,3.8960268,5.5750546,0.9962231
1,115,273,1.0,0.37992787,0.62007207,3.1171331,0.95380557,1.1842858,0.59142816,1.7757139,0.8551668
1,140,338,1.0,0.37992787,0.62007207,3.5344176,5.4444857,1.3428237,3.3759735,4.718797,0.99115306
1,79,235,1.0,0.37992787,0.62007207,5.2565136,5.5700073,1.9970961,3.453806,5.450902,0.99572587
1,3,561,1.0,0.37992787,0.62007207,-2.0368812,-8.933043,-0.77386796,-5.53913,-6.3129983,0.001809311
1,79,553,1.0,0.37992787,0.62007207,4.827567,2.820943,1.8341273,1.7491881,3.5833154,0.9729677
1,15,181,1.0,0.37992787,0.62007207,3.4916084,-1.1729184,1.3265593,-0.72729397,0.59926534,0.6454882
1,114,532,1.0,0.37992787,0.62007207,5.6337876,6.8243136,2.140433,4.2315664,6.3719997,0.9982942
1,202,92,1.0,0.37992787,0.62007207,3.2541614,0.28092346,1.2363466,0.17419279,1.4105394,0.803851
1,107,30,1.0,0.37992787,0.62007207,7.6803703,0.08719257,2.9179869,0.05406568,2.9720526,0.95129544
1,79,94,1.0,0.37992787,0.62007207,5.276015,6.967052,2.0045052,4.3200746,6.3245797,0.9982115
1,283,239,1.0,0.37992787,0.62007207,2.2132602,9.419561,0.8408792,5.840807,6.6816864,0.99874794
1,11,308,1.0,0.37992787,0.62007207,2.3271966,-1.448998,0.88416684,-0.89848316,-0.01431632,0.49642098
1,262,565,1.0,0.37992787,0.62007207,2.946857,-6.490508,1.1195931,-4.024583,-2.9049897,0.051907457
1,114,87,1.0,0.37992787,0.62007207,3.5056145,3.5826337,1.3318807,2.221491,3.553372,0.97216874
1,336,198,1.0,0.37992787,0.62007207,6.1119137,7.088848,2.3220863,4.3955965,6.717683,0.9987921
1,11,53,1.0,0.37992787,0.62007207,4.4543734,8.3263855,1.6923406,5.162959,6.8553,0.9989473
1,107,266,1.0,0.37992787,0.62007207,4.597988,0.41090545,1.7469039,0.254791,2.001695,0.88097495
1,203,349,1.0,0.37992787,0.62007207,4.693399,9.670418,1.783153,5.996356,7.779509,0.999582
1,342,198,1.0,0.37992787,0.62007207,7.883466,5.595106,2.9951484,3.469369,6.4645176,0.99844474
1,3,525,1.0,0.37992787,0.62007207,2.8781483,-4.5516977,1.0934888,-2.8223805,-1.7288917,0.15072939
1,3,349,1.0,0.37992787,0.62007207,2.7905948,-0.9230404,1.0602248,-0.5723516,0.4878732,0.6196053
1,16,537,1.0,0.37992787,0.62007207,2.0164027,7.0187044,0.7660876,4.3521028,5.1181903,0.99404883
1,193,554,1.0,0.37992787,0.62007207,3.803878,-3.0875585,1.4451993,-1.9145088,-0.46930957,0.3847797
1,27,44,1.0,0.37992787,0.62007207,7.884056,5.6710515,2.9953728,3.5164607,6.511833,0.9985165
1,27,513,1.0,0.37992787,0.62007207,1.4947695,5.2405634,0.5679046,3.249527,3.8174314,0.9784887
1,344,198,1.0,0.37992787,0.62007207,7.97668,6.8557997,3.0305629,4.25109,7.281653,0.9993124
1,251,85,1.0,0.37992787,0.62007207,3.6785042,4.334107,1.3975663,2.6874588,4.085025,0.9834556
1,243,429,1.0,0.37992787,0.62007207,-5.111763,-12.199255,-1.9421012,-7.5644174,-9.506518,7.4359974e-05
1,246,347,1.0,0.37992787,0.62007207,3.545751,5.4208803,1.3471297,3.3613365,4.708466,0.9910619
1,80,103,1.0,0.37992787,0.62007207,3.6655724,10.203191,1.3926531,6.3267136,7.7193666,0.999556
1,303,198,1.0,0.37992787,0.62007207,8.047473,8.754928,3.0574594,5.428686,8.486145,0.9997937
1,27,326,1.0,0.37992787,0.62007207,5.9863005,6.396497,2.2743623,3.966289,6.240651,0.9980552
1,16,187,1.0,0.37992787,0.62007207,2.954329,5.6219716,1.122432,3.4860275,4.6084595,0.99013114
1,51,41,1.0,0.37992787,0.62007207,1.6744876,0.36917266,0.6361845,0.22891365,0.8650982,0.7037247
1,27,562,1.0,0.37992787,0.62007207,0.36094522,-1.5432317,0.13713315,-0.9569149,-0.8197818,0.30581
1,370,446,1.0,0.37992787,0.62007207,-2.8826833,-11.456342,-1.0952117,-7.1037574,-8.198969,0.00027486135
1,11,144,1.0,0.37992787,0.62007207,3.2284062,8.0284395,1.2265615,4.978211,6.2047725,0.9979843
1,84,116,1.0,0.37992787,0.62007207,1.8664588,-0.07680788,0.70911974,-0.04762642,0.6614933,0.6595957
1,411,83,1.0,0.37992787,0.62007207,1.761493,0.11620558,0.6692403,0.07205583,0.7412961,0.6772792
1,183,308,1.0,0.37992787,0.62007207,3.2441788,2.966389,1.232554,1.8393749,3.071929,0.95571995
1,258,62,1.0,0.37992787,0.62007207,-5.6820536,-11.9579,-2.1587706,-7.4147596,-9.57353,6.9540605e-05
1,46,85,1.0,0.37992787,0.62007207,0.16375764,3.7550852,0.062216092,2.3284235,2.3906395,0.91611075
1,307,198,1.0,0.37992787,0.62007207,8.14214,8.590113,3.093426,5.326489,8.419915,0.99977964
1,144,101,1.0,0.37992787,0.62007207,-2.153566,-14.97607,-0.8181997,-9.2862425,-10.104443,4.0895786e-05
1,16,298,1.0,0.37992787,0.62007207,1.5385764,3.4968598,0.58454806,2.1683052,2.7528532,0.94007427
1,114,101,1.0,0.37992787,0.62007207,5.5523877,6.8145847,2.1095068,4.2255335,6.33504,0.99823004
1,115,120,1.0,0.37992787,0.62007207,4.1023893,3.3713558,1.5586121,2.0904834,3.6490955,0.9746449
1,27,351,1.0,0.37992787,0.62007207,4.976224,1.6992979,1.8906062,1.0536872,2.9442935,0.9499931
1,79,347,1.0,0.37992787,0.62007207,8.745917,5.6835904,3.3228178,3.5242357,6.8470535,0.9989385
1,129,424,1.0,0.37992787,0.62007207,1.7722477,3.4122145,0.6733263,2.115819,2.7891452,0.94208646
1,16,43,1.0,0.37992787,0.62007207,3.943303,1.5701972,1.4981707,0.97363544,2.471806,0.9221415
1,181,424,1.0,0.37992787,0.62007207,2.7241526,5.6861,1.0349815,3.525792,4.5607734,0.98965424
1,112,477,1.0,0.37992787,0.62007207,-1.4698135,6.149447,-0.5584231,3.8131003,3.2546773,0.9628408
1,112,361,1.0,0.37992787,0.62007207,-3.5350852,-14.94129,-1.3430774,-9.264676,-10.607754,2.4722953e-05
1,11,292,1.0,0.37992787,0.62007207,3.736688,2.536523,1.4196719,1.5728271,2.9924989,0.9522341
1,211,293,1.0,0.37992787,0.62007207,2.3746793,-3.0676649,0.90220684,-1.9021733,-0.99996644,0.26894802
1,107,245,1.0,0.37992787,0.62007207,4.5226,3.382669,1.7182618,2.0974987,3.8157606,0.9784535
1,27,169,1.0,0.37992787,0.62007207,1.034886,2.1045725,0.39318204,1.3049866,1.6981686,0.84529537
1,84,212,1.0,0.37992787,0.62007207,2.4737773,-3.7293334,0.93985695,-2.3124554,-1.3725984,0.20220037
1,220,385,1.0,0.37992787,0.62007207,5.0777645,0.046804994,1.9291843,0.02902247,1.9582068,0.8763387
1,195,22,1.0,0.37992787,0.62007207,4.621559,9.647533,1.7558591,5.982166,7.7380247,0.99956423
1,27,71,1.0,0.37992787,0.62007207,7.2340875,4.760859,2.7484314,2.9520757,5.700507,0.99666685
1,79,359,1.0,0.37992787,0.62007207,5.2880955,1.7610002,2.009095,1.091947,3.1010418,0.95693564
1,27,209,1.0,0.37992787,0.62007207,6.880522,-0.09197452,2.6141021,-0.05703083,2.5570712,0.9280472
1,79,58,1.0,0.37992787,0.62007207,6.0909376,3.0222404,2.314117,1.8740069,4.1881237,0.9850521
1,182,25,1.0,0.37992787,0.62007207,2.6864712,-0.70905757,1.0206653,-0.43966678,0.58099854,0.64129716
1,15,334,1.0,0.37992787,0.62007207,-0.5802023,-7.6657143,-0.22043502,-4.7532954,-4.9737306,0.0068697743
1,182,497,1.0,0.37992787,0.62007207,2.313472,-11.537262,0.8789525,-7.153934,-6.2749815,0.0018792877
1,255,198,1.0,0.37992787,0.62007207,4.0156317,6.717159,1.5256504,4.1651225,5.690773,0.9966344
1,107,252,1.0,0.37992787,0.62007207,1.5900398,5.809532,0.60410047,3.6023285,4.206429,0.98531926
1,69,201,1.0,0.37992787,0.62007207,2.959271,5.2422028,1.1243095,3.2505436,4.374853,0.9875665
1,27,456,1.0,0.37992787,0.62007207,3.4430175,3.1384618,1.3080983,1.9460725,3.254171,0.9628227
1,83,85,1.0,0.37992787,0.62007207,2.4232311,5.662736,0.92065305,3.5113044,4.4319572,0.98824847
1,84,506,1.0,0.37992787,0.62007207,-0.5790432,-8.072441,-0.21999465,-5.005495,-5.2254896,0.005348961
1,64,107,1.0,0.37992787,0.62007207,5.997552,6.798627,2.2786372,4.2156386,6.494276,0.9984902
1,107,507,1.0,0.37992787,0.62007207,6.8963327,6.2859874,2.620109,3.8977652,6.5178742,0.99852544
1,193,433,1.0,0.37992787,0.62007207,1.029023,7.293751,0.39095455,4.522651,4.9136057,0.99270767
1,188,389,1.0,0.37992787,0.62007207,-4.613633,-13.701606,-1.7528478,-8.495983,-10.248831,3.5397614e-05
1,3,388,1.0,0.37992787,0.62007207,3.2655978,5.856601,1.2406917,3.6315148,4.8722067,0.9924017
1,17,258,0.0,0.37992787,0.62007207,3.6953835,-2.063357,1.4039792,-1.2794302,0.12454903,0.53109705
1,311,471,0.0,0.37992787,0.62007207,-14.594164,-20.091017,-5.5447297,-12.457878,-18.002607,1.5190322e-08
1,97,181,0.0,0.37992787,0.62007207,-9.131139,-7.9732037,-3.4691741,-4.9439607,-8.413135,0.00022188386
1,165,460,0.0,0.37992787,0.62007207,-3.4480667,-6.3793135,-1.3100166,-3.955634,-5.2656507,0.0051394794
1,120,217,0.0,0.37992787,0.62007207,-18.010572,-22.656301,-6.8427186,-14.04854,-20.891258,8.453603e-10
1,278,412,0.0,0.37992787,0.62007207,-22.999098,-21.40447,-8.737998,-13.272314,-22.010311,2.7608532e-10
1,114,374,0.0,0.37992787,0.62007207,0.80886745,0.17716268,0.3073113,0.109853625,0.41716492,0.60280466
1,212,87,0.0,0.37992787,0.62007207,-2.701099,-7.720316,-1.0262228,-4.7871523,-5.813375,0.0029784332
1,415,59,0.0,0.37992787,0.62007207,-7.2743864,-17.956106,-2.7637422,-11.13408,-13.897822,9.2098395e-07
1,62,424,0.0,0.37992787,0.62007207,-3.508951,-8.485327,-1.3331482,-5.261514,-6.5946627,0.0013657802
1,190,215,0.0,0.37992787,0.62007207,-12.4956665,-14.051447,-4.747452,-8.71291,-13.4603615,1.4263912e-06
1,329,136,0.0,0.37992787,0.62007207,-7.328292,-13.701483,-2.7842224,-8.495907,-11.280129,1.2621081e-05
1,235,48,0.0,0.37992787,0.62007207,-4.1713195,-17.62697,-1.5848006,-10.929992,-12.514792,3.671919e-06
1,3,564,0.0,0.37992787,0.62007207,2.5326333,-9.137901,0.962218,-5.6661572,-4.7039394,0.008978179
1,234,414,0.0,0.37992787,0.62007207,-10.825458,-18.211267,-4.112893,-11.292298,-15.405191,2.0399067e-07
1,42,280,0.0,0.37992787,0.62007207,-2.1552348,-12.701107,-0.81883377,-7.875602,-8.694435,0.00016748736
1,66,505,0.0,0.37992787,0.62007207,-2.369021,-18.151932,-0.9000571,-11.255506,-12.155562,5.2590103e-06
1,71,71,0.0,0.37992787,0.62007207,-8.04818,-13.808786,-3.0577278,-8.562443,-11.620171,8.982974e-06
1,197,188,0.0,0.37992787,0.62007207,-4.488615,-9.221583,-1.7053499,-5.718046,-7.423396,0.0005967615
1,376,378,0.0,0.37992787,0.62007207,0.06204341,-2.8696568,0.02357202,-1.779394,-1.7558221,0.14731437
1,90,73,0.0,0.37992787,0.62007207,-1.5111679,-9.783098,-0.5741348,-6.066226,-6.640361,0.0013048508
1,324,345,0.0,0.37992787,0.62007207,-3.1903217,-12.613783,-1.2120922,-7.8214545,-9.033546,0.00011932427
1,68,445,0.0,0.37992787,0.62007207,-14.058795,-14.960274,-5.341328,-9.276448,-14.617777,4.4831157e-07
1,263,123,0.0,0.37992787,0.62007207,-5.7273893,-16.409056,-2.1759949,-10.174797,-12.350792,4.326307e-06
1,146,345,0.0,0.37992787,0.62007207,-5.896183,-13.683254,-2.2401242,-8.484604,-10.724728,2.199381e-05
1,377,230,0.0,0.37992787,0.62007207,-5.9854784,-14.241247,-2.27405,-8.8306,-11.10465,1.50419955e-05
1,266,271,0.0,0.37992787,0.62007207,-4.785513,-16.74449,-1.8181498,-10.382791,-12.20094,5.0257036e-06
1,254,330,0.0,0.37992787,0.62007207,-1.0639731,-13.418878,-0.40423304,-8.320671,-8.724904,0.00016246199
1,151,227,0.0,0.37992787,0.62007207,-10.158217,-21.258562,-3.85939,-13.181841,-17.041231,3.972714e-08
1,275,282,0.0,0.37992787,0.62007207,-9.650691,-14.057808,-3.6665666,-8.716854,-12.383421,4.1874223e-06
1,101,377,0.0,0.37992787,0.62007207,-2.3940341,-9.668277,-0.9095603,-5.9950285,-6.9045887,0.0010021662
1,133,120,0.0,0.37992787,0.62007207,2.6794574,-12.760485,1.0180006,-7.9124203,-6.8944197,0.001012399
1,229,568,0.0,0.37992787,0.62007207,-3.4448376,-15.475836,-1.3087898,-9.596133,-10.904923,1.8367242e-05
1,204,39,0.0,0.37992787,0.62007207,-5.326706,-13.48777,-2.0237641,-8.363389,-10.387154,3.0825002e-05
1,413,486,0.0,0.37992787,0.62007207,-6.1865835,-16.579573,-2.3504555,-10.28053,-12.630985,3.269124e-06
1,41,494,0.0,0.37992787,0.62007207,-1.1178293,-11.206158,-0.4246945,-6.9486256,-7.37332,0.0006273866
1,168,107,0.0,0.37992787,0.62007207,-6.4522295,-16.404787,-2.451382,-10.172151,-12.623532,3.2935795e-06
1,112,313,0.0,0.37992787,0.62007207,-1.197546,-11.565194,-0.45498112,-7.1712537,-7.626235,0.00048725528
1,184,304,0.0,0.37992787,0.62007207,0.76342565,-6.082325,0.2900467,-3.7714798,-3.4814332,0.029845156
1,112,43,0.0,0.37992787,0.62007207,-6.0436087,-17.31492,-2.2961354,-10.736499,-13.032635,2.18775e-06
1,180,228,0.0,0.37992787,0.62007207,2.8650737,-5.568714,1.0885214,-3.4530041,-2.3644829,0.08592146
1,285,426,0.0,0.37992787,0.62007207,-9.257956,-6.3097515,-3.5173554,-3.9125006,-7.4298563,0.000592921
1,196,192,0.0,0.37992787,0.62007207,-3.5922031,-10.575159,-1.364778,-6.5573606,-7.9221387,0.00036249447
1,407,161,0.0,0.37992787,0.62007207,-11.237483,-18.297674,-4.269433,-11.345877,-15.61531,1.6533207e-07
1,372,387,0.0,0.37992787,0.62007207,-4.640777,-5.722043,-1.7631606,-3.548079,-5.3112397,0.0049115615
1,184,74,0.0,0.37992787,0.62007207,0.6585385,-8.408159,0.25019714,-5.2136645,-4.9634676,0.0069401497
1,68,438,0.0,0.37992787,0.62007207,-3.6129997,-9.461626,-1.3726792,-5.86689,-7.239569,0.0007171062
1,427,454,0.0,0.37992787,0.62007207,-19.123398,-20.54191,-7.265512,-12.737465,-20.002977,2.055026e-09
1,69,575,0.0,0.37992787,0.62007207,-1.3048567,-8.257944,-0.4957514,-5.1205206,-5.616272,0.0036249906
1,415,80,0.0,0.37992787,0.62007207,-4.593748,-0.9627147,-1.7452929,-0.5969525,-2.3422453,0.08768413
1,247,521,0.0,0.37992787,0.62007207,-8.820376,-16.790731,-3.351107,-10.411464,-13.76257,1.0543655e-06
1,360,288,0.0,0.37992787,0.62007207,-8.593528,-9.243659,-3.2649207,-5.7317348,-8.996655,0.00012380791
1,162,163,0.0,0.37992787,0.62007207,-13.325151,-19.440763,-5.0625963,-12.054674,-17.117271,3.6818278e-08
1,427,264,0.0,0.37992787,0.62007207,-9.3693,-14.516407,-3.5596583,-9.001219,-12.560877,3.5065416e-06
1,412,47,0.0,0.37992787,0.62007207,-5.3198166,-13.1966095,-2.0211465,-8.182849,-10.203996,3.7020724e-05
1,128,191,0.0,0.37992787,0.62007207,-7.1338053,0.3515565,-2.7103314,0.21799037,-2.492341,0.076396845
1,53,342,0.0,0.37992787,0.62007207,-4.053146,-20.816132,-1.539903,-12.907502,-14.447405,5.3158357e-07
1,208,368,0.0,0.37992787,0.62007207,-2.9367495,-13.456884,-1.1157529,-8.344238,-9.459991,7.790119e-05
1,285,169,0.0,0.37992787,0.62007207,-1.387615,-10.09162,-0.5271936,-6.257532,-6.7847257,0.0011296404
1,73,248,0.0,0.37992787,0.62007207,0.9508527,-4.2891293,0.36125544,-2.6595693,-2.2983139,0.091262706
1,200,508,0.0,0.37992787,0.62007207,-15.906419,-19.12388,-6.043292,-11.858184,-17.901476,1.6806906e-08
1,193,560,0.0,0.37992787,0.62007207,-2.7656932,4.058092,-1.050764,2.5163095,1.4655455,0.81237936
1,241,264,0.0,0.37992787,0.62007207,-2.0989451,-10.234543,-0.79744774,-6.346154,-7.143602,0.00078927836
1,231,188,0.0,0.37992787,0.62007207,0.26819026,-16.578392,0.101892956,-10.279798,-10.177904,3.7999325e-05
1,215,451,0.0,0.37992787,0.62007207,-1.7732805,-6.0484595,-0.6737187,-3.750481,-4.4241996,0.011841889
1,115,224,0.0,0.37992787,0.62007207,2.0014896,-3.2012503,0.7604217,-1.9850059,-1.2245841,0.22713074
1,219,65,0.0,0.37992787,0.62007207,-1.9204878,-2.422432,-0.7296468,-1.5020823,-2.231729,0.09693717
1,265,96,0.0,0.37992787,0.62007207,-4.407413,-12.869398,-1.674499,-7.9799542,-9.654453,6.413519e-05
1,166,19,0.0,0.37992787,0.62007207,-5.652117,-15.189875,-2.1473968,-9.418817,-11.566214,9.4809775e-06
1,233,471,0.0,0.37992787,0.62007207,-2.7968848,-19.443172,-1.0626144,-12.056169,-13.118783,2.0071695e-06
1,146,164,0.0,0.37992787,0.62007207,-15.610608,-19.298695,-5.9309053,-11.966581,-17.897488,1.6874072e-08
1,141,505,0.0,0.37992787,0.62007207,-2.234887,-17.679802,-0.8490958,-10.962751,-11.811848,7.416116e-06
1,280,163,0.0,0.37992787,0.62007207,-14.275885,-20.590746,-5.4238067,-12.767746,-18.191553,1.25750255e-08
1,104,144,0.0,0.37992787,0.62007207,-1.40974,-7.653041,-0.5355995,-4.7454367,-5.2810364,0.0050614076
1,278,582,0.0,0.37992787,0.62007207,-9.151883,-15.341318,-3.4770555,-9.512723,-12.9897785,2.2835468e-06
1,51,78,0.0,0.37992787,0.62007207,-7.8004274,-7.950691,-2.9636,-4.9300017,-7.8936014,0.0003729842
1,225,435,0.0,0.37992787,0.62007207,-6.4942894,-14.065353,-2.4673615,-8.721533,-11.188894,1.3826713e-05
1,409,213,0.0,0.37992787,0.62007207,-6.790967,-10.899435,-2.5800776,-6.7584352,-9.338512,8.7962464e-05
1,388,556,0.0,0.37992787,0.62007207,-5.3110647,-11.405071,-2.0178216,-7.071966,-9.0897875,0.00011279932
1,388,138,0.0,0.37992787,0.62007207,-2.0026135,-10.516954,-0.7608487,-6.52127,-7.2821183,0.00068725453
1,181,356,0.0,0.37992787,0.62007207,-2.4306042,-15.085661,-0.9234543,-9.354197,-10.277651,3.4392047e-05
1,108,561,0.0,0.37992787,0.62007207,-10.345603,-23.512587,-3.930583,-14.579498,-18.510082,9.144783e-09
1,372,416,0.0,0.37992787,0.62007207,-4.63179,-15.871113,-1.7597462,-9.841234,-11.600981,9.157018e-06
1,342,78,0.0,0.37992787,0.62007207,-11.346642,-6.553834,-4.3109055,-4.0638494,-8.374755,0.00023056321
1,180,435,0.0,0.37992787,0.62007207,-8.473258,-10.304903,-3.2192268,-6.3897824,-9.609009,6.7116816e-05
1,133,148,0.0,0.37992787,0.62007207,-2.7436826,-11.857639,-1.0424016,-7.352591,-8.394993,0.00022594504
1,171,59,0.0,0.37992787,0.62007207,-5.706562,-14.901115,-2.168082,-9.239765,-11.407847,1.110785e-05
1,306,241,0.0,0.37992787,0.62007207,-14.401948,-16.509724,-5.4717016,-10.237219,-15.7089205,1.5055751e-07
1,426,379,0.0,0.37992787,0.62007207,-2.0286245,-17.249609,-0.77073103,-10.696001,-11.466732,1.04726605e-05
1,407,74,0.0,0.37992787,0.62007207,-16.453203,-15.28581,-6.2510304,-9.478304,-15.729334,1.4751528e-07
1,284,192,0.0,0.37992787,0.62007207,-0.32374132,-14.545355,-0.12299835,-9.019168,-9.142166,0.000107043714
1,217,469,0.0,0.37992787,0.62007207,-6.7492604,-17.093054,-2.564232,-10.598926,-13.163157,1.92005e-06
1,363,511,0.0,0.37992787,0.62007207,-7.6849155,-16.13666,-2.9197137,-10.005892,-12.925606,2.434892e-06
1,76,2,0.0,0.37992787,0.62007207,-2.4940095,-16.39656,-0.94754374,-10.167049,-11.1145935,1.4893162e-05
1,374,227,0.0,0.37992787,0.62007207,-6.872717,-14.921045,-2.6111367,-9.252124,-11.86326,7.0444726e-06
1,262,54,0.0,0.37992787,0.62007207,0.40550506,-5.9466925,0.15406267,-3.687378,-3.5333152,0.028379034
1,113,108,0.0,0.37992787,0.62007207,-7.177986,-13.884392,-2.727117,-8.6093235,-11.336441,1.1930016e-05
1,159,173,0.0,0.37992787,0.62007207,-13.037322,-10.463701,-4.953242,-6.488249,-11.44149,1.0740371e-05
1,240,80,0.0,0.37992787,0.62007207,-1.77016,-11.618701,-0.6725331,-7.204432,-7.876965,0.00037923883
1,72,339,0.0,0.37992787,0.62007207,-5.95852,-9.642814,-2.2638078,-5.9792395,-8.243048,0.00026301204
1,385,135,0.0,0.37992787,0.62007207,-8.202324,-14.899296,-3.1162915,-9.238637,-12.354929,4.308446e-06
1,36,25,0.0,0.37992787,0.62007207,-1.242572,-10.45422,-0.4720877,-6.48237,-6.9544578,0.0009534614
1,413,280,0.0,0.37992787,0.62007207,-1.2361658,-8.160635,-0.46965382,-5.0601816,-5.529835,0.0039509707
1,34,98,0.0,0.37992787,0.62007207,0.84206045,-3.5566075,0.31992224,-2.205353,-1.8854308,0.13176632
1,69,318,0.0,0.37992787,0.62007207,-0.020262588,-1.7776693,-0.0076983217,-1.1022831,-1.1099814,0.24787436
1,19,9,0.0,0.37992787,0.62007207,-0.8531624,-4.2007265,-0.3241402,-2.6047533,-2.9288936,0.050743595
1,421,429,0.0,0.37992787,0.62007207,-9.288671,-14.664778,-3.5290248,-9.093219,-12.622244,3.2978257e-06
1,161,332,0.0,0.37992787,0.62007207,-11.899516,-20.623518,-4.520958,-12.788068,-17.309025,3.039387e-08
1,216,581,0.0,0.37992787,0.62007207,-4.131403,-16.811598,-1.5696352,-10.424402,-11.994038,6.1809174e-06
1,419,563,0.0,0.37992787,0.62007207,-6.015997,-14.091066,-2.285645,-8.737476,-11.023121,1.6319706e-05
1,422,519,0.0,0.37992787,0.62007207,-14.583757,-18.43559,-5.540776,-11.431395,-16.97217,4.2567706e-08
1,169,72,0.0,0.37992787,0.62007207,1.2673429,-1.0390353,0.4814989,-0.6442768,-0.1627779,0.4593951
1,307,336,0.0,0.37992787,0.62007207,-12.654866,-17.788233,-4.807936,-11.029986,-15.837923,1.323358e-07
1,113,73,0.0,0.37992787,0.62007207,-8.768891,-8.24281,-3.3315463,-5.1111364,-8.442682,0.000215425
1,27,350,0.0,0.37992787,0.62007207,0.6560729,4.7916536,0.24926038,2.9711707,3.220431,0.9615959
1,303,207,0.0,0.37992787,0.62007207,-8.196948,-14.689278,-3.114249,-9.108411,-12.22266,4.9177224e-06
1,375,119,0.0,0.37992787,0.62007207,-5.0420055,-18.136835,-1.9155984,-11.246145,-13.161743,1.9227675e-06
1,424,201,0.0,0.37992787,0.62007207,-1.5178512,-13.263578,-0.576674,-8.224375,-8.801048,0.00015055249
1,310,98,0.0,0.37992787,0.62007207,-9.796354,-16.545107,-3.721908,-10.259159,-13.981068,8.474207e-07
1,107,201,0.0,0.37992787,0.62007207,3.0744016,-0.16415086,1.1680509,-0.10178536,1.0662656,0.74388605
1,112,500,0.0,0.37992787,0.62007207,-4.003517,-14.70896,-1.5210477,-9.120615,-10.641663,2.38987e-05
1,277,8,0.0,0.37992787,0.62007207,-14.543465,-19.730642,-5.5254674,-12.23442,-17.759888,1.9363272e-08
1,180,26,0.0,0.37992787,0.62007207,-5.347251,-7.5347147,-2.0315697,-4.672066,-6.703636,0.0012249418
1,383,90,0.0,0.37992787,0.62007207,-20.429142,-17.06994,-7.7616005,-10.584594,-18.346195,1.0773298e-08
1,227,368,0.0,0.37992787,0.62007207,-15.021682,-19.206873,-5.7071557,-11.909645,-17.6168,2.2341938e-08
1,157,58,0.0,0.37992787,0.62007207,-1.9957204,-5.9751673,-0.7582298,-3.7050343,-4.463264,0.01139338
1,75,315,0.0,0.37992787,0.62007207,-11.328708,-15.648733,-4.304092,-9.703342,-14.007435,8.253686e-07
1,62,496,0.0,0.37992787,0.62007207,-3.121685,-12.644076,-1.1860151,-7.8402386,-9.026254,0.000120197554
1,127,454,0.0,0.37992787,0.62007207,-13.125087,-13.73165,-4.986586,-8.514613,-13.5012,1.3693134e-06
1,24,546,0.0,0.37992787,0.62007207,-8.030228,-10.783155,-3.0509074,-6.6863337,-9.737241,5.903974e-05
1,121,39,0.0,0.37992787,0.62007207,-9.83883,-19.736269,-3.7380457,-12.237909,-15.975955,1.1527387e-07
1,97,380,0.0,0.37992787,0.62007207,-3.1556294,-10.510236,-1.1989115,-6.5171037,-7.7160153,0.00044543424
1,155,83,0.0,0.37992787,0.62007207,-3.380168,-14.903408,-1.28422,-9.241187,-10.525407,2.6844926e-05
1,167,270,0.0,0.37992787,0.62007207,-9.101462,-8.201546,-3.4578993,-5.0855494,-8.543448,0.00019477932
1,62,504,0.0,0.37992787,0.62007207,-7.8742313,-15.034334,-2.9916399,-9.322371,-12.314011,4.488396e-06
1,215,424,0.0,0.37992787,0.62007207,1.2455686,-6.0119905,0.47322625,-3.7278674,-3.254641,0.037160475
1,325,386,0.0,0.37992787,0.62007207,-11.039546,-16.400448,-4.194231,-10.169459,-14.36369,5.7800054e-07
1,21,408,0.0,0.37992787,0.62007207,-18.76442,-24.089132,-7.129126,-14.936998,-22.066124,2.6109834e-10
1,426,361,0.0,0.37992787,0.62007207,-4.03553,-17.837072,-1.5332104,-11.06027,-12.593481,3.3940573e-06
1,101,74,0.0,0.37992787,0.62007207,-1.4076599,3.7974026,-0.53480923,2.3546634,1.8198541,0.8605486
1,356,325,0.0,0.37992787,0.62007207,-13.420328,-14.834377,-5.098757,-9.198383,-14.29714,6.177755e-07
1,72,151,0.0,0.37992787,0.62007207,-6.5518003,-9.136978,-2.4892116,-5.665585,-8.154797,0.00028727116
1,280,370,0.0,0.37992787,0.62007207,-18.863277,-24.277975,-7.166685,-15.054094,-22.22078,2.2368567e-10
1,304,106,0.0,0.37992787,0.62007207,-12.562242,-20.513002,-4.7727456,-12.71954,-17.492285,2.5304468e-08
1,205,115,0.0,0.37992787,0.62007207,-1.3540605,-6.697481,-0.51444536,-4.152921,-4.6673665,0.009309502
1,120,37,0.0,0.37992787,0.62007207,-11.863396,-14.75803,-4.5072346,-9.151042,-13.658277,1.1702681e-06
1,303,203,0.0,0.37992787,0.62007207,-8.638264,-20.511171,-3.281917,-12.718405,-16.000322,1.12498896e-07
1,199,556,0.0,0.37992787,0.62007207,-3.878972,-6.590366,-1.4737296,-4.0865016,-5.560231,0.0038331375
1,158,138,0.0,0.37992787,0.62007207,-6.3701696,-7.1932764,-2.420205,-4.4603496,-6.8805547,0.0010265191
1,29,272,0.0,0.37992787,0.62007207,-3.5331717,-17.805342,-1.3423504,-11.040595,-12.382945,4.1894154e-06
1,197,26,0.0,0.37992787,0.62007207,-7.9768634,-8.414356,-3.0306327,-5.2175074,-8.24814,0.00026167635
1,82,568,0.0,0.37992787,0.62007207,-1.5724055,-8.35878,-0.59740067,-5.183046,-5.7804465,0.0030778341
1,218,253,0.0,0.37992787,0.62007207,-7.6178036,-17.838392,-2.8942158,-11.061089,-13.955304,8.6953696e-07
1,171,268,0.0,0.37992787,0.62007207,-6.1868734,-17.070963,-2.3505657,-10.585227,-12.935793,2.4102133e-06
1,24,305,0.0,0.37992787,0.62007207,-4.979425,-8.165045,-1.8918223,-5.0629163,-6.9547386,0.00095319387
1,243,230,0.0,0.37992787,0.62007207,-4.0503974,-8.259927,-1.5388589,-5.12175,-6.660609,0.0012787294
1,328,518,0.0,0.37992787,0.62007207,-13.286359,-23.35772,-5.047858,-14.483469,-19.531326,3.2934628e-09
1,74,296,0.0,0.37992787,0.62007207,-6.471154,-18.03066,-2.458572,-11.180309,-13.638882,1.1931867e-06
1,107,390,0.0,0.37992787,0.62007207,4.996378,2.4512665,1.8982632,1.519962,3.4182253,0.9682693
1,422,80,0.0,0.37992787,0.62007207,-2.473557,-5.363838,-0.93977326,-3.3259661,-4.2657394,0.013847047
1,168,137,0.0,0.37992787,0.62007207,-5.7833815,-6.1797047,-2.1972678,-3.8318622,-6.02913,0.002401805
1,373,132,0.0,0.37992787,0.62007207,-1.887082,-10.497596,-0.71695507,-6.509266,-7.226221,0.0007267354
1,339,354,0.0,0.37992787,0.62007207,-20.676992,-21.695513,-7.855766,-13.452782,-21.308548,5.569487e-10
1,290,74,0.0,0.37992787,0.62007207,-15.02823,-14.87919,-5.7096434,-9.226171,-14.935814,3.2618073e-07
1,154,103,0.0,0.37992787,0.62007207,-3.7882528,-2.3432348,-1.4392629,-1.4529744,-2.8922372,0.05253864
1,84,194,0.0,0.37992787,0.62007207,-0.4175896,-9.390969,-0.15865393,-5.8230777,-5.9817314,0.0025180948
1,196,318,0.0,0.37992787,0.62007207,-4.7473555,-13.64337,-1.8036526,-8.459872,-10.263525,3.4881294e-05
1,380,510,0.0,0.37992787,0.62007207,-5.5081196,-22.500082,-2.092688,-13.951673,-16.044361,1.0765209e-07
1,387,83,0.0,0.37992787,0.62007207,0.040694606,-14.88793,0.015461015,-9.231589,-9.216128,9.941299e-05
1,116,199,0.0,0.37992787,0.62007207,-13.642306,-16.885687,-5.1830926,-10.470343,-15.653435,1.5914743e-07
1,97,397,0.0,0.37992787,0.62007207,-14.59405,-19.338976,-5.5446863,-11.991559,-17.536245,2.4216169e-08
1,80,326,0.0,0.37992787,0.62007207,-1.0710255,-11.75204,-0.40691245,-7.2871118,-7.694024,0.0004553339
1,202,202,0.0,0.37992787,0.62007207,-3.1774776,-14.947872,-1.2072123,-9.268758,-10.47597,2.820536e-05
1,263,228,0.0,0.37992787,0.62007207,0.45909423,-5.927154,0.1744227,-3.6752627,-3.50084,0.02928834
1,312,453,0.0,0.37992787,0.62007207,-10.740152,-19.353418,-4.0804834,-12.000514,-16.080997,1.0377947e-07
1,306,325,0.0,0.37992787,0.62007207,-14.037301,-18.155605,-5.333162,-11.257784,-16.590946,6.232232e-08
1,225,245,0.0,0.37992787,0.62007207,-3.8309052,-7.2553163,-1.4554677,-4.498819,-5.9542866,0.0025879792
1,6,444,0.0,0.37992787,0.62007207,-9.912647,-14.465023,-3.766091,-8.969357,-12.735448,2.9448554e-06
1,398,402,0.0,0.37992787,0.62007207,-6.17982,-18.611036,-2.3478858,-11.540184,-13.88807,9.3000955e-07
1,250,49,0.0,0.37992787,0.62007207,-5.1663055,-18.937838,-1.9628235,-11.742825,-13.705648,1.1161229e-06
1,407,528,0.0,0.37992787,0.62007207,-12.45606,-18.214233,-4.7324047,-11.294137,-16.026543,1.0958747e-07
1,213,458,0.0,0.37992787,0.62007207,-2.8045027,-16.324694,-1.0655087,-10.122486,-11.187995,1.3839153e-05
1,107,428,0.0,0.37992787,0.62007207,4.269549,3.1665392,1.6221206,1.9634825,3.5856032,0.9730277
1,188,488,0.0,0.37992787,0.62007207,-4.691124,-14.052662,-1.7822888,-8.713663,-10.495952,2.764739e-05
1,7,452,0.0,0.37992787,0.62007207,-3.5098271,-15.36818,-1.3334812,-9.529379,-10.86286,1.9156301e-05
1,141,147,0.0,0.37992787,0.62007207,-6.1487827,-8.557578,-2.336094,-5.306315,-7.642409,0.00047944166
1,171,190,0.0,0.37992787,0.62007207,-7.5634646,-8.866297,-2.8735712,-5.497743,-8.371314,0.00023135771
1,80,403,0.0,0.37992787,0.62007207,2.155446,-5.890694,0.81891406,-3.652655,-2.8337407,0.05552789
1,292,119,0.0,0.37992787,0.62007207,-12.737454,-19.501913,-4.839314,-12.092591,-16.931906,4.4316632e-08
1,291,230,0.0,0.37992787,0.62007207,-7.516589,-12.825472,-2.8557618,-7.952717,-10.808478,2.0226873e-05
1,315,255,0.0,0.37992787,0.62007207,-12.512142,-21.704113,-4.7537117,-13.458115,-18.211826,1.2322656e-08
1,325,545,0.0,0.37992787,0.62007207,-7.5077515,-10.930042,-2.852404,-6.777414,-9.629818,6.573469e-05
1,274,312,0.0,0.37992787,0.62007207,-12.011317,-14.907276,-4.563434,-9.243586,-13.80702,1.0085255e-06
1,252,549,0.0,0.37992787,0.62007207,-3.828403,-19.32183,-1.454517,-11.980927,-13.435445,1.4623785e-06
1,325,420,0.0,0.37992787,0.62007207,-8.315545,-17.923998,-3.1593075,-11.11417,-14.273478,6.3256795e-07
1,333,383,0.0,0.37992787,0.62007207,-5.9272785,-3.150767,-2.2519383,-1.9537027,-4.205641,0.014692149
1,232,315,0.0,0.37992787,0.62007207,-3.6828146,-8.028567,-1.3992039,-4.9782906,-6.3774943,0.0016964927
1,406,520,0.0,0.37992787,0.62007207,-19.28634,-23.160826,-7.3274183,-14.361382,-21.6888,3.8077946e-10
1,299,403,0.0,0.37992787,0.62007207,-15.224163,-20.477325,-5.784084,-12.697417,-18.4815,9.409927e-09
1,372,424,0.0,0.37992787,0.62007207,-3.948812,0.38696164,-1.5002637,0.2399441,-1.2603196,0.22091888
1,19,541,0.0,0.37992787,0.62007207,-2.4923682,-7.1169267,-0.94692016,-4.4130073,-5.359927,0.0046792496
1,87,332,0.0,0.37992787,0.62007207,-0.67005587,4.4160175,-0.2545729,2.738249,2.4836762,0.92298955
1,357,192,0.0,0.37992787,0.62007207,-2.0427952,-9.059111,-0.7761148,-5.6173015,-6.3934164,0.0016697397
1,351,390,0.0,0.37992787,0.62007207,-6.350607,-8.645597,-2.4127727,-5.3608932,-7.773666,0.0004204914
1,241,297,0.0,0.37992787,0.62007207,-6.1861396,-17.233528,-2.350287,-10.686029,-13.036316,2.1797114e-06
1,411,296,0.0,0.37992787,0.62007207,-4.004373,-17.770926,-1.5213729,-11.019255,-12.5406275,3.57827e-06
1,193,237,0.0,0.37992787,0.62007207,-4.507084,-10.473146,-1.7123668,-6.4941053,-8.206472,0.0002728072
1,423,315,0.0,0.37992787,0.62007207,-13.494,-13.197798,-5.1267467,-8.183586,-13.310333,1.6572765e-06
1,43,27,0.0,0.37992787,0.62007207,1.7189612,-7.0253143,0.6530813,-4.356201,-3.7031198,0.024053676
1,427,96,0.0,0.37992787,0.62007207,-4.907714,-12.84025,-1.8645773,-7.96188,-9.826458,5.400079e-05
1,286,463,0.0,0.37992787,0.62007207,-16.135805,-19.730772,-6.130442,-12.234501,-18.364943,1.0573208e-08
1,130,213,0.0,0.37992787,0.62007207,-5.4131794,-21.649076,-2.0566177,-13.423987,-15.480605,1.8917274e-07
1,131,347,0.0,0.37992787,0.62007207,4.303098,6.2516556,1.634867,3.876477,5.511344,0.99597555
1,70,2,0.0,0.37992787,0.62007207,-1.4505597,-6.150371,-0.55110806,-3.8136733,-4.3647814,0.012557733
1,375,140,0.0,0.37992787,0.62007207,-5.6042733,-12.077069,-2.1292195,-7.488653,-9.617872,6.65246e-05
1,113,424,0.0,0.37992787,0.62007207,0.19581062,-0.54249406,0.07439391,-0.3363854,-0.2619915,0.4348742
1,272,487,0.0,0.37992787,0.62007207,-16.160332,-17.070477,-6.1397605,-10.584926,-16.724686,5.452068e-08
1,86,421,0.0,0.37992787,0.62007207,-0.16627426,-11.759826,-0.06317223,-7.2919393,-7.3551116,0.0006389076
1,124,520,0.0,0.37992787,0.62007207,-16.118473,-21.149275,-6.123857,-13.114075,-19.237932,4.4164388e-09
1,8,315,0.0,0.37992787,0.62007207,-8.943365,-17.177134,-3.3978336,-10.651061,-14.048895,7.9184855e-07
1,151,336,0.0,0.37992787,0.62007207,-7.243999,-17.4112,-2.752197,-10.796199,-13.548396,1.3061882e-06
1,162,251,0.0,0.37992787,0.62007207,-10.008826,-14.062389,-3.802632,-8.719695,-12.522327,3.6443555e-06
1,96,193,0.0,0.37992787,0.62007207,1.2258434,-11.334472,0.4657321,-7.028189,-6.562457,0.001410419
1,207,7,0.0,0.37992787,0.62007207,-3.5345583,-18.937433,-1.3428773,-11.742574,-13.085451,2.0751997e-06
1,390,421,0.0,0.37992787,0.62007207,-6.1204004,-10.34901,-2.3253107,-6.4171324,-8.742443,0.00015963784
1,405,469,0.0,0.37992787,0.62007207,-11.466738,-13.533255,-4.3565335,-8.391593,-12.748127,2.9077532e-06
1,323,385,0.0,0.37992787,0.62007207,-3.4514923,-3.3972538,-1.3113182,-2.106542,-3.4178603,0.031741925
1,351,424,0.0,0.37992787,0.62007207,1.6156036,8.59654,0.6138128,5.3304744,5.9442873,0.99738604
1,294,90,0.0,0.37992787,0.62007207,-12.681169,-19.2568,-4.8179293,-11.940603,-16.758533,5.2706167e-08
1,359,540,0.0,0.37992787,0.62007207,-14.872554,-13.923887,-5.650498,-8.633814,-14.284311,6.2575185e-07
1,427,572,0.0,0.37992787,0.62007207,-10.2834015,-17.98468,-3.906951,-11.151798,-15.058749,2.8844843e-07
1,364,144,0.0,0.37992787,0.62007207,-8.859099,-13.611372,-3.3658187,-8.440032,-11.805851,7.4607215e-06
1,111,306,0.0,0.37992787,0.62007207,-6.9085183,-10.604965,-2.6247387,-6.575843,-9.200582,0.00010097046
1,287,264,0.0,0.37992787,0.62007207,-4.0331097,-10.399135,-1.5322908,-6.448213,-7.980504,0.00034194998
1,229,518,0.0,0.37992787,0.62007207,-3.355835,-22.62389,-1.2749753,-14.028442,-15.303417,2.2584487e-07
1,385,39,0.0,0.37992787,0.62007207,-7.754341,-12.502607,-2.9460902,-7.7525177,-10.698608,2.2575823e-05
1,371,160,0.0,0.37992787,0.62007207,-3.4017339,-11.707251,-1.2924135,-7.259339,-8.551752,0.00019316896
1,173,581,0.0,0.37992787,0.62007207,-9.620877,-16.552393,-3.6552393,-10.263677,-13.918916,9.017607e-07
1,422,477,0.0,0.37992787,0.62007207,-13.885448,-13.181385,-5.275469,-8.1734085,-13.448877,1.4428664e-06
1,152,315,0.0,0.37992787,0.62007207,-15.431847,-20.586535,-5.8629885,-12.765135,-18.628124,8.126592e-09
1,373,134,0.0,0.37992787,0.62007207,-3.5340004,-14.712286,-1.3426653,-9.122678,-10.465343,2.8506684e-05
1,60,477,0.0,0.37992787,0.62007207,-17.828606,-10.427284,-6.7735844,-6.4656677,-13.239252,1.7793652e-06
1,238,297,0.0,0.37992787,0.62007207,-0.6998643,-11.296634,-0.26589796,-7.004727,-7.2706246,0.0006951937
1,426,103,0.0,0.37992787,0.62007207,-7.4272943,-15.148288,-2.821836,-9.39303,-12.214867,4.9561986e-06
1,397,146,0.0,0.37992787,0.62007207,-21.907318,-23.860842,-8.323201,-14.795442,-23.118643,9.113831e-11
1,137,16,0.0,0.37992787,0.62007207,-2.4763236,-12.283413,-0.9408244,-7.6166015,-8.5574255,0.00019207635
1,38,187,0.0,0.37992787,0.62007207,-2.875936,-9.769276,-1.0926483,-6.057655,-7.150303,0.0007840112
1,97,290,0.0,0.37992787,0.62007207,-17.493773,-18.241325,-6.646372,-11.310936,-17.957308,1.589426e-08
1,194,521,0.0,0.37992787,0.62007207,-11.90932,-16.023357,-4.5246825,-9.9356365,-14.4603195,5.2476247e-07
1,372,246,0.0,0.37992787,0.62007207,-3.614869,-10.215837,-1.3733895,-6.3345547,-7.707944,0.00044904245
1,416,184,0.0,0.37992787,0.62007207,-2.467912,-6.209202,-0.93762857,-3.8501525,-4.7877812,0.00826209
1,253,177,0.0,0.37992787,0.62007207,-3.1727629,-14.222365,-1.2054211,-8.818892,-10.024313,4.4307468e-05
1,416,581,0.0,0.37992787,0.62007207,-8.484624,-16.183054,-3.223545,-10.034659,-13.258204,1.7459598e-06
1,194,436,0.0,0.37992787,0.62007207,-1.9486946,-13.984259,-0.7403634,-8.671248,-9.411612,8.176238e-05
1,180,239,0.0,0.37992787,0.62007207,-3.8759403,-0.9129246,-1.4725778,-0.566079,-2.0386567,0.115203574
1,376,160,0.0,0.37992787,0.62007207,-11.00989,-18.430346,-4.182964,-11.428143,-15.611107,1.6602839e-07
1,377,479,0.0,0.37992787,0.62007207,-3.4185576,-15.637809,-1.2988054,-9.6965685,-10.995374,1.6778864e-05
1,334,174,0.0,0.37992787,0.62007207,-9.236488,-18.269968,-3.5091994,-11.328697,-14.837896,3.597355e-07
1,422,2,0.0,0.37992787,0.62007207,-2.196599,-13.410358,-0.8345492,-8.315389,-9.149938,0.00010621514
1,270,521,0.0,0.37992787,0.62007207,-13.724341,-15.570272,-5.2142596,-9.654691,-14.86895,3.4873614e-07
1,2,19,0.0,0.37992787,0.62007207,-6.3472385,-15.635946,-2.4114928,-9.695414,-12.106907,5.521216e-06
1,374,223,0.0,0.37992787,0.62007207,-4.9225597,-19.6629,-1.8702177,-12.192415,-14.062633,7.810447e-07
1,384,149,0.0,0.37992787,0.62007207,-7.8589787,-19.514166,-2.985845,-12.100189,-15.086035,2.8068433e-07
1,29,419,0.0,0.37992787,0.62007207,-11.124354,-18.776299,-4.2264524,-11.642658,-15.86911,1.2827233e-07
1,321,393,0.0,0.37992787,0.62007207,-8.536764,-15.884397,-3.2433546,-9.84947,-13.092825,2.0599539e-06
1,375,228,0.0,0.37992787,0.62007207,-2.40746,-7.7509613,-0.91466117,-4.8061547,-5.7208157,0.0032663331
1,137,396,0.0,0.37992787,0.62007207,-4.4167175,-14.43346,-1.6780341,-8.949785,-10.627819,2.4231835e-05
1,198,52,0.0,0.37992787,0.62007207,-4.3558,1.3594333,-1.65489,0.8429466,-0.81194335,0.30747652
1,76,281,0.0,0.37992787,0.62007207,-7.322843,-14.971374,-2.7821522,-9.283331,-12.065483,5.7547277e-06
1,310,472,0.0,0.37992787,0.62007207,-11.66516,-16.435343,-4.4319196,-10.191097,-14.623016,4.4596882e-07
1,211,548,0.0,0.37992787,0.62007207,-3.1952236,-11.551325,-1.2139544,-7.162654,-8.376608,0.00023013646
1,195,264,0.0,0.37992787,0.62007207,1.0401744,1.8185767,0.39519122,1.1276486,1.5228398,0.82095623
1,353,408,0.0,0.37992787,0.62007207,-15.702186,-21.315165,-5.965698,-13.216938,-19.182636,4.6675277e-09
1,408,108,0.0,0.37992787,0.62007207,-8.2649555,-16.38383,-3.140087,-10.159155,-13.299242,1.6757601e-06
1,291,80,0.0,0.37992787,0.62007207,-9.1771965,-10.093376,-3.4866726,-6.2586207,-9.745294,5.856623e-05
1,412,351,0.0,0.37992787,0.62007207,-4.961775,-9.640743,-1.8851166,-5.977956,-7.8630724,0.00038454222
1,206,551,0.0,0.37992787,0.62007207,-1.5455824,-14.648554,-0.5872098,-9.083159,-9.670369,6.312256e-05
1,286,546,0.0,0.37992787,0.62007207,-6.247711,-7.1705427,-2.3736796,-4.4462533,-6.819933,0.0010906033
1,387,10,0.0,0.37992787,0.62007207,-5.7674236,-13.847897,-2.191205,-8.586694,-10.777899,2.0854943e-05
1,103,503,0.0,0.37992787,0.62007207,-2.2663758,-13.698675,-0.8610593,-8.494165,-9.355225,8.650476e-05
1,173,277,0.0,0.37992787,0.62007207,3.0957854,-6.2165937,1.1761751,-3.854736,-2.678561,0.064250335
1,237,374,0.0,0.37992787,0.62007207,-6.318392,-13.04571,-2.4005332,-8.08928,-10.489813,2.7817627e-05
1,219,42,0.0,0.37992787,0.62007207,-9.301623,-17.703178,-3.533946,-10.977246,-14.511192,4.9873404e-07
1,144,393,0.0,0.37992787,0.62007207,-3.48729,-13.053773,-1.3249186,-8.09428,-9.419199,8.114441e-05
1,396,567,0.0,0.37992787,0.62007207,-11.923144,-15.691261,-4.529935,-9.7297125,-14.259647,6.4137726e-07
1,416,236,0.0,0.37992787,0.62007207,-10.102231,-12.747792,-3.8381193,-7.90455,-11.742669,7.94731e-06
1,130,580,0.0,0.37992787,0.62007207,-4.3491626,-17.934,-1.6523681,-11.120373,-12.772741,2.8370546e-06
1,24,412,0.0,0.37992787,0.62007207,-15.063876,-15.4995165,-5.7231865,-9.610817,-15.334003,2.1904171e-07
1,246,526,0.0,0.37992787,0.62007207,-6.4139185,-18.844576,-2.4368265,-11.684995,-14.121821,7.3615723e-07
1,51,125,0.0,0.37992787,0.62007207,-10.749869,-18.196531,-4.084175,-11.283161,-15.367336,2.1186077e-07
1,328,344,0.0,0.37992787,0.62007207,-14.215258,-17.29494,-5.4007726,-10.72411,-16.124882,9.9323685e-08
1,53,306,0.0,0.37992787,0.62007207,-5.788522,-18.826803,-2.1992207,-11.673975,-13.873196,9.4394625e-07
1,40,13,0.0,0.37992787,0.62007207,-5.9029355,-15.7724085,-2.2426898,-9.78003,-12.02272,6.0061516e-06
1,225,244,0.0,0.37992787,0.62007207,-1.0843185,-4.0692844,-0.41196284,-2.5232496,-2.9352124,0.050440088
1,260,211,0.0,0.37992787,0.62007207,-8.768026,-18.269958,-3.3312175,-11.328691,-14.659908,4.2981594e-07
1,423,328,0.0,0.37992787,0.62007207,-6.783018,-11.288904,-2.5770576,-6.999934,-9.576992,6.93003e-05
1,114,473,0.0,0.37992787,0.62007207,-1.5196513,-4.3262978,-0.5773579,-2.6826165,-3.2599745,0.03697012
1,134,413,0.0,0.37992787,0.62007207,-15.203661,-17.774488,-5.7762947,-11.021463,-16.797758,5.0678803e-08
1,305,524,0.0,0.37992787,0.62007207,-5.49435,-16.955193,-2.0874567,-10.513441,-12.600898,3.3689778e-06
1,65,90,0.0,0.37992787,0.62007207,-19.542696,-14.484474,-7.4248147,-8.981418,-16.406233,7.4965875e-08
1,414,148,0.0,0.37992787,0.62007207,-5.1414633,-12.646255,-1.9533852,-7.841589,-9.794974,5.572788e-05
1,122,446,0.0,0.37992787,0.62007207,-11.442674,-15.328422,-4.3473907,-9.504726,-13.852118,9.64054e-07
1,87,365,0.0,0.37992787,0.62007207,-2.9929476,-6.6140127,-1.1371042,-4.1011643,-5.2382684,0.0052814013
1,267,94,0.0,0.37992787,0.62007207,-6.7147465,-16.671223,-2.5511193,-10.337359,-12.888479,2.5269899e-06
1,96,446,0.0,0.37992787,0.62007207,-2.3100092,-4.224802,-0.8776369,-2.6196818,-3.4973187,0.029388618
1,321,158,0.0,0.37992787,0.62007207,-10.1758375,-14.654906,-3.8660843,-9.087098,-12.953182,2.368664e-06
1,325,226,0.0,0.37992787,0.62007207,-7.9312344,-11.078146,-3.013297,-6.869249,-9.882545,5.105554e-05
1,249,79,0.0,0.37992787,0.62007207,-10.399566,-10.999142,-3.9510849,-6.8202605,-10.771345,2.0992064e-05
1,317,225,0.0,0.37992787,0.62007207,-5.9643044,-14.607849,-2.2660055,-9.0579195,-11.323925,1.2080269e-05
1,224,149,0.0,0.37992787,0.62007207,-3.4087992,-14.266878,-1.2950978,-8.846493,-10.14159,3.940454e-05
1,57,109,0.0,0.37992787,0.62007207,-4.5629864,-12.812703,-1.7336057,-7.9447994,-9.678405,6.261739e-05
1,405,345,0.0,0.37992787,0.62007207,-5.999402,-12.040058,-2.27934,-7.465704,-9.745044,5.8580867e-05
1,399,308,0.0,0.37992787,0.62007207,-15.014593,-14.956138,-5.7044625,-9.273883,-14.978346,3.125985e-07
1,230,33,0.0,0.37992787,0.62007207,-3.1077013,-11.788397,-1.1807023,-7.3096557,-8.490358,0.00020539745
1,275,75,0.0,0.37992787,0.62007207,-7.7554283,-9.152251,-2.9465034,-5.6750555,-8.621559,0.00018014666
1,207,153,0.0,0.37992787,0.62007207,-12.320941,-15.349664,-4.681069,-9.517898,-14.198967,6.815013e-07
1,71,533,0.0,0.37992787,0.62007207,-5.4622097,-15.30049,-2.0752456,-9.487407,-11.562653,9.514799e-06
1,17,348,0.0,0.37992787,0.62007207,1.5958412,-3.3936217,0.6063045,-2.10429,-1.4979855,0.18272617
1,159,409,0.0,0.37992787,0.62007207,-3.3785062,-15.605819,-1.2835886,-9.676732,-10.96032,1.7377437e-05
1,83,391,0.0,0.37992787,0.62007207,-4.13041,-19.7362,-1.569258,-12.237866,-13.807124,1.0084207e-06
1,182,1,0.0,0.37992787,0.62007207,-2.3052392,-3.1538935,-0.87582463,-1.9556413,-2.831466,0.055647306
1,286,293,0.0,0.37992787,0.62007207,1.435896,-3.4362733,0.54553694,-2.130737,-1.5852001,0.17006029
1,169,211,0.0,0.37992787,0.62007207,-5.191818,-6.1381307,-1.9725164,-3.8060834,-5.7785997,0.003083506
1,321,522,0.0,0.37992787,0.62007207,-12.869237,-20.251734,-4.889382,-12.557534,-17.446917,2.6478927e-08
1,127,274,0.0,0.37992787,0.62007207,-2.5490012,0.9884443,-0.9684366,0.6129067,-0.3555299,0.41204208
1,250,0,0.0,0.37992787,0.62007207,-1.5096003,-14.312072,-0.5735392,-8.874516,-9.448054,7.88366e-05
1,255,396,0.0,0.37992787,0.62007207,-1.3186445,-17.945032,-0.5009898,-11.1272135,-11.628203,8.9111045e-06
1,189,188,0.0,0.37992787,0.62007207,0.2527224,-16.699907,0.09601629,-10.355146,-10.2591305,3.503491e-05
1,386,80,0.0,0.37992787,0.62007207,-1.3812374,-5.22001,-0.52477056,-3.2367823,-3.7615528,0.02271944
1,98,157,0.0,0.37992787,0.62007207,-4.120264,-12.051938,-1.5654031,-7.47307,-9.038473,0.00011873791
1,264,333,0.0,0.37992787,0.62007207,-3.1487005,-19.524885,-1.196279,-12.106836,-13.303116,1.6692812e-06
1,275,403,0.0,0.37992787,0.62007207,-13.268777,-20.005423,-5.041178,-12.404803,-17.445982,2.6503686e-08
1,78,194,0.0,0.37992787,0.62007207,-7.093253,-14.058094,-2.6949246,-8.7170315,-11.411956,1.1062309e-05
1,187,446,0.0,0.37992787,0.62007207,-5.9831467,-8.399027,-2.2731643,-5.208002,-7.4811664,0.00056328217
1,226,1,0.0,0.37992787,0.62007207,-4.419762,-18.083994,-1.6791909,-11.21338,-12.8925705,2.5166723e-06
1,274,60,0.0,0.37992787,0.62007207,-19.695019,-21.668276,-7.4826865,-13.435892,-20.91858,8.225769e-10
1,308,3,0.0,0.37992787,0.62007207,-7.986467,-22.464226,-3.0342815,-13.929439,-16.96372,4.2928914e-08
1,341,563,0.0,0.37992787,0.62007207,-8.729741,-17.288744,-3.316672,-10.720267,-14.03694,8.013721e-07
1,22,527,0.0,0.37992787,0.62007207,-13.034728,-16.077497,-4.9522567,-9.969207,-14.921463,3.3089543e-07
1,54,323,0.0,0.37992787,0.62007207,-3.161994,-18.99765,-1.2013297,-11.779912,-12.981241,2.3031253e-06
1,97,497,0.0,0.37992787,0.62007207,-4.679487,-11.150132,-1.7778677,-6.9138856,-8.691753,0.00016793705
1,293,280,0.0,0.37992787,0.62007207,-6.1640058,-13.007364,-2.3418777,-8.065503,-10.407381,3.0207773e-05
1,351,189,0.0,0.37992787,0.62007207,-7.2325025,-14.817633,-2.7478292,-9.188,-11.935829,6.551374e-06
1,298,194,0.0,0.37992787,0.62007207,-12.065858,-15.077426,-4.5841556,-9.349091,-13.933247,8.889299e-07
1,311,157,0.0,0.37992787,0.62007207,-10.922418,-11.13979,-4.1497307,-6.907472,-11.057203,1.577287e-05
1,134,105,0.0,0.37992787,0.62007207,-2.890271,-8.875084,-1.0980945,-5.5031915,-6.601286,0.0013567765
1,53,48,0.0,0.37992787,0.62007207,-9.375523,-24.749645,-3.5620224,-15.346563,-18.908587,6.1391074e-09
1,253,269,0.0,0.37992787,0.62007207,-0.16666873,-15.810319,-0.0633221,-9.803537,-9.866859,5.186267e-05
1,403,400,0.0,0.37992787,0.62007207,-9.631888,-19.644133,-3.6594229,-12.180778,-15.8402,1.3203477e-07
1,395,408,0.0,0.37992787,0.62007207,-19.428661,-22.462112,-7.38149,-13.928128,-21.309618,5.563531e-10
1,199,289,0.0,0.37992787,0.62007207,3.5420213,3.1814091,1.3457127,1.972703,3.3184156,0.96505517
1,332,208,0.0,0.37992787,0.62007207,-13.344322,-19.231031,-5.06988,-11.924625,-16.994505,4.1627494e-08
1,375,415,0.0,0.37992787,0.62007207,-5.5361013,-14.866254,-2.1033192,-9.218149,-11.321468,1.2109982e-05
1,2,507,0.0,0.37992787,0.62007207,-7.147546,-19.68177,-2.7155519,-12.204116,-14.919668,3.314899e-07
1,297,219,0.0,0.37992787,0.62007207,-3.9190753,-11.632376,-1.4889659,-7.212911,-8.701877,0.00016624582
1,26,443,0.0,0.37992787,0.62007207,-4.349384,1.5465255,-1.6524521,0.95895725,-0.69349486,0.33325607
1,35,478,0.0,0.37992787,0.62007207,-2.3538287,-18.889463,-0.89428514,-11.712829,-12.607114,3.3481012e-06
1,239,77,0.0,0.37992787,0.62007207,-4.7984858,-8.671656,-1.8230785,-5.3770514,-7.20013,0.0007459319
1,175,55,0.0,0.37992787,0.62007207,-4.819458,-9.527332,-1.8310465,-5.907633,-7.7386794,0.0004354568
1,133,214,0.0,0.37992787,0.62007207,0.32688293,-10.917815,0.12419193,-6.769832,-6.6456404,0.0012979889
1,8,165,0.0,0.37992787,0.62007207,-3.1766436,-16.023369,-1.2068955,-9.935643,-11.142539,1.4482731e-05
1,124,72,0.0,0.37992787,0.62007207,-4.19802,-16.108915,-1.5949448,-9.988688,-11.583633,9.317253e-06
1,277,566,0.0,0.37992787,0.62007207,-8.192425,-6.158245,-3.1125305,-3.8185558,-6.9310865,0.0009759853
1,427,331,0.0,0.37992787,0.62007207,-8.98529,-9.553305,-3.4137619,-5.9237375,-9.3375,8.805159e-05
1,399,216,0.0,0.37992787,0.62007207,-15.60629,-20.843687,-5.9292645,-12.924588,-18.853853,6.4844863e-09
1,38,471,0.0,0.37992787,0.62007207,-7.163783,-20.03755,-2.721721,-12.424725,-15.146445,2.6423007e-07
1,177,323,0.0,0.37992787,0.62007207,-1.1379029,-11.104483,-0.432321,-6.8855796,-7.3179007,0.0006631138
1,49,581,0.0,0.37992787,0.62007207,-5.7108088,-18.851313,-2.1696954,-11.689173,-13.858868,9.575685e-07
1,336,75,0.0,0.37992787,0.62007207,-6.7974577,-12.3028965,-2.5825436,-7.6286826,-10.211226,3.675401e-05
1,72,221,0.0,0.37992787,0.62007207,-4.785368,-12.555046,-1.8180947,-7.785033,-9.603128,6.751262e-05
1,106,301,0.0,0.37992787,0.62007207,-8.55523,-5.554879,-3.2503705,-3.4444253,-6.6947956,0.0012358057
1,116,209,0.0,0.37992787,0.62007207,-14.371764,-19.518099,-5.4602337,-12.102628,-17.562862,2.3580107e-08
2,199,323,1.0,0.4027565,0.5972435,3.4754431,7.284491,1.3997574,4.350615,5.7503724,0.9968285
2,380,219,1.0,0.4027565,0.5972435,-0.58357346,-15.408716,-0.23503801,-9.202755,-9.437793,7.964969e-05
2,199,336,1.0,0.4027565,0.5972435,0.13670117,-6.1109056,0.055057283,-3.6496985,-3.5946412,0.026736083
2,16,573,1.0,0.4027565,0.5972435,2.2497537,1.8804437,0.90610296,1.1230828,2.0291858,0.88382745
2,69,190,1.0,0.4027565,0.5972435,4.3273635,0.22967672,1.7428738,0.13717292,1.8800467,0.8676165
2,182,341,1.0,0.4027565,0.5972435,2.8149922,4.2459455,1.1337564,2.5358632,3.6696196,0.9751473
2,79,396,1.0,0.4027565,0.5972435,4.2877183,2.4429955,1.7269064,1.4590632,3.1859696,0.9603028
2,15,71,1.0,0.4027565,0.5972435,-2.312609,-0.35229984,-0.9314183,-0.21040879,-1.1418271,0.24198507
2,27,399,1.0,0.4027565,0.5972435,6.619041,4.6410055,2.6658618,2.7718103,5.437672,0.99566925
2,47,87,1.0,0.4027565,0.5972435,1.529994,0.33372495,0.61621505,0.19931506,0.8155301,0.69328666
2,99,54,1.0,0.4027565,0.5972435,2.4463742,5.2690907,0.98529315,3.14693,4.132223,0.9842063
2,175,424,1.0,0.4027565,0.5972435,6.098616,5.4084253,2.4562573,3.230147,5.686404,0.9966197
2,64,492,1.0,0.4027565,0.5972435,3.662695,6.67655,1.4751742,3.987526,5.4627,0.9957759
2,114,309,1.0,0.4027565,0.5972435,2.4099936,3.881804,0.97064066,2.3183823,3.289023,0.96405035
2,39,378,1.0,0.4027565,0.5972435,2.8129537,3.4557362,1.1329354,2.063916,3.1968513,0.96071553
2,193,559,1.0,0.4027565,0.5972435,0.67739135,-2.1613448,0.27282378,-1.2908491,-1.0180253,0.26541224
2,107,332,1.0,0.4027565,0.5972435,6.8088937,8.371853,2.7423263,5.000035,7.742361,0.99956614
2,251,166,1.0,0.4027565,0.5972435,-4.184934,-8.050802,-1.6855094,-4.808289,-6.4937983,0.0015105071
2,107,528,1.0,0.4027565,0.5972435,4.436519,0.1715503,1.786837,0.1024573,1.8892943,0.86867505
2,64,234,1.0,0.4027565,0.5972435,4.0432873,7.480737,1.6284603,4.4678216,6.096282,0.9977538
2,87,173,1.0,0.4027565,0.5972435,2.290798,5.9685516,0.92263377,3.5646787,4.4873123,0.9888743
2,3,177,1.0,0.4027565,0.5972435,2.7632186,3.0866263,1.1129043,1.8434675,2.9563718,0.9505637
2,233,383,1.0,0.4027565,0.5972435,2.6439779,5.3943224,1.0648793,3.221724,4.2866035,0.98643506
2,155,439,1.0,0.4027565,0.5972435,1.8617254,-2.0941694,0.749822,-1.250729,-0.50090694,0.3773276
2,3,318,1.0,0.4027565,0.5972435,4.6270976,2.035434,1.8635937,1.2156497,3.0792434,0.9560284
2,310,198,1.0,0.4027565,0.5972435,7.824111,6.89651,3.1512117,4.1188955,7.2701073,0.9993044
2,99,433,1.0,0.4027565,0.5972435,3.0902584,7.246769,1.2446216,4.3280854,5.572707,0.9962142
2,11,413,1.0,0.4027565,0.5972435,2.0554085,0.7053243,0.8278291,0.42125034,1.2490795,0.77714044
2,238,347,1.0,0.4027565,0.5972435,6.022431,7.3588753,2.4255733,4.3950405,6.820614,0.9989102
2,210,46,1.0,0.4027565,0.5972435,4.999807,4.245066,2.0137048,2.5353382,4.5490427,0.98953336
2,304,198,1.0,0.4027565,0.5972435,7.9558516,7.446558,3.204271,4.447408,7.651679,0.99952495
2,11,148,1.0,0.4027565,0.5972435,4.2420554,1.620523,1.7085154,0.9678468,2.6763623,0.93561727
2,79,134,1.0,0.4027565,0.5972435,5.023212,6.030315,2.0231314,3.6015663,5.6246977,0.99640536
2,92,323,1.0,0.4027565,0.5972435,4.5274935,7.6385045,1.8234775,4.562047,6.3855247,0.9983171
2,114,139,1.0,0.4027565,0.5972435,2.5400329,3.887755,1.0230148,2.3219364,3.3449512,0.96593904
2,16,473,1.0,0.4027565,0.5972435,-3.3792493,5.7024164,-1.3610147,3.405731,2.0447164,0.88541263
2,143,140,1.0,0.4027565,0.5972435,1.7130446,-3.7777133,0.68993986,-2.2562146,-1.5662748,0.1727481
2,247,77,1.0,0.4027565,0.5972435,-4.873348,-4.3975625,-1.9627727,-2.6264155,-4.589188,0.010058896
2,130,385,1.0,0.4027565,0.5972435,2.9876077,6.979685,1.2032784,4.1685715,5.37185,0.9953759
2,216,385,1.0,0.4027565,0.5972435,4.1550765,4.382719,1.6734841,2.6175504,4.2910347,0.9864942
2,357,87,1.0,0.4027565,0.5972435,5.0229764,9.235653,2.0230365,5.5159335,7.53897,0.9994684
2,203,373,1.0,0.4027565,0.5972435,3.008623,2.3995624,1.2117424,1.433123,2.6448655,0.9336938
2,84,318,1.0,0.4027565,0.5972435,4.8533416,4.3286886,1.9547149,2.5852811,4.539996,0.9894393
2,107,365,1.0,0.4027565,0.5972435,4.8144264,5.09717,1.9390416,3.0442514,4.983293,0.9931952
2,17,95,1.0,0.4027565,0.5972435,5.243514,6.9840574,2.1118593,4.1711826,6.283042,0.9981358
2,217,23,1.0,0.4027565,0.5972435,1.7499086,2.1587427,0.7047871,1.289295,1.994082,0.88017434
2,107,233,1.0,0.4027565,0.5972435,4.7906327,3.1457887,1.9294585,1.8788018,3.8082604,0.9782948
2,15,137,1.0,0.4027565,0.5972435,3.2854102,4.271027,1.3232204,2.550843,3.8740635,0.979649
2,183,309,1.0,0.4027565,0.5972435,-3.3001788,-2.965207,-1.3291684,-1.7709507,-3.100119,0.043102343
2,26,239,1.0,0.4027565,0.5972435,3.0934079,7.640336,1.2458901,4.563141,5.809031,0.9970086
2,55,36,1.0,0.4027565,0.5972435,1.2233839,2.2962236,0.49272582,1.3714046,1.8641305,0.8657777
2,64,150,1.0,0.4027565,0.5972435,3.261937,-0.48604754,1.3137664,-0.29028872,1.0234777,0.73564947
2,251,230,1.0,0.4027565,0.5972435,0.8132145,8.010053,0.32752743,4.7839518,5.1114793,0.994009
2,70,526,1.0,0.4027565,0.5972435,0.01737606,-1.0041866,0.006998321,-0.5997439,-0.5927456,0.35600516
2,348,293,1.0,0.4027565,0.5972435,3.5912025,8.07274,1.4463801,4.821391,6.2677712,0.9981071
2,84,330,1.0,0.4027565,0.5972435,2.4399061,2.1344998,0.98268807,1.2748162,2.2575042,0.90529585
2,27,315,1.0,0.4027565,0.5972435,2.1732285,5.52617,0.87528193,3.300469,4.1757507,0.98486876
2,389,70,1.0,0.4027565,0.5972435,4.885255,7.867674,1.9675682,4.698917,6.666485,0.9987287
2,239,320,1.0,0.4027565,0.5972435,4.161344,7.317934,1.6760085,4.3705883,6.0465965,0.99763966
2,87,579,1.0,0.4027565,0.5972435,2.4397862,1.9907727,0.9826398,1.188976,2.1716158,0.89767146
2,107,120,1.0,0.4027565,0.5972435,4.324276,6.5728264,1.7416303,3.9255776,5.6672077,0.9965544
2,114,115,1.0,0.4027565,0.5972435,0.31457454,1.0699308,0.12669694,0.6390092,0.7657061,0.68259126
2,84,198,1.0,0.4027565,0.5972435,6.055432,3.6950595,2.4388647,2.2068503,4.6457148,0.99048865
2,99,418,1.0,0.4027565,0.5972435,0.47858354,0.50814265,0.19275264,0.3034849,0.49623752,0.62157476
2,424,87,1.0,0.4027565,0.5972435,3.9996502,8.619915,1.6108851,5.148188,6.7590733,0.9988411
2,187,65,1.0,0.4027565,0.5972435,-0.79237884,6.3429184,-0.31913573,3.7882667,3.469131,0.96979654
2,174,407,1.0,0.4027565,0.5972435,1.286904,3.9451447,0.51830894,2.356212,2.8745208,0.9465724
2,399,198,1.0,0.4027565,0.5972435,7.688107,6.330385,3.096435,3.7807813,6.8772163,0.99897003
2,26,367,1.0,0.4027565,0.5972435,2.6982384,8.097303,1.0867331,4.836062,5.9227953,0.9973295
2,351,23,1.0,0.4027565,0.5972435,4.138456,5.8870707,1.66679,3.5160146,5.1828046,0.99441904
2,154,65,1.0,0.4027565,0.5972435,0.50173885,0.16613922,0.20207858,0.099225566,0.30130416,0.57476133
2,252,226,1.0,0.4027565,0.5972435,0.15540242,-14.838362,0.06258934,-8.862115,-8.799525,0.00015078191
2,159,424,1.0,0.4027565,0.5972435,3.9803195,5.1528616,1.6030996,3.077513,4.6806126,0.9908119
2,90,105,1.0,0.4027565,0.5972435,-5.321874,-12.013495,-2.1434195,-7.174982,-9.318401,8.974923e-05
2,408,440,1.0,0.4027565,0.5972435,4.1839757,1.8446455,1.6851234,1.1017026,2.7868261,0.9419598
2,99,186,1.0,0.4027565,0.5972435,5.021871,1.4982343,2.0225914,0.8948107,2.917402,0.94869995
2,242,385,1.0,0.4027565,0.5972435,4.545694,2.062479,1.8308078,1.2318021,3.06261,0.9553239
2,92,367,1.0,0.4027565,0.5972435,2.7410228,8.813523,1.1039648,5.263819,6.367784,0.998287
2,16,284,1.0,0.4027565,0.5972435,5.3733935,5.475775,2.1641693,3.2703707,5.43454,0.99565566
2,16,385,1.0,0.4027565,0.5972435,5.680838,2.2772093,2.2879946,1.3600484,3.6480432,0.974619
2,135,198,1.0,0.4027565,0.5972435,4.9508977,4.752995,1.9940063,2.8386953,4.8327017,0.992098
2,38,293,1.0,0.4027565,0.5972435,1.1624457,6.0311675,0.46818256,3.6020756,4.070258,0.98321354
2,170,180,1.0,0.4027565,0.5972435,-4.5258536,-8.033985,-1.822817,-4.7982454,-6.6210623,0.0013302433
2,27,398,1.0,0.4027565,0.5972435,3.050572,6.5992646,1.2286377,3.9413679,5.170006,0.99434763
2,215,185,1.0,0.4027565,0.5972435,-1.189506,-8.124207,-0.4790813,-4.8521295,-5.3312106,0.0048149135
2,64,82,1.0,0.4027565,0.5972435,3.7911227,2.8176138,1.5268993,1.6828015,3.2097008,0.96119773
2,142,347,1.0,0.4027565,0.5972435,5.99474,4.8724537,2.4144206,2.9100413,5.324462,0.9951526
2,11,196,1.0,0.4027565,0.5972435,4.562194,4.708475,1.8374532,2.8121061,4.6495595,0.9905248
2,225,180,1.0,0.4027565,0.5972435,-4.607696,-15.946363,-1.8557796,-9.523862,-11.379642,1.1425613e-05
2,27,376,1.0,0.4027565,0.5972435,5.451818,6.5037575,2.1957552,3.8843267,6.080082,0.99771726
2,301,198,1.0,0.4027565,0.5972435,7.8324795,7.3907795,3.154582,4.414095,7.568677,0.9994838
2,210,198,1.0,0.4027565,0.5972435,6.948241,7.2304535,2.7984495,4.3183413,7.116791,0.9991893
2,69,357,1.0,0.4027565,0.5972435,4.4202356,-2.383688,1.7802787,-1.4236422,0.35663652,0.588226
2,3,115,1.0,0.4027565,0.5972435,0.72477216,4.8601255,0.2919067,2.9026783,3.1945848,0.96062994
2,97,359,1.0,0.4027565,0.5972435,5.3523602,6.9328747,2.155698,4.140614,6.2963123,0.9981603
2,158,41,1.0,0.4027565,0.5972435,-0.5866513,-0.64816815,-0.23627764,-0.3871142,-0.62339187,0.34901044
2,195,421,1.0,0.4027565,0.5972435,-2.1577194,-6.1963735,-0.86903554,-3.7007437,-4.5697794,0.0102540115
2,167,347,1.0,0.4027565,0.5972435,6.190779,1.1050953,2.4933767,0.66001093,3.1533875,0.959042
2,320,198,1.0,0.4027565,0.5972435,6.3421216,7.344905,2.5543308,4.386697,6.9410276,0.9990337
2,27,269,1.0,0.4027565,0.5972435,2.6317728,6.2152424,1.0599636,3.712013,4.7719765,0.9916074
2,140,11,1.0,0.4027565,0.5972435,0.82346886,1.8849154,0.33165744,1.1257534,1.4574108,0.8111363
2,89,286,1.0,0.4027565,0.5972435,0.97384685,1.8307045,0.39222315,1.0933763,1.4855994,0.8154168
2,148,87,1.0,0.4027565,0.5972435,4.4767804,4.020295,1.8030524,2.4010952,4.2041473,0.98528624
2,27,380,1.0,0.4027565,0.5972435,4.253108,7.8277617,1.7129669,4.67508,6.3880467,0.99832124
2,422,359,1.0,0.4027565,0.5972435,5.8155227,6.8822885,2.3422396,4.110402,6.4526415,0.9984262
2,20,110,1.0,0.4027565,0.5972435,-2.1120145,-3.1879783,-0.8506276,-1.9039992,-2.7546268,0.059825882
2,27,518,1.0,0.4027565,0.5972435,1.4822333,6.7473383,0.5969791,4.0298038,4.626783,0.9903086
2,16,338,1.0,0.4027565,0.5972435,4.6950946,6.3589854,1.8909799,3.7978625,5.6888423,0.99662787
2,27,200,1.0,0.4027565,0.5972435,1.9708815,3.57374,0.79378533,2.134393,2.9281783,0.9492219
2,64,257,1.0,0.4027565,0.5972435,1.6359757,6.1954184,0.6588999,3.7001734,4.359073,0.9873713
2,27,275,1.0,0.4027565,0.5972435,0.957274,6.133568,0.38554835,3.6632335,4.048782,0.9828554
2,63,85,1.0,0.4027565,0.5972435,3.4641755,5.673106,1.3952192,3.3882258,4.783445,0.99170226
2,27,49,1.0,0.4027565,0.5972435,2.8701138,6.5350485,1.1559571,3.9030151,5.0589724,0.99368805
2,346,198,1.0,0.4027565,0.5972435,7.633343,7.033883,3.0743787,4.200941,7.27532,0.9993081
2,107,15,1.0,0.4027565,0.5972435,5.076503,3.09339,2.0445945,1.847507,3.8921015,0.9800055
2,323,198,1.0,0.4027565,0.5972435,6.212864,7.1604767,2.5022714,4.276548,6.778819,0.9988637
2,99,101,1.0,0.4027565,0.5972435,1.7434708,3.0161462,0.7021942,1.8013737,2.503568,0.9243916
2,107,90,1.0,0.4027565,0.5972435,6.317865,5.6881957,2.5445611,3.3972378,5.941799,0.99737966
2,73,418,1.0,0.4027565,0.5972435,1.9141046,4.668317,0.7709181,2.788122,3.55904,0.9723218
2,114,26,1.0,0.4027565,0.5972435,6.0465627,6.0190444,2.4352925,3.594835,6.0301275,0.9976006
2,318,198,1.0,0.4027565,0.5972435,6.902824,7.6832957,2.7801573,4.5887985,7.3689556,0.9993699
2,115,242,1.0,0.4027565,0.5972435,3.321282,5.2110205,1.337668,3.112248,4.449916,0.9884553
2,107,56,1.0,0.4027565,0.5972435,5.5769944,6.63426,2.2461708,3.9622686,6.2084394,0.9979917
2,420,566,1.0,0.4027565,0.5972435,5.966379,6.5439043,2.402998,3.9083042,6.311302,0.9981876
2,69,313,1.0,0.4027565,0.5972435,3.9808495,7.046244,1.6033131,4.2083235,5.8116364,0.99701643
2,42,293,1.0,0.4027565,0.5972435,2.878515,6.137266,1.1593406,3.6654422,4.824783,0.9920357
2,27,298,1.0,0.4027565,0.5972435,3.8657434,5.544493,1.5569533,3.3114126,4.868366,0.99237275
2,203,221,1.0,0.4027565,0.5972435,1.9921895,-12.874892,0.8023673,-7.6894455,-6.8870783,0.0010198511
2,131,566,1.0,0.4027565,0.5972435,5.309382,5.9992757,2.1383882,3.5830283,5.7214165,0.99673563
2,373,226,1.0,0.4027565,0.5972435,4.3040957,8.310358,1.7335026,4.9633074,6.69681,0.99876666
2,27,316,1.0,0.4027565,0.5972435,6.579656,7.7006693,2.6499994,4.5991745,7.249174,0.99928975
2,169,537,1.0,0.4027565,0.5972435,3.368977,1.4736998,1.3568774,0.8801576,2.237035,0.90352637
2,120,198,1.0,0.4027565,0.5972435,7.4269514,7.828374,2.9912531,4.6754456,7.6666985,0.9995321
2,2,347,1.0,0.4027565,0.5972435,6.3959656,3.7963057,2.576017,2.2673187,4.8433356,0.99218094
2,224,11,1.0,0.4027565,0.5972435,0.3721671,-3.6668134,0.14989273,-2.1899805,-2.0400877,0.115057796
2,381,21,1.0,0.4027565,0.5972435,1.1370891,3.0346751,0.45797005,1.8124399,2.27041,0.90639657
2,115,26,1.0,0.4027565,0.5972435,4.574457,5.129156,1.8423924,3.063355,4.9057474,0.99265057
2,16,109,1.0,0.4027565,0.5972435,-0.62151605,2.1992218,-0.25031963,1.313471,1.0631514,0.7432923
2,27,66,1.0,0.4027565,0.5972435,2.813988,8.320772,1.1333519,4.969527,6.1028786,0.99776864
2,71,16,1.0,0.4027565,0.5972435,-2.56367,-2.5138521,-1.0325347,-1.5013818,-2.5339165,0.07351445
2,377,347,1.0,0.4027565,0.5972435,5.014682,4.6209106,2.0196958,2.7598088,4.779505,0.9916698
2,149,293,1.0,0.4027565,0.5972435,2.9938972,5.0404286,1.2058116,3.010363,4.2161746,0.9854595
2,227,184,1.0,0.4027565,0.5972435,5.545342,8.48419,2.2334225,5.067127,7.3005495,0.9993253
2,15,517,1.0,0.4027565,0.5972435,2.2045805,5.77526,0.8879092,3.4492364,4.337146,0.98709494
2,239,499,1.0,0.4027565,0.5972435,2.264639,7.2179,0.91209805,4.3108435,5.2229414,0.9946374
2,105,418,1.0,0.4027565,0.5972435,0.38351876,1.0781538,0.15446468,0.64392036,0.798385,0.6896289
2,247,245,1.0,0.4027565,0.5972435,1.6239464,0.015512057,0.654055,0.009264475,0.66331947,0.6600057
2,107,412,1.0,0.4027565,0.5972435,4.548982,6.958522,1.8321322,4.155932,5.9880643,0.99749774
2,355,376,1.0,0.4027565,0.5972435,4.072602,9.483292,1.6402669,5.663834,7.304101,0.99932766
2,1,69,1.0,0.4027565,0.5972435,3.3420217,3.717426,1.346021,2.2202084,3.5662293,0.97251457
2,201,25,1.0,0.4027565,0.5972435,0.5437837,3.6735077,0.21901244,2.1939785,2.412991,0.9178126
2,27,480,1.0,0.4027565,0.5972435,7.3782744,2.459376,2.971648,1.4688463,4.4404945,0.98834723
2,19,289,1.0,0.4027565,0.5972435,2.1371663,0.20798996,0.86075765,0.12422065,0.9849783,0.72809494
2,27,3,1.0,0.4027565,0.5972435,-0.8156405,9.02155,-0.32850453,5.388062,5.0595574,0.9936917
2,107,534,1.0,0.4027565,0.5972435,6.039803,4.3818884,2.43257,2.6170542,5.0496244,0.99362904
2,43,21,1.0,0.4027565,0.5972435,2.8819554,-6.9698544,1.1607263,-4.1627,-3.0019739,0.047336783
2,133,101,1.0,0.4027565,0.5972435,1.363546,3.7806087,0.54917705,2.2579439,2.8071208,0.94305944
2,16,269,1.0,0.4027565,0.5972435,1.9832852,4.0702853,0.79878104,2.4309514,3.2297325,0.96193796
2,27,272,1.0,0.4027565,0.5972435,3.6516578,8.331835,1.470729,4.9761343,6.446863,0.998417
2,69,302,1.0,0.4027565,0.5972435,3.769824,2.4982305,1.5183212,1.4920518,3.010373,0.9530406
2,36,384,1.0,0.4027565,0.5972435,2.9635956,7.2794824,1.1936074,4.3476233,5.5412307,0.9960936
2,16,154,1.0,0.4027565,0.5972435,-3.2886314,-0.082550846,-1.3245177,-0.049302954,-1.3738207,0.20200329
2,3,527,1.0,0.4027565,0.5972435,-0.94759005,-8.451299,-0.38164806,-5.047483,-5.429131,0.004367745
2,11,454,1.0,0.4027565,0.5972435,2.921846,0.31595662,1.1767925,0.18870303,1.3654956,0.7966514
2,152,198,1.0,0.4027565,0.5972435,4.8446574,5.012174,1.9512173,2.9934883,4.9447055,0.9929294
2,332,198,1.0,0.4027565,0.5972435,7.3777356,7.893185,2.971431,4.7141533,7.685584,0.9995408
2,254,385,1.0,0.4027565,0.5972435,4.4571896,4.4117546,1.7951621,2.6348917,4.4300537,0.98822635
2,193,339,1.0,0.4027565,0.5972435,4.0486264,6.349824,1.6306107,3.792391,5.423002,0.9956055
2,169,427,1.0,0.4027565,0.5972435,2.2601235,7.6179132,0.91027945,4.549749,5.460028,0.9957646
2,422,87,1.0,0.4027565,0.5972435,4.651086,8.6323395,1.8732551,5.1556087,7.028864,0.9991148
2,118,35,1.0,0.4027565,0.5972435,-3.4702935,-16.200733,-1.3976833,-9.675782,-11.073465,1.5518452e-05
2,27,177,1.0,0.4027565,0.5972435,2.7107098,4.66708,1.091756,2.787383,3.879139,0.9797499
2,114,149,1.0,0.4027565,0.5972435,3.2957807,4.193595,1.3273971,2.5045972,3.8319943,0.9787931
2,55,309,1.0,0.4027565,0.5972435,3.1103086,6.8788795,1.2526971,4.108366,5.361063,0.99532604
2,16,46,1.0,0.4027565,0.5972435,5.639071,3.4285383,2.2711725,2.0476723,4.318845,0.98685974
2,10,311,1.0,0.4027565,0.5972435,5.9270883,6.620368,2.3871734,3.9539716,6.341145,0.9982408
2,107,146,1.0,0.4027565,0.5972435,4.9684305,3.8562236,2.0010676,2.3031044,4.304172,0.9866681
2,69,378,1.0,0.4027565,0.5972435,3.3795428,5.209979,1.3611329,3.1116261,4.4727592,0.98871315
2,27,438,1.0,0.4027565,0.5972435,4.343949,7.4453983,1.7495537,4.446716,6.1962695,0.99796706
2,27,405,1.0,0.4027565,0.5972435,-0.6514534,6.552019,-0.26237708,3.9131508,3.6507738,0.9746864
2,27,386,1.0,0.4027565,0.5972435,1.7102401,6.5990353,0.68881035,3.9412308,4.630041,0.99033993
2,64,289,1.0,0.4027565,0.5972435,3.0563834,6.5823936,1.2309783,3.9312918,5.16227,0.9943039
2,27,26,1.0,0.4027565,0.5972435,4.338456,5.112886,1.7473415,3.0536377,4.800979,0.9918453
2,373,277,1.0,0.4027565,0.5972435,4.678132,8.250282,1.8841481,4.9274273,6.8115754,0.9989003
2,107,128,1.0,0.4027565,0.5972435,5.643583,3.8722425,2.2729897,2.3126717,4.5856614,0.9899059
2,94,385,1.0,0.4027565,0.5972435,6.852457,7.280448,2.7598717,4.3482003,7.1080723,0.99918216
2,140,198,1.0,0.4027565,0.5972435,5.123179,3.6882308,2.0633936,2.202772,4.2661657,0.9861588
2,137,376,1.0,0.4027565,0.5972435,4.3195353,9.238647,1.739721,5.517722,7.257443,0.9992956
2,3,226,1.0,0.4027565,0.5972435,4.835738,4.8662996,1.947625,2.9063659,4.853991,0.9922631
2,65,347,1.0,0.4027565,0.5972435,6.1648555,4.0116115,2.4829357,2.3959088,4.8788443,0.9924516
2,244,301,1.0,0.4027565,0.5972435,-1.3825948,-16.807945,-0.55684906,-10.038436,-10.595285,2.503313e-05
2,27,453,1.0,0.4027565,0.5972435,2.2739465,7.1244006,0.91584677,4.255002,5.170849,0.99435234
2,16,337,1.0,0.4027565,0.5972435,0.19385886,6.0295324,0.07807792,3.601099,3.679177,0.9753778
2,372,154,1.0,0.4027565,0.5972435,-1.3999805,-8.248912,-0.5638513,-4.926609,-5.4904604,0.004108991
2,114,241,1.0,0.4027565,0.5972435,4.5372167,5.091777,1.8273935,3.0410306,4.8684244,0.99237317
2,107,226,1.0,0.4027565,0.5972435,3.614786,4.569192,1.4558786,2.7289202,4.1847987,0.98500305
2,44,424,1.0,0.4027565,0.5972435,2.108767,4.5395837,0.84931964,2.7112367,3.5605564,0.9723626
2,90,20,1.0,0.4027565,0.5972435,1.473312,-5.000372,0.593386,-2.9864395,-2.3930535,0.083703935
2,292,198,1.0,0.4027565,0.5972435,7.7016416,8.144554,3.1018863,4.864282,7.9661684,0.9996531
2,27,101,1.0,0.4027565,0.5972435,0.72175866,6.6165066,0.290693,3.9516654,4.242358,0.98583
2,64,209,1.0,0.4027565,0.5972435,4.251099,-0.7528219,1.7121578,-0.44961798,1.2625399,0.77946305
2,184,309,1.0,0.4027565,0.5972435,-1.0215803,-8.9011545,-0.41144812,-5.3161564,-5.7276044,0.0032443053
2,69,431,1.0,0.4027565,0.5972435,3.1018872,-8.5538435,1.2493052,-5.1087275,-3.8594222,0.020644978
2,122,424,1.0,0.4027565,0.5972435,1.5852534,0.12222863,0.6384711,0.07300025,0.7114714,0.6707262
2,16,135,1.0,0.4027565,0.5972435,5.3844633,-1.202823,2.1686277,-0.71837825,1.4502494,0.8100368
2,140,390,1.0,0.4027565,0.5972435,3.0082014,-3.0589194,1.2115726,-1.8269197,-0.615347,0.35084045
2,27,291,1.0,0.4027565,0.5972435,2.7239406,5.735529,1.0970848,3.4255073,4.522592,0.9892559
2,87,26,1.0,0.4027565,0.5972435,2.8552458,3.0471475,1.1499689,1.819889,2.9698577,0.95119363
2,27,381,1.0,0.4027565,0.5972435,-3.2860196,3.0238724,-1.3234658,1.8059881,0.48252225,0.6183433
2,262,246,1.0,0.4027565,0.5972435,3.1988387,7.376781,1.2883531,4.4057345,5.6940875,0.9966455
2,26,336,1.0,0.4027565,0.5972435,-0.36812204,-4.1887617,-0.14826354,-2.5017107,-2.649974,0.065990604
2,84,308,1.0,0.4027565,0.5972435,5.6010447,5.935224,2.2558572,3.5447738,5.800631,0.99698347
2,251,228,1.0,0.4027565,0.5972435,-0.82283896,-8.527145,-0.33140376,-5.092782,-5.4241858,0.0043893033
2,117,115,1.0,0.4027565,0.5972435,-1.64002,1.1887476,-0.6605287,0.7099718,0.049443066,0.51235825
2,287,293,1.0,0.4027565,0.5972435,3.8264062,6.759289,1.54111,4.036941,5.578051,0.99623436
2,115,173,1.0,0.4027565,0.5972435,4.547509,6.068157,1.8315389,3.6241674,5.4557066,0.9957463
2,97,87,1.0,0.4027565,0.5972435,4.199948,8.325134,1.6915563,4.972132,6.6636887,0.99872524
2,321,198,1.0,0.4027565,0.5972435,6.5585556,7.3343883,2.641501,4.3804154,7.0219164,0.9991086
2,416,23,1.0,0.4027565,0.5972435,3.9526634,6.212075,1.5919609,3.7101214,5.302082,0.9950435
2,27,112,1.0,0.4027565,0.5972435,2.5363674,0.6119635,1.0215385,0.3654912,1.3870296,0.8001177
2,387,183,1.0,0.4027565,0.5972435,0.091016345,-11.255728,0.036657427,-6.72241,-6.685753,0.0012470174
2,68,46,1.0,0.4027565,0.5972435,3.3259737,4.8599787,1.3395575,2.9025905,4.242148,0.9858271
2,63,566,1.0,0.4027565,0.5972435,2.6215327,6.2157288,1.0558393,3.7123036,4.7681427,0.9915754
2,249,100,1.0,0.4027565,0.5972435,0.7620881,-9.074419,0.30693597,-5.4196377,-5.112702,0.0059837746
2,30,98,1.0,0.4027565,0.5972435,3.4844217,4.7897854,1.4033736,2.8606682,4.264042,0.9861297
2,349,138,1.0,0.4027565,0.5972435,0.8559619,2.9961371,0.34474424,1.7894233,2.1341677,0.89418006
2,27,57,1.0,0.4027565,0.5972435,2.6963103,2.960834,1.0859566,1.7683388,2.8542953,0.94554025
2,213,357,1.0,0.4027565,0.5972435,0.7340671,-3.7838075,0.2956503,-2.2598543,-1.9642041,0.12301279
2,107,131,1.0,0.4027565,0.5972435,5.4804955,2.9380221,2.2073052,1.7547146,3.96202,0.9813306
2,27,309,1.0,0.4027565,0.5972435,3.1835058,6.995262,1.2821777,4.1778746,5.4600525,0.9957646
2,423,23,1.0,0.4027565,0.5972435,2.3149853,4.611929,0.9323754,2.7544446,3.68682,0.97556067
2,212,22,1.0,0.4027565,0.5972435,5.936576,8.252844,2.3909945,4.9289575,7.319952,0.9993382
2,249,293,1.0,0.4027565,0.5972435,4.1479793,6.7272015,1.6706257,4.0177774,5.688403,0.9966265
2,84,376,1.0,0.4027565,0.5972435,4.4989543,5.4567227,1.8119831,3.2589922,5.0709753,0.9937629
2,3,62,1.0,0.4027565,0.5972435,2.2351446,-0.2375657,0.900219,-0.14188457,0.75833446,0.680992
2,267,293,1.0,0.4027565,0.5972435,3.3436644,5.9774055,1.3466827,3.5699666,4.9166493,0.9927296
2,133,87,1.0,0.4027565,0.5972435,4.357551,8.003161,1.7550321,4.779836,6.5348682,0.9985501
2,64,308,1.0,0.4027565,0.5972435,1.7199929,5.330476,0.69273835,3.183592,3.8763304,0.97969407
2,282,324,1.0,0.4027565,0.5972435,-0.18562105,-2.9644942,-0.07476009,-1.7705249,-1.8452849,0.13642745
2,55,505,1.0,0.4027565,0.5972435,0.9723427,6.2204304,0.39161736,3.7151115,4.106729,0.9838051
2,261,239,1.0,0.4027565,0.5972435,2.2890227,6.372698,0.9219188,3.8060522,4.727971,0.99123317
2,199,363,1.0,0.4027565,0.5972435,4.766849,5.9178696,1.9198794,3.534409,5.4542885,0.9957403
2,96,320,1.0,0.4027565,0.5972435,5.889698,8.743836,2.3721142,5.2221994,7.5943136,0.99949694
2,234,439,1.0,0.4027565,0.5972435,3.190307,-1.8052437,1.2849169,-1.0781701,0.20674682,0.55150336
2,107,247,1.0,0.4027565,0.5972435,6.3500595,6.2422485,2.5575278,3.7281423,6.2856703,0.9981407
2,104,424,1.0,0.4027565,0.5972435,3.1541207,-0.7663289,1.2703426,-0.45768493,0.81265765,0.69267553
2,271,198,1.0,0.4027565,0.5972435,2.1846275,4.412633,0.879873,2.6354163,3.5152893,0.97111976
2,137,226,1.0,0.4027565,0.5972435,4.2964954,8.276323,1.7304416,4.9429803,6.673422,0.9987375
2,183,301,1.0,0.4027565,0.5972435,-5.400929,-2.4646873,-2.1752594,-1.4720185,-3.6472778,0.025400002
2,30,198,1.0,0.4027565,0.5972435,5.495158,3.9003367,2.2132108,2.3294506,4.5426617,0.9894671
2,69,345,1.0,0.4027565,0.5972435,-0.880893,-3.7170272,-0.35478538,-2.2199702,-2.5747557,0.07078088
2,107,547,1.0,0.4027565,0.5972435,4.922491,3.0134315,1.9825653,1.7997524,3.7823176,0.9777371
2,115,117,1.0,0.4027565,0.5972435,4.4052305,6.9014115,1.7742352,4.1218233,5.8960586,0.9972573
2,193,449,1.0,0.4027565,0.5972435,3.8673751,4.640175,1.5576105,2.7713141,4.3289247,0.9869898
2,378,87,1.0,0.4027565,0.5972435,3.8494847,-1.138428,1.550405,-0.6799187,0.8704863,0.70484686
2,253,385,1.0,0.4027565,0.5972435,3.2596347,4.6100183,1.3128392,2.7533033,4.0661426,0.9831456
2,84,62,1.0,0.4027565,0.5972435,3.7184544,4.3555384,1.4976317,2.601317,4.0989485,0.9836806
2,27,304,1.0,0.4027565,0.5972435,2.0949314,6.904375,0.84374726,4.123593,4.96734,0.9930865
2,183,18,1.0,0.4027565,0.5972435,2.0567281,7.3523154,0.8283606,4.3911223,5.219483,0.994619
2,3,406,1.0,0.4027565,0.5972435,0.3386086,1.3200268,0.13637681,0.7883774,0.9247542,0.71600986
2,293,198,1.0,0.4027565,0.5972435,6.5374913,7.516887,2.6330173,4.489412,7.122429,0.99919385
2,99,22,1.0,0.4027565,0.5972435,3.2516537,7.1013565,1.3096247,4.241239,5.5508637,0.99613094
2,132,293,1.0,0.4027565,0.5972435,1.6038731,4.9517508,0.64597034,2.9574008,3.6033711,0.9734901
2,169,320,1.0,0.4027565,0.5972435,3.0930989,6.567378,1.2457657,3.9223237,5.1680894,0.9943368
2,59,85,1.0,0.4027565,0.5972435,2.9635882,2.9284306,1.1936045,1.7489861,2.9425907,0.9499122
2,388,29,1.0,0.4027565,0.5972435,1.1611949,-2.106382,0.46767882,-1.2580229,-0.7903441,0.31209478
2,79,41,1.0,0.4027565,0.5972435,4.6000314,5.86703,1.8526926,3.5040455,5.356738,0.99530584
2,394,198,1.0,0.4027565,0.5972435,7.504195,7.2985663,3.0223634,4.359021,7.381385,0.99937767
2,6,198,1.0,0.4027565,0.5972435,5.24188,3.1281576,2.1112013,1.8682717,3.979473,0.9816476
2,66,75,1.0,0.4027565,0.5972435,-7.3565855,-12.086383,-2.9629128,-7.2185135,-10.181426,3.7865735e-05
2,94,98,1.0,0.4027565,0.5972435,-0.3857072,1.1364169,-0.15534608,0.6787176,0.5233715,0.62793577
2,55,179,1.0,0.4027565,0.5972435,0.43222195,-3.8094318,0.17408021,-2.2751584,-2.1010783,0.10899206
2,16,45,1.0,0.4027565,0.5972435,4.809165,8.2019,1.9369226,4.898531,6.8354535,0.9989261
2,270,75,1.0,0.4027565,0.5972435,-6.4619174,-11.113617,-2.6025794,-6.6375356,-9.240115,9.705698e-05
2,134,293,1.0,0.4027565,0.5972435,3.025513,6.662551,1.2185451,3.979165,5.19771,0.99450123
2,340,385,1.0,0.4027565,0.5972435,2.036722,1.175439,0.820303,0.70202327,1.5223262,0.8208807
2,427,359,1.0,0.4027565,0.5972435,6.7197585,8.936987,2.7064264,5.3375573,8.043983,0.9996791
2,419,58,1.0,0.4027565,0.5972435,6.4605083,8.945202,2.602012,5.3424635,7.944475,0.9996455
2,106,105,1.0,0.4027565,0.5972435,-9.046616,-10.806625,-3.6435833,-6.4541864,-10.09777,4.1169584e-05
2,27,505,1.0,0.4027565,0.5972435,2.9913352,7.1173573,1.2047797,4.2507954,5.455575,0.9957457
2,88,9,1.0,0.4027565,0.5972435,0.086750366,-15.089814,0.034939274,-9.012293,-8.977354,0.00012622049
2,64,216,1.0,0.4027565,0.5972435,2.4791272,-0.8673168,0.9984846,-0.5179993,0.48048532,0.61786246
2,27,374,1.0,0.4027565,0.5972435,2.9006479,7.6122646,1.1682549,4.5463753,5.71463,0.9967135
2,16,202,1.0,0.4027565,0.5972435,4.4003816,4.8363633,1.7722824,2.8884864,4.6607685,0.9906295
2,116,198,1.0,0.4027565,0.5972435,7.9135494,7.5458736,3.1872334,4.506724,7.6939573,0.99954456
2,42,41,1.0,0.4027565,0.5972435,0.82978743,5.425812,0.3342023,3.2405307,3.574733,0.972741
2,107,495,1.0,0.4027565,0.5972435,0.7706252,5.5030146,0.31037432,3.2866397,3.597014,0.9733256
2,115,253,1.0,0.4027565,0.5972435,4.6250114,7.5594873,1.8627535,4.5148544,6.377608,0.99830365
2,43,293,1.0,0.4027565,0.5972435,2.942941,5.039342,1.1852887,3.0097141,4.1950026,0.9851531
2,182,150,1.0,0.4027565,0.5972435,1.7393143,1.6002431,0.70052016,0.9557348,1.656255,0.8397346
2,107,419,1.0,0.4027565,0.5972435,5.296435,7.135189,2.1331737,4.261445,6.394619,0.9983323
2,27,23,1.0,0.4027565,0.5972435,5.249882,3.0297987,2.1144242,1.8095275,3.9239516,0.98062015
2,418,385,1.0,0.4027565,0.5972435,0.5495793,3.2129817,0.22134665,1.9189324,2.140279,0.8947569
2,409,320,1.0,0.4027565,0.5972435,-1.9085822,-7.4683123,-0.7686939,-4.460401,-5.229095,0.005329813
2,210,343,1.0,0.4027565,0.5972435,3.5659225,2.8214655,1.4361985,1.6851019,3.1213002,0.95776284
2,137,26,1.0,0.4027565,0.5972435,4.921285,9.014645,1.9820796,5.383938,7.3660173,0.999368
2,107,33,1.0,0.4027565,0.5972435,2.4727554,4.0862184,0.99591833,2.4404674,3.4363856,0.96882254
2,115,186,1.0,0.4027565,0.5972435,1.5893704,4.563943,0.64012927,2.7257853,3.3659146,0.9666222
2,15,123,1.0,0.4027565,0.5972435,2.3560007,6.164431,0.9488946,3.6816664,4.630561,0.9903448
2,273,198,1.0,0.4027565,0.5972435,8.325933,7.6698627,3.353324,4.5807757,7.9340997,0.9996418
2,79,334,1.0,0.4027565,0.5972435,5.355909,5.215766,2.1571271,3.1150823,5.272209,0.9948939
2,101,308,1.0,0.4027565,0.5972435,3.807837,5.698373,1.5336312,3.403316,4.9369473,0.9928746
2,27,475,1.0,0.4027565,0.5972435,5.0430884,5.0066295,2.0311368,2.990177,5.0213137,0.99344736
2,107,182,1.0,0.4027565,0.5972435,4.2370963,-2.2071996,1.7065182,-1.3182355,0.38828266,0.59586924
2,79,140,1.0,0.4027565,0.5972435,5.8646007,4.1263785,2.3620062,2.4644527,4.826459,0.9920489
2,158,21,1.0,0.4027565,0.5972435,0.2549084,0.37279332,0.10266602,0.22264838,0.3253144,0.58061886
2,11,346,1.0,0.4027565,0.5972435,3.7048979,7.610344,1.4921718,4.5452285,6.0374002,0.9976179
2,115,158,1.0,0.4027565,0.5972435,3.0308902,2.8254404,1.2207108,1.6874759,2.9081867,0.94824964
2,236,226,1.0,0.4027565,0.5972435,1.5609025,-2.019511,0.62866366,-1.2061398,-0.57747614,0.35951355
2,69,496,1.0,0.4027565,0.5972435,3.9590037,6.7190437,1.5945145,4.012905,5.6074195,0.99634284
2,219,239,1.0,0.4027565,0.5972435,1.5264598,6.7463717,0.61479163,4.029227,4.644018,0.9904727
2,364,70,1.0,0.4027565,0.5972435,5.4483037,9.214132,2.1943398,5.5030804,7.69742,0.99954623
2,19,140,1.0,0.4027565,0.5972435,4.059781,-0.5047408,1.6351032,-0.30145314,1.3336501,0.79144377
2,9,156,1.0,0.4027565,0.5972435,-4.2171884,-7.3629575,-1.6985,-4.3974786,-6.0959787,0.0022468453
2,251,61,1.0,0.4027565,0.5972435,-3.4898021,-3.8807862,-1.4055406,-2.3177743,-3.7233148,0.023584126
2,3,74,1.0,0.4027565,0.5972435,3.8692381,-4.077692,1.5583608,-2.435375,-0.87701416,0.2937969
2,56,293,1.0,0.4027565,0.5972435,3.826614,6.759289,1.5411937,4.036941,5.5781345,0.9962346
2,114,270,1.0,0.4027565,0.5972435,2.7390394,1.5614512,1.103166,0.9325666,2.0357325,0.884498
2,423,343,1.0,0.4027565,0.5972435,-0.49779534,3.2178466,-0.20049031,1.9218379,1.7213476,0.8483023
2,145,385,1.0,0.4027565,0.5972435,4.138272,4.8211637,1.666716,2.8794086,4.5461245,0.98950315
2,3,242,1.0,0.4027565,0.5972435,3.1862643,-0.6816425,1.2832887,-0.40710652,0.8761822,0.7060305
2,223,424,1.0,0.4027565,0.5972435,5.880939,-0.92785084,2.3685865,-0.55415285,1.8144337,0.8598969
2,16,23,1.0,0.4027565,0.5972435,5.0787663,4.2496614,2.0455062,2.5380826,4.5835886,0.9898852
2,302,198,1.0,0.4027565,0.5972435,7.8766136,7.3315916,3.1723573,4.3787456,7.5511026,0.9994748
2,110,87,1.0,0.4027565,0.5972435,4.037682,0.63915926,1.6262027,0.38173372,2.0079365,0.88162786
2,107,305,1.0,0.4027565,0.5972435,2.5145466,1.9903431,1.01275,1.1887194,2.2014694,0.90038145
2,117,276,1.0,0.4027565,0.5972435,-0.3801731,2.4080591,-0.15311718,1.4381976,1.2850804,0.7833134
2,79,80,1.0,0.4027565,0.5972435,7.024202,5.61596,2.8290431,3.3540957,6.183139,0.99794024
2,169,137,1.0,0.4027565,0.5972435,2.8438323,5.750098,1.1453719,3.4342086,4.5795803,0.98984504
2,156,382,1.0,0.4027565,0.5972435,3.4770458,8.260599,1.4004028,4.933589,6.333992,0.99822825
2,16,303,1.0,0.4027565,0.5972435,2.9843724,3.7330213,1.2019755,2.2295227,3.431498,0.96867454
2,246,198,1.0,0.4027565,0.5972435,5.0022135,6.522968,2.014674,3.8958,5.910474,0.9972964
2,27,465,1.0,0.4027565,0.5972435,4.919233,5.1263266,1.981253,3.061665,5.042918,0.9935866
2,182,265,1.0,0.4027565,0.5972435,2.7261465,-12.931366,1.0979732,-7.723174,-6.6252007,0.0013247568
2,326,198,1.0,0.4027565,0.5972435,6.2932315,6.9756036,2.53464,4.166134,6.700774,0.9987715
2,212,320,1.0,0.4027565,0.5972435,-0.8494596,1.8962923,-0.3421254,1.1325482,0.7904228,0.6879221
2,290,198,1.0,0.4027565,0.5972435,7.7147326,8.07199,3.107159,4.8209434,7.9281025,0.99963963
2,27,526,1.0,0.4027565,0.5972435,2.9244182,7.269244,1.1778284,4.341509,5.519337,0.9960075
2,15,115,1.0,0.4027565,0.5972435,4.0570536,7.3224196,1.6340047,4.3732677,6.0072722,0.9975452
2,32,293,1.0,0.4027565,0.5972435,1.6037494,8.350676,0.6459205,4.9873867,5.6333075,0.996436
2,370,541,1.0,0.4027565,0.5972435,-4.580354,-11.136103,-1.8447675,-6.6509647,-8.495732,0.00020429681
2,79,243,1.0,0.4027565,0.5972435,3.6338146,7.908805,1.4635425,4.723482,6.1870246,0.99794835
2,115,39,1.0,0.4027565,0.5972435,2.4179738,4.1394005,0.97385466,2.47223,3.4460845,0.9691142
2,107,250,1.0,0.4027565,0.5972435,4.392382,6.689549,1.7690605,3.9952896,5.76435,0.99687237
2,181,566,1.0,0.4027565,0.5972435,1.9020748,4.9245586,0.766073,2.9411607,3.7072337,0.97604275
2,373,246,1.0,0.4027565,0.5972435,4.8342853,8.654208,1.9470398,5.1686697,7.1157093,0.99918836
2,84,40,1.0,0.4027565,0.5972435,4.1356263,3.6422658,1.6656505,2.1753194,3.84097,0.9789786
2,19,107,1.0,0.4027565,0.5972435,3.6878014,-0.33929345,1.485286,-0.2026408,1.2826452,0.78289974
2,193,581,1.0,0.4027565,0.5972435,2.720927,2.1432853,1.0958711,1.2800632,2.3759341,0.9149736
2,64,420,1.0,0.4027565,0.5972435,3.5993977,7.770457,1.4496808,4.640855,6.0905356,0.997741
2,251,293,1.0,0.4027565,0.5972435,3.4746244,6.435588,1.3994277,3.843613,5.2430406,0.9947436
2,64,363,1.0,0.4027565,0.5972435,5.141152,6.127421,2.0706325,3.6595623,5.730195,0.99676406
2,160,198,1.0,0.4027565,0.5972435,4.3333592,3.9784973,1.7452886,2.3761315,4.12142,0.9840374
2,115,4,1.0,0.4027565,0.5972435,0.6349716,7.4056945,0.25573894,4.4230027,4.6787415,0.99079484
2,133,218,1.0,0.4027565,0.5972435,-5.453629,3.8481572,-2.1964846,2.298287,0.10180235,0.52542865
2,94,87,1.0,0.4027565,0.5972435,5.4756236,8.3028145,2.205343,4.9588017,7.1641445,0.9992268
2,19,95,1.0,0.4027565,0.5972435,4.666198,7.198779,1.8793415,4.299424,6.178766,0.99793136
2,79,219,1.0,0.4027565,0.5972435,1.3140378,5.323015,0.5292373,3.1791363,3.7083735,0.97606933
2,211,58,1.0,0.4027565,0.5972435,4.456987,8.710951,1.7950805,5.2025585,6.997639,0.99908674
2,214,279,1.0,0.4027565,0.5972435,-2.703042,-14.520634,-1.0886678,-8.672354,-9.761022,5.7652367e-05
2,247,351,1.0,0.4027565,0.5972435,1.7439041,3.0272565,0.70236874,1.8080093,2.510378,0.92486614
2,48,293,1.0,0.4027565,0.5972435,3.4259713,8.052882,1.3798323,4.809531,6.1893635,0.99795306
2,60,293,1.0,0.4027565,0.5972435,1.3287783,4.360346,0.5351741,2.6041882,3.1393623,0.9584875
2,16,524,1.0,0.4027565,0.5972435,4.928655,2.5506043,1.9850479,1.5233319,3.50838,0.9709253
2,107,532,1.0,0.4027565,0.5972435,5.0646777,5.938689,2.0398319,3.5468435,5.5866756,0.99626654
2,103,13,1.0,0.4027565,0.5972435,-0.13287202,5.713591,-0.05351507,3.412405,3.35889,0.9663948
2,77,35,1.0,0.4027565,0.5972435,-1.9028152,-14.498825,-0.76637125,-8.659328,-9.425699,8.06187e-05
2,424,359,1.0,0.4027565,0.5972435,3.6009986,7.919386,1.4503256,4.7298017,6.180127,0.9979341
2,143,41,1.0,0.4027565,0.5972435,3.4601512,6.119906,1.3935984,3.655074,5.048672,0.9936231
2,39,427,1.0,0.4027565,0.5972435,2.8277624,8.544291,1.1388997,5.103022,6.241922,0.99805766
2,193,314,1.0,0.4027565,0.5972435,2.5113459,3.8730009,1.0114609,2.3131247,3.3245854,0.9652627
2,24,228,1.0,0.4027565,0.5972435,-1.3293641,-8.1205635,-0.53541005,-4.8499537,-5.3853636,0.004562264
2,161,162,0.0,0.4027565,0.5972435,-5.4516163,-14.186014,-2.195674,-8.472505,-10.668179,2.3273346e-05
2,89,294,0.0,0.4027565,0.5972435,-6.3549294,-12.037016,-2.5594893,-7.189029,-9.748518,5.8377707e-05
2,43,220,0.0,0.4027565,0.5972435,-7.136811,-18.958675,-2.874397,-11.322946,-14.197343,6.826091e-07
2,125,228,0.0,0.4027565,0.5972435,-2.5620081,-8.559979,-1.0318655,-5.112392,-6.1442575,0.002141174
2,72,428,0.0,0.4027565,0.5972435,-0.2754027,-0.908508,-0.11092023,-0.5426005,-0.65352076,0.34219655
2,41,386,0.0,0.4027565,0.5972435,-3.9312184,-16.13785,-1.5833238,-9.638226,-11.221549,1.3382503e-05
2,246,459,0.0,0.4027565,0.5972435,-7.185181,-11.912373,-2.8938785,-7.114587,-10.008465,4.5015222e-05
2,194,318,0.0,0.4027565,0.5972435,-2.7391317,-12.571161,-1.1032032,-7.5080442,-8.611247,0.00018201361
2,14,527,0.0,0.4027565,0.5972435,-8.91019,-13.622892,-3.5886369,-8.136184,-11.724821,8.090426e-06
2,154,102,0.0,0.4027565,0.5972435,-2.5571265,-5.2736845,-1.0298994,-3.1496737,-4.179573,0.015074328
2,144,157,0.0,0.4027565,0.5972435,0.4111491,-7.3321457,0.16559298,-4.3790765,-4.2134833,0.01457905
2,377,70,0.0,0.4027565,0.5972435,-4.730441,-8.691071,-1.905216,-5.1906853,-7.0959015,0.0008278077
2,256,433,0.0,0.4027565,0.5972435,-5.059066,-17.652647,-2.0375717,-10.542929,-12.580501,3.4384009e-06
2,405,90,0.0,0.4027565,0.5972435,-13.752795,-16.011522,-5.5390277,-9.5627775,-15.101805,2.762927e-07
2,365,239,0.0,0.4027565,0.5972435,0.47326398,-0.15471196,0.19061016,-0.092400715,0.09820944,0.5245326
2,412,52,0.0,0.4027565,0.5972435,-4.3123803,-13.015389,-1.7368393,-7.7733564,-9.510196,7.4087046e-05
2,396,550,0.0,0.4027565,0.5972435,-5.9043717,-19.808224,-2.378024,-11.830333,-14.208357,6.75132e-07
2,265,313,0.0,0.4027565,0.5972435,-5.6558585,-9.124638,-2.2779338,-5.4496303,-7.727564,0.000440322
2,38,350,0.0,0.4027565,0.5972435,-0.090702474,-10.796535,-0.036531013,-6.44816,-6.484691,0.0015243052
2,404,289,0.0,0.4027565,0.5972435,-5.8919845,-16.3711,-2.3730352,-9.777533,-12.150568,5.2853416e-06
2,412,107,0.0,0.4027565,0.5972435,-1.5338537,-12.847256,-0.61776954,-7.67294,-8.2907095,0.00025077353
2,366,284,0.0,0.4027565,0.5972435,-6.9430394,-7.6929836,-2.7963543,-4.5945845,-7.3909388,0.0006164364
2,30,121,0.0,0.4027565,0.5972435,-10.214929,-6.509515,-4.114129,-3.8877654,-8.001894,0.0003347158
2,193,179,0.0,0.4027565,0.5972435,0.23467533,-5.7990675,0.094517015,-3.4634552,-3.3689382,0.033280455
2,215,68,0.0,0.4027565,0.5972435,-0.39916995,-14.240297,-0.1607683,-8.504925,-8.665693,0.00017237027
2,182,319,0.0,0.4027565,0.5972435,1.9324329,-2.5139074,0.7782999,-1.5014149,-0.72311497,0.3267074
2,5,520,0.0,0.4027565,0.5972435,-10.253044,-16.016943,-4.1294804,-9.566015,-13.695496,1.1275124e-06
2,267,467,0.0,0.4027565,0.5972435,-11.271831,-17.78531,-4.539803,-10.622161,-15.161964,2.6016116e-07
2,145,296,0.0,0.4027565,0.5972435,-3.1840694,-21.198729,-1.2824047,-12.660803,-13.943208,8.801191e-07
2,293,244,0.0,0.4027565,0.5972435,-4.5742064,-8.183876,-1.8422914,-4.887767,-6.730058,0.0011930384
2,408,411,0.0,0.4027565,0.5972435,-3.4361389,-11.287576,-1.3839273,-6.741431,-8.125359,0.00029585103
2,282,567,0.0,0.4027565,0.5972435,-2.9908733,-3.5863914,-1.2045937,-2.141949,-3.3465426,0.034008563
2,65,82,0.0,0.4027565,0.5972435,-8.915911,-5.518693,-3.5909412,-3.2960033,-6.886945,0.0010199872
2,424,418,0.0,0.4027565,0.5972435,-2.9270396,-0.5592207,-1.1788843,-0.3339909,-1.5128752,0.18051307
2,241,130,0.0,0.4027565,0.5972435,-11.716647,-14.623254,-4.718956,-8.733644,-13.4526,1.437506e-06
2,348,177,0.0,0.4027565,0.5972435,-5.0333643,-14.143139,-2.0272202,-8.4468975,-10.474117,2.8257671e-05
2,380,43,0.0,0.4027565,0.5972435,-6.8147054,-17.36169,-2.744667,-10.369157,-13.113824,2.017148e-06
2,32,233,0.0,0.4027565,0.5972435,1.3786796,-5.7239113,0.5552722,-3.4185688,-2.8632965,0.05399806
2,286,299,0.0,0.4027565,0.5972435,-7.536802,-14.8942375,-3.035496,-8.895487,-11.930983,6.583203e-06
2,385,556,0.0,0.4027565,0.5972435,-5.977755,-15.441177,-2.40758,-9.222142,-11.629723,8.897578e-06
2,111,175,0.0,0.4027565,0.5972435,-4.0182242,-11.77482,-1.618366,-7.032435,-8.650801,0.00017495608
2,415,360,0.0,0.4027565,0.5972435,-8.32809,-16.063763,-3.3541923,-9.593978,-12.94817,2.3805665e-06
2,105,398,0.0,0.4027565,0.5972435,-8.824772,-7.7681313,-3.5542343,-4.639466,-8.1937,0.00027631302
2,259,32,0.0,0.4027565,0.5972435,3.3107717,-5.0925407,1.3334348,-3.0414867,-1.7080519,0.15341656
2,133,367,0.0,0.4027565,0.5972435,-0.4948622,-7.0594254,-0.19930898,-4.2161956,-4.4155045,0.011944069
2,392,427,0.0,0.4027565,0.5972435,-6.682893,-10.727266,-2.6915786,-6.40679,-9.098369,0.000111835616
2,221,162,0.0,0.4027565,0.5972435,-11.581119,-15.324551,-4.664371,-9.152488,-13.816858,9.986521e-07
2,171,220,0.0,0.4027565,0.5972435,-1.3353909,-14.71834,-0.5378374,-8.790433,-9.32827,8.886797e-05
2,354,445,0.0,0.4027565,0.5972435,-16.310976,-15.105189,-6.5693517,-9.021476,-15.590828,1.6942963e-07
2,77,423,0.0,0.4027565,0.5972435,-0.56511986,-16.93627,-0.2276057,-10.115077,-10.342683,3.2226708e-05
2,253,93,0.0,0.4027565,0.5972435,-9.519061,-18.51412,-3.8338637,-11.057438,-14.891302,3.410276e-07
2,127,215,0.0,0.4027565,0.5972435,-9.514641,-13.975222,-3.8320835,-8.34661,-12.178694,5.138759e-06
2,329,235,0.0,0.4027565,0.5972435,-4.525797,-16.537449,-1.8227942,-9.8768835,-11.699677,8.296426e-06
2,320,581,0.0,0.4027565,0.5972435,-9.062879,-14.998492,-3.6501334,-8.957752,-12.607885,3.345519e-06
2,294,569,0.0,0.4027565,0.5972435,-11.238721,-15.938307,-4.526468,-9.51905,-14.045517,7.945279e-07
2,343,427,0.0,0.4027565,0.5972435,-7.386289,-7.0432205,-2.974876,-4.2065177,-7.1813936,0.000760029
2,331,345,0.0,0.4027565,0.5972435,-3.179052,-9.965334,-1.280384,-5.9517307,-7.232115,0.0007224679
2,68,444,0.0,0.4027565,0.5972435,-8.507997,-14.950111,-3.426651,-8.928857,-12.355508,4.3059526e-06
2,311,32,0.0,0.4027565,0.5972435,-7.4296365,-10.090008,-2.9923344,-6.026191,-9.018526,0.00012112987
2,87,206,0.0,0.4027565,0.5972435,-1.0287211,-2.9459567,-0.41432413,-1.7594534,-2.1737776,0.102130115
2,206,116,0.0,0.4027565,0.5972435,0.3404045,-13.077012,0.13710013,-7.81016,-7.67306,0.0004649759
2,369,279,0.0,0.4027565,0.5972435,-6.2082915,-16.331186,-2.5004299,-9.753695,-12.254125,4.7653984e-06
2,217,221,0.0,0.4027565,0.5972435,-2.9833117,-14.076979,-1.2015482,-8.407384,-9.6089325,6.712194e-05
2,9,143,0.0,0.4027565,0.5972435,-0.02549476,-1.441854,-0.010268181,-0.8611379,-0.8714061,0.2949618
2,178,559,0.0,0.4027565,0.5972435,-7.7995696,-15.61295,-3.1413274,-9.324733,-12.466061,3.8552894e-06
2,80,219,0.0,0.4027565,0.5972435,-0.7674665,-1.164023,-0.30910212,-0.69520515,-1.0043073,0.2680954
2,58,421,0.0,0.4027565,0.5972435,-2.1275454,-4.9614353,-0.85688275,-2.9631848,-3.8200676,0.02145587
2,410,472,0.0,0.4027565,0.5972435,-3.5070045,-13.954858,-1.4124689,-8.334448,-9.746917,5.8471258e-05
2,341,6,0.0,0.4027565,0.5972435,-3.9641883,-17.451426,-1.5966027,-10.42275,-12.019353,6.02641e-06
2,165,266,0.0,0.4027565,0.5972435,-2.6678035,-14.589262,-1.0744753,-8.713342,-9.787817,5.6128145e-05
2,20,220,0.0,0.4027565,0.5972435,-2.2984946,-9.620415,-0.9257337,-5.74573,-6.6714635,0.0012649418
2,29,295,0.0,0.4027565,0.5972435,-3.7202303,-12.74128,-1.498347,-7.6096463,-9.107993,0.00011076454
2,401,237,0.0,0.4027565,0.5972435,-17.471272,-18.053392,-7.0366683,-10.782271,-17.81894,1.825295e-08
2,32,413,0.0,0.4027565,0.5972435,-12.023697,-14.823681,-4.8426223,-8.853347,-13.695969,1.1269793e-06
2,85,342,0.0,0.4027565,0.5972435,-2.0584872,-4.5916934,-0.82906914,-2.742359,-3.571428,0.027346797
2,0,528,0.0,0.4027565,0.5972435,-4.4917827,-9.842207,-1.8090947,-5.878194,-7.6872883,0.0004584099
2,63,349,0.0,0.4027565,0.5972435,-2.4751785,-10.121981,-0.99689424,-6.045287,-7.0421815,0.0008734538
2,192,174,0.0,0.4027565,0.5972435,0.40831393,-8.129944,0.16445109,-4.855556,-4.691105,0.009093099
2,214,562,0.0,0.4027565,0.5972435,-2.8101027,-15.815199,-1.1317872,-9.445524,-10.5773115,2.5487128e-05
2,150,573,0.0,0.4027565,0.5972435,-5.6851406,-13.751617,-2.2897274,-8.213064,-10.502791,2.7458937e-05
2,4,252,0.0,0.4027565,0.5972435,-2.1271887,-12.425773,-0.8567391,-7.4212117,-8.277951,0.00025399262
2,322,321,0.0,0.4027565,0.5972435,-6.6637607,-15.63899,-2.683873,-9.340285,-12.0241585,5.99752e-06
2,389,74,0.0,0.4027565,0.5972435,-9.7196,-16.80139,-3.914632,-10.03452,-13.949152,8.74903e-07
2,423,90,0.0,0.4027565,0.5972435,-17.845245,-13.106031,-7.1872888,-7.8274918,-15.01478,3.0141422e-07
2,19,281,0.0,0.4027565,0.5972435,-1.5947065,-6.1960964,-0.64227843,-3.7005782,-4.3428564,0.01283253
2,269,579,0.0,0.4027565,0.5972435,-13.072049,-13.765899,-5.264853,-8.221593,-13.486446,1.3896652e-06
2,136,350,0.0,0.4027565,0.5972435,-2.4650283,-6.6361113,-0.9928062,-3.9633741,-4.9561806,0.006990552
2,197,381,0.0,0.4027565,0.5972435,-8.092884,-16.43316,-3.2594616,-9.814598,-13.0740595,2.0989746e-06
2,127,495,0.0,0.4027565,0.5972435,-1.5469645,-13.337161,-0.62305003,-7.965533,-8.588583,0.0001861851
2,171,126,0.0,0.4027565,0.5972435,-2.8729331,-11.45228,-1.1570926,-6.8398,-7.9968925,0.0003363935
2,211,349,0.0,0.4027565,0.5972435,-4.8095317,-5.87504,-1.9370703,-3.5088294,-5.4458995,0.0042954274
2,113,76,0.0,0.4027565,0.5972435,-9.728312,-13.035452,-3.918141,-7.785339,-11.70348,8.26494e-06
2,204,420,0.0,0.4027565,0.5972435,-2.6229513,-15.217169,-1.0564107,-9.088355,-10.144766,3.9279603e-05
2,79,428,0.0,0.4027565,0.5972435,2.7396486,5.22414,1.1034113,3.1200838,4.223495,0.9855641
2,218,83,0.0,0.4027565,0.5972435,-6.8483787,-10.990435,-2.758229,-6.5639653,-9.322194,8.940951e-05
2,369,87,0.0,0.4027565,0.5972435,-4.827217,-8.658512,-1.9441931,-5.17124,-7.1154327,0.00081180956
2,341,372,0.0,0.4027565,0.5972435,-8.946493,-12.377779,-3.6032584,-7.392548,-10.995807,1.67716e-05
2,323,45,0.0,0.4027565,0.5972435,-1.9410771,-13.7351055,-0.78178144,-8.203202,-8.984983,0.00012526129
2,53,466,0.0,0.4027565,0.5972435,-7.9305944,-14.648931,-3.1940985,-8.748979,-11.943077,6.504062e-06
2,198,409,0.0,0.4027565,0.5972435,-1.6716033,-6.5682364,-0.6732491,-3.9228363,-4.5960855,0.009990444
2,330,554,0.0,0.4027565,0.5972435,-6.8904757,-11.891459,-2.775184,-7.1020966,-9.87728,5.132505e-05
2,238,320,0.0,0.4027565,0.5972435,-6.419642,-13.399031,-2.5855527,-8.002483,-10.588036,2.5215271e-05
2,325,68,0.0,0.4027565,0.5972435,-4.666263,-19.29179,-1.8793678,-11.521896,-13.401264,1.5132276e-06
2,244,290,0.0,0.4027565,0.5972435,-4.894633,-16.363722,-1.9713452,-9.773127,-11.744472,7.9329975e-06
2,97,153,0.0,0.4027565,0.5972435,-14.167107,-15.752821,-5.7058945,-9.40827,-15.114164,2.7289886e-07
2,374,466,0.0,0.4027565,0.5972435,-6.694507,-13.103059,-2.6962564,-7.8257165,-10.521973,2.6937274e-05
2,62,54,0.0,0.4027565,0.5972435,0.007756801,-11.677898,0.003124102,-6.974549,-6.9714246,0.00093743566
2,350,525,0.0,0.4027565,0.5972435,1.383133,-10.411974,0.55706584,-6.2184834,-5.6614175,0.003465532
2,194,77,0.0,0.4027565,0.5972435,-3.271829,-11.051376,-1.3177503,-6.600363,-7.918113,0.00036395612
2,12,158,0.0,0.4027565,0.5972435,0.60601264,-10.585067,0.24407554,-6.321862,-6.0777864,0.0022880004
2,344,532,0.0,0.4027565,0.5972435,-9.20148,-15.357496,-3.705956,-9.172165,-12.87812,2.5533027e-06
2,185,515,0.0,0.4027565,0.5972435,-0.010451978,-11.8588295,-0.0042096023,-7.0826087,-7.086818,0.0008353549
2,17,235,0.0,0.4027565,0.5972435,1.8067244,-5.8247967,0.72767,-3.478822,-2.751152,0.06002162
2,201,36,0.0,0.4027565,0.5972435,-2.9219277,-5.7579803,-1.1768254,-3.4389162,-4.6157417,0.0097978925
2,240,175,0.0,0.4027565,0.5972435,-4.1634803,-13.755013,-1.6768688,-8.215093,-9.891961,5.0577102e-05
2,381,353,0.0,0.4027565,0.5972435,-9.047383,-14.475632,-3.6438925,-8.645476,-12.289369,4.6003724e-06
2,45,30,0.0,0.4027565,0.5972435,-4.365694,-18.082726,-1.7583117,-10.79979,-12.558102,3.5162861e-06
2,136,331,0.0,0.4027565,0.5972435,0.7233421,-4.408954,0.29133075,-2.6332192,-2.3418884,0.08771269
2,417,554,0.0,0.4027565,0.5972435,-2.7091563,-13.490507,-1.0911304,-8.057117,-9.148248,0.00010639477
2,339,115,0.0,0.4027565,0.5972435,-8.498158,-6.5675683,-3.4226887,-3.9224374,-7.345126,0.00064531516
2,75,558,0.0,0.4027565,0.5972435,-2.2642803,-10.991169,-0.9119536,-6.564404,-7.4763575,0.000565996
2,53,58,0.0,0.4027565,0.5972435,-0.49744612,-1.8878238,-0.20034966,-1.1274905,-1.3278402,0.20951682
2,281,268,0.0,0.4027565,0.5972435,-4.850698,-16.366533,-1.9536502,-9.774805,-11.728456,8.061075e-06
2,269,488,0.0,0.4027565,0.5972435,-4.372212,-9.59544,-1.7609369,-5.730814,-7.4917507,0.00055735494
2,193,368,0.0,0.4027565,0.5972435,-2.6443145,-5.216234,-1.0650148,-3.115362,-4.180377,0.0150623955
2,92,400,0.0,0.4027565,0.5972435,-4.551492,-10.339632,-1.8331431,-6.1752777,-8.008421,0.00033253894
2,174,375,0.0,0.4027565,0.5972435,-3.033828,-14.008541,-1.221894,-8.36651,-9.588405,6.8513946e-05
2,158,96,0.0,0.4027565,0.5972435,-3.8263218,-14.313901,-1.5410761,-8.548884,-10.08996,4.1492345e-05
2,41,538,0.0,0.4027565,0.5972435,-9.457902,-12.441098,-3.8092315,-7.430365,-11.239596,1.3143154e-05
2,86,460,0.0,0.4027565,0.5972435,0.19420278,-16.027222,0.07821643,-9.572154,-9.4939375,7.530133e-05
2,325,542,0.0,0.4027565,0.5972435,-12.195071,-17.104544,-4.9116445,-10.215577,-15.127222,2.693586e-07
2,335,204,0.0,0.4027565,0.5972435,-8.618346,-11.088143,-3.471095,-6.6223216,-10.093416,4.1349198e-05
2,364,187,0.0,0.4027565,0.5972435,-4.5309014,-12.7837925,-1.8248501,-7.635037,-9.459887,7.790936e-05
2,99,288,0.0,0.4027565,0.5972435,1.0745574,-2.1280117,0.432785,-1.2709411,-0.8381561,0.30192325
2,313,37,0.0,0.4027565,0.5972435,-14.168935,-13.176243,-5.7066307,-7.8694253,-13.576056,1.2705549e-06
2,147,362,0.0,0.4027565,0.5972435,-5.555432,-11.513678,-2.2374864,-6.876469,-9.1139555,0.00011010616
2,133,204,0.0,0.4027565,0.5972435,-2.5751057,-3.8408022,-1.0371406,-2.293894,-3.3310347,0.03452173
2,85,53,0.0,0.4027565,0.5972435,-10.034505,-9.620962,-4.0414624,-5.746057,-9.787519,5.614485e-05
2,27,107,0.0,0.4027565,0.5972435,0.78025794,5.9243765,0.31425396,3.5382953,3.8525493,0.97921556
2,106,222,0.0,0.4027565,0.5972435,-11.271167,-11.828799,-4.539536,-7.0646734,-11.60421,9.127497e-06
2,172,246,0.0,0.4027565,0.5972435,-3.9841788,-2.3321817,-1.604654,-1.3928803,-2.9975343,0.047537394
2,345,282,0.0,0.4027565,0.5972435,-8.774716,-3.9724813,-3.534074,-2.3725386,-5.9066124,0.0027140044
2,149,517,0.0,0.4027565,0.5972435,-6.6137214,-12.759994,-2.6637194,-7.620823,-10.284542,3.4155866e-05
2,76,471,0.0,0.4027565,0.5972435,-9.071979,-18.071806,-3.6537983,-10.793268,-14.447066,5.317636e-07
2,350,36,0.0,0.4027565,0.5972435,-3.8193414,-14.255883,-1.5382646,-8.514234,-10.052498,4.3076157e-05
2,185,377,0.0,0.4027565,0.5972435,-3.4122832,-9.368535,-1.3743193,-5.5952964,-6.969616,0.0009391311
2,181,121,0.0,0.4027565,0.5972435,-8.910632,-12.130251,-3.5888152,-7.2447133,-10.8335285,1.9726487e-05
2,239,92,0.0,0.4027565,0.5972435,1.6830705,4.221183,0.6778676,2.521074,3.1989417,0.96079445
2,272,120,0.0,0.4027565,0.5972435,-8.761672,-13.495142,-3.5288205,-8.059886,-11.588707,9.270101e-06
2,99,41,0.0,0.4027565,0.5972435,-0.7945283,-0.49521342,-0.32000145,-0.295763,-0.61576444,0.35074538
2,60,340,0.0,0.4027565,0.5972435,-2.2923546,-12.480146,-0.92326075,-7.453686,-8.376947,0.00023005836
2,420,484,0.0,0.4027565,0.5972435,-14.858164,-17.102236,-5.9842224,-10.214199,-16.198421,9.228155e-08
2,321,402,0.0,0.4027565,0.5972435,-4.4574156,-11.713392,-1.7952532,-6.995747,-8.791,0.00015207261
2,389,235,0.0,0.4027565,0.5972435,-5.3434305,-12.579248,-2.1521015,-7.512874,-9.664976,6.3463885e-05
2,22,533,0.0,0.4027565,0.5972435,-4.3871117,-15.44306,-1.7669377,-9.223267,-10.990204,1.6865832e-05
2,183,391,0.0,0.4027565,0.5972435,-4.1851463,-5.6351075,-1.6855949,-3.3655312,-5.051126,0.0063613937
2,289,401,0.0,0.4027565,0.5972435,-3.1499956,-7.8157663,-1.2686812,-4.6679153,-5.9365964,0.002634047
2,345,256,0.0,0.4027565,0.5972435,-11.537191,-5.7415543,-4.646679,-3.429106,-8.075785,0.00031088246
2,187,69,0.0,0.4027565,0.5972435,-5.7230372,-11.210495,-2.3049905,-6.695395,-9.000385,0.00012334705
2,414,184,0.0,0.4027565,0.5972435,2.44829,5.459672,0.9860648,3.2607536,4.2468185,0.98589224
2,330,126,0.0,0.4027565,0.5972435,-6.1344914,-10.165917,-2.4707065,-6.071528,-8.542234,0.00019501589
2,105,257,0.0,0.4027565,0.5972435,-4.0305376,-8.843519,-1.6233252,-5.2817345,-6.90506,0.0010016947
2,159,174,0.0,0.4027565,0.5972435,-6.257538,-14.877099,-2.5202641,-8.88525,-11.405514,1.1133802e-05
2,312,492,0.0,0.4027565,0.5972435,-8.371212,-13.166088,-3.37156,-7.8633604,-11.2349205,1.32047535e-05
2,59,226,0.0,0.4027565,0.5972435,-1.1381508,-9.823542,-0.45839766,-5.8670464,-6.325444,0.0017869717
2,383,353,0.0,0.4027565,0.5972435,-8.967278,-14.537653,-3.6116295,-8.682519,-12.294148,4.5784363e-06
2,80,512,0.0,0.4027565,0.5972435,-2.4715433,-3.4362867,-0.9954302,-2.0522997,-3.04773,0.04531558
2,259,424,0.0,0.4027565,0.5972435,-0.10987611,-4.41965,-0.04425332,-2.6396072,-2.6838605,0.063932456
2,272,193,0.0,0.4027565,0.5972435,-7.723985,-13.402798,-3.1108854,-8.004734,-11.11562,1.4877887e-05
2,357,460,0.0,0.4027565,0.5972435,-2.7295349,-13.946096,-1.0993379,-8.329215,-9.428553,8.0389014e-05
2,367,29,0.0,0.4027565,0.5972435,-1.0688884,-13.691443,-0.4305018,-8.177125,-8.607627,0.00018267361
2,184,18,0.0,0.4027565,0.5972435,-1.7266194,-6.308203,-0.6954072,-3.7675333,-4.4629407,0.011397022
2,104,479,0.0,0.4027565,0.5972435,-0.0039340914,-15.181074,-0.001584481,-9.066797,-9.068381,0.00011523967
2,205,103,0.0,0.4027565,0.5972435,-3.031044,-13.666493,-1.2207727,-8.162224,-9.382997,8.413561e-05
2,204,267,0.0,0.4027565,0.5972435,-2.9818542,-10.106402,-1.2009612,-6.035983,-7.236944,0.0007189897
2,61,492,0.0,0.4027565,0.5972435,0.6501661,-10.340104,0.26185864,-6.17556,-5.9137015,0.0026948843
2,197,70,0.0,0.4027565,0.5972435,-1.3602933,-9.940129,-0.547867,-5.9366775,-6.4845443,0.0015245287
2,240,574,0.0,0.4027565,0.5972435,-4.1370864,-13.742075,-1.6662384,-8.207365,-9.873604,5.1514082e-05
2,237,9,0.0,0.4027565,0.5972435,-1.6209,-17.536934,-0.65282804,-10.47382,-11.126648,1.4714712e-05
2,41,405,0.0,0.4027565,0.5972435,-2.936753,-15.42103,-1.1827964,-9.21011,-10.392906,3.0648192e-05
2,373,572,0.0,0.4027565,0.5972435,0.286878,-8.892105,0.11554198,-5.310752,-5.19521,0.005512496
2,355,570,0.0,0.4027565,0.5972435,-0.61695945,-6.6588097,-0.24848443,-3.9769306,-4.225415,0.01440862
2,41,60,0.0,0.4027565,0.5972435,-11.891059,-9.769174,-4.7892013,-5.834575,-10.623776,2.4329991e-05
2,29,96,0.0,0.4027565,0.5972435,-2.8068278,-13.145174,-1.1304681,-7.8508697,-8.981338,0.00012571875
2,207,204,0.0,0.4027565,0.5972435,-2.943423,-14.605663,-1.1854827,-8.723137,-9.90862,4.9741568e-05
2,289,96,0.0,0.4027565,0.5972435,-4.028167,-8.818939,-1.6223704,-5.267054,-6.8894243,0.0010174637
2,380,192,0.0,0.4027565,0.5972435,-1.4716722,-13.667025,-0.5927256,-8.162541,-8.755267,0.00015760402
2,295,367,0.0,0.4027565,0.5972435,-2.1661892,-11.039991,-0.8724468,-6.593563,-7.46601,0.00057187956
2,48,367,0.0,0.4027565,0.5972435,-0.30171078,-6.8519692,-0.12151598,-4.092294,-4.21381,0.014574358
2,179,139,0.0,0.4027565,0.5972435,-3.2284896,-5.234768,-1.3002952,-3.126431,-4.4267263,0.011812358
2,272,263,0.0,0.4027565,0.5972435,-11.429338,-18.981949,-4.6032405,-11.336845,-15.940086,1.1948363e-07
2,320,521,0.0,0.4027565,0.5972435,-13.602122,-16.028112,-5.4783435,-9.572686,-15.051029,2.906839e-07
2,80,149,0.0,0.4027565,0.5972435,1.6351007,0.71671516,0.65854746,0.42805347,1.0866009,0.74774104
2,220,315,0.0,0.4027565,0.5972435,-10.444526,-18.70944,-4.2066007,-11.174091,-15.380692,2.0905014e-07
2,351,319,0.0,0.4027565,0.5972435,-1.5048584,-11.219959,-0.6060915,-6.7010474,-7.307139,0.0006702838
2,279,514,0.0,0.4027565,0.5972435,-14.290521,-13.459211,-5.7556005,-8.038426,-13.794027,1.0217146e-06
2,309,149,0.0,0.4027565,0.5972435,-11.66633,-14.240239,-4.6986904,-8.50489,-13.203581,1.8439831e-06
2,390,69,0.0,0.4027565,0.5972435,-5.7607646,-9.04315,-2.3201854,-5.4009624,-7.7211475,0.0004431551
2,425,281,0.0,0.4027565,0.5972435,-5.560911,-15.37899,-2.2396932,-9.185001,-11.424694,1.0922289e-05
2,57,294,0.0,0.4027565,0.5972435,-10.309352,-12.405037,-4.1521587,-7.4088273,-11.560986,9.530674e-06
2,195,399,0.0,0.4027565,0.5972435,-5.9125733,-11.167688,-2.3813274,-6.6698294,-9.051157,0.00011724155
2,146,190,0.0,0.4027565,0.5972435,-3.5697427,-16.515844,-1.4377371,-9.86398,-11.301718,1.23515365e-05
2,252,65,0.0,0.4027565,0.5972435,0.40660954,-8.723661,0.16376464,-5.21015,-5.0463853,0.00639143
2,424,464,0.0,0.4027565,0.5972435,-8.341586,-11.717234,-3.3596282,-6.9980416,-10.35767,3.1747342e-05
2,240,412,0.0,0.4027565,0.5972435,-9.486033,-15.943443,-3.8205616,-9.522118,-13.342679,1.6045285e-06
2,214,28,0.0,0.4027565,0.5972435,-1.6778158,-12.283983,-0.6757512,-7.336529,-8.0122795,0.00033125872
2,270,357,0.0,0.4027565,0.5972435,-11.967632,-16.8715,-4.8200417,-10.076393,-14.896435,3.3928168e-07
2,370,476,0.0,0.4027565,0.5972435,-6.4677067,-11.050234,-2.604911,-6.5996804,-9.204592,0.0001005664
2,151,60,0.0,0.4027565,0.5972435,-13.42669,-14.474359,-5.4076867,-8.644716,-14.0524025,7.890759e-07
2,314,131,0.0,0.4027565,0.5972435,-12.890464,-18.78781,-5.191718,-11.220897,-16.412615,7.448896e-08
2,312,546,0.0,0.4027565,0.5972435,-12.817282,-13.893009,-5.162244,-8.297509,-13.459753,1.4272593e-06
2,300,46,0.0,0.4027565,0.5972435,4.3206134,-3.8852215,1.7401552,-2.3204231,-0.5802679,0.35887092
2,330,371,0.0,0.4027565,0.5972435,-6.734423,-14.100764,-2.7123327,-8.42159,-11.133923,1.4608058e-05
2,216,495,0.0,0.4027565,0.5972435,-1.4910297,-18.431902,-0.6005219,-11.008333,-11.608855,9.085195e-06
2,335,280,0.0,0.4027565,0.5972435,-3.8639212,-11.104018,-1.5562195,-6.6318026,-8.188022,0.000277886
2,165,535,0.0,0.4027565,0.5972435,-0.88465637,-13.179277,-0.3563011,-7.8712378,-8.227539,0.0002671217
2,65,42,0.0,0.4027565,0.5972435,-7.99277,-9.930096,-3.2191403,-5.930685,-9.149825,0.0001062271
2,346,105,0.0,0.4027565,0.5972435,-11.391311,-10.225313,-4.5879245,-6.107002,-10.694926,2.2659102e-05
2,366,509,0.0,0.4027565,0.5972435,0.023910576,-19.192598,0.009630141,-11.462654,-11.453024,1.0617207e-05
2,366,10,0.0,0.4027565,0.5972435,-2.7989907,-12.241215,-1.1273117,-7.3109856,-8.438297,0.00021637153
2,215,490,0.0,0.4027565,0.5972435,-3.7339413,-9.412472,-1.5038692,-5.6215377,-7.1254067,0.00080375915
2,5,282,0.0,0.4027565,0.5972435,1.4007555,-3.5861485,0.5641634,-2.1418037,-1.5776403,0.17112994
2,37,53,0.0,0.4027565,0.5972435,-13.396724,-14.239211,-5.395618,-8.504276,-13.899895,9.190773e-07
2,383,34,0.0,0.4027565,0.5972435,-10.371641,-16.650993,-4.177246,-9.944697,-14.121943,7.360673e-07
2,141,168,0.0,0.4027565,0.5972435,-3.2239764,-21.019045,-1.2984775,-12.553488,-13.851965,9.642011e-07
2,339,486,0.0,0.4027565,0.5972435,-10.949549,-14.905258,-4.410002,-8.902068,-13.312071,1.6543995e-06
2,401,564,0.0,0.4027565,0.5972435,-9.300832,-16.064898,-3.7459705,-9.594655,-13.340626,1.6078262e-06
2,19,54,0.0,0.4027565,0.5972435,1.8240129,-1.8900709,0.7346331,-1.1288326,-0.3941995,0.4027068
2,172,14,0.0,0.4027565,0.5972435,-5.285585,-13.6057,-2.1288037,-8.125916,-10.254719,3.518981e-05
2,84,169,0.0,0.4027565,0.5972435,1.5261341,-2.990235,0.61466044,-1.7858984,-1.171238,0.2366313
2,271,554,0.0,0.4027565,0.5972435,-0.46290493,-8.053274,-0.18643798,-4.8097653,-4.9962034,0.0067181378
2,160,1,0.0,0.4027565,0.5972435,-1.673865,-12.999834,-0.67416,-7.764066,-8.438227,0.00021638678
2,322,224,0.0,0.4027565,0.5972435,-6.847549,-12.984431,-2.757895,-7.754867,-10.512762,2.7186521e-05
2,30,400,0.0,0.4027565,0.5972435,-6.325969,-7.2445345,-2.5478253,-4.326751,-6.8745766,0.0010326678
2,334,323,0.0,0.4027565,0.5972435,-9.000169,-14.501877,-3.6248765,-8.661152,-12.286028,4.6157666e-06
2,288,187,0.0,0.4027565,0.5972435,-2.3150012,-8.387787,-0.9323818,-5.009551,-5.9419327,0.002620065
2,37,173,0.0,0.4027565,0.5972435,-2.9288006,-6.2890844,-1.1795936,-3.7561147,-4.935708,0.00713411
2,419,364,0.0,0.4027565,0.5972435,-8.439654,-13.321652,-3.3991258,-7.95627,-11.355396,1.1706013e-05
2,85,461,0.0,0.4027565,0.5972435,1.692902,-4.223198,0.6818273,-2.5222774,-1.84045,0.13699807
2,183,74,0.0,0.4027565,0.5972435,0.7275629,-5.1080866,0.2930307,-3.0507715,-2.7577407,0.05965097
2,363,477,0.0,0.4027565,0.5972435,-0.8449845,2.564264,-0.340323,1.53149,1.191167,0.7669498
2,335,252,0.0,0.4027565,0.5972435,-3.509064,-16.762136,-1.4132984,-10.011077,-11.424376,1.092577e-05
2,318,413,0.0,0.4027565,0.5972435,-18.755604,-18.049143,-7.5539417,-10.779733,-18.333675,1.0909025e-08
2,129,375,0.0,0.4027565,0.5972435,-5.908168,-10.769218,-2.379553,-6.4318457,-8.8113985,0.00014900249
2,285,203,0.0,0.4027565,0.5972435,-5.304292,-15.441719,-2.1363382,-9.222466,-11.358805,1.1666181e-05
2,216,144,0.0,0.4027565,0.5972435,-3.9434013,-12.987734,-1.5882306,-7.7568393,-9.34507,8.738759e-05
2,382,456,0.0,0.4027565,0.5972435,-1.8997239,-16.462233,-0.76512617,-9.831962,-10.597088,2.498805e-05
2,164,213,0.0,0.4027565,0.5972435,-6.321072,-13.322607,-2.545853,-7.9568405,-10.502693,2.7461636e-05
2,320,319,0.0,0.4027565,0.5972435,-8.555063,-15.791593,-3.4456074,-9.431426,-12.877033,2.5560798e-06
2,263,72,0.0,0.4027565,0.5972435,-2.1355772,-15.918696,-0.8601176,-9.507338,-10.3674555,3.1438198e-05
2,276,164,0.0,0.4027565,0.5972435,-17.17604,-16.661865,-6.9177623,-9.951191,-16.868954,4.7196135e-08
2,156,28,0.0,0.4027565,0.5972435,-1.8441477,-16.779766,-0.7427425,-10.021606,-10.764349,2.1139438e-05
2,376,166,0.0,0.4027565,0.5972435,-5.759769,-8.639808,-2.3197844,-5.160069,-7.4798536,0.0005640217
2,202,385,0.0,0.4027565,0.5972435,-0.06251105,-3.5597954,-0.025176732,-2.1260645,-2.1512413,0.10421528
2,56,86,0.0,0.4027565,0.5972435,-9.1392,-14.451046,-3.6808724,-8.630794,-12.3116665,4.4989297e-06
2,344,60,0.0,0.4027565,0.5972435,-16.4276,-16.305273,-6.616323,-9.738218,-16.354542,7.894283e-08
2,26,508,0.0,0.4027565,0.5972435,-6.878114,-14.489437,-2.7702053,-8.653722,-11.423927,1.0930667e-05
2,65,488,0.0,0.4027565,0.5972435,-3.5274444,-11.403101,-1.4207011,-6.8104277,-8.231129,0.00026616477
2,185,106,0.0,0.4027565,0.5972435,-3.5792792,-14.720247,-1.441578,-8.791572,-10.23315,3.5957048e-05
2,138,190,0.0,0.4027565,0.5972435,-5.928161,-19.361729,-2.3876054,-11.563666,-13.951272,8.730501e-07
2,65,221,0.0,0.4027565,0.5972435,-7.0431857,-10.483809,-2.836689,-6.261387,-9.098076,0.00011186836
2,76,551,0.0,0.4027565,0.5972435,-2.0324423,-10.629076,-0.8185794,-6.3481464,-7.1667256,0.00077125063
2,344,439,0.0,0.4027565,0.5972435,-10.862365,-6.580501,-4.374888,-3.9301615,-8.30505,0.0002472039
2,231,174,0.0,0.4027565,0.5972435,-3.2149642,-14.385824,-1.2948477,-8.59184,-9.886687,5.084452e-05
2,202,544,0.0,0.4027565,0.5972435,-1.0946151,-12.275799,-0.44086337,-7.3316407,-7.772504,0.00042098016
2,366,155,0.0,0.4027565,0.5972435,-2.9612472,-14.09594,-1.1926616,-8.418708,-9.611369,6.695859e-05
2,267,326,0.0,0.4027565,0.5972435,-11.584455,-20.82502,-4.6657147,-12.437608,-17.103323,3.7335433e-08
2,125,570,0.0,0.4027565,0.5972435,-4.5359054,-19.052256,-1.8268654,-11.378836,-13.205701,1.8400779e-06
2,75,39,0.0,0.4027565,0.5972435,-4.636684,-16.70934,-1.8674546,-9.979544,-11.846998,7.159965e-06
2,83,374,0.0,0.4027565,0.5972435,0.057039663,-16.961908,0.022973096,-10.130389,-10.107416,4.077437e-05
2,319,253,0.0,0.4027565,0.5972435,-9.84747,-15.795237,-3.9661329,-9.433602,-13.399735,1.5155427e-06
2,268,329,0.0,0.4027565,0.5972435,-3.7533207,-16.081087,-1.5116744,-9.604324,-11.115999,1.4872242e-05
2,278,523,0.0,0.4027565,0.5972435,-14.029918,-14.664161,-5.6506405,-8.758075,-14.408715,5.5255333e-07
2,404,431,0.0,0.4027565,0.5972435,-8.909348,-15.985952,-3.5882978,-9.547506,-13.135804,1.9732945e-06
2,335,544,0.0,0.4027565,0.5972435,-10.195944,-13.529778,-4.106483,-8.080571,-12.187054,5.0959793e-06
2,34,51,0.0,0.4027565,0.5972435,-3.4443204,-17.529106,-1.3872225,-10.469145,-11.856367,7.0931983e-06
2,47,136,0.0,0.4027565,0.5972435,-1.7659382,-14.62936,-0.7112431,-8.73729,-9.448533,7.8798876e-05
2,11,525,0.0,0.4027565,0.5972435,2.5349972,-1.9433482,1.0209867,-1.160652,-0.13966537,0.46514028
2,169,542,0.0,0.4027565,0.5972435,-7.392856,-11.008028,-2.977521,-6.574473,-9.551994,7.105435e-05
2,126,531,0.0,0.4027565,0.5972435,-1.5751967,-16.011238,-0.63442075,-9.562608,-10.197028,3.727956e-05
2,426,181,0.0,0.4027565,0.5972435,-5.3375134,-16.869375,-2.1497183,-10.075125,-12.224843,4.906999e-06
2,338,53,0.0,0.4027565,0.5972435,-14.329401,-13.628553,-5.77126,-8.1395645,-13.910824,9.090873e-07
2,263,148,0.0,0.4027565,0.5972435,-4.927089,-18.860485,-1.9844173,-11.264302,-13.248719,1.7625993e-06
2,24,454,0.0,0.4027565,0.5972435,-14.057839,-14.769393,-5.661886,-8.820924,-14.48281,5.1309206e-07
2,295,97,0.0,0.4027565,0.5972435,-3.799163,-11.564325,-1.5301377,-6.906718,-8.436855,0.00021668366
2,259,96,0.0,0.4027565,0.5972435,-5.094889,-16.264397,-2.0519998,-9.713805,-11.765805,7.765552e-06
2,175,141,0.0,0.4027565,0.5972435,-4.675803,-12.100357,-1.8832102,-7.2268596,-9.110069,0.000110534835
2,313,444,0.0,0.4027565,0.5972435,-14.625159,-18.632298,-5.890378,-11.128018,-17.018396,4.0644743e-08
2,387,137,0.0,0.4027565,0.5972435,-0.94946104,-9.468618,-0.38240162,-5.655071,-6.0374722,0.0023818994
2,73,18,0.0,0.4027565,0.5972435,2.3523192,-2.7379265,0.9474119,-1.6352087,-0.68779683,0.33452335
2,230,423,0.0,0.4027565,0.5972435,2.170289,-1.1281824,0.87409806,-0.6737996,0.20029849,0.54990786
2,324,338,0.0,0.4027565,0.5972435,0.72855276,-8.854534,0.29342937,-5.288313,-4.9948835,0.0067269513
2,12,267,0.0,0.4027565,0.5972435,-9.549905,-14.248436,-3.8462863,-8.509786,-12.356071,4.3035266e-06
2,364,79,0.0,0.4027565,0.5972435,-13.405778,-11.651333,-5.3992643,-6.9586825,-12.357946,4.295465e-06
2,372,321,0.0,0.4027565,0.5972435,-4.5400586,-15.2971,-1.8285382,-9.136093,-10.964631,1.7302693e-05
2,396,18,0.0,0.4027565,0.5972435,-9.573375,-13.84156,-3.855739,-8.266782,-12.12252,5.4356806e-06
2,323,220,0.0,0.4027565,0.5972435,-4.66513,-12.937999,-1.8789115,-7.7271357,-9.606047,6.731591e-05
2,293,98,0.0,0.4027565,0.5972435,-10.536144,-17.58827,-4.2435007,-10.504479,-14.74798,3.935804e-07
2,107,4,0.0,0.4027565,0.5972435,3.297313,3.9249663,1.3280143,2.3441606,3.672175,0.97520906
2,51,398,0.0,0.4027565,0.5972435,-16.133785,-11.102491,-6.4979873,-6.630891,-13.128878,1.98701e-06
2,234,72,0.0,0.4027565,0.5972435,1.851566,-12.547999,0.7457302,-7.4942107,-6.7484803,0.0011712868
2,82,517,0.0,0.4027565,0.5972435,-3.6935058,-15.046839,-1.4875835,-8.986627,-10.47421,2.825506e-05
2,78,378,0.0,0.4027565,0.5972435,-1.5871451,-8.748675,-0.639233,-5.2250896,-5.8643227,0.0028309084
2,103,509,0.0,0.4027565,0.5972435,-2.235677,-12.357826,-0.9004335,-7.3806314,-8.281065,0.00025320318
2,89,530,0.0,0.4027565,0.5972435,-1.7227637,-5.167825,-0.6938543,-3.0864499,-3.7803042,0.022306804
2,167,521,0.0,0.4027565,0.5972435,-14.361909,-17.474844,-5.7843523,-10.436737,-16.221088,9.021334e-08
2,265,562,0.0,0.4027565,0.5972435,-7.761734,-8.56123,-3.1260889,-5.1131387,-8.239227,0.00026401848
2,181,59,0.0,0.4027565,0.5972435,-4.435704,-11.193684,-1.7865088,-6.6853547,-8.471864,0.00020923071
2,34,156,0.0,0.4027565,0.5972435,-17.103226,-15.704407,-6.8884354,-9.3793545,-16.26779,8.609712e-08
2,28,469,0.0,0.4027565,0.5972435,-1.8733033,-7.7210984,-0.75448513,-4.611376,-5.365861,0.0046516955
2,167,45,0.0,0.4027565,0.5972435,-3.0419743,-17.539503,-1.2251749,-10.475354,-11.700529,8.289364e-06
2,331,481,0.0,0.4027565,0.5972435,-3.2656865,-16.737215,-1.3152765,-9.996193,-11.311469,1.223168e-05
2,250,171,0.0,0.4027565,0.5972435,2.4402304,-6.2830324,0.98281866,-3.7525003,-2.7696817,0.058984675
2,25,459,0.0,0.4027565,0.5972435,-3.0157354,-12.604301,-1.2146071,-7.527837,-8.742444,0.0001596377
2,16,490,0.0,0.4027565,0.5972435,1.2837256,0.34177187,0.51702887,0.20412102,0.7211499,0.6728602
2,255,480,0.0,0.4027565,0.5972435,-12.380406,-10.633937,-4.9862895,-6.3510494,-11.337339,1.1919304e-05
2,346,30,0.0,0.4027565,0.5972435,-14.609689,-16.942976,-5.884147,-10.119082,-16.00323,1.1217235e-07
2,112,363,0.0,0.4027565,0.5972435,1.5488702,-14.0841465,0.62381756,-8.411665,-7.7878475,0.0004145727
2,393,327,0.0,0.4027565,0.5972435,-6.4080515,-11.938914,-2.5808845,-7.130439,-9.711323,6.058984e-05
2,48,520,0.0,0.4027565,0.5972435,-6.635238,-12.569635,-2.6723855,-7.507133,-10.179519,3.7938025e-05
2,23,456,0.0,0.4027565,0.5972435,1.2306427,-15.899128,0.49564934,-9.49565,-9.000001,0.00012339445
2,374,127,0.0,0.4027565,0.5972435,-0.3792297,-16.093287,-0.15273723,-9.61161,-9.764348,5.746092e-05
2,261,119,0.0,0.4027565,0.5972435,-9.663057,-18.28021,-3.8918593,-10.917737,-14.809596,3.7006157e-07
2,178,255,0.0,0.4027565,0.5972435,-3.4466197,-13.447174,-1.3881485,-8.031238,-9.419386,8.112924e-05
2,312,238,0.0,0.4027565,0.5972435,-15.840251,-11.06011,-6.379764,-6.605579,-12.985343,2.293698e-06
2,128,163,0.0,0.4027565,0.5972435,-1.1932356,-11.161456,-0.48058343,-6.666107,-7.1466904,0.0007868464
2,425,254,0.0,0.4027565,0.5972435,-15.801994,-16.894056,-6.364356,-10.089865,-16.45422,7.1453435e-08
2,148,373,0.0,0.4027565,0.5972435,-5.0661397,-15.964031,-2.0404208,-9.534413,-11.574834,9.399601e-06
2,191,275,0.0,0.4027565,0.5972435,0.37026817,-12.433175,0.14912792,-7.425633,-7.276505,0.0006911205
2,381,256,0.0,0.4027565,0.5972435,-8.334971,-11.2562065,-3.356964,-6.722696,-10.07966,4.1921892e-05
2,340,348,0.0,0.4027565,0.5972435,-6.194451,-15.444567,-2.4948554,-9.224167,-11.719023,8.137473e-06
2,20,64,0.0,0.4027565,0.5972435,-4.993919,-11.735567,-2.0113335,-7.0089912,-9.020325,0.00012091223
2,257,402,0.0,0.4027565,0.5972435,-0.7628396,-5.7359457,-0.3072386,-3.4257562,-3.7329948,0.02336224
2,230,30,0.0,0.4027565,0.5972435,-5.0302305,-12.493898,-2.025958,-7.4618993,-9.487858,7.5760494e-05
2,213,60,0.0,0.4027565,0.5972435,-9.828861,-11.8715105,-3.958638,-7.0901823,-11.0488205,1.5905645e-05
2,98,123,0.0,0.4027565,0.5972435,0.279656,-8.632704,0.11263327,-5.155826,-5.043193,0.006411736
2,406,352,0.0,0.4027565,0.5972435,-12.614846,-15.22935,-5.0807114,-9.09563,-14.176341,6.9709665e-07
2,76,246,0.0,0.4027565,0.5972435,-4.6390276,-8.070303,-1.8683985,-4.819936,-6.6883345,0.0012438063
2,210,136,0.0,0.4027565,0.5972435,-2.263526,-17.991707,-0.9116498,-10.74543,-11.65708,8.657467e-06
2,197,321,0.0,0.4027565,0.5972435,-1.8681463,-12.06793,-0.7524081,-7.207493,-7.959901,0.00034906584
2,379,221,0.0,0.4027565,0.5972435,-5.301249,-15.642437,-2.1351125,-9.342343,-11.477456,1.0360951e-05
2,80,415,0.0,0.4027565,0.5972435,1.0168769,-8.333128,0.4095538,-4.9769063,-4.5673523,0.010278673
2,6,256,0.0,0.4027565,0.5972435,-6.1609893,-6.1415014,-2.4813786,-3.6679718,-6.14935,0.0021303208
2,201,441,0.0,0.4027565,0.5972435,-3.7344255,-3.330354,-1.5040642,-1.9890323,-3.4930964,0.029509299
2,79,286,0.0,0.4027565,0.5972435,5.312553,4.371746,2.1396654,2.610997,4.7506623,0.9914281
2,422,427,0.0,0.4027565,0.5972435,-5.3150783,-8.022074,-2.1406825,-4.7911315,-6.931814,0.00097527605
2,70,113,0.0,0.4027565,0.5972435,-0.0095640775,-3.4112825,-0.0038519944,-2.0373664,-2.0412183,0.11494273
2,368,310,0.0,0.4027565,0.5972435,-5.540255,-16.672556,-2.2313738,-9.957576,-12.18895,5.0863264e-06
2,120,337,0.0,0.4027565,0.5972435,-8.093581,-12.480159,-3.2597425,-7.4536934,-10.713436,2.2243552e-05
2,115,362,0.0,0.4027565,0.5972435,-1.570448,-3.594284,-0.63250816,-2.1466627,-2.779171,0.058460172
2,58,316,0.0,0.4027565,0.5972435,-9.8906355,-16.725618,-3.983518,-9.989266,-13.972784,8.544696e-07
2,58,382,0.0,0.4027565,0.5972435,-3.6920521,-3.7091372,-1.4869981,-2.2152581,-3.7022562,0.024073957
2,235,519,0.0,0.4027565,0.5972435,-5.3680525,-8.689693,-2.162018,-5.1898627,-7.351881,0.0006409737
2,120,188,0.0,0.4027565,0.5972435,-10.768543,-12.863602,-4.337101,-7.6827025,-12.019804,6.0236925e-06
2,260,186,0.0,0.4027565,0.5972435,-5.0779943,-12.329449,-2.0451953,-7.3636827,-9.408878,8.198614e-05
2,380,156,0.0,0.4027565,0.5972435,-7.6764092,-12.309082,-3.091724,-7.351519,-10.443243,2.9143688e-05
2,154,201,0.0,0.4027565,0.5972435,-1.3794675,-6.84387,-0.5555895,-4.0874567,-4.6430464,0.0095365
2,375,215,0.0,0.4027565,0.5972435,-6.8731184,-16.617308,-2.7681932,-9.924579,-12.692772,3.0732497e-06
2,213,281,0.0,0.4027565,0.5972435,2.5195658,5.500861,1.0147716,3.2853534,4.300125,0.98661476
2,9,210,0.0,0.4027565,0.5972435,-3.456689,-7.841914,-1.3922039,-4.683532,-6.075736,0.0022926857
2,355,357,0.0,0.4027565,0.5972435,-3.0543156,-11.611669,-1.2301455,-6.9349933,-8.165138,0.00028431645
2,345,257,0.0,0.4027565,0.5972435,-11.238799,-9.403282,-4.5264997,-5.616049,-10.142549,3.936679e-05
2,189,206,0.0,0.4027565,0.5972435,-3.2637498,-15.368712,-1.3144965,-9.178864,-10.4933605,2.7719117e-05
2,72,565,0.0,0.4027565,0.5972435,-5.848732,-12.756063,-2.355615,-7.618476,-9.974091,4.658942e-05
2,210,19,0.0,0.4027565,0.5972435,-8.327228,-14.000924,-3.3538451,-8.36196,-11.715805,8.163698e-06
2,157,101,0.0,0.4027565,0.5972435,2.41264,-2.277821,0.9717065,-1.3604138,-0.38870728,0.4040285
2,290,577,0.0,0.4027565,0.5972435,-10.729871,-14.769196,-4.3215256,-8.820806,-13.142331,1.9604568e-06
2,343,558,0.0,0.4027565,0.5972435,-11.810527,-14.853563,-4.756767,-8.871194,-13.62796,1.2062895e-06
2,419,292,0.0,0.4027565,0.5972435,-8.793569,-14.124306,-3.541667,-8.43565,-11.977317,6.2851354e-06
2,50,324,0.0,0.4027565,0.5972435,-2.5064723,-7.6192055,-1.0094981,-4.550521,-5.560019,0.0038339477
2,421,232,0.0,0.4027565,0.5972435,-9.427503,-3.426427,-3.796988,-2.046411,-5.843399,0.0028905922
2,345,22,0.0,0.4027565,0.5972435,-6.699558,-8.936422,-2.6982906,-5.33722,-8.035511,0.00032365424
3,107,171,1.0,0.3956267,0.6043733,4.971344,3.8776815,1.9667964,2.3435671,4.310364,0.98674923
3,11,549,1.0,0.3956267,0.6043733,4.3986588,3.5782766,1.7402269,2.1626148,3.9028416,0.98021483
3,27,202,1.0,0.3956267,0.6043733,2.002673,6.5078816,0.79231083,3.9331896,4.7255006,0.9912116
3,202,553,1.0,0.3956267,0.6043733,-1.910324,-13.900995,-0.75577515,-8.40139,-9.157166,0.00010545028
3,93,320,1.0,0.3956267,0.6043733,6.2549925,1.8863015,2.474642,1.1400303,3.6146722,0.9737802
3,182,102,1.0,0.3956267,0.6043733,2.364834,-1.7449545,0.93559146,-1.0546038,-0.119012356,0.470282
3,115,54,1.0,0.3956267,0.6043733,1.1737791,3.9497166,0.46437836,2.387103,2.8514814,0.94539523
3,345,46,1.0,0.3956267,0.6043733,4.852453,7.8662553,1.91976,4.7541547,6.673915,0.9987381
3,245,537,1.0,0.3956267,0.6043733,-5.440096,-8.702924,-2.1522472,-5.2598147,-7.4120617,0.0006035598
3,27,555,1.0,0.3956267,0.6043733,0.8129548,5.8764725,0.3216266,3.5515828,3.8732095,0.97963196
3,27,139,1.0,0.3956267,0.6043733,4.402781,6.2209315,1.7418576,3.7597647,5.501622,0.9959364
3,168,347,1.0,0.3956267,0.6043733,3.8701208,1.2153589,1.531123,0.7345304,2.2656534,0.9059922
3,268,530,1.0,0.3956267,0.6043733,-4.7845087,-19.553957,-1.8928794,-11.817889,-13.710769,1.1104227e-06
3,203,499,1.0,0.3956267,0.6043733,4.053981,6.606898,1.603863,3.9930325,5.596895,0.9963044
3,139,385,1.0,0.3956267,0.6043733,4.4588404,7.5570626,1.7640363,4.5672865,6.3313227,0.9982235
3,128,446,1.0,0.3956267,0.6043733,-1.931524,-7.028232,-0.7641625,-4.247676,-5.0118384,0.0066146064
3,79,24,1.0,0.3956267,0.6043733,4.200935,10.333283,1.662002,6.2451606,7.9071627,0.999632
3,16,85,1.0,0.3956267,0.6043733,4.81973,2.9057057,1.9068137,1.7561308,3.6629446,0.974985
3,305,198,1.0,0.3956267,0.6043733,7.6228313,8.8657055,3.0157955,5.3581953,8.373991,0.9997693
3,93,406,1.0,0.3956267,0.6043733,3.1090634,-8.047339,1.2300285,-4.863597,-3.6335683,0.0257416
3,251,461,1.0,0.3956267,0.6043733,-7.5050774,-13.555605,-2.969209,-8.192645,-11.161854,1.420569e-05
3,107,444,1.0,0.3956267,0.6043733,6.033323,4.276735,2.3869436,2.5847442,4.971688,0.9931163
3,55,144,1.0,0.3956267,0.6043733,2.656927,4.609473,1.0511513,2.7858424,3.8369937,0.9788967
3,27,403,1.0,0.3956267,0.6043733,1.7751648,5.537795,0.7023026,3.3468955,4.049198,0.9828624
3,52,239,1.0,0.3956267,0.6043733,3.664368,8.580476,1.4497218,5.18581,6.635532,0.9986889
3,27,424,1.0,0.3956267,0.6043733,4.099852,4.215514,1.622011,2.547744,4.169755,0.9847792
3,80,572,1.0,0.3956267,0.6043733,1.1990653,8.290315,0.47438225,5.0104446,5.484827,0.99586797
3,176,395,1.0,0.3956267,0.6043733,-2.2832658,-12.279959,-0.9033209,-7.421679,-8.325,0.00024232222
3,99,500,1.0,0.3956267,0.6043733,6.1078386,0.6188315,2.416424,0.37400523,2.7904294,0.9421565
3,113,172,1.0,0.3956267,0.6043733,-3.1858141,-13.914958,-1.2603931,-8.409829,-9.670222,6.313183e-05
3,16,340,1.0,0.3956267,0.6043733,3.9045942,4.7525334,1.5447617,2.8723042,4.4170656,0.98807436
3,27,155,1.0,0.3956267,0.6043733,2.6479337,5.373471,1.0475932,3.2475822,4.2951756,0.9865492
3,83,293,1.0,0.3956267,0.6043733,2.1794198,8.006484,0.8622366,4.838905,5.7011414,0.996669
3,76,347,1.0,0.3956267,0.6043733,3.4723356,2.1036613,1.3737487,1.2713966,2.6451454,0.9337112
3,166,385,1.0,0.3956267,0.6043733,3.6202524,5.08096,1.4322685,3.0707963,4.5030646,0.9890463
3,99,108,1.0,0.3956267,0.6043733,0.6430374,7.451546,0.25440276,4.5035152,4.757918,0.99148965
3,121,385,1.0,0.3956267,0.6043733,3.0837548,4.698708,1.2200158,2.8397737,4.0597897,0.9830399
3,64,277,1.0,0.3956267,0.6043733,1.9115484,1.6434239,0.75625956,0.9932415,1.749501,0.85188985
3,1,115,1.0,0.3956267,0.6043733,3.9744828,7.495589,1.5724115,4.5301337,6.1025453,0.9977678
3,417,184,1.0,0.3956267,0.6043733,3.5744445,8.55106,1.4141457,5.168032,6.582178,0.99861705
3,16,48,1.0,0.3956267,0.6043733,4.4408317,-1.2695761,1.7569115,-0.76729786,0.98961365,0.7290116
3,199,169,1.0,0.3956267,0.6043733,3.5276403,4.4230824,1.3956287,2.6731927,4.0688214,0.98318994
3,350,138,1.0,0.3956267,0.6043733,1.4413446,5.02111,0.5702344,3.0346248,3.6048594,0.9735285
3,175,343,1.0,0.3956267,0.6043733,5.304364,9.971397,2.0985482,6.0264463,8.124994,0.99970406
3,92,423,1.0,0.3956267,0.6043733,3.9569826,2.884883,1.565488,1.7435461,3.309034,0.9647374
3,3,101,1.0,0.3956267,0.6043733,3.785935,5.8446703,1.4978169,3.5323625,5.0301795,0.99350476
3,132,87,1.0,0.3956267,0.6043733,3.6879036,5.3490043,1.4590331,3.2327952,4.6918283,0.9909134
3,75,474,1.0,0.3956267,0.6043733,3.3081436,1.6555109,1.30879,1.0005466,2.3093367,0.9096474
3,202,474,1.0,0.3956267,0.6043733,4.229066,1.558312,1.6731313,0.94180214,2.6149335,0.93181646
3,15,244,1.0,0.3956267,0.6043733,4.4868107,0.44184697,1.775102,0.2670405,2.0421424,0.8851512
3,352,338,1.0,0.3956267,0.6043733,0.621978,7.532147,0.2460711,4.5522285,4.7983,0.9918236
3,11,310,1.0,0.3956267,0.6043733,4.063263,-3.732313,1.6075352,-2.2557101,-0.6481749,0.34340096
3,140,308,1.0,0.3956267,0.6043733,3.8851535,3.2725587,1.5370704,1.977847,3.5149174,0.9711093
3,114,109,1.0,0.3956267,0.6043733,2.3227575,3.3186553,0.91894484,2.0057065,2.9246514,0.9490517
3,141,85,1.0,0.3956267,0.6043733,2.7262073,-1.057472,1.0785604,-0.6391078,0.43945253,0.60812855
3,133,58,1.0,0.3956267,0.6043733,3.5944335,7.9463425,1.4220538,4.802557,6.224611,0.99802387
3,79,28,1.0,0.3956267,0.6043733,2.6543334,-0.13999546,1.0501251,-0.084609516,0.9655156,0.72422475
3,239,496,1.0,0.3956267,0.6043733,1.4980636,-0.13605544,0.59267396,-0.08222827,0.5104457,0.62491095
3,107,164,1.0,0.3956267,0.6043733,7.7417374,6.937984,3.062838,4.193132,7.25597,0.9992945
3,322,198,1.0,0.3956267,0.6043733,6.224455,8.411175,2.4625604,5.0834894,7.54605,0.9994721
3,341,198,1.0,0.3956267,0.6043733,6.2573786,6.8649454,2.475586,4.1489897,6.6245756,0.9986744
3,96,69,1.0,0.3956267,0.6043733,3.5640614,5.6091022,1.4100379,3.3899915,4.8000293,0.9918377
3,153,58,1.0,0.3956267,0.6043733,7.650371,9.1200075,3.026691,5.511889,8.53858,0.9998043
3,27,324,1.0,0.3956267,0.6043733,3.2954466,6.088175,1.3037666,3.6795301,4.983297,0.9931952
3,27,14,1.0,0.3956267,0.6043733,2.9266393,5.4850574,1.1578566,3.315022,4.4728785,0.9887144
3,175,23,1.0,0.3956267,0.6043733,5.8114905,10.257985,2.2991807,6.199652,8.498833,0.99979633
3,27,353,1.0,0.3956267,0.6043733,0.9458005,2.6710994,0.37418392,1.6143411,1.988525,0.879587
3,140,324,1.0,0.3956267,0.6043733,2.1154647,9.39681,0.8369343,5.6791806,6.516115,0.9985228
3,84,533,1.0,0.3956267,0.6043733,3.3460753,3.6053421,1.3237967,2.1789725,3.5027692,0.9707664
3,79,282,1.0,0.3956267,0.6043733,0.16118647,1.5458715,0.06376967,0.93428344,0.9980531,0.7306756
3,3,359,1.0,0.3956267,0.6043733,2.231919,4.4960766,0.88300675,2.7173085,3.6003153,0.97341114
3,200,198,1.0,0.3956267,0.6043733,3.2834566,7.237405,1.299023,4.374094,5.673117,0.99657464
3,115,101,1.0,0.3956267,0.6043733,4.424649,6.5919423,1.7505091,3.9839938,5.734503,0.99677795
3,107,556,1.0,0.3956267,0.6043733,3.9596007,3.092914,1.5665237,1.8692746,3.4357982,0.9688047
3,183,490,1.0,0.3956267,0.6043733,1.6116394,7.2488894,0.6376076,4.381035,5.0186424,0.99342996
3,69,503,1.0,0.3956267,0.6043733,4.9164963,5.843738,1.9450972,3.531799,5.4768963,0.99583507
3,419,184,1.0,0.3956267,0.6043733,4.706234,8.969657,1.8619118,5.421021,7.2829328,0.99931335
3,114,376,1.0,0.3956267,0.6043733,3.5400517,5.053918,1.4005389,3.054453,4.454992,0.98851305
3,355,173,1.0,0.3956267,0.6043733,4.888009,8.496489,1.9338269,5.135051,7.0688777,0.99914956
3,107,176,1.0,0.3956267,0.6043733,6.2034845,5.899382,2.4542642,3.565429,6.0196934,0.99757546
3,140,424,1.0,0.3956267,0.6043733,3.194166,6.3586025,1.2636973,3.8429694,5.1066666,0.9939803
3,105,446,1.0,0.3956267,0.6043733,2.5706642,5.9853616,1.0170233,3.6173925,4.6344156,0.99038166
3,16,275,1.0,0.3956267,0.6043733,1.6782712,7.6348977,0.66396886,4.614328,5.278297,0.9949248
3,27,58,1.0,0.3956267,0.6043733,4.596707,4.9306397,1.8185799,2.9799469,4.798527,0.99182546
3,140,224,1.0,0.3956267,0.6043733,1.6304309,3.1190064,0.645042,1.8850441,2.530086,0.92622423
3,11,76,1.0,0.3956267,0.6043733,4.1814384,-1.8082441,1.6542886,-1.0928544,0.56143427,0.6367843
3,55,424,1.0,0.3956267,0.6043733,2.2542078,0.38513267,0.8918248,0.23276389,1.1245887,0.75483894
3,140,247,1.0,0.3956267,0.6043733,0.5347214,-3.4924726,0.21155006,-2.110757,-1.8992071,0.13019824
3,114,332,1.0,0.3956267,0.6043733,-0.69991463,-1.325818,-0.2769049,-0.80128896,-1.0781939,0.25384796
3,107,308,1.0,0.3956267,0.6043733,5.8463445,6.339448,2.31297,3.831393,6.144363,0.99785906
3,299,198,1.0,0.3956267,0.6043733,6.1576586,8.608726,2.436134,5.2028837,7.639018,0.999519
3,67,293,1.0,0.3956267,0.6043733,-0.214292,2.8144662,-0.084779635,1.7009882,1.6162086,0.83427155
3,17,342,1.0,0.3956267,0.6043733,-2.925165,-6.105263,-1.1572733,-3.689858,-4.8471313,0.007789712
3,27,113,1.0,0.3956267,0.6043733,2.8421452,7.0855155,1.1244285,4.282296,5.406725,0.9955337
3,247,127,1.0,0.3956267,0.6043733,1.5400151,-6.7700458,0.6092711,-4.0916348,-3.4823637,0.029818224
3,282,443,1.0,0.3956267,0.6043733,-4.180318,-11.219567,-1.6538453,-6.7808065,-8.434652,0.00021716143
3,389,78,1.0,0.3956267,0.6043733,6.291527,9.451756,2.489096,5.7123885,8.201485,0.99972576
3,288,23,1.0,0.3956267,0.6043733,3.158602,5.2222576,1.2496272,3.156193,4.4058204,0.9879411
3,407,198,1.0,0.3956267,0.6043733,7.4783363,8.25877,2.9586294,4.9913797,7.9500093,0.9996475
3,27,89,1.0,0.3956267,0.6043733,1.7666692,7.286478,0.69894147,4.403753,5.1026945,0.9939564
3,68,343,1.0,0.3956267,0.6043733,2.138333,7.0520725,0.84598166,4.262084,5.1080656,0.99398863
3,232,331,1.0,0.3956267,0.6043733,-1.3012651,3.7543724,-0.5148152,2.2690423,1.754227,0.8524851
3,107,442,1.0,0.3956267,0.6043733,5.1856594,-0.43752524,2.0515852,-0.26442856,1.7871566,0.8565783
3,232,105,1.0,0.3956267,0.6043733,1.4145252,6.1695466,0.5596239,3.728709,4.288333,0.9864581
3,79,297,1.0,0.3956267,0.6043733,3.4542992,3.0083377,1.366613,1.818159,3.184772,0.9602572
3,212,485,1.0,0.3956267,0.6043733,0.32569098,-3.66729,0.12885205,-2.216412,-2.08756,0.11031181
3,355,176,1.0,0.3956267,0.6043733,-2.0103042,1.8371016,-0.79533,1.110295,0.31496507,0.5780967
3,76,198,1.0,0.3956267,0.6043733,2.684184,1.2824514,1.0619348,0.77507937,1.8370142,0.8625952
3,212,17,1.0,0.3956267,0.6043733,5.9286413,11.395744,2.3455288,6.8872833,9.232812,0.99990225
3,115,150,1.0,0.3956267,0.6043733,3.9394543,4.4138246,1.5585533,2.6675975,4.226151,0.98560184
3,402,198,1.0,0.3956267,0.6043733,4.893148,6.3745112,1.9358599,3.8525844,5.7884445,0.99694663
3,47,385,1.0,0.3956267,0.6043733,3.1203792,8.697876,1.2345053,5.256764,6.491269,0.99848574
3,84,58,1.0,0.3956267,0.6043733,3.3118098,4.562023,1.3102404,2.757165,4.067405,0.98316646
3,79,280,1.0,0.3956267,0.6043733,5.0957775,6.648834,2.0160255,4.018378,6.0344033,0.9976108
3,55,250,1.0,0.3956267,0.6043733,1.7828559,-2.9321616,0.7053454,-1.7721201,-1.0667747,0.2560169
3,306,198,1.0,0.3956267,0.6043733,7.7064567,8.215219,3.0488799,4.9650583,8.013938,0.9996693
3,107,533,1.0,0.3956267,0.6043733,5.413273,5.0919566,2.1416352,3.0774424,5.2190776,0.9946168
3,16,374,1.0,0.3956267,0.6043733,-0.6069766,-2.3568242,-0.24013616,-1.4244015,-1.6645377,0.1591538
3,27,289,1.0,0.3956267,0.6043733,3.0683358,6.1658206,1.2139156,3.726457,4.9403725,0.9928988
3,182,226,1.0,0.3956267,0.6043733,2.558192,2.5465503,1.012089,1.5390669,2.551156,0.9276511
3,170,385,1.0,0.3956267,0.6043733,4.483803,6.1927857,1.7739121,3.7427542,5.5166664,0.99599683
3,342,46,1.0,0.3956267,0.6043733,4.816469,7.6526113,1.9055238,4.625034,6.5305576,0.998544
3,27,529,1.0,0.3956267,0.6043733,3.5810068,9.02435,1.4167418,5.4540763,6.870818,0.9989635
3,140,52,1.0,0.3956267,0.6043733,1.2492415,4.0512753,0.49423328,2.4484825,2.942716,0.9499181
3,154,137,1.0,0.3956267,0.6043733,-1.2477686,-9.558461,-0.4936506,-5.7768784,-6.270529,0.0018876583
3,27,6,1.0,0.3956267,0.6043733,1.978594,7.8035684,0.7827846,4.716268,5.4990525,0.995926
3,27,355,1.0,0.3956267,0.6043733,5.911124,6.501411,2.3385985,3.929279,6.2678776,0.9981073
3,107,109,1.0,0.3956267,0.6043733,7.548032,6.053856,2.986203,3.6587887,6.644992,0.9987011
3,27,321,1.0,0.3956267,0.6043733,1.0133394,3.6514065,0.40090412,2.2068126,2.6077168,0.9313566
3,416,46,1.0,0.3956267,0.6043733,3.001108,8.586633,1.1873184,5.1895313,6.3768497,0.99830234
3,169,349,1.0,0.3956267,0.6043733,2.303758,6.8429456,0.91142815,4.1356936,5.0471215,0.9936133
3,143,31,1.0,0.3956267,0.6043733,1.8181736,-3.5814068,0.71931803,-2.1645067,-1.4451886,0.19074315
3,140,533,1.0,0.3956267,0.6043733,0.16436954,-4.2060666,0.06502898,-2.5420341,-2.4770052,0.07748599
3,84,52,1.0,0.3956267,0.6043733,3.6163924,3.8512137,1.4307413,2.3275707,3.758312,0.9772085
3,236,351,1.0,0.3956267,0.6043733,0.66232693,-3.4523475,0.2620342,-2.0865066,-1.8244724,0.13889809
3,69,349,1.0,0.3956267,0.6043733,4.509057,8.591769,1.7839034,5.1926355,6.9765387,0.99906737
3,11,329,1.0,0.3956267,0.6043733,1.474144,-0.50062895,0.5832107,-0.30256677,0.28064394,0.5697041
3,44,566,1.0,0.3956267,0.6043733,0.4833139,0.26373246,0.19121188,0.15939285,0.3506047,0.5867642
3,23,385,1.0,0.3956267,0.6043733,3.1555977,6.171923,1.2484387,3.7301455,4.9785843,0.9931632
3,103,91,1.0,0.3956267,0.6043733,-7.614933,-11.784884,-3.0126708,-7.1224694,-10.13514,3.96595e-05
3,11,487,1.0,0.3956267,0.6043733,4.981784,1.6642132,1.9709266,1.005806,2.9767327,0.9515118
3,269,359,1.0,0.3956267,0.6043733,6.7256856,9.355752,2.6608608,5.6543665,8.3152275,0.9997553
3,201,85,1.0,0.3956267,0.6043733,5.366498,2.7761626,2.1231298,1.6778384,3.8009682,0.97813946
3,197,137,1.0,0.3956267,0.6043733,-0.06790431,3.8727245,-0.026864758,2.3405712,2.3137064,0.91000587
3,16,300,1.0,0.3956267,0.6043733,5.067505,5.6129513,2.0048401,3.3923178,5.3971577,0.99549097
3,215,242,1.0,0.3956267,0.6043733,1.4365653,-6.811293,0.5683436,-4.1165633,-3.5482197,0.027970936
3,27,296,1.0,0.3956267,0.6043733,1.659358,7.5780625,0.65648633,4.5799785,5.236465,0.99470913
3,188,338,1.0,0.3956267,0.6043733,0.93290275,-0.45135787,0.36908123,-0.27278864,0.096292585,0.5240546
3,39,244,1.0,0.3956267,0.6043733,4.1080694,5.699942,1.6252619,3.4448926,5.0701547,0.9937577
3,73,303,1.0,0.3956267,0.6043733,1.5079201,-3.0647738,0.5965735,-1.8522674,-1.2556939,0.22171608
3,107,248,1.0,0.3956267,0.6043733,5.0698066,5.2565265,2.005751,3.1769042,5.1826553,0.99441826
3,78,347,1.0,0.3956267,0.6043733,2.5448556,4.034047,1.0068128,2.4380703,3.444883,0.9690782
3,338,198,1.0,0.3956267,0.6043733,3.8517792,7.7332687,1.5238667,4.673781,6.1976476,0.9979699
3,371,446,1.0,0.3956267,0.6043733,-1.688121,-6.510101,-0.6678657,-3.934531,-4.6023965,0.009928217
3,107,264,1.0,0.3956267,0.6043733,6.1986256,2.550782,2.4523418,1.5416244,3.993966,0.98190683
3,73,86,1.0,0.3956267,0.6043733,2.1730177,8.249797,0.85970384,4.9859567,5.8456607,0.99711597
3,50,347,1.0,0.3956267,0.6043733,3.2885687,5.4350133,1.3010455,3.2847767,4.585822,0.9899075
3,6,105,1.0,0.3956267,0.6043733,1.4257995,-3.2351086,0.56408435,-1.9552132,-1.3911288,0.1992276
3,143,418,1.0,0.3956267,0.6043733,-5.0806365,-5.5472717,-2.0100355,-3.3526227,-5.3626585,0.0046665464
3,27,224,1.0,0.3956267,0.6043733,1.0673914,5.899705,0.42228854,3.565624,3.9879127,0.98179907
3,103,385,1.0,0.3956267,0.6043733,3.6522915,-0.07675571,1.444944,-0.0463891,1.3985549,0.80195445
3,16,533,1.0,0.3956267,0.6043733,1.7886499,0.9806895,0.70763767,0.59270257,1.3003402,0.7858922
3,3,25,1.0,0.3956267,0.6043733,3.8561263,1.4612854,1.5255865,0.88316184,2.4087484,0.917492
3,196,182,1.0,0.3956267,0.6043733,-5.485685,-14.85728,-2.1702833,-8.979342,-11.149626,1.438046e-05
3,117,176,1.0,0.3956267,0.6043733,1.4941863,3.0566318,0.59114,1.8473465,2.4384866,0.91971534
3,47,198,1.0,0.3956267,0.6043733,3.2081172,5.875647,1.2692168,3.551084,4.820301,0.9920001
3,133,184,1.0,0.3956267,0.6043733,1.9508259,7.0090194,0.7717988,4.236064,5.0078626,0.99335927
3,11,322,1.0,0.3956267,0.6043733,3.7976696,1.0186689,1.5024595,0.61565626,2.118116,0.89265156
3,232,186,1.0,0.3956267,0.6043733,-0.81748295,2.9034169,-0.32341808,1.7547475,1.4313295,0.80710834
3,55,288,1.0,0.3956267,0.6043733,3.3609097,-0.72942096,1.3296655,-0.44084254,0.88882303,0.70864725
3,151,293,1.0,0.3956267,0.6043733,4.039493,6.1372037,1.5981313,3.709162,5.3072934,0.99506915
3,140,199,1.0,0.3956267,0.6043733,1.1581978,0.2339401,0.45821396,0.14138713,0.5996011,0.6455651
3,27,358,1.0,0.3956267,0.6043733,3.3707545,6.3296585,1.3335605,3.8254764,5.1590366,0.99428564
3,192,311,1.0,0.3956267,0.6043733,4.6789427,4.935568,1.8511146,2.9829254,4.83404,0.9921084
3,107,39,1.0,0.3956267,0.6043733,5.908882,5.1628594,2.3377116,3.1202943,5.458006,0.995756
3,3,159,1.0,0.3956267,0.6043733,3.4171944,-3.9184,1.3519334,-2.3681762,-1.0162429,0.2657599
3,15,499,1.0,0.3956267,0.6043733,4.763335,5.0591874,1.8845025,3.0576377,4.94214,0.9929113
3,241,293,1.0,0.3956267,0.6043733,3.334429,3.1776583,1.3191892,1.9204918,3.239681,0.9623006
3,181,198,1.0,0.3956267,0.6043733,3.3335135,7.9357176,1.3188269,4.7961354,6.1149626,0.99779534
3,426,198,1.0,0.3956267,0.6043733,3.0999672,3.2444193,1.2264298,1.9608403,3.1872702,0.96035236
3,357,184,1.0,0.3956267,0.6043733,5.4899874,9.521145,2.1719856,5.7543254,7.926311,0.99963903
3,251,132,1.0,0.3956267,0.6043733,-0.21519004,3.8070118,-0.08513492,2.300856,2.2157211,0.9016524
3,420,385,1.0,0.3956267,0.6043733,4.6307936,5.436161,1.8320656,3.2854705,5.117536,0.99404496
3,114,116,1.0,0.3956267,0.6043733,0.9261183,3.8498175,0.3663971,2.326727,2.693124,0.93661976
3,27,52,1.0,0.3956267,0.6043733,2.525452,5.60903,0.9991362,3.3899477,4.389084,0.9877401
3,99,314,1.0,0.3956267,0.6043733,4.861387,6.27264,1.9232944,3.791016,5.7143106,0.99671245
3,179,233,1.0,0.3956267,0.6043733,-2.0083804,-9.543435,-0.7945689,-5.767797,-6.562366,0.0014105473
3,11,337,1.0,0.3956267,0.6043733,2.7331853,3.3918536,1.0813211,2.0499456,3.1312666,0.9581642
3,182,37,1.0,0.3956267,0.6043733,3.0179722,7.2958627,1.1939903,4.4094243,5.6034145,0.9963283
3,114,245,1.0,0.3956267,0.6043733,3.0337806,4.6836476,1.2002445,2.8306715,4.030916,0.9825518
3,423,46,1.0,0.3956267,0.6043733,0.63101834,6.771935,0.2496477,4.0927763,4.342424,0.98716193
3,278,198,1.0,0.3956267,0.6043733,7.3071985,8.296737,2.8909228,5.014326,7.9052486,0.9996313
3,97,58,1.0,0.3956267,0.6043733,5.591389,9.641318,2.212103,5.8269553,8.039059,0.99967754
3,79,394,1.0,0.3956267,0.6043733,3.5558448,3.4884634,1.4067872,2.108334,3.5151212,0.971115
3,150,566,1.0,0.3956267,0.6043733,2.7711184,3.1782734,1.0963284,1.9208635,3.017192,0.9533448
3,69,375,1.0,0.3956267,0.6043733,5.0343766,-1.5097502,1.9917338,-0.9124527,1.0792811,0.7463579
3,15,41,1.0,0.3956267,0.6043733,1.2863688,-0.022492863,0.50892186,-0.013594085,0.49532777,0.6213607
3,53,293,1.0,0.3956267,0.6043733,4.1637783,3.4680507,1.6473018,2.095997,3.743299,0.97687167
3,107,47,1.0,0.3956267,0.6043733,5.786434,5.1132913,2.2892678,3.0903366,5.3796043,0.99541146
3,211,184,1.0,0.3956267,0.6043733,2.8373587,8.631263,1.1225349,5.2165046,6.3390393,0.99823713
3,64,435,1.0,0.3956267,0.6043733,0.11733806,-2.5549452,0.046422068,-1.5441406,-1.4977185,0.18276605
3,115,185,1.0,0.3956267,0.6043733,3.9346583,2.0275404,1.5566559,1.2253913,2.7820473,0.941698
3,230,365,1.0,0.3956267,0.6043733,-2.694318,-10.338971,-1.0659442,-6.2485976,-7.314542,0.0006653433
3,73,238,1.0,0.3956267,0.6043733,3.1934345,8.183031,1.263408,4.9456053,6.209013,0.9979929
3,107,198,1.0,0.3956267,0.6043733,5.9658117,1.3253043,2.3602343,0.8009785,3.1612127,0.9593482
3,114,315,1.0,0.3956267,0.6043733,3.7008016,-1.7400119,1.4641359,-1.0516167,0.41251922,0.60169184
3,419,359,1.0,0.3956267,0.6043733,5.5693507,8.092936,2.203384,4.891154,7.0945377,0.99917114
3,99,165,1.0,0.3956267,0.6043733,-5.5528913,-4.505378,-2.196872,-2.72293,-4.9198017,0.0072476664
3,218,566,1.0,0.3956267,0.6043733,3.0926008,5.8198714,1.2235154,3.5173748,4.74089,0.9913447
3,239,356,1.0,0.3956267,0.6043733,3.2557876,-0.91535234,1.2880765,-0.5532145,0.734862,0.6758713
3,15,174,1.0,0.3956267,0.6043733,4.06944,4.819053,1.609979,2.912507,4.522486,0.9892547
3,27,489,1.0,0.3956267,0.6043733,3.155136,6.9949894,1.2482561,4.227585,5.475841,0.9958307
3,55,87,1.0,0.3956267,0.6043733,3.8490736,4.5540056,1.5227963,2.7523193,4.2751155,0.98628044
3,107,218,1.0,0.3956267,0.6043733,4.80849,5.0343194,1.9023669,3.042608,4.944975,0.99293125
3,302,228,1.0,0.3956267,0.6043733,-1.8834112,1.6478955,-0.74512774,0.99594396,0.25081623,0.5623774
3,417,359,1.0,0.3956267,0.6043733,4.2618403,7.765001,1.6860979,4.692959,6.379057,0.99830616
3,201,88,1.0,0.3956267,0.6043733,-0.5375568,-0.6745671,-0.21267183,-0.40769032,-0.62036216,0.34969908
3,353,385,1.0,0.3956267,0.6043733,5.3177705,3.3581953,2.103852,2.0296035,4.1334553,0.9842254
3,114,253,1.0,0.3956267,0.6043733,3.42185,2.863324,1.3537751,1.7305164,3.0842915,0.9562401
3,392,198,1.0,0.3956267,0.6043733,7.859507,8.547935,3.1094308,5.1661434,8.275574,0.9997454
3,195,191,1.0,0.3956267,0.6043733,2.9447887,6.206713,1.165037,3.7511716,4.9162087,0.99272645
3,209,382,1.0,0.3956267,0.6043733,2.4332361,7.824737,0.96265316,4.729062,5.6917152,0.9966376
3,99,18,1.0,0.3956267,0.6043733,3.9789338,8.662584,1.5741724,5.2354345,6.809607,0.998898
3,107,229,1.0,0.3956267,0.6043733,3.835254,2.126798,1.5173289,1.2853798,2.8027086,0.94282204
3,27,282,1.0,0.3956267,0.6043733,0.51070327,6.001856,0.20204784,3.6273613,3.8294091,0.9787394
3,308,198,1.0,0.3956267,0.6043733,7.440533,8.468588,2.9436736,5.1181884,8.061862,0.9996848
3,16,519,1.0,0.3956267,0.6043733,0.7011097,-0.5637554,0.27737772,-0.3407187,-0.06334096,0.48417002
3,183,483,1.0,0.3956267,0.6043733,0.8565987,7.803519,0.3388933,4.716238,5.0551314,0.9936639
3,107,521,1.0,0.3956267,0.6043733,6.709688,5.742595,2.6545317,3.4706712,6.125203,0.99781775
3,86,347,1.0,0.3956267,0.6043733,2.0805018,-0.39953583,0.82310206,-0.24146879,0.58163327,0.64144313
3,107,463,1.0,0.3956267,0.6043733,7.2407846,6.051931,2.8646476,3.6576252,6.522273,0.9985318
3,107,470,1.0,0.3956267,0.6043733,4.3158097,6.382647,1.7074496,3.8575013,5.564951,0.9961849
3,55,263,1.0,0.3956267,0.6043733,3.44843,-3.0671148,1.364291,-1.8536823,-0.48939133,0.38003698
3,38,198,1.0,0.3956267,0.6043733,2.9179993,5.945081,1.1544384,3.5930483,4.7474866,0.99140114
3,62,80,1.0,0.3956267,0.6043733,2.01552,-2.445319,0.79739356,-1.4778854,-0.6804918,0.33615154
3,57,347,1.0,0.3956267,0.6043733,3.3782635,0.26653057,1.3365312,0.16108395,1.4976151,0.8172185
3,84,87,1.0,0.3956267,0.6043733,3.2330894,3.5380747,1.2790965,2.1383178,3.4174142,0.9682444
3,10,207,1.0,0.3956267,0.6043733,4.372854,6.3921676,1.7300179,3.8632553,5.593273,0.99629104
3,55,89,1.0,0.3956267,0.6043733,2.0998569,4.6408505,0.8307594,2.804806,3.6355653,0.9743085
3,79,285,1.0,0.3956267,0.6043733,5.256728,7.184285,2.079702,4.34199,6.421692,0.9983767
3,79,501,1.0,0.3956267,0.6043733,-1.9204482,4.570948,-0.7597806,2.762559,2.0027783,0.88108844
3,427,58,1.0,0.3956267,0.6043733,7.4088516,9.848287,2.9311395,5.952041,8.883181,0.99986124
3,88,46,1.0,0.3956267,0.6043733,1.0842725,5.007879,0.42896715,3.026628,3.4555953,0.96939754
3,27,191,1.0,0.3956267,0.6043733,2.4919217,5.2861953,0.9858707,3.1948352,4.180706,0.98494244
3,112,324,1.0,0.3956267,0.6043733,0.09539248,-5.666158,0.037739813,-3.4244745,-3.3867347,0.03271262
3,84,176,1.0,0.3956267,0.6043733,4.1850605,7.778364,1.6557217,4.7010355,6.356757,0.998268
3,26,147,1.0,0.3956267,0.6043733,-0.65919596,-4.315718,-0.2607955,-2.6083047,-2.8691003,0.05370235
3,136,347,1.0,0.3956267,0.6043733,3.5708363,4.67036,1.4127182,2.822641,4.235359,0.9857319
3,162,198,1.0,0.3956267,0.6043733,6.7535667,8.418288,2.6718912,5.0877886,7.75968,0.9995735
3,201,113,1.0,0.3956267,0.6043733,-1.9571159,-12.724207,-0.7742873,-7.690171,-8.464458,0.00021078555
3,16,192,1.0,0.3956267,0.6043733,3.0537665,5.182973,1.2081516,3.1324503,4.340602,0.9871388
3,412,147,1.0,0.3956267,0.6043733,1.4993529,-11.349375,0.59318405,-6.8592587,-6.2660747,0.0018960689
3,361,151,1.0,0.3956267,0.6043733,-1.2863747,-3.595599,-0.5089242,-2.173084,-2.6820083,0.06404339
3,422,184,1.0,0.3956267,0.6043733,4.507055,9.469269,1.7831112,5.722973,7.506084,0.9994506
3,52,143,1.0,0.3956267,0.6043733,2.4132774,4.8500156,0.954757,2.9312198,3.8859768,0.9798852
3,69,55,1.0,0.3956267,0.6043733,4.7845335,1.755065,1.8928891,1.0607144,2.9536035,0.9504335
3,313,198,1.0,0.3956267,0.6043733,7.268757,7.811901,2.8757143,4.7213044,7.5970187,0.99949825
3,3,556,1.0,0.3956267,0.6043733,1.339758,6.37763,0.530044,3.8544693,4.3845134,0.9876846
3,199,95,1.0,0.3956267,0.6043733,4.718963,9.591113,1.8669478,5.7966123,7.66356,0.99953055
3,140,81,1.0,0.3956267,0.6043733,1.1592563,3.1686285,0.45863277,1.9150344,2.3736672,0.9147971
3,27,287,1.0,0.3956267,0.6043733,4.3139353,5.4295745,1.706708,3.2814896,4.9881973,0.99322826
3,39,320,1.0,0.3956267,0.6043733,4.925394,8.307035,1.9486173,5.0205503,6.9691677,0.99906045
3,55,257,1.0,0.3956267,0.6043733,1.8115188,0.23722178,0.7166852,0.14337051,0.8600557,0.7026723
3,222,385,1.0,0.3956267,0.6043733,4.5663176,3.039943,1.8065572,1.8372602,3.6438174,0.9745141
3,330,383,1.0,0.3956267,0.6043733,1.7378227,3.6041296,0.687529,2.1782396,2.8657687,0.9461281
3,11,324,1.0,0.3956267,0.6043733,3.888903,3.3263185,1.5385538,2.010338,3.548892,0.9720473
3,112,347,1.0,0.3956267,0.6043733,1.9030447,-2.6471107,0.7528953,-1.599843,-0.8469477,0.30007353
3,30,296,1.0,0.3956267,0.6043733,-4.2500877,0.16620284,-1.6814481,0.100448556,-1.5809995,0.17065397
3,99,176,1.0,0.3956267,0.6043733,6.185909,0.752994,2.4473107,0.45508945,2.9024,0.9479649
3,115,218,1.0,0.3956267,0.6043733,4.262081,3.9317532,1.6861931,2.3762465,4.0624394,0.983084
3,259,347,1.0,0.3956267,0.6043733,4.9207883,1.8412079,1.9467952,1.1127769,3.0595722,0.955194
3,201,341,1.0,0.3956267,0.6043733,0.4591151,0.18534246,0.18163818,0.11201603,0.2936542,0.5728905
3,11,222,1.0,0.3956267,0.6043733,4.018282,6.2222276,1.5897396,3.760548,5.3502874,0.9952756
3,199,460,1.0,0.3956267,0.6043733,2.7097895,7.8916125,1.0720651,4.7694798,5.841545,0.9971041
3,248,100,1.0,0.3956267,0.6043733,-0.54197246,-1.4119246,-0.21441877,-0.8533295,-1.0677483,0.2558315
3,69,0,1.0,0.3956267,0.6043733,4.6766524,8.089966,1.8502085,4.889359,6.7395678,0.9988182
3,15,378,1.0,0.3956267,0.6043733,5.5712237,5.864926,2.204125,3.5446045,5.7487297,0.9968233
3,280,198,1.0,0.3956267,0.6043733,6.213067,6.982531,2.4580553,4.220055,6.67811,0.9987435
3,247,84,1.0,0.3956267,0.6043733,0.6190507,0.2291398,0.24491298,0.13848597,0.38339895,0.59469265
3,107,319,1.0,0.3956267,0.6043733,6.392362,5.4738064,2.528989,3.3082223,5.8372116,0.99709153
3,27,63,1.0,0.3956267,0.6043733,2.170546,0.8588731,0.85872597,0.51908,1.377806,0.7986384
3,30,87,1.0,0.3956267,0.6043733,4.4687123,7.043306,1.7679418,4.256786,6.024728,0.9975877
3,92,363,1.0,0.3956267,0.6043733,2.6823387,8.250617,1.0612048,4.9864526,6.0476575,0.9976421
3,107,290,1.0,0.3956267,0.6043733,7.114363,8.364795,2.814632,5.0554585,7.8700905,0.9996182
3,55,216,1.0,0.3956267,0.6043733,2.365135,-4.7099686,0.93571055,-2.846579,-1.9108685,0.12888332
3,114,379,1.0,0.3956267,0.6043733,1.8484944,1.626091,0.7313137,0.982766,1.7140796,0.8473647
3,235,331,1.0,0.3956267,0.6043733,-0.7750128,3.6450074,-0.30661574,2.202945,1.8963293,0.86947554
3,178,286,1.0,0.3956267,0.6043733,1.9268881,1.9448375,0.7623284,1.1754078,1.9377362,0.87410325
3,16,328,1.0,0.3956267,0.6043733,2.7338078,3.3645344,1.0815673,2.0334346,3.115002,0.9575074
3,251,80,1.0,0.3956267,0.6043733,-1.144839,-5.533321,-0.4529289,-3.3441913,-3.79712,0.021942994
3,27,502,1.0,0.3956267,0.6043733,3.9769337,5.5344977,1.5733812,3.3449025,4.9182835,0.99274135
3,27,106,1.0,0.3956267,0.6043733,0.6949305,5.6354747,0.27493304,3.4059303,3.6808634,0.97541827
3,356,359,1.0,0.3956267,0.6043733,5.7312,9.342687,2.2674158,5.64647,7.913886,0.9996345
3,195,137,1.0,0.3956267,0.6043733,1.7943139,-1.115837,0.7098785,-0.67438203,0.035496473,0.50887316
3,88,198,1.0,0.3956267,0.6043733,2.9468834,3.2560449,1.1658658,1.9678665,3.1337323,0.958263
3,11,269,1.0,0.3956267,0.6043733,2.7866313,4.8653703,1.1024657,2.9404998,4.0429654,0.9827572
3,163,172,1.0,0.3956267,0.6043733,-2.490814,7.0652294,-0.9854325,4.2700357,3.284603,0.9638968
3,329,383,1.0,0.3956267,0.6043733,1.5622765,3.6041305,0.6180783,2.17824,2.7963183,0.9424766
3,107,154,1.0,0.3956267,0.6043733,4.834802,5.8583093,1.9127768,3.5406055,5.4533825,0.9957365
3,195,18,1.0,0.3956267,0.6043733,5.127838,10.112447,2.0287097,6.1116924,8.140402,0.9997086
3,115,7,1.0,0.3956267,0.6043733,1.9231883,7.416042,0.7608646,4.4820576,5.2429223,0.994743
3,374,477,1.0,0.3956267,0.6043733,1.0188154,4.2617197,0.40307057,2.5756695,2.9787402,0.9516044
3,102,198,1.0,0.3956267,0.6043733,3.0042253,2.8693082,1.1885517,1.7341332,2.922685,0.94895655
3,15,386,1.0,0.3956267,0.6043733,4.164732,-0.69386804,1.6476791,-0.4193553,1.2283238,0.77352506
3,232,150,1.0,0.3956267,0.6043733,-0.9289525,0.7399546,-0.36751842,0.4472088,0.07969037,0.519912
3,27,550,1.0,0.3956267,0.6043733,-5.600086,5.927093,-2.2155435,3.5821767,1.3666332,0.79683566
3,312,198,1.0,0.3956267,0.6043733,6.937948,8.674212,2.7448375,5.242462,7.9873,0.9996604
3,87,171,1.0,0.3956267,0.6043733,2.941954,0.56660247,1.1639155,0.34243938,1.5063549,0.8185204
3,16,402,1.0,0.3956267,0.6043733,5.411952,-0.19753954,2.1411126,-0.11938762,2.021725,0.88305926
3,55,385,1.0,0.3956267,0.6043733,2.6233256,2.9089787,1.0378577,1.758109,2.7959666,0.9424575
3,107,185,1.0,0.3956267,0.6043733,6.1462893,2.5861118,2.431636,1.5629768,3.994613,0.98191833
3,24,132,1.0,0.3956267,0.6043733,-0.37800872,1.971511,-0.14955035,1.1915286,1.0419782,0.7392315
3,27,284,1.0,0.3956267,0.6043733,1.9171349,6.6544003,0.75846976,4.021742,4.7802114,0.9916756
3,55,569,1.0,0.3956267,0.6043733,1.7039112,-1.7489549,0.67411274,-1.0570216,-0.38290888,0.4054255
3,107,471,1.0,0.3956267,0.6043733,3.5716984,6.5741363,1.4130592,3.9732323,5.3862915,0.9954419
3,403,198,1.0,0.3956267,0.6043733,8.025359,8.679866,3.1750462,5.245879,8.420925,0.9997799
3,423,385,1.0,0.3956267,0.6043733,5.1405644,7.2477455,2.0337446,4.380344,6.4140882,0.9983644
3,400,198,1.0,0.3956267,0.6043733,6.287962,7.426786,2.4876857,4.488551,6.976237,0.9990671
3,107,479,1.0,0.3956267,0.6043733,4.1031775,4.0595493,1.6233265,2.453483,4.07681,0.9833214
3,16,190,1.0,0.3956267,0.6043733,2.3105423,5.2038236,0.9141122,3.145052,4.059164,0.98302954
3,199,423,1.0,0.3956267,0.6043733,3.8812368,2.1596565,1.5355209,1.3052387,2.8407598,0.94483906
3,191,424,1.0,0.3956267,0.6043733,5.591735,7.332703,2.2122395,4.4316897,6.6439295,0.9986998
3,105,115,1.0,0.3956267,0.6043733,-2.296295,-3.3604395,-0.9084756,-2.0309598,-2.9394355,0.050238203
3,115,226,1.0,0.3956267,0.6043733,3.5812457,3.3059442,1.4168364,1.9980243,3.4148607,0.9681657
3,405,198,1.0,0.3956267,0.6043733,7.95933,8.735201,3.1489234,5.279322,8.428246,0.9997814
3,69,474,1.0,0.3956267,0.6043733,5.0044994,5.750006,1.9799136,3.47515,5.455064,0.9957436
3,257,54,1.0,0.3956267,0.6043733,-0.12651803,-4.4705505,-0.05005391,-2.7018812,-2.751935,0.05997746
3,79,458,1.0,0.3956267,0.6043733,3.246219,6.735778,1.2842909,4.0709243,5.355215,0.9952988
3,107,79,1.0,0.3956267,0.6043733,5.7868166,6.291947,2.2894192,3.8026845,6.092104,0.99774444
3,169,123,1.0,0.3956267,0.6043733,2.0410664,-0.047936954,0.80750036,-0.028971814,0.7785286,0.6853629
3,79,293,1.0,0.3956267,0.6043733,8.297239,5.2621565,3.2826095,3.1803067,6.4629164,0.99844223
3,27,87,1.0,0.3956267,0.6043733,4.873186,4.4603467,1.9279625,2.6957142,4.623677,0.9902788
3,107,352,1.0,0.3956267,0.6043733,5.7418203,4.633229,2.2716174,2.8001997,5.0718174,0.9937681
3,27,62,1.0,0.3956267,0.6043733,1.5060052,1.6423788,0.59581584,0.99260986,1.5884256,0.8303945
3,64,570,1.0,0.3956267,0.6043733,2.3436687,7.478273,0.9272179,4.519668,5.446886,0.9957088
3,25,198,1.0,0.3956267,0.6043733,2.2684395,-0.3591505,0.8974552,-0.21706097,0.68039423,0.6638267
3,269,87,1.0,0.3956267,0.6043733,7.2903953,8.644565,2.884275,5.224544,8.108819,0.99969923
3,79,289,1.0,0.3956267,0.6043733,0.7625396,6.2447925,0.30168104,3.7741857,4.0758667,0.9833059
3,117,2,1.0,0.3956267,0.6043733,-3.3068368,-5.906231,-1.308273,-3.5695682,-4.877841,0.0075559076
3,107,217,1.0,0.3956267,0.6043733,6.6286683,-0.13952234,2.6224782,-0.08432358,2.5381546,0.9267737
3,84,218,1.0,0.3956267,0.6043733,3.10131,7.0227695,1.226961,4.2443743,5.4713354,0.995812
3,183,314,1.0,0.3956267,0.6043733,2.1679327,6.6123834,0.85769206,3.996348,4.85404,0.99226356
3,69,137,1.0,0.3956267,0.6043733,2.070905,6.565081,0.8193053,3.9677596,4.787065,0.991732
3,27,288,1.0,0.3956267,0.6043733,2.6690452,5.160741,1.0559455,3.1190138,4.174959,0.98485696
3,27,493,1.0,0.3956267,0.6043733,2.110911,4.88075,0.8351327,2.949795,3.7849278,0.97779375
3,27,409,1.0,0.3956267,0.6043733,1.1430446,5.2059846,0.45221895,3.146358,3.598577,0.9733662
3,107,321,1.0,0.3956267,0.6043733,4.05216,2.40245,1.6031426,1.4519767,3.0551193,0.955003
3,11,427,1.0,0.3956267,0.6043733,1.6533072,0.58447415,0.6540925,0.35324055,1.007333,0.7324979
3,3,277,1.0,0.3956267,0.6043733,5.151042,7.3207555,2.0378897,4.424469,6.4623585,0.9984413
3,79,341,1.0,0.3956267,0.6043733,-1.1761452,0.12782803,-0.46531445,0.077255845,-0.3880586,0.40418473
3,16,555,1.0,0.3956267,0.6043733,2.1026547,2.196982,0.8318663,1.3277972,2.1596634,0.89656836
3,27,227,1.0,0.3956267,0.6043733,3.1808798,6.4533696,1.258441,3.9002442,5.158685,0.9942836
3,72,452,1.0,0.3956267,0.6043733,-5.0571485,-9.657666,-2.000743,-5.8368354,-7.8375783,0.0003944679
3,164,566,1.0,0.3956267,0.6043733,4.0216665,6.947824,1.5910786,4.199079,5.790158,0.9969518
3,114,304,1.0,0.3956267,0.6043733,3.58017,-0.58049196,1.4164108,-0.35083383,1.065577,0.74375486
3,140,54,1.0,0.3956267,0.6043733,-0.3365519,0.82010216,-0.13314892,0.49564782,0.36249888,0.5896452
3,266,270,1.0,0.3956267,0.6043733,-0.6928164,-1.7039691,-0.27409664,-1.0298334,-1.30393,0.21350434
3,59,347,1.0,0.3956267,0.6043733,4.7315946,7.44611,1.8719451,4.50023,6.372175,0.99829453
3,37,85,1.0,0.3956267,0.6043733,3.6891837,7.1173015,1.4595395,4.301507,5.7610464,0.99686205
3,107,477,1.0,0.3956267,0.6043733,7.305898,4.4176393,2.8904083,2.669903,5.5603113,0.9961671
3,194,390,1.0,0.3956267,0.6043733,1.069261,0.099108756,0.42302817,0.059898682,0.48292685,0.6184388
3,7,293,1.0,0.3956267,0.6043733,1.3320866,3.6913302,0.527009,2.2309413,2.7579503,0.9403608
3,140,162,1.0,0.3956267,0.6043733,1.7063681,0.029984139,0.67508477,0.018121613,0.69320637,0.6666798
3,79,223,1.0,0.3956267,0.6043733,3.7208042,7.35795,1.4720495,4.4469485,5.918998,0.9973193
3,16,148,1.0,0.3956267,0.6043733,5.1864004,6.2721252,2.0518785,3.790705,5.8425837,0.9971071
3,27,105,1.0,0.3956267,0.6043733,2.8078496,5.194481,1.1108602,3.1394055,4.2502656,0.9859401
3,30,309,1.0,0.3956267,0.6043733,1.7614907,6.7302847,0.69689274,4.067604,4.764497,0.99154496
3,107,414,1.0,0.3956267,0.6043733,6.623274,6.768025,2.620344,4.0904136,6.7107573,0.99878377
3,40,406,1.0,0.3956267,0.6043733,-0.12890372,-13.468761,-0.050997753,-8.14016,-8.191157,0.00027701625
3,27,360,1.0,0.3956267,0.6043733,3.6756835,1.3385386,1.4541985,0.808977,2.2631755,0.905781
3,250,198,1.0,0.3956267,0.6043733,2.272098,-4.4446597,0.89890265,-2.6862335,-1.7873309,0.14340027
3,410,242,1.0,0.3956267,0.6043733,-1.1132988,-14.880301,-0.44045073,-8.993257,-9.433707,7.997575e-05
3,56,167,0.0,0.3956267,0.6043733,-8.816635,-17.928747,-3.4880962,-10.835655,-14.323751,6.015525e-07
3,232,3,0.0,0.3956267,0.6043733,-3.6908886,-13.305249,-1.460214,-8.041337,-9.501551,7.473027e-05
3,186,110,0.0,0.3956267,0.6043733,1.4221096,5.7166657,0.5626245,3.455,4.0176244,0.9823224
3,348,153,0.0,0.3956267,0.6043733,-6.0661316,-18.54297,-2.3999236,-11.206876,-13.606799,1.2320879e-06
3,203,336,0.0,0.3956267,0.6043733,-2.203571,-8.113332,-0.87179154,-4.903481,-5.7752724,0.0030937514
3,373,118,0.0,0.3956267,0.6043733,-1.4402746,-13.5541525,-0.5698111,-8.191768,-8.761579,0.00015661262
3,82,423,0.0,0.3956267,0.6043733,-1.7481464,-13.766472,-0.6916134,-8.320087,-9.011701,0.00012195937
3,78,127,0.0,0.3956267,0.6043733,-5.5080433,-8.623384,-2.179129,-5.2117434,-7.390872,0.0006164775
3,384,174,0.0,0.3956267,0.6043733,-3.3228767,-9.250773,-1.3146187,-5.5909204,-6.905539,0.0010012153
3,302,554,0.0,0.3956267,0.6043733,-11.655582,-19.049555,-4.6112595,-11.5130415,-16.124302,9.938129e-08
3,205,464,0.0,0.3956267,0.6043733,-3.42563,-9.577555,-1.3552707,-5.7884183,-7.143689,0.00078920956
3,221,460,0.0,0.3956267,0.6043733,-3.5149138,-13.14911,-1.3905938,-7.9469705,-9.337564,8.804588e-05
3,362,90,0.0,0.3956267,0.6043733,-4.81407,-13.364318,-1.9045746,-8.077037,-9.981611,4.6240362e-05
3,48,109,0.0,0.3956267,0.6043733,0.31438646,-9.374179,0.12437967,-5.665503,-5.5411234,0.0039067953
3,310,531,0.0,0.3956267,0.6043733,-12.25426,-15.299614,-4.8481126,-9.246677,-14.0947895,7.563283e-07
3,296,295,0.0,0.3956267,0.6043733,-6.04519,-13.106755,-2.3916385,-7.9213724,-10.313011,3.3197222e-05
3,246,427,0.0,0.3956267,0.6043733,-3.7274382,-7.6173224,-1.4746741,-4.6037064,-6.0783806,0.0022866444
3,394,213,0.0,0.3956267,0.6043733,-4.40192,-17.39094,-1.741517,-10.510619,-12.252136,4.774883e-06
3,343,133,0.0,0.3956267,0.6043733,-8.410581,-13.673717,-3.3274503,-8.264029,-11.591478,9.244446e-06
3,245,190,0.0,0.3956267,0.6043733,-5.4494457,-15.710708,-2.1559463,-9.4951315,-11.651077,8.709589e-06
3,54,457,0.0,0.3956267,0.6043733,-3.782664,-17.920708,-1.4965229,-10.830797,-12.32732,4.429054e-06
3,60,262,0.0,0.3956267,0.6043733,-14.347634,-19.297369,-5.676307,-11.662814,-17.33912,2.9492766e-08
3,401,386,0.0,0.3956267,0.6043733,-12.345508,-17.116407,-4.8842125,-10.344699,-15.228911,2.4331433e-07
3,153,358,0.0,0.3956267,0.6043733,-8.756819,-11.808671,-3.4644313,-7.136845,-10.601276,2.4883608e-05
3,183,158,0.0,0.3956267,0.6043733,0.9657863,2.9317615,0.38209084,1.7718784,2.1539693,0.8960391
3,49,267,0.0,0.3956267,0.6043733,-2.760786,-18.009607,-1.0922407,-10.884525,-11.976766,6.2886006e-06
3,160,52,0.0,0.3956267,0.6043733,-4.141566,-14.3415,-1.638514,-8.66762,-10.306133,3.3426328e-05
3,186,225,0.0,0.3956267,0.6043733,-3.8706627,-10.2364645,-1.5313375,-6.1866455,-7.7179832,0.00044455897
3,190,188,0.0,0.3956267,0.6043733,-2.9749756,-12.946443,-1.1769798,-7.824484,-9.001464,0.0001232141
3,100,126,0.0,0.3956267,0.6043733,2.2366364,3.1608794,0.8848731,1.910351,2.7952242,0.9424172
3,16,315,0.0,0.3956267,0.6043733,-5.1605725,3.3736737,-2.0416603,2.0389583,-0.0027019978,0.49932453
3,52,287,0.0,0.3956267,0.6043733,-4.4230843,-14.814655,-1.7498902,-8.953582,-10.703472,2.2466289e-05
3,336,480,0.0,0.3956267,0.6043733,-7.0475473,-16.223955,-2.7881978,-9.805325,-12.593522,3.3939184e-06
3,143,571,0.0,0.3956267,0.6043733,-3.8668313,-8.97483,-1.5298216,-5.424147,-6.953969,0.000953927
3,299,92,0.0,0.3956267,0.6043733,-8.029538,-10.532489,-3.1766996,-6.365555,-9.542254,7.1749746e-05
3,210,124,0.0,0.3956267,0.6043733,-2.2693174,-16.325018,-0.89780253,-9.866405,-10.764207,2.1142443e-05
3,219,2,0.0,0.3956267,0.6043733,-4.9209113,-13.256961,-1.9468439,-8.012153,-9.958997,4.7297926e-05
3,426,82,0.0,0.3956267,0.6043733,-3.4585514,-13.501431,-1.3682953,-8.1599045,-9.5282,7.2765186e-05
3,308,68,0.0,0.3956267,0.6043733,-11.536095,-18.825594,-4.563987,-11.377686,-15.941672,1.1929428e-07
3,80,15,0.0,0.3956267,0.6043733,0.14343427,-5.9921675,0.056746427,-3.621506,-3.5647595,0.027524738
3,225,202,0.0,0.3956267,0.6043733,-2.3067162,-10.119968,-0.9125985,-6.1162386,-7.028837,0.0008851772
3,369,528,0.0,0.3956267,0.6043733,-12.123331,-11.030103,-4.7963133,-6.6662993,-11.462612,1.0515894e-05
3,196,517,0.0,0.3956267,0.6043733,-3.8189526,-16.055895,-1.5108795,-9.703753,-11.214633,1.3475378e-05
3,257,428,0.0,0.3956267,0.6043733,-2.0834153,-1.7297225,-0.8242547,-1.045398,-1.8696527,0.1335819
3,336,231,0.0,0.3956267,0.6043733,-3.1655962,-14.779638,-1.2523943,-8.932419,-10.1848135,3.773769e-05
3,352,57,0.0,0.3956267,0.6043733,-5.403691,-12.511032,-2.1378443,-7.5613337,-9.699178,6.1330145e-05
3,270,511,0.0,0.3956267,0.6043733,-14.983553,-14.851572,-5.9278936,-8.975893,-14.903787,3.3679646e-07
3,367,140,0.0,0.3956267,0.6043733,-1.3388039,-11.057421,-0.52966654,-6.68281,-7.2124763,0.0007367858
3,169,10,0.0,0.3956267,0.6043733,0.022921275,-2.5396602,0.009068268,-1.5349028,-1.5258346,0.17860396
3,331,425,0.0,0.3956267,0.6043733,-1.6267946,-10.16105,-0.6436034,-6.141067,-6.7846704,0.0011297028
3,302,469,0.0,0.3956267,0.6043733,-10.201534,-11.923136,-4.0359993,-7.2060246,-11.242023,1.3111292e-05
3,346,138,0.0,0.3956267,0.6043733,-12.281074,-9.939886,-4.8587203,-6.0074015,-10.866121,1.9093924e-05
3,343,531,0.0,0.3956267,0.6043733,-10.328615,-16.541311,-4.086276,-9.997127,-14.083403,7.649898e-07
3,137,264,0.0,0.3956267,0.6043733,-2.6186018,-10.170594,-1.0359888,-6.1468353,-7.182824,0.0007589434
3,27,133,0.0,0.3956267,0.6043733,-0.07614522,1.3217705,-0.03012508,0.7988428,0.7687177,0.68324345
3,154,10,0.0,0.3956267,0.6043733,-4.180313,-8.519072,-1.6538434,-5.1486993,-6.8025427,0.0011097139
3,217,125,0.0,0.3956267,0.6043733,-5.084721,-12.394801,-2.0116513,-7.4910865,-9.502738,7.464159e-05
3,142,327,0.0,0.3956267,0.6043733,-3.5515165,-6.834232,-1.4050747,-4.130427,-5.5355015,0.0039287345
3,53,99,0.0,0.3956267,0.6043733,-5.8189163,-17.903322,-2.3021185,-10.82029,-13.122408,1.999907e-06
3,380,244,0.0,0.3956267,0.6043733,-3.0176096,-12.473144,-1.193847,-7.5384345,-8.732282,0.00016126799
3,70,497,0.0,0.3956267,0.6043733,0.69423413,-5.802571,0.27465755,-3.5069187,-3.2322612,0.037969563
3,239,203,0.0,0.3956267,0.6043733,0.9842468,-4.398285,0.3893943,-2.6582057,-2.2688115,0.09373914
3,32,205,0.0,0.3956267,0.6043733,-1.8736503,-5.2616763,-0.7412661,-3.1800165,-3.9212825,0.019430634
3,34,366,0.0,0.3956267,0.6043733,-6.910301,-17.131643,-2.7338996,-10.353908,-13.087807,2.0703171e-06
3,100,204,0.0,0.3956267,0.6043733,-4.4180684,-19.695229,-1.7479059,-11.90327,-13.6511755,1.1786078e-06
3,147,273,0.0,0.3956267,0.6043733,-1.1521387,-15.239612,-0.45581684,-9.210414,-9.666231,6.338429e-05
3,369,457,0.0,0.3956267,0.6043733,-8.8674755,-17.04143,-3.50821,-10.299384,-13.807594,1.0079467e-06
3,115,327,0.0,0.3956267,0.6043733,-1.3291858,-3.099673,-0.5258614,-1.8733596,-2.399221,0.08323212
3,188,485,0.0,0.3956267,0.6043733,-2.470909,-5.5883975,-0.9775576,-3.3774781,-4.355036,0.012679156
3,180,32,0.0,0.3956267,0.6043733,-3.973433,-14.564816,-1.5719962,-8.802586,-10.374582,3.121495e-05
3,125,69,0.0,0.3956267,0.6043733,-5.8623466,-13.528122,-2.319301,-8.176035,-10.495336,2.7664424e-05
3,51,203,0.0,0.3956267,0.6043733,-7.545776,-14.709741,-2.9853103,-8.890174,-11.875484,6.9588846e-06
3,255,461,0.0,0.3956267,0.6043733,-10.610645,-19.324938,-4.1978545,-11.679476,-15.877331,1.2722218e-07
3,334,158,0.0,0.3956267,0.6043733,-5.286238,-7.0703216,-2.091377,-4.2731133,-6.3644905,0.0017186595
3,235,278,0.0,0.3956267,0.6043733,-1.5082552,-11.031323,-0.59670603,-6.667037,-7.263743,0.00069999095
3,290,224,0.0,0.3956267,0.6043733,-1.7153298,-10.589358,-0.67863023,-6.399925,-7.0785556,0.00084227993
3,135,136,0.0,0.3956267,0.6043733,0.5012283,-15.124043,0.19829929,-9.140568,-8.942268,0.00013072704
3,344,105,0.0,0.3956267,0.6043733,-5.2187843,-3.5248108,-2.0646904,-2.1303015,-4.194992,0.0148471035
3,8,132,0.0,0.3956267,0.6043733,-1.4613264,-0.94565725,-0.5781397,-0.57153,-1.1496696,0.24054943
3,32,147,0.0,0.3956267,0.6043733,-5.72388,-16.735851,-2.2645197,-10.114701,-12.379221,4.2050465e-06
3,51,145,0.0,0.3956267,0.6043733,-4.563342,-5.8862047,-1.80538,-3.5574648,-5.362845,0.0046656807
3,180,93,0.0,0.3956267,0.6043733,-6.240947,-17.43754,-2.4690852,-10.538783,-13.007868,2.2426102e-06
3,174,487,0.0,0.3956267,0.6043733,-3.7169602,-12.6463785,-1.4705287,-7.643133,-9.113662,0.0001101385
3,237,103,0.0,0.3956267,0.6043733,-5.867754,-15.740141,-2.3214402,-9.51292,-11.83436,7.251028e-06
3,109,43,0.0,0.3956267,0.6043733,-6.412648,-18.106882,-2.5370147,-10.9433155,-13.48033,1.3981901e-06
3,411,396,0.0,0.3956267,0.6043733,-5.069191,-8.737927,-2.0055072,-5.2809696,-7.286477,0.0006842675
3,87,389,0.0,0.3956267,0.6043733,-0.841981,1.3315088,-0.33311015,0.8047283,0.47161818,0.6157667
3,75,462,0.0,0.3956267,0.6043733,-6.020096,-16.940855,-2.3817105,-10.2386,-12.62031,3.3042102e-06
3,385,139,0.0,0.3956267,0.6043733,-5.5079556,-17.604475,-2.1790943,-10.639674,-12.8187685,2.7094327e-06
3,343,312,0.0,0.3956267,0.6043733,-11.55487,-13.236865,-4.571415,-8.000008,-12.571423,3.4697566e-06
3,306,361,0.0,0.3956267,0.6043733,-9.560097,-11.863307,-3.7822294,-7.1698656,-10.952095,1.7520963e-05
3,28,185,0.0,0.3956267,0.6043733,-7.516124,-12.705066,-2.9735792,-7.678602,-10.652182,2.364863e-05
3,123,221,0.0,0.3956267,0.6043733,-2.258587,-11.502185,-0.89355725,-6.951613,-7.84517,0.00039148572
3,65,16,0.0,0.3956267,0.6043733,-5.406059,-9.117576,-2.138781,-5.510419,-7.6492,0.0004761982
3,42,218,0.0,0.3956267,0.6043733,0.2044013,-6.7609363,0.08086661,-4.086129,-4.0052624,0.017893497
3,367,271,0.0,0.3956267,0.6043733,-3.8070188,-13.385242,-1.5061582,-8.089683,-9.59584,6.800642e-05
3,133,173,0.0,0.3956267,0.6043733,-1.8051301,-1.0718983,-0.71415764,-0.64782673,-1.3619844,0.20391798
3,425,461,0.0,0.3956267,0.6043733,-12.529596,-17.396688,-4.9570427,-10.514093,-15.471136,1.9097251e-07
3,93,23,0.0,0.3956267,0.6043733,-0.2749071,-6.704155,-0.108760595,-4.051812,-4.160573,0.015359038
3,242,570,0.0,0.3956267,0.6043733,-7.4237037,-16.812595,-2.9370153,-10.161083,-13.098099,2.0491186e-06
3,402,235,0.0,0.3956267,0.6043733,-8.169613,-13.981246,-3.232117,-8.449891,-11.682008,8.444323e-06
3,200,143,0.0,0.3956267,0.6043733,-2.7690399,-5.268353,-1.0955061,-3.1840518,-4.2795577,0.013659617
3,182,376,0.0,0.3956267,0.6043733,3.5700016,5.354907,1.412388,3.2363627,4.648751,0.9905172
3,327,149,0.0,0.3956267,0.6043733,-6.6673,-11.606181,-2.6377618,-7.014466,-9.652227,6.4278094e-05
3,92,209,0.0,0.3956267,0.6043733,2.7408602,3.4208581,1.0843575,2.0674753,3.1518328,0.9589809
3,144,20,0.0,0.3956267,0.6043733,-4.0347767,-14.364312,-1.5962653,-8.681406,-10.277672,3.4391327e-05
3,220,46,0.0,0.3956267,0.6043733,1.3216715,-4.3596635,0.52288854,-2.634864,-2.1119757,0.10793829
3,313,53,0.0,0.3956267,0.6043733,-15.547581,-17.779516,-6.151038,-10.745464,-16.896503,4.5913648e-08
3,276,154,0.0,0.3956267,0.6043733,-6.264716,-4.733112,-2.478489,-2.8605664,-5.339055,0.0047774706
3,276,543,0.0,0.3956267,0.6043733,-7.813679,-17.614363,-3.0913,-10.64565,-13.73695,1.0817279e-06
3,141,12,0.0,0.3956267,0.6043733,-4.5045204,-8.798724,-1.7821085,-5.3177137,-7.099822,0.00082457135
3,213,12,0.0,0.3956267,0.6043733,-5.023758,-13.139565,-1.9875327,-7.941202,-9.928735,4.8751062e-05
3,133,271,0.0,0.3956267,0.6043733,-6.3691263,-13.240455,-2.5197964,-8.002177,-10.521974,2.6937249e-05
3,383,421,0.0,0.3956267,0.6043733,-5.37133,-13.040231,-2.1250415,-7.881167,-10.006208,4.5116907e-05
3,37,331,0.0,0.3956267,0.6043733,-2.0173147,-14.498778,-0.7981035,-8.762674,-9.560778,7.0433045e-05
3,45,189,0.0,0.3956267,0.6043733,-4.182214,-16.846796,-1.6545954,-10.181753,-11.836349,7.236624e-06
3,90,560,0.0,0.3956267,0.6043733,-1.8957711,-11.125177,-0.75001764,-6.72376,-7.473778,0.00056745706
3,303,545,0.0,0.3956267,0.6043733,-9.20306,-10.886196,-3.6409762,-6.579326,-10.220303,3.642195e-05
3,362,465,0.0,0.3956267,0.6043733,-2.4872777,-11.87744,-0.98403347,-7.1784077,-8.162441,0.00028508407
3,328,392,0.0,0.3956267,0.6043733,-1.9867965,-1.588297,-0.78602976,-0.9599243,-1.745954,0.14855823
3,152,497,0.0,0.3956267,0.6043733,-4.579181,-10.179906,-1.8116463,-6.152463,-7.9641094,0.00034760038
3,340,32,0.0,0.3956267,0.6043733,-6.4824886,-17.76341,-2.5646455,-10.73573,-13.300376,1.6738611e-06
3,35,358,0.0,0.3956267,0.6043733,-1.790038,-18.505617,-0.7081868,-11.1843,-11.892488,6.8415625e-06
3,23,61,0.0,0.3956267,0.6043733,-1.1501417,-7.4435844,-0.45502678,-4.4987035,-4.95373,0.0070075835
3,83,558,0.0,0.3956267,0.6043733,-0.9966386,-16.87919,-0.39429682,-10.201332,-10.595629,2.5024536e-05
3,94,432,0.0,0.3956267,0.6043733,0.12560141,-12.052968,0.04969127,-7.2844915,-7.2348003,0.00072053174
3,125,319,0.0,0.3956267,0.6043733,-1.6825004,-13.118993,-0.6656421,-7.9287686,-8.594411,0.00018510339
3,102,432,0.0,0.3956267,0.6043733,-4.0062847,-20.56954,-1.5849931,-12.431681,-14.016674,8.177781e-07
3,15,84,0.0,0.3956267,0.6043733,2.1805887,4.2506127,0.8626991,2.5689569,3.431656,0.9686793
3,320,574,0.0,0.3956267,0.6043733,-9.22518,-11.916049,-3.6497273,-7.2017417,-10.851469,1.9375746e-05
3,184,355,0.0,0.3956267,0.6043733,-4.0063715,-7.667772,-1.5850275,-4.6341963,-6.219224,0.0019868342
3,263,246,0.0,0.3956267,0.6043733,-5.4601555,-12.397965,-2.1601832,-7.492999,-9.653182,6.4216765e-05
3,251,218,0.0,0.3956267,0.6043733,1.7824777,4.350443,0.7051958,2.6292915,3.3344874,0.96559316
3,147,432,0.0,0.3956267,0.6043733,-3.3837936,-11.817258,-1.3387191,-7.142035,-8.480754,0.00020737926
3,4,21,0.0,0.3956267,0.6043733,-0.11357705,-2.2943022,-0.044934113,-1.3866149,-1.4315491,0.19285743
3,310,224,0.0,0.3956267,0.6043733,-10.260191,-12.312205,-4.0592055,-7.441168,-11.500374,1.0126204e-05
3,294,59,0.0,0.3956267,0.6043733,-5.2631483,-13.87227,-2.082242,-8.384029,-10.466271,2.8480245e-05
3,312,385,0.0,0.3956267,0.6043733,-2.6002064,-0.6707242,-1.0287111,-0.4053678,-1.4340789,0.19246395
3,402,385,0.0,0.3956267,0.6043733,-5.9164643,-4.1710253,-2.340711,-2.5208561,-4.8615675,0.0076789223
3,327,563,0.0,0.3956267,0.6043733,-7.967065,-12.199428,-3.1519835,-7.3730083,-10.524992,2.6856067e-05
3,166,427,0.0,0.3956267,0.6043733,-3.8192663,-11.594508,-1.5110037,-7.007411,-8.5184145,0.00019971599
3,201,177,0.0,0.3956267,0.6043733,1.1474003,-0.18901572,0.45394218,-0.11423605,0.33970612,0.58411914
3,30,124,0.0,0.3956267,0.6043733,-4.5996933,-5.997091,-1.8197614,-3.6244814,-5.444243,0.0043025184
3,299,367,0.0,0.3956267,0.6043733,-4.8950434,-13.406013,-1.9366099,-8.102236,-10.038846,4.3668235e-05
3,402,129,0.0,0.3956267,0.6043733,-10.08707,-14.196253,-3.9907143,-8.579836,-12.57055,3.472786e-06
3,347,464,0.0,0.3956267,0.6043733,-6.667565,-14.670736,-2.6378667,-8.866601,-11.504468,1.0084832e-05
3,219,1,0.0,0.3956267,0.6043733,-3.6483672,-11.042292,-1.4433914,-6.673666,-8.117058,0.0002983163
3,6,227,0.0,0.3956267,0.6043733,-8.105535,-16.02952,-3.206766,-9.687814,-12.89458,2.5116206e-06
3,318,363,0.0,0.3956267,0.6043733,-5.3251634,-17.909025,-2.1067767,-10.823736,-12.930513,2.4229716e-06
3,10,348,0.0,0.3956267,0.6043733,3.1418934,-1.4635953,1.2430168,-0.88455784,0.358459,0.58866733
3,157,470,0.0,0.3956267,0.6043733,-5.538127,-5.6835294,-2.1910307,-3.4349732,-5.626004,0.0035900085
3,41,429,0.0,0.3956267,0.6043733,-1.4039284,-10.893748,-0.55543154,-6.5838904,-7.139322,0.0007926611
3,151,146,0.0,0.3956267,0.6043733,-11.292824,-18.488352,-4.4677424,-11.173865,-15.641607,1.610409e-07
3,211,402,0.0,0.3956267,0.6043733,-2.9845414,-17.998789,-1.1807642,-10.877987,-12.058751,5.793599e-06
3,14,14,0.0,0.3956267,0.6043733,-3.526672,-8.5463915,-1.3952456,-5.1652107,-6.5604563,0.0014132399
3,406,122,0.0,0.3956267,0.6043733,-13.056173,-16.857008,-5.1653705,-10.187925,-15.353296,2.1485629e-07
3,320,232,0.0,0.3956267,0.6043733,-10.705856,-15.940469,-4.2355227,-9.633993,-13.869516,9.474257e-07
3,300,369,0.0,0.3956267,0.6043733,-3.633575,-16.236872,-1.4375392,-9.813131,-11.25067,1.2998412e-05
3,50,216,0.0,0.3956267,0.6043733,-5.8813744,-16.613607,-2.3268287,-10.04082,-12.367649,4.253989e-06
3,85,108,0.0,0.3956267,0.6043733,-4.0965767,-13.608728,-1.6207151,-8.224751,-9.845467,5.298405e-05
3,21,404,0.0,0.3956267,0.6043733,-4.463435,-17.494593,-1.7658541,-10.573264,-12.339118,4.3771074e-06
3,248,84,0.0,0.3956267,0.6043733,-0.961881,-10.8670225,-0.3805458,-6.567738,-6.9482837,0.0009593607
3,389,513,0.0,0.3956267,0.6043733,-6.4561796,-14.357198,-2.554237,-8.677107,-11.231344,1.3252061e-05
3,314,157,0.0,0.3956267,0.6043733,-9.974728,-8.295487,-3.9462686,-5.013571,-8.959839,0.00012845045
3,205,331,0.0,0.3956267,0.6043733,-1.1003107,-8.304973,-0.43531227,-5.0193033,-5.4546156,0.0042583095
3,207,335,0.0,0.3956267,0.6043733,-12.975443,-17.005537,-5.1334314,-10.277692,-15.411123,2.0278421e-07
3,53,470,0.0,0.3956267,0.6043733,-4.3608713,-16.863503,-1.7252771,-10.191851,-11.917128,6.675047e-06
3,282,527,0.0,0.3956267,0.6043733,0.14017569,-7.2534127,0.05545724,-4.383769,-4.328312,0.0130180875
3,357,346,0.0,0.3956267,0.6043733,-8.902387,-11.96693,-3.5220218,-7.232493,-10.754515,2.1348353e-05
3,88,342,0.0,0.3956267,0.6043733,-4.8505106,-7.5399604,-1.9189914,-4.5569506,-6.475942,0.0015376792
3,253,258,0.0,0.3956267,0.6043733,-4.795692,-15.922889,-1.8973037,-9.623368,-11.520672,9.922736e-06
3,177,477,0.0,0.3956267,0.6043733,-0.34002185,-11.245947,-0.13452172,-6.7967496,-6.9312716,0.000975805
3,303,429,0.0,0.3956267,0.6043733,-8.732261,-11.2254095,-3.4547155,-6.7843375,-10.239053,3.574542e-05
3,45,526,0.0,0.3956267,0.6043733,0.22132145,-14.169969,0.087560676,-8.563951,-8.47639,0.00020828606
3,351,252,0.0,0.3956267,0.6043733,-2.1276581,-12.218753,-0.8417584,-7.384688,-8.226446,0.0002674137
3,325,455,0.0,0.3956267,0.6043733,-7.8602524,-10.374425,-3.1097257,-6.2700253,-9.379751,8.4409075e-05
3,407,579,0.0,0.3956267,0.6043733,-10.640834,-7.9768863,-4.209798,-4.821017,-9.030815,0.00011965059
3,129,466,0.0,0.3956267,0.6043733,-9.255248,-15.217082,-3.6616232,-9.196797,-12.85842,2.6041012e-06
3,10,169,0.0,0.3956267,0.6043733,-2.5670123,-12.5559635,-1.0155786,-7.5884886,-8.604067,0.00018332497
3,6,550,0.0,0.3956267,0.6043733,-9.827119,-17.497137,-3.8878706,-10.574802,-14.462673,5.235288e-07
3,17,228,0.0,0.3956267,0.6043733,1.8395438,-1.3469809,0.72777265,-0.8140793,-0.08630663,0.4784367
3,67,361,0.0,0.3956267,0.6043733,1.5661095,3.0355077,0.61959475,1.8345797,2.4541745,0.92086613
3,63,38,0.0,0.3956267,0.6043733,-4.2068467,-12.750644,-1.6643409,-7.706148,-9.370489,8.5194435e-05
3,216,510,0.0,0.3956267,0.6043733,-5.0763783,-20.670872,-2.0083508,-12.492923,-14.501274,5.037052e-07
3,55,491,0.0,0.3956267,0.6043733,1.7231802,2.782358,0.68173605,1.6815828,2.363319,0.91398704
3,43,207,0.0,0.3956267,0.6043733,-2.8753397,-10.398112,-1.1375612,-6.2843413,-7.4219027,0.00059765286
3,236,229,0.0,0.3956267,0.6043733,0.51638716,-10.81922,0.20429654,-6.538847,-6.3345504,0.001770802
3,94,257,0.0,0.3956267,0.6043733,-3.2521126,0.74980783,-1.2866225,0.45316383,-0.83345866,0.30291423
3,274,197,0.0,0.3956267,0.6043733,-1.380735,-13.142486,-0.54625565,-7.942967,-8.489223,0.00020563081
3,290,313,0.0,0.3956267,0.6043733,-7.7188997,-10.410384,-3.0538027,-6.291758,-9.345561,8.7344684e-05
3,86,184,0.0,0.3956267,0.6043733,-1.5217624,-7.061626,-0.6020498,-4.267858,-4.869908,0.007615629
3,227,160,0.0,0.3956267,0.6043733,-11.997178,-16.54268,-4.7464037,-9.997954,-14.744358,3.9500853e-07
3,124,518,0.0,0.3956267,0.6043733,-4.4164076,-18.091276,-1.7472488,-10.933884,-12.681132,3.10923e-06
3,96,98,0.0,0.3956267,0.6043733,-3.4566634,-9.7738905,-1.3675483,-5.9070783,-7.2746267,0.00069241895
3,197,557,0.0,0.3956267,0.6043733,-3.1920302,-13.416436,-1.2628523,-8.108536,-9.371388,8.511787e-05
3,171,303,0.0,0.3956267,0.6043733,-3.5378458,-4.920007,-1.3996663,-2.973521,-4.373187,0.012453928
3,319,41,0.0,0.3956267,0.6043733,-4.932358,-9.920997,-1.9513724,-5.995985,-7.947357,0.00035347042
3,271,321,0.0,0.3956267,0.6043733,0.68422943,-10.940901,0.27069944,-6.612388,-6.3416886,0.0017582288
3,11,470,0.0,0.3956267,0.6043733,1.8535837,-0.5316781,0.7333272,-0.32133204,0.41199517,0.6015662
3,74,127,0.0,0.3956267,0.6043733,-6.851631,-16.916956,-2.710688,-10.224156,-12.934845,2.4124993e-06
3,255,95,0.0,0.3956267,0.6043733,-2.2341485,-13.831696,-0.8838888,-8.359508,-9.243397,9.6739044e-05
3,186,568,0.0,0.3956267,0.6043733,1.0807744,-10.232387,0.42758322,-6.184181,-5.756598,0.0031518843
3,367,39,0.0,0.3956267,0.6043733,-2.9052804,-12.742066,-1.1494064,-7.7009645,-8.85037,0.00014330809
3,423,288,0.0,0.3956267,0.6043733,-6.291368,-15.561803,-2.4890332,-9.405138,-11.894171,6.8300565e-06
3,226,222,0.0,0.3956267,0.6043733,-10.491621,-19.838518,-4.1507654,-11.98987,-16.140636,9.777112e-08
3,80,449,0.0,0.3956267,0.6043733,-0.078524485,-6.8356905,-0.031066382,-4.1313086,-4.162375,0.01533181
3,379,56,0.0,0.3956267,0.6043733,-5.355379,-4.1521444,-2.118731,-2.5094452,-4.628176,0.009677988
3,218,411,0.0,0.3956267,0.6043733,-4.055248,-18.665483,-1.6043643,-11.280919,-12.885283,2.5350785e-06
3,185,44,0.0,0.3956267,0.6043733,-3.4802132,-16.955873,-1.3768653,-10.247677,-11.624542,8.94379e-06
3,338,387,0.0,0.3956267,0.6043733,-6.0123615,-12.392131,-2.3786507,-7.489473,-9.868124,5.179713e-05
3,407,562,0.0,0.3956267,0.6043733,-10.94721,-15.577303,-4.3310084,-9.414506,-13.745514,1.0725033e-06
3,223,366,0.0,0.3956267,0.6043733,4.709647,-8.06641,1.8632622,-4.8751225,-3.0118604,0.046892926
3,176,203,0.0,0.3956267,0.6043733,-6.49813,-13.731921,-2.5708337,-8.299206,-10.870039,1.9019268e-05
3,55,580,0.0,0.3956267,0.6043733,3.4869936,2.927562,1.3795477,1.7693403,3.148888,0.95886487
3,298,365,0.0,0.3956267,0.6043733,-11.651756,-16.316877,-4.609746,-9.861485,-14.4712305,5.1906795e-07
3,106,96,0.0,0.3956267,0.6043733,-2.902362,-10.998989,-1.1482519,-6.6474953,-7.7957473,0.00041131192
3,54,23,0.0,0.3956267,0.6043733,1.8104264,-9.507703,0.716253,-5.7462015,-5.0299487,0.006496663
3,121,148,0.0,0.3956267,0.6043733,-6.4745708,-15.34537,-2.561513,-9.274332,-11.835845,7.2402686e-06
3,86,44,0.0,0.3956267,0.6043733,-11.750528,-15.924575,-4.648823,-9.624388,-14.273211,6.327369e-07
3,17,409,0.0,0.3956267,0.6043733,-2.901748,-9.105854,-1.148009,-5.503335,-6.651344,0.0012906166
3,208,177,0.0,0.3956267,0.6043733,0.25830656,-19.419962,0.10219297,-11.736906,-11.634713,8.853284e-06
3,340,552,0.0,0.3956267,0.6043733,-11.054104,-13.324773,-4.3732986,-8.053137,-12.426435,4.0111227e-06
3,111,72,0.0,0.3956267,0.6043733,-2.9625745,-14.921058,-1.1720736,-9.017888,-10.189961,3.7543923e-05
3,194,423,0.0,0.3956267,0.6043733,0.33836502,-7.8451724,0.13386624,-4.7414126,-4.6075463,0.009877725
3,52,312,0.0,0.3956267,0.6043733,-2.8526092,-15.705409,-1.1285683,-9.491929,-10.620498,2.440989e-05
3,133,285,0.0,0.3956267,0.6043733,-2.923299,-14.656908,-1.1565351,-8.858244,-10.014779,4.4731893e-05
3,283,286,0.0,0.3956267,0.6043733,2.064338,-9.477453,0.8167072,-5.7279196,-4.9112124,0.0073097292
3,183,320,0.0,0.3956267,0.6043733,1.1283907,1.8394195,0.44642147,1.111696,1.5581175,0.826083
3,297,270,0.0,0.3956267,0.6043733,-9.779911,-12.024,-3.8691938,-7.2669845,-11.136178,1.457515e-05
3,352,194,0.0,0.3956267,0.6043733,-5.066541,-10.411411,-2.004459,-6.292379,-8.296838,0.00024924177
3,415,255,0.0,0.3956267,0.6043733,-5.258274,-16.334597,-2.0803137,-9.872193,-11.952507,6.4430183e-06
3,9,76,0.0,0.3956267,0.6043733,-1.3687636,-7.114269,-0.5415194,-4.299674,-4.841193,0.007835741
3,310,61,0.0,0.3956267,0.6043733,-9.971639,-12.9388075,-3.9450464,-7.8198695,-11.764915,7.772464e-06
3,413,465,0.0,0.3956267,0.6043733,-4.019953,-13.831295,-1.5904006,-8.359265,-9.949666,4.7741294e-05
3,106,165,0.0,0.3956267,0.6043733,-4.204424,-6.3956428,-1.6633823,-3.8653555,-5.528738,0.0039552907
3,88,387,0.0,0.3956267,0.6043733,-4.3514276,-7.0757513,-1.7215409,-4.276395,-5.997936,0.0024777197
3,406,314,0.0,0.3956267,0.6043733,-8.838483,-19.510086,-3.4967399,-11.791374,-15.288115,2.2932747e-07
3,356,181,0.0,0.3956267,0.6043733,-7.809393,-7.1526666,-3.0896044,-4.3228807,-7.412485,0.0006033045
3,137,377,0.0,0.3956267,0.6043733,-4.5475945,-10.93579,-1.7991498,-6.609299,-8.408449,0.0002229257
3,290,327,0.0,0.3956267,0.6043733,0.97136605,-8.314376,0.38429832,-5.0249867,-4.6406884,0.009558799
3,222,558,0.0,0.3956267,0.6043733,-6.6918383,-9.748353,-2.6474698,-5.891644,-8.539114,0.00019562527
3,10,249,0.0,0.3956267,0.6043733,-1.8516153,-13.350421,-0.7325484,-8.068638,-8.801187,0.00015053165
3,107,278,0.0,0.3956267,0.6043733,5.8334527,0.2832976,2.3078697,0.1712175,2.479087,0.9226627
3,248,463,0.0,0.3956267,0.6043733,-4.313832,-12.676494,-1.7066671,-7.661334,-9.368001,8.540666e-05
3,332,261,0.0,0.3956267,0.6043733,-1.5117091,-17.262054,-0.59807247,-10.432724,-11.030796,1.619493e-05
3,187,517,0.0,0.3956267,0.6043733,-8.332145,-12.977328,-3.296419,-7.8431506,-11.139569,1.4525805e-05
3,293,529,0.0,0.3956267,0.6043733,-5.4212074,-16.054594,-2.1447744,-9.702968,-11.847742,7.1546415e-06
3,130,407,0.0,0.3956267,0.6043733,-2.2912521,-11.101993,-0.9064805,-6.709748,-7.616228,0.0004921533
3,166,388,0.0,0.3956267,0.6043733,-6.822463,-10.647212,-2.6991484,-6.4348903,-9.134039,0.00010791715
3,266,99,0.0,0.3956267,0.6043733,-6.4650373,-18.711008,-2.5577414,-11.308434,-13.866175,9.50597e-07
3,20,33,0.0,0.3956267,0.6043733,-5.654477,-11.561904,-2.237062,-6.9877057,-9.224768,9.855791e-05
3,107,399,0.0,0.3956267,0.6043733,3.1832187,3.0637534,1.2593663,1.8516507,3.111017,0.9573449
3,92,316,0.0,0.3956267,0.6043733,-3.9795177,-9.516214,-1.5744034,-5.7513456,-7.325749,0.00065793324
3,115,566,0.0,0.3956267,0.6043733,0.3349286,0.7381865,0.1325067,0.44614017,0.5786469,0.64075595
3,15,303,0.0,0.3956267,0.6043733,2.6032405,-0.20293432,1.0299114,-0.12264808,0.90726334,0.7124398
3,153,55,0.0,0.3956267,0.6043733,-7.567314,-14.478927,-2.9938314,-8.750676,-11.744508,7.932711e-06
3,15,191,0.0,0.3956267,0.6043733,2.6398377,-2.1303365,1.0443903,-1.2875185,-0.24312818,0.4395156
3,42,83,0.0,0.3956267,0.6043733,-3.0530176,-10.185105,-1.2078552,-6.1556053,-7.3634605,0.00063359895
3,250,433,0.0,0.3956267,0.6043733,-0.6497887,-6.0628715,-0.25707376,-3.6642375,-3.9213114,0.019430084
3,171,19,0.0,0.3956267,0.6043733,-4.565819,-14.11618,-1.8063598,-8.531443,-10.337803,3.2384352e-05
3,329,174,0.0,0.3956267,0.6043733,-2.0780056,-3.778046,-0.82211447,-2.28335,-3.1054645,0.042882416
3,228,505,0.0,0.3956267,0.6043733,0.063378856,-11.790032,0.025074366,-7.1255803,-7.100506,0.0008240081
3,104,136,0.0,0.3956267,0.6043733,-1.5439082,-9.155117,-0.6108113,-5.533108,-6.1439195,0.0021418964
3,247,400,0.0,0.3956267,0.6043733,-0.37876087,-2.537831,-0.14984791,-1.5337973,-1.6836451,0.1566134
3,222,581,0.0,0.3956267,0.6043733,-8.7367325,-16.626854,-3.4564846,-10.048826,-13.505311,1.3636954e-06
3,153,215,0.0,0.3956267,0.6043733,-10.933193,-9.637251,-4.3254633,-5.8244967,-10.14996,3.9076138e-05
3,314,200,0.0,0.3956267,0.6043733,-11.587599,-18.13782,-4.5843635,-10.962013,-15.546377,1.771308e-07
3,97,262,0.0,0.3956267,0.6043733,-14.518173,-16.538721,-5.743777,-9.995561,-15.739338,1.4604689e-07
3,221,412,0.0,0.3956267,0.6043733,-12.217726,-19.13449,-4.833658,-11.564374,-16.398033,7.5583095e-08
3,240,561,0.0,0.3956267,0.6043733,-7.075928,-9.695952,-2.799426,-5.8599744,-8.659401,0.00017345812
3,414,435,0.0,0.3956267,0.6043733,-2.0421982,-11.08476,-0.8079481,-6.6993327,-7.507281,0.00054877077
3,184,348,0.0,0.3956267,0.6043733,-0.38965875,-10.577329,-0.1541594,-6.392655,-6.5468144,0.0014326232
3,383,237,0.0,0.3956267,0.6043733,-14.661237,-16.499594,-5.8003764,-9.971913,-15.772289,1.4131288e-07
3,121,217,0.0,0.3956267,0.6043733,-12.789284,-18.851614,-5.059782,-11.393412,-16.453194,7.152679e-08
3,4,521,0.0,0.3956267,0.6043733,-9.715499,-12.270629,-3.8437107,-7.4160404,-11.259751,1.2880909e-05
3,397,410,0.0,0.3956267,0.6043733,-11.52631,-16.960772,-4.560116,-10.250637,-14.810753,3.696337e-07
3,366,545,0.0,0.3956267,0.6043733,-2.3392427,-5.812622,-0.92546684,-3.5129933,-4.4384604,0.01167617
3,175,540,0.0,0.3956267,0.6043733,-7.9499016,-16.797209,-3.1451933,-10.151784,-13.296977,1.6795601e-06
3,285,229,0.0,0.3956267,0.6043733,-3.0829952,-13.047889,-1.2197152,-7.885795,-9.105511,0.00011103982
3,191,400,0.0,0.3956267,0.6043733,-2.0248365,-16.01542,-0.8010794,-9.679293,-10.480372,2.8081473e-05
3,397,332,0.0,0.3956267,0.6043733,-14.692778,-18.767609,-5.8128552,-11.342641,-17.155497,3.543745e-08
3,399,515,0.0,0.3956267,0.6043733,-9.4852,-14.278134,-3.7525983,-8.629323,-12.381922,4.193705e-06
3,313,161,0.0,0.3956267,0.6043733,-13.460151,-15.251313,-5.325195,-9.217486,-14.542681,4.832744e-07
3,155,514,0.0,0.3956267,0.6043733,-6.5293202,-14.436807,-2.5831733,-8.72522,-11.3083935,1.2269356e-05
3,122,448,0.0,0.3956267,0.6043733,-8.027304,-9.331126,-3.1758156,-5.6394835,-8.815299,0.0001484225
3,273,120,0.0,0.3956267,0.6043733,-6.9874086,-16.553034,-2.7644055,-10.004211,-12.768617,2.8487805e-06
3,37,116,0.0,0.3956267,0.6043733,-4.9730325,-10.75857,-1.9674644,-6.502192,-8.469656,0.00020969305
3,37,351,0.0,0.3956267,0.6043733,-0.10111705,-15.052201,-0.040004604,-9.097148,-9.137153,0.00010758167
3,35,334,0.0,0.3956267,0.6043733,-2.5720668,-16.115404,-1.0175782,-9.739719,-10.7572975,2.1289026e-05
3,76,35,0.0,0.3956267,0.6043733,-0.051509727,-12.96769,-0.020378623,-7.8373256,-7.857704,0.00038661124
3,20,26,0.0,0.3956267,0.6043733,-3.6576104,-1.9628104,-1.4470483,-1.1862701,-2.6333184,0.06702464
3,1,508,0.0,0.3956267,0.6043733,-5.836257,-14.7090845,-2.308979,-8.889777,-11.198756,1.3691027e-05
3,412,13,0.0,0.3956267,0.6043733,-6.6226654,-13.45532,-2.6201031,-8.132036,-10.752139,2.1399124e-05
3,101,560,0.0,0.3956267,0.6043733,-1.778263,-8.701516,-0.7035283,-5.258964,-5.9624925,0.0025668838
3,198,177,0.0,0.3956267,0.6043733,1.611576,1.4215646,0.6375825,0.85915565,1.4967382,0.8170875
3,154,452,0.0,0.3956267,0.6043733,-3.8504412,-15.17254,-1.5233374,-9.169878,-10.693215,2.2697901e-05
3,148,449,0.0,0.3956267,0.6043733,-6.2612963,-17.394358,-2.477136,-10.512685,-12.9898205,2.2834508e-06
3,279,102,0.0,0.3956267,0.6043733,-9.9784775,-14.131246,-3.947752,-8.540547,-12.488299,3.7704992e-06
3,213,105,0.0,0.3956267,0.6043733,-1.7912123,-4.5690722,-0.7086514,-2.7614253,-3.4700766,0.030175742
3,158,280,0.0,0.3956267,0.6043733,-3.458712,-11.369854,-1.3683589,-6.871636,-8.239995,0.00026381595
3,143,441,0.0,0.3956267,0.6043733,-6.635421,-15.465485,-2.6251495,-9.346926,-11.972075,6.318165e-06
3,329,319,0.0,0.3956267,0.6043733,-2.4458668,-10.348773,-0.96765023,-6.254522,-7.2221723,0.00072968163
3,9,114,0.0,0.3956267,0.6043733,-4.9838667,-10.585521,-1.9717507,-6.397606,-8.369356,0.00023181103
3,234,427,0.0,0.3956267,0.6043733,1.594315,-5.361526,0.6307536,-3.2403631,-2.6096096,0.06852252
3,224,369,0.0,0.3956267,0.6043733,0.01607297,-9.424257,0.006358896,-5.6957693,-5.68941,0.00337019
3,233,73,0.0,0.3956267,0.6043733,-1.4525009,-8.051934,-0.57464814,-4.866374,-5.441022,0.0043163393
3,346,32,0.0,0.3956267,0.6043733,-6.8387804,-17.666632,-2.705604,-10.67724,-13.382845,1.5413584e-06
3,112,264,0.0,0.3956267,0.6043733,1.9001321,7.103813,0.75174296,4.293355,5.045098,0.99360037
3,403,252,0.0,0.3956267,0.6043733,-8.0503,-17.193241,-3.1849134,-10.391135,-13.576049,1.2705634e-06
3,44,179,0.0,0.3956267,0.6043733,-0.6485514,-20.493996,-0.25658426,-12.3860235,-12.642608,3.231349e-06
3,228,560,0.0,0.3956267,0.6043733,-9.8499155,-11.387608,-3.8968894,-6.8823657,-10.779255,2.082668e-05
3,220,549,0.0,0.3956267,0.6043733,-9.436673,-22.877138,-3.7333999,-13.826331,-17.55973,2.3654074e-08
3,211,211,0.0,0.3956267,0.6043733,-5.7384152,-10.190697,-2.2702703,-6.1589847,-8.429255,0.00021833656
3,305,370,0.0,0.3956267,0.6043733,-15.536251,-19.769024,-6.1465554,-11.947869,-18.094425,1.3857695e-08
3,256,421,0.0,0.3956267,0.6043733,-1.5351299,-4.6343684,-0.60733837,-2.8008885,-3.408227,0.032039337
3,390,244,0.0,0.3956267,0.6043733,-1.1259242,-12.72301,-0.4454457,-7.6894474,-8.134893,0.00029304437
3,402,362,0.0,0.3956267,0.6043733,-9.818279,-4.4779005,-3.8843734,-2.7063234,-6.590697,0.0013712001
3,241,398,0.0,0.3956267,0.6043733,-10.711588,-18.994905,-4.23779,-11.480013,-15.717803,1.4922611e-07
3,99,67,0.0,0.3956267,0.6043733,-3.8131301,-4.3110523,-1.508576,-2.6054847,-4.114061,0.016078535
3,330,88,0.0,0.3956267,0.6043733,-6.8569765,-5.1912584,-2.712803,-3.1374578,-5.8502607,0.0028708826
3,284,220,0.0,0.3956267,0.6043733,-3.900966,-12.472554,-1.5433263,-7.5380783,-9.081405,0.000113748756
3,370,313,0.0,0.3956267,0.6043733,-2.3600876,-8.72643,-0.9337137,-5.274021,-6.207735,0.0020097462
3,229,519,0.0,0.3956267,0.6043733,-3.511501,-18.127348,-1.3892436,-10.955685,-12.344929,4.3517475e-06
3,167,144,0.0,0.3956267,0.6043733,-5.446418,-14.800065,-2.1547482,-8.944764,-11.099512,1.5119471e-05
3,362,398,0.0,0.3956267,0.6043733,-11.51552,-18.1934,-4.555847,-10.9956045,-15.551452,1.7623424e-07
3,201,434,0.0,0.3956267,0.6043733,-0.76106596,-1.5961277,-0.30109802,-0.96465695,-1.2657549,0.2199848
3,314,542,0.0,0.3956267,0.6043733,-17.999912,-18.754683,-7.121246,-11.334829,-18.456076,9.652242e-09
3,178,4,0.0,0.3956267,0.6043733,-3.448869,-13.014016,-1.3644646,-7.8653235,-9.229788,9.8064425e-05
3,410,288,0.0,0.3956267,0.6043733,-10.0949745,-20.49011,-3.9938414,-12.383676,-16.377518,7.714973e-08
3,271,553,0.0,0.3956267,0.6043733,-1.5611614,-16.051813,-0.6176371,-9.701287,-10.318924,3.300152e-05
3,340,383,0.0,0.3956267,0.6043733,-7.4755673,-7.0248713,-2.957534,-4.2456446,-7.2031784,0.0007436632
3,140,50,0.0,0.3956267,0.6043733,1.4285082,-3.345451,0.565156,-2.0219014,-1.4567454,0.18896562
3,181,419,0.0,0.3956267,0.6043733,-5.233015,-16.757708,-2.0703204,-10.127911,-12.198231,5.0393382e-06
3,287,525,0.0,0.3956267,0.6043733,-7.484448,-17.202301,-2.9610474,-10.396611,-13.357658,1.5806728e-06
3,399,196,0.0,0.3956267,0.6043733,-3.306472,-11.848054,-1.3081286,-7.1606474,-8.468776,0.0002098777
3,419,99,0.0,0.3956267,0.6043733,-10.024466,-17.883284,-3.9659462,-10.808179,-14.774125,3.834236e-07
3,400,263,0.0,0.3956267,0.6043733,-12.285535,-17.45597,-4.8604856,-10.549922,-15.410408,2.029293e-07
3,84,499,0.0,0.3956267,0.6043733,2.0075364,2.726846,0.794235,1.6480328,2.442268,0.9199942
3,395,132,0.0,0.3956267,0.6043733,-6.117697,-13.053271,-2.420324,-7.889048,-10.309372,3.331825e-05
3,302,350,0.0,0.3956267,0.6043733,-10.31163,-12.089893,-4.079556,-7.3068085,-11.386364,1.1349063e-05
3,141,437,0.0,0.3956267,0.6043733,-7.9734263,-16.533974,-3.1545002,-9.992692,-13.147192,1.9509505e-06
3,32,248,0.0,0.3956267,0.6043733,-0.19290565,-13.62334,-0.07631862,-8.2335825,-8.309901,0.0002460078
3,127,342,0.0,0.3956267,0.6043733,-5.8925962,-15.091271,-2.3312683,-9.120761,-11.452029,1.0627773e-05
3,412,361,0.0,0.3956267,0.6043733,-5.9486666,-14.4972925,-2.3534513,-8.761776,-11.115227,1.48837335e-05
3,165,76,0.0,0.3956267,0.6043733,-4.2421947,-8.482133,-1.6783254,-5.1263742,-6.8047,0.0011073253
3,28,302,0.0,0.3956267,0.6043733,-2.9408147,-13.232579,-1.1634648,-7.9974174,-9.160882,0.00010505914
3,159,189,0.0,0.3956267,0.6043733,-3.603958,-17.926706,-1.4258219,-10.834422,-12.260244,4.7363246e-06
3,397,250,0.0,0.3956267,0.6043733,-9.346711,-18.453478,-3.6978085,-11.152789,-14.850597,3.551954e-07
3,144,504,0.0,0.3956267,0.6043733,-2.3714468,-10.001444,-0.9382077,-6.0446053,-6.982813,0.0009268302
3,163,420,0.0,0.3956267,0.6043733,-3.8686192,-6.402022,-1.530529,-3.869211,-5.39974,0.004497436
3,233,40,0.0,0.3956267,0.6043733,-6.1323133,-12.924025,-2.426107,-7.810935,-10.237041,3.5817382e-05
3,93,302,0.0,0.3956267,0.6043733,3.7635229,-5.557779,1.4889501,-3.358973,-1.8700229,0.13353907
3,37,228,0.0,0.3956267,0.6043733,-0.040070105,-4.132912,-0.015852803,-2.4978216,-2.5136743,0.074905105
3,348,95,0.0,0.3956267,0.6043733,-3.1992435,-16.152224,-1.2657062,-9.761972,-11.0276785,1.6245498e-05
3,88,260,0.0,0.3956267,0.6043733,-0.8777848,-9.305659,-0.3472751,-5.6240916,-5.971367,0.0025442624
3,248,396,0.0,0.3956267,0.6043733,-2.774678,-9.476847,-1.0977367,-5.727553,-6.8252897,0.0010847832
3,292,32,0.0,0.3956267,0.6043733,-3.77271,-17.908207,-1.4925848,-10.823241,-12.315826,4.4802537e-06
3,426,185,0.0,0.3956267,0.6043733,-3.1096904,-11.3489485,-1.2302766,-6.859001,-8.089277,0.0003067173
3,211,173,0.0,0.3956267,0.6043733,-3.313737,-4.213769,-1.3110027,-2.5466893,-3.857692,0.020679988
3,231,290,0.0,0.3956267,0.6043733,-2.8053794,-7.2342963,-1.109883,-4.3722153,-5.482098,0.004143352
3,297,10,0.0,0.3956267,0.6043733,-9.835167,-12.7985735,-3.8910546,-7.735116,-11.626171,8.9292325e-06
3,396,310,0.0,0.3956267,0.6043733,-11.205258,-16.545382,-4.4330993,-9.999586,-14.432686,5.394658e-07
3,395,512,0.0,0.3956267,0.6043733,-8.026827,-12.270537,-3.175627,-7.415985,-10.591612,2.5125255e-05
3,294,309,0.0,0.3956267,0.6043733,-5.8315187,-10.554978,-2.3071043,-6.379147,-8.686252,0.0001688634
3,373,223,0.0,0.3956267,0.6043733,-2.2665486,-12.376151,-0.8967071,-7.479815,-8.376522,0.00023015622
3,274,236,0.0,0.3956267,0.6043733,-11.316708,-16.287626,-4.4771914,-9.843806,-14.320997,6.032115e-07
3,71,306,0.0,0.3956267,0.6043733,-2.7120607,-12.323474,-1.0729636,-7.4479785,-8.520942,0.00019921198
3,403,546,0.0,0.3956267,0.6043733,-7.345787,-11.299882,-2.9061894,-6.8293467,-9.735537,5.914043e-05
3,323,328,0.0,0.3956267,0.6043733,-5.2020884,-18.192904,-2.058085,-10.995305,-13.0533905,2.1428098e-06
3,13,533,0.0,0.3956267,0.6043733,-1.0182143,-9.538484,-0.40283278,-5.7648044,-6.1676373,0.002091798
3,141,400,0.0,0.3956267,0.6043733,-8.3638935,-15.074615,-3.3089795,-9.110694,-12.419674,4.038335e-06
3,361,264,0.0,0.3956267,0.6043733,1.852526,-0.57424355,0.7329087,-0.34705746,0.38585126,0.5952836
4,107,457,1.0,0.38027164,0.6197283,5.7968636,7.156182,2.204383,4.4348884,6.6392713,0.99869376
4,98,191,1.0,0.38027164,0.6197283,0.30564025,4.8720183,0.11622632,3.0193279,3.1355543,0.95833576
4,189,27,1.0,0.38027164,0.6197283,-2.8947823,-12.3674,-1.1008036,-7.664428,-8.765232,0.00015604157
4,3,84,1.0,0.38027164,0.6197283,4.5970707,-8.929318,1.7481357,-5.5337515,-3.785616,0.022191254
4,3,52,1.0,0.38027164,0.6197283,1.5354313,1.8291782,0.58388096,1.1335936,1.7174745,0.84780324
4,26,95,1.0,0.38027164,0.6197283,2.4639795,8.326905,0.9369815,5.160419,6.0974007,0.9977563
4,27,348,1.0,0.38027164,0.6197283,5.535244,6.2181306,2.1048963,3.8535516,5.958448,0.9974228
4,334,228,1.0,0.38027164,0.6197283,-3.1821575,-6.6290817,-1.2100843,-4.1082296,-5.318314,0.0048771068
4,117,204,1.0,0.38027164,0.6197283,0.5715746,-15.653135,0.21735363,-9.700691,-9.483337,7.610371e-05
4,87,61,1.0,0.38027164,0.6197283,1.9176235,0.032731913,0.7292178,0.020284893,0.7495027,0.67907035
4,27,59,1.0,0.38027164,0.6197283,5.6899533,3.7790897,2.163728,2.3420088,4.505737,0.9890752
4,137,173,1.0,0.38027164,0.6197283,5.9625263,8.674725,2.2673798,5.3759727,7.6433525,0.999521
4,48,347,1.0,0.38027164,0.6197283,5.27197,5.809097,2.0047805,3.600062,5.604842,0.9963335
4,27,85,1.0,0.38027164,0.6197283,5.954995,4.5082555,2.2645159,2.7938936,5.0584097,0.9936845
4,70,66,1.0,0.38027164,0.6197283,1.973625,-5.6749864,0.7505136,-3.51695,-2.7664363,0.059165075
4,282,152,1.0,0.38027164,0.6197283,-6.117265,-10.681618,-2.3262224,-6.619701,-8.945923,0.00013025022
4,19,492,1.0,0.38027164,0.6197283,2.3763022,6.53808,0.90364033,4.0518336,4.955474,0.9930045
4,11,238,1.0,0.38027164,0.6197283,2.13898,5.17262,0.8133934,3.205619,4.0190125,0.98234653
4,27,152,1.0,0.38027164,0.6197283,5.0763745,3.267965,1.9304013,2.0252504,3.9556518,0.9812135
4,27,95,1.0,0.38027164,0.6197283,1.9706974,3.7103143,0.7494003,2.2993867,3.048787,0.9547301
4,80,238,1.0,0.38027164,0.6197283,0.7106662,8.377204,0.2702462,5.191591,5.461837,0.9957722
4,27,333,1.0,0.38027164,0.6197283,5.878253,5.926487,2.235333,3.6728117,5.908145,0.99729013
4,157,285,1.0,0.38027164,0.6197283,-0.16427733,-3.9615915,-0.06247001,-2.4551105,-2.5175805,0.07463487
4,84,192,1.0,0.38027164,0.6197283,3.3435974,2.8458426,1.2714753,1.7636492,3.0351245,0.95413595
4,236,166,1.0,0.38027164,0.6197283,1.6445317,-9.357533,0.6253688,-5.7991285,-5.17376,0.005631344
4,107,237,1.0,0.38027164,0.6197283,6.6769333,8.497448,2.5390484,5.266109,7.8051577,0.9995926
4,27,544,1.0,0.38027164,0.6197283,3.7607913,1.0806421,1.4301223,0.6697045,2.0998268,0.8908863
4,27,141,1.0,0.38027164,0.6197283,1.4424963,5.5701146,0.5485404,3.4519577,4.0004983,0.9820226
4,265,100,1.0,0.38027164,0.6197283,-6.4507127,-10.253399,-2.4530232,-6.354322,-8.807345,0.00014960756
4,182,82,1.0,0.38027164,0.6197283,0.15229125,5.594883,0.057912044,3.4673076,3.5252197,0.9713969
4,114,308,1.0,0.38027164,0.6197283,5.3609242,10.413193,2.0386074,6.4533505,8.491958,0.9997949
4,69,115,1.0,0.38027164,0.6197283,5.731649,6.475003,2.1795835,4.0127425,6.192326,0.99795914
4,47,566,1.0,0.38027164,0.6197283,1.6672602,6.720195,0.63401175,4.1646953,4.798707,0.991827
4,193,292,1.0,0.38027164,0.6197283,-1.6549964,-6.306249,-0.6293482,-3.9081612,-4.5375094,0.010586744
4,16,366,1.0,0.38027164,0.6197283,0.76634467,-2.5228317,0.29141915,-1.5634702,-1.2720511,0.21890633
4,342,343,1.0,0.38027164,0.6197283,3.4045002,10.797923,1.2946349,6.6917787,7.9864135,0.99966
4,193,301,1.0,0.38027164,0.6197283,4.4101295,6.091441,1.6770473,3.7750387,5.452086,0.99573094
4,11,455,1.0,0.38027164,0.6197283,2.214311,-9.862583,0.84203964,-6.112122,-5.2700825,0.005116869
4,286,184,1.0,0.38027164,0.6197283,5.840437,8.721711,2.2209525,5.4050913,7.626044,0.9995127
4,166,198,1.0,0.38027164,0.6197283,4.935174,-0.23200059,1.8767067,-0.14377734,1.7329293,0.84978676
4,107,520,1.0,0.38027164,0.6197283,7.414778,10.043586,2.81963,6.2242947,9.043924,0.99988186
4,11,156,1.0,0.38027164,0.6197283,3.9080105,-1.4201746,1.4861056,-0.8801224,0.60598314,0.647024
4,138,347,1.0,0.38027164,0.6197283,3.2785523,3.0206375,1.2467405,1.8719746,3.118715,0.95765823
4,316,198,1.0,0.38027164,0.6197283,7.5732207,9.998665,2.8798811,6.196456,9.076337,0.9998857
4,80,418,1.0,0.38027164,0.6197283,1.1688305,6.6334023,0.4444731,4.1109076,4.555381,0.9895989
4,27,426,1.0,0.38027164,0.6197283,3.8544788,3.3259647,1.465749,2.0611944,3.5269434,0.9714447
4,99,449,1.0,0.38027164,0.6197283,3.2864099,10.588313,1.2497284,6.5618777,7.8116064,0.9995952
4,27,180,1.0,0.38027164,0.6197283,4.2344103,0.32249618,1.6102262,0.19986002,1.8100861,0.8593723
4,216,85,1.0,0.38027164,0.6197283,1.6339686,5.7025113,0.6213519,3.5340078,4.1553597,0.98456186
4,406,198,1.0,0.38027164,0.6197283,8.589189,8.825452,3.2662249,5.4693823,8.735607,0.9998392
4,107,45,1.0,0.38027164,0.6197283,4.778433,7.595095,1.8171026,4.706896,6.5239983,0.9985343
4,84,298,1.0,0.38027164,0.6197283,5.5328145,4.838862,2.1039724,2.9987798,5.102752,0.9939567
4,55,98,1.0,0.38027164,0.6197283,3.8944523,10.139006,1.4809498,6.283429,7.764379,0.99957556
4,107,271,1.0,0.38027164,0.6197283,6.818448,7.7012563,2.5928624,4.7726865,7.365549,0.9993678
4,115,481,1.0,0.38027164,0.6197283,3.1144567,-10.767506,1.1843395,-6.6729283,-5.488589,0.0041166563
4,26,189,1.0,0.38027164,0.6197283,0.11364041,-7.8952127,0.043214228,-4.892887,-4.849673,0.0077700918
4,27,575,1.0,0.38027164,0.6197283,5.0196724,7.50468,1.9088391,4.6508627,6.559702,0.9985857
4,27,171,1.0,0.38027164,0.6197283,3.4454632,8.106161,1.3102119,5.0236177,6.33383,0.9982279
4,114,173,1.0,0.38027164,0.6197283,6.6286974,6.5819645,2.5207057,4.07903,6.5997357,0.9986411
4,55,495,1.0,0.38027164,0.6197283,-5.369135,1.2607821,-2.0417297,0.7813424,-1.2603873,0.22090724
4,27,226,1.0,0.38027164,0.6197283,3.201634,5.9428515,1.2174906,3.6829534,4.900444,0.9926117
4,94,187,1.0,0.38027164,0.6197283,-7.8677807,-10.571204,-2.991894,-6.551275,-9.543169,7.168417e-05
4,21,385,1.0,0.38027164,0.6197283,2.0879238,3.4868944,0.7939782,2.1609273,2.9549055,0.9504948
4,27,359,1.0,0.38027164,0.6197283,6.0367975,5.350077,2.2956228,3.3155944,5.6112175,0.9963567
4,99,20,1.0,0.38027164,0.6197283,2.921639,5.804892,1.1110164,3.597456,4.7084723,0.99106205
4,27,197,1.0,0.38027164,0.6197283,-0.3376857,6.762304,-0.12841229,4.190791,4.062379,0.9830831
4,55,284,1.0,0.38027164,0.6197283,1.1718547,4.6034927,0.44562313,2.8529148,3.298538,0.96437865
4,99,485,1.0,0.38027164,0.6197283,1.5984449,0.4103088,0.6078433,0.25428,0.86212325,0.7031041
4,107,136,1.0,0.38027164,0.6197283,4.0505657,7.037459,1.5403153,4.3613124,5.9016275,0.99727243
4,192,384,1.0,0.38027164,0.6197283,2.0541563,5.2653756,0.7811374,3.2631025,4.04424,0.9827787
4,80,352,1.0,0.38027164,0.6197283,2.9609003,7.8699083,1.1259464,4.877205,6.0031514,0.9975351
4,15,203,1.0,0.38027164,0.6197283,0.03066133,-13.456889,0.011659634,-8.339616,-8.327956,0.00024160708
4,16,213,1.0,0.38027164,0.6197283,5.038143,-2.221877,1.915863,-1.3769602,0.5389029,0.6315572
4,279,198,1.0,0.38027164,0.6197283,8.755593,9.278686,3.3295038,5.750264,9.079768,0.99988604
4,3,102,1.0,0.38027164,0.6197283,1.5360708,3.1542513,0.58412415,1.9547789,2.538903,0.9268244
4,107,294,1.0,0.38027164,0.6197283,5.2593884,6.057301,1.9999963,3.753881,5.753877,0.9968395
4,160,347,1.0,0.38027164,0.6197283,2.8804166,5.1866164,1.0953407,3.214293,4.3096337,0.98673975
4,201,58,1.0,0.38027164,0.6197283,3.1115212,4.214719,1.1832232,2.6119807,3.795204,0.97801584
4,425,566,1.0,0.38027164,0.6197283,5.1414104,5.331359,1.9551326,3.3039942,5.2591267,0.9948271
4,355,277,1.0,0.38027164,0.6197283,6.145388,11.095298,2.336917,6.8760705,9.212988,0.9999002
4,79,4,1.0,0.38027164,0.6197283,1.4481746,-1.0262012,0.5506997,-0.635966,-0.08526629,0.47869635
4,361,557,1.0,0.38027164,0.6197283,-0.7464763,-12.2154,-0.28386375,-7.570229,-7.8540926,0.00038800953
4,134,21,1.0,0.38027164,0.6197283,2.7420197,3.389684,1.0427123,2.1006832,3.1433954,0.95864767
4,115,282,1.0,0.38027164,0.6197283,2.1933565,4.6403966,0.8340713,2.875785,3.7098565,0.97610396
4,11,57,1.0,0.38027164,0.6197283,4.1577272,-4.7623,1.5810658,-2.9513323,-1.3702666,0.2025768
4,256,566,1.0,0.38027164,0.6197283,3.961184,-1.9879717,1.506326,-1.2320024,0.27432358,0.56815404
4,136,424,1.0,0.38027164,0.6197283,-1.8168087,0.3414874,-0.69088084,0.21162942,-0.4792514,0.38242888
4,107,26,1.0,0.38027164,0.6197283,5.9583464,5.652803,2.2657902,3.5032022,5.7689924,0.9968868
4,41,85,1.0,0.38027164,0.6197283,0.87668806,-2.483533,0.3333796,-1.5391157,-1.205736,0.23045637
4,172,129,1.0,0.38027164,0.6197283,-8.785052,-18.868988,-3.3407063,-11.693646,-15.034353,2.9557194e-07
4,3,166,1.0,0.38027164,0.6197283,3.200474,-5.4211907,1.2170495,-3.3596654,-2.1426158,0.105023265
4,305,228,1.0,0.38027164,0.6197283,-2.426933,-1.3107799,-0.9228938,-0.81232744,-1.7352213,0.14992094
4,98,17,1.0,0.38027164,0.6197283,4.970745,6.9168687,1.8902334,4.2865796,6.176813,0.9979273
4,27,259,1.0,0.38027164,0.6197283,4.0153446,-0.37559402,1.5269217,-0.23276626,1.2941555,0.7848497
4,84,568,1.0,0.38027164,0.6197283,1.6954262,-6.113193,0.6447225,-3.788519,-3.1437964,0.041336413
4,27,123,1.0,0.38027164,0.6197283,2.7485514,3.0479963,1.0451962,1.8889296,2.934126,0.9495078
4,327,228,1.0,0.38027164,0.6197283,2.0603247,1.1731292,0.783483,0.7270214,1.5105045,0.8191359
4,425,385,1.0,0.38027164,0.6197283,5.6968126,6.259424,2.1663363,3.8791425,6.045479,0.99763703
4,182,470,1.0,0.38027164,0.6197283,-1.8945733,-9.569646,-0.7204525,-5.9305806,-6.651033,0.0012910173
4,427,87,1.0,0.38027164,0.6197283,6.99185,8.379264,2.6588023,5.1928673,7.8516693,0.9996111
4,16,502,1.0,0.38027164,0.6197283,6.257083,1.2365345,2.3793912,0.76631546,3.1457067,0.9587393
4,96,499,1.0,0.38027164,0.6197283,3.244773,6.8826995,1.2338952,4.2654037,5.499299,0.99592704
4,126,85,1.0,0.38027164,0.6197283,0.70603395,-2.3213208,0.26848468,-1.4385883,-1.1701035,0.23683627
4,107,445,1.0,0.38027164,0.6197283,7.1385436,6.6745114,2.7145858,4.136384,6.85097,0.9989427
4,198,499,1.0,0.38027164,0.6197283,-5.13358,-15.913163,-1.952155,-9.861838,-11.813993,7.4002196e-06
4,107,40,1.0,0.38027164,0.6197283,5.068198,5.7168984,1.9272921,3.542924,5.470216,0.9958073
4,27,148,1.0,0.38027164,0.6197283,5.377553,6.896112,2.044931,4.273716,6.318647,0.9982009
4,10,383,1.0,0.38027164,0.6197283,5.0708,4.0489883,1.9282814,2.5092728,4.4375544,0.9883133
4,15,161,1.0,0.38027164,0.6197283,1.6858182,-10.465619,0.6410689,-6.485841,-5.844772,0.0028866383
4,274,228,1.0,0.38027164,0.6197283,-5.0542426,-1.6337888,-1.9219851,-1.0125052,-2.9344902,0.05047469
4,27,299,1.0,0.38027164,0.6197283,0.96152675,-2.4560416,0.36564136,-1.5220785,-1.1564372,0.2393153
4,92,194,1.0,0.38027164,0.6197283,4.578088,4.70542,1.740917,2.9160821,4.656999,0.9905944
4,11,365,1.0,0.38027164,0.6197283,2.2277174,-1.6825029,0.84713775,-1.0426947,-0.19555694,0.451266
4,10,389,1.0,0.38027164,0.6197283,3.191141,3.3877733,1.2135004,2.099499,3.3129992,0.964872
4,64,378,1.0,0.38027164,0.6197283,3.8491025,5.254232,1.4637046,3.2561963,4.719901,0.9911628
4,192,92,1.0,0.38027164,0.6197283,1.5740523,4.633194,0.5985675,2.8713214,3.469889,0.9698187
4,84,446,1.0,0.38027164,0.6197283,5.502844,2.2442703,2.0925756,1.3908379,3.4834135,0.9702121
4,99,124,1.0,0.38027164,0.6197283,1.9727069,4.103744,0.7501645,2.5432065,3.293371,0.96420074
4,417,58,1.0,0.38027164,0.6197283,7.1962547,8.973806,2.7365315,5.561322,8.297853,0.99975103
4,9,171,1.0,0.38027164,0.6197283,2.0330346,-10.716985,0.7731054,-6.641619,-5.868514,0.002819101
4,107,296,1.0,0.38027164,0.6197283,3.2458825,5.1784425,1.2343171,3.2092276,4.4435444,0.9883824
4,66,385,1.0,0.38027164,0.6197283,6.0175033,0.8087894,2.288286,0.5012297,2.7895157,0.94210666
4,107,450,1.0,0.38027164,0.6197283,3.879049,5.0328226,1.4750924,3.1189828,4.594075,0.98998964
4,107,345,1.0,0.38027164,0.6197283,7.622281,5.00118,2.8985374,3.099373,5.9979105,0.9975222
4,84,347,1.0,0.38027164,0.6197283,2.3748026,2.2381527,0.9030701,1.3870467,2.2901168,0.90805525
4,203,427,1.0,0.38027164,0.6197283,3.6500428,3.8753164,1.3880078,2.4016433,3.789651,0.9778961
4,247,138,1.0,0.38027164,0.6197283,4.1915655,2.916467,1.5939335,1.8074172,3.4013505,0.9677468
4,182,238,1.0,0.38027164,0.6197283,-1.1692574,-12.645974,-0.44463542,-7.8370686,-8.281704,0.00025304148
4,86,286,1.0,0.38027164,0.6197283,1.4732442,10.677403,0.560233,6.6170893,7.1773224,0.99923694
4,50,21,1.0,0.38027164,0.6197283,3.3734095,6.7258925,1.282812,4.1682262,5.4510384,0.99572647
4,107,506,1.0,0.38027164,0.6197283,6.186979,6.159228,2.3527327,3.817048,6.1697807,0.9979127
4,84,195,1.0,0.38027164,0.6197283,0.85852957,-5.407309,0.32647446,-3.3510625,-3.024588,0.046327345
4,331,145,1.0,0.38027164,0.6197283,2.2477612,-8.34439,0.8547599,-5.1712546,-4.316495,0.013170797
4,16,100,1.0,0.38027164,0.6197283,2.569673,0.90522665,0.9771738,0.5609946,1.5381684,0.8231983
4,128,224,1.0,0.38027164,0.6197283,1.1356885,1.2239552,0.43187016,0.7585197,1.1903899,0.7668108
4,27,420,1.0,0.38027164,0.6197283,4.3194666,3.5322425,1.6425706,2.1890306,3.8316011,0.978785
4,177,166,1.0,0.38027164,0.6197283,1.5996234,-16.868137,0.60829145,-10.453663,-9.845371,5.2989104e-05
4,99,264,1.0,0.38027164,0.6197283,3.1938796,-2.5940359,1.2145418,-1.6075975,-0.39305568,0.40298194
4,252,469,1.0,0.38027164,0.6197283,-8.632146,-13.826648,-3.2825603,-8.568766,-11.851326,7.129046e-06
4,177,407,1.0,0.38027164,0.6197283,1.5281651,-1.9184765,0.58111787,-1.1889342,-0.60781634,0.3525575
4,401,198,1.0,0.38027164,0.6197283,8.523829,8.518466,3.2413707,5.2791348,8.520506,0.99980074
4,140,89,1.0,0.38027164,0.6197283,1.9652395,-2.7728875,0.7473249,-1.718437,-0.9711121,0.2746589
4,137,246,1.0,0.38027164,0.6197283,4.952506,10.488897,1.8832976,6.5002666,8.383564,0.9997714
4,115,279,1.0,0.38027164,0.6197283,4.7808323,3.2627704,1.818015,2.0220313,3.8400464,0.9789596
4,98,338,1.0,0.38027164,0.6197283,-1.1014442,-4.9627843,-0.418848,-3.075578,-3.494426,0.029471243
4,391,277,1.0,0.38027164,0.6197283,5.919157,6.662312,2.2508876,4.1288233,6.379711,0.9983072
4,96,115,1.0,0.38027164,0.6197283,4.1175213,2.0875819,1.5657766,1.2937336,2.8595102,0.9458082
4,16,424,1.0,0.38027164,0.6197283,8.393676,10.184445,3.191877,6.3115892,9.503466,0.9999254
4,247,246,1.0,0.38027164,0.6197283,1.4718301,-0.43728763,0.55969524,-0.27099952,0.28869572,0.5716768
4,182,258,1.0,0.38027164,0.6197283,-0.42384192,-9.817206,-0.16117507,-6.084001,-6.2451763,0.0019360329
4,197,537,1.0,0.38027164,0.6197283,1.2860411,-2.0072346,0.48904496,-1.2439401,-0.75489515,0.3197556
4,357,359,1.0,0.38027164,0.6197283,4.306765,10.015351,1.6377406,6.206797,7.8445377,0.99960834
4,186,367,1.0,0.38027164,0.6197283,2.7115107,6.730998,1.0311106,4.17139,5.202501,0.9945273
4,421,359,1.0,0.38027164,0.6197283,5.2700844,9.923957,2.0040636,6.150157,8.154221,0.9997125
4,69,320,1.0,0.38027164,0.6197283,6.906975,8.789363,2.6265266,5.447017,8.073544,0.9996884
4,383,87,1.0,0.38027164,0.6197283,4.999051,-0.47161442,1.9009974,-0.2922728,1.6087246,0.8332342
4,376,157,1.0,0.38027164,0.6197283,-3.4634035,-10.037015,-1.3170341,-6.2202225,-7.5372567,0.0005325736
4,9,428,1.0,0.38027164,0.6197283,-1.0190841,-4.1630664,-0.38752878,-2.5799701,-2.9674988,0.048915956
4,3,376,1.0,0.38027164,0.6197283,3.9352205,7.1814694,1.4964528,4.45056,5.947013,0.99739313
4,195,15,1.0,0.38027164,0.6197283,4.730245,11.986396,1.798778,7.428309,9.227087,0.99990165
4,200,385,1.0,0.38027164,0.6197283,2.4079027,2.461625,0.9156571,1.5255388,2.441196,0.91991526
4,84,248,1.0,0.38027164,0.6197283,3.68643,3.2463446,1.4018447,2.0118518,3.4136965,0.9681299
4,193,186,1.0,0.38027164,0.6197283,4.035343,4.493582,1.5345266,2.7847998,4.3193264,0.98686594
4,16,486,1.0,0.38027164,0.6197283,4.648423,-5.4286346,1.7676635,-3.3642786,-1.5966151,0.16845524
4,11,471,1.0,0.38027164,0.6197283,1.5048535,3.3494294,0.5722531,2.0757363,2.6479893,0.93388695
4,107,324,1.0,0.38027164,0.6197283,6.8822556,5.8922563,2.6171267,3.6515982,6.268725,0.998109
4,199,110,1.0,0.38027164,0.6197283,-0.29853007,-4.604192,-0.11352252,-2.853348,-2.9668705,0.04894519
4,105,428,1.0,0.38027164,0.6197283,0.47098064,-10.955457,0.17910059,-6.789407,-6.6103063,0.0013446093
4,309,198,1.0,0.38027164,0.6197283,8.883326,9.481049,3.3780768,5.8756742,9.253751,0.9999043
4,84,426,1.0,0.38027164,0.6197283,1.5390773,-6.9768753,0.5852674,-4.323767,-3.7384996,0.023236966
4,64,80,1.0,0.38027164,0.6197283,3.9919903,-2.7148254,1.5180408,-1.6824542,-0.16441345,0.45898896
4,16,383,1.0,0.38027164,0.6197283,2.6432104,5.0345445,1.0051379,3.1200497,4.125188,0.9840965
4,39,92,1.0,0.38027164,0.6197283,1.58045,6.895955,0.60100037,4.2736187,4.874619,0.9924199
4,15,231,1.0,0.38027164,0.6197283,1.9644331,3.4487505,0.7470182,2.1372883,2.8843064,0.9470652
4,64,509,1.0,0.38027164,0.6197283,6.039332,1.6193737,2.2965868,1.0035717,3.3001585,0.96443427
4,140,35,1.0,0.38027164,0.6197283,3.0056708,3.3852785,1.1429714,2.0979528,3.2409244,0.9623456
4,324,198,1.0,0.38027164,0.6197283,6.253289,9.748849,2.3779485,6.041638,8.419586,0.9997795
4,212,278,1.0,0.38027164,0.6197283,3.102057,-0.01367081,1.1796243,-0.008472188,1.1711521,0.76335317
4,228,347,1.0,0.38027164,0.6197283,4.8732853,-0.3587147,1.8531722,-0.22230566,1.6308665,0.8362883
4,82,346,1.0,0.38027164,0.6197283,-5.846145,-8.458911,-2.2231233,-5.2422266,-7.46535,0.0005722569
4,64,305,1.0,0.38027164,0.6197283,5.356829,0.049176626,2.0370502,0.030476147,2.0675263,0.8877066
4,27,408,1.0,0.38027164,0.6197283,6.354187,5.73523,2.4163172,3.5542846,5.970602,0.99745375
4,27,564,1.0,0.38027164,0.6197283,6.8019686,7.898163,2.5865958,4.8947153,7.481311,0.9994368
4,212,18,1.0,0.38027164,0.6197283,6.262598,8.628846,2.3814886,5.3475404,7.7290287,0.9995603
4,15,389,1.0,0.38027164,0.6197283,3.5196195,9.217811,1.3384115,5.7125382,7.0509496,0.99913424
4,228,87,1.0,0.38027164,0.6197283,7.398754,9.895833,2.8135364,6.132728,8.946264,0.9998698
4,99,303,1.0,0.38027164,0.6197283,1.059413,7.369196,0.4028647,4.5668993,4.9697638,0.99310315
4,105,558,1.0,0.38027164,0.6197283,-2.29189,-3.5168617,-0.8715407,-2.179499,-3.0510397,0.045172606
4,201,100,1.0,0.38027164,0.6197283,3.7408342,5.5294795,1.4225332,3.426775,4.849308,0.9922271
4,27,486,1.0,0.38027164,0.6197283,4.6846094,1.6539421,1.7814242,1.0249947,2.806419,0.9430217
4,226,385,1.0,0.38027164,0.6197283,4.550151,-3.9721463,1.7302934,-2.4616516,-0.7313582,0.32489675
4,170,137,1.0,0.38027164,0.6197283,-4.984087,-7.224958,-1.895307,-4.477511,-6.372818,0.001704431
4,315,198,1.0,0.38027164,0.6197283,7.537389,8.451207,2.8662553,5.2374525,8.103708,0.9996977
4,190,24,1.0,0.38027164,0.6197283,-0.49435353,-5.2638755,-0.18798862,-3.2621727,-3.4501612,0.030764053
4,213,306,1.0,0.38027164,0.6197283,-1.4881597,-7.818069,-0.5659049,-4.845079,-5.410984,0.0044473745
4,251,158,1.0,0.38027164,0.6197283,0.004441664,-6.2938237,0.0016890389,-3.900461,-3.898772,0.019864202
4,355,218,1.0,0.38027164,0.6197283,0.6277111,0.3161101,0.23870073,0.19590239,0.43460312,0.60697234
4,247,341,1.0,0.38027164,0.6197283,0.30382738,6.291103,0.115536936,3.8987746,4.014312,0.9822649
4,413,394,1.0,0.38027164,0.6197283,-0.07772781,5.284819,-0.029557683,3.2751522,3.2455945,0.96251446
4,16,393,1.0,0.38027164,0.6197283,5.8951902,5.38205,2.2417736,3.335409,5.577183,0.996231
4,169,378,1.0,0.38027164,0.6197283,2.2700531,4.775263,0.86323684,2.9593656,3.8226025,0.9785972
4,107,576,1.0,0.38027164,0.6197283,6.448016,-2.9607198,2.4519978,-1.834842,0.6171558,0.6495714
4,27,462,1.0,0.38027164,0.6197283,6.046281,5.250035,2.2992291,3.2535954,5.5528245,0.9961385
4,28,85,1.0,0.38027164,0.6197283,1.896767,3.8975325,0.7212867,2.4154112,3.136698,0.9583814
4,26,110,1.0,0.38027164,0.6197283,-2.4646025,-2.7564962,-0.9372184,-1.7082788,-2.6454973,0.06626707
4,11,368,1.0,0.38027164,0.6197283,3.6781402,2.8598,1.3986924,1.7722992,3.1709914,0.9597279
4,94,359,1.0,0.38027164,0.6197283,4.5193524,5.9743595,1.7185816,3.7024798,5.4210615,0.99559706
4,140,393,1.0,0.38027164,0.6197283,0.21939753,5.122014,0.08343066,3.1742573,3.257688,0.9629483
4,356,184,1.0,0.38027164,0.6197283,6.5521746,8.24384,2.4916062,5.108941,7.6005473,0.99950004
4,84,457,1.0,0.38027164,0.6197283,2.407094,-9.383562,0.9153496,-5.8152595,-4.89991,0.0073922016
4,262,26,1.0,0.38027164,0.6197283,3.9572084,5.963169,1.5048141,3.6955447,5.200359,0.9945156
4,84,101,1.0,0.38027164,0.6197283,3.851709,8.002426,1.4646957,4.95933,6.4240255,0.99838054
4,247,312,1.0,0.38027164,0.6197283,2.536107,-4.0238595,0.9644096,-2.4936998,-1.5292902,0.17809756
4,101,276,1.0,0.38027164,0.6197283,2.4142017,-2.0914414,0.91805243,-1.2961255,-0.3780731,0.40659174
4,55,380,1.0,0.38027164,0.6197283,3.747281,8.304587,1.4249847,5.146588,6.5715723,0.99860233
4,84,188,1.0,0.38027164,0.6197283,3.130366,1.5945772,1.1903895,0.98820466,2.178594,0.8983107
4,27,188,1.0,0.38027164,0.6197283,4.981948,4.8160295,1.8944935,2.9846299,4.879123,0.99245375
4,27,253,1.0,0.38027164,0.6197283,4.623782,5.1853266,1.7582933,3.2134938,4.971787,0.993117
4,183,101,1.0,0.38027164,0.6197283,3.954088,5.1778293,1.5036275,3.2088475,4.712475,0.99109745
4,15,106,1.0,0.38027164,0.6197283,2.9475844,4.6639876,1.1208827,2.8904052,4.0112877,0.9822121
4,15,567,1.0,0.38027164,0.6197283,0.07099794,-9.98742,0.026998503,-6.189487,-6.1624885,0.0021025734
4,13,341,1.0,0.38027164,0.6197283,2.0520434,6.3630095,0.78033394,3.9433372,4.723671,0.9911957
4,37,385,1.0,0.38027164,0.6197283,4.5879087,5.4210534,1.7446516,3.3595803,5.104232,0.9939657
4,294,198,1.0,0.38027164,0.6197283,7.948474,8.041267,3.0225792,4.9834013,8.0059805,0.9996667
4,424,184,1.0,0.38027164,0.6197283,2.9986753,9.35723,1.1403112,5.7989407,6.939252,0.9990319
4,114,446,1.0,0.38027164,0.6197283,4.241362,6.1573462,1.6128697,3.815882,5.428752,0.9956306
4,335,198,1.0,0.38027164,0.6197283,8.325482,8.177175,3.1659448,5.0676265,8.233571,0.99973446
4,359,428,1.0,0.38027164,0.6197283,2.1110592,10.27421,0.8027759,6.367219,7.169995,0.9992312
4,16,204,1.0,0.38027164,0.6197283,0.5564648,-1.7095939,0.21160778,-1.0594838,-0.84787595,0.2998786
4,234,300,1.0,0.38027164,0.6197283,5.472995,5.498736,2.0812247,3.4077225,5.488947,0.99588484
4,185,249,1.0,0.38027164,0.6197283,-0.92169726,-8.336991,-0.35049534,-5.16667,-5.517165,0.004001146
4,107,504,1.0,0.38027164,0.6197283,5.7245183,1.4623295,2.176872,0.906247,3.083119,0.956191
4,107,268,1.0,0.38027164,0.6197283,5.1682515,4.811306,1.9653395,2.9817026,4.947042,0.99294573
4,115,109,1.0,0.38027164,0.6197283,3.535283,0.6970398,1.3443679,0.4319753,1.7763431,0.8552447
4,55,551,1.0,0.38027164,0.6197283,-2.877377,1.8435519,-1.0941849,1.1425014,0.04831648,0.51207674
4,55,438,1.0,0.38027164,0.6197283,5.8308153,8.276774,2.2172937,5.1293516,7.3466454,0.9993556
4,115,176,1.0,0.38027164,0.6197283,4.396986,9.00924,1.672049,5.5832815,7.2553306,0.99929404
4,27,391,1.0,0.38027164,0.6197283,4.836447,-0.93448985,1.8391635,-0.5791298,1.2600337,0.77903193
4,27,305,1.0,0.38027164,0.6197283,0.1467851,4.322476,0.05581821,2.6787608,2.734579,0.9390364
4,15,110,1.0,0.38027164,0.6197283,1.8131921,3.5300815,0.6895056,2.1876915,2.877197,0.94670767
4,269,184,1.0,0.38027164,0.6197283,6.1531973,8.854797,2.3398864,5.487569,7.8274555,0.99960154
4,158,293,1.0,0.38027164,0.6197283,6.0304155,7.4362836,2.293196,4.6084757,6.9016714,0.9989949
4,92,134,1.0,0.38027164,0.6197283,2.2570276,7.542114,0.8582836,4.674062,5.5323453,0.99605894
4,92,68,1.0,0.38027164,0.6197283,2.7471,3.7028086,1.0446442,2.2947354,3.3393798,0.96575534
4,164,126,1.0,0.38027164,0.6197283,1.2876186,8.802667,0.48964486,5.4552617,5.9449067,0.9973877
4,64,437,1.0,0.38027164,0.6197283,5.629519,8.124783,2.1407464,5.0351577,7.1759043,0.99923575
4,64,317,1.0,0.38027164,0.6197283,3.2571816,-3.789463,1.2386138,-2.3484375,-1.1098237,0.24790376
4,13,37,1.0,0.38027164,0.6197283,2.3968592,2.8645127,0.9114576,1.7752197,2.6866772,0.9362359
4,16,346,1.0,0.38027164,0.6197283,2.4318898,5.9847965,0.9247787,3.708948,4.6337266,0.9903751
4,203,537,1.0,0.38027164,0.6197283,2.096034,5.282965,0.79706234,3.2740033,4.0710654,0.98322695
4,115,276,1.0,0.38027164,0.6197283,6.8715,8.562555,2.6130366,5.306458,7.9194946,0.99963653
4,16,175,1.0,0.38027164,0.6197283,1.3862094,-2.9813564,0.5271361,-1.847631,-1.3204949,0.21073596
4,115,42,1.0,0.38027164,0.6197283,0.9168935,-13.026001,0.3486686,-8.072582,-7.7239137,0.00044193148
4,213,427,1.0,0.38027164,0.6197283,0.71046424,6.027303,0.2701694,3.7352905,4.00546,0.98210996
4,27,400,1.0,0.38027164,0.6197283,5.5164423,5.429417,2.0977466,3.3647635,5.46251,0.99577504
4,55,232,1.0,0.38027164,0.6197283,4.720237,-0.32423824,1.7949722,-0.20093963,1.5940325,0.83118266
4,3,150,1.0,0.38027164,0.6197283,6.2227697,5.1515727,2.3663428,3.1925755,5.558918,0.9961618
4,247,552,1.0,0.38027164,0.6197283,-1.8622162,-10.218761,-0.708148,-6.3328557,-7.0410037,0.0008744822
4,3,181,1.0,0.38027164,0.6197283,2.7291622,0.42647013,1.037823,0.2642956,1.3021185,0.78619134
4,115,210,1.0,0.38027164,0.6197283,-0.9971237,-5.1950293,-0.37917787,-3.2195067,-3.5986845,0.026631072
4,123,343,1.0,0.38027164,0.6197283,3.4825802,9.917375,1.3243265,6.146078,7.4704046,0.9994306
4,143,347,1.0,0.38027164,0.6197283,4.123789,5.2024655,1.5681599,3.2241154,4.7922754,0.9917747
4,107,430,1.0,0.38027164,0.6197283,5.9290447,6.0167546,2.2546475,3.7287533,5.983401,0.9974861
4,183,192,1.0,0.38027164,0.6197283,0.12886962,3.747505,0.049005464,2.322435,2.3714404,0.91462344
4,170,87,1.0,0.38027164,0.6197283,3.582451,5.694019,1.3623046,3.5287447,4.8910494,0.9925425
4,107,508,1.0,0.38027164,0.6197283,6.271298,2.7310054,2.3847969,1.6924814,4.077278,0.98332906
4,42,239,1.0,0.38027164,0.6197283,2.4675844,4.0644774,0.93835235,2.5188718,3.4572241,0.9694458
4,175,300,1.0,0.38027164,0.6197283,3.504564,6.0300746,1.3326863,3.737008,5.0696945,0.99375486
4,30,347,1.0,0.38027164,0.6197283,6.1685314,3.705465,2.3457177,2.2963817,4.6420994,0.9904545
4,12,566,1.0,0.38027164,0.6197283,2.6370869,-4.1142373,1.0028094,-2.5497093,-1.5468999,0.17553446
4,421,184,1.0,0.38027164,0.6197283,6.2836514,8.660731,2.3894944,5.3673005,7.756795,0.99957234
4,60,347,1.0,0.38027164,0.6197283,4.9243164,5.662424,1.8725779,3.5091646,5.3817425,0.99542123
4,88,23,1.0,0.38027164,0.6197283,1.5362601,8.747285,0.58419615,5.4209404,6.0051365,0.99754
4,34,385,1.0,0.38027164,0.6197283,5.1438694,9.400308,1.9560677,5.825637,7.7817044,0.9995828
4,13,258,1.0,0.38027164,0.6197283,0.1697013,-15.866576,0.06453259,-9.832967,-9.768435,5.7226596e-05
4,99,483,1.0,0.38027164,0.6197283,2.594497,10.777352,0.98661363,6.6790304,7.665644,0.9995316
4,84,276,1.0,0.38027164,0.6197283,3.3810015,4.1247706,1.285699,2.5562372,3.841936,0.9789985
4,107,139,1.0,0.38027164,0.6197283,3.2892928,5.608643,1.2508248,3.475835,4.72666,0.99122167
4,115,67,1.0,0.38027164,0.6197283,-0.4067038,-6.2704763,-0.15465792,-3.8859918,-4.04065,0.017282115
4,274,198,1.0,0.38027164,0.6197283,7.6543636,9.549508,2.9107375,5.918101,8.828838,0.9998536
4,107,196,1.0,0.38027164,0.6197283,6.467268,7.143845,2.4593186,4.427243,6.886562,0.9989796
4,16,302,1.0,0.38027164,0.6197283,3.5177398,4.0207753,1.3376967,2.4917884,3.829485,0.978741
4,130,198,1.0,0.38027164,0.6197283,4.454463,-0.19868034,1.693906,-0.12312783,1.5707781,0.8278945
4,52,367,1.0,0.38027164,0.6197283,1.3774377,-1.3547984,0.5238005,-0.83960694,-0.31580645,0.42169812
4,213,516,1.0,0.38027164,0.6197283,0.3298992,-11.31717,0.12545131,-7.013571,-6.8881197,0.0010187906
4,27,308,1.0,0.38027164,0.6197283,7.262273,7.313393,2.7616365,4.5323167,7.293953,0.99932086
4,84,115,1.0,0.38027164,0.6197283,0.7200087,5.5130796,0.27379888,3.4166117,3.6904106,0.9756462
4,107,119,1.0,0.38027164,0.6197283,6.077797,7.663421,2.3112137,4.749239,7.0604525,0.9991423
4,10,145,1.0,0.38027164,0.6197283,4.201227,6.589724,1.5976076,4.0838385,5.681446,0.9966029
4,408,260,1.0,0.38027164,0.6197283,4.559421,9.238008,1.7338185,5.7250547,7.4588733,0.9994241
4,16,538,1.0,0.38027164,0.6197283,1.6908659,2.7013128,0.6429883,1.67408,2.3170683,0.91028076
4,15,320,1.0,0.38027164,0.6197283,5.8683147,8.130823,2.2315538,5.0389013,7.2704554,0.99930465
4,96,373,1.0,0.38027164,0.6197283,2.626747,2.172283,0.99887735,1.3462253,2.3451025,0.9125442
4,173,286,1.0,0.38027164,0.6197283,1.6980995,1.7020713,0.6457391,1.0548218,1.7005609,0.845608
4,27,428,1.0,0.38027164,0.6197283,4.7701416,-0.4976027,1.8139496,-0.3083785,1.5055711,0.8184039
4,16,220,1.0,0.38027164,0.6197283,6.051845,5.1694784,2.301345,3.2036722,5.5050173,0.9959501
4,398,198,1.0,0.38027164,0.6197283,8.463959,9.015015,3.2186036,5.58686,8.805464,0.99985003
4,282,331,1.0,0.38027164,0.6197283,0.7741755,-11.9053135,0.294397,-7.37806,-7.083663,0.0008379926
4,98,22,1.0,0.38027164,0.6197283,4.7907944,6.871442,1.8218032,4.258427,6.08023,0.9977176
4,69,206,1.0,0.38027164,0.6197283,4.192612,-7.1688094,1.5943315,-4.442714,-2.8483827,0.054764975
4,27,468,1.0,0.38027164,0.6197283,2.2777438,4.203589,0.8661614,2.6050832,3.4712446,0.9698584
4,240,115,1.0,0.38027164,0.6197283,2.6931329,-5.002202,1.0241221,-3.1000063,-2.0758843,0.11146293
4,26,548,1.0,0.38027164,0.6197283,-3.8718135,4.1966515,-1.472341,2.6007838,1.1284429,0.75555146
4,79,67,1.0,0.38027164,0.6197283,5.522,6.171846,2.09986,3.8248677,5.9247274,0.9973346
4,193,428,1.0,0.38027164,0.6197283,-0.77084947,-8.660504,-0.2931322,-5.36716,-5.660292,0.0034694208
4,282,137,1.0,0.38027164,0.6197283,0.01359655,-1.5003027,0.005170382,-0.92978007,-0.92460966,0.2840196
4,190,492,1.0,0.38027164,0.6197283,1.3791374,-10.725326,0.52444685,-6.646788,-6.122341,0.002188515
4,27,476,1.0,0.38027164,0.6197283,5.810751,4.7384467,2.2096639,2.9365497,5.1462135,0.9942123
4,22,12,1.0,0.38027164,0.6197283,3.2250032,9.741012,1.2263772,6.036781,7.263158,0.9992995
4,262,556,1.0,0.38027164,0.6197283,-0.33473736,-7.049053,-0.12729113,-4.368498,-4.495789,0.011032795
4,27,144,1.0,0.38027164,0.6197283,3.3180823,6.3300896,1.2617726,3.9229357,5.1847086,0.99442965
4,144,198,1.0,0.38027164,0.6197283,3.9651196,-0.78324854,1.5078225,-0.4854013,1.0224212,0.735444
4,107,315,1.0,0.38027164,0.6197283,4.6610355,5.18726,1.7724596,3.214692,4.9871516,0.99322116
4,27,345,1.0,0.38027164,0.6197283,6.48076,5.6700153,2.4644494,3.513869,5.978318,0.9974733
4,11,424,1.0,0.38027164,0.6197283,4.241201,3.6416223,1.6128085,2.2568164,3.8696249,0.9795603
4,26,460,1.0,0.38027164,0.6197283,3.4375587,8.129554,1.307206,5.0381145,6.3453207,0.9982481
4,27,522,1.0,0.38027164,0.6197283,4.3805237,4.8228602,1.6657889,2.988863,4.6546516,0.9905725
4,84,524,1.0,0.38027164,0.6197283,3.329072,-0.004646845,1.2659516,-0.0028797816,1.2630719,0.7795545
4,11,466,1.0,0.38027164,0.6197283,5.3291607,-1.6835877,2.0265286,-1.043367,0.98316157,0.72773504
4,107,514,1.0,0.38027164,0.6197283,4.539204,1.9948692,1.7261306,1.236277,2.9624076,0.9508467
4,235,545,1.0,0.38027164,0.6197283,-0.79676896,9.585115,-0.30298865,5.9401674,5.637179,0.9964497
4,58,293,1.0,0.38027164,0.6197283,3.344122,4.0755377,1.2716748,2.525726,3.797401,0.97806305
4,27,301,1.0,0.38027164,0.6197283,3.2630582,-1.8220567,1.2408485,-1.1291801,0.11166847,0.5278881
4,114,214,1.0,0.38027164,0.6197283,-1.5757492,-2.0470798,-0.5992127,-1.2686334,-1.867846,0.13379115
4,355,101,1.0,0.38027164,0.6197283,0.5906048,1.6275926,0.22459026,1.0086652,1.2332555,0.7743879
4,373,376,1.0,0.38027164,0.6197283,3.285617,7.9618344,1.249427,4.9341745,6.1836014,0.9979412
4,201,465,1.0,0.38027164,0.6197283,2.2853935,-4.7669864,0.86907035,-2.9542365,-2.0851662,0.11054697
4,235,186,1.0,0.38027164,0.6197283,-3.5810547,8.825559,-1.3617736,5.4694486,4.107675,0.9838201
4,86,293,1.0,0.38027164,0.6197283,2.3812964,4.994104,0.9055395,3.0949876,4.0005274,0.98202306
4,3,320,1.0,0.38027164,0.6197283,3.1395335,3.8728259,1.1938756,2.4001,3.5939755,0.9732466
4,333,198,1.0,0.38027164,0.6197283,8.239959,9.298672,3.1334226,5.7626505,8.896073,0.999863
4,73,387,1.0,0.38027164,0.6197283,-3.6731453,-13.365643,-1.396793,-8.283068,-9.679861,6.2526284e-05
4,114,204,1.0,0.38027164,0.6197283,-1.6365563,-4.0487857,-0.622336,-2.5091472,-3.131483,0.041827127
4,107,527,1.0,0.38027164,0.6197283,7.2250633,2.7056453,2.7474866,1.6767651,4.4242516,0.98815876
4,55,270,1.0,0.38027164,0.6197283,4.1159725,8.13711,1.5651877,5.0427976,6.6079855,0.9986523
4,87,247,1.0,0.38027164,0.6197283,2.9681027,1.707269,1.1286852,1.0580429,2.186728,0.8990513
4,55,350,1.0,0.38027164,0.6197283,1.8872116,-0.8663049,0.71765304,-0.5368737,0.18077934,0.54507214
4,63,293,1.0,0.38027164,0.6197283,6.1921496,8.484588,2.354699,5.258139,7.612838,0.9995061
4,114,380,1.0,0.38027164,0.6197283,-2.4224343,6.9400344,-0.9211831,4.3009357,3.3797526,0.96706575
4,10,313,1.0,0.38027164,0.6197283,2.4219975,4.486896,0.921017,2.7806566,3.7016735,0.9759124
4,114,507,1.0,0.38027164,0.6197283,-2.365724,-0.62521076,-0.8996178,-0.38746083,-1.2870786,0.21634771
4,114,117,1.0,0.38027164,0.6197283,2.526992,5.4580517,0.96094346,3.3825092,4.3434525,0.98717505
4,17,82,1.0,0.38027164,0.6197283,3.7433505,-0.9801463,1.42349,-0.60742444,0.8160656,0.69340056
4,101,176,1.0,0.38027164,0.6197283,1.396734,2.4945288,0.53113836,1.5459301,2.0770686,0.88865435
4,1,320,1.0,0.38027164,0.6197283,4.903565,2.6131861,1.8646867,1.6194655,3.4841523,0.9702335
4,69,537,1.0,0.38027164,0.6197283,4.444504,6.74707,1.6901188,4.18135,5.871469,0.9971892
4,99,153,1.0,0.38027164,0.6197283,-0.8802755,4.303269,-0.3347438,2.6668577,2.332114,0.91150206
4,98,144,1.0,0.38027164,0.6197283,-5.5062785,-17.615452,-2.0938816,-10.916795,-13.010676,2.2363206e-06
4,16,345,1.0,0.38027164,0.6197283,7.717353,9.174258,2.9346905,5.685548,8.620238,0.9998197
4,99,204,1.0,0.38027164,0.6197283,1.428408,6.4947476,0.5431831,4.024979,4.568162,0.9897295
4,224,324,1.0,0.38027164,0.6197283,0.014618501,-0.43733686,0.0055590016,-0.27103004,-0.26547104,0.43401927
4,79,132,1.0,0.38027164,0.6197283,6.2689247,6.074388,2.3838942,3.7644703,6.1483645,0.9978676
4,60,87,1.0,0.38027164,0.6197283,5.5955734,0.6315956,2.127838,0.39141768,2.5192556,0.9254807
4,27,338,1.0,0.38027164,0.6197283,5.893391,6.400148,2.2410896,3.966353,6.2074423,0.99798965
4,211,359,1.0,0.38027164,0.6197283,4.142186,5.474585,1.575156,3.3927555,4.9679117,0.99309045
4,227,87,1.0,0.38027164,0.6197283,7.3117166,10.182389,2.7804384,6.310315,9.090754,0.99988735
4,27,241,1.0,0.38027164,0.6197283,6.149023,5.595589,2.338299,3.467745,5.806044,0.9969997
4,115,286,1.0,0.38027164,0.6197283,1.9000106,-2.9016438,0.7225202,-1.7982309,-1.0757108,0.25431857
4,8,293,1.0,0.38027164,0.6197283,4.1162376,6.6489816,1.5652884,4.120562,5.6858506,0.99661785
4,115,255,1.0,0.38027164,0.6197283,1.7651842,-9.724354,0.6712495,-6.0264573,-5.355208,0.004701281
4,148,347,1.0,0.38027164,0.6197283,5.362361,3.4107366,2.0391538,2.11373,4.1528835,0.9845242
4,204,54,1.0,0.38027164,0.6197283,-4.000335,-11.767751,-1.521214,-7.2928085,-8.814022,0.00014861215
4,64,95,1.0,0.38027164,0.6197283,4.418837,10.063372,1.6803584,6.2365565,7.916915,0.9996356
4,55,296,1.0,0.38027164,0.6197283,-0.6190419,8.439082,-0.23540409,5.229938,4.994534,0.9932707
4,157,28,1.0,0.38027164,0.6197283,-2.5658832,-1.8949211,-0.9757326,-1.1743363,-2.150069,0.10432478
4,55,526,1.0,0.38027164,0.6197283,3.6624694,6.680451,1.3927332,4.1400647,5.532798,0.99606067
4,27,64,1.0,0.38027164,0.6197283,4.115298,4.683834,1.564931,2.9027047,4.4676356,0.9886558
4,3,26,1.0,0.38027164,0.6197283,5.8500266,7.048591,2.2245991,4.3682117,6.5928106,0.99863166
4,16,111,1.0,0.38027164,0.6197283,4.3817716,2.8057196,1.6662635,1.738784,3.4050474,0.9678619
4,379,424,1.0,0.38027164,0.6197283,5.1778817,3.4556332,1.9690015,2.1415536,4.110555,0.9838659
4,114,248,1.0,0.38027164,0.6197283,0.055955097,3.5989873,0.021278137,2.2303944,2.2516725,0.90479475
4,235,150,1.0,0.38027164,0.6197283,-3.611543,4.072561,-1.3733673,2.5238812,1.1505139,0.75960475
4,196,450,0.0,0.38027164,0.6197283,-4.6883984,-15.268273,-1.7828649,-9.462181,-11.245046,1.3071729e-05
4,5,333,0.0,0.38027164,0.6197283,-1.8738962,-11.038072,-0.7125896,-6.8406057,-7.5531955,0.0005241568
4,403,315,0.0,0.38027164,0.6197283,-12.484827,-19.63905,-4.747626,-12.170876,-16.9185,4.491469e-08
4,99,26,0.0,0.38027164,0.6197283,-0.016652718,-0.6214081,-0.0063325567,-0.3851042,-0.39143676,0.40337145
4,336,35,0.0,0.38027164,0.6197283,-5.29105,-12.697772,-2.0120363,-7.869169,-9.881206,5.112399e-05
4,119,188,0.0,0.38027164,0.6197283,-3.2482805,-14.233861,-1.235229,-8.821127,-10.056356,4.2910273e-05
4,371,336,0.0,0.38027164,0.6197283,-5.431417,-12.544046,-2.065414,-7.773901,-9.839315,5.3310952e-05
4,380,385,0.0,0.38027164,0.6197283,1.6987298,-3.0245636,0.64597875,-1.8744078,-1.2284291,0.2264565
4,47,503,0.0,0.38027164,0.6197283,-5.006365,-17.130077,-1.9037786,-10.615994,-12.5197735,3.6536746e-06
4,14,483,0.0,0.38027164,0.6197283,-6.950417,-15.001089,-2.6430466,-9.296599,-11.939646,6.5264185e-06
4,46,221,0.0,0.38027164,0.6197283,-0.4056472,-15.853274,-0.15425612,-9.824723,-9.978979,4.6362227e-05
4,56,177,0.0,0.38027164,0.6197283,-3.523522,-16.87966,-1.3398955,-10.460803,-11.800698,7.499263e-06
4,392,117,0.0,0.38027164,0.6197283,-13.756946,-17.135979,-5.231376,-10.619652,-15.851028,1.306128e-07
4,89,326,0.0,0.38027164,0.6197283,-7.382373,-18.262884,-2.807307,-11.318027,-14.125334,7.335761e-07
4,100,35,0.0,0.38027164,0.6197283,-5.0566216,-9.049484,-1.9228898,-5.6082215,-7.5311112,0.00053585484
4,213,251,0.0,0.38027164,0.6197283,-0.7815314,-7.276966,-0.2971942,-4.5097423,-4.8069363,0.008106606
4,322,119,0.0,0.38027164,0.6197283,-15.924191,-15.54084,-6.0555186,-9.631099,-15.686617,1.5395322e-07
4,419,516,0.0,0.38027164,0.6197283,-7.2525764,-11.020231,-2.757949,-6.8295493,-9.587499,6.857605e-05
4,25,236,0.0,0.38027164,0.6197283,-6.264998,-15.813173,-2.382401,-9.799871,-12.182272,5.1204047e-06
4,128,275,0.0,0.38027164,0.6197283,-2.3436987,-10.2641325,-0.89124215,-6.360974,-7.252216,0.00070810074
4,172,321,0.0,0.38027164,0.6197283,-9.459039,-16.848778,-3.5970042,-10.441665,-14.038669,7.999877e-07
4,77,142,0.0,0.38027164,0.6197283,-3.2112565,-14.029268,-1.2211498,-8.694335,-9.915484,4.94013e-05
4,230,570,0.0,0.38027164,0.6197283,-1.6700771,-6.151175,-0.63508296,-3.8120575,-4.4471407,0.011576424
4,369,361,0.0,0.38027164,0.6197283,-4.8125725,-11.597281,-1.8300848,-7.187164,-9.017248,0.00012128475
4,186,285,0.0,0.38027164,0.6197283,0.1479467,-3.4880502,0.056259934,-2.1616435,-2.1053836,0.108574666
4,66,31,0.0,0.38027164,0.6197283,-5.291799,-11.457504,-2.0123212,-7.10054,-9.112862,0.000110226654
4,191,71,0.0,0.38027164,0.6197283,-3.1163669,-13.996332,-1.185066,-8.6739235,-9.85899,5.2272404e-05
4,394,19,0.0,0.38027164,0.6197283,-11.880477,-12.9682455,-4.5178084,-8.036789,-12.554598,3.5286282e-06
4,427,529,0.0,0.38027164,0.6197283,-9.314949,-15.602679,-3.542211,-9.669422,-13.211634,1.8291934e-06
4,354,187,0.0,0.38027164,0.6197283,-11.52084,-17.113243,-4.3810487,-10.605561,-14.98661,3.1002565e-07
4,356,43,0.0,0.38027164,0.6197283,-10.632358,-15.608631,-4.0431843,-9.673111,-13.716295,1.1043029e-06
4,63,57,0.0,0.38027164,0.6197283,-14.628439,-15.799079,-5.5627804,-9.791137,-15.353917,2.1472293e-07
4,77,31,0.0,0.38027164,0.6197283,-6.6880674,-9.209365,-2.5432825,-5.7073045,-8.250587,0.00026103694
4,113,218,0.0,0.38027164,0.6197283,-2.4467294,-7.3485317,-0.9304218,-4.5540934,-5.484515,0.0041333907
4,83,330,0.0,0.38027164,0.6197283,1.096216,-15.9088335,0.41685984,-9.859155,-9.442295,7.9291916e-05
4,368,356,0.0,0.38027164,0.6197283,-7.1783376,-10.309186,-2.7297182,-6.3888946,-9.118612,0.00010959466
4,312,202,0.0,0.38027164,0.6197283,-10.149023,-17.657757,-3.8593857,-10.943012,-14.802398,3.72735e-07
4,189,204,0.0,0.38027164,0.6197283,-0.3344683,-4.2984242,-0.12718882,-2.6638553,-2.7910442,0.05781005
4,346,68,0.0,0.38027164,0.6197283,-8.651298,-19.906532,-3.289843,-12.336642,-15.626486,1.6349458e-07
4,62,6,0.0,0.38027164,0.6197283,-10.038294,-15.720374,-3.8172784,-9.742361,-13.559639,1.2915852e-06
4,400,305,0.0,0.38027164,0.6197283,-15.149681,-20.121017,-5.760994,-12.469564,-18.230558,1.20939765e-08
4,114,410,0.0,0.38027164,0.6197283,-3.4705858,-1.646666,-1.3197653,-1.0204856,-2.340251,0.087843806
4,328,50,0.0,0.38027164,0.6197283,-12.4251795,-19.947788,-4.7249436,-12.362209,-17.087152,3.7944076e-08
4,257,157,0.0,0.38027164,0.6197283,-3.36687,-15.912225,-1.2803252,-9.861257,-11.141582,1.4496606e-05
4,321,180,0.0,0.38027164,0.6197283,-10.425643,-7.5112686,-3.9645765,-4.654946,-8.619522,0.00018051393
4,66,145,0.0,0.38027164,0.6197283,-9.93017,-12.704888,-3.7761621,-7.873579,-11.649741,8.721234e-06
4,89,216,0.0,0.38027164,0.6197283,-2.7729619,-18.401556,-1.0544788,-11.403966,-12.458445,3.8847634e-06
4,75,43,0.0,0.38027164,0.6197283,-6.277202,-15.560428,-2.387042,-9.643238,-12.03028,5.9609174e-06
4,239,199,0.0,0.38027164,0.6197283,-5.8191595,-9.934248,-2.2128613,-6.1565347,-8.369396,0.00023180175
4,219,161,0.0,0.38027164,0.6197283,-7.456833,-17.589756,-2.835622,-10.90087,-13.736492,1.0822231e-06
4,37,45,0.0,0.38027164,0.6197283,-4.413457,-19.604313,-1.6783125,-12.149348,-13.827661,9.879225e-07
4,291,258,0.0,0.38027164,0.6197283,-11.607294,-20.642094,-4.4139247,-12.79249,-17.206415,3.3678198e-08
4,385,145,0.0,0.38027164,0.6197283,-4.5589256,-7.2753377,-1.7336302,-4.508733,-6.242363,0.001941477
4,345,367,0.0,0.38027164,0.6197283,-2.8469968,-13.163953,-1.0826322,-8.158074,-9.240706,9.6999625e-05
4,180,459,0.0,0.38027164,0.6197283,-4.696342,-3.5576284,-1.7858857,-2.2047632,-3.9906487,0.018152125
4,417,214,0.0,0.38027164,0.6197283,-5.980276,-16.561474,-2.2741294,-10.263615,-12.5377445,3.588601e-06
4,223,561,0.0,0.38027164,0.6197283,-1.3891528,-15.473831,-0.5282554,-9.589572,-10.117827,4.035207e-05
4,287,483,0.0,0.38027164,0.6197283,-10.556428,-18.506603,-4.0143104,-11.469067,-15.483377,1.8864901e-07
4,143,167,0.0,0.38027164,0.6197283,1.4723246,-9.4083,0.5598833,-5.8305902,-5.270707,0.0051136906
4,331,39,0.0,0.38027164,0.6197283,-14.107481,-18.08057,-5.364675,-11.205042,-16.569717,6.365949e-08
4,13,554,0.0,0.38027164,0.6197283,-2.690176,-9.058824,-1.0229976,-5.6140094,-6.6370068,0.0013092291
4,26,226,0.0,0.38027164,0.6197283,-0.43844104,-4.1821427,-0.1667267,-2.5917923,-2.758519,0.059607334
4,206,165,0.0,0.38027164,0.6197283,-4.129687,-17.739895,-1.5704027,-10.993916,-12.564319,3.494493e-06
4,401,22,0.0,0.38027164,0.6197283,-16.497257,-11.320504,-6.273439,-7.015637,-13.289076,1.6928831e-06
4,45,42,0.0,0.38027164,0.6197283,-1.3916445,-17.079441,-0.52920294,-10.584614,-11.113817,1.4904728e-05
4,346,135,0.0,0.38027164,0.6197283,-8.524992,-16.035446,-3.2418127,-9.93762,-13.179433,1.8890534e-06
4,149,224,0.0,0.38027164,0.6197283,-8.042507,-18.40209,-3.0583375,-11.404297,-14.462634,5.2354926e-07
4,15,288,0.0,0.38027164,0.6197283,-2.582083,-11.47306,-0.98189294,-7.11018,-8.0920725,0.00030586144
4,363,38,0.0,0.38027164,0.6197283,-3.4852579,-17.98644,-1.3253447,-11.146707,-12.472052,3.832262e-06
4,141,22,0.0,0.38027164,0.6197283,-5.3552475,-17.296783,-2.0364487,-10.719307,-12.755755,2.885656e-06
4,233,130,0.0,0.38027164,0.6197283,-16.309288,-21.46811,-6.2019596,-13.304396,-19.506355,3.3767393e-09
4,417,483,0.0,0.38027164,0.6197283,-10.521309,-15.870456,-4.0009556,-9.835371,-13.836327,9.793981e-07
4,215,95,0.0,0.38027164,0.6197283,-4.146922,-15.478996,-1.5769569,-9.5927725,-11.169729,1.4094254e-05
4,102,541,0.0,0.38027164,0.6197283,-2.25602,-17.478806,-0.85790044,-10.832111,-11.690012,8.377002e-06
4,223,322,0.0,0.38027164,0.6197283,-7.5732546,-15.131723,-2.879894,-9.377558,-12.257452,4.7495687e-06
4,360,432,0.0,0.38027164,0.6197283,-2.4707599,-14.85273,-0.93955994,-9.204658,-10.1442175,3.930115e-05
4,140,36,0.0,0.38027164,0.6197283,-3.458741,-8.621661,-1.3152611,-5.3430877,-6.658349,0.0012816186
4,24,40,0.0,0.38027164,0.6197283,-12.872912,-10.7305355,-4.8952036,-6.650017,-11.54522,9.682117e-06
4,66,176,0.0,0.38027164,0.6197283,-4.0028753,-0.9662776,-1.52218,-0.5988296,-2.1210096,0.107071504
4,385,459,0.0,0.38027164,0.6197283,-4.128124,-11.7605,-1.5698086,-7.288315,-8.858124,0.00014220143
4,169,435,0.0,0.38027164,0.6197283,-0.009664133,-8.438984,-0.0036749959,-5.2298775,-5.2335525,0.005306234
4,100,158,0.0,0.38027164,0.6197283,-1.4338628,-16.606766,-0.5452574,-10.291683,-10.836941,1.9659292e-05
4,263,402,0.0,0.38027164,0.6197283,-11.984319,-16.07766,-4.5572968,-9.963781,-14.521078,4.93828e-07
4,186,362,0.0,0.38027164,0.6197283,-1.5760822,-1.9609653,-0.59933937,-1.2152658,-1.8146051,0.14008248
4,77,8,0.0,0.38027164,0.6197283,-7.582205,-9.527851,-2.8832974,-5.9046793,-8.787977,0.00015253296
4,233,450,0.0,0.38027164,0.6197283,-9.843087,-15.472964,-3.743047,-9.589034,-13.332081,1.621624e-06
4,426,210,0.0,0.38027164,0.6197283,-15.260103,-12.868554,-5.8029847,-7.9750075,-13.777992,1.0382299e-06
4,409,328,0.0,0.38027164,0.6197283,-12.011155,-15.2948885,-4.5675015,-9.478676,-14.046177,7.940037e-07
4,152,9,0.0,0.38027164,0.6197283,-6.176137,-12.692041,-2.3486097,-7.8656178,-10.214228,3.6643873e-05
4,228,456,0.0,0.38027164,0.6197283,-3.846652,-14.264036,-1.4627727,-8.839828,-10.3026,3.3544642e-05
4,323,476,0.0,0.38027164,0.6197283,-7.682082,-19.864788,-2.921278,-12.310772,-15.23205,2.425519e-07
4,8,446,0.0,0.38027164,0.6197283,-4.165459,-12.351386,-1.584006,-7.654504,-9.23851,9.721288e-05
4,253,312,0.0,0.38027164,0.6197283,-0.47886857,-17.289637,-0.18210015,-10.714877,-10.896977,1.8513765e-05
4,117,216,0.0,0.38027164,0.6197283,1.9245872,-15.439597,0.73186594,-9.568356,-8.83649,0.0001453109
4,32,75,0.0,0.38027164,0.6197283,2.2224615,-6.2981544,0.8451391,-3.9031446,-3.0580056,0.044873107
4,165,280,0.0,0.38027164,0.6197283,-4.680167,-12.45645,-1.7797348,-7.719615,-9.49935,7.4894924e-05
4,188,284,0.0,0.38027164,0.6197283,-6.2329025,-9.485623,-2.370196,-5.8785095,-8.248706,0.00026152848
4,86,440,0.0,0.38027164,0.6197283,-3.986518,-11.5268545,-1.5159597,-7.1435184,-8.659478,0.00017344471
4,357,582,0.0,0.38027164,0.6197283,-5.1165047,-13.886518,-1.9456617,-8.605868,-10.55153,2.6152755e-05
4,185,502,0.0,0.38027164,0.6197283,-5.4449286,-13.731662,-2.0705519,-8.5099,-10.580452,2.5407215e-05
4,176,138,0.0,0.38027164,0.6197283,1.3476919,3.991825,0.512489,2.4738472,2.9863362,0.951953
4,219,370,0.0,0.38027164,0.6197283,-19.77724,-8.520198,-7.520724,-5.280208,-12.800932,2.7581934e-06
4,315,472,0.0,0.38027164,0.6197283,-15.542443,-15.95522,-5.9103503,-9.887902,-15.798252,1.3769122e-07
4,142,115,0.0,0.38027164,0.6197283,-5.7010646,-16.368315,-2.1679533,-10.1439085,-12.311862,4.49805e-06
4,121,156,0.0,0.38027164,0.6197283,-15.222964,-13.718864,-5.7888618,-8.501969,-14.290831,6.216856e-07
4,226,23,0.0,0.38027164,0.6197283,3.504924,-10.594083,1.3328233,-6.565453,-5.23263,0.0053111063
4,322,264,0.0,0.38027164,0.6197283,-10.212675,-10.628904,-3.8835907,-6.5870333,-10.470624,2.8356555e-05
4,345,51,0.0,0.38027164,0.6197283,-1.6639278,-10.19295,-0.63274455,-6.31686,-6.949605,0.000958095
4,133,259,0.0,0.38027164,0.6197283,-5.324764,-11.759511,-2.0248566,-7.287702,-9.312559,9.027505e-05
4,21,369,0.0,0.38027164,0.6197283,-6.1817465,-15.925471,-2.3507428,-9.869466,-12.220209,4.9297905e-06
4,393,474,0.0,0.38027164,0.6197283,-13.0904455,-7.71923,-4.9779253,-4.7838254,-9.761751,5.7610323e-05
4,294,335,0.0,0.38027164,0.6197283,-17.3894,-13.552562,-6.6126957,-8.398907,-15.011602,3.0237354e-07
4,81,292,0.0,0.38027164,0.6197283,-8.03814,-21.910122,-3.0566769,-13.578323,-16.635,5.963636e-08
4,92,295,0.0,0.38027164,0.6197283,1.2491043,-1.3458934,0.47499892,-0.83408827,-0.35908934,0.41118
4,254,437,0.0,0.38027164,0.6197283,-7.181961,-12.063647,-2.731096,-7.476184,-10.20728,3.689933e-05
4,265,414,0.0,0.38027164,0.6197283,-18.481512,-16.554644,-7.027995,-10.259381,-17.287376,3.1059027e-08
4,220,406,0.0,0.38027164,0.6197283,-5.9821377,-13.337191,-2.2748373,-8.265435,-10.540273,2.6448817e-05
4,328,580,0.0,0.38027164,0.6197283,-10.364753,-19.30706,-3.9414215,-11.965132,-15.906553,1.2355821e-07
4,30,421,0.0,0.38027164,0.6197283,2.5882428,-4.546816,0.98423535,-2.8177905,-1.8335552,0.13781528
4,136,551,0.0,0.38027164,0.6197283,-10.137717,-18.692415,-3.8550863,-11.584219,-15.439305,1.971491e-07
4,167,200,0.0,0.38027164,0.6197283,-11.919993,-21.790094,-4.5328355,-13.503939,-18.036774,1.468009e-08
4,290,576,0.0,0.38027164,0.6197283,-14.677159,-14.488257,-5.5813074,-8.978784,-14.560091,4.7493327e-07
4,411,118,0.0,0.38027164,0.6197283,-6.9998455,-11.371258,-2.6618428,-7.0470905,-9.708933,6.0734805e-05
4,248,468,0.0,0.38027164,0.6197283,-8.541663,-16.266268,-3.2481523,-10.080667,-13.328819,1.6269216e-06
4,176,270,0.0,0.38027164,0.6197283,0.29868522,-1.0263644,0.11358152,-0.6360671,-0.52248555,0.37227124
4,313,31,0.0,0.38027164,0.6197283,-13.65186,-17.217545,-5.1914153,-10.6702,-15.861616,1.2923721e-07
4,198,466,0.0,0.38027164,0.6197283,-5.8909397,-10.618619,-2.2401574,-6.580659,-8.820816,0.00014760604
4,337,565,0.0,0.38027164,0.6197283,-16.411388,-15.417969,-6.2407856,-9.554952,-15.795737,1.3803792e-07
4,389,466,0.0,0.38027164,0.6197283,-14.974571,-20.041016,-5.6944046,-12.419985,-18.11439,1.358378e-08
4,143,311,0.0,0.38027164,0.6197283,-4.3111067,0.6473482,-1.6393917,0.40118003,-1.2382116,0.22474743
4,59,96,0.0,0.38027164,0.6197283,-8.604909,-14.586437,-3.272203,-9.039628,-12.3118305,4.498192e-06
4,395,5,0.0,0.38027164,0.6197283,-12.6463,-16.71014,-4.8090296,-10.355747,-15.164777,2.5943046e-07
4,159,176,0.0,0.38027164,0.6197283,-9.6836,-8.640591,-3.6823986,-5.354819,-9.037217,0.00011888714
4,232,188,0.0,0.38027164,0.6197283,0.27287567,1.0338618,0.10376688,0.6407134,0.74448025,0.6779748
4,0,90,0.0,0.38027164,0.6197283,-5.543499,-14.472886,-2.1080356,-8.969257,-11.077293,1.545916e-05
4,376,69,0.0,0.38027164,0.6197283,-5.0118437,-9.803258,-1.905862,-6.0753565,-7.9812183,0.0003417059
4,424,323,0.0,0.38027164,0.6197283,-1.6309377,-13.553142,-0.6201994,-8.399265,-9.0194645,0.00012101627
4,255,52,0.0,0.38027164,0.6197283,-9.708851,-8.681557,-3.6920006,-5.3802066,-9.072207,0.00011479964
4,195,287,0.0,0.38027164,0.6197283,-5.8194013,-15.874234,-2.2129533,-9.837712,-12.050666,5.8406313e-06
4,11,441,0.0,0.38027164,0.6197283,3.488202,5.598603,1.3264643,3.4696128,4.7960773,0.9918057
4,252,265,0.0,0.38027164,0.6197283,-4.8683233,-7.7928457,-1.8512853,-4.8294473,-6.6807327,0.0012532854
4,120,202,0.0,0.38027164,0.6197283,-6.509528,-18.729494,-2.475389,-11.607198,-14.082586,7.656145e-07
4,241,21,0.0,0.38027164,0.6197283,-1.7082394,-0.197608,-0.649595,-0.12246327,-0.7720583,0.31603402
4,15,573,0.0,0.38027164,0.6197283,2.6809597,-1.9662844,1.019493,-1.2185621,-0.19906914,0.45039642
4,193,147,0.0,0.38027164,0.6197283,-5.6629705,-6.6370587,-2.1534672,-4.1131735,-6.2666407,0.0018949981
4,260,461,0.0,0.38027164,0.6197283,-1.899838,-17.514347,-0.7224545,-10.854137,-11.5765915,9.383095e-06
4,358,545,0.0,0.38027164,0.6197283,-0.7297344,-8.823877,-0.27749732,-5.4684067,-5.745904,0.0031856634
4,278,201,0.0,0.38027164,0.6197283,-15.154587,-16.646214,-5.76286,-10.31613,-16.078989,1.0398812e-07
4,126,410,0.0,0.38027164,0.6197283,-6.9334726,-17.830976,-2.636603,-11.050362,-13.686965,1.137172e-06
4,348,58,0.0,0.38027164,0.6197283,-3.7644792,-6.8798876,-1.4315246,-4.2636614,-5.695186,0.0033508453
4,57,493,0.0,0.38027164,0.6197283,-17.83627,-18.39835,-6.7826276,-11.4019785,-18.184607,1.2662682e-08
4,37,14,0.0,0.38027164,0.6197283,-12.316817,-20.005247,-4.6837363,-12.397819,-17.081554,3.815708e-08
4,344,433,0.0,0.38027164,0.6197283,-10.100975,-18.368795,-3.8411143,-11.383663,-15.224777,2.4432234e-07
4,164,525,0.0,0.38027164,0.6197283,-6.137345,-12.733521,-2.3338583,-7.891324,-10.225183,3.6244648e-05
4,18,460,0.0,0.38027164,0.6197283,-5.661043,-10.677403,-2.1527343,-6.6170893,-8.769823,0.00015532694
4,300,256,0.0,0.38027164,0.6197283,-10.408616,-15.719951,-3.9581015,-9.742099,-13.7002,1.1222205e-06
4,6,144,0.0,0.38027164,0.6197283,-1.1755464,-17.485888,-0.44702697,-10.8365,-11.283527,1.2578269e-05
4,333,479,0.0,0.38027164,0.6197283,-10.921306,-12.077613,-4.153063,-7.484839,-11.637901,8.8251045e-06
4,231,427,0.0,0.38027164,0.6197283,-1.6610969,-8.018078,-0.63166803,-4.96903,-5.600698,0.0036816786
4,63,431,0.0,0.38027164,0.6197283,-4.0252166,-17.750439,-1.5306758,-11.00045,-12.531126,3.6124309e-06
4,245,115,0.0,0.38027164,0.6197283,1.7030061,-6.476597,0.64760494,-4.0137305,-3.3661256,0.033371065
4,20,415,0.0,0.38027164,0.6197283,-1.9733392,-12.561668,-0.75040495,-7.7848215,-8.535227,0.00019638702
4,10,230,0.0,0.38027164,0.6197283,-3.5599627,-13.490848,-1.3537529,-8.360661,-9.714414,6.0402865e-05
4,128,462,0.0,0.38027164,0.6197283,-8.448409,-8.080368,-3.2126904,-5.0076327,-8.220324,0.00026905554
4,118,575,0.0,0.38027164,0.6197283,-2.9140391,-13.008296,-1.1081264,-8.061609,-9.169736,0.00010413317
4,82,49,0.0,0.38027164,0.6197283,-7.3707743,-14.625302,-2.8028965,-9.063714,-11.866611,7.020911e-06
4,149,556,0.0,0.38027164,0.6197283,-6.8366227,-16.616255,-2.5997736,-10.297564,-12.897337,2.5047054e-06
4,209,551,0.0,0.38027164,0.6197283,-4.5207534,-11.62269,-1.7191143,-7.2029104,-8.922025,0.00013340003
4,221,209,0.0,0.38027164,0.6197283,-11.818925,-23.703627,-4.494402,-14.689809,-19.184212,4.6601802e-09
4,44,476,0.0,0.38027164,0.6197283,-8.346433,-16.386145,-3.1739116,-10.154958,-13.328869,1.6268411e-06
4,351,278,0.0,0.38027164,0.6197283,-1.0068862,-11.167342,-0.38289028,-6.920718,-7.3036084,0.00067265285
4,18,78,0.0,0.38027164,0.6197283,-8.382424,-9.597774,-3.1875982,-5.9480124,-9.135611,0.00010774768
4,171,503,0.0,0.38027164,0.6197283,-4.4247293,-13.591263,-1.6825991,-8.422891,-10.10549,4.0852992e-05
4,29,429,0.0,0.38027164,0.6197283,-3.0201397,-11.030734,-1.1484735,-6.836058,-7.9845314,0.00034057605
4,18,307,0.0,0.38027164,0.6197283,-15.573022,-20.466305,-5.9219785,-12.683549,-18.605528,8.3123135e-09
4,39,532,0.0,0.38027164,0.6197283,-10.871871,-9.31761,-4.1342645,-5.774387,-9.908651,4.9740003e-05
4,163,580,0.0,0.38027164,0.6197283,-4.3736343,-13.19401,-1.6631691,-8.176702,-9.83987,5.3281372e-05
4,186,413,0.0,0.38027164,0.6197283,-15.98018,-12.0346365,-6.0768094,-7.458205,-13.535015,1.3237837e-06
4,404,547,0.0,0.38027164,0.6197283,-14.111501,-17.875408,-5.366204,-11.077897,-16.444101,7.21801e-08
4,382,442,0.0,0.38027164,0.6197283,-5.5378337,-16.946888,-2.1058812,-10.502466,-12.608347,3.343975e-06
4,36,418,0.0,0.38027164,0.6197283,-1.9914222,-1.3835655,-0.75728136,-0.85743475,-1.614716,0.16593489
4,389,558,0.0,0.38027164,0.6197283,-11.106269,-19.799355,-4.223399,-12.270221,-16.49362,6.86929e-08
4,246,40,0.0,0.38027164,0.6197283,-12.141319,-11.10241,-4.6169996,-6.8804784,-11.4974785,1.0155566e-05
4,13,130,0.0,0.38027164,0.6197283,-6.8311596,-10.57677,-2.5976963,-6.5547237,-9.15242,0.00010595183
4,225,326,0.0,0.38027164,0.6197283,-7.631851,-17.534504,-2.9021766,-10.866629,-13.7688055,1.0478119e-06
4,166,538,0.0,0.38027164,0.6197283,-7.6879826,-20.80854,-2.9235218,-12.895642,-15.819164,1.3484168e-07
4,247,151,0.0,0.38027164,0.6197283,-1.0528703,-11.627322,-0.4003767,-7.205781,-7.606158,0.000497132
4,134,405,0.0,0.38027164,0.6197283,-12.702242,-13.253188,-4.8303022,-8.213376,-13.043678,2.1637225e-06
4,389,447,0.0,0.38027164,0.6197283,-8.393512,-19.657642,-3.1918144,-12.182398,-15.374212,2.1040901e-07
4,414,167,0.0,0.38027164,0.6197283,0.73535323,-15.311532,0.27963397,-9.48899,-9.209356,0.00010008844
4,172,411,0.0,0.38027164,0.6197283,-6.450846,-16.433332,-2.453074,-10.184201,-12.637276,3.2486244e-06
4,176,373,0.0,0.38027164,0.6197283,-4.874217,-12.17363,-1.8535265,-7.544343,-9.397869,8.289365e-05
4,246,197,0.0,0.38027164,0.6197283,-1.2582064,-13.511121,-0.4784602,-8.373224,-8.851685,0.0001431199
4,367,451,0.0,0.38027164,0.6197283,-0.061731234,-13.330098,-0.023474637,-8.26104,-8.284514,0.00025233152
4,33,261,0.0,0.38027164,0.6197283,-5.3074365,-22.482615,-2.0182676,-13.933113,-15.951381,1.1814173e-07
4,384,90,0.0,0.38027164,0.6197283,-13.636285,-13.229341,-5.1854925,-8.198597,-13.384089,1.5394412e-06
4,65,497,0.0,0.38027164,0.6197283,-5.7862554,-7.25028,-2.2003489,-4.4932036,-6.6935525,0.001237341
4,226,347,0.0,0.38027164,0.6197283,5.630103,2.4573307,2.1409686,1.5228775,3.663846,0.975007
4,287,561,0.0,0.38027164,0.6197283,-6.0894628,-17.13418,-2.31565,-10.618537,-12.934187,2.414087e-06
4,151,276,0.0,0.38027164,0.6197283,-9.699774,-14.81348,-3.6885488,-9.180333,-12.868882,2.5769998e-06
4,367,491,0.0,0.38027164,0.6197283,-11.082591,-19.466686,-4.214395,-12.064057,-16.278452,8.518402e-08
4,318,350,0.0,0.38027164,0.6197283,-9.634885,-13.936503,-3.6638734,-8.636846,-12.300719,4.548451e-06
4,135,85,0.0,0.38027164,0.6197283,4.1984034,-2.2115443,1.5965338,-1.3705566,0.22597718,0.5562551
4,60,382,0.0,0.38027164,0.6197283,-6.9197154,-8.812396,-2.6313715,-5.4612913,-8.092663,0.000305681
4,41,397,0.0,0.38027164,0.6197283,-11.148765,-20.53113,-4.239559,-12.723722,-16.963282,4.2947747e-08
4,237,98,0.0,0.38027164,0.6197283,-5.4641466,-7.5784435,-2.07786,-4.696576,-6.774436,0.0011413107
4,119,423,0.0,0.38027164,0.6197283,-5.244835,-13.4101095,-1.994462,-8.310625,-10.305087,3.3461318e-05
4,417,580,0.0,0.38027164,0.6197283,-3.4305508,-9.26055,-1.3045412,-5.7390246,-7.0435658,0.00087224663
4,395,33,0.0,0.38027164,0.6197283,-11.879174,-19.488594,-4.517313,-12.077634,-16.594948,6.2073426e-08
4,190,426,0.0,0.38027164,0.6197283,-10.6016035,-17.650385,-4.0314894,-10.938443,-14.969933,3.152396e-07
4,71,537,0.0,0.38027164,0.6197283,-5.2193456,-6.3840547,-1.9847691,-3.9563794,-5.9411488,0.0026221143
4,224,412,0.0,0.38027164,0.6197283,-11.557055,-14.979999,-4.3948207,-9.283529,-13.67835,1.1470105e-06
4,249,428,0.0,0.38027164,0.6197283,-2.2341223,-9.151141,-0.8495734,-5.6712213,-6.520795,0.0014703331
4,253,4,0.0,0.38027164,0.6197283,-4.3121977,-9.13625,-1.6398065,-5.6619925,-7.301799,0.0006738703
4,20,308,0.0,0.38027164,0.6197283,-7.314747,-2.7297099,-2.7815907,-1.6916785,-4.4732695,0.011281233
4,252,12,0.0,0.38027164,0.6197283,-2.403037,-14.828817,-0.91380686,-9.189838,-10.103645,4.0928404e-05
4,391,544,0.0,0.38027164,0.6197283,-6.1199317,-16.082327,-2.3272364,-9.966674,-12.29391,4.5795277e-06
4,84,489,0.0,0.38027164,0.6197283,0.36867595,-7.3359513,0.14019701,-4.546297,-4.4061003,0.012055563
4,1,471,0.0,0.38027164,0.6197283,-1.1817429,-18.208572,-0.44938332,-11.2843685,-11.733752,8.018492e-06
4,351,44,0.0,0.38027164,0.6197283,-8.038892,-13.201874,-3.0569625,-8.181575,-11.238537,1.3157086e-05
4,156,329,0.0,0.38027164,0.6197283,0.20995925,-14.59715,0.079841554,-9.0462675,-8.966426,0.00012760723
4,100,423,0.0,0.38027164,0.6197283,4.264366,-2.7213783,1.6216176,-1.6865152,-0.06489766,0.4837813
4,414,302,0.0,0.38027164,0.6197283,-2.7448907,-15.765947,-1.043804,-9.770604,-10.814408,2.0107285e-05
4,80,399,0.0,0.38027164,0.6197283,-7.5954666,-17.885294,-2.8883405,-11.084023,-13.972364,8.548283e-07
4,156,568,0.0,0.38027164,0.6197283,-1.1021926,-5.387566,-0.41913262,-3.3388274,-3.75796,0.022799347
4,124,422,0.0,0.38027164,0.6197283,-13.804122,-19.360378,-5.249316,-11.998175,-17.24749,3.2322898e-08
4,392,400,0.0,0.38027164,0.6197283,-11.725177,-15.779984,-4.458752,-9.779304,-14.238056,6.5537586e-07
4,291,516,0.0,0.38027164,0.6197283,-9.358367,-13.838695,-3.5587215,-8.576231,-12.134953,5.3685217e-06
4,360,339,0.0,0.38027164,0.6197283,-0.83004725,-11.471021,-0.31564343,-7.1089163,-7.4245596,0.000596068
4,290,526,0.0,0.38027164,0.6197283,-11.631884,-15.681161,-4.4232755,-9.71806,-14.141335,7.2193177e-07
4,158,69,0.0,0.38027164,0.6197283,-7.7109046,-8.578614,-2.9322383,-5.31641,-8.248649,0.0002615434
4,205,354,0.0,0.38027164,0.6197283,-15.330913,-14.186906,-5.829911,-8.792027,-14.621939,4.464497e-07
4,70,128,0.0,0.38027164,0.6197283,-1.3450527,-7.5837507,-0.5114854,-4.6998653,-5.211351,0.0054247123
4,57,260,0.0,0.38027164,0.6197283,-5.1618423,-15.671004,-1.9629023,-9.711765,-11.674667,8.506535e-06
4,231,556,0.0,0.38027164,0.6197283,-3.9994059,-12.85642,-1.5208607,-7.9674873,-9.488348,7.572337e-05
4,117,522,0.0,0.38027164,0.6197283,0.690104,-10.455305,0.26242697,-6.479449,-6.217022,0.0019912054
4,249,508,0.0,0.38027164,0.6197283,-5.981411,-17.114727,-2.274561,-10.606482,-12.8810425,2.5458523e-06
4,271,232,0.0,0.38027164,0.6197283,-1.5268385,-16.323507,-0.5806134,-10.116139,-10.696753,2.2617758e-05
4,64,17,0.0,0.38027164,0.6197283,-5.415166,-6.5218887,-2.0592341,-4.041799,-6.101033,0.0022355427
4,159,579,0.0,0.38027164,0.6197283,-15.187345,-12.888248,-5.775316,-7.9872127,-13.762529,1.0544087e-06
4,321,421,0.0,0.38027164,0.6197283,-10.57048,-12.618395,-4.019654,-7.819977,-11.83963,7.212915e-06
4,311,436,0.0,0.38027164,0.6197283,-12.696037,-11.8354845,-4.827943,-7.334785,-12.162727,5.2214646e-06
4,369,225,0.0,0.38027164,0.6197283,-8.73771,-12.987006,-3.3227034,-8.048415,-11.371119,1.1523409e-05
4,305,512,0.0,0.38027164,0.6197283,-14.436271,-18.264286,-5.4897046,-11.318895,-16.8086,5.013234e-08
4,79,539,0.0,0.38027164,0.6197283,-8.166293,-4.183394,-3.1054096,-2.5925677,-5.697977,0.0033415377
4,61,337,0.0,0.38027164,0.6197283,-13.493545,-18.399878,-5.131212,-11.4029255,-16.534138,6.596525e-08
4,311,399,0.0,0.38027164,0.6197283,-17.31345,-20.804863,-6.583814,-12.893363,-19.477177,3.4767196e-09
4,205,79,0.0,0.38027164,0.6197283,-10.217587,-9.345782,-3.8854587,-5.791846,-9.677304,6.268635e-05
4,359,511,0.0,0.38027164,0.6197283,-10.9324045,-14.027959,-4.1572833,-8.693523,-12.850807,2.6240023e-06
4,153,502,0.0,0.38027164,0.6197283,-10.597909,-16.14441,-4.030084,-10.005148,-14.035233,8.027413e-07
4,365,59,0.0,0.38027164,0.6197283,-11.684029,-12.767951,-4.4431047,-7.912661,-12.355766,4.30484e-06
4,292,425,0.0,0.38027164,0.6197283,-10.002253,-18.716583,-3.8035731,-11.599196,-15.402769,2.044854e-07
4,288,9,0.0,0.38027164,0.6197283,-3.9146028,-14.410643,-1.4886124,-8.930683,-10.419295,2.9850014e-05
4,153,96,0.0,0.38027164,0.6197283,-10.254535,-15.294198,-3.8995087,-9.478248,-13.377756,1.5492221e-06
4,296,467,0.0,0.38027164,0.6197283,-13.743136,-16.163422,-5.2261252,-10.016931,-15.243055,2.3989716e-07
4,281,347,0.0,0.38027164,0.6197283,4.0090322,2.0922968,1.5245212,1.2966557,2.821177,0.9438095
4,304,301,0.0,0.38027164,0.6197283,-15.147426,-17.147173,-5.7601366,-10.626589,-16.386726,7.644255e-08
4,410,554,0.0,0.38027164,0.6197283,-6.4534836,-17.417309,-2.4540768,-10.794,-13.248076,1.7637326e-06
4,379,383,0.0,0.38027164,0.6197283,-9.428908,-4.041973,-3.5855465,-2.5049253,-6.0904717,0.002259225
4,187,341,0.0,0.38027164,0.6197283,-6.4689245,-16.57074,-2.4599485,-10.269357,-12.729305,2.9630003e-06
4,406,259,0.0,0.38027164,0.6197283,-9.204191,-15.16798,-3.500093,-9.400027,-12.90012,2.497745e-06
4,322,243,0.0,0.38027164,0.6197283,-5.1646986,-17.39774,-1.9639884,-10.781872,-12.74586,2.914352e-06
4,344,44,0.0,0.38027164,0.6197283,-16.000702,-17.74089,-6.0846133,-10.994533,-17.079145,3.824911e-08
4,337,63,0.0,0.38027164,0.6197283,-19.30629,-19.622719,-7.3416343,-12.160755,-19.50239,3.390156e-09
4,158,463,0.0,0.38027164,0.6197283,-15.340838,-16.073526,-5.833686,-9.96122,-15.794906,1.3815276e-07
4,62,22,0.0,0.38027164,0.6197283,-10.151507,-17.515972,-3.8603303,-10.8551445,-14.715475,4.065839e-07
4,314,458,0.0,0.38027164,0.6197283,-11.984899,-22.07558,-4.557517,-13.680862,-18.23838,1.1999745e-08
4,190,159,0.0,0.38027164,0.6197283,-12.079375,-13.87464,-4.593444,-8.598508,-13.191952,1.8655518e-06
4,14,93,0.0,0.38027164,0.6197283,-16.45461,-16.27914,-6.2572217,-10.088644,-16.345865,7.963076e-08
4,254,269,0.0,0.38027164,0.6197283,-3.8332791,-21.162157,-1.4576874,-13.114788,-14.572475,4.690878e-07
4,295,64,0.0,0.38027164,0.6197283,-15.675555,-18.67383,-5.960969,-11.572701,-17.53367,2.4278602e-08
4,196,267,0.0,0.38027164,0.6197283,-7.807878,-12.000933,-2.9691145,-7.437318,-10.406432,3.0236448e-05
4,130,253,0.0,0.38027164,0.6197283,-5.120325,-20.669502,-1.9471145,-12.809476,-14.75659,3.9020625e-07
4,160,188,0.0,0.38027164,0.6197283,-6.858564,-13.578318,-2.6081173,-8.414868,-11.022985,1.6321917e-05
4,233,149,0.0,0.38027164,0.6197283,-9.991231,-13.375835,-3.7993817,-8.289384,-12.088766,5.622289e-06
4,320,345,0.0,0.38027164,0.6197283,-7.4635715,-11.124179,-2.8381846,-6.8939686,-9.732153,5.9340866e-05
4,12,99,0.0,0.38027164,0.6197283,-8.935774,-18.670557,-3.3980215,-11.570673,-14.968695,3.1563007e-07
4,107,548,0.0,0.38027164,0.6197283,4.4803,-6.1456685,1.7037311,-3.8086448,-2.1049137,0.108620144
4,163,382,0.0,0.38027164,0.6197283,-1.658181,-7.818816,-0.6305592,-4.845542,-5.476101,0.0041681714
4,396,178,0.0,0.38027164,0.6197283,-15.087522,-20.400942,-5.7373567,-12.643042,-18.380398,1.04110525e-08
4,166,549,0.0,0.38027164,0.6197283,-14.476257,-21.655819,-5.50491,-13.420725,-18.925634,6.035336e-09
4,363,308,0.0,0.38027164,0.6197283,-4.5094576,-8.129363,-1.7148188,-5.037997,-6.7528157,0.0011662258
4,111,501,0.0,0.38027164,0.6197283,-4.3775,-14.960532,-1.6646391,-9.271465,-10.936105,1.7803373e-05
4,338,429,0.0,0.38027164,0.6197283,-2.290379,-7.599455,-0.8709662,-4.7095976,-5.5805635,0.0037562775
4,251,457,0.0,0.38027164,0.6197283,-3.3321364,-7.8070674,-1.267117,-4.8382607,-6.1053777,0.002225873
4,381,516,0.0,0.38027164,0.6197283,-10.400929,-14.158609,-3.9551785,-8.774491,-12.72967,2.9619207e-06
4,327,136,0.0,0.38027164,0.6197283,-11.36151,-16.371634,-4.3204603,-10.145965,-14.466425,5.215683e-07
4,125,404,0.0,0.38027164,0.6197283,-5.0731335,-14.117909,-1.9291688,-8.749269,-10.678437,2.3035818e-05
4,335,146,0.0,0.38027164,0.6197283,-19.434227,-18.44015,-7.3902855,-11.427883,-18.818169,6.720061e-09
4,358,573,0.0,0.38027164,0.6197283,-1.0752959,-12.36284,-0.40890455,-7.661602,-8.070507,0.000312527
4,163,458,0.0,0.38027164,0.6197283,-6.9243264,-14.506697,-2.633125,-8.990211,-11.623336,8.954586e-06
4,296,44,0.0,0.38027164,0.6197283,-12.325088,-14.80446,-4.686881,-9.174743,-13.861624,9.54933e-07
4,38,27,0.0,0.38027164,0.6197283,-0.94342625,-18.265406,-0.35875824,-11.31959,-11.678348,8.475286e-06
4,139,61,0.0,0.38027164,0.6197283,-6.282787,-16.237877,-2.3891656,-10.063072,-12.452238,3.908949e-06
4,74,77,0.0,0.38027164,0.6197283,-9.624054,-18.381422,-3.6597548,-11.391488,-15.051243,2.9062178e-07
4,313,270,0.0,0.38027164,0.6197283,-12.683294,-13.0497055,-4.823097,-8.087272,-12.910369,2.472276e-06
4,192,67,0.0,0.38027164,0.6197283,-2.2032173,-9.51355,-0.83782107,-5.8958163,-6.7336373,0.001188781
4,129,343,0.0,0.38027164,0.6197283,2.9978852,-3.7158196,1.1400107,-2.3027987,-1.162788,0.23816106
4,35,17,0.0,0.38027164,0.6197283,-5.6971617,-15.534993,-2.166469,-9.627476,-11.793945,7.5500757e-06
4,154,236,0.0,0.38027164,0.6197283,-9.704271,-15.107602,-3.6902592,-9.362609,-13.052868,2.1439298e-06
4,407,231,0.0,0.38027164,0.6197283,-7.94216,-16.073906,-3.0201783,-9.961454,-12.981632,2.302225e-06
4,392,155,0.0,0.38027164,0.6197283,-11.580665,-20.194477,-4.4037986,-12.515089,-16.918888,4.4897305e-08
4,280,375,0.0,0.38027164,0.6197283,-14.410163,-17.698582,-5.4797764,-10.968312,-16.44809,7.18928e-08
4,355,103,0.0,0.38027164,0.6197283,-5.0986137,-12.4475,-1.9388583,-7.7140684,-9.652926,6.423318e-05
4,396,381,0.0,0.38027164,0.6197283,-18.36459,-15.979054,-6.983533,-9.902673,-16.886206,4.6388895e-08
4,59,30,0.0,0.38027164,0.6197283,-17.732403,-21.902283,-6.7431297,-13.573465,-20.316595,1.5018095e-09
4,26,159,0.0,0.38027164,0.6197283,-9.468888,-9.973565,-3.6007497,-6.180901,-9.781651,5.6475306e-05
4,9,317,0.0,0.38027164,0.6197283,-4.1826286,-13.872506,-1.590535,-8.597185,-10.18772,3.762816e-05
4,403,573,0.0,0.38027164,0.6197283,-8.919611,-16.380762,-3.391875,-10.151622,-13.543497,1.312603e-06
4,312,2,0.0,0.38027164,0.6197283,-14.624818,-15.566348,-5.5614038,-9.646907,-15.208311,2.4837868e-07
4,180,386,0.0,0.38027164,0.6197283,-2.9916353,-10.325174,-1.137634,-6.398803,-7.536437,0.0005330101
4,244,455,0.0,0.38027164,0.6197283,-0.9374568,-8.36359,-0.35648823,-5.1831536,-5.539642,0.003912565
4,169,417,0.0,0.38027164,0.6197283,0.36831927,-10.719263,0.14006138,-6.643031,-6.5029697,0.0014967374
4,113,36,0.0,0.38027164,0.6197283,-9.360696,-11.559849,-3.5596073,-7.1639657,-10.723573,2.2019223e-05
4,139,490,0.0,0.38027164,0.6197283,-10.866704,-18.899948,-4.1322994,-11.712833,-15.845133,1.3138512e-07
4,243,358,0.0,0.38027164,0.6197283,-6.5879793,-10.731103,-2.5052216,-6.6503687,-9.15559,0.00010561652
4,185,115,0.0,0.38027164,0.6197283,-2.3810706,-11.106684,-0.9054536,-6.8831267,-7.7885804,0.0004142691
4,403,567,0.0,0.38027164,0.6197283,-9.398125,-14.411106,-3.5738404,-8.930971,-12.504811,3.7087525e-06
4,80,314,0.0,0.38027164,0.6197283,-2.2756166,-8.685496,-0.8653525,-5.382648,-6.2480006,0.0019305834
4,272,107,0.0,0.38027164,0.6197283,-14.514077,-20.120016,-5.519292,-12.468944,-17.988235,1.5410212e-08
4,219,545,0.0,0.38027164,0.6197283,-9.188297,-15.901149,-3.4940488,-9.854392,-13.348441,1.5953096e-06
4,150,493,0.0,0.38027164,0.6197283,-11.882722,-16.515682,-4.518662,-10.235236,-14.753899,3.9125786e-07
4,142,376,0.0,0.38027164,0.6197283,-1.3926675,-15.281684,-0.529592,-9.470492,-10.000084,4.539406e-05
4,308,128,0.0,0.38027164,0.6197283,-16.62091,-14.599335,-6.320461,-9.047622,-15.368082,2.1170283e-07
4,247,566,0.0,0.38027164,0.6197283,-1.1504564,-5.864129,-0.43748596,-3.634167,-4.071653,0.016763384
4,336,369,0.0,0.38027164,0.6197283,-8.192129,-16.86063,-3.1152344,-10.44901,-13.564244,1.2856508e-06
4,181,334,0.0,0.38027164,0.6197283,-6.3636913,-13.923377,-2.4199314,-8.628711,-11.048642,1.5908483e-05
4,185,42,0.0,0.38027164,0.6197283,-2.2240543,-14.566126,-0.8457448,-9.0270405,-9.872786,5.155625e-05
4,127,538,0.0,0.38027164,0.6197283,-14.16197,-16.974377,-5.3853955,-10.519502,-15.904898,1.2376294e-07
4,149,520,0.0,0.38027164,0.6197283,-16.58611,-13.244846,-6.307227,-8.208206,-14.515433,4.966234e-07
4,301,500,0.0,0.38027164,0.6197283,-8.791463,-18.46082,-3.343144,-11.440693,-14.783836,3.7971807e-07
4,213,449,0.0,0.38027164,0.6197283,-5.120218,-9.603515,-1.9470736,-5.95157,-7.8986435,0.00037110902
4,320,427,0.0,0.38027164,0.6197283,-10.5364485,-13.982472,-4.0067124,-8.665335,-12.672047,3.137608e-06
4,190,192,0.0,0.38027164,0.6197283,-9.514832,-15.008792,-3.6182206,-9.3013735,-12.919594,2.4495744e-06
4,70,369,0.0,0.38027164,0.6197283,-5.731509,-9.889683,-2.1795304,-6.1289167,-8.308447,0.00024636576
4,69,468,0.0,0.38027164,0.6197283,-6.047358,-10.7471,-2.2996387,-6.660282,-8.959921,0.00012843992
4,8,411,0.0,0.38027164,0.6197283,-3.44206,-19.927467,-1.3089178,-12.349616,-13.658534,1.1699668e-06
4,210,177,0.0,0.38027164,0.6197283,-6.5350666,-9.841881,-2.4851005,-6.0992923,-8.584393,0.00018696679
4,251,548,0.0,0.38027164,0.6197283,-2.418016,0.898969,-0.9195029,0.55711657,-0.36238635,0.410382
4,282,309,0.0,0.38027164,0.6197283,0.98650074,-8.7494545,0.37513825,-5.4222846,-5.0471463,0.0063865986
4,403,152,0.0,0.38027164,0.6197283,-12.645833,-18.684689,-4.8088517,-11.579431,-16.388283,7.6323666e-08
4,403,517,0.0,0.38027164,0.6197283,-10.766457,-15.873933,-4.094178,-9.837525,-13.931704,8.903026e-07
4,208,279,0.0,0.38027164,0.6197283,0.1679572,-11.952406,0.063869365,-7.4072447,-7.343375,0.0006464454
4,198,14,0.0,0.38027164,0.6197283,-4.6126127,-8.748485,-1.7540458,-5.421684,-7.1757298,0.0007643426
4,354,285,0.0,0.38027164,0.6197283,-2.9534702,-18.878506,-1.123121,-11.699545,-12.822666,2.698893e-06
4,21,75,0.0,0.38027164,0.6197283,-6.7744327,-10.508021,-2.5761247,-6.5121183,-9.0882435,0.00011297358
4,349,259,0.0,0.38027164,0.6197283,-5.7653527,-17.09169,-2.1924002,-10.592204,-12.784604,2.8035984e-06
4,7,173,0.0,0.38027164,0.6197283,-2.4924476,-9.411703,-0.94780713,-5.832699,-6.780506,0.0011344117
4,397,416,0.0,0.38027164,0.6197283,-16.049397,-17.677052,-6.1031303,-10.954969,-17.0581,3.9062623e-08
4,423,442,0.0,0.38027164,0.6197283,-7.707114,-12.8975935,-2.930797,-7.993004,-10.923801,1.8023764e-05
4,407,259,0.0,0.38027164,0.6197283,-8.251081,-13.715173,-3.1376524,-8.499681,-11.637334,8.830113e-06
4,189,373,0.0,0.38027164,0.6197283,-2.8951592,-11.198079,-1.100947,-6.939767,-8.040714,0.0003219751
4,207,217,0.0,0.38027164,0.6197283,-14.409984,-19.05685,-5.479708,-11.81007,-17.289778,3.0984527e-08
4,71,522,0.0,0.38027164,0.6197283,-5.620426,-13.463326,-2.1372888,-8.343605,-10.480894,2.8066826e-05
4,281,450,0.0,0.38027164,0.6197283,-4.511333,-17.394876,-1.7155321,-10.780098,-12.49563,3.7429593e-06
4,399,288,0.0,0.38027164,0.6197283,-13.966863,-20.176048,-5.311202,-12.503669,-17.81487,1.832736e-08
4,261,425,0.0,0.38027164,0.6197283,-9.431333,-17.34785,-3.5864685,-10.750955,-14.337423,5.933841e-07
4,39,318,0.0,0.38027164,0.6197283,-6.72637,-3.723028,-2.5578477,-2.307266,-4.8651137,0.0076519474
4,47,496,0.0,0.38027164,0.6197283,-5.5881195,-14.768356,-2.1250033,-9.152369,-11.277372,1.2655926e-05
4,355,191,0.0,0.38027164,0.6197283,-9.249993,-8.871566,-3.5175102,-5.4979606,-9.0154705,0.00012150051
4,320,493,0.0,0.38027164,0.6197283,-17.07303,-16.629925,-6.492389,-10.306035,-16.798424,5.0645077e-08
4,82,189,0.0,0.38027164,0.6197283,-5.0335197,-3.6884735,-1.9141048,-2.2858515,-4.1999564,0.014774666
4,188,504,0.0,0.38027164,0.6197283,-3.3240776,-13.945236,-1.2640525,-8.642258,-9.90631,4.9856586e-05
4,71,192,0.0,0.38027164,0.6197283,-3.5735433,-10.027923,-1.3589172,-6.2145877,-7.573505,0.0005136242
4,373,362,0.0,0.38027164,0.6197283,-4.9405603,-6.2646317,-1.878755,-3.8823698,-5.7611246,0.0031376935
4,328,48,0.0,0.38027164,0.6197283,-10.402586,-15.680528,-3.9558084,-9.717668,-13.673476,1.1526148e-06
4,168,344,0.0,0.38027164,0.6197283,-20.959751,-21.604153,-7.970399,-13.388705,-21.359104,5.294914e-10
4,379,441,0.0,0.38027164,0.6197283,-5.861847,-16.72681,-2.2290943,-10.366078,-12.595173,3.38832e-06
4,91,156,0.0,0.38027164,0.6197283,-11.499289,-7.8825636,-4.3728533,-4.885048,-9.257901,9.534615e-05
4,290,517,0.0,0.38027164,0.6197283,-8.923818,-18.07985,-3.3934748,-11.204595,-14.598069,4.5723442e-07
4,219,54,0.0,0.38027164,0.6197283,-1.1216501,-4.774544,-0.42653173,-2.95892,-3.3854518,0.03275324
4,347,72,0.0,0.38027164,0.6197283,-2.4706218,-11.994943,-0.9395074,-7.4336057,-8.373113,0.00023094207
5,27,270,1.0,0.38909763,0.61090237,6.510659,5.2961335,2.533282,3.2354205,5.7687025,0.99688596
5,84,241,1.0,0.38909763,0.61090237,3.0880487,1.8992505,1.2015524,1.1602566,2.361809,0.91386825
5,114,580,1.0,0.38909763,0.61090237,2.3417852,0.9666089,0.91118306,0.59050363,1.5016867,0.8178259
5,99,425,1.0,0.38909763,0.61090237,2.7196898,-5.6830883,1.0582249,-3.471812,-2.413587,0.082142465
5,79,184,1.0,0.38909763,0.61090237,4.698573,3.2718086,1.8282037,1.9987557,3.8269594,0.97868836
5,27,283,1.0,0.38909763,0.61090237,5.086571,4.419483,1.9791728,2.6998727,4.6790457,0.99079764
5,210,23,1.0,0.38909763,0.61090237,5.0359845,7.7139997,1.9594897,4.7125006,6.6719904,0.9987357
5,36,311,1.0,0.38909763,0.61090237,5.2152057,6.1269236,2.0292242,3.742952,5.7721763,0.9968966
5,28,293,1.0,0.38909763,0.61090237,4.65128,8.443663,1.809802,5.1582537,6.9680557,0.9990594
5,107,325,1.0,0.38909763,0.61090237,6.137419,2.7692342,2.3880553,1.6917317,4.0797873,0.9833702
5,10,499,1.0,0.38909763,0.61090237,4.7669725,10.099038,1.8548177,6.169526,8.0243435,0.9996728
5,55,255,1.0,0.38909763,0.61090237,0.37423804,-5.735923,0.14561513,-3.5040889,-3.3584738,0.03361877
5,415,362,1.0,0.38909763,0.61090237,-0.08042069,2.3500676,-0.0312915,1.4356619,1.4043704,0.80287653
5,27,190,1.0,0.38909763,0.61090237,2.62918,5.9309635,1.0230078,3.6232398,4.6462474,0.9904937
5,41,293,1.0,0.38909763,0.61090237,4.920664,6.8113966,1.9146186,4.1610985,6.075717,0.99770725
5,13,58,1.0,0.38909763,0.61090237,-2.2449503,-2.4294066,-0.8735048,-1.4841303,-2.357635,0.08646081
5,39,384,1.0,0.38909763,0.61090237,3.6866791,5.475903,1.4344782,3.345242,4.7797203,0.9916716
5,281,239,1.0,0.38909763,0.61090237,3.072844,6.0415297,1.1956363,3.6907847,4.886421,0.99250823
5,87,556,1.0,0.38909763,0.61090237,2.512793,1.4722184,0.9777218,0.8993817,1.8771036,0.86727804
5,16,392,1.0,0.38909763,0.61090237,4.0352755,-0.670594,1.5701162,-0.40966746,1.1604487,0.76141423
5,27,192,1.0,0.38909763,0.61090237,5.87497,5.8255763,2.2859368,3.5588584,5.844795,0.99711347
5,64,415,1.0,0.38909763,0.61090237,-6.8776674,2.93611,-2.676084,1.7936766,-0.8824074,0.29267913
5,64,169,1.0,0.38909763,0.61090237,3.885909,6.7423143,1.511998,4.118896,5.630894,0.9964275
5,362,154,1.0,0.38909763,0.61090237,2.0829837,6.9722524,0.81048405,4.2593656,5.0698495,0.9937558
5,408,251,1.0,0.38909763,0.61090237,2.2009008,3.8737211,0.85636526,2.3664653,3.2228305,0.96168447
5,5,12,1.0,0.38909763,0.61090237,-0.8502163,9.933689,-0.33081716,6.0685143,5.737697,0.99678814
5,42,428,1.0,0.38909763,0.61090237,-0.06757979,7.6247582,-0.026295137,4.657983,4.6316876,0.9903556
5,12,293,1.0,0.38909763,0.61090237,5.3458905,6.5830317,2.0800734,4.0215898,6.101663,0.9977659
5,69,383,1.0,0.38909763,0.61090237,5.32205,7.9779015,2.070797,4.8737187,6.9445157,0.999037
5,157,377,1.0,0.38909763,0.61090237,-6.4274354,-12.152631,-2.5008998,-7.424071,-9.924971,4.893491e-05
5,199,134,1.0,0.38909763,0.61090237,1.615506,5.404831,0.6285896,3.301824,3.9304137,0.9807426
5,108,198,1.0,0.38909763,0.61090237,8.235652,9.616067,3.2044728,5.874478,9.078951,0.9998859
5,193,96,1.0,0.38909763,0.61090237,-2.5424714,-8.108475,-0.9892696,-4.9534864,-5.942756,0.002617914
5,114,142,1.0,0.38909763,0.61090237,2.5262458,4.2874207,0.9829563,2.6191955,3.6021519,0.9734587
5,99,0,1.0,0.38909763,0.61090237,1.1681739,-0.88782513,0.4545337,-0.5423745,-0.087840796,0.4780539
5,73,427,1.0,0.38909763,0.61090237,-0.87241155,0.3213828,-0.33945328,0.19633351,-0.14311977,0.46428102
5,115,376,1.0,0.38909763,0.61090237,4.3293233,7.713025,1.6845294,4.7119055,6.396435,0.9983353
5,188,88,1.0,0.38909763,0.61090237,-5.0307813,-2.921992,-1.957465,-1.7850518,-3.742517,0.023145959
5,201,274,1.0,0.38909763,0.61090237,-0.85044724,-6.527221,-0.33090702,-3.987495,-4.318402,0.013146036
5,199,437,1.0,0.38909763,0.61090237,3.6769373,5.307337,1.4306877,3.2422647,4.6729527,0.9907419
5,195,225,1.0,0.38909763,0.61090237,3.4719136,6.1732044,1.3509134,3.7712252,5.1221385,0.99407214
5,27,97,1.0,0.38909763,0.61090237,2.6019459,1.0708292,1.012411,0.65417206,1.6665831,0.8411197
5,16,66,1.0,0.38909763,0.61090237,0.56922096,-2.682011,0.22148253,-1.6384468,-1.4169643,0.19513793
5,55,282,1.0,0.38909763,0.61090237,5.706457,6.6141376,2.2203689,4.040592,6.260961,0.99809426
5,27,478,1.0,0.38909763,0.61090237,8.383246,5.805213,3.2619014,3.5464184,6.80832,0.9988966
5,342,23,1.0,0.38909763,0.61090237,3.6909146,4.4117856,1.4361261,2.6951702,4.131296,0.9841919
5,84,0,1.0,0.38909763,0.61090237,1.7877183,-3.2309918,0.69559693,-1.9738206,-1.2782236,0.21785274
5,210,385,1.0,0.38909763,0.61090237,4.053671,3.4042642,1.5772737,2.079673,3.6569467,0.97483826
5,27,422,1.0,0.38909763,0.61090237,5.217116,5.4280567,2.0299675,3.3160126,5.34598,0.9952553
5,358,171,1.0,0.38909763,0.61090237,-9.169115,-13.079955,-3.5676808,-7.990576,-11.558256,9.556723e-06
5,186,378,1.0,0.38909763,0.61090237,1.1699547,-7.2441626,0.4552266,-4.425476,-3.9702494,0.01851929
5,140,537,1.0,0.38909763,0.61090237,-0.038729098,1.5256053,-0.0150694,0.9319959,0.9169265,0.71441543
5,183,15,1.0,0.38909763,0.61090237,3.8425913,7.9705997,1.4951432,4.8692584,6.364402,0.99828124
5,16,191,1.0,0.38909763,0.61090237,6.040365,6.472602,2.3502917,3.9541278,6.3044195,0.99817514
5,16,498,1.0,0.38909763,0.61090237,4.7598696,0.7950683,1.852054,0.48570913,2.337763,0.91195667
5,15,427,1.0,0.38909763,0.61090237,3.898085,7.6025047,1.5167357,4.644388,6.1611238,0.9978946
5,182,404,1.0,0.38909763,0.61090237,3.1168919,-11.646613,1.2127752,-7.1149435,-5.9021683,0.0027260596
5,107,510,1.0,0.38909763,0.61090237,4.2175336,5.255271,1.6410323,3.2104576,4.85149,0.99224395
5,55,448,1.0,0.38909763,0.61090237,3.7509334,5.041267,1.4594793,3.079722,4.5392013,0.9894309
5,153,184,1.0,0.38909763,0.61090237,7.57116,8.122413,2.9459205,4.9620013,7.907922,0.99963236
5,393,198,1.0,0.38909763,0.61090237,7.7232227,9.186453,3.0050876,5.6120257,8.617113,0.9998191
5,289,23,1.0,0.38909763,0.61090237,3.0994349,3.4316413,1.2059828,2.0963979,3.3023806,0.9645104
5,351,343,1.0,0.38909763,0.61090237,3.6093984,7.840628,1.4044083,4.7898583,6.194267,0.9979631
5,208,382,1.0,0.38909763,0.61090237,1.1778073,2.378304,0.45828205,1.4529115,1.9111936,0.87115324
5,39,180,1.0,0.38909763,0.61090237,2.4169903,3.4603252,0.9404452,2.113921,3.054366,0.9549706
5,295,198,1.0,0.38909763,0.61090237,7.700797,9.711778,2.996362,5.932948,8.92931,0.99986756
5,11,191,1.0,0.38909763,0.61090237,2.7038405,5.568946,1.052058,3.4020822,4.45414,0.9885034
5,87,376,1.0,0.38909763,0.61090237,3.1331763,3.0215106,1.2191114,1.845848,3.0649595,0.95542395
5,64,194,1.0,0.38909763,0.61090237,3.9225574,7.859277,1.5262578,4.801251,6.327509,0.9982167
5,140,173,1.0,0.38909763,0.61090237,3.6298652,-0.30629918,1.412372,-0.18711889,1.2252531,0.7729867
5,360,191,1.0,0.38909763,0.61090237,6.3507414,-3.3211052,2.4710584,-2.028871,0.4421873,0.6087801
5,325,228,1.0,0.38909763,0.61090237,2.4395738,6.901099,0.9492324,4.215898,5.1651306,0.99432015
5,385,436,1.0,0.38909763,0.61090237,3.8457665,-1.2534028,1.4963787,-0.7657068,0.7306719,0.67495275
5,191,198,1.0,0.38909763,0.61090237,7.4675074,4.233942,2.9055893,2.5865252,5.4921145,0.9958977
5,101,279,1.0,0.38909763,0.61090237,0.24234957,-4.501194,0.09429764,-2.7497902,-2.6554925,0.06565128
5,397,198,1.0,0.38909763,0.61090237,7.565911,8.540612,2.943878,5.21748,8.161358,0.99971455
5,88,343,1.0,0.38909763,0.61090237,0.3874702,4.4250183,0.15076374,2.7032542,2.854018,0.94552594
5,107,162,1.0,0.38909763,0.61090237,5.677172,5.1977305,2.2089744,3.1753058,5.38428,0.99543285
5,263,286,1.0,0.38909763,0.61090237,1.2990383,0.6631848,0.5054527,0.40514117,0.91059387,0.71312165
5,260,385,1.0,0.38909763,0.61090237,3.2648983,4.394101,1.2703642,2.6843667,3.954731,0.9811965
5,17,570,1.0,0.38909763,0.61090237,1.6286632,-6.0613184,0.633709,-3.7028737,-3.0691648,0.04439725
5,16,137,1.0,0.38909763,0.61090237,6.148258,5.941095,2.3922727,3.6294289,6.021702,0.9975803
5,107,130,1.0,0.38909763,0.61090237,6.153345,7.6259003,2.394252,4.6586804,7.0529327,0.9991359
5,55,202,1.0,0.38909763,0.61090237,4.660414,3.4383297,1.8133562,2.1004837,3.9138398,0.980427
5,27,578,1.0,0.38909763,0.61090237,-2.2692187,6.5157027,-0.8829476,3.9804583,3.0975106,0.95679
5,140,190,1.0,0.38909763,0.61090237,0.44746515,0.40520796,0.17410763,0.2475425,0.4216501,0.6038781
5,32,286,1.0,0.38909763,0.61090237,1.8546462,6.788043,0.72163844,4.1468315,4.86847,0.9923735
5,124,198,1.0,0.38909763,0.61090237,4.828905,6.0003514,1.8789155,3.665629,5.544544,0.99610645
5,427,184,1.0,0.38909763,0.61090237,7.2818713,10.086547,2.8333588,6.1618953,8.9952545,0.999876
5,414,58,1.0,0.38909763,0.61090237,-1.8604283,-1.7016569,-0.7238883,-1.0395463,-1.7634345,0.1463607
5,94,347,1.0,0.38909763,0.61090237,6.486014,6.7216854,2.5236926,4.1062937,6.6299863,0.9986816
5,133,359,1.0,0.38909763,0.61090237,3.6700768,7.0587034,1.4280182,4.3121786,5.7401967,0.9967962
5,75,389,1.0,0.38909763,0.61090237,2.8766484,-0.8138093,1.1192971,-0.49715802,0.6221391,0.6507049
5,27,45,1.0,0.38909763,0.61090237,4.1307063,7.140513,1.6072481,4.3621564,5.969404,0.99745077
5,27,385,1.0,0.38909763,0.61090237,6.300074,1.3840371,2.451344,0.84551156,3.2968554,0.9643208
5,16,348,1.0,0.38909763,0.61090237,4.6351404,2.4109192,1.8035221,1.4728363,3.2763584,0.9636088
5,193,108,1.0,0.38909763,0.61090237,1.6753906,7.382736,0.6518905,4.510131,5.1620216,0.9943025
5,169,330,1.0,0.38909763,0.61090237,-2.350944,-6.603175,-0.91474676,-4.0338955,-4.9486423,0.007043076
5,3,218,1.0,0.38909763,0.61090237,5.7887216,6.448653,2.2523777,3.9394975,6.1918755,0.9979582
5,355,226,1.0,0.38909763,0.61090237,4.848184,8.747877,1.8864169,5.344099,7.230516,0.99927634
5,115,115,1.0,0.38909763,0.61090237,1.61628,2.5775647,0.6288907,1.5746404,2.203531,0.90056616
5,140,19,1.0,0.38909763,0.61090237,3.1626043,0.47932908,1.2305619,0.29282328,1.5233852,0.8210364
5,107,8,1.0,0.38909763,0.61090237,2.3491526,4.8691187,0.9140497,2.9745562,3.8886058,0.97993696
5,27,93,1.0,0.38909763,0.61090237,4.9965854,5.2180166,1.9441595,3.1876986,5.131858,0.99412906
5,84,86,1.0,0.38909763,0.61090237,2.7077796,-1.3343507,1.0535907,-0.815158,0.23843265,0.55932736
5,199,364,1.0,0.38909763,0.61090237,-0.76305556,6.998475,-0.2969031,4.275385,3.9784818,0.9816297
5,382,23,1.0,0.38909763,0.61090237,2.5011692,2.1035235,0.973199,1.2850475,2.2582464,0.90535945
5,369,394,1.0,0.38909763,0.61090237,-0.86744964,3.7268705,-0.3375226,2.2767541,1.9392315,0.8742677
5,17,234,1.0,0.38909763,0.61090237,3.0567517,2.070362,1.1893748,1.2647891,2.454164,0.9208654
5,27,34,1.0,0.38909763,0.61090237,7.5593,6.09593,2.9413056,3.724018,6.6653237,0.99872726
5,94,184,1.0,0.38909763,0.61090237,5.0083447,8.042584,1.948735,4.9132338,6.861969,0.9989542
5,272,198,1.0,0.38909763,0.61090237,7.9395666,9.493875,3.0892665,5.7998304,8.889097,0.9998621
5,92,548,1.0,0.38909763,0.61090237,-0.7535669,0.96277755,-0.2932111,0.5881631,0.29495198,0.57320803
5,227,359,1.0,0.38909763,0.61090237,5.9617724,9.500797,2.3197114,5.8040595,8.123771,0.9997037
5,27,117,1.0,0.38909763,0.61090237,4.553555,3.6810954,1.7717775,2.2487898,4.0205674,0.9823735
5,55,333,1.0,0.38909763,0.61090237,4.9565415,7.4203095,1.9285786,4.533085,6.4616632,0.9984402
5,64,140,1.0,0.38909763,0.61090237,2.675304,5.0047626,1.0409545,3.0574214,4.098376,0.98367137
5,229,198,1.0,0.38909763,0.61090237,2.1361918,1.2962657,0.8311872,0.7918918,1.6230791,0.8352193
5,16,499,1.0,0.38909763,0.61090237,2.027954,6.341916,0.78907216,3.8742917,4.663364,0.99065346
5,63,198,1.0,0.38909763,0.61090237,3.177522,3.540996,1.2363663,2.163203,3.3995693,0.96769106
5,228,359,1.0,0.38909763,0.61090237,5.8590474,7.1713157,2.2797415,4.380974,6.660715,0.9987214
5,84,118,1.0,0.38909763,0.61090237,2.6738005,-2.9370823,1.0403694,-1.7942705,-0.7539011,0.31997186
5,3,546,1.0,0.38909763,0.61090237,3.3599591,4.620884,1.3073522,2.8229089,4.130261,0.98417574
5,175,338,1.0,0.38909763,0.61090237,4.444654,4.6542606,1.7294043,2.843299,4.5727034,0.98977566
5,408,193,1.0,0.38909763,0.61090237,4.560077,6.3062696,1.7743152,3.852515,5.62683,0.99641293
5,101,61,1.0,0.38909763,0.61090237,-0.74013174,-3.1940963,-0.2879835,-1.9512811,-2.2392645,0.096279524
5,70,208,1.0,0.38909763,0.61090237,1.1062058,-0.5664258,0.43042207,-0.34603086,0.08439121,0.52108526
5,203,180,1.0,0.38909763,0.61090237,4.1075816,0.57973915,1.5982503,0.35416403,1.9524143,0.8757096
5,107,50,1.0,0.38909763,0.61090237,5.9408,2.8194933,2.3115513,1.7224351,4.0339866,0.9826043
5,16,52,1.0,0.38909763,0.61090237,3.2368586,8.598986,1.259454,5.253141,6.512595,0.9985176
5,360,424,1.0,0.38909763,0.61090237,7.5123544,6.4587784,2.9230392,3.945683,6.868722,0.9989612
5,107,446,1.0,0.38909763,0.61090237,6.164069,5.296648,2.3984246,3.235735,5.6341596,0.99643904
5,165,81,1.0,0.38909763,0.61090237,-4.050676,-11.032827,-1.5761083,-6.73998,-8.316089,0.00024449071
5,107,338,1.0,0.38909763,0.61090237,5.7630434,2.223271,2.2423866,1.3582015,3.600588,0.97341824
5,49,385,1.0,0.38909763,0.61090237,5.3153167,0.5985095,2.0681772,0.36563087,2.433808,0.9193692
5,260,87,1.0,0.38909763,0.61090237,5.32634,-4.8242245,2.0724664,-2.9471302,-0.87466383,0.2942848
5,114,261,1.0,0.38909763,0.61090237,-0.36045337,-3.3895216,-0.14025155,-2.0706668,-2.2109184,0.09877428
5,186,460,1.0,0.38909763,0.61090237,4.3166604,3.884244,1.6796024,2.3728938,4.052496,0.98291796
5,55,272,1.0,0.38909763,0.61090237,4.6970515,5.657842,1.8276116,3.4563892,5.284001,0.99495345
5,27,51,1.0,0.38909763,0.61090237,3.7153888,-2.4174886,1.445649,-1.4768496,-0.031200528,0.49220046
5,65,23,1.0,0.38909763,0.61090237,2.9683037,6.096407,1.1549599,3.7243094,4.8792696,0.99245477
5,15,168,1.0,0.38909763,0.61090237,0.24562067,-4.485465,0.09557042,-2.7401812,-2.644611,0.06632195
5,357,58,1.0,0.38909763,0.61090237,7.8751073,9.796775,3.0641856,5.984873,9.049059,0.99988246
5,169,145,1.0,0.38909763,0.61090237,2.6226165,4.9473133,1.0204539,3.0223255,4.0427794,0.982754
5,201,293,1.0,0.38909763,0.61090237,5.8817873,4.954419,2.2885895,3.0266664,5.315256,0.99510795
5,133,176,1.0,0.38909763,0.61090237,1.7168647,5.06953,0.668028,3.096988,3.765016,0.9773573
5,79,492,1.0,0.38909763,0.61090237,7.2277036,10.293919,2.8122823,6.2885795,9.100862,0.9998884
5,27,5,1.0,0.38909763,0.61090237,-0.3519541,7.143987,-0.1369445,4.364279,4.2273345,0.98561865
5,20,427,1.0,0.38909763,0.61090237,3.1679995,2.6086416,1.2326611,1.5936253,2.8262863,0.9440798
5,245,249,1.0,0.38909763,0.61090237,-0.45414928,-8.179918,-0.1767084,-4.9971313,-5.1738396,0.005630898
5,16,51,1.0,0.38909763,0.61090237,1.9958788,-7.958905,0.7765917,-4.862114,-4.085522,0.01653631
5,107,88,1.0,0.38909763,0.61090237,4.8462214,6.887826,1.8856533,4.2077894,6.093443,0.9977475
5,285,87,1.0,0.38909763,0.61090237,3.2811685,1.1050996,1.2766949,0.67510796,1.9518028,0.8756431
5,115,163,1.0,0.38909763,0.61090237,3.7445266,2.6121469,1.4569864,1.5957667,3.052753,0.9549013
5,237,347,1.0,0.38909763,0.61090237,1.2076985,-0.67213,0.46991262,-0.4106058,0.05930683,0.51482236
5,87,56,1.0,0.38909763,0.61090237,1.0880252,3.1514356,0.42334804,1.9252195,2.3485675,0.91282034
5,107,61,1.0,0.38909763,0.61090237,2.8292418,6.6159945,1.1008513,4.0417266,5.142578,0.99419135
5,153,359,1.0,0.38909763,0.61090237,7.0314507,7.8021374,2.735921,4.766344,7.502265,0.9994485
5,107,376,1.0,0.38909763,0.61090237,4.2981596,6.4774966,1.6724037,3.957118,5.629522,0.99642247
5,55,382,1.0,0.38909763,0.61090237,6.6607003,6.662484,2.5916626,4.0701275,6.66179,0.99872273
5,114,40,1.0,0.38909763,0.61090237,2.9961214,5.6228724,1.1657838,3.435026,4.6008096,0.99005616
5,35,385,1.0,0.38909763,0.61090237,4.9109006,0.5985095,1.9108198,0.36563087,2.2764506,0.9069078
5,80,54,1.0,0.38909763,0.61090237,2.9400244,5.6735196,1.1439565,3.4659665,4.609923,0.9901455
5,132,347,1.0,0.38909763,0.61090237,5.245344,8.720984,2.040951,5.32767,7.368621,0.9993697
5,236,177,1.0,0.38909763,0.61090237,1.5717174,-8.436803,0.6115515,-5.1540627,-4.542511,0.010534482
5,107,581,1.0,0.38909763,0.61090237,4.607181,5.5867853,1.7926432,3.4129803,5.2056236,0.99454427
5,43,198,1.0,0.38909763,0.61090237,0.16980904,-1.8829355,0.0660723,-1.1502898,-1.0842174,0.25270873
5,79,9,1.0,0.38909763,0.61090237,0.37321696,5.387642,0.14521784,3.2913232,3.436541,0.96882725
5,201,298,1.0,0.38909763,0.61090237,-1.60806,-0.535001,-0.6256923,-0.32683337,-0.9525257,0.27837718
5,44,198,1.0,0.38909763,0.61090237,3.7952085,7.07117,1.4767066,4.319794,5.7965007,0.996971
5,140,143,1.0,0.38909763,0.61090237,-1.0566728,-0.66170037,-0.41114888,-0.40423432,-0.8153832,0.30674458
5,127,132,1.0,0.38909763,0.61090237,0.82932395,-13.085151,0.32268798,-7.9937496,-7.6710615,0.0004659056
5,64,418,1.0,0.38909763,0.61090237,2.2757173,2.9876375,0.8854762,1.8251548,2.710631,0.93765104
5,319,198,1.0,0.38909763,0.61090237,6.9635,8.936267,2.7094815,5.4591866,8.168668,0.9997167
5,147,118,1.0,0.38909763,0.61090237,-3.9680598,-0.7148244,-1.5439627,-0.43668792,-1.9806507,0.12124949
5,16,224,1.0,0.38909763,0.61090237,3.717587,6.237069,1.4465042,3.8102403,5.2567444,0.9948148
5,64,125,1.0,0.38909763,0.61090237,0.8337267,3.059472,0.32440108,1.8690387,2.1934397,0.89965886
5,114,176,1.0,0.38909763,0.61090237,4.936991,7.8009233,1.9209716,4.7656026,6.686574,0.998754
5,251,385,1.0,0.38909763,0.61090237,3.713966,0.8936673,1.4450953,0.54594344,1.9910388,0.87985295
5,107,539,1.0,0.38909763,0.61090237,5.84615,5.0123487,2.274723,3.0620556,5.3367786,0.9952118
5,128,571,1.0,0.38909763,0.61090237,1.1373483,9.4322405,0.4425395,5.762178,6.2047176,0.9979842
5,10,320,1.0,0.38909763,0.61090237,7.0306063,9.774964,2.7355921,5.971549,8.707141,0.99983466
5,364,78,1.0,0.38909763,0.61090237,5.088957,10.010081,1.980101,6.1151824,8.0952835,0.9996952
5,61,87,1.0,0.38909763,0.61090237,1.4905375,-5.125084,0.57996464,-3.130926,-2.5509613,0.07236193
5,107,188,1.0,0.38909763,0.61090237,4.692783,6.124816,1.8259507,3.7416646,5.5676155,0.99619496
5,107,99,1.0,0.38909763,0.61090237,5.320815,3.7517283,2.0703166,2.2919397,4.362256,0.98741096
5,193,116,1.0,0.38909763,0.61090237,1.6598412,-1.7194688,0.6458403,-1.0504276,-0.40458727,0.40021068
5,99,214,1.0,0.38909763,0.61090237,-0.10146189,0.19249514,-0.03947858,0.11759573,0.07811715,0.5195194
5,295,392,1.0,0.38909763,0.61090237,-1.2074732,-19.331028,-0.46982494,-11.809371,-12.279196,4.64741e-06
5,19,94,1.0,0.38909763,0.61090237,2.274599,0.29917675,0.8850411,0.1827678,1.0678089,0.74417996
5,114,276,1.0,0.38909763,0.61090237,4.931311,7.082058,1.9187615,4.326446,6.245208,0.998064
5,59,566,1.0,0.38909763,0.61090237,3.0728781,7.6485963,1.1956496,4.6725454,5.868195,0.99718
5,15,329,1.0,0.38909763,0.61090237,-2.9035544,-9.193164,-1.1297661,-5.6161256,-6.7458916,0.0011743193
5,422,58,1.0,0.38909763,0.61090237,6.1637273,10.575204,2.3982916,6.4604173,8.858709,0.9998579
5,381,347,1.0,0.38909763,0.61090237,5.6150403,5.184808,2.184799,3.1674113,5.35221,0.99528474
5,87,115,1.0,0.38909763,0.61090237,0.23732491,0.9082643,0.09234256,0.5548608,0.6472033,0.65637994
5,55,328,1.0,0.38909763,0.61090237,2.1865463,2.892139,0.85078,1.7668146,2.6175947,0.93198544
5,54,293,1.0,0.38909763,0.61090237,4.793567,8.381108,1.8651656,5.120039,6.9852047,0.9990754
5,107,85,1.0,0.38909763,0.61090237,4.537676,4.505607,1.7655989,2.752486,4.518085,0.9892078
5,107,542,1.0,0.38909763,0.61090237,5.903073,7.619707,2.2968717,4.654897,6.951769,0.999044
5,111,65,1.0,0.38909763,0.61090237,1.1290654,2.4300754,0.43931666,1.4845388,1.9238554,0.8725677
5,143,24,1.0,0.38909763,0.61090237,3.4119277,6.03448,1.327573,3.6864781,5.014051,0.9934
5,328,198,1.0,0.38909763,0.61090237,5.8109016,7.429538,2.261008,4.538722,6.7997303,0.9988871
5,198,270,1.0,0.38909763,0.61090237,1.5845453,-7.3911,0.6165428,-4.5152407,-3.8986979,0.019865643
5,107,199,1.0,0.38909763,0.61090237,4.7417755,3.65794,1.8450136,2.2346442,4.0796576,0.983368
5,107,115,1.0,0.38909763,0.61090237,4.0566554,4.87615,1.5784351,2.9788516,4.5572867,0.98961836
5,53,198,1.0,0.38909763,0.61090237,3.3491316,2.0060554,1.3031392,1.2255039,2.5286431,0.9261255
5,223,439,1.0,0.38909763,0.61090237,4.3304496,5.4267874,1.6849676,3.3152373,5.000205,0.99330854
5,203,115,1.0,0.38909763,0.61090237,5.0364566,9.220201,1.9596733,5.6326423,7.5923157,0.999496
5,424,58,1.0,0.38909763,0.61090237,4.241385,9.731368,1.6503129,5.944916,7.5952287,0.9994974
5,0,406,1.0,0.38909763,0.61090237,2.8293705,-5.712831,1.1009014,-3.489982,-2.3890805,0.084009156
5,68,23,1.0,0.38909763,0.61090237,2.6980402,7.328662,1.0498011,4.477097,5.5268984,0.9960375
5,14,98,1.0,0.38909763,0.61090237,-3.2700143,-17.49973,-1.2723548,-10.690626,-11.962981,6.3758853e-06
5,115,41,1.0,0.38909763,0.61090237,-0.07833359,-0.20109311,-0.030479413,-0.12284826,-0.15332767,0.461743
5,335,392,1.0,0.38909763,0.61090237,-1.5115912,-19.982363,-0.5881566,-12.207273,-12.795429,2.7734125e-06
5,210,347,1.0,0.38909763,0.61090237,0.66350806,2.0928392,0.2581694,1.2785205,1.5366899,0.82298297
5,360,327,1.0,0.38909763,0.61090237,-1.3950073,-10.469874,-0.542794,-6.396071,-6.9388647,0.0009684307
5,201,300,1.0,0.38909763,0.61090237,-2.6528106,-0.71076095,-1.0322024,-0.43420556,-1.4664079,0.1874892
5,87,424,1.0,0.38909763,0.61090237,3.7529483,-3.4340942,1.4602633,-2.0978963,-0.6376331,0.34578177
5,355,26,1.0,0.38909763,0.61090237,3.9141314,8.933795,1.5229793,5.4576764,6.9806557,0.9990711
5,85,423,1.0,0.38909763,0.61090237,2.5800734,2.9652345,1.0039004,1.8114688,2.8153691,0.9435007
5,203,474,1.0,0.38909763,0.61090237,5.6999087,5.537739,2.217821,3.3830178,5.6008387,0.9963188
5,201,173,1.0,0.38909763,0.61090237,0.7860754,4.1902237,0.30586007,2.5598176,2.8656776,0.9461235
5,107,424,1.0,0.38909763,0.61090237,6.5238185,1.7675968,2.5384023,1.0798291,3.6182313,0.973871
5,20,145,1.0,0.38909763,0.61090237,4.2443995,4.5845895,1.6514858,2.8007367,4.4522223,0.98848164
5,339,198,1.0,0.38909763,0.61090237,8.501491,9.129189,3.30791,5.577043,8.884953,0.9998616
5,107,212,1.0,0.38909763,0.61090237,3.5001354,1.959258,1.3618944,1.1969154,2.5588098,0.9281631
5,27,366,1.0,0.38909763,0.61090237,4.885048,6.5621862,1.9007605,4.0088553,5.909616,0.9972941
5,73,103,1.0,0.38909763,0.61090237,1.8907467,8.942212,0.73568505,5.4628186,6.1985035,0.9979716
5,39,311,1.0,0.38909763,0.61090237,5.169565,7.429596,2.0114655,4.538758,6.5502234,0.99857223
5,84,196,1.0,0.38909763,0.61090237,5.908914,4.198053,2.2991445,2.5646005,4.8637447,0.99233764
5,359,126,1.0,0.38909763,0.61090237,2.6979003,5.606649,1.0497466,3.425115,4.4748616,0.98873657
5,115,75,1.0,0.38909763,0.61090237,3.241128,-0.5653429,1.2611152,-0.3453693,0.91574585,0.7141745
5,13,82,1.0,0.38909763,0.61090237,2.4916687,3.0790598,0.9695024,1.8810049,2.8505073,0.9453449
5,212,449,1.0,0.38909763,0.61090237,5.212762,6.8171806,2.0282733,4.164632,6.1929054,0.9979603
5,334,198,1.0,0.38909763,0.61090237,7.708833,9.817177,2.9994888,5.9973364,8.996825,0.99987614
5,248,25,1.0,0.38909763,0.61090237,-2.9295287,-9.255843,-1.1398727,-5.6544166,-6.794289,0.0011189006
5,27,335,1.0,0.38909763,0.61090237,7.045044,7.607994,2.74121,4.647742,7.388952,0.99938226
5,107,307,1.0,0.38909763,0.61090237,5.647625,6.0953774,2.1974776,3.7236805,5.921158,0.99732506
5,15,282,1.0,0.38909763,0.61090237,-1.9542779,-2.5226974,-0.7604049,-1.5411218,-2.3015268,0.0909966
5,205,264,1.0,0.38909763,0.61090237,-5.087395,-18.25111,-1.9794934,-11.149647,-13.12914,1.986489e-06
5,69,52,1.0,0.38909763,0.61090237,0.3347845,4.6413727,0.13026386,2.8354256,2.9656894,0.95099986
5,39,0,1.0,0.38909763,0.61090237,2.5802436,2.971497,1.0039667,1.8152946,2.8192613,0.9437079
5,239,145,1.0,0.38909763,0.61090237,1.7199415,6.4968176,0.66922516,3.9689212,4.6381464,0.9904171
5,84,393,1.0,0.38909763,0.61090237,3.9445572,-0.88601226,1.5348178,-0.541267,0.99355084,0.7297887
5,107,149,1.0,0.38909763,0.61090237,3.7353659,5.1414165,1.453422,3.1409035,4.5943255,0.9899921
5,182,267,1.0,0.38909763,0.61090237,2.9005594,-13.696744,1.1286008,-8.367373,-7.2387724,0.0007176774
5,228,184,1.0,0.38909763,0.61090237,6.5261483,7.137172,2.5393088,4.3601155,6.8994246,0.9989926
5,193,532,1.0,0.38909763,0.61090237,2.1540208,-1.912822,0.8381244,-1.1685475,-0.33042312,0.4181377
5,39,349,1.0,0.38909763,0.61090237,4.7994127,9.808783,1.8674401,5.9922085,7.8596487,0.9996141
5,64,98,1.0,0.38909763,0.61090237,2.5161047,5.0122776,0.9790104,3.0620122,4.041023,0.98272425
5,359,347,1.0,0.38909763,0.61090237,5.486389,5.087533,2.134741,3.107986,5.2427273,0.9947419
5,29,198,1.0,0.38909763,0.61090237,2.2212696,5.573788,0.8642907,3.4050405,4.269331,0.98620194
5,291,198,1.0,0.38909763,0.61090237,7.3753552,9.8056135,2.8697333,5.9902725,8.860006,0.999858
5,107,350,1.0,0.38909763,0.61090237,4.3541913,4.5031447,1.6942055,2.7509818,4.4451876,0.9884012
5,87,245,1.0,0.38909763,0.61090237,1.7306844,0.38594592,0.6734052,0.23577528,0.90918046,0.71283245
5,421,87,1.0,0.38909763,0.61090237,7.313993,10.435019,2.8458574,6.3747773,9.220634,0.99990106
5,1,349,1.0,0.38909763,0.61090237,4.9525104,7.778202,1.92701,4.751722,6.678732,0.99874413
5,15,423,1.0,0.38909763,0.61090237,-0.87620836,-7.2600284,-0.3409306,-4.4351687,-4.776099,0.008358363
5,107,346,1.0,0.38909763,0.61090237,5.4371495,2.3955863,2.115582,1.4634693,3.5790513,0.97285527
5,300,198,1.0,0.38909763,0.61090237,8.24549,9.843091,3.2083006,6.0131674,9.221468,0.99990106
5,87,162,1.0,0.38909763,0.61090237,0.81440276,-4.583678,0.3168822,-2.8001797,-2.4832976,0.07703741
5,21,347,1.0,0.38909763,0.61090237,3.7903764,2.9046793,1.4748265,1.7744755,3.249302,0.962648
5,17,257,1.0,0.38909763,0.61090237,1.9452109,5.349601,0.75687695,3.2680838,4.0249605,0.9824494
5,354,385,1.0,0.38909763,0.61090237,4.9010916,6.229788,1.9070032,3.805792,5.7127953,0.99670744
5,224,35,1.0,0.38909763,0.61090237,0.033633467,8.424123,0.013086703,5.1463165,5.1594033,0.99428767
5,373,26,1.0,0.38909763,0.61090237,3.7844348,8.488823,1.4725146,5.185842,6.6583567,0.9987184
5,79,374,1.0,0.38909763,0.61090237,1.2955382,-6.350837,0.50409085,-3.8797414,-3.3756506,0.03306517
5,238,385,1.0,0.38909763,0.61090237,3.1252022,5.840134,1.2160088,3.567752,4.7837605,0.99170494
5,27,317,1.0,0.38909763,0.61090237,3.858928,5.021385,1.5014998,3.0675762,4.569076,0.9897389
5,140,23,1.0,0.38909763,0.61090237,2.276235,3.598316,0.8856777,2.1982198,3.0838976,0.95622367
5,314,198,1.0,0.38909763,0.61090237,6.875013,7.773917,2.6750512,4.7491045,7.4241557,0.9994037
5,140,303,1.0,0.38909763,0.61090237,-0.43215355,4.503167,-0.16814992,2.7509954,2.5828454,0.92974937
5,27,98,1.0,0.38909763,0.61090237,4.6157336,6.5397563,1.795971,3.9951527,5.791124,0.9969548
5,93,388,1.0,0.38909763,0.61090237,-2.8689392,-2.5018702,-1.1162975,-1.5283984,-2.6446958,0.06631669
5,79,32,1.0,0.38909763,0.61090237,4.7943406,6.474819,1.8654666,3.9554825,5.820949,0.997044
5,27,427,1.0,0.38909763,0.61090237,2.9760466,4.848753,1.1579727,2.9621146,4.120087,0.98401654
5,27,236,1.0,0.38909763,0.61090237,6.9962525,4.2620506,2.7222252,2.6036968,5.325922,0.9951597
5,107,215,1.0,0.38909763,0.61090237,5.976285,2.4204695,2.3253584,1.4786706,3.804029,0.9782048
5,16,73,1.0,0.38909763,0.61090237,4.6942782,5.5248804,1.8265325,3.3751626,5.201695,0.9945229
5,3,87,1.0,0.38909763,0.61090237,4.1194544,3.648581,1.60287,2.228927,3.831797,0.9787891
5,1,474,1.0,0.38909763,0.61090237,5.3794174,5.742705,2.0931187,3.508232,5.601351,0.9963207
5,247,256,1.0,0.38909763,0.61090237,1.5589589,-9.434538,0.60658723,-5.7635818,-5.1569943,0.005726007
5,123,23,1.0,0.38909763,0.61090237,2.2953975,5.102316,0.89313376,3.1170168,4.0101504,0.9821922
5,16,380,1.0,0.38909763,0.61090237,1.0062925,5.070142,0.391546,3.0973616,3.4889076,0.9703705
5,10,0,1.0,0.38909763,0.61090237,4.232718,7.0725794,1.6469406,4.3206553,5.967596,0.9974462
5,107,519,1.0,0.38909763,0.61090237,5.414067,4.2530804,2.1066005,2.5982168,4.7048173,0.9910296
5,55,208,1.0,0.38909763,0.61090237,5.1021442,7.6257243,1.9852322,4.658573,6.6438055,0.99869967
5,247,395,1.0,0.38909763,0.61090237,2.0264363,4.5162086,0.7884816,2.7589626,3.5474443,0.972008
5,39,52,1.0,0.38909763,0.61090237,-3.169948,1.8087989,-1.2334193,1.1049995,-0.12841976,0.4679391
5,153,87,1.0,0.38909763,0.61090237,7.3148093,8.93817,2.846175,5.4603496,8.306524,0.9997532
5,27,297,1.0,0.38909763,0.61090237,5.1880074,5.775525,2.0186415,3.528282,5.5469236,0.9961157
5,27,198,1.0,0.38909763,0.61090237,6.566361,1.649029,2.5549555,1.0073957,3.5623512,0.97241074
5,64,330,1.0,0.38909763,0.61090237,-1.4861552,-4.1259956,-0.57825947,-2.5205805,-3.09884,0.04315513
5,11,45,1.0,0.38909763,0.61090237,3.4062915,4.167965,1.32538,2.5462196,3.8715997,0.97959983
5,186,143,1.0,0.38909763,0.61090237,2.797958,6.9839067,1.0886788,4.266485,5.355164,0.99529856
5,390,70,1.0,0.38909763,0.61090237,5.001863,9.398514,1.946213,5.7415743,7.687787,0.9995419
5,3,58,1.0,0.38909763,0.61090237,3.6922672,3.5449572,1.4366524,2.1656227,3.6022751,0.97346187
5,345,23,1.0,0.38909763,0.61090237,4.099756,5.473853,1.5952053,3.3439898,4.939195,0.9928906
5,375,385,1.0,0.38909763,0.61090237,3.123041,-0.8448262,1.2151679,-0.51610637,0.6990615,0.6679797
5,20,389,1.0,0.38909763,0.61090237,3.0895498,5.5396338,1.2021365,3.3841753,4.586312,0.98991245
5,96,207,1.0,0.38909763,0.61090237,4.1456966,1.7227231,1.6130807,1.0524156,2.6654963,0.9349597
5,41,286,1.0,0.38909763,0.61090237,3.579039,6.0065775,1.3925956,3.6694324,5.062028,0.9937071
5,16,170,1.0,0.38909763,0.61090237,4.9359503,-3.2106402,1.9205666,-1.9613878,-0.040821195,0.48979607
5,74,293,1.0,0.38909763,0.61090237,3.8331583,4.644248,1.4914728,2.837182,4.328655,0.98698634
5,228,58,1.0,0.38909763,0.61090237,6.9503293,7.0667768,2.7043567,4.3171105,7.021467,0.99910825
5,182,350,1.0,0.38909763,0.61090237,2.2182598,7.24961,0.86311966,4.428804,5.2919235,0.99499315
5,45,198,1.0,0.38909763,0.61090237,2.5061996,1.1288235,0.9751563,0.68960094,1.6647573,0.84087557
5,107,232,1.0,0.38909763,0.61090237,4.166848,3.469725,1.6213107,2.1196632,3.740974,0.9768191
5,84,424,1.0,0.38909763,0.61090237,5.482386,2.376542,2.1331835,1.4518352,3.5850186,0.9730123
5,3,246,1.0,0.38909763,0.61090237,5.158752,5.5482388,2.0072582,3.3894322,5.3966904,0.99548894
5,193,124,1.0,0.38909763,0.61090237,3.6790845,4.8838787,1.4315231,2.983573,4.4150963,0.98805106
5,107,173,1.0,0.38909763,0.61090237,4.1749845,5.8323207,1.6244766,3.5629785,5.187455,0.9944449
5,123,46,1.0,0.38909763,0.61090237,2.6897001,4.7018414,1.046556,2.872366,3.918922,0.9805243
5,134,41,1.0,0.38909763,0.61090237,1.0594566,5.672372,0.41223204,3.4652655,3.8774977,0.9797173
5,218,385,1.0,0.38909763,0.61090237,4.8597655,8.855282,1.8909233,5.409713,7.3006363,0.9993254
5,140,137,1.0,0.38909763,0.61090237,3.8923798,5.397857,1.5145158,3.2975638,4.8120794,0.99193466
5,107,441,1.0,0.38909763,0.61090237,1.6308192,7.0157037,0.6345479,4.28591,4.920458,0.992757
5,27,523,1.0,0.38909763,0.61090237,5.7568507,8.578056,2.239977,5.240355,7.480332,0.9994362
5,27,46,1.0,0.38909763,0.61090237,6.096417,3.7161503,2.3721013,2.270205,4.6423063,0.9904565
5,114,272,1.0,0.38909763,0.61090237,3.1471622,-3.4588864,1.2245533,-2.1130419,-0.88848853,0.29142183
5,64,167,1.0,0.38909763,0.61090237,2.430549,7.900481,0.9457208,4.8264227,5.7721434,0.9968966
5,365,417,1.0,0.38909763,0.61090237,-1.8854176,-15.495448,-0.7336115,-9.466206,-10.199817,3.717575e-05
5,115,232,1.0,0.38909763,0.61090237,1.4069281,-9.211545,0.54743236,-5.6273546,-5.079922,0.0061819386
5,107,337,1.0,0.38909763,0.61090237,5.725307,5.2108135,2.2277033,3.1832983,5.4110017,0.9955527
5,39,281,1.0,0.38909763,0.61090237,2.3301802,-0.16300216,0.9066676,-0.09957841,0.8070892,0.69148886
5,119,324,1.0,0.38909763,0.61090237,1.5244809,7.898443,0.5931719,4.8251777,5.4183497,0.9955851
5,351,46,1.0,0.38909763,0.61090237,4.1600986,6.174822,1.6186845,3.7722132,5.3908978,0.99546283
5,286,359,1.0,0.38909763,0.61090237,6.845074,9.898068,2.663402,6.0467534,8.7101555,0.99983513
5,27,210,1.0,0.38909763,0.61090237,6.796446,5.424091,2.644481,3.31359,5.9580708,0.99742174
5,227,198,1.0,0.38909763,0.61090237,5.618499,3.9622812,2.1861446,2.420567,4.6067114,0.9901141
5,8,41,1.0,0.38909763,0.61090237,-0.38078073,-6.532035,-0.14816087,-3.9904356,-4.1385965,0.015694955
5,11,254,1.0,0.38909763,0.61090237,3.0514786,4.4021435,1.1873231,2.6892798,3.876603,0.97969955
5,115,450,1.0,0.38909763,0.61090237,1.2577561,7.7847033,0.48938993,4.7556934,5.2450833,0.9947543
5,337,198,1.0,0.38909763,0.61090237,6.7400737,9.758322,2.6225467,5.961382,8.583929,0.999813
5,55,432,1.0,0.38909763,0.61090237,2.9999325,1.4154634,1.1672666,0.86471,2.0319767,0.8841137
5,17,308,1.0,0.38909763,0.61090237,1.8358303,-2.6860538,0.71431726,-1.6409166,-0.9265993,0.28361514
5,10,137,1.0,0.38909763,0.61090237,2.619812,6.850358,1.0193627,4.1849,5.2042627,0.99453694
5,73,327,1.0,0.38909763,0.61090237,-1.2908877,-4.7908697,-0.50228137,-2.9267538,-3.4290352,0.031400263
5,30,101,1.0,0.38909763,0.61090237,-4.45826,-1.7151867,-1.7346984,-1.0478116,-2.78251,0.058276653
5,180,65,1.0,0.38909763,0.61090237,-0.49500123,3.8258884,-0.19260381,2.3372443,2.1446404,0.8951669
5,140,85,1.0,0.38909763,0.61090237,5.0551,5.63297,1.9669274,3.4411945,5.408122,0.99553996
5,20,137,1.0,0.38909763,0.61090237,2.6396523,6.5020733,1.0270824,3.972132,4.999214,0.993302
5,17,420,1.0,0.38909763,0.61090237,2.5274835,6.0481586,0.98343784,3.6948345,4.6782722,0.9907905
5,235,105,1.0,0.38909763,0.61090237,1.9875461,6.368476,0.77334946,3.890517,4.6638665,0.99065816
5,129,198,1.0,0.38909763,0.61090237,8.032456,8.550454,3.1254098,5.2234926,8.348903,0.9997634
5,69,244,1.0,0.38909763,0.61090237,4.7257633,8.403802,1.8387833,5.1339025,6.972686,0.9990638
5,27,387,1.0,0.38909763,0.61090237,2.4557025,2.150352,0.95550805,1.3136551,2.2691631,0.9062907
5,358,459,1.0,0.38909763,0.61090237,-7.7596517,-12.984433,-3.019262,-7.932221,-10.951483,1.7531693e-05
5,64,423,1.0,0.38909763,0.61090237,4.8831944,8.993241,1.9000394,5.4939923,7.3940315,0.9993855
5,17,58,1.0,0.38909763,0.61090237,-2.6733694,-4.884351,-1.0402017,-2.9838614,-4.024063,0.017566083
5,30,105,1.0,0.38909763,0.61090237,-0.5918116,-3.132806,-0.23027249,-1.9138386,-2.1441112,0.10488281
5,55,324,1.0,0.38909763,0.61090237,2.733304,2.3050032,1.0635221,1.4081318,2.471654,0.9221306
5,361,295,1.0,0.38909763,0.61090237,1.1153862,4.810032,0.43399414,2.9384599,3.372454,0.96683246
5,55,66,1.0,0.38909763,0.61090237,3.7019286,5.5886135,1.4404117,3.4140973,4.854509,0.9922671
5,193,225,1.0,0.38909763,0.61090237,1.3930995,5.9764776,0.54205173,3.6510444,4.193096,0.9851252
5,92,543,1.0,0.38909763,0.61090237,-0.4716828,2.477923,-0.18353066,1.513769,1.3302383,0.79088
5,107,570,1.0,0.38909763,0.61090237,2.079753,-1.616191,0.80922693,-0.9873349,-0.17810798,0.45559034
5,206,198,1.0,0.38909763,0.61090237,5.0723195,-0.043807052,1.9736274,-0.026761832,1.9468656,0.8751045
5,107,240,1.0,0.38909763,0.61090237,3.5836277,3.4511635,1.394381,2.108324,3.502705,0.9707646
5,356,87,1.0,0.38909763,0.61090237,7.486262,9.972318,2.9128869,6.0921125,9.004999,0.9998772
5,257,22,1.0,0.38909763,0.61090237,4.998073,9.774226,1.9447384,5.971098,7.9158363,0.9996352
5,42,85,1.0,0.38909763,0.61090237,-1.6246957,2.9081964,-0.63216525,1.7766241,1.1444588,0.7584973
5,79,369,1.0,0.38909763,0.61090237,4.6391644,7.597076,1.8050879,4.641072,6.44616,0.99841595
5,356,58,1.0,0.38909763,0.61090237,6.9960885,9.460984,2.7221615,5.7797375,8.501899,0.9997969
5,139,566,1.0,0.38909763,0.61090237,4.9766126,10.752142,1.9363881,6.568509,8.504897,0.99979764
5,64,482,1.0,0.38909763,0.61090237,4.712453,4.3894777,1.8336042,2.6815424,4.5151467,0.98917645
5,91,367,1.0,0.38909763,0.61090237,2.9751394,-3.5024562,1.1576197,-2.1396587,-0.982039,0.27248737
5,27,531,1.0,0.38909763,0.61090237,1.3244213,7.215556,0.5153292,4.4080005,4.92333,0.99277765
5,73,73,1.0,0.38909763,0.61090237,-4.4132686,5.240812,-1.7171923,3.2016244,1.4844321,0.81524104
5,27,9,1.0,0.38909763,0.61090237,1.1944345,5.6011605,0.46475163,3.4217622,3.886514,0.9798957
5,97,184,1.0,0.38909763,0.61090237,6.9153786,9.840324,2.6907575,6.0114775,8.702235,0.9998338
5,13,371,1.0,0.38909763,0.61090237,0.2559798,-11.6088085,0.099601135,-7.091849,-6.9922476,0.000918135
5,312,378,0.0,0.38909763,0.61090237,-9.796806,-16.252708,-3.8119142,-9.928818,-13.740732,1.0776441e-06
5,307,288,0.0,0.38909763,0.61090237,-10.308721,-22.090134,-4.011099,-13.494915,-17.506014,2.4959435e-08
5,39,162,0.0,0.38909763,0.61090237,-8.7554655,-8.658264,-3.406731,-5.2893543,-8.696085,0.00016721131
5,244,296,0.0,0.38909763,0.61090237,-0.11377455,-9.566115,-0.04426941,-5.8439627,-5.888232,0.0027642103
5,195,201,0.0,0.38909763,0.61090237,1.1744549,-6.518733,0.45697764,-3.9823093,-3.5253317,0.028599998
5,266,25,0.0,0.38909763,0.61090237,-4.1497016,-10.683408,-1.614639,-6.5265193,-8.141158,0.00029121482
5,61,352,0.0,0.38909763,0.61090237,-10.985108,-15.860141,-4.2742796,-9.688997,-13.963277,8.626319e-07
5,386,483,0.0,0.38909763,0.61090237,-9.699663,-12.032485,-3.774116,-7.3506737,-11.12479,1.4742075e-05
5,367,435,0.0,0.38909763,0.61090237,-4.6937547,-9.882874,-1.8263289,-6.037471,-7.8637996,0.0003842628
5,36,396,0.0,0.38909763,0.61090237,-1.8439443,-10.100347,-0.71747434,-6.1703258,-6.8878,0.0010191158
5,396,24,0.0,0.38909763,0.61090237,-6.602218,-13.961156,-2.5689075,-8.528903,-11.097811,1.5145215e-05
5,168,514,0.0,0.38909763,0.61090237,-15.252628,-18.071,-5.9347615,-11.039617,-16.974379,4.247379e-08
5,281,222,0.0,0.38909763,0.61090237,-9.371577,-21.529943,-3.6464586,-13.152694,-16.799152,5.060819e-08
5,298,258,0.0,0.38909763,0.61090237,-10.507291,-17.780943,-4.0883617,-10.86242,-14.950782,3.2133482e-07
5,241,469,0.0,0.38909763,0.61090237,-2.7080264,-11.850488,-1.0536866,-7.239491,-8.293178,0.0002501555
5,70,88,0.0,0.38909763,0.61090237,1.0823112,2.206255,0.4211247,1.3478063,1.768931,0.8543247
5,187,499,0.0,0.38909763,0.61090237,-4.671133,-0.85766506,-1.8175268,-0.5239496,-2.3414764,0.08774566
5,121,128,0.0,0.38909763,0.61090237,-10.719762,-20.224651,-4.171034,-12.355288,-16.526321,6.6482876e-08
5,6,34,0.0,0.38909763,0.61090237,-5.682958,-12.094876,-2.2112255,-7.3887887,-9.600014,6.772322e-05
5,300,464,0.0,0.38909763,0.61090237,-13.453134,-11.592769,-5.2345824,-7.08205,-12.316632,4.476645e-06
5,150,144,0.0,0.38909763,0.61090237,-6.5746846,-16.120481,-2.5581942,-9.848041,-12.406235,4.0929735e-06
5,148,410,0.0,0.38909763,0.61090237,-2.7528994,-17.16484,-1.0711466,-10.486042,-11.557189,9.566927e-06
5,370,558,0.0,0.38909763,0.61090237,0.0066776834,1.5159878,0.0025982708,0.9261205,0.9287188,0.71681523
5,259,345,0.0,0.38909763,0.61090237,-3.292562,-12.545991,-1.281128,-7.664376,-8.945504,0.00013030476
5,203,571,0.0,0.38909763,0.61090237,2.785903,1.8408037,1.0839882,1.1245514,2.2085395,0.90101373
5,313,168,0.0,0.38909763,0.61090237,-5.7262506,-17.721739,-2.2280705,-10.826252,-13.054322,2.1408139e-06
5,280,132,0.0,0.38909763,0.61090237,-5.060463,-13.889003,-1.9690142,-8.484825,-10.453839,2.8836512e-05
5,344,348,0.0,0.38909763,0.61090237,-8.394282,-19.709904,-3.2661953,-12.040827,-15.307022,2.250322e-07
5,156,235,0.0,0.38909763,0.61090237,-2.931842,-15.475352,-1.1407728,-9.453929,-10.594702,2.5047742e-05
5,272,17,0.0,0.38909763,0.61090237,-9.308696,-14.846995,-3.6219914,-9.070065,-12.692056,3.0754516e-06
5,331,130,0.0,0.38909763,0.61090237,-12.184779,-15.412446,-4.741069,-9.4155,-14.156569,7.110172e-07
5,360,441,0.0,0.38909763,0.61090237,-0.69978625,-10.834792,-0.27228516,-6.619,-6.891285,0.0010155743
5,325,41,0.0,0.38909763,0.61090237,-4.2765937,-14.065766,-1.6640124,-8.59281,-10.256823,3.511586e-05
5,124,404,0.0,0.38909763,0.61090237,-8.649306,-19.558659,-3.3654246,-11.948431,-15.313856,2.2349954e-07
5,60,257,0.0,0.38909763,0.61090237,-3.375668,-14.337036,-1.3134644,-8.75853,-10.071994,4.2244515e-05
5,334,549,0.0,0.38909763,0.61090237,-15.492894,-16.841042,-6.0282483,-10.288232,-16.31648,8.20054e-08
5,202,411,0.0,0.38909763,0.61090237,-0.47676983,-12.777635,-0.18551001,-7.805887,-7.9913974,0.00033824646
5,145,467,0.0,0.38909763,0.61090237,-6.0399528,-21.70097,-2.3501313,-13.257174,-15.607305,1.6666088e-07
5,279,457,0.0,0.38909763,0.61090237,-12.271348,-17.646235,-4.7747526,-10.780127,-15.554879,1.7563121e-07
5,187,247,0.0,0.38909763,0.61090237,-7.557027,-13.495126,-2.9404213,-8.2442045,-11.184626,1.388586e-05
5,101,343,0.0,0.38909763,0.61090237,-0.28457382,-4.159118,-0.110727,-2.540815,-2.6515422,0.06589402
5,242,539,0.0,0.38909763,0.61090237,-13.346661,-20.80986,-5.193154,-12.712793,-17.905947,1.6731933e-08
5,292,507,0.0,0.38909763,0.61090237,-6.882656,-14.289557,-2.6780252,-8.729525,-11.40755,1.1111157e-05
5,10,186,0.0,0.38909763,0.61090237,-1.6838166,-5.2774143,-0.655169,-3.223985,-3.879154,0.020249777
5,412,331,0.0,0.38909763,0.61090237,-3.115983,-3.9404516,-1.2124217,-2.4072313,-3.619653,0.026092893
5,201,223,0.0,0.38909763,0.61090237,0.18604416,-5.3312163,0.07238934,-3.2568526,-3.1844633,0.039754603
5,190,471,0.0,0.38909763,0.61090237,-12.913651,-14.897311,-5.024671,-9.100802,-14.125473,7.33474e-07
5,40,15,0.0,0.38909763,0.61090237,-3.2492828,-7.040845,-1.2642883,-4.301269,-5.5655575,0.0038128528
5,101,203,0.0,0.38909763,0.61090237,-3.7425895,-14.709659,-1.4562327,-8.986165,-10.442398,2.9168325e-05
5,100,113,0.0,0.38909763,0.61090237,-5.897784,-17.25613,-2.2948139,-10.541811,-12.836625,2.661481e-06
5,75,27,0.0,0.38909763,0.61090237,-5.0975356,-12.123826,-1.9834391,-7.406474,-9.389914,8.35557e-05
5,343,285,0.0,0.38909763,0.61090237,-2.5271344,-16.645136,-0.983302,-10.168553,-11.151855,1.4348433e-05
5,332,228,0.0,0.38909763,0.61090237,1.7443589,4.4204264,0.6787259,2.700449,3.379175,0.9670474
5,389,5,0.0,0.38909763,0.61090237,-3.0104823,-16.44922,-1.1713716,-10.048868,-11.22024,1.34000375e-05
5,337,383,0.0,0.38909763,0.61090237,-3.9515083,-6.1061344,-1.5375226,-3.730252,-5.2677746,0.005128632
5,107,283,0.0,0.38909763,0.61090237,1.5685812,0.788355,0.61033124,0.48160794,1.0919392,0.74874675
5,371,410,0.0,0.38909763,0.61090237,-1.6092899,-15.081761,-0.6261709,-9.213484,-9.839655,5.3292857e-05
5,312,290,0.0,0.38909763,0.61090237,-13.258822,-19.394262,-5.1589766,-11.848001,-17.006977,4.1111537e-08
5,40,292,0.0,0.38909763,0.61090237,-10.188485,-12.347372,-3.9643154,-7.543039,-11.507355,1.0055762e-05
5,5,547,0.0,0.38909763,0.61090237,-8.354957,-10.098088,-3.2508938,-6.1689463,-9.41984,8.109243e-05
5,58,447,0.0,0.38909763,0.61090237,-6.8514485,-19.823412,-2.6658823,-12.110169,-14.7760515,3.826857e-07
5,347,317,0.0,0.38909763,0.61090237,-5.131764,-9.32511,-1.9967571,-5.696732,-7.693489,0.0004555775
5,132,229,0.0,0.38909763,0.61090237,-5.4456925,-14.693805,-2.118906,-8.9764805,-11.0953865,1.5181974e-05
5,210,374,0.0,0.38909763,0.61090237,-1.6123197,-9.650107,-0.6273498,-5.8952737,-6.5226235,0.0014676508
5,5,512,0.0,0.38909763,0.61090237,-7.2484975,-16.270107,-2.8203733,-9.939447,-12.759821,2.8739482e-06
5,408,575,0.0,0.38909763,0.61090237,-5.436859,-15.101364,-2.115469,-9.225459,-11.340928,1.1876607e-05
5,341,41,0.0,0.38909763,0.61090237,-4.6341395,-15.960467,-1.8031328,-9.750287,-11.55342,9.603051e-06
5,138,536,0.0,0.38909763,0.61090237,-5.437599,-15.40844,-2.115757,-9.413053,-11.52881,9.842317e-06
5,62,142,0.0,0.38909763,0.61090237,-3.8801517,-11.273952,-1.5097579,-6.887284,-8.397041,0.00022548274
5,283,390,0.0,0.38909763,0.61090237,-0.20911545,4.4255886,-0.08136632,2.7036026,2.6222363,0.93227905
5,291,335,0.0,0.38909763,0.61090237,-13.5276575,-18.864374,-5.2635794,-11.524291,-16.78787,5.1182386e-08
5,395,127,0.0,0.38909763,0.61090237,-11.043493,-15.925297,-4.296997,-9.728802,-14.025799,8.1034995e-07
5,377,313,0.0,0.38909763,0.61090237,-7.817598,-16.547333,-3.0418088,-10.108805,-13.150614,1.9442862e-06
5,332,166,0.0,0.38909763,0.61090237,-8.672737,-9.366952,-3.3745415,-5.722293,-9.096834,0.00011200734
5,300,372,0.0,0.38909763,0.61090237,-6.631054,-20.478111,-2.5801275,-12.510127,-15.090255,2.7950236e-07
5,233,148,0.0,0.38909763,0.61090237,-6.409557,-11.549972,-2.4939435,-7.055905,-9.549849,7.120698e-05
5,12,499,0.0,0.38909763,0.61090237,-2.610067,-12.54832,-1.0155709,-7.665798,-8.681369,0.0001696898
5,189,1,0.0,0.38909763,0.61090237,-2.9251008,-16.396107,-1.1381497,-10.01642,-11.15457,1.4309542e-05
5,213,174,0.0,0.38909763,0.61090237,1.6938584,-1.0049669,0.6590763,-0.6139366,0.04513967,0.511283
5,176,276,0.0,0.38909763,0.61090237,-1.2917949,-6.2513275,-0.50263435,-3.818951,-4.321585,0.013104802
5,150,460,0.0,0.38909763,0.61090237,-7.700328,-17.09909,-2.9961793,-10.445875,-13.442055,1.4527443e-06
5,335,357,0.0,0.38909763,0.61090237,-8.001807,-8.810342,-3.1134841,-5.382259,-8.495743,0.00020429467
5,332,53,0.0,0.38909763,0.61090237,-12.648992,-16.188993,-4.921693,-9.8898945,-14.811587,3.693254e-07
5,35,42,0.0,0.38909763,0.61090237,-4.5906425,-13.735244,-1.7862082,-8.390893,-10.177101,3.802985e-05
5,405,287,0.0,0.38909763,0.61090237,-11.829209,-18.62431,-4.6027174,-11.377635,-15.980352,1.1476807e-07
5,29,74,0.0,0.38909763,0.61090237,-5.2780275,-9.5895815,-2.053668,-5.858298,-7.911966,0.00036619956
5,210,451,0.0,0.38909763,0.61090237,-5.5613356,-16.055582,-2.1639025,-9.8083935,-11.972296,6.3167736e-06
5,304,414,0.0,0.38909763,0.61090237,-17.44689,-20.503174,-6.7885437,-12.525437,-19.31398,4.093031e-09
5,322,19,0.0,0.38909763,0.61090237,-9.493054,-17.955227,-3.6937249,-10.96889,-14.662615,4.286542e-07
5,337,19,0.0,0.38909763,0.61090237,-12.394013,-16.237648,-4.822481,-9.919618,-14.742099,3.9590194e-07
5,168,521,0.0,0.38909763,0.61090237,-19.40402,-18.478481,-7.5500584,-11.288548,-18.838608,6.584103e-09
5,138,423,0.0,0.38909763,0.61090237,-0.98699826,-16.104172,-0.3840387,-9.838077,-10.2221155,3.635598e-05
5,329,264,0.0,0.38909763,0.61090237,-7.5687957,-13.633352,-2.9450004,-8.328648,-11.273648,1.2703144e-05
5,315,554,0.0,0.38909763,0.61090237,-11.584622,-18.581718,-4.5075493,-11.351616,-15.859165,1.2955435e-07
5,178,436,0.0,0.38909763,0.61090237,-3.4778175,-18.4094,-1.3532106,-11.246346,-12.599557,3.3734984e-06
5,165,193,0.0,0.38909763,0.61090237,-1.6234868,-11.294012,-0.63169485,-6.8995385,-7.5312333,0.00053578947
5,312,280,0.0,0.38909763,0.61090237,-4.0730977,-17.19668,-1.5848327,-10.505492,-12.090324,5.613534e-06
5,89,379,0.0,0.38909763,0.61090237,-1.2284762,-13.978504,-0.47799715,-8.539501,-9.017498,0.000121254445
5,81,16,0.0,0.38909763,0.61090237,-4.1801014,-15.62572,-1.6264676,-9.54579,-11.172257,1.4058667e-05
5,275,156,0.0,0.38909763,0.61090237,-12.9172,-18.824741,-5.026052,-11.500079,-16.52613,6.649556e-08
5,232,573,0.0,0.38909763,0.61090237,-1.2828361,-12.510184,-0.4991485,-7.6425014,-8.14165,0.00029107157
5,119,549,0.0,0.38909763,0.61090237,-9.152358,-9.723147,-3.5611608,-5.9398937,-9.501055,7.4767326e-05
5,241,289,0.0,0.38909763,0.61090237,-2.6960301,-19.006466,-1.049019,-11.611095,-12.660114,3.1752713e-06
5,305,323,0.0,0.38909763,0.61090237,-10.119185,-16.981884,-3.937351,-10.374273,-14.311625,6.0889187e-07
5,220,464,0.0,0.38909763,0.61090237,-12.074334,-20.992323,-4.698095,-12.82426,-17.522354,2.4554907e-08
5,145,332,0.0,0.38909763,0.61090237,-12.681943,-23.194855,-4.934514,-14.169792,-19.104305,5.047841e-09
5,387,344,0.0,0.38909763,0.61090237,-10.443559,-17.027164,-4.063564,-10.401936,-14.4655,5.220511e-07
5,330,34,0.0,0.38909763,0.61090237,-11.847207,-13.394594,-4.60972,-8.182789,-12.792509,2.7815233e-06
5,189,386,0.0,0.38909763,0.61090237,-0.93798286,-12.0263195,-0.3649669,-7.346907,-7.711874,0.00044728193
5,180,22,0.0,0.38909763,0.61090237,-6.6363935,-7.188508,-2.582205,-4.3914766,-6.9736814,0.00093532435
5,411,179,0.0,0.38909763,0.61090237,-8.764868,-15.799785,-3.4103892,-9.652126,-13.062515,2.1233461e-06
5,197,69,0.0,0.38909763,0.61090237,-0.7654992,0.12651953,-0.29785392,0.07729108,-0.22056285,0.44508174
5,138,504,0.0,0.38909763,0.61090237,-10.479825,-18.668934,-4.077675,-11.404896,-15.482571,1.8880127e-07
5,419,345,0.0,0.38909763,0.61090237,-3.078269,-9.494592,-1.1977472,-5.8002687,-6.998016,0.00091285905
5,209,497,0.0,0.38909763,0.61090237,-3.7897542,-14.08253,-1.4745843,-8.603051,-10.077636,4.2006854e-05
5,180,102,0.0,0.38909763,0.61090237,-8.100087,-17.323505,-3.1517248,-10.582971,-13.734695,1.0841693e-06
5,85,450,0.0,0.38909763,0.61090237,-2.8713803,-17.337025,-1.1172473,-10.591229,-11.708477,8.223742e-06
5,152,1,0.0,0.38909763,0.61090237,-3.4860182,-17.097858,-1.3564014,-10.445122,-11.801523,7.493079e-06
5,362,418,0.0,0.38909763,0.61090237,-4.8682885,-11.095504,-1.8942395,-6.77827,-8.672509,0.0001711996
5,197,79,0.0,0.38909763,0.61090237,-13.578618,-17.646957,-5.283408,-10.780568,-16.063976,1.0556105e-07
5,51,555,0.0,0.38909763,0.61090237,-4.474325,-14.597703,-1.7409493,-8.917771,-10.658721,2.3494495e-05
5,133,116,0.0,0.38909763,0.61090237,-2.31643,0.8746226,-0.9013175,0.534309,-0.36700845,0.40926412
5,384,172,0.0,0.38909763,0.61090237,-7.632631,-14.033829,-2.9698386,-8.573299,-11.5431385,9.702294e-06
5,354,192,0.0,0.38909763,0.61090237,-6.7753234,-10.323806,-2.6362622,-6.3068376,-8.9431,0.00013061837
5,139,460,0.0,0.38909763,0.61090237,-6.237497,-18.88583,-2.4269953,-11.537398,-13.964394,8.6166915e-07
5,338,468,0.0,0.38909763,0.61090237,-7.2855706,-18.738781,-2.8347983,-11.447566,-14.282364,6.2697166e-07
5,48,498,0.0,0.38909763,0.61090237,-4.975849,-15.138385,-1.9360911,-9.2480755,-11.184167,1.38922305e-05
5,43,457,0.0,0.38909763,0.61090237,-4.8093753,-17.95829,-1.8713166,-10.970762,-12.842079,2.6470047e-06
5,114,264,0.0,0.38909763,0.61090237,2.5320182,1.6671466,0.98520225,1.0184637,2.003666,0.8811815
5,361,2,0.0,0.38909763,0.61090237,0.4888177,-13.189548,0.19019781,-8.057526,-7.8673277,0.00038290996
5,354,161,0.0,0.38909763,0.61090237,-7.1741195,-14.46345,-2.7914329,-8.835756,-11.62719,8.920143e-06
5,135,280,0.0,0.38909763,0.61090237,-3.8942204,-18.152077,-1.515232,-11.089147,-12.604379,3.3572715e-06
5,225,568,0.0,0.38909763,0.61090237,-4.1516204,-7.5126896,-1.6153857,-4.58952,-6.2049055,0.0020154293
5,249,435,0.0,0.38909763,0.61090237,-8.478774,-6.8107452,-3.2990708,-4.1607003,-7.459771,0.0005754566
5,85,420,0.0,0.38909763,0.61090237,0.1658567,-6.309968,0.06453445,-3.8547745,-3.79024,0.022091135
5,54,120,0.0,0.38909763,0.61090237,-5.559081,-17.570164,-2.1630254,-10.733655,-12.896681,2.5063493e-06
5,178,428,0.0,0.38909763,0.61090237,-0.7278207,-7.12493,-0.28319332,-4.3526363,-4.6358294,0.009604911
5,277,297,0.0,0.38909763,0.61090237,-10.8443365,-17.202963,-4.219506,-10.509331,-14.728836,4.0118766e-07
5,336,295,0.0,0.38909763,0.61090237,-7.745792,-9.852823,-3.0138693,-6.019113,-9.032982,0.000119391654
5,184,386,0.0,0.38909763,0.61090237,-2.6581545,-2.2077446,-1.0342816,-1.3487164,-2.382998,0.0844784
5,103,277,0.0,0.38909763,0.61090237,-2.7860093,-9.849533,-1.0840297,-6.017103,-7.101133,0.00082349207
5,329,500,0.0,0.38909763,0.61090237,-7.0535107,-12.721652,-2.7445042,-7.7716875,-10.5161915,2.709345e-05
5,223,445,0.0,0.38909763,0.61090237,-7.921984,-17.083485,-3.0824254,-10.436341,-13.518766,1.3454693e-06
5,29,513,0.0,0.38909763,0.61090237,-9.684812,-17.937012,-3.7683372,-10.957763,-14.7261,4.0228687e-07
5,358,34,0.0,0.38909763,0.61090237,-8.637832,-14.156375,-3.3609598,-8.648163,-12.009123,6.088377e-06
5,292,8,0.0,0.38909763,0.61090237,-5.713319,-15.224626,-2.223039,-9.30076,-11.523799,9.891756e-06
5,390,307,0.0,0.38909763,0.61090237,-12.1194105,-13.199682,-4.715634,-8.063717,-12.77935,2.8183665e-06
5,181,122,0.0,0.38909763,0.61090237,-7.7503643,-16.864834,-3.0156484,-10.302767,-13.318415,1.6439374e-06
5,300,209,0.0,0.38909763,0.61090237,-9.684211,-23.109982,-3.7681034,-14.117943,-17.886045,1.7068256e-08
5,61,505,0.0,0.38909763,0.61090237,-4.6040053,-20.596663,-1.7914076,-12.58255,-14.373958,5.720965e-07
5,54,94,0.0,0.38909763,0.61090237,-2.4491525,-18.104168,-0.9529594,-11.059879,-12.012838,6.065798e-06
5,131,193,0.0,0.38909763,0.61090237,-0.17704675,-11.275826,-0.06888847,-6.888429,-6.957318,0.0009507409
5,200,328,0.0,0.38909763,0.61090237,-3.730123,-15.598044,-1.451382,-9.528882,-10.980264,1.7034314e-05
5,206,448,0.0,0.38909763,0.61090237,-3.7140388,-2.0451539,-1.4451237,-1.2493893,-2.6945128,0.06329792
5,319,318,0.0,0.38909763,0.61090237,-11.985441,-18.482334,-4.663507,-11.290902,-15.954409,1.17784545e-07
5,183,27,0.0,0.38909763,0.61090237,-0.77402765,3.4584484,-0.30117232,2.1127744,1.8116021,0.85955536
5,422,153,0.0,0.38909763,0.61090237,-9.818982,-15.539212,-3.8205426,-9.492942,-13.313484,1.6520628e-06
5,336,377,0.0,0.38909763,0.61090237,-7.3408694,-16.954655,-2.856315,-10.357638,-13.213953,1.8249555e-06
5,369,221,0.0,0.38909763,0.61090237,-0.8704626,-10.216219,-0.33869493,-6.241112,-6.5798073,0.0013861925
5,420,209,0.0,0.38909763,0.61090237,-7.8069797,-23.036335,-3.0376773,-14.072951,-17.110628,3.7063685e-08
5,91,172,0.0,0.38909763,0.61090237,0.96684706,-9.403657,0.3761979,-5.744716,-5.3685184,0.0046394076
5,51,170,0.0,0.38909763,0.61090237,-7.3190093,-15.900545,-2.847809,-9.71368,-12.561489,3.5043952e-06
5,99,60,0.0,0.38909763,0.61090237,-6.8894987,-4.5736766,-2.6806877,-2.7940698,-5.474757,0.004173753
5,220,186,0.0,0.38909763,0.61090237,-6.4015207,-17.688131,-2.4908166,-10.805721,-13.296537,1.6802986e-06
5,264,569,0.0,0.38909763,0.61090237,-5.202508,-12.741902,-2.0242834,-7.784058,-9.808342,5.4987926e-05
5,225,314,0.0,0.38909763,0.61090237,-3.4447021,-14.361941,-1.3403255,-8.773744,-10.114069,4.0504015e-05
5,82,460,0.0,0.38909763,0.61090237,-3.1344023,-10.251286,-1.2195885,-6.2625346,-7.4821234,0.0005627437
5,171,125,0.0,0.38909763,0.61090237,-5.5764313,-14.564563,-2.1697762,-8.897526,-11.067302,1.5614394e-05
5,215,0,0.0,0.38909763,0.61090237,-3.2033653,-7.6581516,-1.2464218,-4.678383,-5.9248047,0.0026652073
5,50,336,0.0,0.38909763,0.61090237,-2.8270783,-15.265482,-1.1000094,-9.325719,-10.425728,2.9658626e-05
5,413,502,0.0,0.38909763,0.61090237,-6.8222075,-17.223751,-2.6545048,-10.52203,-13.176535,1.8945359e-06
5,44,447,0.0,0.38909763,0.61090237,-7.1094055,-21.864237,-2.7662528,-13.3569145,-16.123167,9.949413e-08
5,420,420,0.0,0.38909763,0.61090237,-4.2712355,-17.796165,-1.6619276,-10.871719,-12.533647,3.603337e-06
5,289,266,0.0,0.38909763,0.61090237,-5.0441165,-14.449452,-1.9626538,-8.827205,-10.789859,2.0607007e-05
5,247,94,0.0,0.38909763,0.61090237,-2.682412,-8.855012,-1.0437201,-5.409548,-6.453268,0.0015728873
5,416,377,0.0,0.38909763,0.61090237,-7.807585,-13.37676,-3.0379128,-8.171894,-11.209806,1.35405735e-05
5,126,104,0.0,0.38909763,0.61090237,-5.338774,-15.099337,-2.0773044,-9.22422,-11.301525,1.2353916e-05
5,37,322,0.0,0.38909763,0.61090237,-6.1382146,-16.10057,-2.3883648,-9.835876,-12.224241,4.909953e-06
5,210,270,0.0,0.38909763,0.61090237,-7.3294406,-4.491231,-2.851868,-2.7437036,-5.5955715,0.003700531
5,139,330,0.0,0.38909763,0.61090237,-7.05127,-17.180386,-2.7436326,-10.495539,-13.239171,1.7795095e-06
5,276,244,0.0,0.38909763,0.61090237,-9.464679,-14.057736,-3.6826842,-8.587905,-12.270589,4.6875825e-06
5,76,273,0.0,0.38909763,0.61090237,-5.015928,-17.565025,-1.9516857,-10.7305155,-12.682201,3.105908e-06
5,244,572,0.0,0.38909763,0.61090237,-0.5919382,-7.5351267,-0.23032175,-4.6032267,-4.8335485,0.007895398
5,355,235,0.0,0.38909763,0.61090237,-1.3042091,-9.227064,-0.50746465,-5.6368356,-6.1443005,0.0021410824
5,174,310,0.0,0.38909763,0.61090237,-1.5789505,-13.866843,-0.61436594,-8.471288,-9.085653,0.00011326656
5,103,127,0.0,0.38909763,0.61090237,-1.2363147,-14.83058,-0.4810471,-9.060037,-9.541083,7.183381e-05
5,57,268,0.0,0.38909763,0.61090237,-10.4942665,-14.549691,-4.0832944,-8.888441,-12.971735,2.3251237e-06
5,9,180,0.0,0.38909763,0.61090237,0.4466966,-6.1899314,0.17380859,-3.7814438,-3.6076353,0.026400035
5,122,156,0.0,0.38909763,0.61090237,-12.059466,-12.538441,-4.69231,-7.6597633,-12.352074,4.3207656e-06
5,175,529,0.0,0.38909763,0.61090237,-7.1059813,-14.922788,-2.7649205,-9.116366,-11.881287,6.918625e-06
5,78,393,0.0,0.38909763,0.61090237,-3.6603446,-17.297676,-1.4242314,-10.567191,-11.991423,6.1971014e-06
5,14,64,0.0,0.38909763,0.61090237,-5.603638,-18.75042,-2.1803622,-11.454676,-13.635038,1.1977814e-06
5,238,457,0.0,0.38909763,0.61090237,-9.515289,-21.584654,-3.7023766,-13.186116,-16.888493,4.6282924e-08
5,372,291,0.0,0.38909763,0.61090237,-1.4621749,-13.844469,-0.5689288,-8.457619,-9.026547,0.000120162265
5,363,145,0.0,0.38909763,0.61090237,-5.907926,-8.004823,-2.29876,-4.8901653,-7.1889253,0.00075433054
5,154,497,0.0,0.38909763,0.61090237,-3.2763522,-13.223866,-1.2748209,-8.078491,-9.3533125,8.667031e-05
5,102,506,0.0,0.38909763,0.61090237,-9.833173,-18.218449,-3.8260643,-11.129693,-14.955757,3.1974005e-07
5,61,353,0.0,0.38909763,0.61090237,-10.703954,-18.508863,-4.164883,-11.307109,-15.4719925,1.9080905e-07
5,415,124,0.0,0.38909763,0.61090237,-10.706765,-16.521305,-4.165977,-10.092904,-14.258881,6.4186924e-07
5,329,203,0.0,0.38909763,0.61090237,-2.5000298,-12.650554,-0.9727557,-7.7282534,-8.701009,0.00016639015
5,195,212,0.0,0.38909763,0.61090237,-1.2954818,-6.688994,-0.5040689,-4.0863223,-4.590391,0.010046923
5,376,15,0.0,0.38909763,0.61090237,-7.0161414,-13.61398,-2.729964,-8.3168125,-11.046777,1.5938185e-05
5,396,265,0.0,0.38909763,0.61090237,-9.949435,-18.190834,-3.8713017,-11.1128235,-14.984125,3.1079713e-07
5,138,134,0.0,0.38909763,0.61090237,-1.5260519,-15.500627,-0.5937832,-9.46937,-10.063153,4.2619617e-05
5,53,384,0.0,0.38909763,0.61090237,-4.259657,-12.54189,-1.6574224,-7.6618705,-9.319293,8.966924e-05
5,400,331,0.0,0.38909763,0.61090237,-7.0738893,-3.7027462,-2.7524335,-2.2620163,-5.01445,0.0065974677
5,337,29,0.0,0.38909763,0.61090237,-9.963386,-12.345563,-3.8767297,-7.5419335,-11.418663,1.0988361e-05
5,99,458,0.0,0.38909763,0.61090237,-3.2006857,-3.6901808,-1.2453792,-2.2543402,-3.4997194,0.029320218
5,48,101,0.0,0.38909763,0.61090237,2.7982626,-9.131164,1.0887973,-5.5782495,-4.4894524,0.011102149
5,341,52,0.0,0.38909763,0.61090237,-9.120458,-16.868114,-3.5487485,-10.304771,-13.853519,9.627034e-07
5,61,4,0.0,0.38909763,0.61090237,-2.9491897,-16.0159,-1.1475227,-9.784151,-10.931674,1.788243e-05
5,342,177,0.0,0.38909763,0.61090237,-11.543571,-15.486281,-4.491576,-9.460606,-13.952182,8.7225624e-07
5,320,376,0.0,0.38909763,0.61090237,-8.168653,-15.11212,-3.1784034,-9.23203,-12.410433,4.075827e-06
5,276,450,0.0,0.38909763,0.61090237,-7.7223506,-19.09967,-3.0047483,-11.668034,-14.672782,4.243181e-07
5,358,24,0.0,0.38909763,0.61090237,-7.9191427,-11.236333,-3.0813196,-6.864302,-9.9456215,4.7934773e-05
5,108,319,0.0,0.38909763,0.61090237,-8.694709,-19.179037,-3.3830905,-11.716519,-15.099609,2.7689993e-07
5,7,476,0.0,0.38909763,0.61090237,-7.315755,-19.501995,-2.8465428,-11.913815,-14.760357,3.8873912e-07
5,349,532,0.0,0.38909763,0.61090237,-0.17226925,-12.415116,-0.06702956,-7.584424,-7.6514535,0.00047512684
5,296,244,0.0,0.38909763,0.61090237,-4.723475,-12.087344,-1.8378929,-7.384187,-9.22208,9.882312e-05
5,375,561,0.0,0.38909763,0.61090237,-4.8778415,-12.27192,-1.8979566,-7.496945,-9.394901,8.314001e-05
5,60,146,0.0,0.38909763,0.61090237,-13.324786,-15.341794,-5.184643,-9.372338,-14.556981,4.7641257e-07
5,14,401,0.0,0.38909763,0.61090237,-7.8324084,-15.954633,-3.0475717,-9.746723,-12.794294,2.776562e-06
5,342,454,0.0,0.38909763,0.61090237,-17.895464,-15.580447,-6.963083,-9.518132,-16.481215,6.955037e-08
5,66,137,0.0,0.38909763,0.61090237,-5.0992136,-6.748672,-1.9840919,-4.12278,-6.1068716,0.0022225576
5,10,112,0.0,0.38909763,0.61090237,-4.772897,-11.213644,-1.8571228,-6.850442,-8.707564,0.00016530312
5,311,398,0.0,0.38909763,0.61090237,-13.202498,-20.438293,-5.1370606,-12.485802,-17.622862,2.220692e-08
5,326,236,0.0,0.38909763,0.61090237,-11.512725,-18.971573,-4.479574,-11.589779,-16.069353,1.0499499e-07
5,59,83,0.0,0.38909763,0.61090237,-5.564408,-16.40674,-2.165098,-10.022917,-12.188015,5.0910826e-06
5,299,276,0.0,0.38909763,0.61090237,-10.864286,-17.36358,-4.227268,-10.607452,-14.834721,3.6087977e-07
5,340,520,0.0,0.38909763,0.61090237,-14.496778,-22.275372,-5.6406617,-13.608077,-19.24874,4.368967e-09
5,279,511,0.0,0.38909763,0.61090237,-11.746482,-16.147114,-4.5705285,-9.86431,-14.434839,5.383054e-07
5,376,236,0.0,0.38909763,0.61090237,-6.983225,-16.251778,-2.7171562,-9.928249,-12.645406,3.22232e-06
5,160,204,0.0,0.38909763,0.61090237,1.2745165,-16.001282,0.49591133,-9.775221,-9.279309,9.332685e-05
5,368,519,0.0,0.38909763,0.61090237,-7.3095384,-16.197895,-2.844124,-9.895332,-12.739456,2.9330754e-06
5,23,214,0.0,0.38909763,0.61090237,-1.3342434,-18.175419,-0.519151,-11.103407,-11.622558,8.961557e-06
5,167,559,0.0,0.38909763,0.61090237,-9.761398,-19.73758,-3.798137,-12.057734,-15.85587,1.2998193e-07
5,135,333,0.0,0.38909763,0.61090237,-2.8153214,-20.197157,-1.0954349,-12.338491,-13.433927,1.4646006e-06
5,352,103,0.0,0.38909763,0.61090237,-3.888869,-15.135835,-1.5131497,-9.246517,-10.759666,2.1238655e-05
5,417,337,0.0,0.38909763,0.61090237,-9.589736,-15.0962,-3.7313435,-9.222304,-12.953648,2.3675616e-06
5,313,99,0.0,0.38909763,0.61090237,-12.633072,-17.838718,-4.9154983,-10.897716,-15.813213,1.3564652e-07
5,1,500,0.0,0.38909763,0.61090237,-2.4409199,-10.560918,-0.94975615,-6.4516897,-7.401446,0.0006099973
5,286,19,0.0,0.38909763,0.61090237,-11.198606,-12.493009,-4.357351,-7.6320086,-11.989359,6.209904e-06
5,129,470,0.0,0.38909763,0.61090237,-0.15120721,-17.880823,-0.058834367,-10.923437,-10.982271,1.7000153e-05
5,368,315,0.0,0.38909763,0.61090237,-7.1037955,-17.914467,-2.76407,-10.943991,-13.708061,1.1134332e-06
5,38,289,0.0,0.38909763,0.61090237,1.4017198,-19.156399,0.54540586,-11.702689,-11.157284,1.4270757e-05
5,362,186,0.0,0.38909763,0.61090237,-8.58599,-7.475589,-3.3407884,-4.566855,-7.9076433,0.0003677853
5,26,141,0.0,0.38909763,0.61090237,-6.060673,-7.6849413,-2.3581936,-4.694749,-7.0529423,0.0008641132
5,97,70,0.0,0.38909763,0.61090237,-7.6337466,-15.724708,-2.9702728,-9.606261,-12.576534,3.452066e-06
5,281,333,0.0,0.38909763,0.61090237,-0.7991602,-14.536534,-0.31095132,-8.8804035,-9.191355,0.00010190631
5,91,115,0.0,0.38909763,0.61090237,-1.6846071,-16.401997,-0.6554766,-10.020019,-10.675495,2.3103688e-05
5,361,493,0.0,0.38909763,0.61090237,0.5983065,-13.603698,0.23279963,-8.310532,-8.077732,0.00031027783
5,98,211,0.0,0.38909763,0.61090237,-3.148726,-10.365615,-1.2251618,-6.332379,-7.557541,0.0005218852
5,380,180,0.0,0.38909763,0.61090237,-3.847076,-10.955209,-1.4968882,-6.692563,-8.189451,0.00027748913
5,287,401,0.0,0.38909763,0.61090237,-11.295868,-17.50486,-4.3951955,-10.693761,-15.088957,2.798654e-07
5,295,557,0.0,0.38909763,0.61090237,-9.30849,-16.657013,-3.6219113,-10.175809,-13.79772,1.0179488e-06
5,201,50,0.0,0.38909763,0.61090237,-0.44077244,-10.754683,-0.17150351,-6.570061,-6.7415648,0.0011794054
5,47,362,0.0,0.38909763,0.61090237,-5.528683,-15.570977,-2.1511974,-9.512347,-11.663545,8.601678e-06
5,205,543,0.0,0.38909763,0.61090237,-4.2734146,-13.242808,-1.6627755,-8.090063,-9.752838,5.812607e-05
5,410,321,0.0,0.38909763,0.61090237,-3.841408,-9.747078,-1.4946828,-5.954513,-7.449196,0.00058157096
5,394,370,0.0,0.38909763,0.61090237,-13.492468,-19.232494,-5.2498875,-11.749176,-16.999063,4.1438163e-08
5,359,534,0.0,0.38909763,0.61090237,-9.747265,-20.202286,-3.7926376,-12.341624,-16.134262,9.839635e-08
5,333,511,0.0,0.38909763,0.61090237,-9.403037,-13.178816,-3.6586995,-8.05097,-11.709669,8.213944e-06
5,303,325,0.0,0.38909763,0.61090237,-13.004927,-12.73877,-5.0601864,-7.7821445,-12.842331,2.6463383e-06
5,346,187,0.0,0.38909763,0.61090237,-6.4899163,-17.491909,-2.525211,-10.685848,-13.21106,1.8302437e-06
5,69,420,0.0,0.38909763,0.61090237,-5.523244,-10.235736,-2.1490812,-6.253035,-8.402117,0.0002243415
5,101,544,0.0,0.38909763,0.61090237,-0.55064434,-12.130125,-0.21425441,-7.410322,-7.6245766,0.00048806364
5,35,284,0.0,0.38909763,0.61090237,-0.13338068,-12.12368,-0.051898107,-7.406385,-7.458283,0.0005763131
5,57,290,0.0,0.38909763,0.61090237,-8.757456,-13.33677,-3.4075053,-8.147465,-11.55497,9.588181e-06
5,294,574,0.0,0.38909763,0.61090237,-11.465056,-17.940403,-4.461026,-10.959835,-15.420861,2.0081909e-07
5,178,523,0.0,0.38909763,0.61090237,-12.9294405,-16.86959,-5.0308146,-10.305673,-15.336487,2.184984e-07
5,314,82,0.0,0.38909763,0.61090237,-7.3776774,-16.807156,-2.8706367,-10.267531,-13.138168,1.9686347e-06
5,314,216,0.0,0.38909763,0.61090237,-10.060702,-20.84852,-3.9145954,-12.73641,-16.651005,5.8689512e-08
5,50,420,0.0,0.38909763,0.61090237,-5.305851,-15.49498,-2.0644941,-9.4659195,-11.530414,9.826542e-06
5,91,206,0.0,0.38909763,0.61090237,-3.0938911,-18.631332,-1.2038257,-11.381925,-12.585751,3.4203968e-06
5,125,489,0.0,0.38909763,0.61090237,-11.123618,-22.372831,-4.3281736,-13.667616,-17.995789,1.5294255e-08
5,207,243,0.0,0.38909763,0.61090237,0.05603237,-12.943969,0.021802062,-7.907501,-7.8856993,0.00037594215
5,48,281,0.0,0.38909763,0.61090237,-4.633276,-17.100409,-1.8027967,-10.44668,-12.249476,4.7876006e-06
5,418,382,0.0,0.38909763,0.61090237,-6.683827,-7.481474,-2.6006613,-4.5704503,-7.1711116,0.00076787797
5,160,39,0.0,0.38909763,0.61090237,-1.9916753,-13.918538,-0.7749561,-8.502868,-9.277823,9.346561e-05
5,264,212,0.0,0.38909763,0.61090237,-9.140019,-6.62264,-3.55636,-4.0457864,-7.602146,0.0004991293
5,285,474,0.0,0.38909763,0.61090237,-4.5017405,-12.466573,-1.7516166,-7.615859,-9.3674755,8.545155e-05
5,364,113,0.0,0.38909763,0.61090237,-8.8027725,-17.313194,-3.425138,-10.576672,-14.00181,8.300242e-07
5,268,158,0.0,0.38909763,0.61090237,-4.4541316,-13.598338,-1.7330921,-8.307257,-10.040349,4.3602653e-05
5,103,262,0.0,0.38909763,0.61090237,-11.16882,-15.585705,-4.345762,-9.521344,-13.8671055,9.497126e-07
5,266,410,0.0,0.38909763,0.61090237,-1.7161525,-14.463241,-0.6677509,-8.835628,-9.503379,7.459378e-05
5,113,77,0.0,0.38909763,0.61090237,-4.444198,-9.168544,-1.729227,-5.601085,-7.3303123,0.0006549397
5,63,365,0.0,0.38909763,0.61090237,-4.3899045,-9.664252,-1.7081014,-5.9039145,-7.6120157,0.0004942298
5,21,247,0.0,0.38909763,0.61090237,-9.555609,-15.717798,-3.7180648,-9.60204,-13.320105,1.6411617e-06
5,258,460,0.0,0.38909763,0.61090237,-2.0672338,-11.187856,-0.8043558,-6.8346877,-7.6390433,0.00048105716
5,247,0,0.0,0.38909763,0.61090237,-0.11336683,-9.136468,-0.044110764,-5.58149,-5.625601,0.0035914518
5,289,363,0.0,0.38909763,0.61090237,-5.317403,-11.706904,-2.0689888,-7.151776,-9.220764,9.895324e-05
5,370,117,0.0,0.38909763,0.61090237,-4.50246,-10.820221,-1.7518965,-6.610099,-8.361996,0.00023352317
5,374,205,0.0,0.38909763,0.61090237,0.64070374,-11.945241,0.24929631,-7.297376,-7.04808,0.0008683214
5,258,345,0.0,0.38909763,0.61090237,-2.088581,-0.9507983,-0.81266195,-0.58084494,-1.3935069,0.19884849
5,293,310,0.0,0.38909763,0.61090237,-14.850943,-17.40409,-5.7784667,-10.6322,-16.410667,7.4634166e-08
5,230,16,0.0,0.38909763,0.61090237,-1.7951521,-4.261038,-0.6984894,-2.6030781,-3.3015676,0.035517454
5,418,564,0.0,0.38909763,0.61090237,-4.344345,-16.877876,-1.6903744,-10.310735,-12.001109,6.137364e-06
5,240,431,0.0,0.38909763,0.61090237,0.3849072,-2.7287364,0.14976647,-1.6669915,-1.517225,0.17987052
5,200,432,0.0,0.38909763,0.61090237,-5.229703,-18.373566,-2.0348651,-11.224455,-13.25932,1.7440127e-06
5,377,105,0.0,0.38909763,0.61090237,-2.856277,-11.22052,-1.1113706,-6.8546424,-7.966013,0.00034693955
5,73,461,0.0,0.38909763,0.61090237,0.24463794,-14.421317,0.095188044,-8.810017,-8.7148285,0.00016410688
5,328,498,0.0,0.38909763,0.61090237,-7.5936866,-19.085684,-2.9546854,-11.65949,-14.614175,4.4992933e-07
5,120,359,0.0,0.38909763,0.61090237,-6.461592,-7.1876936,-2.5141902,-4.390979,-6.905169,0.0010015855
5,248,35,0.0,0.38909763,0.61090237,-2.9271073,-9.545302,-1.1389306,-5.831248,-6.9701786,0.0009386033
5,4,209,0.0,0.38909763,0.61090237,-6.088768,-7.1334743,-2.3691251,-4.3578563,-6.726981,0.0011967107
5,318,261,0.0,0.38909763,0.61090237,-9.237007,-21.878065,-3.5940976,-13.365362,-16.95946,4.311222e-08
5,105,511,0.0,0.38909763,0.61090237,-3.056512,-11.332368,-1.1892816,-6.9229703,-8.112252,0.00029975292
5,107,301,0.0,0.38909763,0.61090237,5.0347137,4.2120714,1.9589952,2.5731645,4.53216,0.98935705
5,302,453,0.0,0.38909763,0.61090237,-11.331252,-19.575724,-4.408963,-11.958856,-16.367819,7.790163e-08
5,237,299,0.0,0.38909763,0.61090237,-7.3121567,-16.45095,-2.8451428,-10.049925,-12.895067,2.5103968e-06
5,310,578,0.0,0.38909763,0.61090237,-11.077345,-18.92216,-4.3101687,-11.559592,-15.8697605,1.2818893e-07
5,312,274,0.0,0.38909763,0.61090237,-11.608151,-16.0803,-4.516704,-9.823493,-14.340197,5.9174073e-07
5,209,213,0.0,0.38909763,0.61090237,-3.468265,-13.52502,-1.3494937,-8.262466,-9.61196,6.691902e-05
5,97,59,0.0,0.38909763,0.61090237,-8.278735,-11.075059,-3.2212362,-6.76578,-9.987017,4.5991103e-05
5,25,213,0.0,0.38909763,0.61090237,-6.356111,-17.18274,-2.4731479,-10.496976,-12.970123,2.3288742e-06
5,90,194,0.0,0.38909763,0.61090237,-3.1450472,-13.199758,-1.2237304,-8.063764,-9.287494,9.256622e-05
5,86,388,0.0,0.38909763,0.61090237,-5.046381,-14.60585,-1.9635348,-8.922749,-10.886284,1.8712803e-05
5,26,45,0.0,0.38909763,0.61090237,-5.508302,-12.778747,-2.1432674,-7.8065667,-9.949834,4.7733283e-05
5,148,246,0.0,0.38909763,0.61090237,-7.115372,-7.055233,-2.7685745,-4.3100586,-7.0786333,0.00084221445
5,211,195,0.0,0.38909763,0.61090237,-2.8786979,-10.463881,-1.1200945,-6.3924093,-7.5125036,0.00054591364
5,330,420,0.0,0.38909763,0.61090237,-9.980893,-17.313763,-3.8835418,-10.577019,-14.460561,5.246359e-07
5,282,81,0.0,0.38909763,0.61090237,-0.06375757,6.012471,-0.024807919,3.673033,3.648225,0.9746234
5,23,471,0.0,0.38909763,0.61090237,-2.9446545,-18.926792,-1.145758,-11.562422,-12.708179,3.0262618e-06
5,307,221,0.0,0.38909763,0.61090237,-10.252554,-15.691069,-3.9892445,-9.5857115,-13.574956,1.2719528e-06
5,331,185,0.0,0.38909763,0.61090237,-4.3963714,-4.4871387,-1.7106177,-2.7412038,-4.4518213,0.011522989
5,264,302,0.0,0.38909763,0.61090237,-2.4265163,-11.46892,-0.94415176,-7.00639,-7.950542,0.00035234686
5,384,31,0.0,0.38909763,0.61090237,-4.719375,-13.345679,-1.8362976,-8.152907,-9.989205,4.5890556e-05
5,168,206,0.0,0.38909763,0.61090237,-11.862723,-18.288488,-4.6157575,-11.172481,-15.788239,1.3907692e-07
5,302,513,0.0,0.38909763,0.61090237,-10.929711,-21.119926,-4.2527246,-12.902213,-17.154938,3.5457262e-08
5,374,136,0.0,0.38909763,0.61090237,-1.5630165,-12.832394,-0.60816604,-7.8393397,-8.447506,0.00021438856
5,338,123,0.0,0.38909763,0.61090237,0.2502628,-18.930107,0.09737666,-11.564447,-11.467071,1.0469114e-05
5,380,404,0.0,0.38909763,0.61090237,-3.7017455,-9.866996,-1.4403404,-6.027771,-7.4681115,0.0005706798
5,169,64,0.0,0.38909763,0.61090237,-6.7099977,-8.243825,-2.6108441,-5.0361724,-7.6470165,0.00047723865
5,97,284,0.0,0.38909763,0.61090237,-7.7808647,-10.413188,-3.0275161,-6.361441,-9.388957,8.3635656e-05
5,311,500,0.0,0.38909763,0.61090237,-10.184953,-20.207785,-3.962941,-12.344983,-16.307924,8.271008e-08
5,322,349,0.0,0.38909763,0.61090237,-8.69097,-13.597171,-3.381636,-8.306544,-11.68818,8.392363e-06
5,140,156,0.0,0.38909763,0.61090237,-0.13950446,-3.3788624,-0.054280855,-2.064155,-2.1184359,0.10731782
5,418,529,0.0,0.38909763,0.61090237,-5.507993,-20.698465,-2.1431472,-12.644741,-14.787889,3.781825e-07
5,264,496,0.0,0.38909763,0.61090237,-2.5365472,-8.312722,-0.9869645,-5.078262,-6.0652266,0.0023168514
5,272,114,0.0,0.38909763,0.61090237,-12.190793,-18.631557,-4.7434087,-11.382063,-16.125471,9.926516e-08
5,48,271,0.0,0.38909763,0.61090237,-4.654733,-16.314058,-1.8111457,-9.966297,-11.777443,7.675703e-06
5,246,283,0.0,0.38909763,0.61090237,-12.020171,-9.11103,-4.67702,-5.5659494,-10.2429695,3.5605688e-05
5,255,355,0.0,0.38909763,0.61090237,-13.660477,-19.851261,-5.315259,-12.127182,-17.44244,2.6597728e-08
5,197,167,0.0,0.38909763,0.61090237,-8.853908,-15.223486,-3.4450345,-9.300064,-12.745098,2.9165737e-06
5,403,372,0.0,0.38909763,0.61090237,-3.3853862,-18.610054,-1.3172457,-11.368926,-12.686172,3.0936014e-06
5,355,182,0.0,0.38909763,0.61090237,-0.8497699,-9.69741,-0.33064345,-5.9241705,-6.254814,0.0019174991
5,255,547,0.0,0.38909763,0.61090237,-10.652874,-15.951434,-4.145008,-9.744769,-13.889777,9.284232e-07
5,334,412,0.0,0.38909763,0.61090237,-16.285177,-18.474178,-6.336524,-11.285919,-17.622444,2.2216199e-08
5,158,108,0.0,0.38909763,0.61090237,-8.373354,-13.598538,-3.258052,-8.30738,-11.565432,9.488394e-06
5,10,337,0.0,0.38909763,0.61090237,-2.0793173,-6.3660736,-0.8090575,-3.8890495,-4.698107,0.009030225
5,48,15,0.0,0.38909763,0.61090237,-8.088035,-20.351559,-3.1470351,-12.432816,-15.579851,1.7129969e-07
5,358,464,0.0,0.38909763,0.61090237,-8.143837,-12.099673,-3.1687477,-7.391719,-10.560467,2.5920077e-05
5,34,426,0.0,0.38909763,0.61090237,-7.5174346,-18.494505,-2.925016,-11.298337,-14.223352,6.650835e-07
5,140,144,0.0,0.38909763,0.61090237,1.0542606,2.9213567,0.4102103,1.7846637,2.194874,0.89978826
5,363,496,0.0,0.38909763,0.61090237,-3.6770172,-7.8880606,-1.4307187,-4.818835,-6.2495537,0.0019275931
5,50,181,0.0,0.38909763,0.61090237,-8.559179,-11.459067,-3.3303564,-7.0003715,-10.330728,3.2614284e-05
5,391,427,0.0,0.38909763,0.61090237,-4.711329,-9.445476,-1.833167,-5.770263,-7.6034303,0.0004984891
5,364,66,0.0,0.38909763,0.61090237,-8.266255,-14.878156,-3.2163804,-9.089101,-12.305481,4.5268444e-06
5,234,110,0.0,0.38909763,0.61090237,-1.8352586,-5.2220182,-0.71409476,-3.1901433,-3.9042382,0.019758053
5,128,330,0.0,0.38909763,0.61090237,0.71083874,-8.757665,0.27658567,-5.350078,-5.0734925,0.006221567
5,161,229,0.0,0.38909763,0.61090237,-5.432406,-15.132258,-2.1137364,-9.244332,-11.358068,1.1674773e-05
5,226,465,0.0,0.38909763,0.61090237,-0.5688149,-11.146644,-0.22132452,-6.809511,-7.0308356,0.00088341144
5,120,408,0.0,0.38909763,0.61090237,-12.975677,-20.295341,-5.048805,-12.398472,-17.447277,2.6469385e-08
5,315,577,0.0,0.38909763,0.61090237,-10.581531,-17.581661,-4.1172485,-10.740679,-14.857927,3.5260135e-07
5,178,196,0.0,0.38909763,0.61090237,-4.6142216,-14.179938,-1.7953827,-8.662558,-10.45794,2.8718505e-05
5,346,48,0.0,0.38909763,0.61090237,-8.552145,-19.586985,-3.3276193,-11.965735,-15.293355,2.2812883e-07
5,274,267,0.0,0.38909763,0.61090237,-10.804036,-14.841725,-4.203825,-9.066845,-13.27067,1.7243307e-06
5,402,266,0.0,0.38909763,0.61090237,-10.353521,-21.130852,-4.0285306,-12.908888,-16.937418,4.4073015e-08
5,171,440,0.0,0.38909763,0.61090237,-4.667873,-10.2779875,-1.8162583,-6.2788467,-8.095105,0.00030493553
5,270,578,0.0,0.38909763,0.61090237,-6.569678,-16.91861,-2.556246,-10.335619,-12.891865,2.5184493e-06
5,184,239,0.0,0.38909763,0.61090237,-1.6966914,-7.816241,-0.6601786,-4.77496,-5.4351387,0.0043416973
5,348,96,0.0,0.38909763,0.61090237,-7.2066226,-13.045042,-2.8040798,-7.969247,-10.773327,2.0950505e-05
5,67,200,0.0,0.38909763,0.61090237,-8.692142,-19.142492,-3.3820918,-11.694194,-15.076285,2.8343425e-07
