fold,epoch,local_weight,global_weight,train_loss,val_auc,val_aupr,learning_rate,is_best_epoch
1,1,0.4999900162220001,0.5000100135803223,1.9225623607635498,0.5907763903341426,0.5800029202279303,4e-05,False
1,2,0.49997013807296753,0.5000298619270325,1.9041988849639893,0.6206281072956411,0.6144690442516556,6e-05,False
1,3,0.49994024634361267,0.5000597238540649,1.8656764030456543,0.6546746733726443,0.6594987058076158,8e-05,False
1,4,0.4999001622200012,0.5000998377799988,1.8299446105957031,0.6865967163833968,0.6968610119601184,0.0001,False
1,5,0.4998498558998108,0.5001501441001892,1.7862058877944946,0.7055078621805989,0.71172579964821,0.00012,False
1,6,0.49978917837142944,0.5002108216285706,1.7489149570465088,0.7149236906000693,0.7179947347085849,0.00014000000000000001,False
1,7,0.49971795082092285,0.5002821087837219,1.713428020477295,0.718670511041739,0.7192227151876386,0.00016,False
1,8,0.499636173248291,0.5003637671470642,1.6847456693649292,0.7208636836628513,0.7215345974791048,0.00017999999999999998,False
1,9,0.49954453110694885,0.5004554390907288,1.6493674516677856,0.7220776968435657,0.7231406955331332,0.0002,False
1,10,0.4994420111179352,0.5005579590797424,1.6283377408981323,0.7231688634524222,0.7231933007277346,0.00022,False
1,11,0.49932876229286194,0.5006712675094604,1.604485034942627,0.7257341889235751,0.7250563061054175,0.00024,False
1,12,0.4992036521434784,0.500796377658844,1.5825917720794678,0.7285885651520407,0.727161928776394,0.00026000000000000003,False
1,13,0.49906638264656067,0.5009336471557617,1.5643755197525024,0.7321872470805874,0.7307500340317437,0.00028000000000000003,False
1,14,0.49891766905784607,0.5010823607444763,1.538001537322998,0.7376358538559371,0.7357718911409773,0.0003,False
1,15,0.49875643849372864,0.501243531703949,1.5187382698059082,0.74460197710718,0.7437712971208086,0.00032,False
1,16,0.49858295917510986,0.5014170408248901,1.4976016283035278,0.7528688287663313,0.7526619867609412,0.00034,False
1,17,0.49839654564857483,0.5016034245491028,1.4752434492111206,0.7615258989478553,0.7631400348724087,0.00035999999999999997,False
1,18,0.4981973171234131,0.5018026828765869,1.4580837488174438,0.7703419470459013,0.7729740537663261,0.00038,False
1,19,0.4979850649833679,0.5020149350166321,1.4312845468521118,0.7791146375303504,0.7816172811540405,0.0004,False
1,20,0.4977594316005707,0.5022405982017517,1.4134337902069092,0.7863698115389062,0.7875364883441316,0.00042,False
1,21,0.49751895666122437,0.5024810433387756,1.3961524963378906,0.7929601688056422,0.7932397729344018,0.00044,False
1,22,0.4972635805606842,0.5027364492416382,1.3717474937438965,0.7977800901838362,0.796407816479594,0.00046,False
1,23,0.496992826461792,0.5030072331428528,1.3486874103546143,0.8026722742513586,0.79881583492036,0.00048,False
1,24,0.49670618772506714,0.5032938718795776,1.3279210329055786,0.8064010290206961,0.800888282083539,0.0005,False
1,25,0.4964032471179962,0.5035967230796814,1.3052282333374023,0.8092481789802289,0.8021738721473796,0.0005200000000000001,False
1,26,0.4960840046405792,0.5039160251617432,1.2865791320800781,0.8139524800554978,0.8057244935368333,0.00054,False
1,27,0.49574774503707886,0.5042522549629211,1.2646832466125488,0.8201670713377268,0.8115284613998792,0.0005600000000000001,False
1,28,0.49539417028427124,0.504605770111084,1.238315463066101,0.8276751647589315,0.817881778377975,0.00058,False
1,29,0.49502304196357727,0.5049769878387451,1.2181395292282104,0.8391721586310557,0.8275101469881553,0.0006,False
1,30,0.4946340024471283,0.5053659677505493,1.19533109664917,0.8507486414614407,0.8369423916589362,0.00062,False
1,31,0.4942268133163452,0.5057731866836548,1.1796084642410278,0.8611978263383049,0.8462632509717931,0.00064,False
1,32,0.4938019812107086,0.506197988986969,1.16423761844635,0.8672678922418775,0.8508058181146407,0.00066,False
1,33,0.49335888028144836,0.506641149520874,1.1474285125732422,0.8729043820094808,0.8559974185417413,0.00068,False
1,34,0.4928974211215973,0.5071025490760803,1.1265345811843872,0.8761489767603192,0.8573281771967974,0.0007,False
1,35,0.4924188256263733,0.5075812339782715,1.1129567623138428,0.8785336455081512,0.8597445906629496,0.0007199999999999999,False
1,36,0.4919225573539734,0.5080773830413818,1.0887383222579956,0.8855937102555209,0.8669762936907086,0.00074,False
1,37,0.4914092421531677,0.5085907578468323,1.0717732906341553,0.8915481558561683,0.873205254443364,0.00076,False
1,38,0.49088001251220703,0.509119987487793,1.0530846118927002,0.8951396115157821,0.8761195285621692,0.0007800000000000001,False
1,39,0.49033766984939575,0.5096623301506042,1.045833706855774,0.898810556133657,0.8799893497703284,0.0008,False
1,40,0.4897782802581787,0.5102217197418213,1.013848900794983,0.8991212856977684,0.8791240502898452,0.00082,False
1,41,0.48920512199401855,0.5107948184013367,1.0068315267562866,0.8998583651289167,0.880002856399369,0.00084,False
1,42,0.4886198937892914,0.5113800764083862,0.9944679141044617,0.9022141288010175,0.881962046624786,0.00086,False
1,43,0.4880202114582062,0.5119798183441162,0.9738593697547913,0.9044759509769915,0.8851471363381388,0.00088,False
1,44,0.4874078333377838,0.5125921964645386,0.9616835117340088,0.9052708405596023,0.8850220542360521,0.0009000000000000001,False
1,45,0.4867807626724243,0.5132192373275757,0.9484428763389587,0.9044181408255288,0.8819438347994011,0.00092,False
1,46,0.4861449599266052,0.5138550996780396,0.9400858879089355,0.9086816394958954,0.8860525816600968,0.00094,False
1,47,0.4854968786239624,0.5145031213760376,0.9181947708129883,0.9101268932824602,0.8869897075235788,0.00096,False
1,48,0.4848354756832123,0.5151644945144653,0.9050173163414001,0.9100618568620649,0.8861071420176257,0.00098,False
1,49,0.48416438698768616,0.5158356428146362,0.897874653339386,0.9136822175974101,0.8907678861430418,0.001,False
1,50,0.4834885597229004,0.5165113806724548,0.8897607922554016,0.9181769568736271,0.8965760292232072,0.0009990526315789474,False
1,51,0.4828229546546936,0.5171769857406616,0.8811863660812378,0.9202942536709446,0.8990982013540434,0.0009981052631578948,False
1,52,0.4821687936782837,0.5178312063217163,0.8846136331558228,0.9192175395999537,0.8962988950442444,0.000997157894736842,False
1,53,0.4815163314342499,0.5184836983680725,0.8541714549064636,0.9175554977454041,0.8945696347699462,0.0009962105263157895,False
1,54,0.4808710813522339,0.5191289186477661,0.8492132425308228,0.9238278991790958,0.9039445181045466,0.0009952631578947367,False
1,55,0.4802343249320984,0.5197657346725464,0.838021993637085,0.926248699271592,0.9091095662510628,0.0009943157894736843,False
1,56,0.4796005189418793,0.5203994512557983,0.8326741456985474,0.9247311827956991,0.9073254616967642,0.0009933684210526315,False
1,57,0.47896769642829895,0.5210322737693787,0.8307919502258301,0.9260535900104059,0.9096148091792335,0.0009924210526315788,False
1,58,0.47833874821662903,0.5216612219810486,0.8217742443084717,0.9285105214475662,0.9123873586565544,0.0009914736842105262,False
1,59,0.47771283984184265,0.522287130355835,0.8054311275482178,0.9298690600069371,0.9130688775839463,0.0009905263157894736,False
1,60,0.47708839178085327,0.522911548614502,0.8044684529304504,0.9316539484333449,0.9148648034770391,0.000989578947368421,False
1,61,0.47646233439445496,0.5235376358032227,0.7930303812026978,0.931401029020696,0.9134983042622487,0.0009886315789473684,False
1,62,0.47585028409957886,0.5241497159004211,0.7889864444732666,0.9316828535090762,0.9151851288891356,0.0009876842105263157,False
1,63,0.4752441942691803,0.5247558355331421,0.7783205509185791,0.9333882529772228,0.9187305736897469,0.0009867368421052631,False
1,64,0.47464826703071594,0.5253517627716064,0.7804911136627197,0.9348118279569892,0.9215232304334863,0.0009857894736842105,False
1,65,0.4740650951862335,0.5259348750114441,0.7690796852111816,0.9349563533356458,0.9214310113509925,0.0009848421052631579,False
1,66,0.4734925329685211,0.5265074372291565,0.7732460498809814,0.9326873048907388,0.9167489659488302,0.0009838947368421053,False
1,67,0.4729311466217041,0.5270688533782959,0.7568759322166443,0.9311047519944502,0.912406804111515,0.0009829473684210526,False
1,68,0.4723721444606781,0.5276278257369995,0.7560728788375854,0.932557232049948,0.9150057669498165,0.000982,False
1,69,0.4718201458454132,0.5281798839569092,0.7522903680801392,0.9336700774656029,0.916535930124645,0.0009810526315789474,False
1,70,0.4712755084037781,0.5287245512008667,0.7461512684822083,0.9331064284888426,0.9146991623162414,0.0009801052631578948,False
1,71,0.47073984146118164,0.5292601585388184,0.7424216270446777,0.9328029251936639,0.9136694810533939,0.000979157894736842,False
1,72,0.4702088236808777,0.5297911763191223,0.739032506942749,0.9339735807607815,0.9165507479128429,0.0009782105263157895,False
1,73,0.46968790888786316,0.5303120613098145,0.7379173040390015,0.9367918256445832,0.9210714056636553,0.0009772631578947367,False
1,74,0.46916836500167847,0.5308316349983215,0.7177125215530396,0.9383960573476702,0.9235208805344022,0.0009763157894736843,False
1,75,0.4686505198478699,0.5313494205474854,0.7234639525413513,0.9383382471962076,0.923513138227369,0.0009753684210526316,False
1,76,0.46814143657684326,0.5318586230278015,0.7198333144187927,0.9369327378887733,0.9214622374893887,0.000974421052631579,False
1,77,0.4676414132118225,0.5323585867881775,0.7138569355010986,0.9368062781824489,0.9223467331120546,0.0009734736842105263,False
1,78,0.46715155243873596,0.5328484177589417,0.716812014579773,0.9379841600184994,0.9245441401537335,0.0009725263157894737,False
1,79,0.46666276454925537,0.5333372354507446,0.7027723789215088,0.93972569083131,0.9267861257737263,0.0009715789473684211,False
1,80,0.4661761522293091,0.5338238477706909,0.7039734721183777,0.9398196323274367,0.927074019326965,0.0009706315789473685,False
1,81,0.46570006012916565,0.5342999696731567,0.6999529600143433,0.9394005087293329,0.9267940926323627,0.0009696842105263158,False
1,82,0.4652281105518341,0.5347718596458435,0.6992385387420654,0.939190946930281,0.9252164211193931,0.0009687368421052631,False
1,83,0.46475547552108765,0.5352445244789124,0.6924496293067932,0.9384394149612671,0.9241001624077184,0.0009677894736842106,False
1,84,0.4642876386642456,0.5357123613357544,0.6893426775932312,0.9388946699040353,0.9239555340500287,0.0009668421052631579,False
1,85,0.4638242721557617,0.5361757278442383,0.6927417516708374,0.9399858365128917,0.9258272582410181,0.0009658947368421053,False
1,86,0.46337074041366577,0.5366292595863342,0.6961257457733154,0.9408240837090992,0.9269479805441614,0.0009649473684210526,False
1,87,0.46292853355407715,0.5370714664459229,0.6822894215583801,0.9413877326858597,0.9280518478029038,0.000964,False
1,88,0.462492436170578,0.5375075340270996,0.6795875430107117,0.9414744479130536,0.9277922722093269,0.0009630526315789474,False
1,89,0.46205753087997437,0.5379424691200256,0.6773093938827515,0.9418935715111574,0.928538613460899,0.0009621052631578948,False
1,90,0.46162715554237366,0.538372814655304,0.6703605651855469,0.9430931321540061,0.9305273077709533,0.0009611578947368422,False
1,91,0.4611974060535431,0.5388026237487793,0.6686468124389648,0.9427029136316337,0.9292169169532523,0.0009602105263157895,False
1,92,0.4607698321342468,0.5392301082611084,0.6641191244125366,0.9421681697306048,0.9290576877365664,0.0009592631578947368,False
1,93,0.4603450298309326,0.5396549701690674,0.6518668532371521,0.9417345935946353,0.9288686884748716,0.0009583157894736843,False
1,94,0.459922730922699,0.5400772094726562,0.6555407643318176,0.9419658342004856,0.9293749525257677,0.0009573684210526316,False
1,95,0.45950576663017273,0.5404942631721497,0.6563031673431396,0.9434761244074461,0.930268693320872,0.0009564210526315789,False
1,96,0.4590916335582733,0.5409083366394043,0.653856098651886,0.9447407214706902,0.9315040317376724,0.0009554736842105263,False
1,97,0.45867714285850525,0.5413228273391724,0.653483510017395,0.9449864146144062,0.930840560045652,0.0009545263157894737,False
1,98,0.4582661986351013,0.5417338013648987,0.6470685601234436,0.9439458318880796,0.9297561939084904,0.0009535789473684211,False
1,99,0.4578595459461212,0.5421404838562012,0.6490464806556702,0.943143716036536,0.9299671746711543,0.0009526315789473685,False
1,100,0.4574599266052246,0.5425400733947754,0.6510642766952515,0.9431509423054687,0.9296292688379614,0.0009516842105263158,False
1,101,0.4570600688457489,0.5429399013519287,0.6363314986228943,0.9440325471152734,0.9307762067069919,0.0009507368421052631,False
1,102,0.4566558599472046,0.5433441400527954,0.6382337808609009,0.944502254595907,0.9314537170794215,0.0009497894736842106,False
1,103,0.4562602937221527,0.5437396764755249,0.6408001780509949,0.945080356110533,0.9332052279272994,0.0009488421052631579,False
1,104,0.45587101578712463,0.544128954410553,0.6401211023330688,0.9462799167533819,0.9356063774364629,0.0009478947368421054,False
1,105,0.45548126101493835,0.544518768787384,0.6382051110267639,0.9470242224534628,0.9348004136337117,0.0009469473684210526,False
1,106,0.455097496509552,0.544902503490448,0.6353179812431335,0.9467134928893514,0.9352202094868718,0.000946,False
1,107,0.45472919940948486,0.5452707409858704,0.6367844343185425,0.947060353798127,0.9355051116203765,0.0009450526315789474,False
1,108,0.4543638825416565,0.5456361174583435,0.627272367477417,0.9462076540640536,0.932657064473387,0.0009441052631578948,False
1,109,0.45400476455688477,0.5459952354431152,0.6323109865188599,0.9464533472077696,0.933038387589114,0.0009431578947368421,False
1,110,0.45364829897880554,0.5463517308235168,0.6258944272994995,0.946771303040814,0.933405225733028,0.0009422105263157895,False
1,111,0.4532928764820099,0.5467070937156677,0.6241491436958313,0.9465400624349636,0.9321891241793776,0.0009412631578947369,False
1,112,0.4529423415660858,0.5470576882362366,0.6176666617393494,0.9449791883454733,0.9290860420938952,0.0009403157894736842,False
1,113,0.4525911509990692,0.5474088191986084,0.61620032787323,0.9447118163949589,0.9282716338527562,0.0009393684210526317,False
1,114,0.4522345960140228,0.5477654337882996,0.6167994141578674,0.9449719620765407,0.9293458495581314,0.0009384210526315789,False
1,115,0.45187440514564514,0.5481256246566772,0.6142497062683105,0.9448924731182796,0.9294831690870595,0.0009374736842105263,False
1,116,0.4515175223350525,0.5484825372695923,0.619443416595459,0.9457668516591514,0.9301640220247523,0.0009365263157894737,False
1,117,0.4511730670928955,0.5488269329071045,0.614686906337738,0.9464605734767025,0.9332400079642418,0.0009355789473684211,False
1,118,0.4508281350135803,0.5491718649864197,0.6142899394035339,0.9469808648398659,0.9364390766181382,0.0009346315789473685,False
1,119,0.450479656457901,0.5495203137397766,0.6106594204902649,0.9471976529078505,0.9372808363728995,0.0009336842105263158,False
1,120,0.45013749599456787,0.5498625040054321,0.6074417233467102,0.9466123251242919,0.9352897598830763,0.0009327368421052631,False
1,121,0.4498001039028168,0.5501999258995056,0.6019263863563538,0.9466484564689559,0.9343527427734053,0.0009317894736842106,False
1,122,0.44947171211242676,0.5505282878875732,0.6114174127578735,0.9474433460515667,0.9355040059920952,0.0009308421052631579,False
1,123,0.4491426348686218,0.5508573651313782,0.6031497716903687,0.9471326164874552,0.935074210927758,0.0009298947368421054,False
1,124,0.4488084018230438,0.5511915683746338,0.5954115390777588,0.9468363394612094,0.9347474708907665,0.0009289473684210526,False
1,125,0.4484790563583374,0.5515209436416626,0.5988712310791016,0.945376633136779,0.9332855352597043,0.000928,False
1,126,0.44815438985824585,0.5518456101417542,0.6035200953483582,0.9463883107873743,0.9352600856828868,0.0009270526315789474,False
1,127,0.44784072041511536,0.5521592497825623,0.6004502177238464,0.9484116660885651,0.9382191825751927,0.0009261052631578948,False
1,128,0.44753217697143555,0.5524678826332092,0.6004456877708435,0.9477107180020812,0.937980486421183,0.0009251578947368421,False
1,129,0.44722193479537964,0.5527780652046204,0.5978901386260986,0.9471470690253209,0.9375569672071976,0.0009242105263157894,False
1,130,0.44692161679267883,0.5530783534049988,0.5928590297698975,0.9470748063359926,0.9379908518225796,0.0009232631578947369,False
1,131,0.44661861658096313,0.5533813834190369,0.5881848335266113,0.9479347323389988,0.9388345522061066,0.0009223157894736842,False
1,132,0.4463193714618683,0.5536805987358093,0.5896533727645874,0.9485778702740202,0.9395852399892991,0.0009213684210526317,False
1,133,0.4460303783416748,0.5539696216583252,0.590279221534729,0.9481948780205804,0.9369985171996263,0.0009204210526315789,False
1,134,0.44574490189552307,0.5542551279067993,0.5941212177276611,0.9484044398196323,0.9361009940000405,0.0009194736842105263,False
1,135,0.44546088576316833,0.5545390844345093,0.585767388343811,0.9488958261070644,0.9374941133596896,0.0009185263157894737,False
1,136,0.4451754689216614,0.5548244714736938,0.5790842175483704,0.9492499132847728,0.9386032819833985,0.0009175789473684211,False
1,137,0.4448957145214081,0.5551042556762695,0.5863227844238281,0.9500375765984507,0.9426604867285071,0.0009166315789473685,False
1,138,0.4446190297603607,0.5553809404373169,0.5743903517723083,0.9509047288703897,0.9446172133135862,0.0009156842105263158,False
1,139,0.4443426728248596,0.5556573867797852,0.5736372470855713,0.9508180136431957,0.9453786133468183,0.0009147368421052632,False
1,140,0.4440637528896332,0.5559362173080444,0.5774467587471008,0.9502543646664355,0.944613507163405,0.0009137894736842106,False
1,141,0.44378915429115295,0.5562108755111694,0.5811883807182312,0.9494161174702279,0.9446978965152679,0.000912842105263158,False
1,142,0.4435107707977295,0.5564892292022705,0.5694965720176697,0.9488163371488032,0.9445974319939109,0.0009118947368421052,False
1,143,0.44324108958244324,0.5567588806152344,0.5767433047294617,0.9484116660885651,0.9449537437140356,0.0009109473684210526,False
1,144,0.442971795797348,0.5570281744003296,0.5722532868385315,0.9484188923574979,0.9448553126623388,0.00091,False
1,145,0.44270139932632446,0.5572986006736755,0.5677745938301086,0.9488958261070645,0.94447833960215,0.0009090526315789474,False
1,146,0.4424329400062561,0.5575670599937439,0.571509599685669,0.9496184530003469,0.9454164538533784,0.0009081052631578948,False
1,147,0.4421599805355072,0.5578400492668152,0.5737403035163879,0.9513093999306278,0.9479453127412792,0.0009071578947368421,False
1,148,0.4418828785419464,0.5581170916557312,0.570828378200531,0.9526029020696035,0.9482441425910294,0.0009062105263157894,False
1,149,0.4416080415248871,0.5583919286727905,0.5623967051506042,0.9533761128454157,0.9485528874770163,0.0009052631578947369,False
1,150,0.44133707880973816,0.5586629509925842,0.5661219954490662,0.9538385940571166,0.9491890697638197,0.0009043157894736842,False
1,151,0.44107186794281006,0.5589281320571899,0.5670769214630127,0.9532099086599608,0.9481965418855374,0.0009033684210526317,False
1,152,0.4408017694950104,0.5591982007026672,0.5615872740745544,0.9520681581685744,0.946502975599236,0.0009024210526315789,False
1,153,0.440534383058548,0.5594656467437744,0.5637993216514587,0.9528919528269164,0.9482136870876545,0.0009014736842105264,False
1,154,0.44026482105255127,0.5597351789474487,0.561331570148468,0.9529425367094462,0.9488912983942865,0.0009005263157894737,False
1,155,0.4399963319301605,0.5600036978721619,0.5546760559082031,0.9529497629783791,0.9487596285131025,0.0008995789473684212,False
1,156,0.43973010778427124,0.560269832611084,0.5622055530548096,0.9529280841715806,0.9475693128439989,0.0008986315789473684,False
1,157,0.439470112323761,0.560529887676239,0.5609290599822998,0.9524005665394844,0.9474367981192445,0.0008976842105263158,False
1,158,0.4392065703868866,0.560793399810791,0.5502890944480896,0.9525739969938721,0.9478633853866817,0.0008967368421052632,False
1,159,0.43894609808921814,0.5610538721084595,0.5580565929412842,0.9534628280726096,0.9487977922750934,0.0008957894736842105,False
1,160,0.43869107961654663,0.5613089203834534,0.5575885772705078,0.954105966007631,0.950102525191364,0.000894842105263158,False
1,161,0.43843382596969604,0.561566174030304,0.547226071357727,0.9543083015377501,0.9507684232763813,0.0008938947368421052,False
1,162,0.4381748139858246,0.5618252158164978,0.5515111684799194,0.9541131922765638,0.9508928133238537,0.0008929473684210526,False
1,163,0.43792152404785156,0.5620784759521484,0.5557528734207153,0.9545612209503989,0.9508145469722652,0.000892,False
1,164,0.43768027424812317,0.5623196959495544,0.552272617816925,0.9543444328824142,0.9503560885178842,0.0008910526315789474,False
1,165,0.43743911385536194,0.5625609159469604,0.5448678731918335,0.9543444328824141,0.9502620625030456,0.0008901052631578948,False
1,166,0.43719860911369324,0.5628014206886292,0.5485022068023682,0.9546696149843913,0.9501438122185946,0.0008891578947368421,False
1,167,0.4369579553604126,0.5630420446395874,0.5381808876991272,0.9551176436582265,0.9499280480250186,0.0008882105263157895,False
1,168,0.4367150068283081,0.5632849931716919,0.5444377660751343,0.9559269857787027,0.9503500030716951,0.0008872631578947369,False
1,169,0.4364713132381439,0.5635286569595337,0.5431615114212036,0.9554789571048676,0.9491967835800715,0.0008863157894736843,False
1,170,0.43622857332229614,0.5637714266777039,0.5446568727493286,0.954142097352295,0.9484480500098594,0.0008853684210526317,False
1,171,0.435987263917923,0.5640127658843994,0.5385841727256775,0.9531810035842295,0.9484847530118499,0.0008844210526315789,False
1,172,0.4357527792453766,0.564247190952301,0.541171133518219,0.9539758931668402,0.9499418100108605,0.0008834736842105263,False
1,173,0.4355204105377197,0.5644795894622803,0.5397130250930786,0.9535134119551394,0.9484475171467269,0.0008825263157894737,False
1,174,0.4352879822254181,0.5647120475769043,0.5448133945465088,0.9530798358191699,0.9472277787470901,0.0008815789473684211,False
1,175,0.4350607395172119,0.5649392604827881,0.5400934815406799,0.9526318071453348,0.9457308649725402,0.0008806315789473684,False
1,176,0.4348357915878296,0.5651642084121704,0.5419803857803345,0.9527474274482599,0.947690741460671,0.0008796842105263157,False
1,177,0.4346119165420532,0.565388023853302,0.534440815448761,0.9531520985084981,0.9493556674439839,0.0008787368421052632,False
1,178,0.43438220024108887,0.5656178593635559,0.5337467193603516,0.9538313677881836,0.9512099606357897,0.0008777894736842106,False
1,179,0.4341593086719513,0.5658406615257263,0.5364009141921997,0.9539180830153774,0.9515832177387807,0.000876842105263158,False
1,180,0.43393662571907043,0.566063404083252,0.5365965962409973,0.953571222106602,0.9512169635109777,0.0008758947368421052,False
1,181,0.4337126314640045,0.5662873983383179,0.5318320393562317,0.9534628280726095,0.9507239574168903,0.0008749473684210527,False
1,182,0.43349289894104004,0.56650710105896,0.5394153594970703,0.9533110764250202,0.9501264878138427,0.000874,False
1,183,0.433268666267395,0.5667312741279602,0.5322281718254089,0.9534845068794079,0.9505907741539543,0.0008730526315789475,False
1,184,0.43304383754730225,0.566956102848053,0.5302658677101135,0.9536290322580646,0.9510721338833659,0.0008721052631578948,False
1,185,0.4328141212463379,0.5671858787536621,0.5263690948486328,0.9537880101745866,0.9515640123681609,0.0008711578947368421,False
1,186,0.43259215354919434,0.5674079060554504,0.5306192636489868,0.9540337033183027,0.9522063737426267,0.0008702105263157895,False
1,187,0.43237534165382385,0.5676246285438538,0.5328719019889832,0.9539758931668401,0.9517998574945798,0.0008692631578947369,False
1,188,0.43215322494506836,0.5678468346595764,0.5241383910179138,0.9534483755347439,0.9506036925456689,0.0008683157894736843,False
1,189,0.4319232702255249,0.5680767297744751,0.527224063873291,0.953274945080356,0.9505805846202716,0.0008673684210526315,False
1,190,0.43169188499450684,0.5683081150054932,0.5213067531585693,0.953274945080356,0.951758069103261,0.0008664210526315789,False
1,191,0.4314645528793335,0.5685353875160217,0.5263537168502808,0.9535567695687364,0.952225372274387,0.0008654736842105263,False
1,192,0.4312363564968109,0.5687636733055115,0.5252612829208374,0.9539614406289744,0.9525462519927345,0.0008645263157894738,False
1,193,0.4310106635093689,0.5689893960952759,0.522956132888794,0.9546190311018615,0.9526260545423739,0.0008635789473684211,False
1,194,0.43078383803367615,0.5692161321640015,0.5262578725814819,0.9546334836397272,0.9523735519119497,0.0008626315789473684,False
1,195,0.4305560290813446,0.5694440007209778,0.5206186771392822,0.9545539946814661,0.9517208164044263,0.0008616842105263158,False
1,196,0.43033427000045776,0.5696657299995422,0.5254147052764893,0.9539180830153775,0.9512762864363904,0.0008607368421052632,False
1,197,0.43010929226875305,0.5698907375335693,0.5132250189781189,0.9535278644930051,0.9518950912441625,0.0008597894736842106,False
1,198,0.4298849403858185,0.5701150894165039,0.5223610401153564,0.9537518788299225,0.9528851425955215,0.000858842105263158,False
1,199,0.42965975403785706,0.5703402757644653,0.5261298418045044,0.9546551624465256,0.9542687944266748,0.0008578947368421052,False
1,200,0.42943599820137024,0.5705640316009521,0.5234394073486328,0.9545467684125333,0.9536701005437499,0.0008569473684210527,False
1,201,0.42921915650367737,0.570780873298645,0.5141615867614746,0.9542215863105561,0.9520145405246656,0.000856,False
1,202,0.4290100634098053,0.5709899663925171,0.5220242738723755,0.9536796161405943,0.9491235546226622,0.0008550526315789474,False
1,203,0.4288017451763153,0.5711982250213623,0.5152584314346313,0.954019250780437,0.9486959968894608,0.0008541052631578947,False
1,204,0.4285981357097626,0.5714018940925598,0.5156406760215759,0.9545250896057348,0.9495427146840425,0.000853157894736842,False
1,205,0.42838987708091736,0.5716100931167603,0.5137543678283691,0.9551826800786217,0.9502425714180613,0.0008522105263157895,False
1,206,0.4281863272190094,0.5718136429786682,0.5147759318351746,0.9555006359116661,0.9508566493987863,0.0008512631578947369,False
1,207,0.4279903471469879,0.5720096230506897,0.517913818359375,0.9555728986009944,0.95188333714445,0.0008503157894736843,False
1,208,0.4278000593185425,0.5721999406814575,0.5147744417190552,0.9559342120476357,0.9522476814939976,0.0008493684210526315,False
1,209,0.4276094138622284,0.572390615940094,0.5107663869857788,0.9562160365360157,0.9529662295528314,0.000848421052631579,False
1,210,0.42742425203323364,0.5725757479667664,0.5148190259933472,0.9563099780321426,0.9530938559893303,0.0008474736842105263,False
1,211,0.4272359311580658,0.5727640986442566,0.5110650062561035,0.9566496126719851,0.9535257365793559,0.0008465263157894738,False
1,212,0.4270440340042114,0.5729559659957886,0.5031582713127136,0.9565195398311944,0.9534636245383482,0.0008455789473684211,False
1,213,0.4268527328968048,0.5731472373008728,0.5086811780929565,0.9558691756272402,0.9539054100479227,0.0008446315789473684,False
1,214,0.42666348814964294,0.5733364820480347,0.5077869892120361,0.9550959648514279,0.9538636201144398,0.0008436842105263158,False
1,215,0.4264748990535736,0.5735251307487488,0.5067284107208252,0.954431148109608,0.9535559830410937,0.0008427368421052632,False
1,216,0.4262884855270386,0.5737115144729614,0.5074008703231812,0.953730200023124,0.9523142979435854,0.0008417894736842106,False
1,217,0.42609769105911255,0.5739023089408875,0.4993448257446289,0.9532460400046248,0.9516449446301771,0.000840842105263158,False
1,218,0.4259011447429657,0.5740988254547119,0.5067008137702942,0.9532893976182217,0.9518392777401584,0.0008398947368421052,False
1,219,0.4257031977176666,0.574296772480011,0.5026968717575073,0.9532893976182217,0.9511125271340681,0.0008389473684210526,False
1,220,0.4255038797855377,0.5744961500167847,0.5044674277305603,0.9527546537171928,0.9511909591610048,0.0008380000000000001,False
1,221,0.4253031015396118,0.5746968984603882,0.5041025280952454,0.9524222453462828,0.9514210398001248,0.0008370526315789474,False
1,222,0.4251042306423187,0.5748957991600037,0.5022455453872681,0.952581223262805,0.9528058002787237,0.0008361052631578947,False
1,223,0.42491158843040466,0.575088381767273,0.5118868947029114,0.9529353104405134,0.9530942084631155,0.0008351578947368421,False
1,224,0.4247189164161682,0.5752810835838318,0.5083374381065369,0.9531448722395653,0.9534554322481272,0.0008342105263157895,False
1,225,0.4245315492153168,0.5754684209823608,0.5017058849334717,0.9531015146259684,0.9523009577642365,0.0008332631578947369,False
1,226,0.4243471920490265,0.5756528377532959,0.5003164410591125,0.9528413689443866,0.9517428267723292,0.0008323157894736843,False
1,227,0.424166738986969,0.575833261013031,0.5065901279449463,0.9522993987744247,0.9518625874308455,0.0008313684210526315,False
1,228,0.4239882826805115,0.5760117173194885,0.4957929849624634,0.9516056769568736,0.9520868708291513,0.000830421052631579,False
1,229,0.4238121807575226,0.5761878490447998,0.5014917850494385,0.9502904960110995,0.9511498713286813,0.0008294736842105263,False
1,230,0.4236355721950531,0.5763644576072693,0.4977499842643738,0.9492210082090415,0.949403681421968,0.0008285263157894738,False
1,231,0.4234587252140045,0.5765412449836731,0.49823126196861267,0.9485489651982888,0.9478349049046055,0.000827578947368421,False
1,232,0.42327776551246643,0.5767222046852112,0.4980907738208771,0.9491704243265117,0.9474483647833173,0.0008266315789473684,False
1,233,0.4230954945087433,0.5769044756889343,0.49647724628448486,0.950102613018846,0.9492781392013843,0.0008256842105263158,False
1,234,0.42291972041130066,0.5770803093910217,0.5003214478492737,0.9514972829228814,0.9516109779841602,0.0008247368421052632,False
1,235,0.42274346947669983,0.5772565603256226,0.49494001269340515,0.9520753844375073,0.9524293342038063,0.0008237894736842106,False
1,236,0.42255887389183044,0.5774411559104919,0.49350234866142273,0.952003121748179,0.951521631869989,0.0008228421052631578,False
1,237,0.42237144708633423,0.5776285529136658,0.4978688657283783,0.9512949473927622,0.9483002816847765,0.0008218947368421053,False
1,238,0.4221847355365753,0.5778152942657471,0.49915316700935364,0.9508180136431957,0.9466868664125897,0.0008209473684210526,False
1,239,0.42199939489364624,0.5780006051063538,0.496590256690979,0.9512371372412997,0.9476753867970586,0.0008200000000000001,False
1,240,0.42181843519210815,0.5781815052032471,0.5004080533981323,0.9524294716152156,0.9506379839666937,0.0008190526315789474,False
1,241,0.42164307832717896,0.578356921672821,0.49824458360671997,0.9535929009134004,0.953081150683695,0.0008181052631578947,False
1,242,0.42146486043930054,0.5785351395606995,0.49558061361312866,0.9540337033183027,0.9540570462527678,0.0008171578947368421,False
1,243,0.4212857782840729,0.5787142515182495,0.49871522188186646,0.9545901260261302,0.9551267335293772,0.0008162105263157895,False
1,244,0.4211089313030243,0.5788910388946533,0.5000408887863159,0.9542432651173546,0.9544588791680106,0.0008152631578947369,False
1,245,0.42093849182128906,0.5790615081787109,0.5002080798149109,0.9528775002890507,0.9522859707906086,0.0008143157894736843,False
1,246,0.4207668602466583,0.5792331099510193,0.49420028924942017,0.9523066250433576,0.95189917783642,0.0008133684210526315,False
1,247,0.42060020565986633,0.5793997645378113,0.4957421123981476,0.9528630477511851,0.9532555377595451,0.000812421052631579,False
1,248,0.4204334020614624,0.5795665383338928,0.48611128330230713,0.953036478205573,0.9536570367219169,0.0008114736842105264,False
1,249,0.4202693998813629,0.5797306299209595,0.49052226543426514,0.9525812232628049,0.9536736028835142,0.0008105263157894737,False
1,250,0.42010319232940674,0.5798967480659485,0.48794424533843994,0.9522777199676263,0.9535883930507856,0.000809578947368421,False
1,251,0.41994577646255493,0.5800542235374451,0.4917878806591034,0.9524222453462828,0.9535572220771285,0.0008086315789473684,False
1,252,0.4197900891304016,0.5802099108695984,0.49191898107528687,0.9527040698346629,0.9540417905755234,0.0008076842105263158,False
1,253,0.419636607170105,0.5803633332252502,0.48652464151382446,0.9532099086599607,0.9546687604213634,0.0008067368421052632,False
1,254,0.41948699951171875,0.5805130004882812,0.48076820373535156,0.9534989594172737,0.9553239902666846,0.0008057894736842106,False
1,255,0.4193335473537445,0.5806664228439331,0.4804413318634033,0.9539036304775119,0.9562634364574726,0.0008048421052631578,False
1,256,0.41918203234672546,0.5808179974555969,0.4850237965583801,0.9542432651173547,0.9569959983633484,0.0008038947368421053,False
1,257,0.4190341830253601,0.5809658169746399,0.4864540994167328,0.9543227540756157,0.9575368047298011,0.0008029473684210526,False
1,258,0.4188859164714813,0.5811140537261963,0.48739513754844666,0.9538602728639147,0.9570001111688424,0.0008020000000000001,False
1,259,0.4187341332435608,0.5812658667564392,0.487499475479126,0.9531448722395651,0.9555002503162813,0.0008010526315789474,False
1,260,0.41858091950416565,0.581419050693512,0.47519034147262573,0.952125968320037,0.9537457145030689,0.0008001052631578947,False
1,261,0.4184269309043884,0.5815730690956116,0.48499852418899536,0.9517791074112613,0.9523655102110691,0.0007991578947368421,False
1,262,0.41827529668807983,0.5817247033119202,0.480395644903183,0.9510781593247775,0.9506982507688211,0.0007982105263157896,False
1,263,0.41811367869377136,0.5818862915039062,0.49618780612945557,0.9513093999306278,0.9501682115147005,0.0007972631578947369,False
1,264,0.4179520308971405,0.5820479393005371,0.48586639761924744,0.9518875014452538,0.9496394001053685,0.0007963157894736843,False
1,265,0.4177929759025574,0.5822070240974426,0.4787042737007141,0.9520898369753729,0.9493339538547378,0.0007953684210526316,False
1,266,0.41763824224472046,0.5823617577552795,0.4818729758262634,0.9516454214360041,0.9485435717851263,0.0007944210526315789,False
1,267,0.4174855649471283,0.5825144052505493,0.4834124445915222,0.9507240721470691,0.9471019592492762,0.0007934736842105264,False
1,268,0.4173317849636078,0.5826682448387146,0.4842126965522766,0.949813562261533,0.9465167023878867,0.0007925263157894737,False
1,269,0.4171854257583618,0.5828145146369934,0.4888107180595398,0.9491957162677767,0.9461414736590981,0.000791578947368421,False
1,270,0.41704463958740234,0.5829553604125977,0.4840356409549713,0.9500014452537866,0.9469872713347434,0.0007906315789473684,False
1,271,0.41690149903297424,0.5830985307693481,0.478898823261261,0.9501387443635104,0.9469781831071575,0.0007896842105263158,False
1,272,0.41675686836242676,0.583243191242218,0.4773731827735901,0.950601225575211,0.9477022526083437,0.0007887368421052632,False
1,273,0.41660556197166443,0.583394467830658,0.47737932205200195,0.9502832697421668,0.9476711156633952,0.0007877894736842106,False
1,274,0.4164547622203827,0.5835452079772949,0.4811643064022064,0.9497557521100705,0.947555004100751,0.0007868421052631579,False
1,275,0.4163060784339905,0.5836939811706543,0.4773288071155548,0.9496256792692797,0.9474849233314337,0.0007858947368421053,False
1,276,0.41615772247314453,0.5838423371315002,0.48342573642730713,0.9490909353682506,0.9471952905781993,0.0007849473684210527,False
1,277,0.41601163148880005,0.5839884281158447,0.4796915352344513,0.9491053879061163,0.9469100001984707,0.0007840000000000001,False
1,278,0.41585710644721985,0.5841428637504578,0.480428546667099,0.9496690368828766,0.9477150666902405,0.0007830526315789474,False
1,279,0.4157022535800934,0.5842977166175842,0.47957172989845276,0.9498352410683315,0.9471235729011988,0.0007821052631578947,False
1,280,0.41555055975914,0.5844494700431824,0.4816145598888397,0.9499291825644582,0.9482451460475781,0.0007811578947368421,False
1,281,0.4153966009616852,0.5846034288406372,0.47597625851631165,0.9501170655567118,0.9490868448297727,0.0007802105263157895,False
1,282,0.41524022817611694,0.5847597718238831,0.47331658005714417,0.9501242918256445,0.9497023650482778,0.0007792631578947369,False
1,283,0.41508370637893677,0.5849162340164185,0.46623584628105164,0.9498063359926003,0.9494224424515911,0.0007783157894736841,False
1,284,0.41493937373161316,0.5850605964660645,0.4839235544204712,0.9485995490808187,0.9474312092561941,0.0007773684210526316,False
1,285,0.4147883653640747,0.5852115750312805,0.46711885929107666,0.9482237830963116,0.9452361919489947,0.0007764210526315789,False
1,286,0.4146377742290497,0.5853621959686279,0.4748377203941345,0.9484333448953636,0.9451282102334834,0.0007754736842105264,False
1,287,0.4144854247570038,0.5855146050453186,0.4772122800350189,0.9487657532662735,0.945760249872016,0.0007745263157894737,False
1,288,0.41433238983154297,0.5856675505638123,0.46990275382995605,0.949040351485721,0.9472154692392318,0.000773578947368421,False
1,289,0.4141790568828583,0.5858209729194641,0.46437352895736694,0.9493004971673026,0.9483384845359009,0.0007726315789473684,False
1,290,0.4140247404575348,0.5859752893447876,0.469700425863266,0.9496040004624813,0.9483977198214197,0.0007716842105263159,False
1,291,0.41387590765953064,0.586124062538147,0.4706886410713196,0.9503772112382934,0.9487630399342853,0.0007707368421052632,False
1,292,0.4137256145477295,0.5862744450569153,0.4677450954914093,0.950637356919875,0.9491518503511266,0.0007697894736842106,False
1,293,0.41356945037841797,0.5864306092262268,0.46001964807510376,0.9505361891548156,0.9487857916853468,0.0007688421052631579,False
1,294,0.41341304779052734,0.5865870118141174,0.4669030010700226,0.9508324661810614,0.9495602147319425,0.0007678947368421053,False
1,295,0.41325294971466064,0.5867470502853394,0.4661846160888672,0.9509625390218522,0.9503849256048946,0.0007669473684210527,False
1,296,0.4130958616733551,0.5869041681289673,0.4715016484260559,0.9520970632443058,0.9518975048321643,0.000766,False
1,297,0.41293951869010925,0.5870604515075684,0.47141367197036743,0.9527185223725286,0.9527330240666259,0.0007650526315789474,False
1,298,0.41278356313705444,0.5872164368629456,0.4639893174171448,0.9526679384899989,0.9528987712886162,0.0007641052631578947,False
1,299,0.412632018327713,0.5873679518699646,0.46721798181533813,0.9527329749103942,0.9538290393656964,0.0007631578947368422,False
1,300,0.4124842882156372,0.5875157117843628,0.4589524269104004,0.9524005665394844,0.9538415591580779,0.0007622105263157895,False
1,301,0.4123331904411316,0.5876668691635132,0.45924174785614014,0.9523210775812233,0.9539678805204731,0.0007612631578947369,False
1,302,0.4121851921081543,0.5878148674964905,0.46188798546791077,0.9525234131113425,0.9552443735783129,0.0007603157894736841,False
1,303,0.4120345711708069,0.5879653692245483,0.46910127997398376,0.9522632674297608,0.9555082087433151,0.0007593684210526316,False
1,304,0.4119000732898712,0.5880999565124512,0.46639591455459595,0.9517140709908661,0.9553260237104668,0.000758421052631579,False
1,305,0.41175970435142517,0.5882403254508972,0.46474069356918335,0.9508252399121285,0.9540281642765229,0.0007574736842105264,False
1,306,0.41161614656448364,0.5883838534355164,0.4569537043571472,0.9500231240605851,0.9517095795999381,0.0007565263157894737,False
1,307,0.41147324442863464,0.5885267853736877,0.46082085371017456,0.9499797664469881,0.9504392082068521,0.0007555789473684211,False
1,308,0.4113292694091797,0.5886707901954651,0.4587506651878357,0.9501748757081743,0.9497883060403804,0.0007546315789473684,False
1,309,0.4111849069595337,0.5888150930404663,0.4575946629047394,0.9504711527344202,0.9501143532576587,0.0007536842105263158,False
1,310,0.4110449254512787,0.5889551043510437,0.46171799302101135,0.9508396924499943,0.9506034838736291,0.0007527368421052632,False
1,311,0.41090577840805054,0.5890942215919495,0.4619317650794983,0.9507457509538675,0.9501726855571898,0.0007517894736842104,False
1,312,0.41077056527137756,0.5892294645309448,0.4616358280181885,0.9504711527344202,0.949045410598458,0.0007508421052631579,False
1,313,0.41063740849494934,0.5893625617027283,0.4641134440898895,0.9502182333217712,0.9482573439580159,0.0007498947368421053,False
1,314,0.4105018675327301,0.5894981622695923,0.46016615629196167,0.9504061163140247,0.9486740891604672,0.0007489473684210527,False
1,315,0.41036665439605713,0.5896332859992981,0.4663975238800049,0.9507891085674645,0.9495037926293244,0.000748,False
1,316,0.4102351665496826,0.5897648930549622,0.46376824378967285,0.9508324661810614,0.9500283669559987,0.0007470526315789473,False
1,317,0.4101020395755768,0.5898979902267456,0.46384352445602417,0.9505434154237484,0.9508466795806804,0.0007461052631578947,False
1,318,0.40997013449668884,0.5900298357009888,0.45291322469711304,0.9505072840790842,0.9508865220003356,0.0007451578947368422,False
1,319,0.4098427891731262,0.5901572108268738,0.46233439445495605,0.9505289628858828,0.9510969620067173,0.0007442105263157895,False
1,320,0.40971505641937256,0.5902849435806274,0.46132737398147583,0.9510492542490462,0.9501532774452619,0.0007432631578947369,False
1,321,0.40958595275878906,0.5904141068458557,0.46002745628356934,0.951345531275292,0.9500202072813149,0.0007423157894736842,False
1,322,0.40945377945899963,0.5905462503433228,0.4616217315196991,0.9518224650248583,0.9508959690121368,0.0007413684210526316,False
1,323,0.4093199670314789,0.5906800031661987,0.45480459928512573,0.951757428604463,0.9515100955815995,0.000740421052631579,False
1,324,0.4091870188713074,0.5908129811286926,0.4607158303260803,0.9510853855937103,0.9511763041538057,0.0007394736842105264,False
1,325,0.4090600311756134,0.590939998626709,0.45502135157585144,0.9508324661810614,0.9518165384626687,0.0007385263157894737,False
1,326,0.4089352488517761,0.5910647511482239,0.4592781662940979,0.9505939993062782,0.9517943646610723,0.000737578947368421,False
1,327,0.4088134467601776,0.5911865830421448,0.45486101508140564,0.9507602034917333,0.9519812665109174,0.0007366315789473685,False
1,328,0.40869376063346863,0.591306209564209,0.456988662481308,0.9509769915597179,0.952436152180691,0.0007356842105263158,False
1,329,0.4085763990879059,0.5914235711097717,0.45561179518699646,0.9509769915597178,0.9526743960232144,0.0007347368421052632,False
1,330,0.40845987200737,0.5915400981903076,0.459749698638916,0.9510709330558447,0.9534431448096532,0.0007337894736842104,False
1,331,0.40834927558898926,0.5916507244110107,0.45835912227630615,0.9508975026014569,0.9538894561832647,0.0007328421052631579,False
1,332,0.4082399606704712,0.5917600393295288,0.4569544494152069,0.9503699849693606,0.9531012042649654,0.0007318947368421053,False
1,333,0.4081312119960785,0.5918687582015991,0.457683265209198,0.9499002774887271,0.9522092864916607,0.0007309473684210527,False
1,334,0.4080246388912201,0.5919753313064575,0.45882079005241394,0.9501170655567117,0.9520731224592803,0.00073,False
1,335,0.40791162848472595,0.5920884013175964,0.4534129500389099,0.9508830500635912,0.951725887671798,0.0007290526315789475,False
1,336,0.4077910780906677,0.592208981513977,0.459600567817688,0.9513744363510231,0.9519144291051158,0.0007281052631578948,False
1,337,0.4076749086380005,0.5923250913619995,0.45765507221221924,0.9516201294947393,0.9514553532068527,0.0007271578947368422,False
1,338,0.4075543284416199,0.5924456715583801,0.45446348190307617,0.951714070990866,0.9509687783521378,0.0007262105263157895,False
1,339,0.4074311852455139,0.5925688147544861,0.4638760983943939,0.9519525378656492,0.9518194443022374,0.0007252631578947369,False
1,340,0.4073095917701721,0.5926904082298279,0.45326486229896545,0.9518513701005896,0.952160657979085,0.0007243157894736842,False
1,341,0.4071982204914093,0.5928018093109131,0.4523348808288574,0.9517646548733959,0.9524307207516842,0.0007233684210526316,False
1,342,0.4070863425731659,0.5929136872291565,0.4485304057598114,0.9515550930743438,0.9526790296922809,0.000722421052631579,False
1,343,0.40697699785232544,0.5930230021476746,0.45667368173599243,0.9513599838131576,0.9525219791557905,0.0007214736842105263,False
1,344,0.4068703353404999,0.5931296944618225,0.45621562004089355,0.9507674297606661,0.9516923610407949,0.0007205263157894737,False
1,345,0.4067613184452057,0.5932387113571167,0.4477807879447937,0.9503338536246965,0.9505287418913579,0.000719578947368421,False
1,346,0.40665170550346375,0.5933482646942139,0.45114749670028687,0.9499942189848538,0.949562140113208,0.0007186315789473685,False
1,347,0.40654006600379944,0.593459963798523,0.4508455693721771,0.9506156781130767,0.9502342171814927,0.0007176842105263158,False
1,348,0.40642625093460083,0.5935737490653992,0.4475244879722595,0.9507168458781362,0.9503727219165523,0.0007167368421052632,False
1,349,0.40631332993507385,0.5936866402626038,0.453418493270874,0.9506301306509423,0.9510393780283029,0.0007157894736842105,False
1,350,0.406206339597702,0.5937936902046204,0.45533204078674316,0.9505867730373454,0.9514156832816762,0.000714842105263158,False
1,351,0.4060942530632019,0.5939056873321533,0.4504881501197815,0.9500737079431147,0.9510413058694165,0.0007138947368421053,False
1,352,0.4059886932373047,0.5940112471580505,0.45142683386802673,0.949777430916869,0.9509877810998435,0.0007129473684210527,False
1,353,0.4058832824230194,0.5941166877746582,0.44840097427368164,0.9497557521100706,0.95089475317783,0.000712,False
1,354,0.4057775139808655,0.5942224860191345,0.4484507441520691,0.9498063359926003,0.9514077559735735,0.0007110526315789474,False
1,355,0.40566664934158325,0.5943333506584167,0.4510189890861511,0.94985691987513,0.9518097932824372,0.0007101052631578948,False
1,356,0.40555405616760254,0.5944459438323975,0.4429784119129181,0.9497846571858019,0.9522462371233134,0.0007091578947368421,False
1,357,0.40544214844703674,0.5945578813552856,0.4468168616294861,0.949936408833391,0.9519847435061414,0.0007082105263157895,False
1,358,0.40533289313316345,0.5946671366691589,0.4483533799648285,0.9502182333217712,0.9525134789322128,0.0007072631578947367,False
1,359,0.4052198827266693,0.5947800874710083,0.44655919075012207,0.950810787374263,0.9534027117412062,0.0007063157894736842,False
1,360,0.4051075875759125,0.5948924422264099,0.4455607831478119,0.9510781593247775,0.9540446593318915,0.0007053684210526316,False
1,361,0.4049977958202362,0.5950022339820862,0.45154139399528503,0.9514466990403515,0.9544261644860287,0.000704421052631579,False
1,362,0.4048905074596405,0.5951094627380371,0.444102942943573,0.9519958954792461,0.9550387208207338,0.0007034736842105263,False
1,363,0.40478333830833435,0.5952166318893433,0.44918227195739746,0.952422245346283,0.955794169732767,0.0007025263157894738,False
1,364,0.404678076505661,0.5953219532966614,0.448413610458374,0.9516779396462021,0.9552787198651964,0.0007015789473684211,False
1,365,0.40457403659820557,0.5954259037971497,0.4413481652736664,0.9509408602150539,0.9548352784126848,0.0007006315789473685,False
1,366,0.4044687747955322,0.5955312252044678,0.4485645294189453,0.9504133425829575,0.9540876859454791,0.0006996842105263158,False
1,367,0.40436315536499023,0.595636785030365,0.4510861933231354,0.9506951670713378,0.953695315826622,0.0006987368421052632,False
1,368,0.40425825119018555,0.5957418084144592,0.44201818108558655,0.9509553127529194,0.9532752365207553,0.0006977894736842105,False
1,369,0.4041560888290405,0.5958439111709595,0.44807595014572144,0.9507457509538675,0.9518835836733516,0.000696842105263158,False
1,370,0.4040570557117462,0.5959429144859314,0.446944922208786,0.9507818822985316,0.9517209863386855,0.0006958947368421053,False
1,371,0.40396448969841003,0.5960355401039124,0.4418230652809143,0.951222684703434,0.9520774383422557,0.0006949473684210527,False
1,372,0.4038723111152649,0.5961277484893799,0.44553759694099426,0.9514611515782171,0.9523883650278573,0.000694,False
1,373,0.40378105640411377,0.596219003200531,0.448009729385376,0.9521331945889697,0.9530941671780785,0.0006930526315789473,False
1,374,0.40368643403053284,0.5963135957717896,0.4360826313495636,0.9523499826569546,0.9529482293522764,0.0006921052631578948,False
1,375,0.40359365940093994,0.5964063405990601,0.44726553559303284,0.9525884495317377,0.9536416919750356,0.0006911578947368421,False
1,376,0.40350955724716187,0.5964904427528381,0.44385260343551636,0.9529786680541102,0.9542191621465758,0.0006902105263157895,False
1,377,0.4034186005592346,0.5965813398361206,0.4406178295612335,0.9533327552318188,0.954968161801545,0.0006892631578947369,False
1,378,0.40331998467445374,0.5966799855232239,0.44069695472717285,0.9532893976182217,0.9555130788892382,0.0006883157894736843,False
1,379,0.4032200276851654,0.596780002117157,0.4408276677131653,0.9537229737541912,0.9559552516674845,0.0006873684210526316,False
1,380,0.4031204581260681,0.5968795418739319,0.44834965467453003,0.954553994681466,0.9564671143985158,0.000686421052631579,False
1,381,0.40301960706710815,0.5969803929328918,0.43557995557785034,0.9549225343970401,0.9567246159310188,0.0006854736842105263,False
1,382,0.4029190242290497,0.5970810055732727,0.4395430088043213,0.9550237021620998,0.9567492809450795,0.0006845263157894738,False
1,383,0.4028182327747345,0.5971817374229431,0.4417196810245514,0.9549947970863684,0.956795012906565,0.0006835789473684211,False
1,384,0.40271279215812683,0.5972872376441956,0.4363630712032318,0.9543299803445486,0.9558624423371631,0.0006826315789473685,False
1,385,0.40259894728660583,0.5974010229110718,0.4354299306869507,0.9532604925424905,0.9537239319313819,0.0006816842105263158,False
1,386,0.40248772501945496,0.5975122451782227,0.4383853077888489,0.9527185223725286,0.952580160028683,0.0006807368421052632,False
1,387,0.40237459540367126,0.5976254343986511,0.4387372136116028,0.9523644351948202,0.9527561063044341,0.0006797894736842105,False
1,388,0.4022563397884369,0.5977436900138855,0.4390566647052765,0.9522343623540294,0.9534747427727251,0.0006788421052631579,False
1,389,0.4021403193473816,0.5978596210479736,0.4416239559650421,0.9522560411608278,0.9537612158055604,0.0006778947368421053,False
1,390,0.4020272195339203,0.5979728102684021,0.4432941973209381,0.9521837784714997,0.9536354414818733,0.0006769473684210526,False
1,391,0.4019136428833008,0.5980862975120544,0.43368029594421387,0.9521476471268354,0.9532680233726964,0.0006760000000000001,False
1,392,0.401800274848938,0.5981996655464172,0.4435407817363739,0.9518947277141867,0.9527721014659156,0.0006750526315789474,False
1,393,0.4016817510128021,0.5983182787895203,0.4350992441177368,0.9516707133772692,0.9523271566753164,0.0006741052631578948,False
1,394,0.40156495571136475,0.59843510389328,0.43719249963760376,0.9510853855937103,0.9516908020716774,0.0006731578947368421,False
1,395,0.40145352482795715,0.5985465049743652,0.4339218735694885,0.9509769915597177,0.951580357266814,0.0006722105263157895,False
1,396,0.40134263038635254,0.5986573696136475,0.437688946723938,0.9504061163140246,0.951477195298308,0.0006712631578947368,False
1,397,0.40122470259666443,0.598775327205658,0.43909358978271484,0.95085414498786,0.9522844693412592,0.0006703157894736843,False
1,398,0.4011116921901703,0.5988882780075073,0.43807753920555115,0.951179327089837,0.9525222911854155,0.0006693684210526316,False
1,399,0.40099960565567017,0.5990003943443298,0.44446757435798645,0.9517285235287316,0.9528489843880312,0.000668421052631579,False
1,400,0.4008888006210327,0.5991111993789673,0.4346191883087158,0.9521331945889698,0.9531525387883604,0.0006674736842105263,False
1,401,0.40077805519104004,0.59922194480896,0.4376939535140991,0.9521910047404324,0.9530773415494997,0.0006665263157894737,False
1,402,0.4006730020046234,0.599327027797699,0.43851596117019653,0.9519164065209851,0.9524292799477762,0.0006655789473684211,False
1,403,0.40057826042175293,0.5994217991828918,0.4349571168422699,0.951670713377269,0.9515644308947295,0.0006646315789473684,False
1,404,0.40048840641975403,0.5995116233825684,0.44778937101364136,0.951179327089837,0.951464042568945,0.0006636842105263158,False
1,405,0.4004005193710327,0.5995994806289673,0.4340188503265381,0.9502977222800324,0.9502446895587472,0.0006627368421052632,False
1,406,0.4003111720085144,0.5996888279914856,0.43898093700408936,0.9494739276216904,0.9490961859545642,0.0006617894736842106,False
1,407,0.40022626519203186,0.5997737050056458,0.4334162473678589,0.9492643658226384,0.9497151587651971,0.0006608421052631579,False
1,408,0.40014010667800903,0.5998599529266357,0.4318680763244629,0.9494052780668285,0.9501359571980457,0.0006598947368421053,False
1,409,0.4000474512577057,0.5999525189399719,0.4376276433467865,0.9495245115042201,0.9509168604526541,0.0006589473684210526,False
1,410,0.39995431900024414,0.6000457406044006,0.4344485402107239,0.9498280147993988,0.9515231735113158,0.0006580000000000001,False
1,411,0.3998657166957855,0.6001343131065369,0.4324685037136078,0.9501531969013759,0.95205971086184,0.0006570526315789474,False
1,412,0.3997763991355896,0.6002236604690552,0.43270403146743774,0.9505072840790842,0.9527688755401967,0.0006561052631578948,False
1,413,0.39968159794807434,0.6003183722496033,0.428398460149765,0.9504639264654874,0.9526801122406298,0.0006551578947368421,False
1,414,0.39958497881889343,0.600415050983429,0.4356897473335266,0.950023124060585,0.9518354799368836,0.0006542105263157896,False
1,415,0.39949125051498413,0.6005087494850159,0.4327254593372345,0.9496690368828765,0.9514699615149298,0.0006532631578947368,False
1,416,0.39939555525779724,0.6006044149398804,0.4357053339481354,0.9494450225459591,0.951326414235639,0.0006523157894736842,False
1,417,0.39929869771003723,0.6007013320922852,0.4288613200187683,0.948996993872124,0.9502893417053303,0.0006513684210526316,False
1,418,0.39920365810394287,0.6007963418960571,0.43461039662361145,0.9488380159556019,0.9500390838306969,0.0006504210526315789,False
1,419,0.3991115987300873,0.6008883714675903,0.4323495030403137,0.9489897676031911,0.9502149817286989,0.0006494736842105264,False
1,420,0.39902612566947937,0.600973904132843,0.4375104308128357,0.9492499132847728,0.9498746163985039,0.0006485263157894737,False
1,421,0.39894041419029236,0.6010595560073853,0.4363675117492676,0.9496690368828766,0.9499402543071181,0.0006475789473684211,False
1,422,0.3988582491874695,0.6011418104171753,0.43292081356048584,0.9502110070528385,0.9506023876047184,0.0006466315789473684,False
1,423,0.39877423644065857,0.6012257933616638,0.42696911096572876,0.9505217366169499,0.9510943627895743,0.0006456842105263158,False
1,424,0.3986903131008148,0.6013096570968628,0.42780497670173645,0.9507891085674645,0.951637911671051,0.0006447368421052632,False
1,425,0.39860448241233826,0.6013954877853394,0.43143755197525024,0.9508252399121285,0.9516940258572888,0.0006437894736842106,False
1,426,0.39851489663124084,0.6014850735664368,0.4322117269039154,0.951099838131576,0.9524406654686854,0.0006428421052631579,False
1,427,0.3984302580356598,0.6015697717666626,0.42981529235839844,0.9511937796277027,0.9527426722298654,0.0006418947368421053,False
1,428,0.3983430862426758,0.6016569137573242,0.4254014492034912,0.9509119551393225,0.9527437462534056,0.0006409473684210527,False
1,429,0.3982536196708679,0.6017463803291321,0.43024855852127075,0.9500014452537865,0.9518218583729776,0.00064,False
1,430,0.3981662094593048,0.6018338203430176,0.42718613147735596,0.9498785986819286,0.9519659728642923,0.0006390526315789474,False
1,431,0.39807966351509094,0.6019203066825867,0.4249539375305176,0.9498063359926003,0.9519782447839015,0.0006381052631578948,False
1,432,0.39799386262893677,0.602006196975708,0.4280247986316681,0.9498496936061973,0.9518704252333885,0.0006371578947368421,False
1,433,0.39790770411491394,0.6020923256874084,0.4271041452884674,0.9501965545149728,0.9522688330990547,0.0006362105263157895,False
1,434,0.3978177607059479,0.6021822094917297,0.4247957170009613,0.9504422476586889,0.952985166240962,0.000635263157894737,False
1,435,0.3977336883544922,0.6022663712501526,0.42514997720718384,0.9508180136431956,0.9533483969268755,0.0006343157894736842,False
1,436,0.39764484763145447,0.6023551225662231,0.42965245246887207,0.9512515897791652,0.9532827487169037,0.0006333684210526316,False
1,437,0.3975600004196167,0.6024399995803833,0.4283860921859741,0.9515695456122095,0.9536030972694025,0.0006324210526315789,False
1,438,0.3974793553352356,0.6025206446647644,0.4324057996273041,0.9522921725054919,0.9545213416634786,0.0006314736842105264,False
1,439,0.3974014222621918,0.6025986075401306,0.42816829681396484,0.9528124638686553,0.95477431862371,0.0006305263157894737,False
1,440,0.39732202887535095,0.6026779413223267,0.4302310645580292,0.9530147993987743,0.954965570454117,0.0006295789473684211,False
1,441,0.3972387909889221,0.6027612090110779,0.42716363072395325,0.9532460400046249,0.9551076592864968,0.0006286315789473684,False
1,442,0.3971538841724396,0.6028461456298828,0.42697733640670776,0.9530653832813043,0.9549072206314476,0.0006276842105263159,False
1,443,0.3970697224140167,0.6029303073883057,0.430787593126297,0.9530942883570356,0.9550423501241299,0.0006267368421052632,False
1,444,0.3969852924346924,0.6030147075653076,0.42761117219924927,0.953195456122095,0.954988558745867,0.0006257894736842106,False
1,445,0.39690136909484863,0.6030986309051514,0.4249327480792999,0.9530581570123714,0.954916471356687,0.0006248421052631579,False
1,446,0.3968111276626587,0.6031888723373413,0.42478981614112854,0.9530147993987744,0.9550141274506951,0.0006238947368421053,False
1,447,0.39672380685806274,0.6032761931419373,0.4312439560890198,0.9531520985084981,0.9555807982096558,0.0006229473684210527,False
1,448,0.3966436982154846,0.6033563613891602,0.4314391016960144,0.9534411492658111,0.9560922180533323,0.000622,False
1,449,0.396560400724411,0.6034395694732666,0.4231538474559784,0.9538385940571164,0.956356181284793,0.0006210526315789474,False
1,450,0.3964764177799225,0.6035236120223999,0.42758503556251526,0.9540047982425715,0.9563181685960661,0.0006201052631578947,False
1,451,0.39639049768447876,0.603609561920166,0.42297205328941345,0.9543588854202798,0.9565733139262735,0.0006191578947368421,False
1,452,0.3963034451007843,0.6036965847015381,0.42495813965797424,0.9546045785639959,0.956717542106344,0.0006182105263157895,False
1,453,0.39621835947036743,0.6037816405296326,0.4285808503627777,0.9546262573707943,0.9567275215541373,0.000617263157894737,False
1,454,0.39612841606140137,0.6038715243339539,0.4192250072956085,0.9542504913862875,0.9561244612969616,0.0006163157894736842,False
1,455,0.3960333466529846,0.6039666533470154,0.42185908555984497,0.9537229737541912,0.9557140057959991,0.0006153684210526316,False
1,456,0.3959396779537201,0.6040602922439575,0.4245080351829529,0.953152098508498,0.9555136492568501,0.000614421052631579,False
1,457,0.39584484696388245,0.6041551828384399,0.4246383309364319,0.9526968435657301,0.9553041723067113,0.0006134736842105264,False
1,458,0.39575204253196716,0.6042479872703552,0.4167396128177643,0.9525884495317377,0.9551867184279019,0.0006125263157894737,False
1,459,0.3956589698791504,0.6043410301208496,0.4249745011329651,0.9525234131113423,0.9552047456213097,0.0006115789473684211,False
1,460,0.3955725133419037,0.6044275164604187,0.42633891105651855,0.9524439241530813,0.9551110639375664,0.0006106315789473684,False
1,461,0.39548513293266296,0.6045148968696594,0.4203089475631714,0.9523210775812232,0.9547826685785562,0.0006096842105263159,False
1,462,0.3953988552093506,0.6046012043952942,0.427498459815979,0.9520681581685744,0.9543340295549461,0.0006087368421052633,False
1,463,0.39531055092811584,0.6046894788742065,0.4180823266506195,0.9522054572782981,0.9542898899747497,0.0006077894736842105,False
1,464,0.3952227234840393,0.6047772765159607,0.4198852777481079,0.9523499826569547,0.9541233367298525,0.0006068421052631579,False
1,465,0.39513763785362244,0.6048623323440552,0.428250789642334,0.9528630477511852,0.9545764959972979,0.0006058947368421052,False
1,466,0.39505571126937866,0.6049442887306213,0.42367541790008545,0.9532099086599607,0.9547018707133715,0.0006049473684210527,False
1,467,0.39497387409210205,0.6050261855125427,0.4285200834274292,0.9538964042085791,0.9555074159716901,0.000604,False
1,468,0.39488518238067627,0.6051148772239685,0.4204632639884949,0.9542793964620188,0.9559714685040204,0.0006030526315789474,False
1,469,0.39479395747184753,0.6052060127258301,0.4226972460746765,0.9542577176552202,0.9559215603544863,0.0006021052631578947,False
1,470,0.39470550417900085,0.6052944660186768,0.4267639219760895,0.9538747254017805,0.9552745922155514,0.0006011578947368422,False
1,471,0.39461538195610046,0.6053846478462219,0.4201497435569763,0.9534917331483408,0.9548554125420599,0.0006002105263157895,False
1,472,0.39453384280204773,0.6054661870002747,0.4258892238140106,0.953072609550237,0.9543843551663362,0.0005992631578947369,False
1,473,0.39445260167121887,0.6055473685264587,0.419316828250885,0.9529425367094462,0.9543705334636463,0.0005983157894736842,False
1,474,0.39437055587768555,0.6056294441223145,0.4217444658279419,0.9526101283385364,0.9543758955158036,0.0005973684210526316,False
1,475,0.3942866921424866,0.6057133078575134,0.4233855605125427,0.9526607122210662,0.9546083078963996,0.000596421052631579,False
1,476,0.39420977234840393,0.6057901978492737,0.4268999397754669,0.9530147993987745,0.955509933750033,0.0005954736842105265,False
1,477,0.3941348195075989,0.6058651804924011,0.42048537731170654,0.9537374262920568,0.9565882929125838,0.0005945263157894737,False
1,478,0.3940601646900177,0.6059398055076599,0.4256136417388916,0.9542504913862874,0.9574452816377036,0.0005935789473684211,False
1,479,0.39398762583732605,0.6060124039649963,0.4233319163322449,0.9543588854202798,0.9574412026159301,0.0005926315789473684,False
1,480,0.3939112722873688,0.6060886979103088,0.41773203015327454,0.9542938489998843,0.9570797320578425,0.0005916842105263158,False
1,481,0.39382997155189514,0.6061700582504272,0.42040520906448364,0.954019250780437,0.9565193413603004,0.0005907368421052633,False
1,482,0.39374813437461853,0.6062518954277039,0.4219508767127991,0.9539180830153776,0.9563433553462026,0.0005897894736842105,False
1,483,0.3936644196510315,0.6063355803489685,0.42244717478752136,0.9533038501560874,0.9555273895182015,0.0005888421052631579,False
1,484,0.3935827314853668,0.6064172983169556,0.42958569526672363,0.9523427563880218,0.9543301475512018,0.0005878947368421053,False
1,485,0.3935016393661499,0.6064983606338501,0.42352569103240967,0.9519164065209851,0.953496161652154,0.0005869473684210527,False
1,486,0.393425315618515,0.6065747141838074,0.42171797156333923,0.9521331945889698,0.9528918841555429,0.000586,False
1,487,0.3933522403240204,0.6066477298736572,0.4206545352935791,0.9526029020696034,0.9531692341386624,0.0005850526315789473,False
1,488,0.3932797610759735,0.6067202091217041,0.4245176315307617,0.9528558214822522,0.9533753468047268,0.0005841052631578947,False
1,489,0.3932090699672699,0.6067909598350525,0.41834205389022827,0.952870274020118,0.9531437950016426,0.0005831578947368421,False
1,490,0.3931424617767334,0.6068575978279114,0.4202301800251007,0.9525884495317378,0.9530280286652464,0.0005822105263157896,False
1,491,0.3930768668651581,0.6069231629371643,0.4240706264972687,0.952624580876402,0.9533084278323176,0.0005812631578947368,False
1,492,0.3930067718029022,0.6069932579994202,0.4167299270629883,0.9524511504220142,0.9533465494480153,0.0005803157894736842,False
1,493,0.3929431736469269,0.6070567965507507,0.41860231757164,0.9524439241530812,0.953203785820642,0.0005793684210526315,False
1,494,0.3928753435611725,0.6071246266365051,0.4200952351093292,0.9526534859521332,0.9534229856872332,0.000578421052631579,False
1,495,0.3928041458129883,0.6071958541870117,0.4120350778102875,0.9523861140016187,0.9530290243160954,0.0005774736842105263,False
1,496,0.39273548126220703,0.607264518737793,0.41611629724502563,0.9521115157821712,0.9522581830860617,0.0005765263157894737,False
1,497,0.3926650583744049,0.6073349714279175,0.4189894199371338,0.9514828303850156,0.9511044355863494,0.000575578947368421,False
1,498,0.392593115568161,0.6074069142341614,0.4224400520324707,0.9511070644005087,0.9504883056844846,0.0005746315789473685,False
1,499,0.3925265967845917,0.6074734330177307,0.4223480224609375,0.9507746560295988,0.9505233633549255,0.0005736842105263159,False
1,500,0.39245596528053284,0.6075440049171448,0.4165892004966736,0.9507168458781361,0.9508655429146153,0.0005727368421052632,False
1,501,0.39238283038139343,0.6076171398162842,0.41504067182540894,0.9509986703665164,0.9516409601167948,0.0005717894736842105,False
1,502,0.39230799674987793,0.6076920032501221,0.4217709004878998,0.9512877211238293,0.952260522219422,0.0005708421052631579,False
1,503,0.3922271132469177,0.6077728867530823,0.41846996545791626,0.9515334142675453,0.9531163292792204,0.0005698947368421053,False
1,504,0.3921494781970978,0.6078504920005798,0.41839689016342163,0.9515695456122095,0.9534729537061838,0.0005689473684210527,False
1,505,0.3920687735080719,0.6079311966896057,0.41820651292800903,0.9520537056307087,0.9538768043347036,0.000568,False
1,506,0.3919890522956848,0.6080109477043152,0.4152926802635193,0.9524077928084173,0.9542247343289889,0.0005670526315789473,False
1,507,0.3919142484664917,0.6080857515335083,0.4269203841686249,0.952870274020118,0.954735175743975,0.0005661052631578947,False
1,508,0.39183884859085083,0.6081611514091492,0.410830557346344,0.9531593247774308,0.9549833597677664,0.0005651578947368421,False
1,509,0.39176905155181885,0.6082309484481812,0.41890862584114075,0.9534050179211468,0.9552711620317177,0.0005642105263157896,False
1,510,0.39169538021087646,0.6083046197891235,0.41958463191986084,0.9534194704590124,0.9554896002331953,0.0005632631578947368,False
1,511,0.39163142442703247,0.6083685755729675,0.41864442825317383,0.9536796161405944,0.9555548435383364,0.0005623157894736842,False
1,512,0.3915714621543884,0.6084285378456116,0.4177199900150299,0.9536723898716615,0.9550757241130863,0.0005613684210526316,False
1,513,0.39151692390441895,0.608483076095581,0.42210984230041504,0.9533255289628859,0.9546546574130561,0.0005604210526315791,False
1,514,0.39145371317863464,0.6085463166236877,0.41368645429611206,0.9532315874667591,0.9545442973996447,0.0005594736842105263,False
1,515,0.39138439297676086,0.6086156368255615,0.414716899394989,0.9530653832813042,0.9547216941066432,0.0005585263157894737,False
1,516,0.39131876826286316,0.6086812019348145,0.4177525043487549,0.95302925193664,0.9547652602296796,0.000557578947368421,False
1,517,0.39125075936317444,0.6087492108345032,0.41443681716918945,0.9528558214822522,0.9546380096496627,0.0005566315789473684,False
1,518,0.3911866843700409,0.6088133454322815,0.4205244183540344,0.9528847265579836,0.9546122211541376,0.0005556842105263159,False
1,519,0.3911217153072357,0.6088783144950867,0.41086095571517944,0.952826916406521,0.9539256813591058,0.0005547368421052631,False
1,520,0.3910626769065857,0.6089373230934143,0.41898229718208313,0.95302925193664,0.9535833543750646,0.0005537894736842105,False
1,521,0.3910144865512848,0.6089854836463928,0.41831961274147034,0.9532171349288935,0.953112592216699,0.0005528421052631578,False
1,522,0.39096328616142273,0.6090366840362549,0.41828104853630066,0.9534700543415424,0.9533660786345631,0.0005518947368421053,False
1,523,0.3909171223640442,0.609082818031311,0.4121154546737671,0.9535350907619379,0.9535558720305736,0.0005509473684210527,False
1,524,0.3908706605434418,0.6091293692588806,0.4096454083919525,0.9533833391143484,0.953687425376996,0.00055,False
1,525,0.39082634449005127,0.6091737151145935,0.4146324098110199,0.9528485952133195,0.9535815521705673,0.0005490526315789473,False
1,526,0.39078202843666077,0.6092180013656616,0.4175218641757965,0.9524872817666782,0.9535342584977555,0.0005481052631578948,False
1,527,0.39073365926742554,0.6092663407325745,0.41496941447257996,0.9522126835472309,0.9534850664621559,0.0005471578947368421,False
1,528,0.3906843960285187,0.6093156337738037,0.4122661352157593,0.9520248005549774,0.9530604442614323,0.0005462105263157896,False
1,529,0.3906307518482208,0.6093692183494568,0.4164277911186218,0.9520898369753729,0.9530806157551351,0.0005452631578947368,False
1,530,0.39057567715644836,0.609424352645874,0.41851648688316345,0.9517791074112615,0.9529141473888867,0.0005443157894736843,False
1,531,0.3905225098133087,0.6094774603843689,0.4197470247745514,0.9518947277141867,0.9532403090335999,0.0005433684210526316,False
1,532,0.3904677629470825,0.6095322370529175,0.41466814279556274,0.9517212972597987,0.9534563568150786,0.000542421052631579,False
1,533,0.39040467143058777,0.6095952987670898,0.42221271991729736,0.951547866805411,0.9539424000080239,0.0005414736842105263,False
1,534,0.39034825563430786,0.6096517443656921,0.41928598284721375,0.9513238524684936,0.9542069437402061,0.0005405263157894736,False
1,535,0.39029255509376526,0.6097074151039124,0.40881142020225525,0.9516418083015378,0.9545697858813742,0.0005395789473684211,False
1,536,0.3902343213558197,0.6097656488418579,0.41068464517593384,0.9521548733957683,0.9547331222435473,0.0005386315789473684,False
1,537,0.39017120003700256,0.6098288297653198,0.41884657740592957,0.9524800554977454,0.9548703267956868,0.0005376842105263159,False
1,538,0.390109658241272,0.6098904013633728,0.4170697331428528,0.9526029020696034,0.9544930207882761,0.0005367368421052631,False
1,539,0.39004504680633545,0.6099549531936646,0.42246875166893005,0.9524077928084171,0.9542000557095268,0.0005357894736842105,False
1,540,0.3899848759174347,0.6100150942802429,0.4194472134113312,0.9520103480171117,0.9537296794966423,0.0005348421052631579,False
1,541,0.3899206221103668,0.6100793480873108,0.4133944809436798,0.9517935599491271,0.9535998650315863,0.0005338947368421053,False
1,542,0.38985303044319153,0.6101469397544861,0.42038825154304504,0.9518007862180599,0.9535489959713567,0.0005329473684210526,False
1,543,0.3897883892059326,0.6102116107940674,0.414259135723114,0.9519380853277836,0.9524279440731247,0.000532,False
1,544,0.38972151279449463,0.6102784872055054,0.41394779086112976,0.9522415886229622,0.9523755794659008,0.0005310526315789474,False
1,545,0.3896535336971283,0.6103464961051941,0.4138928949832916,0.9523138513122904,0.9524412949223661,0.0005301052631578948,False
1,546,0.38958942890167236,0.6104105710983276,0.41798004508018494,0.9524439241530812,0.9528517167703867,0.0005291578947368421,False
1,547,0.3895259499549866,0.6104740500450134,0.4192042648792267,0.9522993987744248,0.9529966153583811,0.0005282105263157894,False
1,548,0.3894564211368561,0.6105435490608215,0.414922297000885,0.9521404208579027,0.9530213914098183,0.0005272631578947368,False
1,549,0.3893895149230957,0.6106104850769043,0.4183083176612854,0.9517212972597988,0.952370221234423,0.0005263157894736842,False
1,550,0.3893246650695801,0.6106753349304199,0.4163452386856079,0.9514394727714187,0.9518431111205726,0.0005253684210526316,False
1,551,0.3892594277858734,0.610740602016449,0.4158981442451477,0.9513599838131576,0.951656556681601,0.000524421052631579,False
1,552,0.38919296860694885,0.6108070015907288,0.4034402370452881,0.9511721008209042,0.9518833379624663,0.0005234736842105263,False
1,553,0.38912466168403625,0.6108753681182861,0.41154783964157104,0.9513093999306278,0.9523160116616479,0.0005225263157894736,False
1,554,0.3890548646450043,0.6109451651573181,0.4088936746120453,0.951547866805411,0.9525903132884803,0.0005215789473684211,False
1,555,0.38898348808288574,0.6110165119171143,0.4106332063674927,0.9519308590588507,0.9533215353593759,0.0005206315789473684,False
1,556,0.38891783356666565,0.611082136631012,0.4123504161834717,0.9521042895132387,0.9536443122454296,0.0005196842105263159,False
1,557,0.38885828852653503,0.6111416816711426,0.414607435464859,0.9520753844375074,0.9537620788984562,0.0005187368421052631,False
1,558,0.38879770040512085,0.6112022995948792,0.4211287796497345,0.9521187420511041,0.9537111137764275,0.0005177894736842106,False
1,559,0.38873612880706787,0.6112638711929321,0.41519710421562195,0.9523283038501562,0.9535618184637857,0.0005168421052631579,False
1,560,0.3886750340461731,0.6113250255584717,0.4190869629383087,0.9518947277141866,0.9533829354859243,0.0005158947368421053,False
1,561,0.388606458902359,0.6113935708999634,0.40451496839523315,0.9514756041160828,0.9530220180680864,0.0005149473684210526,False
1,562,0.38853922486305237,0.6114607453346252,0.41262227296829224,0.9515695456122095,0.9527598168872771,0.000514,False
1,563,0.3884706497192383,0.6115294098854065,0.4046097993850708,0.9514683778471499,0.9520090243828823,0.0005130526315789474,False
1,564,0.38840368390083313,0.6115963459014893,0.41120094060897827,0.9514539253092844,0.9518626489752002,0.0005121052631578947,False
1,565,0.3883347511291504,0.6116652488708496,0.4212120473384857,0.9514539253092844,0.951805707183032,0.0005111578947368422,False
1,566,0.3882617652416229,0.6117382645606995,0.41129982471466064,0.9513672100820904,0.9515130960644966,0.0005102105263157894,False
1,567,0.388185054063797,0.6118149161338806,0.41265079379081726,0.9513383050063592,0.9517061806715299,0.0005092631578947368,False
1,568,0.3881111145019531,0.6118889451026917,0.4126257002353668,0.9512732685859636,0.9517880164789463,0.0005083157894736842,False
1,569,0.38804107904434204,0.611958920955658,0.407789409160614,0.951179327089837,0.9521513519691688,0.0005073684210526316,False
1,570,0.38796791434288025,0.6120320558547974,0.4139799475669861,0.9509842178286506,0.9523204340110891,0.000506421052631579,False
1,571,0.38789796829223633,0.6121020317077637,0.40583524107933044,0.9507891085674646,0.95187003505121,0.0005054736842105263,False
1,572,0.3878254294395447,0.6121745705604553,0.40689510107040405,0.9505000578101515,0.9508908323440584,0.0005045263157894737,False
1,573,0.3877541124820709,0.6122459173202515,0.4036363661289215,0.9501026130188461,0.9502706387255554,0.0005035789473684211,False
1,574,0.38768860697746277,0.6123113632202148,0.40769195556640625,0.9498063359926003,0.9501730754125671,0.0005026315789473684,False
1,575,0.38762494921684265,0.6123750805854797,0.4100436568260193,0.9499942189848537,0.9504917592105996,0.0005016842105263159,False
1,576,0.38756051659584045,0.6124394536018372,0.40814417600631714,0.9503483061625622,0.9507531534429603,0.0005007368421052631,False
1,577,0.3874957859516144,0.612504243850708,0.40574437379837036,0.9507023933402706,0.9512349477640668,0.0004997894736842106,False
1,578,0.3874310553073883,0.6125689744949341,0.4113205075263977,0.9508613712567926,0.9513951211497612,0.0004988421052631579,False
1,579,0.38736259937286377,0.612637460231781,0.40699565410614014,0.9510275754422477,0.951621825596881,0.0004978947368421053,False
1,580,0.3872973620891571,0.6127026677131653,0.41227954626083374,0.9512732685859637,0.9517044756946205,0.0004969473684210526,False
1,581,0.38723433017730713,0.6127656698226929,0.40530699491500854,0.9511215169383744,0.9513043051245674,0.0004959999999999999,False
1,582,0.38717150688171387,0.6128284931182861,0.4020412564277649,0.9510998381315758,0.9513527075782324,0.0004950526315789474,False
1,583,0.38710951805114746,0.6128904819488525,0.41149088740348816,0.95080356110533,0.9510173578745732,0.0004941052631578947,False
1,584,0.38704827427864075,0.6129516959190369,0.40785613656044006,0.9507023933402706,0.9511703726315397,0.0004931578947368422,False
1,585,0.38698700070381165,0.6130130290985107,0.4019160270690918,0.9505434154237484,0.951212452289356,0.0004922105263157894,False
1,586,0.3869258463382721,0.6130741834640503,0.4104648232460022,0.9502218464562376,0.9509165954558109,0.0004912631578947369,False
1,587,0.3868672549724579,0.6131327748298645,0.4104922115802765,0.9497991097236675,0.9504486147079058,0.0004903157894736842,False
1,588,0.3868100643157959,0.6131899952888489,0.4125569760799408,0.9494522488148919,0.9502485763803484,0.0004893684210526316,False
1,589,0.38675808906555176,0.6132418513298035,0.40848731994628906,0.9492643658226385,0.9503958524857842,0.000488421052631579,False
1,590,0.38671180605888367,0.613288164138794,0.4074191749095917,0.9490042201410568,0.9503120849991304,0.0004874736842105263,False
1,591,0.38666418194770813,0.6133357882499695,0.4121124744415283,0.9491487455197133,0.9510135823544872,0.0004865263157894737,False
1,592,0.3866208493709564,0.613379180431366,0.40921059250831604,0.9493727598566308,0.9514303669750779,0.00048557894736842103,False
1,593,0.38657644391059875,0.6134235858917236,0.4072301387786865,0.9494956064284887,0.9516745598438034,0.0004846315789473684,False
1,594,0.38652804493904114,0.6134719252586365,0.40730270743370056,0.950023124060585,0.951989819447739,0.00048368421052631574,False
1,595,0.3864775598049164,0.613522469997406,0.40467768907546997,0.9503049485489652,0.9521185218329065,0.00048273684210526307,False
1,596,0.3864268660545349,0.6135731935501099,0.4045719802379608,0.9508252399121286,0.9525627680239916,0.0004817894736842105,False
1,597,0.38637152314186096,0.6136284470558167,0.4070453345775604,0.9509553127529194,0.952615063587039,0.0004808421052631578,False
1,598,0.3863171637058258,0.6136828660964966,0.4027771055698395,0.9510492542490462,0.9526197561073402,0.00047989473684210526,False
1,599,0.38626161217689514,0.6137383580207825,0.4072330892086029,0.9511359694762401,0.9527210396952202,0.0004789473684210526,False
1,600,0.38620588183403015,0.6137941479682922,0.4050096869468689,0.951388888888889,0.952922642385506,0.000478,False
1,601,0.3861462473869324,0.6138537526130676,0.40748995542526245,0.9516273557636722,0.953150817752816,0.00047705263157894734,False
1,602,0.3860878646373749,0.6139121055603027,0.4101695418357849,0.9516562608394035,0.9533367887132678,0.00047610526315789467,False
1,603,0.38602593541145325,0.6139740347862244,0.403568297624588,0.951634582032605,0.9532858648526796,0.0004751578947368421,False
1,604,0.3859645426273346,0.6140354871749878,0.4054087996482849,0.9514250202335529,0.9531541490422594,0.00047421052631578943,False
1,605,0.38590654730796814,0.6140934228897095,0.3999008238315582,0.9515695456122095,0.9532628860678553,0.00047326315789473686,False
1,606,0.3858495354652405,0.6141505241394043,0.4029591977596283,0.9517791074112615,0.9536795642428099,0.0004723157894736842,False
1,607,0.38579413294792175,0.6142058372497559,0.4003661274909973,0.9519669904035148,0.9539784244049718,0.0004713684210526316,False
1,608,0.3857339322566986,0.6142660975456238,0.4085078537464142,0.9518947277141866,0.9539867685595276,0.00047042105263157895,False
1,609,0.38567879796028137,0.614321231842041,0.4089752435684204,0.9516707133772689,0.9538212623005995,0.0004694736842105263,False
1,610,0.38562312722206116,0.6143768429756165,0.406596302986145,0.9514322465024859,0.9536773015244788,0.00046852631578947365,False
1,611,0.3855632543563843,0.6144367456436157,0.4116854667663574,0.9512877211238293,0.9538076245611895,0.000467578947368421,False
1,612,0.38550233840942383,0.6144976615905762,0.4127686023712158,0.9509986703665163,0.9537402586590592,0.0004666315789473684,False
1,613,0.3854418098926544,0.6145581603050232,0.4057950973510742,0.9509769915597178,0.9538275715857292,0.00046568421052631574,False
1,614,0.3853849768638611,0.6146150231361389,0.4027238190174103,0.9508180136431957,0.9538524608715775,0.00046473684210526317,False
1,615,0.38533198833465576,0.6146680116653442,0.4060552418231964,0.9507602034917332,0.9538586225036814,0.0004637894736842105,False
1,616,0.385280579328537,0.6147193908691406,0.40575090050697327,0.9504205688518905,0.953448114222999,0.00046284210526315793,False
1,617,0.3852265775203705,0.6147734522819519,0.403898149728775,0.9504494739276217,0.9533556066577314,0.00046189473684210525,False
1,618,0.3851729929447174,0.6148269772529602,0.4019330143928528,0.9504639264654873,0.9533199604912399,0.0004609473684210526,False
1,619,0.3851233124732971,0.6148766875267029,0.4069285988807678,0.950767429760666,0.9533280593667453,0.00046,False
1,620,0.3850720524787903,0.6149279475212097,0.3976566195487976,0.9508252399121286,0.9529226307453397,0.00045905263157894734,False
1,621,0.3850177824497223,0.6149821877479553,0.4012480080127716,0.9506301306509423,0.9521691828392583,0.0004581052631578948,False
1,622,0.3849676847457886,0.6150323152542114,0.40284380316734314,0.9505506416926813,0.9514999234471397,0.0004571578947368421,False
1,623,0.3849208652973175,0.6150791645050049,0.4038921296596527,0.9505939993062781,0.9510969910892388,0.0004562105263157895,False
1,624,0.3848746418952942,0.615125298500061,0.40481773018836975,0.9508758237946584,0.9511388780233501,0.0004552631578947368,False
1,625,0.3848315477371216,0.6151684522628784,0.4008577764034271,0.9511287432073072,0.9513075092758948,0.00045431578947368413,False
1,626,0.3847922384738922,0.6152077913284302,0.4135076701641083,0.9517502023355301,0.9519125998331363,0.00045336842105263156,False
1,627,0.3847511410713196,0.6152488589286804,0.39777684211730957,0.9519308590588508,0.9521248773872819,0.0004524210526315789,False
1,628,0.3847110867500305,0.6152889132499695,0.40619251132011414,0.9519308590588507,0.9519395147738597,0.0004514736842105263,False
1,629,0.38466811180114746,0.6153318881988525,0.40315723419189453,0.9519597641345822,0.9517521828538026,0.00045052631578947365,False
1,630,0.38462600111961365,0.615373969078064,0.4025247395038605,0.9517718811423286,0.9514207172305336,0.0004495789473684211,False
1,631,0.3845846951007843,0.6154153347015381,0.40291839838027954,0.9517791074112615,0.9518537630694521,0.0004486315789473684,False
1,632,0.38454294204711914,0.6154570579528809,0.40405574440956116,0.9519164065209851,0.9520690166359833,0.00044768421052631573,False
1,633,0.3845023810863495,0.6154975891113281,0.401014506816864,0.9522054572782981,0.9523374809393771,0.00044673684210526317,False
1,634,0.38445964455604553,0.6155403852462769,0.4035468101501465,0.9523933402705516,0.95226889237351,0.0004457894736842105,False
1,635,0.38441452383995056,0.6155855059623718,0.40011584758758545,0.9527618799861256,0.9525770265603611,0.0004448421052631579,False
1,636,0.3843684494495392,0.6156315803527832,0.3994310796260834,0.9533833391143486,0.953201294840658,0.00044389473684210525,False
1,637,0.38432401418685913,0.6156759858131409,0.40418675541877747,0.9538964042085791,0.9540025757930988,0.0004429473684210527,False
1,638,0.3842853307723999,0.6157147288322449,0.3993813395500183,0.954561220950399,0.9552419943591811,0.000442,False
1,639,0.38424670696258545,0.6157532930374146,0.40401342511177063,0.9545973522950629,0.955565425731965,0.00044105263157894734,False
1,640,0.3842140734195709,0.6157859563827515,0.40235528349876404,0.9544961845300034,0.9557891885784624,0.0004401052631578947,False
1,641,0.38417848944664,0.6158215403556824,0.40310561656951904,0.9542432651173547,0.9556690853032843,0.00043915789473684204,False
1,642,0.3841450810432434,0.6158549189567566,0.4059564471244812,0.9539903457047058,0.955562717028698,0.0004382105263157895,False
1,643,0.38410866260528564,0.6158913373947144,0.4019636809825897,0.9534917331483408,0.9549477858249625,0.0004372631578947368,False
1,644,0.3840736746788025,0.6159263849258423,0.4032641053199768,0.9529280841715806,0.9544030121855938,0.00043631578947368423,False
1,645,0.38403594493865967,0.6159641146659851,0.4007320702075958,0.9524366978841484,0.9540101841315609,0.00043536842105263156,False
1,646,0.38399791717529297,0.616002082824707,0.40166616439819336,0.9519669904035148,0.9534821297312681,0.0004344210526315789,False
1,647,0.38395795226097107,0.6160420775413513,0.40158048272132874,0.9518007862180599,0.9533801576045718,0.0004334736842105263,False
1,648,0.383919894695282,0.616080105304718,0.40301963686943054,0.9519019539831194,0.9537445688437095,0.00043252631578947364,False
1,649,0.38387906551361084,0.6161208748817444,0.39780065417289734,0.9518152387559257,0.953433511684208,0.0004315789473684211,False
1,650,0.3838416337966919,0.6161583662033081,0.40249839425086975,0.951836917562724,0.9529534252112691,0.0004306315789473684,False
1,651,0.38380166888237,0.6161983013153076,0.39956560730934143,0.952125968320037,0.9527985084911172,0.00042968421052631584,False
1,652,0.38375893235206604,0.6162410974502563,0.3999919593334198,0.9524728292288126,0.9529167046902884,0.00042873684210526316,False
1,653,0.38371771574020386,0.6162822842597961,0.40038424730300903,0.9524728292288126,0.9526434139157754,0.0004277894736842105,False
1,654,0.3836739957332611,0.6163260340690613,0.40022796392440796,0.9525884495317377,0.952692835959403,0.00042684210526315787,False
1,655,0.3836324214935303,0.616367518901825,0.4006759822368622,0.9526101283385362,0.952881855156318,0.0004258947368421052,False
1,656,0.3835946023464203,0.6164053678512573,0.4068721532821655,0.9527112961035958,0.9530463918877478,0.0004249473684210526,False
1,657,0.38355860114097595,0.6164413690567017,0.403591513633728,0.9525017343045438,0.9528389336380854,0.00042399999999999995,False
1,658,0.3835229277610779,0.6164770722389221,0.39959993958473206,0.9523861140016187,0.9528978755627789,0.0004230526315789474,False
1,659,0.38349053263664246,0.6165094375610352,0.4057416319847107,0.9521620996647011,0.9530018234212396,0.0004221052631578947,False
1,660,0.38345593214035034,0.6165440678596497,0.402364581823349,0.9521765522025667,0.9533394173752279,0.00042115789473684204,False
1,661,0.3834165036678314,0.616583526134491,0.4019012451171875,0.9520970632443058,0.9535696878491717,0.00042021052631578947,False
1,662,0.38337334990501404,0.6166266202926636,0.3967571556568146,0.95208261070644,0.9537778259294913,0.0004192631578947368,False
1,663,0.38332879543304443,0.6166712045669556,0.39569365978240967,0.9522488148918951,0.9541170516802944,0.00041831578947368423,False
1,664,0.3832809627056122,0.6167190074920654,0.4016917943954468,0.9523644351948203,0.9538712450136461,0.00041736842105263156,False
1,665,0.38323724269866943,0.6167627573013306,0.40659797191619873,0.9523427563880217,0.9538279196653804,0.000416421052631579,False
1,666,0.38319236040115356,0.6168076992034912,0.3961801528930664,0.9523861140016187,0.9534095631365325,0.0004154736842105263,False
1,667,0.38314691185951233,0.6168531179428101,0.40740448236465454,0.9522849462365591,0.9531818426481535,0.00041452631578947364,False
1,668,0.3831021785736084,0.6168978810310364,0.39988812804222107,0.9519525378656493,0.9527719436818282,0.0004135789473684211,False
1,669,0.38306060433387756,0.6169394254684448,0.39991146326065063,0.9519742166724477,0.9525851651901607,0.0004126315789473684,False
1,670,0.3830171525478363,0.6169828772544861,0.3977590501308441,0.9521765522025668,0.9527391737670416,0.0004116842105263158,False
1,671,0.3829798996448517,0.6170201301574707,0.39735856652259827,0.9526029020696034,0.9534786975107495,0.0004107368421052631,False
1,672,0.38294386863708496,0.617056131362915,0.4031376540660858,0.9536651636027287,0.9549088172599622,0.00040978947368421054,False
1,673,0.382909893989563,0.617090106010437,0.4009957015514374,0.9547129725979883,0.956115905231872,0.00040884210526315786,False
1,674,0.3828747272491455,0.6171252727508545,0.4078314006328583,0.9551176436582263,0.9565891155819493,0.0004078947368421052,False
1,675,0.3828355371952057,0.6171644926071167,0.40050962567329407,0.955377789339808,0.9568417954380654,0.0004069473684210526,False
1,676,0.38279473781585693,0.6172052621841431,0.4053884744644165,0.9555006359116661,0.956963098937011,0.00040599999999999995,False
1,677,0.38275325298309326,0.6172467470169067,0.394425630569458,0.9551899063475546,0.9568821843790968,0.0004050526315789474,False
1,678,0.382711797952652,0.6172881722450256,0.4005565643310547,0.9549080818591744,0.9567578369053839,0.0004041052631578947,False
1,679,0.38267257809638977,0.6173274517059326,0.3979312479496002,0.9547707827494508,0.9570253117817553,0.00040315789473684214,False
1,680,0.38263145089149475,0.6173685789108276,0.3977181315422058,0.9541204185454967,0.9565623225408892,0.00040221052631578947,False
1,681,0.38258862495422363,0.6174113750457764,0.3988373577594757,0.9534989594172736,0.9555766935972381,0.0004012631578947368,False
1,682,0.3825439512729645,0.6174560189247131,0.3990916609764099,0.9533616603075501,0.9553285609610237,0.0004003157894736842,False
1,683,0.3825021982192993,0.6174978017807007,0.403482586145401,0.9533833391143486,0.9553789132712723,0.00039936842105263155,False
1,684,0.38246414065361023,0.6175358295440674,0.3999139666557312,0.9533183026939531,0.9554261321664619,0.000398421052631579,False
1,685,0.38242584466934204,0.617574155330658,0.39715421199798584,0.9531737773152965,0.9552781652532002,0.0003974736842105263,False
1,686,0.38238799571990967,0.6176120042800903,0.39732515811920166,0.952906405364782,0.9548957478308867,0.0003965263157894737,False
1,687,0.38234949111938477,0.6176505088806152,0.39921918511390686,0.9526534859521333,0.9545443206872287,0.000395578947368421,False
1,688,0.38230767846107483,0.6176923513412476,0.3951411843299866,0.9526390334142675,0.954521714819161,0.00039463157894736834,False
1,689,0.3822682201862335,0.6177318096160889,0.39412906765937805,0.9527257486414615,0.9548171913713699,0.0003936842105263158,False
1,690,0.3822267949581146,0.6177732348442078,0.4057234227657318,0.9528052375997226,0.9552352289890436,0.0003927368421052631,False
1,691,0.3821876645088196,0.6178123354911804,0.39642786979675293,0.9527980113307898,0.955573768249464,0.00039178947368421053,False
1,692,0.38214704394340515,0.6178529262542725,0.3965257406234741,0.9529353104405133,0.9558224097052394,0.00039084210526315786,False
1,693,0.3821062445640564,0.6178937554359436,0.39947962760925293,0.9531304197016998,0.9560147873516016,0.0003898947368421053,False
1,694,0.38206222653388977,0.6179378032684326,0.39990708231925964,0.9532677188114231,0.9563656828008629,0.0003889473684210526,False
1,695,0.3820185959339142,0.6179813742637634,0.3963136076927185,0.9531737773152965,0.9565652645209656,0.00038799999999999994,False
1,696,0.38197579979896545,0.6180241703987122,0.3990044593811035,0.9533327552318188,0.9568000384169049,0.0003870526315789474,False
1,697,0.38193240761756897,0.6180676221847534,0.3972454071044922,0.9533616603075501,0.9569538015769401,0.0003861052631578947,False
1,698,0.3818887770175934,0.618111252784729,0.3976482152938843,0.9532532662735577,0.9564025394621151,0.00038515789473684214,False
1,699,0.38184505701065063,0.6181549429893494,0.4011555016040802,0.9533327552318188,0.9563413925981498,0.00038421052631578946,False
1,700,0.3818005919456482,0.618199348449707,0.3942422568798065,0.9532243611978262,0.9561830631235634,0.00038326315789473684,False
1,701,0.3817552924156189,0.6182447671890259,0.39484336972236633,0.953072609550237,0.9557649421421196,0.00038231578947368417,False
1,702,0.38171055912971497,0.6182894706726074,0.3944934010505676,0.9533833391143485,0.9557775906361874,0.0003813684210526315,False
1,703,0.381666898727417,0.618333101272583,0.400340735912323,0.9534050179211471,0.955506695398342,0.00038042105263157893,False
1,704,0.3816225528717041,0.6183774471282959,0.39844977855682373,0.9536218059891316,0.9555060227417921,0.00037947368421052625,False
1,705,0.3815794885158539,0.6184204816818237,0.39794543385505676,0.9537157474852584,0.9552513035790059,0.0003785263157894737,False
1,706,0.3815386891365051,0.6184613108634949,0.3979378342628479,0.9532604925424905,0.9546904122030261,0.000377578947368421,False
1,707,0.3814961016178131,0.6185038685798645,0.403828889131546,0.9529642155162447,0.954645264290969,0.00037663157894736845,False
1,708,0.38145267963409424,0.6185473203659058,0.39943066239356995,0.9525884495317378,0.9544091690133405,0.00037568421052631577,False
1,709,0.3814047873020172,0.6185952425003052,0.3960858881473541,0.9522271360850965,0.9545899809493746,0.0003747368421052631,False
1,710,0.38135799765586853,0.6186419725418091,0.3934018611907959,0.9519958954792461,0.9545696847729873,0.00037378947368421053,False
1,711,0.3813108205795288,0.6186891794204712,0.39336085319519043,0.9515189617296798,0.9546282632199107,0.00037284210526315786,False
1,712,0.3812604248523712,0.6187395453453064,0.3965376019477844,0.9514177939646202,0.9547192467608001,0.0003718947368421053,False
1,713,0.3812101185321808,0.6187899112701416,0.387824147939682,0.9515478668054109,0.9549954503451588,0.0003709473684210526,False
1,714,0.38116326928138733,0.6188367605209351,0.3966313600540161,0.9517068447219332,0.9551577580962328,0.00037000000000000005,False
1,715,0.38111522793769836,0.6188847422599792,0.396389365196228,0.9515406405364781,0.9551123241315761,0.0003690526315789474,False
1,716,0.3810652494430542,0.6189347505569458,0.39841750264167786,0.9515623193432766,0.9551401829442283,0.0003681052631578947,False
1,717,0.381019651889801,0.6189804077148438,0.395194947719574,0.9517863336801942,0.955190773936919,0.0003671578947368421,False
1,718,0.3809816539287567,0.6190183758735657,0.392888605594635,0.9520103480171118,0.9554285488168315,0.0003662105263157894,False
1,719,0.38094308972358704,0.6190568804740906,0.3961413502693176,0.9522199098161638,0.9554691442262463,0.00036526315789473684,False
1,720,0.38090553879737854,0.6190944910049438,0.3968442678451538,0.9525089605734767,0.9556657370936198,0.00036431578947368416,False
1,721,0.38086751103401184,0.6191324591636658,0.39113759994506836,0.952292172505492,0.9554173072720055,0.0003633684210526316,False
1,722,0.38082849979400635,0.6191715598106384,0.3987123966217041,0.9520898369753727,0.9552623231457459,0.0003624210526315789,False
1,723,0.3807867765426636,0.6192132234573364,0.3941834568977356,0.9519958954792462,0.955037142976647,0.00036147368421052625,False
1,724,0.38074809312820435,0.6192519068717957,0.3936590552330017,0.9519019539831195,0.9548904558133684,0.0003605263157894737,False
1,725,0.38071170449256897,0.6192882657051086,0.39804548025131226,0.9518441438316568,0.9546035858052732,0.000359578947368421,False
1,726,0.38067296147346497,0.6193270683288574,0.3935755491256714,0.9517429760665973,0.9544285203144021,0.00035863157894736844,False
1,727,0.3806320130825043,0.6193680167198181,0.398054838180542,0.9515695456122095,0.9541791661077254,0.00035768421052631577,False
1,728,0.380590558052063,0.619409441947937,0.3940337002277374,0.9512443635102324,0.9540247792933053,0.0003567368421052632,False
1,729,0.3805493116378784,0.6194506287574768,0.39305931329727173,0.95113596947624,0.9537789542320378,0.0003557894736842105,False
1,730,0.3805082440376282,0.619491696357727,0.3961615264415741,0.9510275754422476,0.9534290914118343,0.00035484210526315785,False
1,731,0.38046953082084656,0.6195304989814758,0.4023815393447876,0.9510058966354492,0.9531305977748189,0.00035389473684210523,False
1,732,0.38043004274368286,0.6195699572563171,0.3948005139827728,0.9511504220141056,0.9531895391007212,0.00035294736842105256,False
1,733,0.3803907334804535,0.6196092963218689,0.39679235219955444,0.9513961151578216,0.9533154261021258,0.000352,False
1,734,0.38034915924072266,0.6196508407592773,0.397867351770401,0.9515623193432766,0.9534501797702405,0.0003510526315789473,False
1,735,0.3803093433380127,0.6196905970573425,0.39517664909362793,0.9516562608394032,0.9537361535967044,0.00035010526315789475,False
1,736,0.3802739083766937,0.6197261214256287,0.39434659481048584,0.9517429760665973,0.9541394266451273,0.0003491578947368421,False
1,737,0.3802393674850464,0.6197606325149536,0.39765238761901855,0.9521404208579026,0.9546485224710659,0.0003482105263157894,False
1,738,0.3802047371864319,0.6197952628135681,0.3940972685813904,0.9525884495317378,0.9554151672243569,0.00034726315789473683,False
1,739,0.38016870617866516,0.6198312640190125,0.38771378993988037,0.9528702740201179,0.9558101963085913,0.00034631578947368416,False
1,740,0.38013020157814026,0.6198697686195374,0.3951248526573181,0.9529569892473119,0.9559603736263069,0.0003453684210526316,False
1,741,0.38009411096572876,0.6199058890342712,0.3950877785682678,0.9532026823910279,0.9565345563836621,0.0003444210526315789,False
1,742,0.38005727529525757,0.6199426651000977,0.3874106705188751,0.9533544340386172,0.9571111075782452,0.00034347368421052635,False
1,743,0.38002485036849976,0.6199750900268555,0.3920336067676544,0.9533977916522142,0.9574477974898037,0.0003425263157894737,False
1,744,0.37999287247657776,0.6200070977210999,0.39755183458328247,0.9532966238871545,0.9575180907295762,0.000341578947368421,False
1,745,0.37996041774749756,0.6200395822525024,0.3952140212059021,0.9533399815007515,0.9576596908735255,0.00034063157894736844,False
1,746,0.3799278736114502,0.620072066783905,0.3932332992553711,0.9534194704590127,0.9578307058753113,0.00033968421052631576,True
1,747,0.37989264726638794,0.6201073527336121,0.39249828457832336,0.9531087408949012,0.9574617213187832,0.0003387368421052632,False
1,748,0.3798598349094391,0.6201401948928833,0.402129590511322,0.9527980113307898,0.9571587932231074,0.0003377894736842105,False
1,749,0.37982654571533203,0.620173454284668,0.39019572734832764,0.9527257486414614,0.9570130619825364,0.00033684210526315796,False
1,750,0.37979644536972046,0.6202035546302795,0.3912721574306488,0.9525450919181409,0.9566216485891625,0.0003358947368421053,False
1,751,0.3797678053379059,0.6202321648597717,0.3934367299079895,0.9522488148918951,0.9561563273362632,0.0003349473684210526,False
1,752,0.3797377943992615,0.6202621459960938,0.38704702258110046,0.951880275176321,0.9556872086393864,0.000334,False
1,753,0.37970373034477234,0.62029629945755,0.39071205258369446,0.9517357497976645,0.9554670825369335,0.0003330526315789473,False
1,754,0.37966805696487427,0.6203320026397705,0.38830259442329407,0.9512877211238294,0.9549084232177449,0.00033210526315789475,False
1,755,0.3796329200267792,0.6203671097755432,0.3942354917526245,0.9509769915597178,0.9544984705892677,0.00033115789473684207,False
1,756,0.3796003460884094,0.6203997135162354,0.3916339576244354,0.950680714533472,0.9542030536689093,0.0003302105263157895,False
1,757,0.3795675039291382,0.620432436466217,0.38998812437057495,0.950435021389756,0.9540555542332009,0.00032926315789473683,False
1,758,0.3795349895954132,0.6204650402069092,0.390598863363266,0.9503410798936294,0.9540609240248442,0.00032831578947368416,False
1,759,0.3795040249824524,0.6204959750175476,0.389529287815094,0.9502110070528385,0.9540314791950218,0.0003273684210526316,False
1,760,0.3794730305671692,0.6205269694328308,0.39076152443885803,0.9501676494392416,0.9539974054941647,0.0003264210526315789,False
1,761,0.3794393241405487,0.6205607056617737,0.39267587661743164,0.9499942189848538,0.9539240840464217,0.00032547368421052635,False
1,762,0.37940654158592224,0.6205934882164001,0.3958595395088196,0.9497485258411377,0.9538946083108943,0.0003245263157894737,False
1,763,0.379374235868454,0.6206257939338684,0.3925885558128357,0.9495678691178171,0.9537121920452927,0.0003235789473684211,False
1,764,0.3793429136276245,0.6206571459770203,0.39376580715179443,0.9492932708983697,0.9535667398237551,0.00032263157894736843,False
1,765,0.3793129026889801,0.6206871271133423,0.3889729976654053,0.9491776505954446,0.9534107832599615,0.0003216842105263158,False
1,766,0.37928441166877747,0.6207155585289001,0.38896873593330383,0.9493872123944964,0.9535638028797023,0.00032073684210526314,False
1,767,0.37925732135772705,0.6207426190376282,0.3947864770889282,0.9493944386634293,0.9535280921457923,0.00031978947368421046,False
1,768,0.379228800535202,0.6207712292671204,0.393434077501297,0.9495823216556828,0.953773467014045,0.0003188421052631579,False
1,769,0.3791964054107666,0.6208036541938782,0.39164838194847107,0.9496401318071453,0.9538114402601499,0.0003178947368421052,False
1,770,0.3791651427745819,0.6208348870277405,0.3913751244544983,0.9497268470343393,0.9538890916320093,0.00031694736842105266,False
1,771,0.37913399934768677,0.620866060256958,0.38976094126701355,0.9499653139091224,0.9539997527514696,0.000316,False
1,772,0.3791019320487976,0.6208980679512024,0.39269402623176575,0.9499797664469879,0.954144281692915,0.0003150526315789474,False
1,773,0.3790752589702606,0.6209247708320618,0.39638078212738037,0.9500014452537865,0.9540116368428477,0.00031410526315789474,False
1,774,0.379048615694046,0.6209514141082764,0.39190760254859924,0.9499147300265927,0.9540400945526895,0.00031315789473684207,False
1,775,0.37902554869651794,0.6209744215011597,0.39428508281707764,0.9500737079431147,0.9542239702968334,0.0003122105263157895,False
1,776,0.37900301814079285,0.6209970116615295,0.38614481687545776,0.950145970632443,0.9544305348847782,0.00031126315789473683,False
1,777,0.378976434469223,0.6210235357284546,0.3914490342140198,0.9503410798936293,0.9546688035150559,0.00031031578947368426,False
1,778,0.37894922494888306,0.6210507154464722,0.3931993842124939,0.9504711527344202,0.9548758608492469,0.0003093684210526316,False
1,779,0.3789219260215759,0.6210780739784241,0.38560059666633606,0.9505072840790842,0.9549499481133872,0.000308421052631579,False
1,780,0.3788927495479584,0.621107280254364,0.3909265995025635,0.9504711527344202,0.9547517005489395,0.00030747368421052635,False
1,781,0.3788638710975647,0.6211361289024353,0.39682313799858093,0.9504422476586889,0.9546241818522821,0.00030652631578947367,False
1,782,0.37883269786834717,0.6211672425270081,0.4007249176502228,0.9506518094577409,0.9548805882341831,0.00030557894736842105,False
1,783,0.37880080938339233,0.6211991906166077,0.38771116733551025,0.9505145103480173,0.9547550729344549,0.0003046315789473684,False
1,784,0.37876835465431213,0.6212316751480103,0.39173173904418945,0.9506951670713377,0.9548115634154207,0.0003036842105263158,False
1,785,0.3787361681461334,0.621263861656189,0.3937298357486725,0.950767429760666,0.9548003688760353,0.00030273684210526314,False
1,786,0.37870490550994873,0.6212950944900513,0.3893786668777466,0.9511793270898369,0.9550362652990552,0.00030178947368421057,False
1,787,0.37867382168769836,0.621326208114624,0.3882034122943878,0.9512010058966356,0.9549745270446899,0.0003008421052631579,False
1,788,0.37864023447036743,0.6213597655296326,0.3939164876937866,0.9512154584345011,0.9550222607381763,0.0002998947368421052,False
1,789,0.37860655784606934,0.6213934421539307,0.3905757963657379,0.9512877211238294,0.954974896809088,0.00029894736842105265,False
1,790,0.3785753846168518,0.6214246153831482,0.3871058523654938,0.951222684703434,0.9548802124739016,0.000298,False
1,791,0.3785432279109955,0.6214567422866821,0.3844081461429596,0.9508830500635912,0.9543505928971593,0.0002970526315789474,False
1,792,0.37851235270500183,0.6214876770973206,0.3891938030719757,0.9504422476586889,0.9537453412879988,0.00029610526315789474,False
1,793,0.37848320603370667,0.621516764163971,0.38856178522109985,0.9503699849693605,0.9535114697967615,0.00029515789473684217,False
1,794,0.3784556984901428,0.6215443015098572,0.39090991020202637,0.95018932824604,0.9532201018525123,0.0002942105263157895,False
1,795,0.3784278333187103,0.6215721964836121,0.3888690173625946,0.9497774309168691,0.95283953392248,0.0002932631578947368,False
1,796,0.3784039318561554,0.6215960383415222,0.392703115940094,0.9497123944964735,0.9528664314397657,0.0002923157894736842,False
1,797,0.3783806562423706,0.6216194033622742,0.39221101999282837,0.9495750953867498,0.9527266692905718,0.00029136842105263153,False
1,798,0.37835758924484253,0.6216424107551575,0.39551082253456116,0.9492210082090413,0.9525714308074977,0.00029042105263157896,False
1,799,0.3783363699913025,0.6216636300086975,0.3920491337776184,0.9489247311827956,0.9523379642728622,0.0002894736842105263,False
1,800,0.37831488251686096,0.6216850876808167,0.38873979449272156,0.9487585269973408,0.9523600990340751,0.0002885263157894737,False
1,801,0.3782937824726105,0.6217062473297119,0.39261388778686523,0.9486429066944155,0.952407528917629,0.00028757894736842105,False
1,802,0.37827378511428833,0.6217261552810669,0.38830703496932983,0.9483827610128339,0.9523194754207976,0.00028663157894736837,False
1,803,0.378252238035202,0.6217477321624756,0.3889959454536438,0.9481515204069834,0.9522598971061536,0.0002856842105263158,False
1,804,0.37823185324668884,0.6217681169509888,0.38874727487564087,0.9482310093652445,0.9523579192031175,0.00028473684210526313,False
1,805,0.37821024656295776,0.6217897534370422,0.3859167695045471,0.9484477974332293,0.9525547562085281,0.00028378947368421057,False
1,806,0.37818750739097595,0.6218124628067017,0.3871399760246277,0.9485706440050872,0.9526959871435722,0.0002828421052631579,False
1,807,0.37816357612609863,0.6218364238739014,0.3871941864490509,0.9483972135506995,0.9526803788329254,0.0002818947368421053,False
1,808,0.3781384229660034,0.6218615770339966,0.3907088041305542,0.9485778702740202,0.9528368944797396,0.00028094736842105265,False
1,809,0.37811440229415894,0.6218855381011963,0.38945281505584717,0.9487946583420048,0.9530703798756854,0.00028,False
1,810,0.3780869245529175,0.6219130754470825,0.39751559495925903,0.9491921031333101,0.9532668339470416,0.0002790526315789474,False
1,811,0.3780587911605835,0.6219412088394165,0.3866448402404785,0.9495208983697538,0.9535123625308801,0.00027810526315789473,False
1,812,0.3780358135700226,0.6219642162322998,0.3918870687484741,0.9497051682275406,0.9536810470503597,0.0002771578947368421,False
1,813,0.3780133128166199,0.6219866871833801,0.3887653946876526,0.9499653139091224,0.9538457461652491,0.00027621052631578944,False
1,814,0.37799209356307983,0.6220079064369202,0.39169350266456604,0.9504494739276216,0.9542517164445034,0.0002752631578947369,False
1,815,0.37797024846076965,0.622029721736908,0.3900665044784546,0.9506229043820095,0.9544685257817749,0.0002743157894736842,False
1,816,0.37795138359069824,0.6220486164093018,0.38913631439208984,0.9507602034917332,0.9545650990866943,0.0002733684210526315,False
1,817,0.37793058156967163,0.6220694780349731,0.3966814875602722,0.9511142906694415,0.9549639345086645,0.00027242105263157896,False
1,818,0.3779100179672241,0.6220899224281311,0.38970938324928284,0.9513166261995606,0.9550507483893025,0.0002714736842105263,False
1,819,0.37788933515548706,0.6221106052398682,0.39164790511131287,0.9514756041160829,0.9551888010220027,0.0002705263157894737,False
1,820,0.37786930799484253,0.6221306324005127,0.39060133695602417,0.9515839981500751,0.955318812929955,0.00026957894736842104,False
1,821,0.3778512179851532,0.6221487522125244,0.3937172293663025,0.9519236327899179,0.9556276187282717,0.0002686315789473685,False
1,822,0.377831369638443,0.6221686601638794,0.3931557536125183,0.952046479361776,0.9556175872720096,0.0002676842105263158,False
1,823,0.37780871987342834,0.6221912503242493,0.388752281665802,0.9522126835472309,0.9558462242410868,0.00026673684210526313,False
1,824,0.3777874708175659,0.6222125291824341,0.39143452048301697,0.9522126835472308,0.9559435139859302,0.00026578947368421056,False
1,825,0.37776604294776917,0.6222339868545532,0.38753533363342285,0.9523427563880217,0.9563601693700687,0.0002648421052631579,False
1,826,0.3777417540550232,0.6222582459449768,0.3853742778301239,0.9526245808764019,0.9566329083522933,0.00026389473684210527,False
1,827,0.3777185380458832,0.6222814917564392,0.3871679902076721,0.9524945080356111,0.9565825163643756,0.0002629473684210526,False
1,828,0.37769171595573425,0.6223083138465881,0.3866391181945801,0.9523210775812233,0.9564665137620869,0.000262,False
1,829,0.3776669502258301,0.6223330497741699,0.38976964354515076,0.9522452017574285,0.9563596612838855,0.00026105263157894735,False
1,830,0.3776437044143677,0.6223563551902771,0.3819504678249359,0.9519453115967164,0.956089347492896,0.0002601052631578947,False
1,831,0.3776216208934784,0.622378408908844,0.38743698596954346,0.9516996184530003,0.955947738142108,0.0002591578947368421,False
1,832,0.37759658694267273,0.6224034428596497,0.38518136739730835,0.9516056769568737,0.9558790910223188,0.00025821052631578944,False
1,833,0.3775752782821655,0.6224246621131897,0.38652828335762024,0.9514177939646201,0.9557619121270933,0.00025726315789473687,False
1,834,0.37755540013313293,0.6224445700645447,0.39280441403388977,0.9514394727714188,0.955732403169894,0.0002563157894736842,False
1,835,0.3775360882282257,0.6224639415740967,0.3883713483810425,0.9512515897791652,0.9556062370414177,0.00025536842105263163,False
1,836,0.37751391530036926,0.6224861145019531,0.3997981548309326,0.9511287432073072,0.9552930615718349,0.00025442105263157895,False
1,837,0.37749215960502625,0.6225078105926514,0.3866855800151825,0.9511504220141057,0.9551745332782517,0.0002534736842105263,False
1,838,0.3774704039096832,0.6225296258926392,0.3886900246143341,0.9509986703665163,0.9549339507537448,0.0002525263157894737,False
1,839,0.37744805216789246,0.6225519776344299,0.39212584495544434,0.950846918718927,0.9547236882472498,0.00025157894736842104,False
1,840,0.37742412090301514,0.6225759387016296,0.38309863209724426,0.950680714533472,0.9544788099437523,0.0002506315789473685,False
1,841,0.37740036845207214,0.6225996613502502,0.39073866605758667,0.9505795467684126,0.9544370660177544,0.0002496842105263158,False
1,842,0.37737342715263367,0.6226266026496887,0.3884090483188629,0.9503772112382933,0.9542920852880378,0.0002487368421052632,False
1,843,0.37734538316726685,0.6226546168327332,0.3867497146129608,0.9502399121285697,0.9542625535002407,0.0002477894736842105,False
1,844,0.3773214817047119,0.6226785182952881,0.39171302318573,0.9500520291363164,0.9541863781952801,0.00024684210526315783,False
1,845,0.3772980272769928,0.6227020025253296,0.3870309293270111,0.9499291825644582,0.9541059003263634,0.00024589473684210526,False
1,846,0.3772757649421692,0.6227242946624756,0.3882809281349182,0.9498280147993987,0.9542404483306804,0.0002449473684210526,False
1,847,0.37725213170051575,0.6227478384971619,0.3908432126045227,0.9499942189848537,0.9545363395278634,0.00024400000000000002,False
1,848,0.37722688913345337,0.6227731108665466,0.38836461305618286,0.9498424673372644,0.9542887748363126,0.00024305263157894735,False
1,849,0.37719962000846863,0.6228004097938538,0.3870954215526581,0.9497340733032721,0.9541939358827205,0.00024210526315789478,False
1,850,0.3771728277206421,0.6228272318840027,0.3952670693397522,0.9497268470343393,0.9541997980347839,0.0002411578947368421,False
1,851,0.3771437406539917,0.6228562593460083,0.3859279751777649,0.9498280147993989,0.9543005857418334,0.00024021052631578943,False
1,852,0.37711355090141296,0.6228864789009094,0.3879493474960327,0.9499580876401896,0.9544274653486539,0.00023926315789473687,False
1,853,0.37708431482315063,0.6229156851768494,0.38537341356277466,0.9499075037576599,0.9543334351496973,0.0002383157894736842,False
1,854,0.37705743312835693,0.6229425668716431,0.38907572627067566,0.9499580876401896,0.9542868873040674,0.00023736842105263163,False
1,855,0.37703338265419006,0.6229665875434875,0.3904709219932556,0.9499508613712567,0.9542437877854293,0.00023642105263157895,False
1,856,0.37700700759887695,0.622992992401123,0.3807581961154938,0.9499580876401895,0.9542986093116217,0.00023547368421052638,False
1,857,0.3769822418689728,0.6230177879333496,0.3878060281276703,0.9501604231703087,0.9543872443671229,0.0002345263157894737,False
1,858,0.37695959210395813,0.6230404376983643,0.38785284757614136,0.9503844375072263,0.9544710615127091,0.00023357894736842104,False
1,859,0.3769376575946808,0.6230623722076416,0.38723403215408325,0.950767429760666,0.9548371579491781,0.00023263157894736841,False
1,860,0.3769177496433258,0.6230822801589966,0.3903900682926178,0.9510275754422477,0.9551138991900152,0.00023168421052631574,False
1,861,0.376895546913147,0.6231043934822083,0.3894882798194885,0.9513238524684935,0.9551881931447277,0.00023073684210526317,False
1,862,0.37687480449676514,0.6231251358985901,0.3908447325229645,0.9515334142675455,0.9553606821091266,0.0002297894736842105,False
1,863,0.376853883266449,0.6231461763381958,0.3877128064632416,0.9516562608394034,0.9554390078384011,0.00022884210526315793,False
1,864,0.3768330514431,0.6231669783592224,0.3863995373249054,0.9517791074112614,0.9556134521739067,0.00022789473684210526,False
1,865,0.37681177258491516,0.6231881976127625,0.3883744776248932,0.9518513701005897,0.9557478626343682,0.00022694736842105258,False
1,866,0.3767906427383423,0.6232093572616577,0.3859163224697113,0.9521115157821712,0.9559418245806612,0.00022600000000000002,False
1,867,0.3767700791358948,0.62322998046875,0.3931664824485779,0.9520103480171117,0.9559457901405942,0.00022505263157894734,False
1,868,0.3767509162425995,0.6232491135597229,0.38754570484161377,0.9518875014452537,0.9559802260181213,0.00022410526315789478,False
1,869,0.3767351508140564,0.6232648491859436,0.3921361565589905,0.9517791074112615,0.9559375793529353,0.0002231578947368421,False
1,870,0.3767201602458954,0.6232798099517822,0.3917946219444275,0.9516996184530003,0.9559033687654515,0.00022221052631578954,False
1,871,0.3767046630382538,0.6232953667640686,0.38603323698043823,0.951634582032605,0.9558291816154058,0.00022126315789473683,False
1,872,0.3766871988773346,0.623312771320343,0.38635408878326416,0.9514756041160828,0.9556062477178311,0.00022031578947368416,False
1,873,0.3766672611236572,0.6233327984809875,0.3850054144859314,0.9512443635102323,0.9554187784428364,0.0002193684210526316,False
1,874,0.3766455054283142,0.6233544945716858,0.3896533250808716,0.9511793270898371,0.9554083429336774,0.00021842105263157892,False
1,875,0.3766236901283264,0.6233763098716736,0.37993094325065613,0.9513744363510233,0.9556538328156459,0.00021747368421052633,False
1,876,0.37660306692123413,0.6233969330787659,0.3891047239303589,0.9516779396462018,0.9559381214182181,0.00021652631578947365,False
1,877,0.3765812814235687,0.6234187483787537,0.3875846266746521,0.9518441438316568,0.9561076493855846,0.00021557894736842109,False
1,878,0.376559317111969,0.623440682888031,0.3833230137825012,0.9519958954792461,0.9562033134994855,0.0002146315789473684,False
1,879,0.3765358030796051,0.6234642267227173,0.3796364665031433,0.9522199098161637,0.9563706682650869,0.00021368421052631574,False
1,880,0.3765101134777069,0.6234899163246155,0.394218385219574,0.9522560411608278,0.9563371489570672,0.00021273684210526317,False
1,881,0.3764830231666565,0.6235169768333435,0.3887810707092285,0.9523716614637531,0.9566298211715528,0.0002117894736842105,False
1,882,0.3764559328556061,0.6235440373420715,0.3870549201965332,0.9522921725054919,0.956634715596896,0.00021084210526315793,False
1,883,0.3764287233352661,0.6235713362693787,0.38257408142089844,0.9521548733957684,0.9564111420500518,0.00020989473684210526,False
1,884,0.3764030933380127,0.6235969066619873,0.39049431681632996,0.9519742166724476,0.9561294088691267,0.0002089473684210527,False
1,885,0.3763783574104309,0.6236216425895691,0.38260093331336975,0.9517718811423286,0.9558585703405542,0.00020800000000000001,False
1,886,0.37635278701782227,0.6236472129821777,0.3830190896987915,0.9515189617296798,0.9555283109395382,0.00020705263157894734,False
1,887,0.37632638216018677,0.6236735582351685,0.38623353838920593,0.9513527575442248,0.9554506793490675,0.00020610526315789475,False
1,888,0.3763001263141632,0.6236998438835144,0.3855445683002472,0.9512299109723668,0.9552877651585799,0.00020515789473684207,False
1,889,0.3762747347354889,0.6237252354621887,0.38206547498703003,0.9511721008209041,0.9553266690781248,0.0002042105263157895,False
1,890,0.37625256180763245,0.6237474083900452,0.3878400921821594,0.9512949473927622,0.9554122651282815,0.00020326315789473683,False
1,891,0.376230925321579,0.6237690448760986,0.3858925700187683,0.9515045091918141,0.9556623264133084,0.00020231578947368424,False
1,892,0.37621182203292847,0.6237881183624268,0.385296493768692,0.9516056769568736,0.9557494484776522,0.00020136842105263156,False
1,893,0.3761940002441406,0.6238060593605042,0.38258498907089233,0.95180078621806,0.9558763519558886,0.0002004210526315789,False
1,894,0.3761742115020752,0.6238257884979248,0.3869644105434418,0.9518875014452538,0.9559502974496615,0.00019947368421052632,False
1,895,0.37615448236465454,0.6238454580307007,0.38225069642066956,0.9517791074112615,0.9558078472519137,0.00019852631578947365,False
1,896,0.376135915517807,0.6238640546798706,0.38751137256622314,0.9518369175627239,0.9557652663472099,0.00019757894736842108,False
1,897,0.3761165738105774,0.6238834261894226,0.3895895779132843,0.9516129032258065,0.9555736061783473,0.0001966315789473684,False
1,898,0.37609633803367615,0.6239036321640015,0.3844202160835266,0.9514611515782171,0.9553738730877389,0.00019568421052631584,False
1,899,0.37607818841934204,0.6239218711853027,0.3860204815864563,0.9511937796277027,0.9550908342753837,0.00019473684210526317,False
1,900,0.3760609030723572,0.6239390969276428,0.38337111473083496,0.9510781593247775,0.9549055301850087,0.0001937894736842105,False
1,901,0.37604469060897827,0.6239553093910217,0.39104771614074707,0.9506084518441439,0.9545807700562516,0.00019284210526315793,False
1,902,0.3760272264480591,0.6239727735519409,0.38430237770080566,0.9503772112382934,0.9544739115630336,0.00019189473684210525,False
1,903,0.37601032853126526,0.6239897012710571,0.38443905115127563,0.9502688172043011,0.9544281656930467,0.00019094736842105266,False
1,904,0.37599238753318787,0.6240076422691345,0.38200145959854126,0.9499869927159209,0.9542185365752622,0.00018999999999999998,False
1,905,0.3759719133377075,0.6240280270576477,0.39446112513542175,0.9497629783790034,0.9540376873216478,0.0001890526315789474,False
1,906,0.37595289945602417,0.6240471005439758,0.3854334056377411,0.9496834894207422,0.9540416120908298,0.00018810526315789472,False
1,907,0.37593403458595276,0.6240659952163696,0.3797643482685089,0.9497412995722049,0.9541567910369719,0.00018715789473684204,False
1,908,0.375914990901947,0.6240850687026978,0.3837774991989136,0.9498207885304659,0.9542444047424601,0.00018621052631578947,False
1,909,0.37589511275291443,0.624104917049408,0.3875887095928192,0.9497702046479362,0.9542519435982167,0.0001852631578947368,False
1,910,0.37587451934814453,0.6241254210472107,0.3837844133377075,0.9496907156896751,0.9542797455124534,0.00018431578947368423,False
1,911,0.3758555054664612,0.6241444945335388,0.3866473436355591,0.9494522488148919,0.9541959031399867,0.00018336842105263156,False
1,912,0.37583568692207336,0.624164342880249,0.3836737275123596,0.9491559717886462,0.9540069649851268,0.000182421052631579,False
1,913,0.37581866979599,0.6241813898086548,0.3853423595428467,0.9490186726789224,0.9538699190398486,0.00018147368421052632,False
1,914,0.37580224871635437,0.624197781085968,0.3824264407157898,0.9490403514857209,0.953894713061807,0.00018052631578947364,False
1,915,0.37578338384628296,0.6242165565490723,0.3839116394519806,0.9490692565614522,0.95391869204864,0.00017957894736842108,False
1,916,0.37576407194137573,0.6242358684539795,0.3822685480117798,0.9488669210313331,0.9536699008315438,0.0001786315789473684,False
1,917,0.3757460415363312,0.6242539882659912,0.382235050201416,0.9487296219216095,0.9535162762713921,0.0001776842105263158,False
1,918,0.37573009729385376,0.6242699027061462,0.3889886736869812,0.9488885998381316,0.9536615629247847,0.00017673684210526314,False
1,919,0.3757137358188629,0.6242862343788147,0.3867254853248596,0.9488596947624003,0.9536680302574585,0.00017578947368421057,False
1,920,0.37569695711135864,0.6243030428886414,0.3837168216705322,0.9488163371488034,0.9536938827192495,0.0001748421052631579,False
1,921,0.37568020820617676,0.6243197917938232,0.3867321312427521,0.9490909353682507,0.9540083975876554,0.0001738947368421053,False
1,922,0.37566423416137695,0.624335765838623,0.3832412362098694,0.9491198404439819,0.9540566542222457,0.00017294736842105263,False
1,923,0.37564876675605774,0.6243512034416199,0.3869578242301941,0.949531737773153,0.9543573852971654,0.00017199999999999995,False
1,924,0.3756330907344818,0.6243669390678406,0.3890790641307831,0.9497123944964737,0.9544835606022646,0.00017105263157894739,False
1,925,0.37561845779418945,0.6243815422058105,0.38367313146591187,0.9498858249508614,0.95460106631851,0.0001701052631578947,False
1,926,0.37560439109802246,0.6243956089019775,0.38146352767944336,0.9499725401780553,0.9546130548007572,0.00016915789473684215,False
1,927,0.37559154629707336,0.624408483505249,0.3843913674354553,0.9499508613712567,0.9544384557203631,0.00016821052631578947,False
1,928,0.375578373670578,0.6244215965270996,0.37895914912223816,0.9499075037576598,0.9543340469532763,0.0001672631578947369,False
1,929,0.3755631446838379,0.6244368553161621,0.3843430280685425,0.9498569198751301,0.9541926689064281,0.00016631578947368423,False
1,930,0.3755488097667694,0.624451220035553,0.38570475578308105,0.9497918834547346,0.954006681362317,0.00016536842105263156,False
1,931,0.37553325295448303,0.6244667768478394,0.3887651860713959,0.949770204647936,0.9538616952181372,0.000164421052631579,False
1,932,0.37551841139793396,0.6244816184043884,0.3838934898376465,0.9495823216556828,0.953523434264923,0.00016347368421052631,False
1,933,0.37550240755081177,0.6244975924491882,0.3799910843372345,0.9494161174702277,0.9532907787389339,0.00016252631578947372,False
1,934,0.3754844665527344,0.6245155930519104,0.3795914351940155,0.9493944386634292,0.9531221930711969,0.00016157894736842105,False
1,935,0.37546709179878235,0.62453293800354,0.38147762417793274,0.9494016649323621,0.9530425865628958,0.00016063157894736848,False
1,936,0.37545081973075867,0.624549150466919,0.38383346796035767,0.9494667013527576,0.9530168223127518,0.0001596842105263158,False
1,937,0.37543436884880066,0.624565601348877,0.38557881116867065,0.9495172852352874,0.9530840467690451,0.00015873684210526313,False
1,938,0.3754182755947113,0.6245816946029663,0.3853636384010315,0.9496040004624812,0.9531624726782691,0.00015778947368421054,False
1,939,0.3754032850265503,0.6245967149734497,0.3833521604537964,0.9496834894207422,0.9532858409964835,0.00015684210526315786,False
1,940,0.375388503074646,0.624611496925354,0.39038005471229553,0.9497196207654063,0.9533188384162911,0.0001558947368421053,False
1,941,0.37537363171577454,0.6246263384819031,0.3833101689815521,0.9497340733032721,0.9534257378714303,0.00015494736842105262,False
1,942,0.3753592371940613,0.6246407628059387,0.3804453909397125,0.9496256792692797,0.9532780237868524,0.00015400000000000006,False
1,943,0.37534376978874207,0.6246562600135803,0.38730430603027344,0.9494956064284888,0.9531668310202176,0.00015305263157894738,False
1,944,0.3753297030925751,0.6246703267097473,0.38178667426109314,0.9495172852352873,0.9531766667422955,0.0001521052631578947,False
1,945,0.3753149211406708,0.6246850490570068,0.3853744566440582,0.9495100589663545,0.953151621907349,0.00015115789473684214,False
1,946,0.37529927492141724,0.6247007250785828,0.37744420766830444,0.949531737773153,0.9531536270671832,0.00015021052631578947,False
1,947,0.3752833306789398,0.6247166991233826,0.3848787248134613,0.9497051682275408,0.9532580885768587,0.00014926315789473687,False
1,948,0.37526774406433105,0.6247321963310242,0.3780459761619568,0.949864146144063,0.953411165838186,0.0001483157894736842,False
1,949,0.3752535879611969,0.6247463822364807,0.3850191831588745,0.9500231240605851,0.9534604419210246,0.00014736842105263163,False
1,950,0.37523871660232544,0.6247612237930298,0.3878668248653412,0.950059255405249,0.9534738263567191,0.00014642105263157896,False
1,951,0.37522372603416443,0.6247762441635132,0.37979915738105774,0.9501315180945774,0.9535693138776395,0.00014547368421052628,False
1,952,0.3752078115940094,0.624792218208313,0.38595619797706604,0.9501098392877788,0.9535382009811938,0.0001445263157894737,False
1,953,0.3751906752586365,0.6248093247413635,0.3811063766479492,0.950066481674182,0.9535067300475994,0.00014357894736842102,False
1,954,0.3751733601093292,0.6248266100883484,0.3838416039943695,0.9500158977916522,0.953504817038173,0.00014263157894736845,False
1,955,0.3751569092273712,0.6248430609703064,0.38122913241386414,0.9498424673372644,0.9534550006965836,0.00014168421052631578,False
1,956,0.37513911724090576,0.624860942363739,0.38034775853157043,0.9497738177824027,0.9534853818600012,0.0001407368421052632,False
1,957,0.37512022256851196,0.6248797178268433,0.3819386959075928,0.9498569198751301,0.9536131959499036,0.00013978947368421053,False
1,958,0.3751021921634674,0.6248977780342102,0.3843352794647217,0.9498930512197943,0.95373718549899,0.00013884210526315786,False
1,959,0.3750835955142975,0.6249164342880249,0.38212427496910095,0.9498424673372644,0.9538015443613654,0.0001378947368421053,False
1,960,0.3750663697719574,0.624933660030365,0.3837907016277313,0.9497485258411377,0.9537563876075834,0.00013694736842105262,False
1,961,0.37505021691322327,0.6249498128890991,0.3875676691532135,0.9497918834547346,0.9538219119437469,0.00013600000000000003,False
1,962,0.3750356435775757,0.6249643564224243,0.3892900347709656,0.9499291825644582,0.9539247442751716,0.00013505263157894735,False
1,963,0.3750234842300415,0.6249765157699585,0.3778151869773865,0.9499508613712568,0.9539595505182534,0.00013410526315789479,False
1,964,0.37501105666160583,0.6249889731407166,0.3872308135032654,0.9499219562955254,0.9538630736118823,0.0001331578947368421,False
1,965,0.374999076128006,0.6250008940696716,0.38066962361335754,0.9499725401780552,0.9538880480934171,0.00013221052631578944,False
1,966,0.3749876618385315,0.6250123381614685,0.3845798671245575,0.9499364088333913,0.9538073322543777,0.00013126315789473687,False
1,967,0.3749748766422272,0.6250251531600952,0.3818013370037079,0.9499291825644581,0.9538229393558084,0.0001303157894736842,False
1,968,0.3749620020389557,0.6250380277633667,0.3841687738895416,0.9499797664469881,0.9538887694509284,0.0001293684210526316,False
1,969,0.3749469220638275,0.6250531077384949,0.38348388671875,0.9498785986819287,0.9538123911292591,0.00012842105263157893,False
1,970,0.37493303418159485,0.6250669956207275,0.3869352340698242,0.9496762631518094,0.9536979785434663,0.00012747368421052636,False
1,971,0.37491878867149353,0.6250811815261841,0.3802766799926758,0.9495245115042201,0.9536443832179939,0.0001265263157894737,False
1,972,0.37490490078926086,0.6250951290130615,0.3787323236465454,0.9491993294022429,0.9534027230099141,0.000125578947368421,False
1,973,0.3748924434185028,0.6251075267791748,0.3802969455718994,0.9490692565614522,0.9532892369347882,0.00012463157894736845,False
1,974,0.3748806118965149,0.6251193881034851,0.38383185863494873,0.9490620302925192,0.9532944124112634,0.00012368421052631577,False
1,975,0.37486791610717773,0.6251320838928223,0.3869144022464752,0.949040351485721,0.9532466026316451,0.0001227368421052632,False
1,976,0.37485507130622864,0.625144898891449,0.37336599826812744,0.9490042201410567,0.9532536454777449,0.00012178947368421052,False
1,977,0.3748433589935303,0.6251566410064697,0.3857596218585968,0.9488813735691987,0.9531095869310128,0.00012084210526315794,False
1,978,0.3748328685760498,0.6251671314239502,0.38321349024772644,0.948996993872124,0.9531774465000238,0.00011989473684210526,False
1,979,0.37482327222824097,0.6251767873764038,0.38341838121414185,0.949206555671176,0.9533526492789963,0.00011894736842105259,False
1,980,0.37481340765953064,0.625186562538147,0.3814571499824524,0.9492932708983698,0.9534142616282149,0.00011800000000000002,False
1,981,0.37480342388153076,0.6251965761184692,0.3865731656551361,0.9493004971673027,0.9533715497679219,0.00011705263157894735,False
1,982,0.37479257583618164,0.6252074241638184,0.3821163773536682,0.9493727598566308,0.9534415076531759,0.00011610526315789477,False
1,983,0.3747822046279907,0.6252177953720093,0.38184306025505066,0.9492932708983699,0.9534046598524498,0.0001151578947368421,False
1,984,0.3747709095478058,0.6252290606498718,0.38117870688438416,0.9493294022430337,0.9534134171822639,0.00011421052631578953,False
1,985,0.3747604191303253,0.6252395510673523,0.3823484778404236,0.9493583073187652,0.9534589784979655,0.00011326315789473685,False
1,986,0.3747498095035553,0.6252502202987671,0.3785868287086487,0.9494667013527576,0.953618137019179,0.00011231578947368418,False
1,987,0.3747396767139435,0.6252603530883789,0.3790537416934967,0.9495606428488843,0.9538200333180246,0.0001113684210526316,False
1,988,0.37472954392433167,0.625270426273346,0.384095162153244,0.9495967741935484,0.9538464941880297,0.00011042105263157892,False
1,989,0.3747199475765228,0.6252800226211548,0.38456037640571594,0.94957509538675,0.9538801180533123,0.00010947368421052634,False
1,990,0.37471070885658264,0.6252893209457397,0.38060200214385986,0.9496618106139438,0.9539649357566534,0.00010852631578947367,False
1,991,0.37470051646232605,0.6252995133399963,0.3851083517074585,0.9498569198751301,0.9541481546392442,0.0001075789473684211,False
1,992,0.37469157576560974,0.6253084540367126,0.3827647566795349,0.9499869927159209,0.9542649095167037,0.00010663157894736843,False
1,993,0.3746827244758606,0.6253172755241394,0.3821323812007904,0.9500664816741821,0.9543195090406372,0.00010568421052631575,False
1,994,0.37467238306999207,0.6253276467323303,0.3823634684085846,0.9501387443635102,0.9544380810925633,0.00010473684210526317,False
1,995,0.374662309885025,0.6253377199172974,0.3813999593257904,0.9502977222800323,0.9545937731596164,0.0001037894736842105,False
1,996,0.3746529519557953,0.6253470778465271,0.37991243600845337,0.950435021389756,0.9548294351133391,0.00010284210526315793,False
1,997,0.37464311718940735,0.625356912612915,0.3792012333869934,0.9506662619956064,0.9552021140611057,0.00010189473684210526,False
1,998,0.3746335506439209,0.6253664493560791,0.38176047801971436,0.9507168458781362,0.9552100138236047,0.00010094736842105268,False
1,999,0.3746248781681061,0.6253750920295715,0.3861035406589508,0.950680714533472,0.955243225202644,0.0001,False
1,1000,0.3746166229248047,0.6253833174705505,0.38257622718811035,0.9507312984160017,0.9553019000290843,0.0001,False
2,1,0.4999900162220001,0.5000100135803223,1.8361916542053223,0.6050554977454041,0.5502404005163286,4e-05,False
2,2,0.4999699890613556,0.5000300407409668,1.8168020248413086,0.629303243149497,0.5722630697373471,6e-05,False
2,3,0.49994006752967834,0.500059962272644,1.8041915893554688,0.6554514972829228,0.6045603631549157,8e-05,False
2,4,0.4998999536037445,0.5001000165939331,1.7687071561813354,0.6811625621459129,0.6434342925435704,0.0001,False
2,5,0.499849796295166,0.500150203704834,1.730949878692627,0.706226875939415,0.6816297514938149,0.00012,False
2,6,0.499789297580719,0.500210702419281,1.7024235725402832,0.7251271823332177,0.7040641321025114,0.00014000000000000001,False
2,7,0.4997181296348572,0.5002818703651428,1.6727479696273804,0.7337047635564805,0.714433573633485,0.00016,False
2,8,0.49963635206222534,0.5003635883331299,1.6406164169311523,0.7384018383628165,0.7208138114444287,0.00017999999999999998,False
2,9,0.499543696641922,0.5004563331604004,1.6160163879394531,0.7421161405942882,0.7270400209034702,0.0002,False
2,10,0.4994398057460785,0.5005602240562439,1.5918917655944824,0.7447031448722395,0.7318603824330402,0.00022,False
2,11,0.4993246793746948,0.5006753206253052,1.568058729171753,0.7471528500404672,0.7349302885525923,0.00024,False
2,12,0.4991978704929352,0.5008021593093872,1.547044277191162,0.7500578101514627,0.7392546078377004,0.00026000000000000003,False
2,13,0.4990590810775757,0.5009409189224243,1.522078514099121,0.7541623309053069,0.7466563309608272,0.00028000000000000003,False
2,14,0.49890872836112976,0.5010913014411926,1.502150058746338,0.7578838594057116,0.7534899898402838,0.0003,False
2,15,0.49874603748321533,0.5012540221214294,1.4830412864685059,0.7619594750838247,0.759942497473192,0.00032,False
2,16,0.49857091903686523,0.5014290809631348,1.46217942237854,0.7648066250433576,0.764843173804211,0.00034,False
2,17,0.49838292598724365,0.5016170144081116,1.4464635848999023,0.7674153081281072,0.7689394503012421,0.00035999999999999997,False
2,18,0.49818217754364014,0.5018178224563599,1.4219386577606201,0.7695109261186264,0.7721412893603445,0.00038,False
2,19,0.49796751141548157,0.5020325183868408,1.408034324645996,0.7718522372528618,0.7748702981884692,0.0004,False
2,20,0.49773868918418884,0.5022612810134888,1.386317253112793,0.7742152271938952,0.7775856257506112,0.00042,False
2,21,0.49749618768692017,0.5025038123130798,1.3629891872406006,0.7765348595213319,0.7812418626684965,0.00044,False
2,22,0.4972388744354248,0.5027611255645752,1.336834192276001,0.7796349288935138,0.7844019076207871,0.00046,False
2,23,0.49696654081344604,0.503033459186554,1.3131706714630127,0.7832480633599261,0.7888114410170032,0.00048,False
2,24,0.4966787099838257,0.5033213496208191,1.2942758798599243,0.7879812695109263,0.7938488743850813,0.0005,False
2,25,0.49637481570243835,0.503625214099884,1.2729148864746094,0.7943259336339461,0.8003769073786782,0.0005200000000000001,False
2,26,0.49605441093444824,0.503945529460907,1.2599891424179077,0.8020652676610012,0.8070527391841518,0.00054,False
2,27,0.4957171678543091,0.5042828321456909,1.2374128103256226,0.8095444560064747,0.812163430572187,0.0005600000000000001,False
2,28,0.4953627288341522,0.5046373009681702,1.2167987823486328,0.8181364897676033,0.8171366350336375,0.00058,False
2,29,0.4949907660484314,0.5050092339515686,1.198603630065918,0.8282315874667592,0.8241873928017907,0.0006,False
2,30,0.4946011006832123,0.5053989291191101,1.177175521850586,0.8377124523066249,0.8307816765674125,0.00062,False
2,31,0.4941933751106262,0.5058066248893738,1.1565016508102417,0.8477786449300497,0.8371237579335333,0.00064,False
2,32,0.49376726150512695,0.5062326788902283,1.1338529586791992,0.8559154237484103,0.8422588419363466,0.00066,False
2,33,0.4933229386806488,0.5066770315170288,1.1117862462997437,0.8627803792345937,0.8465892346311708,0.00068,False
2,34,0.49286025762557983,0.5071396827697754,1.0887227058410645,0.8682000809342121,0.8495342021847149,0.0007,False
2,35,0.4923801124095917,0.5076198577880859,1.074291706085205,0.8757587582379466,0.8542543326822585,0.0007199999999999999,False
2,36,0.4918822944164276,0.50811767578125,1.0536304712295532,0.8820745172852352,0.8613085845987911,0.00074,False
2,37,0.49136775732040405,0.508632242679596,1.0403972864151,0.8841845878136202,0.8623665799112565,0.00076,False
2,38,0.49083706736564636,0.509162962436676,1.024813175201416,0.8841195513932246,0.8612295736000337,0.0007800000000000001,False
2,39,0.49028968811035156,0.5097103714942932,1.001156210899353,0.88579604578564,0.8631138999161746,0.0008,False
2,40,0.4897271990776062,0.5102728605270386,0.9878710508346558,0.8906810035842294,0.8676743890912528,0.00082,False
2,41,0.48915043473243713,0.5108495354652405,0.9752525687217712,0.8940918025205226,0.8710762744859495,0.00084,False
2,42,0.48855772614479065,0.511442244052887,0.9614983797073364,0.8965704127644815,0.8725680483901529,0.00086,False
2,43,0.4879516065120697,0.5120483636856079,0.9419175386428833,0.8979795352063823,0.8726729650080042,0.00088,False
2,44,0.48733291029930115,0.5126670598983765,0.9309713840484619,0.901701063706787,0.8764890281407571,0.0009000000000000001,False
2,45,0.4867023229598999,0.5132977366447449,0.91370689868927,0.9061596716383397,0.8821223621716391,0.00092,False
2,46,0.4860612750053406,0.5139387249946594,0.9053565263748169,0.9113625852699734,0.8891879356654424,0.00094,False
2,47,0.48540836572647095,0.514591634273529,0.896979808807373,0.9124392993409642,0.8888708403031033,0.00096,False
2,48,0.4847432076931,0.5152568221092224,0.879664421081543,0.9118973291710024,0.8869378913773345,0.00098,False
2,49,0.4840649664402008,0.5159350633621216,0.8773131966590881,0.9162186379928315,0.8932413297898292,0.001,False
2,50,0.4833737909793854,0.5166261792182922,0.86099773645401,0.9199690715689675,0.899839914044572,0.0009990526315789474,False
2,51,0.4826893210411072,0.517310619354248,0.8502541184425354,0.9224332292750607,0.9038817294007342,0.0009981052631578948,False
2,52,0.4820130169391632,0.5179869532585144,0.8393240571022034,0.9251141750491386,0.9086660930222774,0.000997157894736842,False
2,53,0.48134803771972656,0.5186519622802734,0.829876720905304,0.9262848306162561,0.9103199177785544,0.0009962105263157895,False
2,54,0.4806846082210541,0.5193154215812683,0.8193566799163818,0.9267545380968898,0.911170536460456,0.0009952631578947367,False
2,55,0.4800344407558441,0.5199655890464783,0.8139659762382507,0.9293559949127066,0.9153595418389565,0.0009943157894736843,False
2,56,0.4793962240219116,0.5206037759780884,0.8127464652061462,0.9312420511041739,0.9189110523875164,0.0009933684210526315,False
2,57,0.4787658751010895,0.5212341547012329,0.7877451181411743,0.9327812463868657,0.9211129755559604,0.0009924210526315788,False
2,58,0.4781440794467926,0.5218559503555298,0.7877366542816162,0.9343132154006244,0.9229427938210861,0.0009914736842105262,False
2,59,0.4775354266166687,0.5224645733833313,0.7806643843650818,0.9360113885998382,0.9264856974678811,0.0009905263157894736,False
2,60,0.4769379496574402,0.523061990737915,0.7802399396896362,0.9379408024049023,0.9302397396361547,0.000989578947368421,False
2,61,0.47635239362716675,0.5236476063728333,0.7759566903114319,0.9374349635796047,0.9293739767257719,0.0009886315789473684,False
2,62,0.4757782816886902,0.5242217183113098,0.7676249146461487,0.9386417504913863,0.9305528042303469,0.0009876842105263157,False
2,63,0.4752088487148285,0.5247911214828491,0.7613937854766846,0.9405856168343162,0.9332646515121077,0.0009867368421052631,False
2,64,0.47464996576309204,0.525350034236908,0.7506847977638245,0.9410119667013528,0.9335404674729304,0.0009857894736842105,False
2,65,0.47409605979919434,0.5259039402008057,0.748536229133606,0.9417707249392993,0.9337018654612692,0.0009848421052631579,False
2,66,0.4735506474971771,0.5264493227005005,0.736302375793457,0.944552838478437,0.9374443207198797,0.0009838947368421053,False
2,67,0.473013699054718,0.526986300945282,0.7360180616378784,0.9467929818476124,0.940705412387789,0.0009829473684210526,False
2,68,0.47248461842536926,0.5275153517723083,0.7219719886779785,0.9473783096311711,0.9424691610734058,0.000982,False
2,69,0.4719659090042114,0.5280340909957886,0.7298826575279236,0.9477034917331483,0.9440207219244977,0.0009810526315789474,False
2,70,0.47145500779151917,0.5285450220108032,0.728861391544342,0.948043126372991,0.9454950764007475,0.0009801052631578948,False
2,71,0.4709430932998657,0.5290569067001343,0.7167145609855652,0.9467857555786796,0.9449177097667726,0.000979157894736842,False
2,72,0.47043585777282715,0.5295641422271729,0.7127881050109863,0.9459113770378079,0.944316743162178,0.0009782105263157895,False
2,73,0.4699321389198303,0.5300678610801697,0.7084986567497253,0.9467207191582843,0.945750665159288,0.0009772631578947367,False
2,74,0.46942511200904846,0.5305748581886292,0.699466347694397,0.9477396230778125,0.9469588096363357,0.0009763157894736843,False
2,75,0.46892625093460083,0.531073808670044,0.6928713321685791,0.9483972135506995,0.9474399043748958,0.0009753684210526316,False
2,76,0.46843698620796204,0.5315629839897156,0.6953542232513428,0.9486718117701469,0.9477732974516788,0.000974421052631579,False
2,77,0.4679587185382843,0.5320412516593933,0.6951404809951782,0.9487657532662735,0.9482168438056687,0.0009734736842105263,False
2,78,0.4674927294254303,0.5325072407722473,0.6868336200714111,0.9486140016186841,0.9474027990036465,0.0009725263157894737,False
2,79,0.46702852845191956,0.5329714417457581,0.6851857304573059,0.9481515204069834,0.9462299252244805,0.0009715789473684211,False
2,80,0.46656808257102966,0.5334319472312927,0.6846639513969421,0.9484550237021621,0.9468601057001584,0.0009706315789473685,False
2,81,0.4661138951778412,0.5338860750198364,0.6864757537841797,0.9503266273557636,0.9497112858049778,0.0009696842105263158,False
2,82,0.4656579792499542,0.5343419909477234,0.6693618893623352,0.9509047288703897,0.950263200935682,0.0009687368421052631,False
2,83,0.46520206332206726,0.5347979664802551,0.6718749403953552,0.9514177939646202,0.9517279961056734,0.0009677894736842106,False
2,84,0.46476152539253235,0.5352384448051453,0.6766301393508911,0.9495100589663544,0.9502340925717787,0.0009668421052631579,False
2,85,0.46432068943977356,0.535679280757904,0.6600798964500427,0.9488163371488034,0.9496248710625663,0.0009658947368421053,False
2,86,0.46388164162635803,0.5361183285713196,0.6659049391746521,0.9508324661810613,0.9520909916391422,0.0009649473684210526,False
2,87,0.4634574055671692,0.5365425944328308,0.6638579368591309,0.9512082321655684,0.9518595892562929,0.000964,False
2,88,0.46303561329841614,0.5369644165039062,0.6602416038513184,0.9506662619956064,0.9506470194264425,0.0009630526315789474,False
2,89,0.4626157879829407,0.5373842120170593,0.6513364315032959,0.9504422476586889,0.9504306452439978,0.0009621052631578948,False
2,90,0.462205708026886,0.537794291973114,0.6535580158233643,0.9508685975257255,0.9510058020995416,0.0009611578947368422,False
2,91,0.461801677942276,0.5381983518600464,0.6476330757141113,0.9523283038501561,0.9530062840927909,0.0009602105263157895,False
2,92,0.46139946579933167,0.5386005640029907,0.6508203744888306,0.9530364782055728,0.9536040792331345,0.0009592631578947368,False
2,93,0.46099990606307983,0.5390000939369202,0.6482710838317871,0.953448375534744,0.9534002486987768,0.0009583157894736843,False
2,94,0.4605945944786072,0.5394054055213928,0.6446292400360107,0.9531304197016996,0.9524372032301313,0.0009573684210526316,False
2,95,0.4601922929286957,0.5398077368736267,0.6418846845626831,0.9536651636027286,0.9528325801339419,0.0009564210526315789,False
2,96,0.4597882926464081,0.5402116775512695,0.635699987411499,0.9549008555902417,0.954147374205199,0.0009554736842105263,False
2,97,0.4593927264213562,0.5406072735786438,0.6453347206115723,0.9558980807029714,0.9556899831619482,0.0009545263157894737,False
2,98,0.4590055048465729,0.5409944653511047,0.6334102749824524,0.956945889698231,0.9572373981456175,0.0009535789473684211,False
2,99,0.4586244523525238,0.5413755774497986,0.6372196674346924,0.9567580067059777,0.9571941292665281,0.0009526315789473685,False
2,100,0.45824766159057617,0.5417523384094238,0.627202033996582,0.9553488842640767,0.9556196638377544,0.0009516842105263158,False
2,101,0.4578792452812195,0.5421208143234253,0.637931227684021,0.9559920221990982,0.955876545947794,0.0009507368421052631,False
2,102,0.45751237869262695,0.5424875617027283,0.6273422837257385,0.9570181523875594,0.9569076693455727,0.0009497894736842106,False
2,103,0.4571491777896881,0.5428507924079895,0.6221930980682373,0.9574372759856632,0.9578014792511454,0.0009488421052631579,False
2,104,0.45678776502609253,0.5432122349739075,0.6243953704833984,0.9564689559486645,0.9574648770948944,0.0009478947368421054,False
2,105,0.4564296305179596,0.5435703992843628,0.6150319576263428,0.9558258180136432,0.9570213801177294,0.0009469473684210526,False
2,106,0.4560745656490326,0.543925404548645,0.6207043528556824,0.9558185917447103,0.957236609211835,0.000946,False
2,107,0.45571932196617126,0.5442806482315063,0.6163002252578735,0.9554789571048677,0.9571060740756476,0.0009450526315789474,False
2,108,0.4553665816783905,0.5446334481239319,0.6130082607269287,0.9541710024280263,0.9564314033896536,0.0009441052631578948,False
2,109,0.45501798391342163,0.5449820160865784,0.6153289675712585,0.9536579373337958,0.956405052782861,0.0009431578947368421,False
2,110,0.4546720087528229,0.5453279614448547,0.6127102971076965,0.9533399815007515,0.956634499828606,0.0009422105263157895,False
2,111,0.4543246328830719,0.5456753373146057,0.5998561382293701,0.9533833391143484,0.9568034161202033,0.0009412631578947369,False
2,112,0.45398515462875366,0.5460148453712463,0.596660315990448,0.9529858943230431,0.9563915987281574,0.0009403157894736842,False
2,113,0.4536457359790802,0.5463542342185974,0.5957961082458496,0.9533110764250201,0.9562227761531814,0.0009393684210526317,False
2,114,0.45330384373664856,0.546696126461029,0.6006728410720825,0.9534411492658112,0.9561156247366815,0.0009384210526315789,False
2,115,0.4529532492160797,0.5470467805862427,0.5894427299499512,0.9538891779396462,0.9565854055799128,0.0009374736842105263,False
2,116,0.45260727405548096,0.5473927855491638,0.5895290970802307,0.953773557636721,0.9563656279270949,0.0009365263157894737,False
2,117,0.45226550102233887,0.5477344393730164,0.5937078595161438,0.9540698346629668,0.9564968867005159,0.0009355789473684211,False
2,118,0.45192861557006836,0.5480714440345764,0.5901279449462891,0.9535784483755348,0.9558390891268365,0.0009346315789473685,False
2,119,0.45159628987312317,0.5484037399291992,0.588241457939148,0.952863047751185,0.9548319113441243,0.0009336842105263158,False
2,120,0.4512668550014496,0.5487331748008728,0.5922791957855225,0.9529786680541104,0.9545667575137352,0.0009327368421052631,False
2,121,0.4509395360946655,0.5490604639053345,0.589022159576416,0.9532893976182217,0.9546264406329648,0.0009317894736842106,False
2,122,0.45061713457107544,0.5493828654289246,0.5819766521453857,0.9551971326164874,0.9562922506401152,0.0009308421052631579,False
2,123,0.45029547810554504,0.5497045516967773,0.5799195766448975,0.9568808532778356,0.9576549557750734,0.0009298947368421054,False
2,124,0.4499721825122833,0.5500278472900391,0.5756439566612244,0.9572421667244768,0.9584119846193504,0.0009289473684210526,False
2,125,0.4496515989303589,0.5503484606742859,0.5797972679138184,0.9572132616487455,0.9588230963601042,0.000928,False
2,126,0.4493315815925598,0.5506684184074402,0.5785444974899292,0.9574734073303272,0.9597040109010124,0.0009270526315789474,False
2,127,0.44901588559150696,0.5509840846061707,0.5794082283973694,0.9572132616487455,0.9596963029143443,0.0009261052631578948,False
2,128,0.44870489835739136,0.5512951016426086,0.5734841823577881,0.957523991212857,0.96008301232474,0.0009251578947368421,False
2,129,0.44840511679649353,0.5515949130058289,0.5780061483383179,0.9581815816857441,0.9605815882594683,0.0009242105263157894,False
2,130,0.44810447096824646,0.5518955588340759,0.5733152031898499,0.9583333333333333,0.9609709576424104,0.0009232631578947369,False
2,131,0.4477930963039398,0.5522068738937378,0.5796048641204834,0.9575456700196555,0.9602322844640913,0.0009223157894736842,False
2,132,0.4474843442440033,0.5525156259536743,0.5711034536361694,0.9565195398311942,0.9597186796244421,0.0009213684210526317,False
2,133,0.44718483090400696,0.5528151392936707,0.5659970641136169,0.9560931899641577,0.959252053620764,0.0009204210526315789,False
2,134,0.4468911290168762,0.5531088709831238,0.5646869540214539,0.9551104173892936,0.9580003345814544,0.0009194736842105263,False
2,135,0.44660064578056335,0.553399384021759,0.5610270500183105,0.9546262573707943,0.9576224303440077,0.0009185263157894737,False
2,136,0.4463069438934326,0.5536930561065674,0.559914231300354,0.9543588854202799,0.9569741919030975,0.0009175789473684211,False
2,137,0.4460141062736511,0.5539858937263489,0.565258264541626,0.9543588854202797,0.9566207998880214,0.0009166315789473685,False
2,138,0.4457257390022278,0.5542742609977722,0.5609054565429688,0.9549803445485028,0.957639581164489,0.0009156842105263158,False
2,139,0.4454382359981537,0.5545617341995239,0.5563135743141174,0.9555223147184645,0.9582801638021999,0.0009147368421052632,False
2,140,0.44515421986579895,0.5548458099365234,0.558164656162262,0.9557607815932478,0.9582279488361543,0.0009137894736842106,False
2,141,0.44487622380256653,0.5551237463951111,0.5556107759475708,0.9570326049254249,0.9591899711502525,0.000912842105263158,False
2,142,0.4446006119251251,0.5553994178771973,0.5629317760467529,0.9574155971788647,0.9600184533363884,0.0009118947368421052,False
2,143,0.44432780146598816,0.5556722283363342,0.5511536002159119,0.9578491733148341,0.9605990042245064,0.0009109473684210526,False
2,144,0.444059818983078,0.5559401512145996,0.5516871213912964,0.9584995375187882,0.9614086351024568,0.00091,False
2,145,0.4437929093837738,0.5562070608139038,0.5567939877510071,0.9584417273673258,0.9614604887375071,0.0009090526315789474,False
2,146,0.44352829456329346,0.5564717650413513,0.5537425875663757,0.9573505607584691,0.960645960252688,0.0009081052631578948,False
2,147,0.44326111674308777,0.5567388534545898,0.5500454902648926,0.9568880795467685,0.9601928491169626,0.0009071578947368421,False
2,148,0.44299420714378357,0.5570058226585388,0.5580279231071472,0.9564039195282692,0.9595649026059616,0.0009062105263157894,False
2,149,0.4427354037761688,0.5572645664215088,0.5570377111434937,0.9566785177477164,0.9594443909664991,0.0009052631578947369,False
2,150,0.4424732029438019,0.5575267672538757,0.5459585785865784,0.9566279338651866,0.9594769877760928,0.0009043157894736842,False
2,151,0.4422081410884857,0.5577918291091919,0.5526663064956665,0.9565628974447913,0.9589812043562456,0.0009033684210526317,False
2,152,0.4419393241405487,0.5580607056617737,0.5466198921203613,0.9566712914787836,0.9592849859513607,0.0009024210526315789,False
2,153,0.44167113304138184,0.5583288073539734,0.5509290099143982,0.95686640073997,0.9594241297472379,0.0009014736842105264,False
2,154,0.44140398502349854,0.5585960149765015,0.5376783013343811,0.9564978610243958,0.9596085951435617,0.0009005263157894737,False
2,155,0.44113513827323914,0.5588648319244385,0.5449073910713196,0.9560209272748295,0.9593564600992626,0.0008995789473684212,False
2,156,0.44086647033691406,0.5591335296630859,0.5413719415664673,0.9551899063475545,0.9589343200527956,0.0008986315789473684,False
2,157,0.44061100482940674,0.5593889951705933,0.5382797122001648,0.9543588854202798,0.958342394695399,0.0008976842105263158,False
2,158,0.4403492510318756,0.559650719165802,0.5361013412475586,0.9545828997571972,0.9590358232535814,0.0008967368421052632,False
2,159,0.44008541107177734,0.5599145889282227,0.5416578054428101,0.9548574979766447,0.9597132308862293,0.0008957894736842105,False
2,160,0.4398294687271118,0.5601705312728882,0.5395633578300476,0.9554717308359347,0.9600668320395106,0.000894842105263158,False
2,161,0.4395754337310791,0.5604245066642761,0.543912410736084,0.956823043126373,0.9602346196181066,0.0008938947368421052,False
2,162,0.439322292804718,0.5606776475906372,0.5329864025115967,0.9575528962885883,0.959984032045898,0.0008929473684210526,False
2,163,0.43907445669174194,0.5609255433082581,0.5355095267295837,0.9579647936177593,0.9589641321141454,0.000892,False
2,164,0.43883419036865234,0.5611658096313477,0.5338927507400513,0.9585501214013181,0.9586993376306855,0.0008910526315789474,False
2,165,0.4385940730571747,0.5614058971405029,0.5347038507461548,0.957979246155625,0.9581694078919895,0.0008901052631578948,False
2,166,0.438350111246109,0.5616499185562134,0.5361707806587219,0.9580948664585502,0.9594439073459744,0.0008891578947368421,False
2,167,0.43810707330703735,0.5618928670883179,0.5343818664550781,0.9584489536362585,0.9601839855345534,0.0008882105263157895,False
2,168,0.43786701560020447,0.5621329545974731,0.5277829170227051,0.959084865302347,0.9610959530178526,0.0008872631578947369,False
2,169,0.43762779235839844,0.5623722076416016,0.525978684425354,0.9597280032373684,0.9620062485267827,0.0008863157894736843,False
2,170,0.43738749623298645,0.5626124739646912,0.5360371470451355,0.9592582957567349,0.9619691928520943,0.0008853684210526317,False
2,171,0.4371511936187744,0.5628488063812256,0.5319477319717407,0.9584778587119898,0.961616362321754,0.0008844210526315789,False
2,172,0.43692517280578613,0.5630748271942139,0.5265192985534668,0.9572999768759394,0.9602626450427066,0.0008834736842105263,False
2,173,0.43670549988746643,0.5632944703102112,0.5259227752685547,0.9559847959301654,0.9590039394111932,0.0008825263157894737,False
2,174,0.43648672103881836,0.5635132193565369,0.5270122289657593,0.9548358191698463,0.9580315677356834,0.0008815789473684211,False
2,175,0.4362698197364807,0.5637301802635193,0.5289919376373291,0.9545034107989362,0.9578217556566804,0.0008806315789473684,False
2,176,0.4360473155975342,0.5639526844024658,0.5202243328094482,0.9546696149843913,0.9579079365341989,0.0008796842105263157,False
2,177,0.4358292520046234,0.5641707181930542,0.5216124653816223,0.9553272054572782,0.9584911780551455,0.0008787368421052632,False
2,178,0.4356115162372589,0.5643884539604187,0.5188288688659668,0.9558258180136432,0.9590225822785744,0.0008777894736842106,False
2,179,0.435393363237381,0.5646066069602966,0.5186851024627686,0.9564328246040005,0.9594831742715749,0.000876842105263158,False
2,180,0.4351697862148285,0.5648301839828491,0.5159441232681274,0.9574553416579952,0.9601222669026754,0.0008758947368421052,False
2,181,0.4349483549594879,0.5650516152381897,0.51737380027771,0.9580009249624235,0.9607570820273886,0.0008749473684210527,False
2,182,0.4347284436225891,0.5652715563774109,0.5197409391403198,0.9582972019886692,0.9609902586775945,0.000874,False
2,183,0.43451032042503357,0.5654897093772888,0.5137426853179932,0.9585862527459822,0.9613653633429023,0.0008730526315789475,False
2,184,0.4342881143093109,0.5657119154930115,0.5103750228881836,0.95909209157128,0.9622601421429491,0.0008721052631578948,False
2,185,0.4340702295303345,0.5659297704696655,0.5224514603614807,0.9591137703780784,0.9625000991953867,0.0008711578947368421,False
2,186,0.43385064601898193,0.5661493539810181,0.5058108568191528,0.9593233321771303,0.9629874812221294,0.0008702105263157895,False
2,187,0.4336302578449249,0.5663697123527527,0.5160070061683655,0.9594244999421898,0.963189953911888,0.0008692631578947369,False
2,188,0.4334109127521515,0.5665890574455261,0.5069043636322021,0.9594750838247198,0.9627958218093381,0.0008683157894736843,False
2,189,0.43319669365882874,0.5668033361434937,0.5121563673019409,0.9593450109839288,0.9625308572155257,0.0008673684210526315,False
2,190,0.432974636554718,0.567025363445282,0.514977216720581,0.959417273673257,0.9626968215720103,0.0008664210526315789,False
2,191,0.4327528476715088,0.5672471523284912,0.5179834961891174,0.9596990981616372,0.9622868148025464,0.0008654736842105263,False
2,192,0.432535856962204,0.5674641728401184,0.5106552243232727,0.9595690253208462,0.961689856197381,0.0008645263157894738,False
2,193,0.432318776845932,0.5676811933517456,0.5061407685279846,0.959576251589779,0.9619122636571408,0.0008635789473684211,False
2,194,0.4320976436138153,0.5679023265838623,0.5107747912406921,0.9588680772343623,0.9621071192822006,0.0008626315789473684,False
2,195,0.4318794310092926,0.568120539188385,0.503664493560791,0.957856399583767,0.9615808401089136,0.0008616842105263158,False
2,196,0.43166542053222656,0.5683345794677734,0.516793966293335,0.9570615100011562,0.9608511933986779,0.0008607368421052632,False
2,197,0.43145501613616943,0.5685449838638306,0.5024018883705139,0.9561726789224189,0.9592660761276153,0.0008597894736842106,False
2,198,0.4312472343444824,0.5687527656555176,0.5070235729217529,0.9558908544340385,0.9581743861425145,0.000858842105263158,False
2,199,0.4310373067855835,0.5689626932144165,0.49900728464126587,0.9557391027864494,0.9577275737036124,0.0008578947368421052,False
2,200,0.43081945180892944,0.5691805481910706,0.5032132267951965,0.9562810729564112,0.9583746788948262,0.0008569473684210527,False
2,201,0.4306076169013977,0.5693924427032471,0.5143095254898071,0.9559125332408371,0.9585888616905796,0.000856,False
2,202,0.43039992451667786,0.5696001052856445,0.5057147145271301,0.9564689559486645,0.959759308301239,0.0008550526315789474,False
2,203,0.43020012974739075,0.5697999000549316,0.5031836032867432,0.9562232628049485,0.9602788032842547,0.0008541052631578947,False
2,204,0.43000492453575134,0.569995105266571,0.4935247302055359,0.9566496126719851,0.9609000551141628,0.000853157894736842,False
2,205,0.4298163950443268,0.5701836347579956,0.5041490197181702,0.9568374956642387,0.9609207556568451,0.0008522105263157895,False
2,206,0.4296254813671112,0.5703744888305664,0.5019363760948181,0.9564039195282692,0.960190683744364,0.0008512631578947369,False
2,207,0.4294326603412628,0.5705673694610596,0.4972178339958191,0.9556090299456583,0.9588672389532078,0.0008503157894736843,False
2,208,0.4292377829551697,0.5707622170448303,0.4970446527004242,0.9546985200601226,0.9572119002757182,0.0008493684210526315,False
2,209,0.4290451109409332,0.5709548592567444,0.4987980127334595,0.955218811423286,0.9569678851047985,0.000848421052631579,False
2,210,0.4288483262062073,0.5711516737937927,0.498534619808197,0.9559847959301653,0.9576944316297141,0.0008474736842105263,False
2,211,0.4286499321460724,0.57135009765625,0.4897751808166504,0.9559269857787028,0.9576511116445561,0.0008465263157894738,False
2,212,0.4284469485282898,0.5715529918670654,0.4922315776348114,0.9562955254942767,0.9583532809452118,0.0008455789473684211,False
2,213,0.4282447099685669,0.5717552900314331,0.48577889800071716,0.9576034801711181,0.9595925363986543,0.0008446315789473684,False
2,214,0.4280344545841217,0.5719655752182007,0.4936363697052002,0.9585212163255866,0.9603655183836955,0.0008436842105263158,False
2,215,0.42782583832740784,0.5721741914749146,0.4917162358760834,0.9589258873858251,0.9605906425488743,0.0008427368421052632,False
2,216,0.42761650681495667,0.5723835229873657,0.49325644969940186,0.959294427101399,0.9615206584282785,0.0008417894736842106,False
2,217,0.4274085462093353,0.5725914835929871,0.4956643581390381,0.9599375650364204,0.9630777456126929,0.000840842105263158,False
2,218,0.42719945311546326,0.5728005766868591,0.48859626054763794,0.95970632443057,0.9633339047895216,0.0008398947368421052,False
2,219,0.4269944429397583,0.5730055570602417,0.4935276508331299,0.95909209157128,0.9629786895284789,0.0008389473684210526,False
2,220,0.4267967939376831,0.5732032060623169,0.4962950348854065,0.9581526766100127,0.9622011077495959,0.0008380000000000001,False
2,221,0.42660972476005554,0.5733903050422668,0.4889696538448334,0.9561726789224188,0.9605382915131327,0.0008370526315789474,False
2,222,0.42642220854759216,0.5735778212547302,0.4866093695163727,0.9548574979766447,0.9592093150185096,0.0008361052631578947,False
2,223,0.4262396991252899,0.5737603306770325,0.49473053216934204,0.9543372066134814,0.958674247841297,0.0008351578947368421,False
2,224,0.42605769634246826,0.5739423036575317,0.486721396446228,0.9549875708174356,0.95939537507669,0.0008342105263157895,False
2,225,0.4258759319782257,0.5741240382194519,0.48693233728408813,0.955218811423286,0.9598435978366406,0.0008332631578947369,False
2,226,0.42570170760154724,0.5742983222007751,0.4931352436542511,0.9556812926349868,0.9602978127106732,0.0008323157894736843,False
2,227,0.4255262315273285,0.5744737982749939,0.4823050796985626,0.9560064747369637,0.9605492638376475,0.0008313684210526315,False
2,228,0.4253422021865845,0.5746577978134155,0.4881918132305145,0.9568085905885074,0.9610016805534113,0.000830421052631579,False
2,229,0.4251524806022644,0.5748475193977356,0.4934583306312561,0.9574155971788646,0.961420001376534,0.0008294736842105263,False
2,230,0.4249725341796875,0.5750274658203125,0.4903481602668762,0.9580009249624234,0.9617321595764848,0.0008285263157894738,False
2,231,0.424805611371994,0.5751944184303284,0.48763757944107056,0.9584850849809227,0.9612884249158594,0.000827578947368421,False
2,232,0.4246493875980377,0.5753505825996399,0.48262840509414673,0.9588897560411608,0.9613087991931649,0.0008266315789473684,False
2,233,0.4244944155216217,0.5755056142807007,0.49041983485221863,0.9581671291478784,0.9603946399211845,0.0008256842105263158,False
2,234,0.42433667182922363,0.5756632685661316,0.4817861318588257,0.9574228234477975,0.9599106833080127,0.0008247368421052632,False
2,235,0.4241645336151123,0.5758354067802429,0.4840806722640991,0.957068736270089,0.9600743456421895,0.0008237894736842106,False
2,236,0.42399862408638,0.5760014057159424,0.47548043727874756,0.9574589547924616,0.9612142609038098,0.0008228421052631578,False
2,237,0.4238327741622925,0.5761672258377075,0.4849500060081482,0.9579214360041624,0.9619536738257495,0.0008218947368421053,False
2,238,0.423664927482605,0.576335072517395,0.4772091209888458,0.9584200485605271,0.9622685865732458,0.0008209473684210526,False
2,239,0.4234927296638489,0.5765072703361511,0.4759288728237152,0.9581093189964158,0.9624329275773006,0.0008200000000000001,False
2,240,0.42331263422966003,0.5766873955726624,0.4783118665218353,0.9581888079546769,0.963168915420396,0.0008190526315789474,False
2,241,0.42313021421432495,0.5768698453903198,0.4823670983314514,0.9581526766100128,0.963466891005972,0.0008181052631578947,False
2,242,0.4229523837566376,0.57704758644104,0.47456449270248413,0.9578925309284311,0.963366383808821,0.0008171578947368421,False
2,243,0.4227776527404785,0.5772224068641663,0.48316073417663574,0.9574083709099318,0.9628935889865412,0.0008162105263157895,False
2,244,0.4226002097129822,0.5773998498916626,0.4750165045261383,0.9570181523875593,0.9621768767060646,0.0008152631578947369,False
2,245,0.42242011427879333,0.577579915523529,0.47410547733306885,0.9564761822175973,0.961248746780256,0.0008143157894736843,False
2,246,0.4222422242164612,0.5777577757835388,0.47267934679985046,0.9567218753613135,0.9609946842398024,0.0008133684210526315,False
2,247,0.4220685064792633,0.5779315233230591,0.47854340076446533,0.9565845762515898,0.9609747472246531,0.000812421052631579,False
2,248,0.4219004213809967,0.5780996084213257,0.47387614846229553,0.9562666204185455,0.9606382292226857,0.0008114736842105264,False
2,249,0.4217311441898346,0.578268826007843,0.46923789381980896,0.955421146953405,0.9597507563542701,0.0008105263157894737,False
2,250,0.42156174778938293,0.5784382820129395,0.4760083258152008,0.955009249624234,0.9595477331618857,0.000809578947368421,False
2,251,0.4213997721672058,0.5786001682281494,0.4733133912086487,0.9546768412533241,0.9594688891882907,0.0008086315789473684,False
2,252,0.4212387204170227,0.5787612795829773,0.4755023121833801,0.9549731182795698,0.9600569142098129,0.0008076842105263158,False
2,253,0.42107653617858887,0.5789234638214111,0.4704817831516266,0.9551610012718234,0.960402124617658,0.0008067368421052632,False
2,254,0.42091232538223267,0.5790876746177673,0.4646199643611908,0.9550020233553013,0.9605665290019445,0.0008057894736842106,False
2,255,0.4207492470741272,0.5792507529258728,0.4807750880718231,0.9560353798126953,0.961641718861088,0.0008048421052631578,False
2,256,0.42058810591697693,0.5794118642807007,0.4768240451812744,0.957357787027402,0.9626053694367808,0.0008038947368421053,False
2,257,0.42042452096939087,0.5795755386352539,0.4733750820159912,0.9574589547924616,0.9626031470616992,0.0008029473684210526,False
2,258,0.42026278376579285,0.5797371864318848,0.47259050607681274,0.9569169846224997,0.9622233333761523,0.0008020000000000001,False
2,259,0.42010390758514404,0.5798961520195007,0.47398632764816284,0.9558547230893746,0.9615209866428351,0.0008010526315789474,False
2,260,0.41994810104370117,0.5800518989562988,0.46727579832077026,0.9554283732223379,0.9607289089534081,0.0008001052631578947,False
2,261,0.41980239748954773,0.5801975727081299,0.47227466106414795,0.9558836281651057,0.9606691442983202,0.0007991578947368421,False
2,262,0.4196581542491913,0.5803418159484863,0.46839094161987305,0.956989247311828,0.9607814096820839,0.0007982105263157896,False
2,263,0.4195052683353424,0.5804947018623352,0.4737323224544525,0.958261070644005,0.9613299904240692,0.0007972631578947369,False
2,264,0.4193536937236786,0.5806463360786438,0.4704076051712036,0.9584489536362586,0.9614591048422777,0.0007963157894736843,False
2,265,0.4191979765892029,0.5808020234107971,0.46818089485168457,0.9583766909469303,0.9610411509557537,0.0007953684210526316,False
2,266,0.4190501868724823,0.5809498429298401,0.4718085527420044,0.9578274945080357,0.9604457096002148,0.0007944210526315789,False
2,267,0.41890570521354675,0.5810943245887756,0.46701541543006897,0.9578274945080356,0.9601130388617273,0.0007934736842105264,False
2,268,0.41875505447387695,0.581244945526123,0.47053828835487366,0.9570470574632906,0.9592773662310434,0.0007925263157894737,False
2,269,0.41860368847846985,0.5813962817192078,0.4627302885055542,0.9559053069719043,0.9581664566089503,0.000791578947368421,False
2,270,0.41844993829727173,0.5815500617027283,0.46616625785827637,0.9546912937911897,0.95689202158447,0.0007906315789473684,False
2,271,0.41829970479011536,0.5817002654075623,0.46807971596717834,0.9550598335067638,0.9570652105597803,0.0007896842105263158,False
2,272,0.4181521534919739,0.5818477869033813,0.4607577323913574,0.95558735113886,0.9575685597029354,0.0007887368421052632,False
2,273,0.4180034399032593,0.581996500492096,0.45776689052581787,0.9557607815932478,0.9581778583415638,0.0007877894736842106,False
2,274,0.41785570979118347,0.5821443200111389,0.46053290367126465,0.9555512197941958,0.9585908231635731,0.0007868421052631579,False
2,275,0.4177069067955017,0.5822930932044983,0.46203625202178955,0.9555367672563302,0.9588377962515141,0.0007858947368421053,False
2,276,0.41755416989326477,0.5824458599090576,0.4576165974140167,0.9556379350213898,0.9591572181600094,0.0007849473684210527,False
2,277,0.41740497946739197,0.5825950503349304,0.47020620107650757,0.9562593941496127,0.9595872755696644,0.0007840000000000001,False
2,278,0.4172549247741699,0.5827450752258301,0.4569151997566223,0.9564617296797318,0.9595439728021136,0.0007830526315789474,False
2,279,0.41710564494132996,0.5828943252563477,0.4613208770751953,0.9567218753613136,0.959472551488253,0.0007821052631578947,False
2,280,0.41695502400398254,0.5830449461936951,0.4595497250556946,0.9563822407214706,0.9590614103069623,0.0007811578947368421,False
2,281,0.416805624961853,0.583194375038147,0.46486833691596985,0.9564039195282691,0.958814817095584,0.0007802105263157895,False
2,282,0.4166543483734131,0.5833457112312317,0.4536937475204468,0.9564183720661349,0.9585503363363748,0.0007792631578947369,False
2,283,0.41650286316871643,0.5834971070289612,0.45869550108909607,0.9568736270089028,0.9584629793998601,0.0007783157894736841,False
2,284,0.416345477104187,0.5836544632911682,0.4536810517311096,0.9569820210428952,0.9582072975123431,0.0007773684210526316,False
2,285,0.41618627309799194,0.5838137269020081,0.45338600873947144,0.956613481327321,0.9577553533220039,0.0007764210526315789,False
2,286,0.41602593660354614,0.5839740633964539,0.4483083188533783,0.9563894669904035,0.9578922029817288,0.0007754736842105264,False
2,287,0.41587403416633606,0.5841259956359863,0.45726197957992554,0.9563533356457394,0.9580978865000869,0.0007745263157894737,False
2,288,0.41572579741477966,0.584274172782898,0.45715001225471497,0.9556668400971211,0.9578109596126234,0.000773578947368421,False
2,289,0.4155829846858978,0.5844170451164246,0.45821183919906616,0.9551754538096889,0.957836345695634,0.0007726315789473684,False
2,290,0.4154442250728607,0.5845557451248169,0.45414072275161743,0.9544166955717424,0.9573617951196665,0.0007716842105263159,False
2,291,0.41530802845954895,0.5846919417381287,0.45321124792099,0.9542360388484218,0.957006998427335,0.0007707368421052632,False
2,292,0.4151686131954193,0.5848314166069031,0.45421284437179565,0.9543588854202798,0.9569495100386953,0.0007697894736842106,False
2,293,0.4150242805480957,0.5849757194519043,0.4554142951965332,0.9548574979766447,0.9572897116315977,0.0007688421052631579,False
2,294,0.4148806035518646,0.5851194262504578,0.44662436842918396,0.955218811423286,0.9571373729044105,0.0007678947368421053,False
2,295,0.414736270904541,0.585263729095459,0.45156389474868774,0.9558258180136433,0.9577591694773138,0.0007669473684210527,False
2,296,0.4145931303501129,0.5854068994522095,0.4592297673225403,0.9565556711758586,0.9584584981917277,0.000766,False
2,297,0.4144512414932251,0.5855487585067749,0.4540262520313263,0.9573288819516708,0.9593272679590419,0.0007650526315789474,False
2,298,0.4143063724040985,0.5856935977935791,0.4479994475841522,0.9580515088449532,0.9603915242461154,0.0007641052631578947,False
2,299,0.41415825486183167,0.585841715335846,0.4486548602581024,0.9584489536362586,0.9607128278766055,0.0007631578947368422,False
2,300,0.41400599479675293,0.5859940052032471,0.44616931676864624,0.9582755231818708,0.9607377798714104,0.0007622105263157895,False
2,301,0.4138537049293518,0.5861462950706482,0.45105791091918945,0.9582466181061395,0.9609528308459729,0.0007612631578947369,False
2,302,0.4136998951435089,0.5863000750541687,0.4486326575279236,0.9580370563070875,0.9610210897670506,0.0007603157894736841,False
2,303,0.41354498267173767,0.5864550471305847,0.4458215832710266,0.9581309978032142,0.9613559223100749,0.0007593684210526316,False
2,304,0.4133899211883545,0.5866100788116455,0.44928860664367676,0.9584128222915944,0.9614590410788767,0.000758421052631579,False
2,305,0.41324061155319214,0.5867593884468079,0.4468793570995331,0.9581960342236097,0.9606012188199083,0.0007574736842105264,False
2,306,0.41309547424316406,0.5869045257568359,0.45079296827316284,0.9583261070644005,0.9606059426124184,0.0007565263157894737,False
2,307,0.41295549273490906,0.5870445370674133,0.44895097613334656,0.9581671291478784,0.9607033885864987,0.0007555789473684211,False
2,308,0.41281384229660034,0.5871861577033997,0.4490319490432739,0.9584272748294601,0.9615443615870797,0.0007546315789473684,False
2,309,0.4126705229282379,0.5873295068740845,0.44045257568359375,0.9590993178402127,0.9622353579630388,0.0007536842105263158,False
2,310,0.41252395510673523,0.5874760150909424,0.441409707069397,0.9593522372528617,0.961942868043429,0.0007527368421052632,False
2,311,0.41238516569137573,0.5876148343086243,0.4481998085975647,0.9592727482946007,0.9614393736315252,0.0007517894736842104,False
2,312,0.4122559726238251,0.5877439975738525,0.4438733458518982,0.959048733957683,0.9604222336653606,0.0007508421052631579,False
2,313,0.41213366389274597,0.5878663063049316,0.4498356878757477,0.9590126026130189,0.9603369526815932,0.0007498947368421053,False
2,314,0.4120182991027832,0.5879817008972168,0.4461729824542999,0.9585212163255867,0.9600467605337345,0.0007489473684210527,False
2,315,0.41190457344055176,0.5880954265594482,0.4427078068256378,0.9581671291478784,0.9603951911441315,0.000748,False
2,316,0.41179874539375305,0.5882012248039246,0.4530373215675354,0.957155451497283,0.9603866379760517,0.0007470526315789473,False
2,317,0.41169473528862,0.5883052349090576,0.44480326771736145,0.9564328246040006,0.9601540649768412,0.0007461052631578947,False
2,318,0.4115894138813019,0.5884106159210205,0.4449705481529236,0.9566423864030524,0.9606981343180975,0.0007451578947368422,False
2,319,0.4114779531955719,0.5885220766067505,0.44454869627952576,0.9570976413458203,0.9612925372162135,0.0007442105263157895,False
2,320,0.4113691747188568,0.5886307954788208,0.4477706551551819,0.9571120938836859,0.9612316244002466,0.0007432631578947369,False
2,321,0.41126003861427307,0.5887399315834045,0.44735679030418396,0.9577841368944388,0.9613133889537359,0.0007423157894736842,False
2,322,0.4111505150794983,0.5888494849205017,0.4475986659526825,0.9582393918372066,0.9612050992908248,0.0007413684210526316,False
2,323,0.4110414385795593,0.5889585614204407,0.4432653784751892,0.9582321655682737,0.960334275902661,0.000740421052631579,False
2,324,0.41093724966049194,0.5890627503395081,0.4434453248977661,0.9581599028789456,0.9601736386242925,0.0007394736842105264,False
2,325,0.4108341932296753,0.5891658663749695,0.44973087310791016,0.957733553011909,0.95960441491544,0.0007385263157894737,False
2,326,0.41072842478752136,0.589271605014801,0.45043858885765076,0.9572421667244767,0.9596033899212869,0.000737578947368421,False
2,327,0.4106203615665436,0.5893796682357788,0.44017618894577026,0.9566857440166493,0.9597009016020142,0.0007366315789473685,False
2,328,0.41051405668258667,0.5894859433174133,0.44415247440338135,0.956743554168112,0.9600623577303888,0.0007356842105263158,False
2,329,0.4104054868221283,0.5895944833755493,0.44097471237182617,0.957234940455544,0.9604185663380445,0.0007347368421052632,False
2,330,0.4102972745895386,0.5897026658058167,0.4361482560634613,0.9574589547924615,0.9606562225086008,0.0007337894736842104,False
2,331,0.41019025444984436,0.5898097157478333,0.4431857466697693,0.9573722395652677,0.9608423955823235,0.0007328421052631579,False
2,332,0.41008317470550537,0.5899168252944946,0.4415864646434784,0.9569820210428952,0.960650142839757,0.0007318947368421053,False
2,333,0.4099714756011963,0.5900285243988037,0.43847134709358215,0.9569169846224997,0.9607503885390887,0.0007309473684210527,False
2,334,0.40986010432243347,0.5901399254798889,0.4397500157356262,0.9569820210428952,0.961100700248874,0.00073,False
2,335,0.40975281596183777,0.5902471542358398,0.44287851452827454,0.9575023124060585,0.9615298993419744,0.0007290526315789475,False
2,336,0.4096468389034271,0.5903531908988953,0.4409470856189728,0.9579864724245577,0.9615838797844245,0.0007281052631578948,False
2,337,0.4095361530780792,0.5904638767242432,0.44472697377204895,0.9581599028789456,0.961634208315038,0.0007271578947368422,False
2,338,0.40942469239234924,0.5905752778053284,0.4422979950904846,0.9582755231818707,0.9615493593604572,0.0007262105263157895,False
2,339,0.40931233763694763,0.59068763256073,0.43717339634895325,0.9583333333333335,0.9617664820113799,0.0007252631578947369,False
2,340,0.40920066833496094,0.5907993316650391,0.43705734610557556,0.9582393918372066,0.9617932223476016,0.0007243157894736842,False
2,341,0.40909960865974426,0.5909003615379333,0.45023292303085327,0.9584561799051913,0.9619209339451129,0.0007233684210526316,False
2,342,0.4089965522289276,0.59100341796875,0.4486311972141266,0.9583550121401319,0.9619221831109832,0.000722421052631579,False
2,343,0.4088871479034424,0.5911128520965576,0.44166308641433716,0.9577696843565731,0.961791166400602,0.0007214736842105263,False
2,344,0.4087795317173004,0.5912204384803772,0.4424653947353363,0.9571337726904845,0.9616504371342145,0.0007205263157894737,False
2,345,0.40867093205451965,0.591329038143158,0.4358943700790405,0.9568447219331715,0.961293968535661,0.000719578947368421,False
2,346,0.4085604250431061,0.5914395451545715,0.43547528982162476,0.956577349982657,0.9609004944380878,0.0007186315789473685,False
2,347,0.4084499776363373,0.5915499925613403,0.4363771378993988,0.9565990287894555,0.9603496297788413,0.0007176842105263158,False
2,348,0.40833935141563416,0.5916606187820435,0.4391438961029053,0.9565701237137242,0.9598709910501959,0.0007167368421052632,False
2,349,0.40823137760162354,0.5917686223983765,0.4327763319015503,0.9568953058157013,0.9600782438895175,0.0007157894736842105,False
2,350,0.40812310576438904,0.5918768644332886,0.4330075979232788,0.9572566192623425,0.9599908838866602,0.000714842105263158,False
2,351,0.4080098271369934,0.5919901728630066,0.43492668867111206,0.9579069834662967,0.9602826795709541,0.0007138947368421053,False
2,352,0.40789684653282166,0.5921031832695007,0.4305652976036072,0.9585790264770493,0.9607222370278878,0.0007129473684210527,False
2,353,0.40778037905693054,0.5922195911407471,0.43665429949760437,0.9584128222915943,0.9605690365127587,0.000712,False
2,354,0.4076709747314453,0.5923289656639099,0.43733400106430054,0.958261070644005,0.9601040281489228,0.0007110526315789474,False
2,355,0.4075602889060974,0.5924397706985474,0.4347969591617584,0.9579214360041624,0.9595252952373448,0.0007101052631578948,False
2,356,0.40744930505752563,0.5925507545471191,0.4377756714820862,0.9577769106255059,0.9591800723083237,0.0007091578947368421,False
2,357,0.4073418080806732,0.5926582217216492,0.43851518630981445,0.9576757428604463,0.9593498559296197,0.0007082105263157895,False
2,358,0.40723228454589844,0.5927677154541016,0.43710094690322876,0.9577985894323043,0.9596876937011409,0.0007072631578947367,False
2,359,0.40712377429008484,0.5928761959075928,0.43168067932128906,0.9582393918372067,0.9602174327224923,0.0007063157894736842,False
2,360,0.40701988339424133,0.592980146408081,0.4346942603588104,0.9587524569314372,0.9608178675785113,0.0007053684210526316,False
2,361,0.4069162607192993,0.5930836796760559,0.4369097352027893,0.9591426754538097,0.9616673218953706,0.000704421052631579,False
2,362,0.4068082869052887,0.5931917428970337,0.43359100818634033,0.9596774193548387,0.9630146986403944,0.0007034736842105263,False
2,363,0.4067045748233795,0.5932953953742981,0.4398677945137024,0.959460631286854,0.963295986510241,0.0007025263157894738,False
2,364,0.40660250186920166,0.5933974981307983,0.43025439977645874,0.9592077118742051,0.9632634055988526,0.0007015789473684211,False
2,365,0.4064997434616089,0.5935002565383911,0.43937036395072937,0.958962018730489,0.9628459747002407,0.0007006315789473685,False
2,366,0.40639910101890564,0.5936009287834167,0.43307411670684814,0.9590342814198172,0.9625421165496226,0.0006996842105263158,False
2,367,0.40629488229751587,0.5937051177024841,0.42554107308387756,0.9591065441091455,0.9624782109608351,0.0006987368421052632,False
2,368,0.40619075298309326,0.5938092470169067,0.42799079418182373,0.9587669094693028,0.9620370502945093,0.0006977894736842105,False
2,369,0.40608930587768555,0.5939106345176697,0.4268467426300049,0.9584417273673257,0.96165221823169,0.000696842105263158,False
2,370,0.4059857130050659,0.5940142869949341,0.4266090393066406,0.9586801942421089,0.9617917316504236,0.0006958947368421053,False
2,371,0.4058837592601776,0.5941162705421448,0.43176546692848206,0.9590487339576831,0.9620804125244901,0.0006949473684210527,False
2,372,0.40577855706214905,0.5942214131355286,0.4298536479473114,0.9582538443750723,0.9613799199145979,0.000694,False
2,373,0.4056796431541443,0.5943203568458557,0.43707454204559326,0.9575962539021852,0.9607430773095141,0.0006930526315789473,False
2,374,0.4055787920951843,0.5944212079048157,0.4322695732116699,0.9573361082206034,0.9608811309529299,0.0006921052631578948,False
2,375,0.4054786264896393,0.5945213437080383,0.4248645305633545,0.9573288819516708,0.9610195764118409,0.0006911578947368421,False
2,376,0.4053843021392822,0.5946157574653625,0.4336533844470978,0.9569531159671638,0.9607704086890247,0.0006902105263157895,False
2,377,0.40529465675354004,0.59470534324646,0.4249764680862427,0.9566640652098509,0.9605230446607531,0.0006892631578947369,False
2,378,0.4052080810070038,0.5947919487953186,0.4300587475299835,0.9559775696612325,0.9603600372332634,0.0006883157894736843,False
2,379,0.4051222503185272,0.5948777794837952,0.4332138001918793,0.9563461093768066,0.9605190885515681,0.0006873684210526316,False
2,380,0.4050382077693939,0.5949618220329285,0.43360984325408936,0.9580370563070875,0.9619959018589259,0.000686421052631579,False
2,381,0.4049501121044159,0.5950498580932617,0.4267464876174927,0.9586151578217135,0.9622633775616941,0.0006854736842105263,False
2,382,0.40485870838165283,0.5951412916183472,0.4326697289943695,0.9587235518557059,0.9619302985699926,0.0006845263157894738,False
2,383,0.4047700762748718,0.5952299237251282,0.4282171428203583,0.9586296103595792,0.9613167803215112,0.0006835789473684211,False
2,384,0.4046829044818878,0.5953171253204346,0.4229769706726074,0.9587452306625043,0.9606389942432007,0.0006826315789473685,False
2,385,0.40459486842155457,0.595405101776123,0.4287494421005249,0.9591788067984739,0.9603884642721588,0.0006816842105263158,False
2,386,0.40450695157051086,0.5954930186271667,0.42915356159210205,0.9592438432188692,0.9596914483336729,0.0006807368421052632,False
2,387,0.40441668033599854,0.5955833196640015,0.4316239655017853,0.9593522372528617,0.9600019057304501,0.0006797894736842105,False
2,388,0.40432003140449524,0.5956799387931824,0.42767587304115295,0.95937391605966,0.9602267189141841,0.0006788421052631579,False
2,389,0.40422388911247253,0.5957760810852051,0.4285237193107605,0.9595907041276449,0.9605218800423625,0.0006778947368421053,False
2,390,0.40413349866867065,0.5958665609359741,0.43537405133247375,0.959626835472309,0.960698740154911,0.0006769473684210526,False
2,391,0.40404266119003296,0.5959572792053223,0.4299759864807129,0.960493987744248,0.9618904792005184,0.0006760000000000001,False
2,392,0.4039558470249176,0.5960441827774048,0.4342304468154907,0.9606818707365014,0.962564034017712,0.0006750526315789474,False
2,393,0.4038674533367157,0.5961325764656067,0.42685699462890625,0.9612816510579257,0.9637386285442028,0.0006741052631578948,False
2,394,0.4037785530090332,0.5962214469909668,0.4266509711742401,0.961722453462828,0.9643437988901772,0.0006731578947368421,False
2,395,0.4036908447742462,0.5963091850280762,0.4292750656604767,0.9617874898832236,0.964100182788428,0.0006722105263157895,False
2,396,0.4036048948764801,0.5963950753211975,0.42242589592933655,0.961686322118164,0.9639313186319519,0.0006712631578947368,False
2,397,0.40352192521095276,0.5964781045913696,0.42714571952819824,0.9615707018152387,0.9639895393928997,0.0006703157894736843,False
2,398,0.40343382954597473,0.5965661406517029,0.4268253445625305,0.9615128916637762,0.9639885620836813,0.0006693684210526316,False
2,399,0.40334656834602356,0.596653401851654,0.42626845836639404,0.9612888773268585,0.9637001267624468,0.000668421052631579,False
2,400,0.4032575190067291,0.5967424511909485,0.4200470447540283,0.9611298994103363,0.9634714579551309,0.0006674736842105263,False
2,401,0.4031635820865631,0.5968364477157593,0.4226360023021698,0.9609347901491503,0.9634653733148009,0.0006665263157894737,False
2,402,0.4030749201774597,0.5969250202178955,0.42531687021255493,0.9603350098277257,0.9632161053720549,0.0006655789473684211,False
2,403,0.40299078822135925,0.5970092415809631,0.4212404489517212,0.960277199676263,0.9636205846801046,0.0006646315789473684,False
2,404,0.40290385484695435,0.5970962047576904,0.4264390766620636,0.9605807029714418,0.9642502044815533,0.0006636842105263158,False
2,405,0.4028295576572418,0.5971704125404358,0.42227986454963684,0.9606818707365014,0.9648313121904635,0.0006627368421052632,False
2,406,0.4027565121650696,0.5972434878349304,0.4226967394351959,0.9604795352063822,0.9649516543905785,0.0006617894736842106,True
2,407,0.4026716947555542,0.5973283052444458,0.42130976915359497,0.9602193895248006,0.9647532332069039,0.0006608421052631579,False
2,408,0.4025849997997284,0.597415030002594,0.42654186487197876,0.9600893166840097,0.9645368604941995,0.0006598947368421053,False
2,409,0.4024975597858429,0.5975024104118347,0.4166608452796936,0.9602916522141288,0.9645898439682584,0.0006589473684210526,False
2,410,0.4024111032485962,0.5975889563560486,0.4289655089378357,0.9600965429529424,0.9641401364795983,0.0006580000000000001,False
2,411,0.40232357382774353,0.5976764559745789,0.41907984018325806,0.9594823100936525,0.9635317116157399,0.0006570526315789474,False
2,412,0.4022327661514282,0.5977672934532166,0.4250447750091553,0.9592077118742051,0.9631774953470894,0.0006561052631578948,False
2,413,0.402141809463501,0.597858190536499,0.42082616686820984,0.9591426754538097,0.9631009990709127,0.0006551578947368421,False
2,414,0.40204790234565735,0.597952127456665,0.4205783009529114,0.9590776390334143,0.9628412384148257,0.0006542105263157896,False
2,415,0.4019578993320465,0.5980420708656311,0.4153738021850586,0.9589909238062203,0.9626117577341771,0.0006532631578947368,False
2,416,0.4018617868423462,0.5981382131576538,0.4216669797897339,0.9591571279916753,0.9628070186757792,0.0006523157894736842,False
2,417,0.40176674723625183,0.5982332825660706,0.41561269760131836,0.9588572378309631,0.9626487607635645,0.0006513684210526316,False
2,418,0.40167585015296936,0.5983241200447083,0.4189925789833069,0.9591788067984739,0.9628093169169661,0.0006504210526315789,False
2,419,0.401584655046463,0.5984153747558594,0.424209862947464,0.9594172736732571,0.9626385712822481,0.0006494736842105264,False
2,420,0.40148964524269104,0.5985103249549866,0.41867467761039734,0.9598074921956297,0.962361157110454,0.0006485263157894737,False
2,421,0.40139535069465637,0.598604679107666,0.41992613673210144,0.9603350098277258,0.9627086454317966,0.0006475789473684211,False
2,422,0.4012964069843292,0.5987036228179932,0.4199897050857544,0.9605517978957105,0.9629967063225185,0.0006466315789473684,False
2,423,0.40120211243629456,0.5987978577613831,0.42218780517578125,0.9603783674413225,0.9627467428601865,0.0006456842105263158,False
2,424,0.4011072814464569,0.5988927483558655,0.42281031608581543,0.960204936986935,0.9629292586628208,0.0006447368421052632,False
2,425,0.4010120928287506,0.598987877368927,0.42333346605300903,0.9603422360966586,0.9633776813024211,0.0006437894736842106,False
2,426,0.40091636776924133,0.5990836024284363,0.4146384596824646,0.9605879292403745,0.9636690496911239,0.0006428421052631579,False
2,427,0.40082770586013794,0.5991723537445068,0.4181118309497833,0.9604578563995838,0.963349460910709,0.0006418947368421053,False
2,428,0.40074408054351807,0.5992559194564819,0.41972675919532776,0.9602049369869351,0.9627473141932691,0.0006409473684210527,False
2,429,0.4006659686565399,0.5993340611457825,0.4182911515235901,0.9595184414383165,0.9618576040488955,0.00064,False
2,430,0.40059056878089905,0.5994094610214233,0.4178622364997864,0.9589981500751531,0.9611015512892286,0.0006390526315789474,False
2,431,0.40051427483558655,0.5994856953620911,0.4167969822883606,0.9592582957567349,0.9609403952928616,0.0006381052631578948,False
2,432,0.4004378318786621,0.5995621085166931,0.41998153924942017,0.9588536246964967,0.9600941401080902,0.0006371578947368421,False
2,433,0.4003727436065674,0.5996272563934326,0.42075592279434204,0.9587235518557059,0.9597727233279719,0.0006362105263157895,False
2,434,0.4003084599971771,0.5996915698051453,0.4253443479537964,0.9587885882761013,0.9595398647566065,0.000635263157894737,False
2,435,0.4002421200275421,0.5997578501701355,0.4165059030056,0.9585428951323853,0.959279215342857,0.0006343157894736842,False
2,436,0.4001750349998474,0.5998249053955078,0.4197583496570587,0.9585356688634524,0.9594914330920933,0.0006333684210526316,False
2,437,0.40010178089141846,0.5998982191085815,0.416833758354187,0.958636836628512,0.9596063918920494,0.0006324210526315789,False
2,438,0.4000384211540222,0.5999615788459778,0.4213932752609253,0.9589042085790265,0.9597397161478907,0.0006314736842105264,False
2,439,0.39997225999832153,0.6000276803970337,0.4133579432964325,0.9595112151693836,0.9602958847856355,0.0006305263157894737,False
2,440,0.39990490674972534,0.6000950932502747,0.4163988530635834,0.959952017574286,0.9606618734853909,0.0006295789473684211,False
2,441,0.39983928203582764,0.6001607179641724,0.41459035873413086,0.9601109954908081,0.9606110305822579,0.0006286315789473684,False
2,442,0.3997797667980194,0.6002202033996582,0.4182294011116028,0.9599086599606891,0.9603741827689575,0.0006276842105263159,False
2,443,0.39972254633903503,0.6002774834632874,0.41634148359298706,0.9595473465140478,0.9601585344755907,0.0006267368421052632,False
2,444,0.39965707063674927,0.6003429293632507,0.4154953956604004,0.9593233321771303,0.960174282670182,0.0006257894736842106,False
2,445,0.39959123730659485,0.6004087924957275,0.4105011522769928,0.9591788067984738,0.9602566708880081,0.0006248421052631579,False
2,446,0.39952316880226135,0.600476861000061,0.41866958141326904,0.9593016533703318,0.9609186771529553,0.0006238947368421053,False
2,447,0.39944949746131897,0.6005504727363586,0.41951996088027954,0.9596196092033761,0.9613354144485922,0.0006229473684210527,False
2,448,0.3993765115737915,0.6006234884262085,0.41060107946395874,0.9592293906810038,0.961474732509886,0.000622,False
2,449,0.39930644631385803,0.6006935238838196,0.41159892082214355,0.9586657417042432,0.9610274930477938,0.0006210526315789474,False
2,450,0.39923641085624695,0.6007635593414307,0.412666916847229,0.9582682969129379,0.960850427829773,0.0006201052631578947,False
2,451,0.39916661381721497,0.6008333563804626,0.41944682598114014,0.9578347207769685,0.9600695268386132,0.0006191578947368421,False
2,452,0.399094820022583,0.6009051203727722,0.41461268067359924,0.9574300497167303,0.959245728916208,0.0006182105263157895,False
2,453,0.39902251958847046,0.6009774804115295,0.4120922088623047,0.9579936986934906,0.9591357116845456,0.000617263157894737,False
2,454,0.39895325899124146,0.6010468006134033,0.4153624176979065,0.9581309978032143,0.959100886817723,0.0006163157894736842,False
2,455,0.3988811671733856,0.601118803024292,0.4134928584098816,0.9584561799051913,0.9592799318067237,0.0006153684210526316,False
2,456,0.39880630373954773,0.6011936664581299,0.413705974817276,0.9589909238062204,0.9598098034945732,0.000614421052631579,False
2,457,0.3987247049808502,0.6012752652168274,0.4156135320663452,0.9591860330674066,0.9606067112838875,0.0006134736842105264,False
2,458,0.39864277839660645,0.6013572812080383,0.41592180728912354,0.9583766909469303,0.9601955245459212,0.0006125263157894737,False
2,459,0.39856162667274475,0.6014383435249329,0.4179005026817322,0.9578563995837669,0.9596874943611282,0.0006115789473684211,False
2,460,0.39848530292510986,0.6015146374702454,0.40949487686157227,0.9571482252283502,0.9590503548913392,0.0006106315789473684,False
2,461,0.3984066843986511,0.6015933156013489,0.41516849398612976,0.9569314371603653,0.9588738420693175,0.0006096842105263159,False
2,462,0.39832547307014465,0.6016745567321777,0.4099554717540741,0.956989247311828,0.9591353790908783,0.0006087368421052633,False
2,463,0.39824536442756653,0.6017546653747559,0.40912047028541565,0.957032604925425,0.9593623070156806,0.0006077894736842105,False
2,464,0.3981609344482422,0.601839005947113,0.4118558168411255,0.9573072031448723,0.960111002144455,0.0006068421052631579,False
2,465,0.3980844020843506,0.6019156575202942,0.41299372911453247,0.9577118742051104,0.9605585651323443,0.0006058947368421052,False
2,466,0.39800217747688293,0.6019977927207947,0.4119298458099365,0.9578491733148342,0.9607714879326221,0.0006049473684210527,False
2,467,0.39791950583457947,0.6020804643630981,0.4125789403915405,0.9577696843565731,0.9609153878169465,0.000604,False
2,468,0.3978383243083954,0.6021616458892822,0.4159654676914215,0.9579069834662968,0.9612084236138999,0.0006030526315789474,False
2,469,0.39775434136390686,0.6022456884384155,0.40731653571128845,0.957856399583767,0.9609378980120279,0.0006021052631578947,False
2,470,0.3976746201515198,0.6023253798484802,0.40579113364219666,0.9582755231818707,0.9611910587500574,0.0006011578947368422,False
2,471,0.3975986838340759,0.6024013161659241,0.4115552008152008,0.9582682969129379,0.9608706003144737,0.0006002105263157895,False
2,472,0.3975229859352112,0.6024770140647888,0.41239309310913086,0.9582827494508035,0.9605538221222669,0.0005992631578947369,False
2,473,0.3974459171295166,0.6025541424751282,0.4101358950138092,0.9586946467799745,0.960803200915332,0.0005983157894736842,False
2,474,0.39736488461494446,0.6026350855827332,0.4030807614326477,0.9586440628974449,0.9605850945068024,0.0005973684210526316,False
2,475,0.39728832244873047,0.6027116179466248,0.4119957685470581,0.9586657417042432,0.9606846566834603,0.000596421052631579,False
2,476,0.3972108066082001,0.6027891635894775,0.4102708101272583,0.9587813620071685,0.9611686653474609,0.0005954736842105265,False
2,477,0.39713889360427856,0.6028611660003662,0.4138448238372803,0.9586079315527807,0.9613438488699195,0.0005945263157894737,False
2,478,0.39707425236701965,0.6029257774353027,0.41233527660369873,0.9582682969129379,0.9612760335646698,0.0005935789473684211,False
2,479,0.39701446890830994,0.6029855012893677,0.4110974073410034,0.9581454503410798,0.961413071494382,0.0005926315789473684,False
2,480,0.39695456624031067,0.6030454039573669,0.4133354723453522,0.9581237715342814,0.9616036899649678,0.0005916842105263158,False
2,481,0.39689385890960693,0.6031061410903931,0.410226970911026,0.9584345010983929,0.9619196723703971,0.0005907368421052633,False
2,482,0.39683130383491516,0.6031686663627625,0.4092267155647278,0.9584634061741242,0.9620470693164304,0.0005897894736842105,False
2,483,0.3967639207839966,0.6032360792160034,0.41478613018989563,0.9586151578217136,0.9620156662648675,0.0005888421052631579,False
2,484,0.39669889211654663,0.6033010482788086,0.4125733971595764,0.9584850849809227,0.9618336757629622,0.0005878947368421053,False
2,485,0.39663758873939514,0.6033624410629272,0.4102116525173187,0.9583188807954678,0.961605488113249,0.0005869473684210527,False
2,486,0.3965815305709839,0.6034184694290161,0.4171045124530792,0.9576974216672447,0.960969580439196,0.000586,False
2,487,0.3965246379375458,0.6034753322601318,0.41173020005226135,0.9572710718002082,0.9606742850223087,0.0005850526315789473,False
2,488,0.3964681625366211,0.6035317778587341,0.40533125400543213,0.9564617296797319,0.9600895474469975,0.0005841052631578947,False
2,489,0.3964029848575592,0.6035970449447632,0.4112463593482971,0.9559920221990981,0.9599883872990203,0.0005831578947368421,False
2,490,0.39633914828300476,0.6036608815193176,0.4042937755584717,0.9560426060816279,0.9600959732636825,0.0005822105263157896,False
2,491,0.39627504348754883,0.6037249565124512,0.40808847546577454,0.9561076425020233,0.960066911065246,0.0005812631578947368,False
2,492,0.3962148129940033,0.6037852168083191,0.4089839458465576,0.9561148687709562,0.9600331137180367,0.0005803157894736842,False
2,493,0.39615577459335327,0.6038442254066467,0.4086017310619354,0.9565918025205227,0.9601786734907813,0.0005793684210526315,False
2,494,0.3960968255996704,0.6039031744003296,0.40963172912597656,0.9572060353798126,0.9603596600737343,0.000578421052631579,False
2,495,0.3960428535938263,0.6039571166038513,0.40622377395629883,0.9575167649439241,0.9600829420474923,0.0005774736842105263,False
2,496,0.3959902226924896,0.6040098071098328,0.40406274795532227,0.9578130419701699,0.9597361145773662,0.0005765263157894737,False
2,497,0.39593935012817383,0.6040606498718262,0.4018718898296356,0.9584489536362586,0.9596494807195319,0.000575578947368421,False
2,498,0.3958839178085327,0.6041160225868225,0.4041181802749634,0.9590270551508845,0.9598582620072188,0.0005746315789473685,False
2,499,0.39582717418670654,0.6041728854179382,0.40448564291000366,0.959128222915944,0.959594170717792,0.0005736842105263159,False
2,500,0.39576807618141174,0.6042319536209106,0.40159597992897034,0.9588174933518325,0.9589887241667578,0.0005727368421052632,False
2,501,0.39570897817611694,0.6042910218238831,0.40099963545799255,0.9586512891663777,0.9587309645372526,0.0005717894736842105,False
2,502,0.395650178194046,0.6043497920036316,0.41035714745521545,0.9586151578217135,0.958769764472998,0.0005708421052631579,False
2,503,0.3955921232700348,0.6044078469276428,0.4053339958190918,0.9584923112498555,0.9585466694007045,0.0005698947368421053,False
2,504,0.395530641078949,0.604469358921051,0.40141767263412476,0.9586585154353104,0.958880884751882,0.0005689473684210527,False
2,505,0.3954664468765259,0.6045335531234741,0.4092267155647278,0.9585573476702508,0.9591439407384456,0.000568,False
2,506,0.3954010307788849,0.6045989394187927,0.4016481339931488,0.958347785871199,0.9593210722721203,0.0005670526315789473,False
2,507,0.3953392803668976,0.60466068983078,0.4040423631668091,0.9579647936177592,0.9592492363955516,0.0005661052631578947,False
2,508,0.39528292417526245,0.6047170758247375,0.40912771224975586,0.9580876401896173,0.9592566696435916,0.0005651578947368421,False
2,509,0.39522480964660645,0.6047751903533936,0.4024059474468231,0.9580804139206844,0.9594377210125843,0.0005642105263157896,False
2,510,0.3951631188392639,0.6048368215560913,0.3997405767440796,0.9582177130304083,0.9595062783864436,0.0005632631578947368,False
2,511,0.39510035514831543,0.6048996448516846,0.4053920805454254,0.9587090993178403,0.9601197521091707,0.0005623157894736842,False
2,512,0.39503443241119385,0.6049655079841614,0.40067920088768005,0.9591860330674067,0.9608531113128835,0.0005613684210526316,False
2,513,0.39496731758117676,0.6050326824188232,0.40627947449684143,0.9592655220256677,0.9612441721714173,0.0005604210526315791,False
2,514,0.3948987126350403,0.6051013469696045,0.40450066328048706,0.9591788067984739,0.9613844871066011,0.0005594736842105263,False
2,515,0.39482879638671875,0.6051712036132812,0.403289258480072,0.9593088796392647,0.9615170499436617,0.0005585263157894737,False
2,516,0.39476338028907776,0.6052365899085999,0.40400534868240356,0.9596340617412419,0.9618775774840416,0.000557578947368421,False
2,517,0.39469900727272034,0.605301022529602,0.40608105063438416,0.9597858133888312,0.9618620735592952,0.0005566315789473684,False
2,518,0.39463767409324646,0.6053622961044312,0.40529632568359375,0.9600748641461441,0.9621457261257027,0.0005556842105263159,False
2,519,0.39457187056541443,0.6054280996322632,0.40102800726890564,0.959952017574286,0.9619875862749998,0.0005547368421052631,False
2,520,0.39450860023498535,0.6054913401603699,0.40465474128723145,0.9594823100936525,0.9616164292133026,0.0005537894736842105,False
2,521,0.3944477438926697,0.6055522561073303,0.4067414402961731,0.9589836975372876,0.9611968753122778,0.0005528421052631578,False
2,522,0.39438173174858093,0.6056182384490967,0.39974021911621094,0.9585501214013181,0.9607321453407044,0.0005518947368421053,False
2,523,0.3943209648132324,0.6056790351867676,0.40200045704841614,0.9579936986934906,0.9601307130999066,0.0005509473684210527,False
2,524,0.39425522089004517,0.6057447791099548,0.3991609811782837,0.9579286622730951,0.9599341361711453,0.00055,False
2,525,0.3941906690597534,0.6058093309402466,0.4075738191604614,0.9584995375187882,0.9604074708379462,0.0005490526315789473,False
2,526,0.3941277265548706,0.6058722734451294,0.40281596779823303,0.9584561799051914,0.9603762647442402,0.0005481052631578948,False
2,527,0.3940645456314087,0.6059354543685913,0.3997199833393097,0.9586007052838479,0.9606080255589242,0.0005471578947368421,False
2,528,0.394000768661499,0.6059991717338562,0.40575912594795227,0.9588608509654296,0.9606654420490585,0.0005462105263157896,False
2,529,0.3939429819583893,0.6060570478439331,0.40533211827278137,0.9592655220256677,0.9606118162285009,0.0005452631578947368,False
2,530,0.3938843905925751,0.6061156392097473,0.40073931217193604,0.9591354491848769,0.9604495854417413,0.0005443157894736843,False
2,531,0.3938291668891907,0.6061708331108093,0.40349191427230835,0.9588608509654296,0.9604323049178716,0.0005433684210526316,False
2,532,0.3937664330005646,0.6062335968017578,0.40467873215675354,0.9586657417042432,0.9605034594024999,0.000542421052631579,False
2,533,0.3937036395072937,0.6062963604927063,0.4061990976333618,0.958600705283848,0.9606221105038412,0.0005414736842105263,False
2,534,0.39364656805992126,0.6063534617424011,0.40743792057037354,0.9583333333333334,0.9606630598838579,0.0005405263157894736,False
2,535,0.39358869194984436,0.606411337852478,0.40651360154151917,0.9580659613828187,0.9605397677184766,0.0005395789473684211,False
2,536,0.39353224635124207,0.6064677834510803,0.4028158187866211,0.9577191004740433,0.9604471864876767,0.0005386315789473684,False
2,537,0.3934776782989502,0.6065223217010498,0.4042266607284546,0.9572277141866112,0.960123457718327,0.0005376842105263159,False
2,538,0.3934212923049927,0.6065786480903625,0.39886385202407837,0.9569603422360967,0.9599946411550675,0.0005367368421052631,False
2,539,0.3933677673339844,0.6066322326660156,0.39985358715057373,0.9564255983350677,0.9595955187003864,0.0005357894736842105,False
2,540,0.3933154046535492,0.6066845655441284,0.4005940556526184,0.9565123135622616,0.959783608463435,0.0005348421052631579,False
2,541,0.39327195286750793,0.6067280769348145,0.40940386056900024,0.9563822407214706,0.9595380770516807,0.0005338947368421053,False
2,542,0.3932255804538727,0.6067744493484497,0.40254518389701843,0.9564255983350676,0.9593619513874094,0.0005329473684210526,False
2,543,0.39317557215690613,0.6068244576454163,0.40453997254371643,0.9560570586194935,0.9590327761148143,0.000532,False
2,544,0.39312544465065,0.6068745851516724,0.40275275707244873,0.956324430570008,0.9590413496559176,0.0005310526315789474,False
2,545,0.39307305216789246,0.6069269180297852,0.403994619846344,0.9565050872933287,0.9591609461208949,0.0005301052631578948,False
2,546,0.39302071928977966,0.6069793105125427,0.3968568742275238,0.956823043126373,0.9595334964478044,0.0005291578947368421,False
2,547,0.3929644227027893,0.6070355772972107,0.40299150347709656,0.957357787027402,0.9599298596213998,0.0005282105263157894,False
2,548,0.39291149377822876,0.6070885062217712,0.40266260504722595,0.9575673488264539,0.9600730650534515,0.0005272631578947368,False
2,549,0.3928670883178711,0.6071328520774841,0.3989661633968353,0.9576396115157823,0.9601079579115059,0.0005263157894736842,False
2,550,0.3928225338459015,0.6071774363517761,0.3959052860736847,0.9576974216672448,0.9604345774778957,0.0005253684210526316,False
2,551,0.3927738070487976,0.6072261929512024,0.40026748180389404,0.9577913631633714,0.9606624818838331,0.000524421052631579,False
2,552,0.39271998405456543,0.6072800159454346,0.4013892710208893,0.9580876401896173,0.9612231370663996,0.0005234736842105263,False
2,553,0.39266592264175415,0.6073340773582458,0.3950057625770569,0.9587813620071685,0.9619805254354141,0.0005225263157894736,False
2,554,0.39261263608932495,0.6073874235153198,0.3987269699573517,0.9589403399236907,0.962494389911305,0.0005215789473684211,False
2,555,0.3925628662109375,0.6074370741844177,0.3997872471809387,0.9588680772343624,0.9624793934136415,0.0005206315789473684,False
2,556,0.39251577854156494,0.6074841618537903,0.40255868434906006,0.9586874205110417,0.96257025690797,0.0005196842105263159,False
2,557,0.3924752175807953,0.6075247526168823,0.40191370248794556,0.9583550121401319,0.962325572410717,0.0005187368421052631,False
2,558,0.39243313670158386,0.6075668931007385,0.40507054328918457,0.9576396115157823,0.9617126449305209,0.0005177894736842106,False
2,559,0.3923892378807068,0.6076107621192932,0.40111076831817627,0.957112093883686,0.9611794020365821,0.0005168421052631579,False
2,560,0.39234283566474915,0.6076571941375732,0.39507928490638733,0.9564255983350677,0.9602704842547981,0.0005158947368421053,False
2,561,0.39229241013526917,0.6077075600624084,0.4029090702533722,0.9564400508729333,0.960287492479516,0.0005149473684210526,False
2,562,0.3922438621520996,0.6077561974525452,0.4027568995952606,0.9564978610243959,0.9603655197715569,0.000514,False
2,563,0.3921952247619629,0.6078047752380371,0.39123111963272095,0.956743554168112,0.9605983936522929,0.0005130526315789474,False
2,564,0.39214563369750977,0.6078543663024902,0.40279579162597656,0.9571699040351486,0.9607960564339781,0.0005121052631578947,False
2,565,0.392092227935791,0.607907772064209,0.3967377543449402,0.9576540640536478,0.9612475376403711,0.0005111578947368422,False
2,566,0.39204227924346924,0.6079577207565308,0.40044254064559937,0.9582755231818707,0.9616521370963842,0.0005102105263157894,False
2,567,0.39199548959732056,0.6080045104026794,0.3981958329677582,0.9587090993178401,0.9619066425484195,0.0005092631578947368,False
2,568,0.3919486403465271,0.6080513000488281,0.396598219871521,0.9590487339576829,0.9622079484649088,0.0005083157894736842,False
2,569,0.3919083774089813,0.6080915927886963,0.3957059383392334,0.959084865302347,0.9620779548895467,0.0005073684210526316,False
2,570,0.3918623924255371,0.6081376075744629,0.3992285430431366,0.9591932593363395,0.9617383244771451,0.000506421052631579,False
2,571,0.3918207883834839,0.6081792116165161,0.39878302812576294,0.9587163255867731,0.9610360191353264,0.0005054736842105263,False
2,572,0.39177969098091125,0.6082203388214111,0.40581104159355164,0.9585212163255868,0.9608245860182856,0.0005045263157894737,False
2,573,0.39173799753189087,0.6082620024681091,0.39112991094589233,0.9579503410798936,0.9603943595811841,0.0005035789473684211,False
2,574,0.39169445633888245,0.6083055734634399,0.3979297876358032,0.9573144294138051,0.9600016909930358,0.0005026315789473684,False
2,575,0.39164912700653076,0.6083508133888245,0.3961784839630127,0.9568591744710372,0.959637491909446,0.0005016842105263159,False
2,576,0.39160314202308655,0.6083968877792358,0.40231168270111084,0.9567580067059775,0.9597290878410341,0.0005007368421052631,False
2,577,0.391557514667511,0.6084425449371338,0.39796116948127747,0.956078737426292,0.959464915466475,0.0004997894736842106,False
2,578,0.391509473323822,0.608490526676178,0.39360111951828003,0.9560859636952249,0.9592794070890392,0.0004988421052631579,False
2,579,0.39145511388778687,0.6085448265075684,0.3950917720794678,0.95620158399815,0.9593956602992613,0.0004978947368421053,False
2,580,0.3914017975330353,0.6085981726646423,0.396240234375,0.9564039195282691,0.9598078785915329,0.0004969473684210526,False
2,581,0.39134615659713745,0.6086538434028625,0.3990090489387512,0.9566351601341196,0.960190574395949,0.0004959999999999999,False
2,582,0.39128953218460083,0.6087104678153992,0.39885300397872925,0.9569603422360966,0.9604075493791663,0.0004950526315789474,False
2,583,0.39123785495758057,0.6087620854377747,0.3949703574180603,0.9571193201526188,0.9604559725679758,0.0004941052631578947,False
2,584,0.39118680357933044,0.6088131666183472,0.3993743062019348,0.9576034801711181,0.9609340534101007,0.0004931578947368422,False
2,585,0.3911510109901428,0.6088489890098572,0.40786370635032654,0.9580081512313562,0.961214751289202,0.0004922105263157894,False
2,586,0.3911111056804657,0.6088889241218567,0.3970319330692291,0.9584923112498555,0.9615656289032715,0.0004912631578947369,False
2,587,0.3910681903362274,0.6089317798614502,0.40071702003479004,0.9588174933518326,0.9619055955054272,0.0004903157894736842,False
2,588,0.39102455973625183,0.6089754700660706,0.39711323380470276,0.9588391721586311,0.9620560802202214,0.0004893684210526316,False
2,589,0.39098143577575684,0.6090185642242432,0.3943594992160797,0.9582321655682738,0.9616766803174054,0.000488421052631579,False
2,590,0.39094340801239014,0.6090565919876099,0.4038826525211334,0.9578274945080356,0.9616463749029014,0.0004874736842105263,False
2,591,0.39090314507484436,0.6090968251228333,0.39549827575683594,0.957646837784715,0.9616750540390577,0.0004865263157894737,False
2,592,0.3908640146255493,0.6091359853744507,0.3932386636734009,0.9575023124060585,0.9616897278721639,0.00048557894736842103,False
2,593,0.3908214569091797,0.6091785430908203,0.3939138948917389,0.9575456700196554,0.9619145282068147,0.0004846315789473684,False
2,594,0.3907768130302429,0.6092231869697571,0.39774566888809204,0.957523991212857,0.9619192407544568,0.00048368421052631574,False
2,595,0.3907344937324524,0.6092655062675476,0.392546147108078,0.9573650132963347,0.9618629725819778,0.00048273684210526307,False
2,596,0.39069220423698425,0.6093077659606934,0.3908030390739441,0.9575167649439241,0.962011573419074,0.0004817894736842105,False
2,597,0.39065468311309814,0.6093453168869019,0.39363276958465576,0.9579575673488264,0.9624576118605174,0.0004808421052631578,False
2,598,0.3906174302101135,0.6093825697898865,0.4028945863246918,0.9583116545265349,0.9627865826051657,0.00047989473684210526,False
2,599,0.39058366417884827,0.6094163656234741,0.39452430605888367,0.9585139900566538,0.962926706008645,0.0004789473684210526,False
2,600,0.39054974913597107,0.6094502806663513,0.3946409225463867,0.958803040813967,0.9629275336430113,0.000478,False
2,601,0.39051738381385803,0.6094826459884644,0.40317094326019287,0.9584417273673258,0.962518482553367,0.00047705263157894734,False
2,602,0.39048224687576294,0.6095178127288818,0.4055464267730713,0.9584200485605272,0.9624635589784019,0.00047610526315789467,False
2,603,0.3904438316822052,0.6095561385154724,0.396092027425766,0.9587235518557058,0.9627487894882436,0.0004751578947368421,False
2,604,0.3903988003730774,0.6096012592315674,0.39921140670776367,0.9586729679731761,0.9625822385266515,0.00047421052631578943,False
2,605,0.3903600871562958,0.6096398830413818,0.3954625129699707,0.9587958145450342,0.9624360745068337,0.00047326315789473686,False
2,606,0.39032188057899475,0.6096781492233276,0.39992988109588623,0.9589547924615562,0.9623956247100522,0.0004723157894736842,False
2,607,0.3902857005596161,0.6097143292427063,0.3990722894668579,0.9586801942421089,0.9621139534293669,0.0004713684210526316,False
2,608,0.3902494013309479,0.6097505688667297,0.3948095142841339,0.9585718002081165,0.9619850700282693,0.00047042105263157895,False
2,609,0.39020875096321106,0.6097912788391113,0.39642617106437683,0.9584995375187884,0.9618572989006824,0.0004694736842105263,False
2,610,0.39016929268836975,0.6098306775093079,0.3954177498817444,0.958138224072147,0.9613954669731306,0.00046852631578947365,False
2,611,0.3901287317276001,0.6098712682723999,0.3945072293281555,0.958015377500289,0.9613916848832899,0.000467578947368421,False
2,612,0.3900817632675171,0.6099182367324829,0.39698705077171326,0.9578274945080356,0.9613439068114847,0.0004666315789473684,False
2,613,0.3900316059589386,0.609968364238739,0.394763320684433,0.9577263267429761,0.9613953289511507,0.00046568421052631574,False
2,614,0.38998493552207947,0.6100150346755981,0.4005565047264099,0.9573722395652677,0.9609445452736056,0.00046473684210526317,False
2,615,0.3899345397949219,0.6100654602050781,0.3934793174266815,0.9574300497167303,0.9606978605337245,0.0004637894736842105,False
2,616,0.38987934589385986,0.6101207137107849,0.38894370198249817,0.9574372759856631,0.9602918141442512,0.00046284210526315793,False
2,617,0.38982725143432617,0.6101727485656738,0.3991739749908447,0.9570831888079546,0.9599115760940786,0.00046189473684210525,False
2,618,0.38977745175361633,0.6102225184440613,0.3934627175331116,0.9567074228234478,0.959462828539752,0.0004609473684210526,False
2,619,0.38973429799079895,0.6102657318115234,0.40196022391319275,0.9569964735807608,0.9596638638362482,0.00046,False
2,620,0.38969194889068604,0.6103079915046692,0.39098238945007324,0.9574661810613944,0.9601162432777988,0.00045905263157894734,False
2,621,0.38965126872062683,0.6103487610816956,0.3922938108444214,0.9579214360041624,0.9604613837600554,0.0004581052631578948,False
2,622,0.38961005210876465,0.6103899478912354,0.39826494455337524,0.9582719100474043,0.9608127122130359,0.0004571578947368421,False
2,623,0.3895699083805084,0.6104300618171692,0.3942025601863861,0.9582827494508036,0.9609740088750491,0.0004562105263157895,False
2,624,0.3895266056060791,0.6104733943939209,0.39104050397872925,0.9583550121401319,0.960967044430242,0.0004552631578947368,False
2,625,0.3894796371459961,0.6105203628540039,0.39394110441207886,0.9584850849809227,0.9608449072989717,0.00045431578947368413,False
2,626,0.3894290030002594,0.6105709671974182,0.38870206475257874,0.9588463984275639,0.9610457473132673,0.00045336842105263156,False
2,627,0.3893827497959137,0.6106172800064087,0.3931857943534851,0.9592149381431379,0.9613045282511747,0.0004524210526315789,False
2,628,0.38933348655700684,0.6106665730476379,0.3900556266307831,0.9593666897907273,0.9612947191335849,0.0004514736842105263,False
2,629,0.38928285241127014,0.6107171773910522,0.38474541902542114,0.9591137703780783,0.9609716771187662,0.00045052631578947365,False
2,630,0.3892356753349304,0.6107643842697144,0.3924204111099243,0.9586946467799746,0.9604658044704626,0.0004495789473684211,False
2,631,0.38918933272361755,0.6108106970787048,0.3920266628265381,0.9584634061741242,0.9604231083579122,0.0004486315789473684,False
2,632,0.38914769887924194,0.6108523011207581,0.3922992944717407,0.9585139900566538,0.9607583791382281,0.00044768421052631573,False
2,633,0.3891106843948364,0.6108892560005188,0.3938484787940979,0.9585284425945195,0.9610369755178165,0.00044673684210526317,False
2,634,0.38907283544540405,0.610927164554596,0.3947957456111908,0.958181581685744,0.9610332207479703,0.0004457894736842105,False
2,635,0.389033704996109,0.6109662652015686,0.38867151737213135,0.9586729679731761,0.9617241260235379,0.0004448421052631579,False
2,636,0.38898998498916626,0.6110100150108337,0.38829219341278076,0.9590126026130188,0.9621192083058903,0.00044389473684210525,False
2,637,0.3889447748661041,0.6110552549362183,0.3879409432411194,0.959460631286854,0.9625875229141764,0.0004429473684210527,False
2,638,0.38889965415000916,0.6111003756523132,0.39075762033462524,0.9597424557752342,0.9627112682960638,0.000442,False
2,639,0.3888562023639679,0.6111437678337097,0.3885746896266937,0.9598363972713608,0.9627082247614166,0.00044105263157894734,False
2,640,0.3888137638568878,0.6111862063407898,0.3884890675544739,0.9594317262111226,0.9622785141702006,0.0004401052631578947,False
2,641,0.3887718617916107,0.6112281084060669,0.39366647601127625,0.9586801942421089,0.9613049571749427,0.00043915789473684204,False
2,642,0.3887242078781128,0.6112757921218872,0.3878503739833832,0.9579358885420279,0.9603130532628733,0.0004382105263157895,False
2,643,0.3886784017086029,0.6113216280937195,0.3945927917957306,0.9575095386749914,0.9599749537613318,0.0004372631578947368,False
2,644,0.3886353373527527,0.6113646626472473,0.39224639534950256,0.9571699040351486,0.9599031103603533,0.00043631578947368423,False
2,645,0.38859060406684875,0.6114094257354736,0.39494532346725464,0.9572999768759394,0.9601117438926767,0.00043536842105263156,False
2,646,0.3885437846183777,0.6114562153816223,0.38701561093330383,0.957646837784715,0.9603921664293056,0.0004344210526315789,False
2,647,0.38849419355392456,0.6115057468414307,0.38779908418655396,0.9576396115157821,0.9603841498050638,0.0004334736842105263,False
2,648,0.3884437084197998,0.611556351184845,0.39552873373031616,0.9577407792808417,0.9603756684343011,0.00043252631578947364,False
2,649,0.3883971571922302,0.6116028428077698,0.3878153860569,0.9580226037692219,0.960639840610917,0.0004315789473684211,False
2,650,0.38835379481315613,0.6116462349891663,0.3882400095462799,0.9580370563070876,0.9606060692270478,0.0004306315789473684,False
2,651,0.3883134126663208,0.6116865873336792,0.3948666751384735,0.9578708521216326,0.9604872625073885,0.00042968421052631584,False
2,652,0.3882657587528229,0.6117342710494995,0.3925754129886627,0.9582393918372066,0.9606024580080763,0.00042873684210526316,False
2,653,0.3882197141647339,0.6117802858352661,0.39483675360679626,0.9586585154353104,0.9608089206672491,0.0004277894736842105,False
2,654,0.3881717324256897,0.6118282675743103,0.3871331810951233,0.959084865302347,0.9610230754399772,0.00042684210526315787,False
2,655,0.3881249725818634,0.6118749976158142,0.38613593578338623,0.9592582957567349,0.9614518475410523,0.0004258947368421052,False
2,656,0.3880833089351654,0.6119166612625122,0.3967643976211548,0.9592004856052723,0.9619090868133798,0.0004249473684210526,False
2,657,0.3880438506603241,0.6119561791419983,0.39004841446876526,0.9588753035032952,0.9621175416410128,0.00042399999999999995,False
2,658,0.3880007863044739,0.6119992136955261,0.3859661817550659,0.9589475661926234,0.9624832204568317,0.0004230526315789474,False
2,659,0.38795724511146545,0.6120427846908569,0.3881782293319702,0.9587090993178401,0.9624570859094734,0.0004221052631578947,False
2,660,0.38791877031326294,0.6120812892913818,0.38942059874534607,0.9584200485605273,0.9624002770672524,0.00042115789473684204,False
2,661,0.3878788650035858,0.6121211051940918,0.3898492753505707,0.9583116545265349,0.9623409662155569,0.00042021052631578947,False
2,662,0.38784095644950867,0.6121590733528137,0.3887079358100891,0.9579647936177593,0.9620558166200733,0.0004192631578947368,False
2,663,0.3878028988838196,0.6121971011161804,0.38952094316482544,0.957690195398312,0.96175152657977,0.00041831578947368423,False
2,664,0.3877657353878021,0.6122342348098755,0.39289480447769165,0.9577696843565731,0.9615599884500625,0.00041736842105263156,False
2,665,0.38772886991500854,0.6122711300849915,0.39189180731773376,0.9578274945080356,0.9615946463593672,0.000416421052631579,False
2,666,0.3876926600933075,0.6123073101043701,0.3899199664592743,0.957892530928431,0.9617302343242885,0.0004154736842105263,False
2,667,0.3876549005508423,0.6123450398445129,0.39005622267723083,0.9574950861371256,0.9612644577488715,0.00041452631578947364,False
2,668,0.3876187801361084,0.6123812198638916,0.3880845010280609,0.9572132616487455,0.9609306288142855,0.0004135789473684211,False
2,669,0.387583464384079,0.6124165654182434,0.3860892355442047,0.9571193201526189,0.9608516042857429,0.0004126315789473684,False
2,670,0.38754644989967346,0.6124535202980042,0.3895118832588196,0.9568302693953059,0.9604967274229792,0.0004116842105263158,False
2,671,0.38750725984573364,0.6124927997589111,0.3866235017776489,0.9570036998496936,0.9606319676756594,0.0004107368421052631,False
2,672,0.3874673545360565,0.6125326752662659,0.38735467195510864,0.9570470574632907,0.9604820006656121,0.00040978947368421054,False
2,673,0.38742777705192566,0.612572193145752,0.38949599862098694,0.9568374956642387,0.9602069953206154,0.00040884210526315786,False
2,674,0.3873845934867859,0.6126154065132141,0.38868027925491333,0.9565412186379928,0.9598546228113513,0.0004078947368421052,False
2,675,0.3873406648635864,0.6126593947410583,0.38695505261421204,0.9563461093768065,0.9595958778213035,0.0004069473684210526,False
2,676,0.3872973620891571,0.6127026081085205,0.39157411456108093,0.9565628974447913,0.9598785462752505,0.00040599999999999995,False
2,677,0.3872542083263397,0.6127458214759827,0.3855534791946411,0.9568085905885073,0.9600098201773841,0.0004050526315789474,False
2,678,0.38721033930778503,0.6127896904945374,0.3859052360057831,0.957278298069141,0.960311856453807,0.0004041052631578947,False
2,679,0.3871653974056244,0.6128345727920532,0.3898465931415558,0.9574155971788646,0.9604811839847508,0.00040315789473684214,False
2,680,0.38711851835250854,0.6128814816474915,0.390785276889801,0.9573505607584691,0.9603689230933266,0.00040221052631578947,False
2,681,0.3870771825313568,0.6129227876663208,0.386125385761261,0.9576901953983119,0.9606741209986689,0.0004012631578947368,False
2,682,0.3870372474193573,0.6129627227783203,0.38496339321136475,0.9579575673488265,0.9607915149805014,0.0004003157894736842,False
2,683,0.386994868516922,0.6130051016807556,0.3814886510372162,0.9583116545265349,0.9610152387549706,0.00039936842105263155,False
2,684,0.38695263862609863,0.6130473613739014,0.3873123824596405,0.958680194242109,0.9612393009793212,0.000398421052631579,False
2,685,0.3869110941886902,0.613088846206665,0.3850472569465637,0.9589114348479593,0.9614605818434909,0.0003974736842105263,False
2,686,0.38687101006507874,0.6131290197372437,0.3872152268886566,0.9590776390334144,0.9616838638842307,0.0003965263157894737,False
2,687,0.3868308663368225,0.6131691336631775,0.3875046968460083,0.9592510694878021,0.9618748174334814,0.000395578947368421,False
2,688,0.38679075241088867,0.6132092475891113,0.37965768575668335,0.9592077118742051,0.9619827940672622,0.00039463157894736834,False
2,689,0.3867492079734802,0.613250732421875,0.3865116834640503,0.9593450109839288,0.9624182621826298,0.0003936842105263158,False
2,690,0.3867088556289673,0.6132911443710327,0.38976895809173584,0.9596701930859058,0.9626442290586081,0.0003927368421052631,False
2,691,0.38666948676109314,0.6133305430412292,0.3901195228099823,0.9604795352063822,0.9634226264607939,0.00039178947368421053,False
2,692,0.3866298496723175,0.6133701205253601,0.38752204179763794,0.9609926003006127,0.9638521072744684,0.00039084210526315786,False
2,693,0.3865928649902344,0.6134071350097656,0.3826862573623657,0.9610937680656724,0.9639847528240034,0.0003898947368421053,False
2,694,0.38655996322631836,0.6134400367736816,0.39051252603530884,0.9609998265695456,0.9639451344966684,0.0003889473684210526,False
2,695,0.38652628660202026,0.6134737133979797,0.3811222314834595,0.9606963232743669,0.9636736622655285,0.00038799999999999994,False
2,696,0.38649314641952515,0.6135068535804749,0.3818874657154083,0.9602771996762632,0.9632277719668396,0.0003870526315789474,False
2,697,0.3864564895629883,0.6135434508323669,0.39306867122650146,0.9598797548849578,0.9629280290186675,0.0003861052631578947,False
2,698,0.38642022013664246,0.6135797500610352,0.3960413634777069,0.9594967626315181,0.9626611725366385,0.00038515789473684214,False
2,699,0.3863847553730011,0.6136152744293213,0.3852400779724121,0.9591065441091455,0.962312075833463,0.00038421052631578946,False
2,700,0.3863486051559448,0.6136513948440552,0.38835057616233826,0.9585212163255868,0.9615615804265124,0.00038326315789473684,False
2,701,0.3863128423690796,0.6136871576309204,0.38283923268318176,0.9582321655682737,0.9608583013820453,0.00038231578947368417,False
2,702,0.3862781822681427,0.6137217879295349,0.3858744502067566,0.9582104867614754,0.9605325138801714,0.0003813684210526315,False
2,703,0.3862433433532715,0.6137567162513733,0.3783307373523712,0.9583694646779976,0.960541660444429,0.00038042105263157893,False
2,704,0.3862070143222809,0.6137929558753967,0.38103798031806946,0.9585718002081165,0.9604683871308877,0.00037947368421052625,False
2,705,0.3861696124076843,0.6138303875923157,0.3922310173511505,0.9585718002081165,0.9603980879289429,0.0003785263157894737,False
2,706,0.3861323297023773,0.6138676404953003,0.391398549079895,0.9585428951323852,0.9604082226609553,0.000377578947368421,False
2,707,0.3860947787761688,0.6139051914215088,0.3827461004257202,0.9585718002081165,0.960763532743886,0.00037663157894736845,False
2,708,0.38605451583862305,0.6139454245567322,0.3821811378002167,0.9585067637877211,0.9609685446164566,0.00037568421052631577,False
2,709,0.3860137164592743,0.6139862537384033,0.3888706564903259,0.9586657417042433,0.9612079991915943,0.0003747368421052631,False
2,710,0.3859715461730957,0.6140285134315491,0.3757244348526001,0.9584489536362584,0.9610698948391813,0.00037378947368421053,False
2,711,0.38592642545700073,0.6140735149383545,0.3892556428909302,0.9581454503410798,0.9607862044695066,0.00037284210526315786,False
2,712,0.3858846127986908,0.6141153573989868,0.3845394253730774,0.9580226037692219,0.9607638215034421,0.0003718947368421053,False
2,713,0.3858434855937958,0.6141565442085266,0.38722941279411316,0.9579720198866922,0.9608750144208301,0.0003709473684210526,False
2,714,0.3857974708080292,0.6142024993896484,0.3799280822277069,0.9579792461556249,0.9611014375660891,0.00037000000000000005,False
2,715,0.38575196266174316,0.6142480969429016,0.3788182735443115,0.9581888079546769,0.9616406814584701,0.0003690526315789474,False
2,716,0.3857077360153198,0.6142922639846802,0.38694238662719727,0.9584200485605272,0.9619665852504163,0.0003681052631578947,False
2,717,0.3856648802757263,0.6143350601196289,0.3806348145008087,0.9583550121401319,0.961933504640871,0.0003671578947368421,False
2,718,0.3856239318847656,0.6143760085105896,0.38296744227409363,0.9582177130304081,0.9618084701848151,0.0003662105263157894,False
2,719,0.3855860233306885,0.6144140362739563,0.3802414536476135,0.9578636258526998,0.9613221503171847,0.00036526315789473684,False
2,720,0.3855530917644501,0.6144469380378723,0.39090561866760254,0.9579142097352296,0.9613283249231743,0.00036431578947368416,False
2,721,0.3855252265930176,0.6144747734069824,0.38745561242103577,0.9582321655682737,0.9617275884548535,0.0003633684210526316,False
2,722,0.3854999244213104,0.6145000457763672,0.38402020931243896,0.9585212163255867,0.9620498112219564,0.0003624210526315789,False
2,723,0.385475754737854,0.6145243048667908,0.38329702615737915,0.958716325586773,0.962229299460935,0.00036147368421052625,False
2,724,0.38545018434524536,0.6145498752593994,0.3896300196647644,0.9586946467799745,0.9621290049691127,0.0003605263157894737,False
2,725,0.3854215443134308,0.6145784854888916,0.3844350576400757,0.9586657417042433,0.9621095512203643,0.000359578947368421,False
2,726,0.3853888511657715,0.6146112084388733,0.3862749934196472,0.9588680772343623,0.9622438695144135,0.00035863157894736844,False
2,727,0.38536006212234497,0.614639937877655,0.3868791460990906,0.9593450109839288,0.9624068961521589,0.00035768421052631577,False
2,728,0.3853331208229065,0.6146668791770935,0.3884589374065399,0.959626835472309,0.9624715693851106,0.0003567368421052632,False
2,729,0.3853060305118561,0.6146939396858215,0.38665878772735596,0.9594823100936525,0.9622820511707663,0.0003557894736842105,False
2,730,0.3852809965610504,0.614719033241272,0.3822857737541199,0.9593522372528617,0.9622671351883845,0.00035484210526315785,False
2,731,0.38526031374931335,0.614739716053009,0.38090163469314575,0.9588463984275639,0.9618803986381746,0.00035389473684210523,False
2,732,0.3852385878562927,0.6147614121437073,0.385942280292511,0.9584200485605273,0.9617600669790127,0.00035294736842105256,False
2,733,0.3852154314517975,0.6147845983505249,0.38652870059013367,0.9583983697537287,0.9617722918681832,0.000352,False
2,734,0.38518673181533813,0.6148132681846619,0.3847927451133728,0.9584055960226615,0.9618145063725461,0.0003510526315789473,False
2,735,0.38515597581863403,0.6148439645767212,0.38105735182762146,0.9586440628974449,0.9618834451619417,0.00035010526315789475,False
2,736,0.38512423634529114,0.6148757338523865,0.3795093894004822,0.9588825297722281,0.962056847456293,0.0003491578947368421,False
2,737,0.38509228825569153,0.6149077415466309,0.380916565656662,0.9589114348479593,0.9620005282242123,0.0003482105263157894,False
2,738,0.385060578584671,0.6149394512176514,0.3783174157142639,0.9588680772343623,0.9618792232821638,0.00034726315789473683,False
2,739,0.3850281536579132,0.6149718165397644,0.3873347342014313,0.9587235518557059,0.9616655391617924,0.00034631578947368416,False
2,740,0.38499417901039124,0.6150057911872864,0.3822190761566162,0.9585790264770493,0.9614928653476168,0.0003453684210526316,False
2,741,0.38495758175849915,0.6150424480438232,0.3826036751270294,0.958672967973176,0.9613656374018663,0.0003444210526315789,False
2,742,0.3849206268787384,0.615079402923584,0.38286280632019043,0.958803040813967,0.9612598856716879,0.00034347368421052635,False
2,743,0.38488706946372986,0.6151129007339478,0.38328272104263306,0.9589692449994219,0.9611894396670231,0.0003425263157894737,False
2,744,0.3848557770252228,0.6151442527770996,0.38381117582321167,0.9591932593363395,0.9615288858034181,0.000341578947368421,False
2,745,0.3848261833190918,0.6151737570762634,0.3832259178161621,0.9590559602266158,0.9615831959963603,0.00034063157894736844,False
2,746,0.3847973048686981,0.6152026653289795,0.37710872292518616,0.9588897560411609,0.961554555447936,0.00033968421052631576,False
2,747,0.3847694993019104,0.6152305006980896,0.3842189610004425,0.9586223840906465,0.9614323132476965,0.0003387368421052632,False
2,748,0.3847404420375824,0.61525958776474,0.38157570362091064,0.9584055960226615,0.9613841668824408,0.0003377894736842105,False
2,749,0.3847089111804962,0.6152911186218262,0.3873729705810547,0.9580515088449532,0.9609399066629662,0.00033684210526315796,False
2,750,0.3846778869628906,0.6153221130371094,0.38718971610069275,0.9579286622730953,0.9605710456799256,0.0003358947368421053,False
2,751,0.384644478559494,0.6153555512428284,0.38560551404953003,0.9581526766100127,0.9606231034241705,0.0003349473684210526,False
2,752,0.38461560010910034,0.6153843998908997,0.3891266882419586,0.9584345010983928,0.9605635383745676,0.000334,False
2,753,0.3845832049846649,0.6154167652130127,0.39020630717277527,0.9587452306625043,0.9607454302719256,0.0003330526315789473,False
2,754,0.3845520615577698,0.6154479384422302,0.387979120016098,0.9589042085790266,0.9607623229774622,0.00033210526315789475,False
2,755,0.38452133536338806,0.6154786944389343,0.386965811252594,0.9589909238062204,0.9609146369757986,0.00033115789473684207,False
2,756,0.38449612259864807,0.6155039072036743,0.3822852373123169,0.958882529772228,0.9609342212858626,0.0003302105263157895,False
2,757,0.3844708204269409,0.6155291795730591,0.38192644715309143,0.9587235518557059,0.960853949148735,0.00032926315789473683,False
2,758,0.3844490945339203,0.6155508756637573,0.38657137751579285,0.958803040813967,0.9613093194907751,0.00032831578947368416,False
2,759,0.38442540168762207,0.6155745387077332,0.3785896599292755,0.9586946467799744,0.9614039466953326,0.0003273684210526316,False
2,760,0.38440290093421936,0.6155970692634583,0.3783474266529083,0.9585934790149151,0.9614357259327175,0.0003264210526315789,False
2,761,0.3843804895877838,0.6156194806098938,0.38132232427597046,0.9587958145450342,0.9615960156691448,0.00032547368421052635,False
2,762,0.3843563199043274,0.6156436800956726,0.3777439296245575,0.959048733957683,0.9618770791355857,0.0003245263157894737,False
2,763,0.38433152437210083,0.6156684160232544,0.39031094312667847,0.959381142328593,0.9621773135044621,0.0003235789473684211,False
2,764,0.3843054175376892,0.6156945824623108,0.3816387951374054,0.9594244999421899,0.9620005834374734,0.00032263157894736843,False
2,765,0.3842838406562805,0.6157161593437195,0.3810405433177948,0.9590631864955486,0.9614553094260612,0.0003216842105263158,False
2,766,0.38425934314727783,0.6157406568527222,0.37749043107032776,0.9588102670828997,0.9610273631894581,0.00032073684210526314,False
2,767,0.384231835603714,0.6157681941986084,0.38160526752471924,0.9586512891663777,0.9606907862302599,0.00031978947368421046,False
2,768,0.3842025399208069,0.6157975196838379,0.38327905535697937,0.9584489536362586,0.9603916926929701,0.0003188421052631579,False
2,769,0.38417568802833557,0.6158243417739868,0.3762378692626953,0.9581093189964158,0.960002225380815,0.0003178947368421052,False
2,770,0.38415461778640747,0.6158454418182373,0.3842477798461914,0.9576323852468493,0.959397818451921,0.00031694736842105266,False
2,771,0.3841317296028137,0.615868330001831,0.38062456250190735,0.9571409989594173,0.9587703309430282,0.000316,False
2,772,0.38410472869873047,0.6158952713012695,0.3804371953010559,0.9568736270089028,0.9584763013543769,0.0003150526315789474,False
2,773,0.3840804696083069,0.6159194707870483,0.37911489605903625,0.9564617296797316,0.9581116071101741,0.00031410526315789474,False
2,774,0.38405323028564453,0.6159467697143555,0.3829672038555145,0.9561148687709562,0.9578287806278054,0.00031315789473684207,False
2,775,0.3840278089046478,0.6159722208976746,0.3833931088447571,0.9558980807029714,0.9579228298485564,0.0003122105263157895,False
2,776,0.3840026259422302,0.6159973740577698,0.3729075789451599,0.9559197595097699,0.9580434348470083,0.00031126315789473683,False
2,777,0.3839775025844574,0.6160224676132202,0.3800051212310791,0.9561437738466876,0.9583129968598705,0.00031031578947368426,False
2,778,0.38394978642463684,0.6160502433776855,0.38394010066986084,0.9566423864030524,0.958773243802689,0.0003093684210526316,False
2,779,0.38392865657806396,0.6160712838172913,0.3868729770183563,0.9568880795467685,0.9589745109646981,0.000308421052631579,False
2,780,0.38390466570854187,0.6160953640937805,0.3768184781074524,0.9571048676147531,0.9591582724788431,0.00030747368421052635,False
2,781,0.383881151676178,0.616118848323822,0.37951213121414185,0.9574806335992601,0.9594339829022257,0.00030652631578947367,False
2,782,0.38385409116744995,0.61614590883255,0.3780589997768402,0.9576612903225806,0.9598997185684192,0.00030557894736842105,False
2,783,0.3838241398334503,0.6161758303642273,0.3836335241794586,0.9576107064400509,0.9600855780787325,0.0003046315789473684,False
2,784,0.3837983310222626,0.616201639175415,0.3880253732204437,0.9570326049254249,0.9595670611468631,0.0003036842105263158,False
2,785,0.3837727904319763,0.6162272691726685,0.37393918633461,0.9567652329749106,0.9592615386086313,0.00030273684210526314,False
2,786,0.38374680280685425,0.616253137588501,0.38013195991516113,0.956577349982657,0.9590632336654374,0.00030178947368421057,False
2,787,0.3837209641933441,0.6162790656089783,0.38083329796791077,0.9565628974447914,0.9591270695241265,0.0003008421052631579,False
2,788,0.3836975395679474,0.616302490234375,0.38647276163101196,0.9566279338651869,0.9590983636792594,0.0002998947368421052,False
2,789,0.38367870450019836,0.6163212656974792,0.37831148505210876,0.9566496126719852,0.9589858566933919,0.00029894736842105265,False
2,790,0.38366004824638367,0.616339921951294,0.38001611828804016,0.9565628974447913,0.9588792008797367,0.000298,False
2,791,0.38363948464393616,0.6163605451583862,0.37805646657943726,0.9566785177477164,0.9587954578810284,0.0002970526315789474,False
2,792,0.38361692428588867,0.6163830757141113,0.3774595856666565,0.956823043126373,0.9589341917357227,0.00029610526315789474,False
2,793,0.3835933804512024,0.6164066195487976,0.37378615140914917,0.9570831888079547,0.9591713993576331,0.00029515789473684217,False
2,794,0.3835703134536743,0.6164296865463257,0.37971389293670654,0.957437275985663,0.9594938368260234,0.0002942105263157895,False
2,795,0.38354605436325073,0.6164539456367493,0.3785960078239441,0.957567348826454,0.9596467692413316,0.0002932631578947368,False
2,796,0.38352081179618835,0.6164791584014893,0.3830767869949341,0.9576107064400509,0.959820124792888,0.0002923157894736842,False
2,797,0.38349461555480957,0.6165054440498352,0.38083896040916443,0.9576323852468493,0.9598799939478169,0.00029136842105263153,False
2,798,0.3834691643714905,0.6165308952331543,0.3829159736633301,0.9577191004740433,0.9601279733122889,0.00029042105263157896,False
2,799,0.3834441602230072,0.6165558099746704,0.373134583234787,0.9579575673488264,0.9603058938909588,0.0002894736842105263,False
2,800,0.3834167420864105,0.6165832877159119,0.37558889389038086,0.9580515088449533,0.9604894223118987,0.0002885263157894737,False
2,801,0.3833938241004944,0.6166061758995056,0.3797358572483063,0.9580731876517516,0.9606464105965647,0.00028757894736842105,False
2,802,0.38337022066116333,0.6166297793388367,0.3793541491031647,0.9581165452653486,0.9607170288718451,0.00028663157894736837,False
2,803,0.38334789872169495,0.6166520714759827,0.379194438457489,0.9578925309284312,0.9604988004070885,0.0002856842105263158,False
2,804,0.38332393765449524,0.6166760325431824,0.3771483898162842,0.9576251589779166,0.9602081570928851,0.00028473684210526313,False
2,805,0.3833007216453552,0.6166992783546448,0.38010233640670776,0.9573361082206034,0.9598523221888624,0.00028378947368421057,False
2,806,0.38327670097351074,0.6167232394218445,0.3798236846923828,0.957191582841947,0.9596410501745454,0.0002828421052631579,False
2,807,0.38325294852256775,0.6167470812797546,0.3738093078136444,0.9568519482021043,0.9593538307723772,0.0002818947368421053,False
2,808,0.3832302391529083,0.6167697906494141,0.37418133020401,0.956620707596254,0.9590486451225726,0.00028094736842105265,False
2,809,0.3832087814807892,0.6167911887168884,0.38175079226493835,0.9564039195282691,0.9587501281044349,0.00028,False
2,810,0.3831919729709625,0.6168080568313599,0.3817357122898102,0.9564689559486644,0.9587144690802999,0.0002790526315789474,False
2,811,0.38317522406578064,0.6168248057365417,0.3787170946598053,0.9566929702855821,0.9587734000092935,0.00027810526315789473,False
2,812,0.3831576108932495,0.6168423295021057,0.3762049674987793,0.9570109261186265,0.9589473177773201,0.0002771578947368421,False
2,813,0.3831397294998169,0.6168602705001831,0.38113731145858765,0.9572493929934096,0.959124715183346,0.00027621052631578944,False
2,814,0.38312050700187683,0.6168794631958008,0.3767955005168915,0.957393918372066,0.9590560670006317,0.0002752631578947369,False
2,815,0.3830985128879547,0.6169015169143677,0.3802071213722229,0.9572999768759394,0.9588688261383607,0.0002743157894736842,False
2,816,0.38307732343673706,0.6169226169586182,0.37743493914604187,0.9570398311943578,0.9585852516794382,0.0002733684210526315,False
2,817,0.3830593526363373,0.6169406771659851,0.3856508433818817,0.956743554168112,0.9584183411743561,0.00027242105263157896,False
2,818,0.38304293155670166,0.6169571280479431,0.37657105922698975,0.9565050872933287,0.9584122764369077,0.0002714736842105263,False
2,819,0.38302287459373474,0.6169771552085876,0.38300761580467224,0.95620158399815,0.9582784878949526,0.0002705263157894737,False
2,820,0.3830012381076813,0.6169987916946411,0.373967707157135,0.9562810729564111,0.9582533396839471,0.00026957894736842104,False
2,821,0.3829773962497711,0.6170225739479065,0.37694835662841797,0.9563533356457394,0.9582858504272402,0.0002686315789473685,False
2,822,0.38295450806617737,0.617045521736145,0.37579333782196045,0.9562810729564112,0.9581294573867061,0.0002676842105263158,False
2,823,0.3829282522201538,0.6170717477798462,0.37312766909599304,0.956244941611747,0.9581373336934318,0.00026673684210526313,False
2,824,0.3829032778739929,0.6170967221260071,0.37930765748023987,0.9559342120476357,0.9578997197359709,0.00026578947368421056,False
2,825,0.38287553191185,0.6171244382858276,0.38243961334228516,0.9557607815932478,0.9577995826074401,0.0002648421052631579,False
2,826,0.38284754753112793,0.6171524524688721,0.3757040500640869,0.9557029714417852,0.9578811508667004,0.00026389473684210527,False
2,827,0.3828222155570984,0.6171777844429016,0.3780764043331146,0.9558836281651059,0.9582287035085739,0.0002629473684210526,False
2,828,0.38279980421066284,0.6172001361846924,0.3787911534309387,0.9559269857787027,0.958340259164876,0.000262,False
2,829,0.38278383016586304,0.617216169834137,0.38295555114746094,0.9560209272748295,0.9585148581327352,0.00026105263157894735,False
2,830,0.3827698230743408,0.617230236530304,0.38675656914711,0.9560426060816278,0.9587394638057615,0.0002601052631578947,False
2,831,0.38275474309921265,0.6172452569007874,0.38223546743392944,0.956244941611747,0.9592318208637749,0.0002591578947368421,False
2,832,0.38273999094963074,0.6172600388526917,0.37752363085746765,0.9562810729564112,0.9594844425427786,0.00025821052631578944,False
2,833,0.38272449374198914,0.6172755360603333,0.3776705265045166,0.9563099780321425,0.9596194780552909,0.00025726315789473687,False
2,834,0.382707417011261,0.6172925233840942,0.3761543929576874,0.9562738466874784,0.9596244490704896,0.0002563157894736842,False
2,835,0.3826919198036194,0.6173080801963806,0.3778223395347595,0.9561293213088219,0.959520460603213,0.00025536842105263163,False
2,836,0.38267502188682556,0.617324948310852,0.3838706910610199,0.95620158399815,0.9597485933320933,0.00025442105263157895,False
2,837,0.3826594352722168,0.617340624332428,0.3748760521411896,0.956244941611747,0.9597380857967353,0.0002534736842105263,False
2,838,0.38264426589012146,0.6173557043075562,0.3750133514404297,0.9563605619146722,0.9598237186130624,0.0002525263157894737,False
2,839,0.3826308846473694,0.6173691153526306,0.37584421038627625,0.9562955254942769,0.959718006665898,0.00025157894736842104,False
2,840,0.3826172947883606,0.6173826456069946,0.37545549869537354,0.9562810729564112,0.9597932850513997,0.0002506315789473685,False
2,841,0.3826049268245697,0.6173951029777527,0.3792882561683655,0.9561004162330906,0.9596591960219154,0.0002496842105263158,False
2,842,0.3825918436050415,0.6174080967903137,0.3778049945831299,0.9559847959301653,0.9594578223828806,0.0002487368421052632,False
2,843,0.3825770616531372,0.6174229383468628,0.3768681287765503,0.9559414383165684,0.9593535719999873,0.0002477894736842105,False
2,844,0.3825628459453583,0.6174371838569641,0.37949585914611816,0.9559847959301653,0.9592775503039437,0.00024684210526315783,False
2,845,0.3825483024120331,0.6174517273902893,0.38237959146499634,0.9560570586194935,0.9592505704982899,0.00024589473684210526,False
2,846,0.38253456354141235,0.6174654960632324,0.37407276034355164,0.9559414383165684,0.9592235851217004,0.0002449473684210526,False
2,847,0.38252103328704834,0.6174789071083069,0.38141125440597534,0.9559631171233669,0.9591937072693695,0.00024400000000000002,False
2,848,0.3825041353702545,0.6174958348274231,0.37445035576820374,0.9560064747369639,0.9592521965927429,0.00024305263157894735,False
2,849,0.3824863135814667,0.6175136566162109,0.3777957856655121,0.956208810267083,0.9594063905022583,0.00024210526315789478,False
2,850,0.3824689984321594,0.6175310015678406,0.3779311180114746,0.9562738466874784,0.95944921913127,0.0002411578947368421,False
2,851,0.3824525773525238,0.6175473928451538,0.37862950563430786,0.9562232628049485,0.9594659472947419,0.00024021052631578943,False
2,852,0.38243621587753296,0.6175637245178223,0.37023860216140747,0.9562955254942768,0.9595892773192379,0.00023926315789473687,False
2,853,0.38241884112358093,0.6175811886787415,0.3799879848957062,0.9564472771418661,0.9596101324733256,0.0002383157894736842,False
2,854,0.38240310549736023,0.6175968647003174,0.37853991985321045,0.9567291016302463,0.9596825189886442,0.00023736842105263163,False
2,855,0.38238659501075745,0.6176133751869202,0.373480886220932,0.9569314371603654,0.9597297374105609,0.00023642105263157895,False
2,856,0.3823694586753845,0.6176306009292603,0.3791700601577759,0.9570904150768875,0.9596980188646123,0.00023547368421052638,False
2,857,0.3823513388633728,0.6176486611366272,0.3759111166000366,0.9571626777662158,0.9596904327019389,0.0002345263157894737,False
2,858,0.38233399391174316,0.6176660060882568,0.3754833936691284,0.9571626777662158,0.9596130773914476,0.00023357894736842104,False
2,859,0.3823162317276001,0.6176837682723999,0.3766212463378906,0.9574155971788646,0.959670154511773,0.00023263157894736841,False
2,860,0.38229459524154663,0.6177054643630981,0.36785873770713806,0.9575962539021852,0.9597580447124502,0.00023168421052631574,False
2,861,0.3822733163833618,0.6177266836166382,0.37676864862442017,0.957523991212857,0.9596002008447354,0.00023073684210526317,False
2,862,0.38225221633911133,0.6177477240562439,0.3740544021129608,0.9577335530119089,0.9597342724952832,0.0002297894736842105,False
2,863,0.38223254680633545,0.6177673935890198,0.3733549416065216,0.9577624580876403,0.9597784252900103,0.00022884210526315793,False
2,864,0.38221144676208496,0.6177884936332703,0.3805040419101715,0.957639611515782,0.9597516397990633,0.00022789473684210526,False
2,865,0.38219016790390015,0.6178098320960999,0.38241568207740784,0.9575312174817898,0.9595845002579781,0.00022694736842105258,False
2,866,0.3821704685688019,0.6178295612335205,0.37157899141311646,0.9571771303040814,0.9592139113735327,0.00022600000000000002,False
2,867,0.38214823603630066,0.6178517937660217,0.3725261688232422,0.9570109261186264,0.9590453422045485,0.00022505263157894734,False
2,868,0.3821226954460144,0.6178773641586304,0.3723502457141876,0.9567146490923807,0.9587328629615105,0.00022410526315789478,False
2,869,0.38209688663482666,0.6179031133651733,0.37591981887817383,0.9567291016302463,0.9587232610991248,0.0002231578947368421,False
2,870,0.38207098841667175,0.6179290413856506,0.3750845193862915,0.9567869117817089,0.9587960860048645,0.00022221052631578954,False
2,871,0.3820449411869049,0.6179550886154175,0.37903428077697754,0.9567507804370448,0.9588838174470676,0.00022126315789473683,False
2,872,0.3820175528526306,0.6179824471473694,0.3706039786338806,0.9567001965545151,0.9590783254865334,0.00022031578947368416,False
2,873,0.3819911479949951,0.6180088520050049,0.378238320350647,0.9568447219331715,0.9593696934972534,0.0002193684210526316,False
2,874,0.3819657862186432,0.6180341839790344,0.3730509281158447,0.9567001965545151,0.9592864375938247,0.00021842105263157892,False
2,875,0.3819425106048584,0.6180575489997864,0.3774014711380005,0.9567941380506417,0.9595306521233881,0.00021747368421052633,False
2,876,0.3819216787815094,0.618078351020813,0.3761855661869049,0.9567941380506416,0.9596803942566507,0.00021652631578947365,False
2,877,0.3819024860858917,0.6180974841117859,0.37609148025512695,0.9567724592438432,0.9595685935310474,0.00021557894736842109,False
2,878,0.38188308477401733,0.6181169152259827,0.37301385402679443,0.9567218753613135,0.9594733492444182,0.0002146315789473684,False
2,879,0.3818645477294922,0.6181354522705078,0.37851524353027344,0.9566568389409179,0.9592673262825258,0.00021368421052631574,False
2,880,0.3818472921848297,0.6181527376174927,0.38304996490478516,0.9566207075962538,0.9592513977581253,0.00021273684210526317,False
2,881,0.3818309009075165,0.6181691288948059,0.3757670521736145,0.9563461093768065,0.9590431237155222,0.0002117894736842105,False
2,882,0.38181379437446594,0.6181861758232117,0.36866074800491333,0.9561510001156203,0.9587867761222564,0.00021084210526315793,False
2,883,0.3817979097366333,0.6182020902633667,0.37088388204574585,0.9559775696612325,0.9585316828784793,0.00020989473684210526,False
2,884,0.3817821741104126,0.6182178854942322,0.38322538137435913,0.9557969129379119,0.958317011323695,0.0002089473684210527,False
2,885,0.3817667067050934,0.6182332634925842,0.3690778613090515,0.955710197710718,0.9582869050712872,0.00020800000000000001,False
2,886,0.38175129890441895,0.6182486414909363,0.37918123602867126,0.9556379350213898,0.9582272411744956,0.00020705263157894734,False
2,887,0.38173699378967285,0.6182630658149719,0.3775879740715027,0.955833044282576,0.9583241242824333,0.00020610526315789475,False
2,888,0.3817218542098999,0.6182781457901001,0.3726516366004944,0.9561148687709562,0.9585522116639841,0.00020515789473684207,False
2,889,0.38170546293258667,0.6182945370674133,0.38088086247444153,0.9561943577292172,0.9586359297931875,0.0002042105263157895,False
2,890,0.38169196248054504,0.6183080673217773,0.3795399069786072,0.9560498323505607,0.9586066154350028,0.00020326315789473683,False
2,891,0.38167524337768555,0.6183247566223145,0.3751184046268463,0.9561076425020235,0.9588525738821706,0.00020231578947368424,False
2,892,0.3816586136817932,0.618341326713562,0.37177762389183044,0.9560859636952249,0.9588958675455485,0.00020136842105263156,False
2,893,0.3816431164741516,0.6183568239212036,0.3750263452529907,0.9561437738466874,0.9590197566273907,0.0002004210526315789,False
2,894,0.38162779808044434,0.6183722019195557,0.37251561880111694,0.9561076425020234,0.9589675766912429,0.00019947368421052632,False
2,895,0.3816119134426117,0.6183881163597107,0.368232786655426,0.9561943577292172,0.9590535710590653,0.00019852631578947365,False
2,896,0.3815963864326477,0.6184036135673523,0.36973583698272705,0.9561943577292173,0.9588981107509096,0.00019757894736842108,False
2,897,0.3815818428993225,0.6184181571006775,0.37630119919776917,0.9561943577292172,0.958821145241314,0.0001966315789473684,False
2,898,0.38156670331954956,0.6184332966804504,0.37710970640182495,0.9564617296797316,0.9590119204558193,0.00019568421052631584,False
2,899,0.3815493583679199,0.6184506416320801,0.373313307762146,0.9565701237137241,0.9591823311859411,0.00019473684210526317,False
2,900,0.3815314471721649,0.6184685230255127,0.3737868368625641,0.9566857440166493,0.9593126114618489,0.0001937894736842105,False
2,901,0.38151514530181885,0.6184848546981812,0.3757244348526001,0.9568736270089027,0.9596102646910012,0.00019284210526315793,False
2,902,0.3814971148967743,0.6185028553009033,0.3745776116847992,0.9569242108914324,0.9596227127705296,0.00019189473684210525,False
2,903,0.381477415561676,0.6185226440429688,0.3742287755012512,0.9570759625390218,0.9598505246488435,0.00019094736842105266,False
2,904,0.3814598321914673,0.6185401678085327,0.38260045647621155,0.9570470574632904,0.9598652666862828,0.00018999999999999998,False
2,905,0.3814428448677063,0.6185571551322937,0.38195765018463135,0.9570181523875593,0.9599515025309769,0.0001890526315789474,False
2,906,0.3814256191253662,0.6185743808746338,0.3729535937309265,0.9571337726904845,0.9601585987034733,0.00018810526315789472,False
2,907,0.3814082145690918,0.6185917854309082,0.3752177357673645,0.9573361082206034,0.9603879465387858,0.00018715789473684204,False
2,908,0.38139083981513977,0.6186091899871826,0.3712273836135864,0.9575601225575212,0.9607304882937433,0.00018621052631578947,False
2,909,0.3813727796077728,0.6186272501945496,0.37287676334381104,0.9575456700196554,0.9607954003615184,0.0001852631578947368,False
2,910,0.38135361671447754,0.6186463832855225,0.37133440375328064,0.9576901953983119,0.9610263109953748,0.00018431578947368423,False
2,911,0.3813335597515106,0.618666410446167,0.38124924898147583,0.9576034801711181,0.9610796787454344,0.00018336842105263156,False
2,912,0.38131529092788696,0.6186846494674683,0.3754672706127167,0.9575528962885883,0.9610866627637336,0.000182421052631579,False
2,913,0.3812967538833618,0.6187032461166382,0.3698713481426239,0.9575456700196555,0.9611744935680959,0.00018147368421052632,False
2,914,0.3812784254550934,0.618721604347229,0.37483319640159607,0.9576974216672446,0.9613779806291658,0.00018052631578947364,False
2,915,0.381259560585022,0.618740439414978,0.3773994743824005,0.957733553011909,0.9614030047571389,0.00017957894736842108,False
2,916,0.3812420964241028,0.6187578439712524,0.36694636940956116,0.9576251589779164,0.9612859933429355,0.0001786315789473684,False
2,917,0.38122519850730896,0.6187747716903687,0.3724997043609619,0.9573433344895363,0.9609480826351858,0.0001776842105263158,False
2,918,0.3812071979045868,0.6187928318977356,0.37574827671051025,0.9573144294138051,0.9609115683412054,0.00017673684210526314,False
2,919,0.38118937611579895,0.6188106536865234,0.3681466281414032,0.957191582841947,0.9607028151442271,0.00017578947368421057,False
2,920,0.3811732232570648,0.6188268065452576,0.3772602677345276,0.9570831888079546,0.9605678558946992,0.0001748421052631579,False
2,921,0.3811548948287964,0.6188451051712036,0.36871036887168884,0.9568880795467684,0.9603556757176337,0.0001738947368421053,False
2,922,0.3811393976211548,0.6188606023788452,0.3714538514614105,0.9567146490923806,0.9602130267190689,0.00017294736842105263,False
2,923,0.38112184405326843,0.618878185749054,0.3713749647140503,0.9565556711758585,0.9600534411623965,0.00017199999999999995,False
2,924,0.38110435009002686,0.6188956499099731,0.3737747371196747,0.9563099780321425,0.9598265812963034,0.00017105263157894739,False
2,925,0.3810858726501465,0.6189141273498535,0.3781289756298065,0.9562810729564111,0.9598369531196055,0.0001701052631578947,False
2,926,0.381071537733078,0.6189284324645996,0.37539732456207275,0.9562810729564111,0.9598094830304029,0.00016915789473684215,False
2,927,0.38105592131614685,0.6189441084861755,0.3695255517959595,0.9561293213088219,0.9596707940789407,0.00016821052631578947,False
2,928,0.381039559841156,0.618960440158844,0.37464794516563416,0.956490634755463,0.959996210538104,0.0001672631578947369,False
2,929,0.38102561235427856,0.6189743876457214,0.3732481598854065,0.9567941380506417,0.9601831974403918,0.00016631578947368423,False
2,930,0.38101208209991455,0.6189879179000854,0.3742830157279968,0.9571193201526189,0.9604397439870238,0.00016536842105263156,False
2,931,0.3809989094734192,0.619001030921936,0.37408483028411865,0.9571193201526188,0.960361347141602,0.000164421052631579,False
2,932,0.38098740577697754,0.6190125346183777,0.36888056993484497,0.9572421667244768,0.9604013549894943,0.00016347368421052631,False
2,933,0.3809754550457001,0.6190245151519775,0.36959853768348694,0.957444502254596,0.9605222761285825,0.00016252631578947372,False
2,934,0.3809639811515808,0.6190360188484192,0.3727547526359558,0.9576396115157821,0.9606679725656598,0.00016157894736842105,False
2,935,0.38095223903656006,0.6190477013587952,0.36852410435676575,0.9577841368944386,0.9608433446620339,0.00016063157894736848,False
2,936,0.38094109296798706,0.6190588474273682,0.37310075759887695,0.9580009249624234,0.9609083813226047,0.0001596842105263158,False
2,937,0.3809293806552887,0.6190705895423889,0.37372881174087524,0.9582393918372066,0.9611249670392779,0.00015873684210526313,False
2,938,0.38091742992401123,0.6190825700759888,0.3703669607639313,0.9583694646779974,0.9612551922993691,0.00015778947368421054,False
2,939,0.38090577721595764,0.6190942525863647,0.3771916925907135,0.9585501214013181,0.9613407477470657,0.00015684210526315786,False
2,940,0.38089466094970703,0.6191052794456482,0.36985674500465393,0.9586512891663777,0.9613996593601827,0.0001558947368421053,False
2,941,0.3808819651603699,0.6191179752349854,0.37347114086151123,0.95875968320037,0.961428113295215,0.00015494736842105262,False
2,942,0.38087043166160583,0.6191295385360718,0.37112510204315186,0.9588897560411608,0.961571998300426,0.00015400000000000006,False
2,943,0.380858451128006,0.6191415786743164,0.36966150999069214,0.9588753035032952,0.9615039685572653,0.00015305263157894738,False
2,944,0.3808455765247345,0.6191544532775879,0.3697154223918915,0.9589403399236907,0.9616127011237771,0.0001521052631578947,False
2,945,0.38083088397979736,0.6191691160202026,0.37368398904800415,0.9589186611168922,0.9615564111556263,0.00015115789473684214,False
2,946,0.38081619143486023,0.6191837787628174,0.3737777769565582,0.9588897560411609,0.9615251144087338,0.00015021052631578947,False
2,947,0.38080283999443054,0.6191971302032471,0.38730087876319885,0.9588825297722281,0.961586833370674,0.00014926315789473687,False
2,948,0.3807912766933441,0.6192086935043335,0.37435832619667053,0.9587380043935716,0.9614059570387185,0.0001483157894736842,False
2,949,0.38078051805496216,0.6192194819450378,0.37566494941711426,0.9585356688634524,0.9612332134046474,0.00014736842105263163,False
2,950,0.3807688057422638,0.6192312240600586,0.37295588850975037,0.9583550121401317,0.9611294697321708,0.00014642105263157896,False
2,951,0.38075730204582214,0.6192426681518555,0.37566059827804565,0.9581888079546768,0.9610702049885603,0.00014547368421052628,False
2,952,0.38074439764022827,0.6192556619644165,0.37214136123657227,0.9580731876517515,0.9609942813555086,0.0001445263157894737,False
2,953,0.3807311952114105,0.6192688345909119,0.37420499324798584,0.9578274945080356,0.9608207325463474,0.00014357894736842102,False
2,954,0.3807178735733032,0.619282066822052,0.3752667307853699,0.9578708521216325,0.9608754221010446,0.00014263157894736845,False
2,955,0.38070571422576904,0.619294285774231,0.3707621991634369,0.9575890276332525,0.9606925277259656,0.00014168421052631578,False
2,956,0.3806946873664856,0.6193053126335144,0.36630386114120483,0.9574155971788645,0.9605804752061637,0.0001407368421052632,False
2,957,0.38068193197250366,0.6193180680274963,0.37117451429367065,0.957278298069141,0.960481348266849,0.00013978947368421053,False
2,958,0.380669504404068,0.6193304657936096,0.3697165548801422,0.9572493929934097,0.9603899214548206,0.00013884210526315786,False
2,959,0.380657434463501,0.619342565536499,0.36910030245780945,0.9572421667244768,0.960403132625788,0.0001378947368421053,False
2,960,0.3806441128253937,0.6193558573722839,0.36736366152763367,0.9572927506070066,0.9604868469127276,0.00013694736842105262,False
2,961,0.3806319832801819,0.6193680167198181,0.3698968291282654,0.9571482252283502,0.9604360913114188,0.00013600000000000003,False
2,962,0.3806191086769104,0.6193808913230896,0.36805838346481323,0.9571265464215516,0.9604906900150871,0.00013505263157894735,False
2,963,0.3806067705154419,0.6193931698799133,0.3764193058013916,0.9570976413458204,0.960478460124996,0.00013410526315789479,False
2,964,0.3805963397026062,0.6194037199020386,0.3707433044910431,0.9570578968666897,0.9604449695863488,0.0001331578947368421,False
2,965,0.3805857002735138,0.6194143295288086,0.37206315994262695,0.9570542837322233,0.9604883636163867,0.00013221052631578944,False
2,966,0.38057634234428406,0.6194236278533936,0.37463611364364624,0.9570253786564922,0.9605143199681923,0.00013126315789473687,False
2,967,0.38056665658950806,0.6194333434104919,0.3709034323692322,0.9570398311943578,0.9605242236302597,0.0001303157894736842,False
2,968,0.3805573880672455,0.6194425821304321,0.36598172783851624,0.9569964735807608,0.9604719641554378,0.0001293684210526316,False
2,969,0.3805491626262665,0.6194508075714111,0.3723278343677521,0.9570398311943576,0.9604774446846858,0.00012842105263157893,False
2,970,0.3805401623249054,0.6194598078727722,0.3685707151889801,0.957112093883686,0.9605269747254622,0.00012747368421052636,False
2,971,0.3805321156978607,0.6194679141044617,0.3726455569267273,0.9570542837322233,0.9604727460029014,0.0001265263157894737,False
2,972,0.3805221617221832,0.6194778084754944,0.3718809485435486,0.9570687362700889,0.9605076934561662,0.000125578947368421,False
2,973,0.3805115818977356,0.6194884181022644,0.3668076992034912,0.9570181523875592,0.9604890467858689,0.00012463157894736845,False
2,974,0.3805011808872223,0.6194987893104553,0.37317341566085815,0.9568953058157013,0.9604160206170117,0.00012368421052631577,False
2,975,0.38049110770225525,0.6195089221000671,0.3716903626918793,0.9568591744710372,0.9603171223362494,0.0001227368421052632,False
2,976,0.38047894835472107,0.6195210814476013,0.36916497349739075,0.9568808532778356,0.9603311811879607,0.00012178947368421052,False
2,977,0.38046595454216003,0.6195340156555176,0.36978763341903687,0.9568880795467685,0.9603012078201688,0.00012084210526315794,False
2,978,0.3804532289505005,0.6195467710494995,0.3746158182621002,0.9568519482021044,0.960302561679532,0.00011989473684210526,False
2,979,0.3804418444633484,0.6195581555366516,0.36829715967178345,0.9568013643195745,0.9602851907337817,0.00011894736842105259,False
2,980,0.38042935729026794,0.6195706725120544,0.37416863441467285,0.9567110359579143,0.9601962961567816,0.00011800000000000002,False
2,981,0.38041841983795166,0.6195815801620483,0.3700668513774872,0.9567074228234479,0.960206284481266,0.00011705263157894735,False
2,982,0.3804093897342682,0.6195906400680542,0.3733327090740204,0.956620707596254,0.9601308236505236,0.00011610526315789477,False
2,983,0.38040125370025635,0.6195987462997437,0.3756831884384155,0.9566062550583881,0.9600271214661682,0.0001151578947368421,False
2,984,0.3803938031196594,0.6196061968803406,0.3748333156108856,0.9568158168574402,0.9602174940246956,0.00011421052631578953,False
2,985,0.3803864121437073,0.6196136474609375,0.3693656921386719,0.9569242108914326,0.9603822555909277,0.00011326315789473685,False
2,986,0.3803793787956238,0.6196205615997314,0.36706408858299255,0.9569675685050294,0.9603257426760858,0.00011231578947368418,False
2,987,0.3803727328777313,0.6196272373199463,0.36394524574279785,0.9570542837322233,0.9603746818871954,0.0001113684210526316,False
2,988,0.3803655505180359,0.6196344494819641,0.3759025037288666,0.9570470574632906,0.9603924926194274,0.00011042105263157892,False
2,989,0.3803586959838867,0.6196413040161133,0.36925071477890015,0.9571843565730143,0.9604657703929405,0.00010947368421052634,False
2,990,0.3803517520427704,0.6196482181549072,0.3758307993412018,0.9572638455312753,0.9604960772426137,0.00010852631578947367,False
2,991,0.38034406304359436,0.6196559071540833,0.36839741468429565,0.9573722395652676,0.9605410220475439,0.0001075789473684211,False
2,992,0.3803362548351288,0.6196637153625488,0.3735208213329315,0.9574589547924616,0.9605246687446722,0.00010663157894736843,False
2,993,0.38032856583595276,0.6196714639663696,0.3708849847316742,0.9575528962885882,0.9605918073088067,0.00010568421052631575,False
2,994,0.38032016158103943,0.619679868221283,0.3740491271018982,0.9577263267429761,0.9607812129765586,0.00010473684210526317,False
2,995,0.3803117275238037,0.6196882724761963,0.37116891145706177,0.9577769106255059,0.9609131504885505,0.0001037894736842105,False
2,996,0.3803035318851471,0.6196964979171753,0.3686009645462036,0.957892530928431,0.9610574553982675,0.00010284210526315793,False
2,997,0.38029441237449646,0.6197055578231812,0.37248849868774414,0.9578347207769685,0.9610180218330807,0.00010189473684210526,False
2,998,0.38028544187545776,0.6197145581245422,0.3670594096183777,0.9578058157012371,0.9610654599658047,0.00010094736842105268,False
2,999,0.38027700781822205,0.6197230219841003,0.37208542227745056,0.9578274945080356,0.9611196296181977,0.0001,False
2,1000,0.38026943802833557,0.619730532169342,0.3700452446937561,0.9576829691293791,0.9609519158012039,0.0001,False
3,1,0.4999900162220001,0.5000100135803223,1.8919422626495361,0.5614774829460053,0.5549628204620353,4e-05,False
3,2,0.4999721944332123,0.5000278353691101,1.876128911972046,0.5957986472424557,0.5835632194025473,6e-05,False
3,3,0.4999493360519409,0.5000506639480591,1.8458276987075806,0.6298777315296566,0.6119904075465942,8e-05,False
3,4,0.49991530179977417,0.5000846982002258,1.8098071813583374,0.6546855127760435,0.6329971703965307,0.0001,False
3,5,0.4998711943626404,0.5001288056373596,1.7646669149398804,0.6707928662273095,0.6471766134816943,0.00012,False
3,6,0.499816358089447,0.500183641910553,1.7292145490646362,0.6809891316915251,0.6571438868976849,0.00014000000000000001,False
3,7,0.4997534453868866,0.5002465844154358,1.6965503692626953,0.6877240143369177,0.6651576429824957,0.00016,False
3,8,0.4996801018714905,0.5003198981285095,1.6601221561431885,0.6920453231587467,0.6725075446903044,0.00017999999999999998,False
3,9,0.49959564208984375,0.5004042983055115,1.6344246864318848,0.6960920337611285,0.6786341300688494,0.0002,False
3,10,0.4994989037513733,0.5005010366439819,1.6070547103881836,0.6999508613712568,0.6845858452518385,0.00022,False
3,11,0.49939054250717163,0.5006093978881836,1.5865764617919922,0.7035206382240721,0.6896411126995066,0.00024,False
3,12,0.49927031993865967,0.5007296800613403,1.5669654607772827,0.707516764943924,0.6962929930737268,0.00026000000000000003,False
3,13,0.4991374909877777,0.5008625388145447,1.5463789701461792,0.711476760319112,0.7030043764297279,0.00028000000000000003,False
3,14,0.4989932179450989,0.5010067820549011,1.5321506261825562,0.716340039310903,0.7088863058213508,0.0003,False
3,15,0.498836874961853,0.501163125038147,1.5141359567642212,0.7219909816163719,0.7168935474764486,0.00032,False
3,16,0.49866774678230286,0.5013322234153748,1.4945703744888306,0.7287114117238986,0.7268201805363275,0.00034,False
3,17,0.49848487973213196,0.5015150904655457,1.4773409366607666,0.7344129379118973,0.734397535971058,0.00035999999999999997,False
3,18,0.4982878863811493,0.5017121434211731,1.4589905738830566,0.7398037345357845,0.74038905948669,0.00038,False
3,19,0.4980769753456116,0.5019230842590332,1.444079041481018,0.7448440571164296,0.746138391551633,0.0004,False
3,20,0.4978525638580322,0.5021474361419678,1.4224743843078613,0.7503396346398428,0.7524691727015076,0.00042,False
3,21,0.49761343002319336,0.5023865699768066,1.4037113189697266,0.7565975835356689,0.7585448323384486,0.00044,False
3,22,0.497359037399292,0.502640962600708,1.3811149597167969,0.7631518094577407,0.7636995105029857,0.00046,False
3,23,0.4970892667770386,0.5029107332229614,1.3592936992645264,0.7700095386749912,0.769659686267658,0.00048,False
3,24,0.4968048930168152,0.5031951069831848,1.3341944217681885,0.7761879986125564,0.7742833904762809,0.0005,False
3,25,0.4965042173862457,0.5034958124160767,1.309086799621582,0.7825615678113076,0.7790422534828998,0.0005200000000000001,False
3,26,0.4961867034435272,0.5038132667541504,1.281237244606018,0.7891736038848423,0.7841108839089386,0.00054,False
3,27,0.49585193395614624,0.5041480660438538,1.262527346611023,0.797136952248815,0.7902191069220111,0.0005600000000000001,False
3,28,0.4954999089241028,0.5045000910758972,1.2339365482330322,0.8059746791536595,0.7967874117425429,0.00058,False
3,29,0.4951305091381073,0.5048694610595703,1.2173078060150146,0.8135333564573938,0.8030754395148402,0.0006,False
3,30,0.4947429597377777,0.5052570700645447,1.1988701820373535,0.8205861949358307,0.8088169137252494,0.00062,False
3,31,0.49433693289756775,0.5056630373001099,1.1746007204055786,0.8275089605734767,0.8151689853453086,0.00064,False
3,32,0.4939124584197998,0.506087601184845,1.1591393947601318,0.8362527459821945,0.822011533054486,0.00066,False
3,33,0.4934692978858948,0.50653076171875,1.1316900253295898,0.846000982772575,0.829672855337813,0.00068,False
3,34,0.49300768971443176,0.5069922804832458,1.1174461841583252,0.8548242571395538,0.8371970162011949,0.0007,False
3,35,0.4925273656845093,0.5074726343154907,1.0993903875350952,0.8607570239334028,0.8422780657431277,0.0007199999999999999,False
3,36,0.49202826619148254,0.5079717040061951,1.0721722841262817,0.865403514857209,0.8457730723750316,0.00074,False
3,37,0.4915115237236023,0.5084884166717529,1.0538421869277954,0.8707509538674992,0.8511814984906965,0.00076,False
3,38,0.49097907543182373,0.5090209245681763,1.0419481992721558,0.8749060585038733,0.8550272445470061,0.0007800000000000001,False
3,39,0.4904318153858185,0.5095682144165039,1.0225112438201904,0.8788226962654643,0.858433201897337,0.0008,False
3,40,0.48986732959747314,0.5101327300071716,1.002921223640442,0.883122326280495,0.8630355301128894,0.00082,False
3,41,0.48928672075271606,0.5107132792472839,0.9869590997695923,0.8874942189848537,0.8671583288600844,0.00084,False
3,42,0.48869314789772034,0.5113068222999573,0.9656815528869629,0.8891490345704706,0.8680367627951167,0.00086,False
3,43,0.48808401823043823,0.511915922164917,0.9525994062423706,0.8889394727714187,0.8674246014494065,0.00088,False
3,44,0.487459659576416,0.512540340423584,0.9298714399337769,0.8914469880911087,0.8697293652027661,0.0009000000000000001,False
3,45,0.4868219196796417,0.5131780505180359,0.9228503704071045,0.8975459590704129,0.8788093758847932,0.00092,False
3,46,0.4861711263656616,0.5138288736343384,0.9095932245254517,0.8999161752803793,0.8807574317829043,0.00094,False
3,47,0.4855075776576996,0.514492392539978,0.8994697332382202,0.9001401896172968,0.8778174369935878,0.00096,False
3,48,0.4848310649394989,0.5151689052581787,0.8916622996330261,0.9038328130419702,0.8831069269444561,0.00098,False
3,49,0.4841405153274536,0.5158594846725464,0.8766815662384033,0.9097005434154237,0.8909934114729716,0.001,False
3,50,0.4834369122982025,0.5165631175041199,0.859528660774231,0.9116733148340848,0.8908666051383595,0.0009990526315789474,False
3,51,0.4827408492565155,0.5172591805458069,0.8559660911560059,0.913024627124523,0.8916834705771668,0.0009981052631578948,False
3,52,0.4820501208305359,0.5179498791694641,0.8414556980133057,0.9140507573129841,0.8935694376081805,0.000997157894736842,False
3,53,0.4813693165779114,0.5186306238174438,0.848044753074646,0.914715574054804,0.8962370187537089,0.0009962105263157895,False
3,54,0.48069873452186584,0.5193012952804565,0.8255711793899536,0.9146360850965429,0.8972040022783114,0.0009952631578947367,False
3,55,0.4800369441509247,0.5199630856513977,0.8201799988746643,0.9168473233899873,0.9026665837270892,0.0009943157894736843,False
3,56,0.4793788194656372,0.5206211805343628,0.8091702461242676,0.9185021389756041,0.9031059737980021,0.0009933684210526315,False
3,57,0.4787345826625824,0.5212653875350952,0.8080605864524841,0.9181552780668286,0.9013514950092348,0.0009924210526315788,False
3,58,0.4781006872653961,0.5218992829322815,0.7967947721481323,0.9208362238409065,0.9053088314958687,0.0009914736842105262,False
3,59,0.4774702191352844,0.5225297808647156,0.7900972366333008,0.9217900913400393,0.9075105292263974,0.0009905263157894736,False
3,60,0.4768458306789398,0.5231541395187378,0.7860330939292908,0.9224693606197247,0.9073480491400812,0.000989578947368421,False
3,61,0.47622987627983093,0.5237700939178467,0.7735763788223267,0.9245794311481097,0.9074488645479183,0.0009886315789473684,False
3,62,0.4756208658218384,0.5243791341781616,0.7710345983505249,0.9280986241183952,0.9110717992236663,0.0009876842105263157,False
3,63,0.47501906752586365,0.524980902671814,0.7658665180206299,0.9308373800439357,0.9135295144349601,0.0009867368421052631,False
3,64,0.47442886233329773,0.5255711674690247,0.7619894742965698,0.9306422707827494,0.9123978036477509,0.0009857894736842105,False
3,65,0.4738418161869049,0.5261582136154175,0.7544496059417725,0.9304760665972944,0.9124625601964617,0.0009848421052631579,False
3,66,0.4732682406902313,0.5267317891120911,0.7460563778877258,0.9321959186033066,0.9160221252217418,0.0009838947368421053,False
3,67,0.4727116525173187,0.5272883176803589,0.749170184135437,0.9348840906463175,0.9191981732103711,0.0009829473684210526,False
3,68,0.47216320037841797,0.527836799621582,0.7365265488624573,0.9359608047173082,0.9205925916278778,0.000982,False
3,69,0.47161367535591125,0.5283863544464111,0.7286286354064941,0.9367051104173892,0.9230950911061775,0.0009810526315789474,False
3,70,0.47106921672821045,0.5289307832717896,0.7260870337486267,0.9375505838825298,0.9272859820946256,0.0009801052631578948,False
3,71,0.4705309569835663,0.5294690728187561,0.7247470617294312,0.938945253786565,0.9319506530864962,0.000979157894736842,False
3,72,0.4700033366680145,0.5299966335296631,0.7265677452087402,0.9388079546768412,0.9306354683964372,0.0009782105263157895,False
3,73,0.46947920322418213,0.5305207371711731,0.7109670639038086,0.9385911666088564,0.9298279884853635,0.0009772631578947367,False
3,74,0.4689580500125885,0.5310419797897339,0.7194312214851379,0.9398629899410337,0.9314263208007608,0.0009763157894736843,False
3,75,0.46844616532325745,0.5315538644790649,0.7201999425888062,0.9406072956411146,0.9322872796636167,0.0009753684210526316,False
3,76,0.46793481707572937,0.532065212726593,0.7076737284660339,0.9389741588622963,0.9300451934260909,0.000974421052631579,False
3,77,0.4674314558506012,0.5325685143470764,0.6985251903533936,0.9369580298300383,0.925967829104565,0.0009734736842105263,False
3,78,0.4669361114501953,0.5330638885498047,0.7016127705574036,0.9387429182564458,0.9302127782147335,0.0009725263157894737,False
3,79,0.4664466083049774,0.5335533618927002,0.6926252245903015,0.9407951786333681,0.9340689283889713,0.0009715789473684211,False
3,80,0.46595993638038635,0.534040093421936,0.6964737176895142,0.9426595560180367,0.9359027698631179,0.0009706315789473685,False
3,81,0.4654760956764221,0.5345239043235779,0.6876058578491211,0.9429486067753498,0.9354546621154662,0.0009696842105263158,False
3,82,0.46499648690223694,0.5350035429000854,0.6805177330970764,0.9436495548618338,0.936041630137247,0.0009687368421052631,False
3,83,0.4645181894302368,0.535481870174408,0.6833837628364563,0.9444661232512428,0.9380395989850664,0.0009677894736842106,False
3,84,0.46404752135276794,0.5359524488449097,0.6774447560310364,0.9448707943114811,0.9393391712959828,0.0009668421052631579,False
3,85,0.4635894298553467,0.5364106297492981,0.6804981231689453,0.9450080934212048,0.938869684728004,0.0009658947368421053,False
3,86,0.4631364643573761,0.5368635058403015,0.6859776377677917,0.9450948086483988,0.9369240107316482,0.0009649473684210526,False
3,87,0.46268758177757263,0.5373124480247498,0.6662091016769409,0.9453621805989132,0.9376402487886445,0.000964,False
3,88,0.4622538089752197,0.5377461910247803,0.6750475168228149,0.9473277257486415,0.9417984288215804,0.0009630526315789474,False
3,89,0.4618285596370697,0.5381714105606079,0.6677433848381042,0.9475734188923577,0.9435478268296206,0.0009621052631578948,False
3,90,0.4614011347293854,0.538598895072937,0.6682358980178833,0.946605098855359,0.9418249268786745,0.0009611578947368422,False
3,91,0.46097758412361145,0.5390223860740662,0.6625913381576538,0.946026997340733,0.940441575494662,0.0009602105263157895,False
3,92,0.46055933833122253,0.5394406914710999,0.6590720415115356,0.9471832003699849,0.941861256974573,0.0009592631578947368,False
3,93,0.4601437747478485,0.5398562550544739,0.6503217816352844,0.9485923228118858,0.9462995822471895,0.0009583157894736843,False
3,94,0.45973262190818787,0.5402674078941345,0.6584532260894775,0.9488163371488033,0.9484203417933484,0.0009573684210526316,False
3,95,0.4593285322189331,0.5406714677810669,0.6539790630340576,0.9475445138166262,0.9474725492995018,0.0009564210526315789,False
3,96,0.4589308500289917,0.5410691499710083,0.6478856801986694,0.9466918140825529,0.946309883785597,0.0009554736842105263,False
3,97,0.4585324823856354,0.541467547416687,0.6431244015693665,0.9467640767718811,0.9458107330394516,0.0009545263157894737,False
3,98,0.45813482999801636,0.5418651700019836,0.6455373167991638,0.9472554630593132,0.945977946011815,0.0009535789473684211,False
3,99,0.45773807168006897,0.5422618985176086,0.6424014568328857,0.9481153890623193,0.9472168846552851,0.0009526315789473685,False
3,100,0.45734551548957825,0.5426544547080994,0.6328495740890503,0.9481370678691178,0.9479928939436056,0.0009516842105263158,False
3,101,0.45695048570632935,0.5430495142936707,0.6388207674026489,0.9482815932477743,0.9477873856318183,0.0009507368421052631,False
3,102,0.4565611183643341,0.5434389114379883,0.6273263692855835,0.9482021042895132,0.9461327229026948,0.0009497894736842106,False
3,103,0.45617738366127014,0.5438226461410522,0.6363984942436218,0.9478335645739392,0.943710431918573,0.0009488421052631579,False
3,104,0.45579758286476135,0.5442023873329163,0.6281691789627075,0.9491487455197132,0.9450008582673558,0.0009478947368421054,False
3,105,0.45541274547576904,0.5445873141288757,0.6302180886268616,0.9493655335876979,0.9458466524420454,0.0009469473684210526,False
3,106,0.4550308585166931,0.5449690818786621,0.6248443126678467,0.9497051682275408,0.9469578882918117,0.000946,False
3,107,0.45465439558029175,0.545345664024353,0.6208279132843018,0.9494594750838248,0.9473742253400622,0.0009450526315789474,False
3,108,0.4542815387248993,0.5457184314727783,0.6124153733253479,0.9490331252167882,0.9479455870600295,0.0009441052631578948,False
3,109,0.45391225814819336,0.5460877418518066,0.6154754161834717,0.9472482367903804,0.9458114438892402,0.0009431578947368421,False
3,110,0.45354437828063965,0.5464556217193604,0.6172164082527161,0.9463955370563071,0.9449518058929816,0.0009422105263157895,False
3,111,0.45317327976226807,0.5468267798423767,0.6117434501647949,0.9457523991212857,0.9455818539139873,0.0009412631578947369,False
3,112,0.45280900597572327,0.5471909642219543,0.6171296834945679,0.9471398427563881,0.9470855298542319,0.0009403157894736842,False
3,113,0.4524455666542053,0.5475544333457947,0.6121833324432373,0.94891027864493,0.9483173345571846,0.0009393684210526317,False
3,114,0.45208847522735596,0.5479114651679993,0.6142304539680481,0.9495895479246157,0.9486623008428704,0.0009384210526315789,False
3,115,0.45173582434654236,0.54826420545578,0.6004660725593567,0.9482237830963117,0.9483335408926493,0.0009374736842105263,False
3,116,0.451388955116272,0.5486109852790833,0.6048096418380737,0.9466556827378888,0.9465293951604784,0.0009365263157894737,False
3,117,0.45105475187301636,0.5489452481269836,0.6075495481491089,0.9470892588738583,0.9467683845182121,0.0009355789473684211,False
3,118,0.45073193311691284,0.5492680668830872,0.6060839891433716,0.948173199213782,0.9478124446435384,0.0009346315789473685,False
3,119,0.4504103660583496,0.5495895743370056,0.6012956500053406,0.9496618106139437,0.9501599593098312,0.0009336842105263158,False
3,120,0.4500933587551117,0.5499066114425659,0.5989049077033997,0.9493366285119668,0.9505322910955827,0.0009327368421052631,False
3,121,0.44976991415023804,0.550230085849762,0.5917966961860657,0.9487585269973408,0.9501550215785913,0.0009317894736842106,False
3,122,0.44944998621940613,0.5505500435829163,0.6028062105178833,0.9494305700080934,0.9504484588935486,0.0009308421052631579,False
3,123,0.44913214445114136,0.5508678555488586,0.5905888080596924,0.9498352410683315,0.9505168698968885,0.0009298947368421054,False
3,124,0.4488138258457184,0.5511861443519592,0.5918176174163818,0.9504133425829576,0.9510340751219257,0.0009289473684210526,False
3,125,0.4484812915325165,0.5515187382698059,0.5846519470214844,0.9505867730373453,0.9507303199327615,0.000928,False
3,126,0.4481489062309265,0.5518510937690735,0.5915391445159912,0.9499725401780552,0.9500655859978014,0.0009270526315789474,False
3,127,0.4478224217891693,0.5521776080131531,0.5887764692306519,0.9488380159556018,0.9493297435847498,0.0009261052631578948,False
3,128,0.4475029408931732,0.5524970293045044,0.585941731929779,0.9484911550468262,0.9487624232112661,0.0009251578947368421,False
3,129,0.4471868872642517,0.5528131127357483,0.5817548036575317,0.9498207885304659,0.9487154771029281,0.0009242105263157894,False
3,130,0.4468798041343689,0.5531201958656311,0.5841583609580994,0.9497051682275407,0.9484351956042645,0.0009232631578947369,False
3,131,0.44657912850379944,0.5534208416938782,0.5835444331169128,0.9488091108798704,0.948590466345332,0.0009223157894736842,False
3,132,0.44627615809440613,0.5537238717079163,0.580925464630127,0.9473566308243727,0.9482200374060346,0.0009213684210526317,False
3,133,0.44597816467285156,0.5540217757225037,0.5756698846817017,0.9468796970748063,0.9476736404868522,0.0009204210526315789,False
3,134,0.44567450881004333,0.5543254613876343,0.5832432508468628,0.9474505723204996,0.9483357570317698,0.0009194736842105263,False
3,135,0.44536292552948,0.5546371340751648,0.566338062286377,0.9478335645739391,0.9484702243841163,0.0009185263157894737,False
3,136,0.4450536072254181,0.5549463629722595,0.5707851648330688,0.9476167765059544,0.9467875162591377,0.0009175789473684211,False
3,137,0.4447479546070099,0.5552520751953125,0.5787886381149292,0.9484767025089605,0.9476724800798966,0.0009166315789473685,False
3,138,0.4444476366043091,0.5555524230003357,0.5680912137031555,0.9496112267314141,0.9498227394698593,0.0009156842105263158,False
3,139,0.444147527217865,0.555852472782135,0.561823844909668,0.9490909353682507,0.9506714287556326,0.0009147368421052632,False
3,140,0.4438522160053253,0.5561478137969971,0.5733647346496582,0.9483177245924385,0.9505385201675871,0.0009137894736842106,False
3,141,0.4435582458972931,0.5564417839050293,0.5679700374603271,0.9492571395537056,0.9509333785316414,0.000912842105263158,False
3,142,0.4432695508003235,0.5567305088043213,0.5645853281021118,0.9504205688518903,0.9515760601040251,0.0009118947368421052,False
3,143,0.442979633808136,0.557020366191864,0.561535656452179,0.9509480864839867,0.9511588136729058,0.0009109473684210526,False
3,144,0.44268742203712463,0.5573126077651978,0.5569535493850708,0.9513238524684935,0.9504315156306292,0.00091,False
3,145,0.44239869713783264,0.5576013326644897,0.5663456320762634,0.9517285235287317,0.9507337679183879,0.0009090526315789474,False
3,146,0.44211485981941223,0.5578851103782654,0.566329836845398,0.9518296912937912,0.9513853232823194,0.0009081052631578948,False
3,147,0.4418348968029022,0.5581651329994202,0.5601163506507874,0.9500664816741821,0.9499336550009545,0.0009071578947368421,False
3,148,0.44155392050743103,0.5584460496902466,0.5540193319320679,0.948830789686669,0.9492757235091105,0.0009062105263157894,False
3,149,0.441277414560318,0.5587225556373596,0.5502203106880188,0.9470675800670598,0.9487236094105783,0.0009052631578947369,False
3,150,0.4410009980201721,0.5589989423751831,0.5526440143585205,0.9453043704474506,0.9467416810304314,0.0009043157894736842,False
3,151,0.440731018781662,0.5592689514160156,0.5595470666885376,0.9455645161290324,0.945893579545465,0.0009033684210526317,False
3,152,0.4404631555080414,0.559536874294281,0.5631109476089478,0.9484044398196323,0.9487431866020384,0.0009024210526315789,False
3,153,0.4401938319206238,0.5598061680793762,0.5447642803192139,0.949813562261533,0.9499335602452705,0.0009014736842105264,False
3,154,0.4399292469024658,0.5600707530975342,0.5505037903785706,0.9505939993062782,0.9509256776340654,0.0009005263157894737,False
3,155,0.4396664798259735,0.5603334903717041,0.5538272857666016,0.9502037807839057,0.9507880708948557,0.0008995789473684212,False
3,156,0.4393988251686096,0.5606011748313904,0.5516570210456848,0.949119840443982,0.9499179479580985,0.0008986315789473684,False
3,157,0.43913576006889343,0.560864269733429,0.5457867383956909,0.9484044398196324,0.9497979629616206,0.0008976842105263158,False
3,158,0.43887749314308167,0.5611225366592407,0.5487568378448486,0.9487079431148109,0.9501932520352186,0.0008967368421052632,False
3,159,0.43861261010169983,0.5613873600959778,0.5441834926605225,0.9502977222800324,0.9509764128905548,0.0008957894736842105,False
3,160,0.43834513425827026,0.561654806137085,0.5414100289344788,0.9514972829228813,0.9509357142355099,0.000894842105263158,False
3,161,0.4380771219730377,0.5619228482246399,0.5434399843215942,0.9517718811423286,0.9509677372873395,0.0008938947368421052,False
3,162,0.43780797719955444,0.5621920228004456,0.5468019843101501,0.9515045091918141,0.9510343528368027,0.0008929473684210526,False
3,163,0.4375438392162323,0.5624561905860901,0.5509210824966431,0.950933633946121,0.9513791630408566,0.000892,False
3,164,0.4372844994068146,0.562715470790863,0.5458734035491943,0.9496834894207423,0.9510558180956895,0.0008910526315789474,False
3,165,0.43702030181884766,0.5629796981811523,0.5362370014190674,0.948664585501214,0.9504969495528449,0.0008901052631578948,False
3,166,0.4367556571960449,0.5632442831993103,0.5389271378517151,0.9487007168458782,0.95003990932825,0.0008891578947368421,False
3,167,0.4364926218986511,0.5635073184967041,0.5457156896591187,0.9496834894207423,0.9511105642677103,0.0008882105263157895,False
3,168,0.43622517585754395,0.563774824142456,0.5418649315834045,0.9512299109723668,0.9526429983692435,0.0008872631578947369,False
3,169,0.4359625279903412,0.5640375018119812,0.5325586795806885,0.9521042895132386,0.9532039149497281,0.0008863157894736843,False
3,170,0.435706228017807,0.5642938017845154,0.5386972427368164,0.9527474274482598,0.9533838981241325,0.0008853684210526317,False
3,171,0.4354488253593445,0.5645511746406555,0.5394935011863708,0.9528124638686555,0.9538976743977702,0.0008844210526315789,False
3,172,0.43518978357315063,0.5648102164268494,0.5380045771598816,0.952212683547231,0.9533789275229256,0.0008834736842105263,False
3,173,0.4349377155303955,0.5650622844696045,0.5305202007293701,0.9513672100820905,0.9527842122872064,0.0008825263157894737,False
3,174,0.4346960484981537,0.5653039216995239,0.5332324504852295,0.9511070644005089,0.95189051831768,0.0008815789473684211,False
3,175,0.4344524145126343,0.5655475854873657,0.5310034155845642,0.9512877211238293,0.952104827318437,0.0008806315789473684,False
3,176,0.4342151880264282,0.565784752368927,0.5271091461181641,0.9515261879986125,0.9525151439997325,0.0008796842105263157,False
3,177,0.43398135900497437,0.5660186409950256,0.5299508571624756,0.9524583766909469,0.953220328250163,0.0008787368421052632,False
3,178,0.43374818563461304,0.566251814365387,0.5293471217155457,0.9528630477511851,0.9537186929020647,0.0008777894736842106,False
3,179,0.4335077404975891,0.5664922595024109,0.5313155055046082,0.9534194704590125,0.9546592377396371,0.000876842105263158,False
3,180,0.4332691431045532,0.5667309165000916,0.5267807245254517,0.9533327552318187,0.9542931558056534,0.0008758947368421052,False
3,181,0.4330342411994934,0.5669657588005066,0.5237358808517456,0.953195456122095,0.9533710400706075,0.0008749473684210527,False
3,182,0.43280231952667236,0.5671976804733276,0.5310178399085999,0.9530147993987744,0.952989651370413,0.000874,False
3,183,0.4325728118419647,0.5674271583557129,0.5308196544647217,0.952660712221066,0.9523269546196429,0.0008730526315789475,False
3,184,0.4323430359363556,0.567656934261322,0.5306909084320068,0.95180078621806,0.9516096786299356,0.0008721052631578948,False
3,185,0.43211492896080017,0.5678850412368774,0.5276249051094055,0.9513527575442248,0.9516747965341479,0.0008711578947368421,False
3,186,0.43188154697418213,0.5681185126304626,0.5211899280548096,0.9519742166724477,0.9524553735149202,0.0008702105263157895,False
3,187,0.431648313999176,0.568351686000824,0.5230371356010437,0.953484506879408,0.9540754851985934,0.0008692631578947369,False
3,188,0.4314163029193878,0.5685836672782898,0.5160179138183594,0.9538747254017806,0.9559989825824129,0.0008683157894736843,False
3,189,0.431193470954895,0.5688064694404602,0.5259075164794922,0.9539686668979072,0.9569103470974246,0.0008673684210526315,False
3,190,0.4309675097465515,0.5690325498580933,0.5207657814025879,0.9538674991328477,0.9570008177687717,0.0008664210526315789,False
3,191,0.4307407736778259,0.5692591667175293,0.5173122882843018,0.9535278644930051,0.9563622312805524,0.0008654736842105263,False
3,192,0.43051496148109436,0.5694850087165833,0.5145437121391296,0.9524656029598797,0.9548072281932678,0.0008645263157894738,False
3,193,0.4302923083305359,0.5697077512741089,0.5265418291091919,0.9513455312752919,0.9533095048841485,0.0008635789473684211,False
3,194,0.43007197976112366,0.5699280500411987,0.514211893081665,0.951836917562724,0.9532726131963374,0.0008626315789473684,False
3,195,0.42985013127326965,0.570149838924408,0.5117861032485962,0.9527329749103943,0.9535601572058434,0.0008616842105263158,False
3,196,0.4296283423900604,0.570371687412262,0.517013669013977,0.9534772806104752,0.953856837367208,0.0008607368421052632,False
3,197,0.42940643429756165,0.5705935955047607,0.5176631212234497,0.9537735576367211,0.9537158882206607,0.0008597894736842106,False
3,198,0.42918622493743896,0.5708137154579163,0.5199993848800659,0.9539253092843103,0.9536133759859767,0.000858842105263158,False
3,199,0.42897555232048035,0.571024477481842,0.5139211416244507,0.954272170193086,0.9551959580239076,0.0008578947368421052,False
3,200,0.42876940965652466,0.5712305903434753,0.5128294229507446,0.9534772806104753,0.9558004813509704,0.0008569473684210527,False
3,201,0.4285624325275421,0.5714375972747803,0.5143766403198242,0.9530870620881028,0.9553110923322584,0.000856,False
3,202,0.4283548891544342,0.5716451406478882,0.514633059501648,0.9525234131113423,0.9542182206457144,0.0008550526315789474,False
3,203,0.42815887928009033,0.5718411207199097,0.512365996837616,0.9527329749103943,0.9540882361405454,0.0008541052631578947,False
3,204,0.42796117067337036,0.5720388293266296,0.5074297189712524,0.9535639958376693,0.9551243584342207,0.000853157894736842,False
3,205,0.4277600347995758,0.5722399353981018,0.5013620853424072,0.9541565498901606,0.9557181653592749,0.0008522105263157895,False
3,206,0.4275602698326111,0.5724397301673889,0.5078157782554626,0.9542938489998845,0.9558773870034917,0.0008512631578947369,False
3,207,0.42737552523612976,0.5726244449615479,0.5089945793151855,0.9538964042085789,0.9557173886125607,0.0008503157894736843,False
3,208,0.4271897077560425,0.5728102922439575,0.5078335404396057,0.953072609550237,0.9551141623050216,0.0008493684210526315,False
3,209,0.4269956946372986,0.5730043053627014,0.5041817426681519,0.9519164065209852,0.9541269264887537,0.000848421052631579,False
3,210,0.42679962515830994,0.5732003450393677,0.5053347945213318,0.9516562608394034,0.95343087603199,0.0008474736842105263,False
3,211,0.42660191655158997,0.5733981132507324,0.5015923380851746,0.9523138513122905,0.9538205453585176,0.0008465263157894738,False
3,212,0.4264044761657715,0.5735955238342285,0.5001587271690369,0.9525667707249393,0.9535078838850197,0.0008455789473684211,False
3,213,0.42620593309402466,0.5737940669059753,0.5027061104774475,0.9528991790958492,0.9536526303683703,0.0008446315789473684,False
3,214,0.4260078966617584,0.573992133140564,0.49972015619277954,0.9528485952133195,0.9536503320198323,0.0008436842105263158,False
3,215,0.42580941319465637,0.574190616607666,0.4948079586029053,0.9526101283385362,0.9534225149378122,0.0008427368421052632,False
3,216,0.4256085753440857,0.5743914246559143,0.5038298964500427,0.9525234131113423,0.9542599180386142,0.0008417894736842106,False
3,217,0.42540526390075684,0.5745946764945984,0.5008675456047058,0.9522343623540294,0.9540923194699693,0.000840842105263158,False
3,218,0.42520540952682495,0.574794590473175,0.4971955418586731,0.9524872817666782,0.9543526241161677,0.0008398947368421052,False
3,219,0.4250114858150482,0.5749885439872742,0.498201459646225,0.9524366978841485,0.9541190688246458,0.0008389473684210526,False
3,220,0.4248179793357849,0.5751820206642151,0.5014656782150269,0.9531015146259683,0.9541696219349453,0.0008380000000000001,False
3,221,0.4246238172054291,0.5753762125968933,0.5016852617263794,0.9544166955717425,0.9549070478579001,0.0008370526315789474,False
3,222,0.424437016248703,0.5755629539489746,0.4958975315093994,0.9554355994912707,0.9561883601488299,0.0008361052631578947,False
3,223,0.4242495894432068,0.5757504105567932,0.49220559000968933,0.9555584460631287,0.9571888448987886,0.0008351578947368421,False
3,224,0.424059122800827,0.5759409070014954,0.4976429343223572,0.9552332639611516,0.9567716863921498,0.0008342105263157895,False
3,225,0.423876017332077,0.5761239528656006,0.493360698223114,0.9547346514047866,0.9559013034038066,0.0008332631578947369,False
3,226,0.42370346188545227,0.5762965083122253,0.4957629144191742,0.9547635564805179,0.9548435195243004,0.0008323157894736843,False
3,227,0.42353227734565735,0.576467752456665,0.4990256428718567,0.9546768412533242,0.9544538846863769,0.0008313684210526315,False
3,228,0.4233611524105072,0.5766388177871704,0.4945480525493622,0.9545503815469997,0.9544645272586308,0.000830421052631579,False
3,229,0.42319151759147644,0.576808512210846,0.4995807409286499,0.9548791767834431,0.9553744767957195,0.0008294736842105263,False
3,230,0.42301973700523376,0.5769802331924438,0.4904487133026123,0.9549225343970401,0.9555685226106692,0.0008285263157894738,False
3,231,0.42284703254699707,0.5771529674530029,0.4870770573616028,0.9548285929009135,0.9555900424428816,0.000827578947368421,False
3,232,0.4226658046245575,0.5773341655731201,0.48676547408103943,0.9537735576367211,0.9550957674237679,0.0008266315789473684,False
3,233,0.42248421907424927,0.577515721321106,0.4895312190055847,0.952704069834663,0.9544665753360624,0.0008256842105263158,False
3,234,0.42231327295303345,0.5776867866516113,0.4903021454811096,0.9526607122210661,0.9540188654366447,0.0008247368421052632,False
3,235,0.422145813703537,0.5778541564941406,0.4822646975517273,0.9521620996647011,0.9532332507589116,0.0008237894736842106,False
3,236,0.42197006940841675,0.5780298709869385,0.48225754499435425,0.9519164065209851,0.9535987550605991,0.0008228421052631578,False
3,237,0.4217923581600189,0.5782076120376587,0.48223066329956055,0.9514900566539484,0.9538408206118044,0.0008218947368421053,False
3,238,0.4216170310974121,0.5783829689025879,0.4878653585910797,0.9518224650248583,0.9538590463153755,0.0008209473684210526,False
3,239,0.4214377701282501,0.5785622596740723,0.48231664299964905,0.9524222453462828,0.953420965473374,0.0008200000000000001,False
3,240,0.4212610125541687,0.5787390470504761,0.4833780527114868,0.9531520985084981,0.9528744847257475,0.0008190526315789474,False
3,241,0.421091765165329,0.5789082646369934,0.4880424737930298,0.9533833391143486,0.9523814784131157,0.0008181052631578947,False
3,242,0.4209178388118744,0.579082190990448,0.4848935902118683,0.9536001271823332,0.9523827210950129,0.0008171578947368421,False
3,243,0.42073768377304077,0.5792623162269592,0.47833558917045593,0.9537807839056538,0.9529192308901676,0.0008162105263157895,False
3,244,0.42056503891944885,0.5794349312782288,0.48937076330184937,0.9530870620881028,0.9519794605968854,0.0008152631578947369,False
3,245,0.4203888773918152,0.57961106300354,0.48386096954345703,0.9526029020696034,0.950946664713055,0.0008143157894736843,False
3,246,0.42021965980529785,0.5797803401947021,0.4876430630683899,0.9517357497976645,0.9483530117126748,0.0008133684210526315,False
3,247,0.4200573265552521,0.5799427032470703,0.48628222942352295,0.9513599838131576,0.9480401792330487,0.000812421052631579,False
3,248,0.4198915362358093,0.5801085233688354,0.48250433802604675,0.9509914440975835,0.9480812898040462,0.0008114736842105264,False
3,249,0.41973012685775757,0.5802698731422424,0.48971378803253174,0.9506301306509424,0.9481806198207354,0.0008105263157894737,False
3,250,0.41956761479377747,0.5804323554039001,0.4825136065483093,0.9502977222800325,0.9483808758687231,0.000809578947368421,False
3,251,0.4194084107875824,0.58059161901474,0.4797741770744324,0.9494233437391605,0.9484590847270968,0.0008086315789473684,False
3,252,0.41924670338630676,0.5807533264160156,0.4884025454521179,0.9485200601225575,0.9479907922554783,0.0008076842105263158,False
3,253,0.41908562183380127,0.5809143781661987,0.4800623953342438,0.948462249971095,0.9491016337271171,0.0008067368421052632,False
3,254,0.41892921924591064,0.5810708403587341,0.4786726236343384,0.9490403514857209,0.9496724468247497,0.0008057894736842106,False
3,255,0.41877421736717224,0.5812258124351501,0.4855179488658905,0.9501315180945775,0.9507787314503466,0.0008048421052631578,False
3,256,0.41862189769744873,0.5813781023025513,0.48167723417282104,0.9513021736616949,0.9521343801123664,0.0008038947368421053,False
3,257,0.41846850514411926,0.5815314650535583,0.47272196412086487,0.9512660423170308,0.9517906426743873,0.0008029473684210526,False
3,258,0.4183117747306824,0.5816881656646729,0.48081785440444946,0.9513527575442249,0.9517156419681589,0.0008020000000000001,False
3,259,0.41815537214279175,0.5818446278572083,0.46911758184432983,0.9515623193432767,0.9517697619132839,0.0008010526315789474,False
3,260,0.4180007874965668,0.5819991827011108,0.4783809781074524,0.9521837784714995,0.9530576335478785,0.0008001052631578947,False
3,261,0.41784223914146423,0.5821577310562134,0.4791186451911926,0.9531087408949012,0.9555757250626571,0.0007991578947368421,False
3,262,0.4176850914955139,0.5823148488998413,0.4750719666481018,0.9534556018036767,0.9570775485886129,0.0007982105263157896,False
3,263,0.41752323508262634,0.582476794719696,0.4772660434246063,0.9530220256677073,0.9565168993033825,0.0007972631578947369,False
3,264,0.41735973954200745,0.5826402306556702,0.4740763008594513,0.9532315874667591,0.9560094120763796,0.0007963157894736843,False
3,265,0.41719895601272583,0.582801103591919,0.4737316966056824,0.9535495432998036,0.9560143764545711,0.0007953684210526316,False
3,266,0.41703417897224426,0.5829658508300781,0.47080665826797485,0.9531376459706326,0.9558933352186088,0.0007944210526315789,False
3,267,0.4168699383735657,0.5831300616264343,0.47453856468200684,0.9527257486414615,0.955197772679961,0.0007934736842105264,False
3,268,0.4167042374610901,0.5832958221435547,0.46859145164489746,0.952205457278298,0.9539781599044452,0.0007925263157894737,False
3,269,0.41654446721076965,0.583455502986908,0.47729846835136414,0.9515695456122095,0.9524460818776044,0.000791578947368421,False
3,270,0.4163884222507477,0.5836115479469299,0.47102028131484985,0.9506951670713377,0.951616859346843,0.0007906315789473684,False
3,271,0.4162343740463257,0.5837656259536743,0.47301334142684937,0.9504567001965545,0.9516625670945091,0.0007896842105263158,False
3,272,0.41608262062072754,0.5839174389839172,0.47902777791023254,0.9507312984160018,0.951835510164829,0.0007887368421052632,False
3,273,0.4159281253814697,0.5840718150138855,0.47190621495246887,0.9504133425829575,0.9515765728496881,0.0007877894736842106,False
3,274,0.415772408246994,0.5842276215553284,0.4680592119693756,0.9495534165799513,0.9508464734672646,0.0007868421052631579,False
3,275,0.41562917828559875,0.5843707919120789,0.47182175517082214,0.9497268470343392,0.950913093404727,0.0007858947368421053,False
3,276,0.4154852628707886,0.5845147371292114,0.47619926929473877,0.9504711527344203,0.9515100584680298,0.0007849473684210527,False
3,277,0.4153442084789276,0.58465576171875,0.4692627191543579,0.9517285235287316,0.953413246426043,0.0007840000000000001,False
3,278,0.4151974022388458,0.5848025679588318,0.4687809348106384,0.9524005665394845,0.9543125752113281,0.0007830526315789474,False
3,279,0.4150477349758148,0.5849522948265076,0.46732890605926514,0.9530509307434385,0.9547147107793171,0.0007821052631578947,False
3,280,0.4149017333984375,0.5850982666015625,0.4689651429653168,0.9532171349288935,0.9543465575723643,0.0007811578947368421,False
3,281,0.4147498309612274,0.5852501392364502,0.47151830792427063,0.9537302000231239,0.9537918895709565,0.0007802105263157895,False
3,282,0.41459769010543823,0.5854023098945618,0.4646446108818054,0.9535856746444676,0.9530293489345595,0.0007792631578947369,False
3,283,0.4144402742385864,0.5855597257614136,0.46737805008888245,0.9534556018036766,0.9531155177400824,0.0007783157894736841,False
3,284,0.4142824113368988,0.5857176184654236,0.4673560857772827,0.953405017921147,0.9542167766598741,0.0007773684210526316,False
3,285,0.41412824392318726,0.5858717560768127,0.4625263214111328,0.953238813735692,0.9547173908869843,0.0007764210526315789,False
3,286,0.41397494077682495,0.586025059223175,0.46731412410736084,0.9527402011793271,0.9548642822141047,0.0007754736842105264,False
3,287,0.41382256150245667,0.586177408695221,0.45418161153793335,0.9519814429413804,0.9541137902649818,0.0007745263157894737,False
3,288,0.4136766493320465,0.5863233804702759,0.46859049797058105,0.9522199098161637,0.9545641613556359,0.000773578947368421,False
3,289,0.41354063153266907,0.5864593386650085,0.46589139103889465,0.9525595444560065,0.9544208498879345,0.0007726315789473684,False
3,290,0.4134048819541931,0.5865951180458069,0.46100935339927673,0.952378887732686,0.9536386390429636,0.0007716842105263159,False
3,291,0.4132678210735321,0.5867322087287903,0.4676312208175659,0.9516056769568736,0.9534771678756568,0.0007707368421052632,False
3,292,0.41312670707702637,0.5868732929229736,0.4613427519798279,0.9514756041160828,0.9540897895560512,0.0007697894736842106,False
3,293,0.4129795730113983,0.5870204567909241,0.46460098028182983,0.9524800554977454,0.9551310038098819,0.0007688421052631579,False
3,294,0.4128285050392151,0.5871714949607849,0.4613083004951477,0.95369406867846,0.955917856804188,0.0007678947368421053,False
3,295,0.41267767548561096,0.5873223543167114,0.46863752603530884,0.9550092496242341,0.9565251413085826,0.0007669473684210527,False
3,296,0.41252902150154114,0.5874709486961365,0.4706701934337616,0.9557101977107179,0.9567762034298342,0.000766,False
3,297,0.41238170862197876,0.5876182913780212,0.45906126499176025,0.9555367672563302,0.95616851055958,0.0007650526315789474,False
3,298,0.4122348725795746,0.587765097618103,0.46141090989112854,0.9554211469534051,0.9558625602966488,0.0007641052631578947,False
3,299,0.41208723187446594,0.5879127383232117,0.45966070890426636,0.9548069140941149,0.9559549258165935,0.0007631578947368422,False
3,300,0.41193217039108276,0.5880678296089172,0.459777295589447,0.9544961845300035,0.9562357630956904,0.0007622105263157895,False
3,301,0.41178464889526367,0.5882153511047363,0.4578471779823303,0.9545250896057348,0.9565404431192629,0.0007612631578947369,False
3,302,0.41163843870162964,0.5883616209030151,0.4564608335494995,0.9549875708174356,0.9567896681649363,0.0007603157894736841,False
3,303,0.4114924371242523,0.5885075926780701,0.45630478858947754,0.9550237021620995,0.956579119167174,0.0007593684210526316,False
3,304,0.41134920716285706,0.5886507630348206,0.4623427391052246,0.9543444328824141,0.9551697107588475,0.000758421052631579,False
3,305,0.4112122356891632,0.5887877941131592,0.461438924074173,0.9540264770493698,0.9545079624157672,0.0007574736842105264,False
3,306,0.41107693314552307,0.5889230370521545,0.4635974168777466,0.9537085212163255,0.9532518624067374,0.0007565263157894737,False
3,307,0.41094064712524414,0.5890593528747559,0.4551602900028229,0.9532749450803562,0.9526092927000533,0.0007555789473684211,False
3,308,0.41080242395401,0.58919757604599,0.4610911011695862,0.9528341426754537,0.9523188598919102,0.0007546315789473684,False
3,309,0.4106656610965729,0.5893343687057495,0.4622196555137634,0.9524366978841484,0.9524945806253078,0.0007536842105263158,False
3,310,0.4105308949947357,0.5894690752029419,0.4560222029685974,0.9518152387559256,0.9521670086320944,0.0007527368421052632,False
3,311,0.41039398312568665,0.5896060466766357,0.4539358615875244,0.9524005665394844,0.9528987509891629,0.0007517894736842104,False
3,312,0.4102587103843689,0.5897413492202759,0.45630764961242676,0.9522849462365591,0.953094666848489,0.0007508421052631579,False
3,313,0.41013333201408386,0.5898666381835938,0.45796388387680054,0.952826916406521,0.9541692276100775,0.0007498947368421053,False
3,314,0.41000959277153015,0.5899903774261475,0.4552590847015381,0.9527474274482599,0.9545011314094711,0.0007489473684210527,False
3,315,0.40988028049468994,0.5901197195053101,0.45371386408805847,0.9527040698346629,0.9544764915879871,0.000748,False
3,316,0.4097457826137543,0.5902542471885681,0.45040056109428406,0.9525523181870736,0.9534725739223873,0.0007470526315789473,False
3,317,0.4096106290817261,0.5903893709182739,0.45891040563583374,0.9523066250433575,0.9515117198520484,0.0007461052631578947,False
3,318,0.40947481989860535,0.5905251502990723,0.45977747440338135,0.9526462596832005,0.9496405128963206,0.0007451578947368422,False
3,319,0.4093363881111145,0.5906636118888855,0.4508984088897705,0.9532243611978265,0.9507981398426364,0.0007442105263157895,False
3,320,0.40920090675354004,0.5907991528511047,0.4512307047843933,0.9537591050988554,0.9525738347518208,0.0007432631578947369,False
3,321,0.40906813740730286,0.5909318923950195,0.4567892551422119,0.9540337033183026,0.9547277901761155,0.0007423157894736842,False
3,322,0.40893518924713135,0.5910648107528687,0.44982901215553284,0.9542577176552202,0.9561267061865478,0.0007413684210526316,False
3,323,0.40879935026168823,0.5912007093429565,0.4547979235649109,0.9535206382240722,0.9557761903842441,0.000740421052631579,False
3,324,0.4086681604385376,0.5913318395614624,0.448782742023468,0.9530220256677073,0.9554994126652967,0.0007394736842105264,False
3,325,0.408545583486557,0.5914544463157654,0.4581162929534912,0.9534411492658111,0.9558972995116131,0.0007385263157894737,False
3,326,0.4084235429763794,0.5915764570236206,0.45554205775260925,0.9539831194357729,0.9561300426421374,0.000737578947368421,False
3,327,0.40830758213996887,0.5916923880577087,0.4535479247570038,0.9540842872008325,0.9557620300632101,0.0007366315789473685,False
3,328,0.4081884026527405,0.5918115377426147,0.4578246474266052,0.9544889582610707,0.9556481930153147,0.0007356842105263158,False
3,329,0.4080650508403778,0.5919349789619446,0.45314455032348633,0.9540842872008324,0.9553526015972773,0.0007347368421052632,False
3,330,0.4079422950744629,0.5920577049255371,0.454199880361557,0.9544094693028096,0.9559833250932694,0.0007337894736842104,False
3,331,0.40782108902931213,0.5921788811683655,0.4571664333343506,0.9544022430338769,0.9558884374303981,0.0007328421052631579,False
3,332,0.4077095091342926,0.5922905206680298,0.460855633020401,0.955088738582495,0.9563311439990012,0.0007318947368421053,False
3,333,0.4075993001461029,0.5924006700515747,0.45552265644073486,0.955580124869927,0.956718824868627,0.0007309473684210527,False
3,334,0.40748873353004456,0.5925112366676331,0.4590206742286682,0.9552693953058157,0.9562650751626381,0.00073,False
3,335,0.40737947821617126,0.5926205515861511,0.45259571075439453,0.9555512197941958,0.9562511903809167,0.0007290526315789475,False
3,336,0.40727341175079346,0.5927265882492065,0.45172154903411865,0.9558764018961728,0.9564027541490515,0.0007281052631578948,False
3,337,0.40716612339019775,0.5928338766098022,0.4521777033805847,0.9564761822175974,0.9575591014756542,0.0007271578947368422,False
3,338,0.4070543050765991,0.5929456949234009,0.4463094174861908,0.9565123135622614,0.958189590363851,0.0007262105263157895,False
3,339,0.40694552659988403,0.593054473400116,0.45310917496681213,0.9560209272748295,0.9582894743631988,0.0007252631578947369,False
3,340,0.40683186054229736,0.5931681990623474,0.44828101992607117,0.9553199791883455,0.9580125401735522,0.0007243157894736842,False
3,341,0.40671661496162415,0.5932833552360535,0.4512319564819336,0.9558185917447104,0.958479036414991,0.0007233684210526316,False
3,342,0.40660426020622253,0.5933957695960999,0.44705063104629517,0.9560137010058966,0.958505494027904,0.000722421052631579,False
3,343,0.40649211406707764,0.5935078859329224,0.4485236406326294,0.9560931899641577,0.9584507132552286,0.0007214736842105263,False
3,344,0.40638014674186707,0.5936198234558105,0.4458671510219574,0.956035379812695,0.9583233375625319,0.0007205263157894737,False
3,345,0.4062665104866028,0.5937334895133972,0.44175001978874207,0.9559847959301654,0.9581259619513106,0.000719578947368421,False
3,346,0.4061472415924072,0.593852698802948,0.44147980213165283,0.9554861833738005,0.9573418590931031,0.0007186315789473685,False
3,347,0.4060276448726654,0.5939723253250122,0.4517812132835388,0.9548358191698463,0.9563301210848147,0.0007176842105263158,False
3,348,0.40591007471084595,0.594089925289154,0.4552651643753052,0.9543372066134813,0.9561897249157786,0.0007167368421052632,False
3,349,0.40579551458358765,0.5942044854164124,0.44516751170158386,0.9537012949473928,0.9564517973462363,0.0007157894736842105,False
3,350,0.4056842625141144,0.594315767288208,0.4425288438796997,0.9532243611978265,0.9568303981237527,0.000714842105263158,False
3,351,0.4055737555027008,0.5944262742996216,0.44475144147872925,0.9532677188114232,0.9566755341474262,0.0007138947368421053,False
3,352,0.40545591711997986,0.5945441126823425,0.446885347366333,0.953282171349289,0.9557868027139531,0.0007129473684210527,False
3,353,0.4053382873535156,0.5946617126464844,0.44384410977363586,0.9532966238871546,0.9551011474176783,0.000712,False
3,354,0.4052245318889618,0.5947754979133606,0.44515255093574524,0.9531665510463638,0.954722577668568,0.0007110526315789474,False
3,355,0.40510866045951843,0.594891369342804,0.44003134965896606,0.9529642155162447,0.9542649152451084,0.0007101052631578948,False
3,356,0.4049975872039795,0.5950024127960205,0.4405958652496338,0.9531882298531623,0.9544460565676867,0.0007091578947368421,False
3,357,0.40488502383232117,0.5951149463653564,0.43993881344795227,0.9535061856862065,0.954924245440791,0.0007082105263157895,False
3,358,0.4047698974609375,0.5952301025390625,0.43834787607192993,0.9544203087062088,0.9559616107792929,0.0007072631578947367,False
3,359,0.40465909242630005,0.5953409075737,0.439571738243103,0.9549658920106371,0.9564190975800374,0.0007063157894736842,False
3,360,0.4045456349849701,0.5954543352127075,0.4367617964744568,0.9556162562145915,0.9571296498079699,0.0007053684210526316,False
3,361,0.40443429350852966,0.595565676689148,0.44129490852355957,0.9559414383165684,0.9574528230008599,0.000704421052631579,False
3,362,0.4043228030204773,0.5956772565841675,0.4372880458831787,0.9559053069719042,0.9574775315071119,0.0007034736842105263,False
3,363,0.4042123854160309,0.5957875847816467,0.4416198134422302,0.9555150884495319,0.9570474802103845,0.0007025263157894738,False
3,364,0.40410488843917847,0.5958950519561768,0.4450092017650604,0.955262169036883,0.9566366931220568,0.0007015789473684211,False
3,365,0.4039978086948395,0.5960021615028381,0.4363793134689331,0.954763556480518,0.9558805359267534,0.0007006315789473685,False
3,366,0.40389105677604675,0.5961089134216309,0.44564807415008545,0.9545684472193317,0.9556514215151855,0.0006996842105263158,False
3,367,0.4037845730781555,0.5962154269218445,0.43787717819213867,0.9536651636027287,0.9547982076679186,0.0006987368421052632,False
3,368,0.4036758542060852,0.59632408618927,0.4323674738407135,0.9535856746444675,0.9553339951222041,0.0006977894736842105,False
3,369,0.40356817841529846,0.5964317917823792,0.4430266320705414,0.9539903457047058,0.9562370869804159,0.000696842105263158,False
3,370,0.4034595787525177,0.5965404510498047,0.43918877840042114,0.9542866227309514,0.9565342899768514,0.0006958947368421053,False
3,371,0.4033450186252594,0.5966549515724182,0.4371941387653351,0.9541926812348249,0.9564580326822782,0.0006949473684210527,False
3,372,0.4032309353351593,0.5967690348625183,0.4351566731929779,0.954474505723205,0.9568658188754945,0.000694,False
3,373,0.40312451124191284,0.5968754887580872,0.43781787157058716,0.9543661116892126,0.9569580096782256,0.0006930526315789473,False
3,374,0.4030199944972992,0.5969800353050232,0.4302044212818146,0.9540842872008325,0.9566281276615537,0.0006921052631578948,False
3,375,0.4029121994972229,0.5970878005027771,0.43044278025627136,0.9537012949473928,0.9557669649495077,0.0006911578947368421,False
3,376,0.40280377864837646,0.5971962809562683,0.43367844820022583,0.9534700543415424,0.9549859626629552,0.0006902105263157895,False
3,377,0.4026997685432434,0.5973002314567566,0.43657246232032776,0.9530581570123714,0.9540622654423305,0.0006892631578947369,False
3,378,0.40259405970573425,0.5974059104919434,0.43740183115005493,0.9529353104405133,0.9540099000133864,0.0006883157894736843,False
3,379,0.4024783968925476,0.5975216031074524,0.43493160605430603,0.9531304197016996,0.9548850097867002,0.0006873684210526316,False
3,380,0.4023592472076416,0.5976407527923584,0.43696486949920654,0.9539542143600417,0.9564995645524357,0.000686421052631579,False
3,381,0.40224042534828186,0.5977595448493958,0.4370690584182739,0.9544456006474736,0.9578881632365416,0.0006854736842105263,False
3,382,0.4021252691745758,0.5978747010231018,0.4349476099014282,0.9547057463290554,0.9584661102793325,0.0006845263157894738,False
3,383,0.4020162522792816,0.597983717918396,0.4390302300453186,0.9547924615562492,0.9588600478491743,0.0006835789473684211,False
3,384,0.4019002318382263,0.5980997681617737,0.43505799770355225,0.9548719505145105,0.9588083101508618,0.0006826315789473685,False
3,385,0.4017868638038635,0.5982131361961365,0.4405445158481598,0.9552043588854203,0.9589598646651959,0.0006816842105263158,False
3,386,0.4016759395599365,0.5983240008354187,0.4340905547142029,0.9549442132038386,0.9585380755293645,0.0006807368421052632,False
3,387,0.4015735983848572,0.5984264016151428,0.43712317943573,0.9545323158746676,0.9579791310974934,0.0006797894736842105,False
3,388,0.40147602558135986,0.5985239744186401,0.4278413951396942,0.9537374262920569,0.9571456162882896,0.0006788421052631579,False
3,389,0.40138304233551025,0.5986169576644897,0.43446117639541626,0.9535567695687363,0.9572683293216832,0.0006778947368421053,False
3,390,0.4012882709503174,0.5987117886543274,0.4319239556789398,0.9531737773152965,0.9570811431512376,0.0006769473684210526,False
3,391,0.4011954665184021,0.5988045334815979,0.4398082196712494,0.9532532662735576,0.9570197869168644,0.0006760000000000001,False
3,392,0.40109729766845703,0.5989026427268982,0.4322916269302368,0.9530509307434385,0.9564036292645246,0.0006750526315789474,False
3,393,0.40100961923599243,0.5989904403686523,0.43370765447616577,0.9533472077696843,0.9563760240067446,0.0006741052631578948,False
3,394,0.4009237289428711,0.5990763306617737,0.43760794401168823,0.9532026823910279,0.9561087133897506,0.0006731578947368421,False
3,395,0.4008409380912781,0.5991590619087219,0.43879199028015137,0.9532966238871545,0.95622074771478,0.0006722105263157895,False
3,396,0.4007630944252014,0.5992369055747986,0.4328720271587372,0.9532604925424903,0.9555398209823632,0.0006712631578947368,False
3,397,0.4006938636302948,0.5993061661720276,0.4380732774734497,0.9530437044745058,0.9551981382690999,0.0006703157894736843,False
3,398,0.40062370896339417,0.5993762612342834,0.4360320568084717,0.9528558214822522,0.9550097033034657,0.0006693684210526316,False
3,399,0.40054938197135925,0.5994506478309631,0.43415749073028564,0.9528124638686554,0.9549289648550755,0.000668421052631579,False
3,400,0.4004717767238617,0.5995282530784607,0.4311217665672302,0.9529353104405133,0.9548212654343331,0.0006674736842105263,False
3,401,0.4003889858722687,0.5996110439300537,0.43323248624801636,0.9527546537171928,0.9544652658911914,0.0006665263157894737,False
3,402,0.4003084599971771,0.5996915102005005,0.44049984216690063,0.9530581570123714,0.9551001461689327,0.0006655789473684211,False
3,403,0.40022385120391846,0.5997761487960815,0.4284849762916565,0.9533110764250201,0.9553252915811434,0.0006646315789473684,False
3,404,0.4001396894454956,0.5998603701591492,0.42852964997291565,0.9536145797201989,0.9552266811477628,0.0006636842105263158,False
3,405,0.400054395198822,0.599945604801178,0.43380898237228394,0.953896404208579,0.9551519123827803,0.0006627368421052632,False
3,406,0.3999699056148529,0.6000301241874695,0.43495962023735046,0.9539253092843104,0.9547652712641789,0.0006617894736842106,False
3,407,0.3998853862285614,0.600114643573761,0.4336158335208893,0.9542504913862874,0.9550072595641329,0.0006608421052631579,False
3,408,0.3997994363307953,0.6002005338668823,0.42742639780044556,0.9545034107989363,0.955372657164797,0.0006598947368421053,False
3,409,0.3997136056423187,0.6002863645553589,0.4277663826942444,0.953816915250318,0.9547881296373438,0.0006589473684210526,False
3,410,0.39963626861572266,0.6003637909889221,0.4276137351989746,0.9531737773152966,0.9536936731934321,0.0006580000000000001,False
3,411,0.3995586633682251,0.6004412770271301,0.42829734086990356,0.9524656029598797,0.9523902804307711,0.0006570526315789474,False
3,412,0.39947810769081116,0.6005219221115112,0.4311105012893677,0.952046479361776,0.9515727035477497,0.0006561052631578948,False
3,413,0.39939790964126587,0.6006020903587341,0.43200087547302246,0.9520537056307087,0.9517301204768185,0.0006551578947368421,False
3,414,0.3993167281150818,0.6006832718849182,0.4272695779800415,0.9526679384899989,0.9527635748961302,0.0006542105263157896,False
3,415,0.39923208951950073,0.6007679104804993,0.4294203519821167,0.9531015146259684,0.9536539274724956,0.0006532631578947368,False
3,416,0.3991389572620392,0.6008610725402832,0.42993709444999695,0.9532315874667591,0.9539311007358806,0.0006523157894736842,False
3,417,0.3990507423877716,0.600949227809906,0.4337450861930847,0.9532966238871546,0.9537506091528738,0.0006513684210526316,False
3,418,0.3989591896533966,0.601040780544281,0.4302210807800293,0.9532821713492889,0.9537241842826515,0.0006504210526315789,False
3,419,0.3988665044307709,0.6011334657669067,0.4226396679878235,0.9531954561220951,0.9539173489963346,0.0006494736842105264,False
3,420,0.39876964688301086,0.6012303233146667,0.42968952655792236,0.9537663313677881,0.9547797974093932,0.0006485263157894737,False
3,421,0.3986785411834717,0.6013214588165283,0.4238417446613312,0.9546696149843913,0.9558112431714263,0.0006475789473684211,False
3,422,0.3985894024372101,0.6014106273651123,0.42776817083358765,0.9553272054572783,0.9561712318015713,0.0006466315789473684,False
3,423,0.39849838614463806,0.6015016436576843,0.42654433846473694,0.9561943577292172,0.9567437893144686,0.0006456842105263158,False
3,424,0.3984067142009735,0.6015932559967041,0.43129873275756836,0.9567724592438434,0.9572354824164233,0.0006447368421052632,False
3,425,0.398308664560318,0.6016913652420044,0.4258444011211395,0.9571915828419469,0.9573385659334979,0.0006437894736842106,False
3,426,0.3982101380825043,0.6017898917198181,0.4241390824317932,0.9572638455312754,0.9573530140806314,0.0006428421052631579,False
3,427,0.39811283349990845,0.6018872261047363,0.4247080087661743,0.9574517285235288,0.9578418533784564,0.0006418947368421053,False
3,428,0.39800700545310974,0.6019930243492126,0.4306138753890991,0.9571699040351486,0.9580623834309573,0.0006409473684210527,False
3,429,0.3979021906852722,0.6020978093147278,0.4277130961418152,0.9571843565730143,0.958400650618835,0.00064,False
3,430,0.39779382944107056,0.6022061705589294,0.42743873596191406,0.9572277141866112,0.9585722038250035,0.0006390526315789474,False
3,431,0.39768296480178833,0.6023170351982117,0.42502444982528687,0.9569495028326974,0.9579476565646402,0.0006381052631578948,False
3,432,0.39756572246551514,0.6024342775344849,0.42123907804489136,0.9565195398311942,0.9568792623538642,0.0006371578947368421,False
3,433,0.3974485397338867,0.6025514602661133,0.42145898938179016,0.9562666204185455,0.9560571106424731,0.0006362105263157895,False
3,434,0.39732861518859863,0.6026713848114014,0.4249454438686371,0.956078737426292,0.9560452738226479,0.000635263157894737,False
3,435,0.39721256494522095,0.602787435054779,0.4226185381412506,0.9560931899641578,0.9563945037096298,0.0006343157894736842,False
3,436,0.39709535241127014,0.6029046773910522,0.42550036311149597,0.9557391027864494,0.9562410869230629,0.0006333684210526316,False
3,437,0.39698243141174316,0.6030175685882568,0.42490971088409424,0.955377789339808,0.956211978776987,0.0006324210526315789,False
3,438,0.39687448740005493,0.6031255722045898,0.4293157458305359,0.954799687825182,0.9557220763372808,0.0006314736842105264,False
3,439,0.39677196741104126,0.603227972984314,0.4263310432434082,0.9540047982425713,0.9547372197239972,0.0006305263157894737,False
3,440,0.39666643738746643,0.603333592414856,0.42270803451538086,0.9536868424095272,0.9541619625163801,0.0006295789473684211,False
3,441,0.39656341075897217,0.6034366488456726,0.4255979657173157,0.9535423170308707,0.9535986080601586,0.0006286315789473684,False
3,442,0.39646703004837036,0.6035329699516296,0.4320527911186218,0.9538674991328477,0.9533965160913209,0.0006276842105263159,False
3,443,0.3963795304298401,0.6036204695701599,0.42685192823410034,0.9539686668979073,0.9532587743494529,0.0006267368421052632,False
3,444,0.3962949514389038,0.6037050485610962,0.4290716052055359,0.9544022430338768,0.9537369817412401,0.0006257894736842106,False
3,445,0.39620447158813477,0.60379558801651,0.42023271322250366,0.9547274251358538,0.95508341690625,0.0006248421052631579,False
3,446,0.3961202800273895,0.6038797497749329,0.42569273710250854,0.9546623887154585,0.9558633913780937,0.0006238947368421053,False
3,447,0.39604005217552185,0.6039599776268005,0.42428886890411377,0.9543155278066827,0.9564756793946219,0.0006229473684210527,False
3,448,0.39596033096313477,0.6040396690368652,0.4308881461620331,0.954395016764944,0.9570347012537407,0.000622,False
3,449,0.3958767056465149,0.6041232943534851,0.4219735860824585,0.9551248699271593,0.9580511001619642,0.0006210526315789474,False
3,450,0.39579227566719055,0.6042076945304871,0.4191599488258362,0.9558474968204418,0.9585909969244006,0.0006201052631578947,False
3,451,0.3957086503505707,0.6042913198471069,0.41600751876831055,0.9559558908544341,0.9585672789948543,0.0006191578947368421,False
3,452,0.3956266939640045,0.6043732762336731,0.42096275091171265,0.9560498323505607,0.9588599973918537,0.0006182105263157895,True
3,453,0.39554035663604736,0.6044596433639526,0.41744405031204224,0.9555512197941959,0.9583534832548399,0.000617263157894737,False
3,454,0.3954562246799469,0.6045437455177307,0.4206870496273041,0.9548213666319806,0.9578823895365809,0.0006163157894736842,False
3,455,0.39536651968955994,0.6046334505081177,0.42575275897979736,0.9548647242455776,0.9580379179542199,0.0006153684210526316,False
3,456,0.39527902007102966,0.6047210097312927,0.4207760691642761,0.9549947970863684,0.9580961577005931,0.000614421052631579,False
3,457,0.3951915502548218,0.604808509349823,0.4220973551273346,0.9550815123135623,0.9575007525027941,0.0006134736842105264,False
3,458,0.39510199427604675,0.6048979759216309,0.415388286113739,0.9547635564805179,0.9568450741461906,0.0006125263157894737,False
3,459,0.3950074017047882,0.6049925684928894,0.423152893781662,0.954062608394034,0.9560267285338169,0.0006115789473684211,False
3,460,0.39492103457450867,0.6050789952278137,0.4189082384109497,0.95336166030755,0.9551673999434928,0.0006106315789473684,False
3,461,0.3948425352573395,0.6051574349403381,0.42031803727149963,0.95307983581917,0.9547683670128634,0.0006096842105263159,False
3,462,0.394755095243454,0.6052449345588684,0.4263201057910919,0.9527185223725287,0.954787657637512,0.0006087368421052633,False
3,463,0.3946686089038849,0.6053314208984375,0.4182076156139374,0.9522126835472309,0.954365496319815,0.0006077894736842105,False
3,464,0.3945850729942322,0.6054149270057678,0.4185959994792938,0.951793559949127,0.9537896348348697,0.0006068421052631579,False
3,465,0.3945046663284302,0.6054953932762146,0.4242919385433197,0.9516779396462018,0.9533629221160922,0.0006058947368421052,False
3,466,0.39442187547683716,0.6055780649185181,0.423597514629364,0.9520609318996417,0.9535457965086059,0.0006049473684210527,False
3,467,0.3943348824977875,0.6056650876998901,0.41903597116470337,0.9522632674297608,0.9538678926361032,0.000604,False
3,468,0.3942507207393646,0.605749249458313,0.4267379343509674,0.9522415886229622,0.9535958320288322,0.0006030526315789474,False
3,469,0.39416682720184326,0.6058331727981567,0.421379953622818,0.9531665510463637,0.9543891229829053,0.0006021052631578947,False
3,470,0.39408236742019653,0.6059176325798035,0.41586580872535706,0.9538819516707134,0.9551223779613289,0.0006011578947368422,False
3,471,0.3940059244632721,0.6059940457344055,0.4164750277996063,0.9544239218406753,0.9559507776317921,0.0006002105263157895,False
3,472,0.3939352333545685,0.6060647964477539,0.4217502176761627,0.9546623887154585,0.9563110549676612,0.0005992631578947369,False
3,473,0.39386260509490967,0.6061373949050903,0.424861878156662,0.9545250896057349,0.9565042590995712,0.0005983157894736842,False
3,474,0.3937913477420807,0.6062086820602417,0.42216312885284424,0.954019250780437,0.95610600988999,0.0005973684210526316,False
3,475,0.39371979236602783,0.6062802076339722,0.42192599177360535,0.9534556018036767,0.956054100096786,0.000596421052631579,False
3,476,0.3936503827571869,0.6063495874404907,0.41542768478393555,0.9530220256677072,0.9558076402639767,0.0005954736842105265,False
3,477,0.3935820162296295,0.6064180135726929,0.4121304750442505,0.953195456122095,0.9561379589586374,0.0005945263157894737,False
3,478,0.3935123383998871,0.6064876317977905,0.4156615138053894,0.9533399815007515,0.9560484499692621,0.0005935789473684211,False
3,479,0.3934388756752014,0.6065611243247986,0.41700485348701477,0.9539542143600417,0.9564828524978606,0.0005926315789473684,False
3,480,0.39336439967155457,0.606635570526123,0.4157216548919678,0.9547129725979882,0.9567295070079664,0.0005916842105263158,False
3,481,0.3932960331439972,0.6067039370536804,0.42541077733039856,0.9553561105330096,0.9566833416082732,0.0005907368421052633,False
3,482,0.3932226300239563,0.6067774295806885,0.41640105843544006,0.9559486645855012,0.9567127113792572,0.0005897894736842105,False
3,483,0.3931478261947632,0.6068521738052368,0.4124479293823242,0.9560137010058966,0.9567099905377201,0.0005888421052631579,False
3,484,0.39306679368019104,0.6069331765174866,0.4077874422073364,0.9560064747369638,0.9569055210884346,0.0005878947368421053,False
3,485,0.3929847478866577,0.6070152521133423,0.4147028625011444,0.9562304890738813,0.9572769101470484,0.0005869473684210527,False
3,486,0.39290881156921387,0.6070912480354309,0.41528594493865967,0.9561365475777548,0.9575726537294389,0.000586,False
3,487,0.39283570647239685,0.6071642637252808,0.4166635572910309,0.956490634755463,0.9579749119835518,0.0005850526315789473,False
3,488,0.39276257157325745,0.6072374582290649,0.4146188795566559,0.9568519482021043,0.958077972740854,0.0005841052631578947,False
3,489,0.39268678426742554,0.6073132753372192,0.41647404432296753,0.9570976413458204,0.9578426122287126,0.0005831578947368421,False
3,490,0.3926146626472473,0.6073853969573975,0.41823142766952515,0.957523991212857,0.9577753625295596,0.0005822105263157896,False
3,491,0.3925405740737915,0.6074594259262085,0.4163391888141632,0.9579069834662967,0.9579748206277128,0.0005812631578947368,False
3,492,0.39246854186058044,0.6075314283370972,0.4163510799407959,0.9579936986934906,0.9578422631098242,0.0005803157894736842,False
3,493,0.3924008905887604,0.6075990796089172,0.42065680027008057,0.9582321655682737,0.9577096337775987,0.0005793684210526315,False
3,494,0.3923388719558716,0.6076611280441284,0.4116995632648468,0.958058735113886,0.9579846786460993,0.000578421052631579,False
3,495,0.39227092266082764,0.6077290177345276,0.4112439453601837,0.9578058157012371,0.9584557768541282,0.0005774736842105263,False
3,496,0.3922085464000702,0.6077914834022522,0.41657036542892456,0.9573216556827379,0.958248483036811,0.0005765263157894737,False
3,497,0.39214152097702026,0.6078585386276245,0.41318872570991516,0.956779685512776,0.9577557693589761,0.000575578947368421,False
3,498,0.3920758068561554,0.6079241633415222,0.41078639030456543,0.9563388831078738,0.9570748722452547,0.0005746315789473685,False
3,499,0.39201077818870544,0.6079892516136169,0.409974068403244,0.9561654526534858,0.9565001901276976,0.0005736842105263159,False
3,500,0.39194774627685547,0.6080523133277893,0.4180753231048584,0.9562377153428142,0.9567572204851367,0.0005727368421052632,False
3,501,0.39189109206199646,0.6081088781356812,0.41266584396362305,0.9559775696612325,0.9569907012052015,0.0005717894736842105,False
3,502,0.39183586835861206,0.6081640720367432,0.4181360602378845,0.9559269857787028,0.9568421300656931,0.0005708421052631579,False
3,503,0.39178356528282166,0.6082164645195007,0.41681987047195435,0.9561654526534861,0.9566597222004168,0.0005698947368421053,False
3,504,0.39173245429992676,0.6082675457000732,0.4117256700992584,0.9557535553243149,0.9558351257772719,0.0005689473684210527,False
3,505,0.39168235659599304,0.6083176732063293,0.4113468527793884,0.9558836281651056,0.9555977290510665,0.000568,False
3,506,0.39162635803222656,0.6083737015724182,0.4106803834438324,0.9553705630708753,0.9547321442790688,0.0005670526315789473,False
3,507,0.39156803488731384,0.6084319949150085,0.41308629512786865,0.9549658920106371,0.9543113464163673,0.0005661052631578947,False
3,508,0.39151307940483093,0.6084869503974915,0.4102071523666382,0.9550742860446294,0.9541935840158875,0.0005651578947368421,False
3,509,0.3914567232131958,0.6085432171821594,0.4178970158100128,0.9553561105330096,0.9548073708019098,0.0005642105263157896,False
3,510,0.39139944314956665,0.6086005568504333,0.41463977098464966,0.9558836281651059,0.9553663819684273,0.0005632631578947368,False
3,511,0.3913399577140808,0.608660101890564,0.4044780135154724,0.9563027517632097,0.9560449363088953,0.0005623157894736842,False
3,512,0.3912746012210846,0.608725368976593,0.41560956835746765,0.9565918025205226,0.9565950379013185,0.0005613684210526316,False
3,513,0.39121124148368835,0.608788788318634,0.41327014565467834,0.9565267661001272,0.9569631503580087,0.0005604210526315791,False
3,514,0.3911474347114563,0.6088526248931885,0.4156152009963989,0.95653399236906,0.9575006238973924,0.0005594736842105263,False
3,515,0.3910852074623108,0.608914852142334,0.4115263521671295,0.9561582263845532,0.9573705433227694,0.0005585263157894737,False
3,516,0.39102137088775635,0.6089786291122437,0.41400477290153503,0.9561220950398889,0.9574901696781024,0.000557578947368421,False
3,517,0.3909657299518585,0.6090342998504639,0.42011111974716187,0.955833044282576,0.9567957754024965,0.0005566315789473684,False
3,518,0.3909090757369995,0.6090908646583557,0.4104507565498352,0.9553994681466066,0.9561534122102374,0.0005556842105263159,False
3,519,0.3908505141735077,0.6091495156288147,0.4108840525150299,0.9552766215747486,0.9560076418809014,0.0005547368421052631,False
3,520,0.39079347252845764,0.60920649766922,0.41211605072021484,0.9551429355994913,0.9555914848071572,0.0005537894736842105,False
3,521,0.39074212312698364,0.6092578768730164,0.41637852787971497,0.9550309284310325,0.955475552501245,0.0005528421052631578,False
3,522,0.3906899392604828,0.6093100309371948,0.4122791886329651,0.9549008555902416,0.955668872502422,0.0005518947368421053,False
3,523,0.390632688999176,0.609367311000824,0.41409069299697876,0.9544817319921379,0.9555302532130951,0.0005509473684210527,False
3,524,0.3905714452266693,0.6094285845756531,0.40480858087539673,0.954517863336802,0.9554070290076062,0.00055,False
3,525,0.39050912857055664,0.6094908714294434,0.4118448495864868,0.9544961845300034,0.9552357486893202,0.0005490526315789473,False
3,526,0.39045003056526184,0.6095499396324158,0.4094177484512329,0.9543444328824142,0.9552227383720234,0.0005481052631578948,False
3,527,0.3903893232345581,0.6096106767654419,0.4088912606239319,0.9542360388484218,0.9551598552112014,0.0005471578947368421,False
3,528,0.39032620191574097,0.609673798084259,0.40643659234046936,0.9541420973522952,0.9549001190502333,0.0005462105263157896,False
3,529,0.3902635872364044,0.609736442565918,0.41159361600875854,0.9542071337726905,0.9550280358961215,0.0005452631578947368,False
3,530,0.3901982009410858,0.6098018288612366,0.4120312035083771,0.9542793964620188,0.9552269393444659,0.0005443157894736843,False
3,531,0.3901350200176239,0.6098650097846985,0.4114968180656433,0.9543010752688172,0.9557745232543318,0.0005433684210526316,False
3,532,0.39007532596588135,0.6099246740341187,0.4069727659225464,0.954720198866921,0.9563094755541075,0.000542421052631579,False
3,533,0.390012264251709,0.6099877953529358,0.41435614228248596,0.9559775696612326,0.9568495707397506,0.0005414736842105263,False
3,534,0.3899458050727844,0.6100542545318604,0.40987715125083923,0.9569169846224997,0.9571661820277328,0.0005405263157894736,False
3,535,0.3898828327655792,0.6101171374320984,0.40735602378845215,0.9573216556827379,0.9571066325870243,0.0005395789473684211,False
3,536,0.3898191750049591,0.6101808547973633,0.40317583084106445,0.9574228234477974,0.9569773201654798,0.0005386315789473684,False
3,537,0.3897600471973419,0.6102399826049805,0.4091687500476837,0.957393918372066,0.9568443703236991,0.0005376842105263159,False
3,538,0.3896963596343994,0.6103036403656006,0.4088478684425354,0.957104867614753,0.9563067231583722,0.0005367368421052631,False
3,539,0.3896276354789734,0.6103724241256714,0.40712329745292664,0.956620707596254,0.9555750097263874,0.0005357894736842105,False
3,540,0.38956040143966675,0.6104395389556885,0.40776994824409485,0.9560209272748293,0.9553125859501146,0.0005348421052631579,False
3,541,0.3894946873188019,0.6105053424835205,0.4081549644470215,0.9556090299456584,0.9550774212121622,0.0005338947368421053,False
3,542,0.3894287943840027,0.6105711460113525,0.4081495404243469,0.9555512197941959,0.9548667856266009,0.0005329473684210526,False
3,543,0.3893655836582184,0.6106343865394592,0.4117434322834015,0.9557029714417852,0.9550655612952385,0.000532,False
3,544,0.389306902885437,0.6106931567192078,0.4090418517589569,0.9557824604000462,0.954813724537246,0.0005310526315789474,False
3,545,0.38924792408943176,0.6107521057128906,0.4054992198944092,0.9554717308359347,0.9543139721602298,0.0005301052631578948,False
3,546,0.3891841173171997,0.6108158826828003,0.40858155488967896,0.9553488842640768,0.9541731423397933,0.0005291578947368421,False
3,547,0.38912034034729004,0.61087965965271,0.4076433777809143,0.9550164758931668,0.9540405854197349,0.0005282105263157894,False
3,548,0.389055073261261,0.6109448671340942,0.40918639302253723,0.9547780090183837,0.9543046786174021,0.0005272631578947368,False
3,549,0.3889933228492737,0.6110066771507263,0.40356868505477905,0.9542938489998843,0.9545474360026428,0.0005263157894736842,False
3,550,0.38893410563468933,0.6110659241676331,0.4146127700805664,0.9539108567464447,0.9549933373706407,0.0005253684210526316,False
3,551,0.38887134194374084,0.6111286282539368,0.40672215819358826,0.9539903457047056,0.9554654974452546,0.000524421052631579,False
3,552,0.3888089954853058,0.6111909747123718,0.40615126490592957,0.9541637761590936,0.9555333140468724,0.0005234736842105263,False
3,553,0.388740599155426,0.611259400844574,0.41347938776016235,0.9547129725979883,0.955961173133864,0.0005225263157894736,False
3,554,0.3886668086051941,0.6113331913948059,0.4038757383823395,0.95530552665048,0.9566352950104052,0.0005215789473684211,False
3,555,0.3885892927646637,0.6114106774330139,0.4111809730529785,0.9554934096427332,0.9568416023412396,0.0005206315789473684,False
3,556,0.3885210156440735,0.6114790439605713,0.4029894173145294,0.9558258180136432,0.9568875414489469,0.0005196842105263159,False
3,557,0.3884489834308624,0.61155104637146,0.40301355719566345,0.9557969129379118,0.9568070556392703,0.0005187368421052631,False
3,558,0.3883793354034424,0.6116206645965576,0.40737468004226685,0.9556740663660539,0.9563504724228314,0.0005177894736842106,False
3,559,0.38830792903900146,0.6116920709609985,0.40605980157852173,0.9556018036767256,0.9555333715435056,0.0005168421052631579,False
3,560,0.3882344663143158,0.6117655038833618,0.4045447111129761,0.9552549427679501,0.9547300367898143,0.0005158947368421053,False
3,561,0.3881594240665436,0.611840546131134,0.4075252115726471,0.9549080818591745,0.9539495729200163,0.0005149473684210526,False
3,562,0.38809093832969666,0.611909031867981,0.41111084818840027,0.9550237021620996,0.9537286538857084,0.000514,False
3,563,0.38802120089530945,0.6119787693023682,0.4016691744327545,0.955132096196092,0.9538777193649379,0.0005130526315789474,False
3,564,0.3879545032978058,0.6120454668998718,0.4040326178073883,0.955543993525263,0.9541627440060116,0.0005121052631578947,False
3,565,0.3878852427005768,0.6121147871017456,0.40939679741859436,0.9559414383165684,0.9547246941074684,0.0005111578947368422,False
3,566,0.3878162205219269,0.6121837496757507,0.4077470004558563,0.9562304890738814,0.9550872362615521,0.0005102105263157894,False
3,567,0.38774916529655457,0.6122508645057678,0.4047386348247528,0.9563172043010753,0.9554715518490746,0.0005092631578947368,False
3,568,0.3876851499080658,0.6123148202896118,0.4067875146865845,0.9562160365360156,0.9554601249681183,0.0005083157894736842,False
3,569,0.38761699199676514,0.6123830080032349,0.4045615494251251,0.9559414383165684,0.9551080495102282,0.0005073684210526316,False
3,570,0.38754698634147644,0.6124529838562012,0.40361887216567993,0.9557752341311133,0.9554626104598596,0.000506421052631579,False
3,571,0.38747963309288025,0.6125203967094421,0.4006202518939972,0.9556740663660538,0.9559218086099339,0.0005054736842105263,False
3,572,0.38740846514701843,0.612591564655304,0.4086557626724243,0.9554139206844722,0.95638217269223,0.0005045263157894737,False
3,573,0.3873371183872223,0.6126628518104553,0.3982413411140442,0.9551320961960921,0.9559803249608073,0.0005035789473684211,False
3,574,0.3872622847557068,0.6127377152442932,0.4009583294391632,0.9546768412533241,0.9552680699306271,0.0005026315789473684,False
3,575,0.38718611001968384,0.6128138899803162,0.4070990979671478,0.9550453809688982,0.9555421114987424,0.0005016842105263159,False
3,576,0.3871118426322937,0.6128881573677063,0.4060964286327362,0.9548936293213088,0.955478115136721,0.0005007368421052631,False
3,577,0.3870325982570648,0.6129674315452576,0.4101310670375824,0.9549008555902416,0.9557891656664548,0.0004997894736842106,False
3,578,0.3869509696960449,0.6130490303039551,0.39980271458625793,0.9550020233553013,0.9561377224225117,0.0004988421052631579,False
3,579,0.38687077164649963,0.613129198551178,0.4052000641822815,0.9550309284310324,0.9561485111872716,0.0004978947368421053,False
3,580,0.38679662346839905,0.6132033467292786,0.40342265367507935,0.9553127529194125,0.9561067331386829,0.0004969473684210526,False
3,581,0.38673266768455505,0.6132673621177673,0.4000990092754364,0.955955890854434,0.9562910115632309,0.0004959999999999999,False
3,582,0.38667333126068115,0.6133266687393188,0.40429091453552246,0.9560137010058966,0.955821013139009,0.0004950526315789474,False
3,583,0.38661736249923706,0.6133826971054077,0.40427902340888977,0.9559053069719043,0.9557750078341636,0.0004941052631578947,False
3,584,0.38656046986579895,0.6134395599365234,0.4020785391330719,0.9557680078621805,0.955477200374609,0.0004931578947368422,False
3,585,0.38650521636009216,0.6134948134422302,0.40299779176712036,0.9556379350213896,0.9554189806740166,0.0004922105263157894,False
3,586,0.38645121455192566,0.613548755645752,0.405422180891037,0.9556523875592554,0.9556874780256318,0.0004912631578947369,False
3,587,0.38639748096466064,0.6136025190353394,0.404037743806839,0.9555945774077926,0.9559167000870784,0.0004903157894736842,False
3,588,0.3863441050052643,0.6136559247970581,0.4063194990158081,0.9556740663660539,0.9554291016174018,0.0004893684210526316,False
3,589,0.38629162311553955,0.6137083768844604,0.40278515219688416,0.9555584460631287,0.9546052154663567,0.000488421052631579,False
3,590,0.38624218106269836,0.6137577891349792,0.40209656953811646,0.9553994681466066,0.9539715350940248,0.0004874736842105263,False
3,591,0.3861878514289856,0.6138121485710144,0.4026537835597992,0.9552188114232859,0.953623861992433,0.0004865263157894737,False
3,592,0.386135458946228,0.613864541053772,0.3989117741584778,0.9552874609781478,0.9538190779513424,0.00048557894736842103,False
3,593,0.3860830068588257,0.6139169335365295,0.3995251953601837,0.9554717308359348,0.9539113600980608,0.0004846315789473684,False
3,594,0.3860362768173218,0.6139636635780334,0.40298423171043396,0.9556090299456584,0.954202976857339,0.00048368421052631574,False
3,595,0.38599446415901184,0.6140055656433105,0.40508460998535156,0.9555295409873974,0.9544075635837647,0.00048273684210526307,False
3,596,0.38595589995384216,0.6140440702438354,0.4048144817352295,0.955052607237831,0.954407030227424,0.0004817894736842105,False
3,597,0.38591721653938293,0.6140828132629395,0.40298500657081604,0.9546262573707943,0.9544090586285271,0.0004808421052631578,False
3,598,0.3858802616596222,0.6141197681427002,0.40320074558258057,0.9545973522950629,0.9546093531087292,0.00047989473684210526,False
3,599,0.3858411908149719,0.6141588091850281,0.40299075841903687,0.9551393224650249,0.9547160883226201,0.0004789473684210526,False
3,600,0.3858034014701843,0.6141966581344604,0.3969489634037018,0.9553777893398081,0.954621175448114,0.000478,False
3,601,0.38576602935791016,0.6142339706420898,0.39743247628211975,0.9555006359116661,0.954458091223138,0.00047705263157894734,False
3,602,0.385728120803833,0.6142719388008118,0.3984917104244232,0.9556379350213897,0.9545173868821786,0.00047610526315789467,False
3,603,0.385688453912735,0.6143115758895874,0.40194448828697205,0.9556812926349867,0.954523060345547,0.0004751578947368421,False
3,604,0.38564586639404297,0.6143541932106018,0.39680299162864685,0.9560426060816278,0.9548553278696507,0.00047421052631578943,False
3,605,0.3856084644794464,0.6143915057182312,0.39994141459465027,0.9558980807029714,0.9549155324859414,0.00047326315789473686,False
3,606,0.38556578755378723,0.6144342422485352,0.402793288230896,0.9557174239796509,0.9546025434083829,0.0004723157894736842,False
3,607,0.38552168011665344,0.614478349685669,0.40140411257743835,0.9556812926349867,0.9545589096295037,0.0004713684210526316,False
3,608,0.38548341393470764,0.6145166158676147,0.40279099345207214,0.9554789571048676,0.9544868528152428,0.00047042105263157895,False
3,609,0.3854455053806305,0.6145545244216919,0.3980710804462433,0.9552115851543531,0.9545675413015808,0.0004694736842105263,False
3,610,0.38541409373283386,0.6145858764648438,0.4065515995025635,0.9549947970863685,0.9548572438895951,0.00046852631578947365,False
3,611,0.3853825628757477,0.6146174073219299,0.3972787857055664,0.9547635564805179,0.9548493642885286,0.000467578947368421,False
3,612,0.385344922542572,0.6146550178527832,0.393578439950943,0.9546985200601226,0.9546061150584162,0.0004666315789473684,False
3,613,0.385312020778656,0.614687979221344,0.40525928139686584,0.9546407099086599,0.9542051872819823,0.00046568421052631574,False
3,614,0.38527780771255493,0.6147221922874451,0.4045179784297943,0.9546262573707944,0.9538739345188464,0.00046473684210526317,False
3,615,0.38524094223976135,0.6147590279579163,0.39602887630462646,0.9547852352873164,0.9538626514111455,0.0004637894736842105,False
3,616,0.38519927859306335,0.614800751209259,0.40920498967170715,0.954799687825182,0.9540235352874891,0.00046284210526315793,False
3,617,0.3851584792137146,0.6148415207862854,0.3964584469795227,0.9543805642270782,0.9539610278723524,0.00046189473684210525,False
3,618,0.38511720299720764,0.61488276720047,0.40516412258148193,0.9537591050988554,0.9541169169560648,0.0004609473684210526,False
3,619,0.38507726788520813,0.6149227619171143,0.4042193293571472,0.9535567695687363,0.9544172078259833,0.00046,False
3,620,0.38503697514533997,0.6149630546569824,0.4022589921951294,0.9533472077696844,0.9543351621380064,0.00045905263157894734,False
3,621,0.38499584794044495,0.6150041818618774,0.4017423987388611,0.9534266967279456,0.9544139601182028,0.0004581052631578948,False
3,622,0.38495418429374695,0.6150457859039307,0.39931297302246094,0.953614579720199,0.9543206461780537,0.0004571578947368421,False
3,623,0.3849155306816101,0.6150844693183899,0.3999831974506378,0.9538747254017805,0.9543749509839272,0.0004562105263157895,False
3,624,0.3848738968372345,0.6151260733604431,0.4015637934207916,0.9543588854202798,0.9546614314900133,0.0004552631578947368,False
3,625,0.38483551144599915,0.6151644587516785,0.39963477849960327,0.9551248699271593,0.9548808820848979,0.00045431578947368413,False
3,626,0.38479483127593994,0.6152051687240601,0.40523430705070496,0.9550742860446294,0.9549605785001851,0.00045336842105263156,False
3,627,0.38475146889686584,0.6152485609054565,0.409381240606308,0.9555439935252631,0.9555749495461379,0.0004524210526315789,False
3,628,0.38471129536628723,0.6152887344360352,0.40339165925979614,0.956454503410799,0.9564907828804001,0.0004514736842105263,False
3,629,0.3846666216850281,0.6153334379196167,0.3915671706199646,0.9572493929934096,0.957453752943436,0.00045052631578947365,False
3,630,0.38462013006210327,0.6153798699378967,0.3967399597167969,0.9572638455312753,0.9576728894630292,0.0004495789473684211,False
3,631,0.38456982374191284,0.6154302358627319,0.39825159311294556,0.9573794658342004,0.9579952730462622,0.0004486315789473684,False
3,632,0.3845147490501404,0.6154851913452148,0.4003850817680359,0.9573939183720662,0.958130762271585,0.00044768421052631573,False
3,633,0.3844647705554962,0.6155352592468262,0.3980666697025299,0.9574228234477975,0.9579362468855094,0.00044673684210526317,False
3,634,0.38441547751426697,0.6155844926834106,0.3942021429538727,0.9572927506070066,0.9576299758386677,0.0004457894736842105,False
3,635,0.38437145948410034,0.6156284809112549,0.3958115875720978,0.9571699040351487,0.9571968941920928,0.0004448421052631579,False
3,636,0.3843306303024292,0.615669310092926,0.4001798927783966,0.9569495028326974,0.9567603992628202,0.00044389473684210525,False
3,637,0.3842918574810028,0.6157081723213196,0.40348148345947266,0.9565267661001272,0.9565087521162109,0.0004429473684210527,False
3,638,0.38425442576408386,0.6157455444335938,0.40032264590263367,0.9564183720661348,0.9565542626235148,0.000442,False
3,639,0.3842153549194336,0.6157846450805664,0.4028341770172119,0.9558980807029716,0.9560129653557395,0.00044105263157894734,False
3,640,0.38417935371398926,0.6158206462860107,0.3983207643032074,0.9557391027864494,0.955721191076228,0.0004401052631578947,False
3,641,0.3841436803340912,0.6158562898635864,0.40091031789779663,0.9556740663660539,0.9554627232618826,0.00043915789473684204,False
3,642,0.3841055929660797,0.6158944368362427,0.39504045248031616,0.9559414383165684,0.955610002965049,0.0004382105263157895,False
3,643,0.38407033681869507,0.6159296631813049,0.38997146487236023,0.9558691756272402,0.9554367882251914,0.0004372631578947368,False
3,644,0.3840327858924866,0.6159672737121582,0.3923023045063019,0.9557029714417853,0.9554583265050324,0.00043631578947368423,False
3,645,0.3839951753616333,0.6160048246383667,0.39858028292655945,0.9554717308359347,0.9556688565529257,0.00043536842105263156,False
3,646,0.3839608430862427,0.6160391569137573,0.39659643173217773,0.9555150884495318,0.9560007849049964,0.0004344210526315789,False
3,647,0.38392648100852966,0.6160735487937927,0.39950358867645264,0.9559053069719042,0.9564293318080088,0.0004334736842105263,False
3,648,0.3838849365711212,0.6161150932312012,0.4033614695072174,0.9564761822175973,0.957046775659784,0.00043252631578947364,False
3,649,0.38384705781936646,0.6161529421806335,0.39177119731903076,0.9568013643195745,0.9570106105105202,0.0004315789473684211,False
3,650,0.3838086724281311,0.6161913275718689,0.3973231613636017,0.956945889698231,0.9569790480421047,0.0004306315789473684,False
3,651,0.3837699294090271,0.6162300705909729,0.3979790210723877,0.9566712914787837,0.9565022816960884,0.00042968421052631584,False
3,652,0.38373059034347534,0.6162694096565247,0.3967401385307312,0.9564472771418661,0.9560701344178217,0.00042873684210526316,False
3,653,0.3837052285671234,0.616294801235199,0.39928722381591797,0.9557824604000463,0.9557310044860813,0.0004277894736842105,False
3,654,0.38367798924446106,0.6163219809532166,0.3952460289001465,0.9549442132038386,0.9552142447799346,0.00042684210526315787,False
3,655,0.3836495876312256,0.6163504123687744,0.4005641043186188,0.9543299803445484,0.9547596237336605,0.0004258947368421052,False
3,656,0.3836205005645752,0.6163794994354248,0.3947641849517822,0.9538096889813852,0.9541849863219796,0.0004249473684210526,False
3,657,0.3835894763469696,0.6164105534553528,0.3960632383823395,0.9534989594172737,0.9539635809650368,0.00042399999999999995,False
3,658,0.3835538625717163,0.6164461374282837,0.4047219455242157,0.9533761128454158,0.9536845182869182,0.0004230526315789474,False
3,659,0.3835188150405884,0.6164812445640564,0.393358051776886,0.9536651636027287,0.9533859666272962,0.0004221052631578947,False
3,660,0.3834823966026306,0.6165176033973694,0.3913220167160034,0.953896404208579,0.953542072296765,0.00042115789473684204,False
3,661,0.38344424962997437,0.6165557503700256,0.3942599892616272,0.9541204185454966,0.9538238885244871,0.00042021052631578947,False
3,662,0.3834039866924286,0.616595983505249,0.39401984214782715,0.9542577176552202,0.954057200999264,0.0004192631578947368,False
3,663,0.3833574056625366,0.6166425347328186,0.3949209749698639,0.9546190311018615,0.954563439675113,0.00041831578947368423,False
3,664,0.3833111822605133,0.6166887879371643,0.403117835521698,0.9549442132038386,0.955311022321942,0.00041736842105263156,False
3,665,0.38326573371887207,0.6167342662811279,0.398187518119812,0.9549803445485028,0.9555356469804643,0.000416421052631579,False
3,666,0.3832254409790039,0.6167745590209961,0.4035796523094177,0.9549442132038385,0.9557947706216479,0.0004154736842105263,False
3,667,0.3831876814365387,0.6168122887611389,0.3991979658603668,0.9546551624465256,0.9556792888322354,0.00041452631578947364,False
3,668,0.38314908742904663,0.6168508529663086,0.3996107876300812,0.9547924615562493,0.9560027147982528,0.0004135789473684211,False
3,669,0.38311418890953064,0.616885781288147,0.40210282802581787,0.95464070990866,0.9562903082048533,0.0004126315789473684,False
3,670,0.3830762505531311,0.6169237494468689,0.3928297162055969,0.9548213666319805,0.9564356869854412,0.0004116842105263158,False
3,671,0.3830351233482361,0.6169648170471191,0.3913053870201111,0.9548791767834433,0.9565090061161119,0.0004107368421052631,False
3,672,0.3829897344112396,0.617010235786438,0.3902503550052643,0.9554355994912707,0.9571216735014605,0.00040978947368421054,False
3,673,0.38293999433517456,0.6170600056648254,0.3950531482696533,0.9558980807029714,0.9574970227174878,0.00040884210526315786,False
3,674,0.38289180397987366,0.6171082258224487,0.3964340090751648,0.956367788183605,0.9579452456008097,0.0004078947368421052,False
3,675,0.382846474647522,0.6171535849571228,0.39580273628234863,0.9564039195282691,0.9582226406552306,0.0004069473684210526,False
3,676,0.38280388712882996,0.6171960830688477,0.39638444781303406,0.9563894669904035,0.9581547074396694,0.00040599999999999995,False
3,677,0.38276076316833496,0.617239236831665,0.39488697052001953,0.956411145797202,0.9582688548506464,0.0004050526315789474,False
3,678,0.3827163577079773,0.6172836422920227,0.39026716351509094,0.9565918025205227,0.9583978734619552,0.0004041052631578947,False
3,679,0.38267600536346436,0.6173239946365356,0.39394307136535645,0.9566785177477164,0.9585483022109309,0.00040315789473684214,False
3,680,0.3826335370540619,0.6173664331436157,0.38969334959983826,0.956823043126373,0.9587551146617102,0.00040221052631578947,False
3,681,0.3825923800468445,0.6174076199531555,0.39031025767326355,0.9567363278991792,0.9585748732938031,0.0004012631578947368,False
3,682,0.38255220651626587,0.6174477934837341,0.39401164650917053,0.9566929702855822,0.9582115348784853,0.0004003157894736842,False
3,683,0.3825124502182007,0.6174875497817993,0.3934507369995117,0.9564472771418662,0.9576562062385252,0.00039936842105263155,False
3,684,0.3824723958969116,0.6175276637077332,0.39175596833229065,0.9562955254942769,0.9572480840294662,0.000398421052631579,False
3,685,0.38243311643600464,0.6175669431686401,0.3939798176288605,0.9559847959301653,0.9568117577947566,0.0003974736842105263,False
3,686,0.38239315152168274,0.6176068782806396,0.38831982016563416,0.9561148687709562,0.9567600232598777,0.0003965263157894737,False
3,687,0.3823580741882324,0.6176419258117676,0.3996540606021881,0.9559631171233668,0.9565088932581667,0.000395578947368421,False
3,688,0.3823237121105194,0.6176762580871582,0.39530667662620544,0.956078737426292,0.9564241057825296,0.00039463157894736834,False
3,689,0.3822895586490631,0.6177104711532593,0.39412373304367065,0.955999248468031,0.956105368764214,0.0003936842105263158,False
3,690,0.38225460052490234,0.6177453994750977,0.39525842666625977,0.9562232628049486,0.9562854634623201,0.0003927368421052631,False
3,691,0.3822180926799774,0.6177818775177002,0.3889644145965576,0.9562160365360157,0.9564294288768472,0.00039178947368421053,False
3,692,0.3821813762187958,0.6178186535835266,0.3977949321269989,0.9563894669904035,0.957074702850668,0.00039084210526315786,False
3,693,0.3821495473384857,0.6178504228591919,0.39686787128448486,0.9563966932593364,0.957049504388434,0.0003898947368421053,False
3,694,0.38211652636528015,0.6178834438323975,0.39567670226097107,0.95686640073997,0.9572159739804568,0.0003889473684210526,False
3,695,0.3820856511592865,0.6179143786430359,0.4012743830680847,0.9572277141866111,0.9574187382599131,0.00038799999999999994,False
3,696,0.38206058740615845,0.6179394125938416,0.39386340975761414,0.9575818013643196,0.9576890650667045,0.0003870526315789474,False
3,697,0.3820381462574005,0.6179618835449219,0.3888322710990906,0.9576034801711181,0.9574505492397569,0.0003861052631578947,False
3,698,0.38201865553855896,0.6179813742637634,0.39440053701400757,0.9577118742051106,0.9570183341836302,0.00038515789473684214,False
3,699,0.3820001780986786,0.6179998517036438,0.39283767342567444,0.9577913631633713,0.9567293744951582,0.00038421052631578946,False
3,700,0.38197728991508484,0.6180227398872375,0.39181995391845703,0.9579214360041625,0.9568702654403423,0.00038326315789473684,False
3,701,0.3819511830806732,0.6180487871170044,0.3933335542678833,0.9579864724245578,0.9568305146529833,0.00038231578947368417,False
3,702,0.3819243013858795,0.6180757284164429,0.3896524906158447,0.9580659613828189,0.9572237986788616,0.0003813684210526315,False
3,703,0.38189953565597534,0.6181004643440247,0.3922616243362427,0.957892530928431,0.9572179494742206,0.00038042105263157893,False
3,704,0.38187354803085327,0.6181264519691467,0.40124863386154175,0.9574878598681928,0.9569955129743499,0.00037947368421052625,False
3,705,0.38184964656829834,0.6181503534317017,0.39407187700271606,0.9573288819516707,0.9570080870474926,0.0003785263157894737,False
3,706,0.3818291127681732,0.6181709170341492,0.39518311619758606,0.956989247311828,0.9567367085600769,0.000377578947368421,False
3,707,0.3818044662475586,0.6181955337524414,0.3959372341632843,0.956324430570008,0.9562035276396399,0.00037663157894736845,False
3,708,0.38177844882011414,0.6182215809822083,0.3930395245552063,0.9556812926349867,0.9556203264055212,0.00037568421052631577,False
3,709,0.3817548453807831,0.6182451844215393,0.39729782938957214,0.9553633368019423,0.9555188721874843,0.0003747368421052631,False
3,710,0.3817266523838043,0.6182733774185181,0.4003969430923462,0.955182680078622,0.9553513890976247,0.00037378947368421053,False
3,711,0.38169634342193604,0.618303656578064,0.3938117027282715,0.9555150884495318,0.9554992079774894,0.00037284210526315786,False
3,712,0.381666362285614,0.6183335781097412,0.3862435817718506,0.9557752341311134,0.955745121494735,0.0003718947368421053,False
3,713,0.38163360953330994,0.6183664202690125,0.39028802514076233,0.9559125332408371,0.9555797356470379,0.0003709473684210526,False
3,714,0.3816017210483551,0.6183982491493225,0.39169663190841675,0.9561293213088218,0.9557571353252536,0.00037000000000000005,False
3,715,0.3815648853778839,0.6184351444244385,0.39412492513656616,0.9560787374262921,0.9557721844856214,0.0003690526315789474,False
3,716,0.3815266191959381,0.6184733510017395,0.3939788341522217,0.955955890854434,0.9559653995725026,0.0003681052631578947,False
3,717,0.3814866244792938,0.6185133457183838,0.3887978792190552,0.9558619493583074,0.9561091411232948,0.0003671578947368421,False
3,718,0.3814503252506256,0.6185497045516968,0.3946719765663147,0.9557680078621806,0.9562429824512945,0.0003662105263157894,False
3,719,0.38141342997550964,0.6185865998268127,0.39570486545562744,0.9558402705515088,0.956445562805941,0.00036526315789473684,False
3,720,0.3813706040382385,0.6186293363571167,0.39019379019737244,0.9554934096427333,0.9561581740190552,0.00036431578947368416,False
3,721,0.3813275992870331,0.6186724305152893,0.388131320476532,0.9554066944155394,0.9561255909557741,0.0003633684210526316,False
3,722,0.38128161430358887,0.6187183260917664,0.38775190711021423,0.954850271707712,0.9557715755396838,0.0003624210526315789,False
3,723,0.3812394142150879,0.6187605857849121,0.390117347240448,0.9547563302115852,0.9556429113803911,0.00036147368421052625,False
3,724,0.38119810819625854,0.6188018918037415,0.3937225043773651,0.9547707827494508,0.9555556083174489,0.0003605263157894737,False
3,725,0.38115864992141724,0.618841290473938,0.38769039511680603,0.9546334836397272,0.9554449597873135,0.000359578947368421,False
3,726,0.3811191916465759,0.6188808083534241,0.3861876428127289,0.9548141403630478,0.9554600074612891,0.00035863157894736844,False
3,727,0.38108184933662415,0.6189181208610535,0.39830082654953003,0.9551176436582264,0.9556908798727244,0.00035768421052631577,False
3,728,0.3810460865497589,0.6189538836479187,0.3931502103805542,0.9553272054572783,0.9560496194391561,0.0003567368421052632,False
3,729,0.38100796937942505,0.618992030620575,0.38332369923591614,0.9556162562145915,0.9564398741093598,0.0003557894736842105,False
3,730,0.3809642791748047,0.6190357804298401,0.3894979953765869,0.9557029714417852,0.9565973827635701,0.00035484210526315785,False
3,731,0.380925714969635,0.619074285030365,0.3926949203014374,0.9556162562145912,0.9564468526927284,0.00035389473684210523,False
3,732,0.38088589906692505,0.6191140413284302,0.38901403546333313,0.9553344317262111,0.9561553640505851,0.00035294736842105256,False
3,733,0.3808477818965912,0.6191521883010864,0.3860343098640442,0.9554428257602035,0.9562403962086945,0.000352,False
3,734,0.38080957531929016,0.6191903948783875,0.3895825445652008,0.9553922418776738,0.956125910976428,0.0003510526315789473,False
3,735,0.380779504776001,0.6192204356193542,0.3986467123031616,0.955457278298069,0.9561846415931738,0.00035010526315789475,False
3,736,0.38074952363967896,0.619250476360321,0.3925555348396301,0.9553922418776738,0.9559826503803784,0.0003491578947368421,False
3,737,0.38072285056114197,0.6192771196365356,0.39364975690841675,0.9557391027864492,0.9565031226555379,0.0003482105263157894,False
3,738,0.38069865107536316,0.6193013787269592,0.39375659823417664,0.9558836281651057,0.9567508951301085,0.00034726315789473683,False
3,739,0.38067299127578735,0.6193269491195679,0.39051729440689087,0.9558980807029713,0.9568874471250581,0.00034631578947368416,False
3,740,0.3806443214416504,0.6193556785583496,0.3859388828277588,0.955717423979651,0.956946001696043,0.0003453684210526316,False
3,741,0.3806126117706299,0.6193873286247253,0.3846189081668854,0.955594577407793,0.9569229460686123,0.0003444210526315789,False
3,742,0.3805769085884094,0.6194230914115906,0.3906806409358978,0.9556090299456584,0.9569066023989191,0.00034347368421052635,False
3,743,0.3805404603481293,0.6194595098495483,0.38557466864585876,0.9557246502485837,0.9568374165134483,0.0003425263157894737,False
3,744,0.38050520420074463,0.6194947957992554,0.3924943506717682,0.9559775696612325,0.9569864470890155,0.000341578947368421,False
3,745,0.38046953082084656,0.6195304989814758,0.3903771638870239,0.956165452653486,0.9569831107397081,0.00034063157894736844,False
3,746,0.3804353177547455,0.6195646524429321,0.3844362497329712,0.956244941611747,0.9571199114476088,0.00033968421052631576,False
3,747,0.38040435314178467,0.6195957064628601,0.3890852928161621,0.9561293213088219,0.9569332776694129,0.0003387368421052632,False
3,748,0.3803737461566925,0.6196262240409851,0.38732197880744934,0.9560064747369638,0.9568522184937192,0.0003377894736842105,False
3,749,0.38034000992774963,0.6196600198745728,0.3928084373474121,0.9558547230893746,0.9567142592931236,0.00033684210526315796,False
3,750,0.3803069293498993,0.6196931004524231,0.39192888140678406,0.9558836281651057,0.9568409091846084,0.0003358947368421053,False
3,751,0.3802742660045624,0.6197257041931152,0.39254525303840637,0.955912533240837,0.9568983120962026,0.0003349473684210526,False
3,752,0.38023585081100464,0.6197641491889954,0.3885626196861267,0.9559342120476355,0.9570109642507516,0.000334,False
3,753,0.3801974356174469,0.6198025345802307,0.3856922686100006,0.9558113654757776,0.956805604527427,0.0003330526315789473,False
3,754,0.3801586925983429,0.6198413372039795,0.3894810676574707,0.9559125332408371,0.9569902182522771,0.00033210526315789475,False
3,755,0.38011929392814636,0.619880735874176,0.3893282413482666,0.9560137010058967,0.9569824956866496,0.00033115789473684207,False
3,756,0.3800811767578125,0.6199188232421875,0.39353981614112854,0.9560426060816279,0.9569827535351603,0.0003302105263157895,False
3,757,0.3800458312034607,0.6199541091918945,0.38810890913009644,0.9563461093768068,0.9572017614138297,0.00032926315789473683,False
3,758,0.380011647939682,0.6199883818626404,0.38580384850502014,0.9565267661001272,0.957428576494066,0.00032831578947368416,False
3,759,0.3799780011177063,0.6200219988822937,0.3880971670150757,0.9562015839981501,0.9569909777147145,0.0003273684210526316,False
3,760,0.37994468212127686,0.6200553178787231,0.3835733234882355,0.9561654526534861,0.9568550172738468,0.0003264210526315789,False
3,761,0.37990906834602356,0.620090901851654,0.3844620883464813,0.9560931899641577,0.9565209678126027,0.00032547368421052635,False
3,762,0.379872590303421,0.6201274394989014,0.3855521082878113,0.9563605619146722,0.9564108141291275,0.0003245263157894737,False
3,763,0.37983590364456177,0.6201640963554382,0.3801390826702118,0.9564111457972019,0.9562363889203438,0.0003235789473684211,False
3,764,0.37979960441589355,0.6202003955841064,0.38380947709083557,0.9563894669904035,0.9562085318293406,0.00032263157894736843,False
3,765,0.3797706067562103,0.6202293634414673,0.3890096843242645,0.9562088102670828,0.9561257056349765,0.0003216842105263158,False
3,766,0.3797432482242584,0.620256781578064,0.3900415599346161,0.95620158399815,0.9560044421815466,0.00032073684210526314,False
3,767,0.3797224760055542,0.620277464389801,0.38663747906684875,0.9564761822175974,0.9562359997895177,0.00031978947368421046,False
3,768,0.37970414757728577,0.6202958226203918,0.3851670026779175,0.9567869117817089,0.9565451818779678,0.0003188421052631579,False
3,769,0.3796858489513397,0.6203141212463379,0.38960185647010803,0.9570904150768874,0.9569560106125524,0.0003178947368421052,False
3,770,0.37966597080230713,0.6203340291976929,0.38235437870025635,0.9570470574632907,0.9570217376900496,0.00031694736842105266,False
3,771,0.37964513897895813,0.6203548312187195,0.38770708441734314,0.9569603422360967,0.9571305597263955,0.000316,False
3,772,0.37962162494659424,0.6203783750534058,0.38740795850753784,0.9570398311943578,0.9572824498438223,0.0003150526315789474,False
3,773,0.3795969486236572,0.6204031109809875,0.3910798728466034,0.9569747947739623,0.9570965512570083,0.00031410526315789474,False
3,774,0.37957245111465454,0.6204274892807007,0.3958650827407837,0.9568953058157013,0.9570746972282401,0.00031315789473684207,False
3,775,0.37955087423324585,0.6204491257667542,0.3906293213367462,0.9568953058157011,0.9570654365489178,0.0003122105263157895,False
3,776,0.3795316517353058,0.6204683780670166,0.3888665437698364,0.9566785177477165,0.956718280820563,0.00031126315789473683,False
3,777,0.3795117735862732,0.620488166809082,0.3834424316883087,0.9564328246040005,0.9563649320750174,0.00031031578947368426,False
3,778,0.37949228286743164,0.6205077171325684,0.38518720865249634,0.9562449416117472,0.9558246924006847,0.0003093684210526316,False
3,779,0.379469633102417,0.6205304265022278,0.38536760210990906,0.9560353798126952,0.9558719823308882,0.000308421052631579,False
3,780,0.37944522500038147,0.6205547451972961,0.3900464177131653,0.9559486645855012,0.956088344414519,0.00030747368421052635,False
3,781,0.3794168531894684,0.620583176612854,0.38701942563056946,0.9560498323505607,0.9565291158777934,0.00030652631578947367,False
3,782,0.37938475608825684,0.6206152439117432,0.3850289285182953,0.9563027517632096,0.9570095606628457,0.00030557894736842105,False
3,783,0.37935394048690796,0.6206459999084473,0.38460734486579895,0.9564472771418661,0.9573786123552599,0.0003046315789473684,False
3,784,0.3793254792690277,0.6206745505332947,0.3859689235687256,0.9567074228234478,0.9575638223961129,0.0003036842105263158,False
3,785,0.37929508090019226,0.6207048892974854,0.38799479603767395,0.9570326049254249,0.9576539219935813,0.00030273684210526314,False
3,786,0.37926962971687317,0.6207304000854492,0.39003756642341614,0.9567724592438432,0.9574461966436881,0.00030178947368421057,False
3,787,0.37924593687057495,0.6207540035247803,0.3873533010482788,0.9566785177477165,0.9575642275934889,0.0003008421052631579,False
3,788,0.37922635674476624,0.6207736134529114,0.38912707567214966,0.95653399236906,0.9574194824038382,0.0002998947368421052,False
3,789,0.37920424342155457,0.620795726776123,0.3817059099674225,0.9564689559486647,0.9571403486635301,0.00029894736842105265,False
3,790,0.37918320298194885,0.6208167672157288,0.38847893476486206,0.9563388831078737,0.9567107493364104,0.000298,False
3,791,0.37916529178619385,0.6208347082138062,0.3879678249359131,0.9563388831078736,0.9563778419672032,0.0002970526315789474,False
3,792,0.37914592027664185,0.6208540797233582,0.38120055198669434,0.9563533356457395,0.9559875490450651,0.00029610526315789474,False
3,793,0.37912359833717346,0.6208764314651489,0.38173115253448486,0.956577349982657,0.9561584663332703,0.00029515789473684217,False
3,794,0.3791007399559021,0.6208992004394531,0.3895473778247833,0.9567941380506416,0.9565333165701031,0.0002942105263157895,False
3,795,0.3790762722492218,0.6209237575531006,0.38746970891952515,0.9569531159671638,0.9568644920656937,0.0002932631578947368,False
3,796,0.37905293703079224,0.6209470629692078,0.38633015751838684,0.9570253786564922,0.9571448718891921,0.0002923157894736842,False
3,797,0.37902775406837463,0.620972216129303,0.3839484453201294,0.9569675685050295,0.9570910499478034,0.00029136842105263153,False
3,798,0.3790038824081421,0.6209961175918579,0.38341936469078064,0.9569097583535668,0.9569688531019205,0.00029042105263157896,False
3,799,0.37897929549217224,0.6210206747055054,0.3851918876171112,0.9572638455312753,0.9571896827974236,0.0002894736842105263,False
3,800,0.3789592385292053,0.6210408210754395,0.38811537623405457,0.9574011446409991,0.9570375766882464,0.0002885263157894737,False
3,801,0.37894001603126526,0.6210600137710571,0.38946497440338135,0.9576396115157821,0.9570241922933311,0.00028757894736842105,False
3,802,0.3789190649986267,0.6210809350013733,0.38331422209739685,0.9574517285235288,0.9567765414540758,0.00028663157894736837,False
3,803,0.37889766693115234,0.6211023330688477,0.3848923444747925,0.9572566192623425,0.9564650511602403,0.0002856842105263158,False
3,804,0.3788776099681854,0.6211223602294922,0.3874146342277527,0.9571193201526188,0.9565308378284029,0.00028473684210526313,False
3,805,0.37885886430740356,0.6211411356925964,0.3932012617588043,0.9570831888079547,0.9565271580849353,0.00028378947368421057,False
3,806,0.378835529088974,0.6211644411087036,0.3920774459838867,0.9571337726904844,0.9566087513787523,0.0002828421052631579,False
3,807,0.37881213426589966,0.6211878657341003,0.384214848279953,0.956953115967164,0.9566148291952682,0.0002818947368421053,False
3,808,0.3787902891635895,0.6212097406387329,0.3887486159801483,0.9567796855127761,0.9564784879994075,0.00028094736842105265,False
3,809,0.3787619471549988,0.6212379932403564,0.3878553509712219,0.9570109261186264,0.9569232050261156,0.00028,False
3,810,0.3787335157394409,0.6212664842605591,0.38316792249679565,0.956786911781709,0.9567472017160887,0.0002790526315789474,False
3,811,0.3787061274051666,0.6212939023971558,0.38159286975860596,0.95658457625159,0.9565509536560961,0.00027810526315789473,False
3,812,0.3786766231060028,0.6213234066963196,0.3848193883895874,0.9563750144525378,0.9564345881271223,0.0002771578947368421,False
3,813,0.3786461055278778,0.6213538646697998,0.38494712114334106,0.9560064747369638,0.9561333102100479,0.00027621052631578944,False
3,814,0.3786158263683319,0.6213841438293457,0.38802748918533325,0.9556234824835242,0.9558764655643273,0.0002752631578947369,False
3,815,0.3785834014415741,0.6214165687561035,0.3821432590484619,0.9554066944155393,0.9555535202868506,0.0002743157894736842,False
3,816,0.37854883074760437,0.621451199054718,0.38572627305984497,0.9552404902300845,0.955043782949328,0.0002733684210526315,False
3,817,0.37851792573928833,0.6214820742607117,0.3838627338409424,0.9552260376922188,0.9546709304117772,0.00027242105263157896,False
3,818,0.37848928570747375,0.6215106844902039,0.3858017325401306,0.9554645045670019,0.9545097009201773,0.0002714736842105263,False
3,819,0.37846091389656067,0.6215391159057617,0.3874715268611908,0.9554934096427332,0.9543668374585514,0.0002705263157894737,False
3,820,0.37842971086502075,0.6215702891349792,0.386459618806839,0.9557246502485837,0.9546614079200983,0.00026957894736842104,False
3,821,0.37840020656585693,0.6215997934341431,0.38295865058898926,0.9558402705515089,0.9549180516646785,0.0002686315789473685,False
3,822,0.3783687949180603,0.6216312050819397,0.3840751051902771,0.9562015839981501,0.9554964597771838,0.0002676842105263158,False
3,823,0.37834182381629944,0.6216581463813782,0.38519003987312317,0.9563966932593364,0.9557139097226159,0.00026673684210526313,False
3,824,0.3783162534236908,0.6216837763786316,0.3865077495574951,0.9567146490923806,0.9559399740806438,0.00026578947368421056,False
3,825,0.37829074263572693,0.6217092275619507,0.3861776888370514,0.9566712914787837,0.9559366128176761,0.0002648421052631579,False
3,826,0.378264844417572,0.6217352151870728,0.3865809738636017,0.9566279338651867,0.955894558521426,0.00026389473684210527,False
3,827,0.37823912501335144,0.6217608451843262,0.37977689504623413,0.9565990287894555,0.9557608300748056,0.0002629473684210526,False
3,828,0.3782139718532562,0.6217860579490662,0.3876893222332001,0.9567001965545149,0.9557909820428009,0.000262,False
3,829,0.37819045782089233,0.6218094825744629,0.38304799795150757,0.9566785177477165,0.9556885870769493,0.00026105263157894735,False
3,830,0.3781687021255493,0.6218312382698059,0.3875318765640259,0.9568519482021043,0.9561253339861899,0.0002601052631578947,False
3,831,0.378145694732666,0.621854305267334,0.38212132453918457,0.9569820210428951,0.9566073269140722,0.0002591578947368421,False
3,832,0.3781247138977051,0.6218752861022949,0.38564372062683105,0.9569169846224997,0.9567447535252699,0.00025821052631578944,False
3,833,0.3781036138534546,0.6218964457511902,0.38536491990089417,0.9569386634292981,0.9571641742890218,0.00025726315789473687,False
3,834,0.37808239459991455,0.6219176054000854,0.38510510325431824,0.9568519482021042,0.9572472674179793,0.0002563157894736842,False
3,835,0.3780633211135864,0.6219366788864136,0.3842896819114685,0.9569242108914325,0.9574760439325259,0.00025536842105263163,False
3,836,0.3780444264411926,0.6219555735588074,0.38535553216934204,0.9570976413458203,0.9577482851536036,0.00025442105263157895,False
3,837,0.37802448868751526,0.6219755411148071,0.3835393190383911,0.9569675685050295,0.9576917496563739,0.0002534736842105263,False
3,838,0.378001868724823,0.621998131275177,0.3820198178291321,0.9567869117817088,0.9573936200059743,0.0002525263157894737,False
3,839,0.3779791593551636,0.6220208406448364,0.38693976402282715,0.9564617296797318,0.9571076047861907,0.00025157894736842104,False
3,840,0.37795892357826233,0.6220410466194153,0.3823643922805786,0.9563822407214707,0.9568745906336691,0.0002506315789473685,False
3,841,0.3779395818710327,0.6220604181289673,0.3867526352405548,0.9563461093768065,0.9568305047188854,0.0002496842105263158,False
3,842,0.3779185712337494,0.622081458568573,0.37970009446144104,0.9562521678806799,0.9568665414713001,0.0002487368421052632,False
3,843,0.3778969943523407,0.6221029758453369,0.38440608978271484,0.9561726789224188,0.9569535449648763,0.0002477894736842105,False
3,844,0.3778752088546753,0.6221247911453247,0.37775370478630066,0.9559414383165684,0.9567097067702133,0.00024684210526315783,False
3,845,0.3778553307056427,0.6221446394920349,0.3880408704280853,0.9558330442825761,0.9566312756623372,0.00024589473684210526,False
3,846,0.37783554196357727,0.6221644878387451,0.38191285729408264,0.9555728986009943,0.9564246778799232,0.0002449473684210526,False
3,847,0.37781697511672974,0.622183084487915,0.38334929943084717,0.9554861833738005,0.9563236138416347,0.00024400000000000002,False
3,848,0.3777991533279419,0.6222008466720581,0.3806697726249695,0.955298300381547,0.9561049281380993,0.00024305263157894735,False
3,849,0.3777822256088257,0.6222177743911743,0.38729599118232727,0.9553344317262111,0.9560636087464902,0.00024210526315789478,False
3,850,0.3777626156806946,0.6222373247146606,0.3824586868286133,0.9555584460631288,0.9561856359483936,0.0002411578947368421,False
3,851,0.37774166464805603,0.6222583055496216,0.3852279782295227,0.955746329055382,0.9563644091603203,0.00024021052631578943,False
3,852,0.3777213394641876,0.62227863073349,0.3823624849319458,0.9560137010058966,0.9565771032378555,0.00023926315789473687,False
3,853,0.37770020961761475,0.6222997307777405,0.38744741678237915,0.9560931899641577,0.9566913364511526,0.0002383157894736842,False
3,854,0.3776792287826538,0.6223207712173462,0.3860953152179718,0.9561871314602843,0.9568122002354794,0.00023736842105263163,False
3,855,0.37765681743621826,0.622343122959137,0.38529402017593384,0.9561943577292171,0.9567175562555457,0.00023642105263157895,False
3,856,0.3776382505893707,0.6223617196083069,0.3787511885166168,0.9562882992253441,0.9566193282637105,0.00023547368421052638,False
3,857,0.3776217997074127,0.6223782300949097,0.39065003395080566,0.9563172043010753,0.9566295390924157,0.0002345263157894737,False
3,858,0.3776032328605652,0.6223967671394348,0.3842834234237671,0.9563894669904035,0.9569507706556805,0.00023357894736842104,False
3,859,0.3775881826877594,0.6224117875099182,0.38902127742767334,0.9561582263845532,0.9567844805834017,0.00023263157894736841,False
3,860,0.3775739371776581,0.6224260926246643,0.38160887360572815,0.9560209272748295,0.9566572503508542,0.00023168421052631574,False
3,861,0.3775569796562195,0.6224430799484253,0.38283571600914,0.9556885189039196,0.9564183076987072,0.00023073684210526317,False
3,862,0.3775361180305481,0.6224638819694519,0.3826337456703186,0.9554500520291364,0.9561125478758512,0.0002297894736842105,False
3,863,0.37751808762550354,0.6224819421768188,0.38591939210891724,0.955132096196092,0.9556907318060406,0.00022884210526315793,False
3,864,0.37749573588371277,0.6225042343139648,0.3833579421043396,0.9549369869349057,0.9556497592330906,0.00022789473684210526,False
3,865,0.3774743378162384,0.6225256323814392,0.38304415345191956,0.9547996878251822,0.9554568584233096,0.00022694736842105258,False
3,866,0.37745365500450134,0.622546374797821,0.38474348187446594,0.9545467684125333,0.9551977304890023,0.00022600000000000002,False
3,867,0.3774327039718628,0.622567355632782,0.38589927554130554,0.9543805642270783,0.954975318517628,0.00022505263157894734,False
3,868,0.37741073966026306,0.6225892305374146,0.38319483399391174,0.9543372066134813,0.9548437885198082,0.00022410526315789478,False
3,869,0.3773883581161499,0.6226116418838501,0.3828029930591583,0.9544745057232049,0.9549386037678838,0.0002231578947368421,False
3,870,0.37736615538597107,0.6226338744163513,0.38120973110198975,0.954720198866921,0.9550384568214605,0.00022221052631578954,False
3,871,0.37734535336494446,0.6226546764373779,0.3809574842453003,0.9548069140941149,0.9549351387219036,0.00022126315789473683,False
3,872,0.37732359766960144,0.6226763725280762,0.38581082224845886,0.9548574979766448,0.9548686037830723,0.00022031578947368416,False
3,873,0.3773033022880554,0.6226966977119446,0.3837253451347351,0.9550742860446294,0.9551183479332817,0.0002193684210526316,False
3,874,0.37728384137153625,0.6227161288261414,0.38044828176498413,0.9552188114232859,0.9554090743003967,0.00021842105263157892,False
3,875,0.37726670503616333,0.6227333545684814,0.38083815574645996,0.9556740663660539,0.9560504008914535,0.00021747368421052633,False
3,876,0.37724950909614563,0.622750461101532,0.38653817772865295,0.9559342120476355,0.9563645166647665,0.00021652631578947365,False
3,877,0.37723156809806824,0.6227684617042542,0.37994903326034546,0.9561437738466875,0.9567271655994722,0.00021557894736842109,False
3,878,0.3772162199020386,0.6227838397026062,0.38455554842948914,0.9562738466874783,0.9568656074998796,0.0002146315789473684,False
3,879,0.3772006630897522,0.6227993965148926,0.38083332777023315,0.9563172043010753,0.9569754500779177,0.00021368421052631574,False
3,880,0.37718716263771057,0.6228128671646118,0.38682490587234497,0.9561726789224189,0.9568496631845482,0.00021273684210526317,False
3,881,0.377175897359848,0.6228241324424744,0.38585853576660156,0.95620158399815,0.9567803786109815,0.0002117894736842105,False
3,882,0.3771665394306183,0.6228334307670593,0.3801633417606354,0.9562593941496127,0.9566095415142732,0.00021084210526315793,False
3,883,0.37715914845466614,0.6228408813476562,0.3820580840110779,0.95620158399815,0.9563271873754713,0.00020989473684210526,False
3,884,0.3771481513977051,0.6228518486022949,0.37917065620422363,0.9562088102670829,0.9561678894804777,0.0002089473684210527,False
3,885,0.37713560461997986,0.6228643655776978,0.37861382961273193,0.95620158399815,0.9560944043147218,0.00020800000000000001,False
3,886,0.37712159752845764,0.62287837266922,0.38202103972435,0.9562810729564112,0.9561104840346051,0.00020705263157894734,False
3,887,0.37710875272750854,0.6228912472724915,0.37857455015182495,0.9561871314602842,0.9560021778761899,0.00020610526315789475,False
3,888,0.37709569931030273,0.622904360294342,0.3860568106174469,0.9562088102670828,0.9559254850317195,0.00020515789473684207,False
3,889,0.3770817220211029,0.6229182481765747,0.3783420920372009,0.9561510001156203,0.9557280963050443,0.0002042105263157895,False
3,890,0.3770681321620941,0.6229318976402283,0.3877875804901123,0.9559920221990981,0.9554920517963023,0.00020326315789473683,False
3,891,0.37705516815185547,0.6229448318481445,0.3830786347389221,0.9557824604000463,0.955403521105256,0.00020231578947368424,False
3,892,0.37704241275787354,0.6229576468467712,0.3868430256843567,0.955710197710718,0.9553250318364939,0.00020136842105263156,False
3,893,0.3770279884338379,0.6229719519615173,0.37702542543411255,0.9557824604000463,0.9553126597756544,0.0002004210526315789,False
3,894,0.37701427936553955,0.6229857206344604,0.3873503506183624,0.9559920221990982,0.9554286132389398,0.00019947368421052632,False
3,895,0.377000629901886,0.622999370098114,0.37713250517845154,0.956331656838941,0.9555946845816715,0.00019852631578947365,False
3,896,0.37698620557785034,0.6230137944221497,0.38277965784072876,0.9563894669904036,0.9554991534309647,0.00019757894736842108,False
3,897,0.3769736588001251,0.6230263710021973,0.38823699951171875,0.9563461093768065,0.955442564695928,0.0001966315789473684,False
3,898,0.37695932388305664,0.6230406165122986,0.38342565298080444,0.9560931899641577,0.9551893568950827,0.00019568421052631584,False
3,899,0.37694451212882996,0.6230554580688477,0.38233187794685364,0.9561726789224188,0.9552814257452337,0.00019473684210526317,False
3,900,0.3769291341304779,0.6230708360671997,0.3819255530834198,0.9559920221990982,0.9550764288210646,0.0001937894736842105,False
3,901,0.3769131302833557,0.6230868101119995,0.37612688541412354,0.9557246502485838,0.9549546690044007,0.00019284210526315793,False
3,902,0.3768974840641022,0.6231025457382202,0.37689855694770813,0.9554139206844722,0.9546478753349535,0.00019189473684210525,False
3,903,0.37688320875167847,0.6231167912483215,0.38602110743522644,0.9553994681466066,0.9546503316307873,0.00019094736842105266,False
3,904,0.3768686056137085,0.6231313943862915,0.37805846333503723,0.9552621690368829,0.9546028241621293,0.00018999999999999998,False
3,905,0.3768574893474579,0.6231424808502197,0.3796534240245819,0.9553344317262111,0.9544626489676884,0.0001890526315789474,False
3,906,0.3768463432788849,0.6231536865234375,0.38589009642601013,0.9555945774077929,0.9545035644082069,0.00018810526315789472,False
3,907,0.3768359124660492,0.6231641173362732,0.37673184275627136,0.9555801248699272,0.9543389554014076,0.00018715789473684204,False
3,908,0.37682580947875977,0.6231741905212402,0.38026750087738037,0.9555656723320615,0.9541881169987182,0.00018621052631578947,False
3,909,0.3768143057823181,0.6231856942176819,0.3757992088794708,0.9556523875592554,0.9540497480221805,0.0001852631578947368,False
3,910,0.37680351734161377,0.6231964826583862,0.3796793818473816,0.9556885189039195,0.9538842272379275,0.00018431578947368423,False
3,911,0.3767928183078766,0.6232072114944458,0.37579333782196045,0.9558041392068446,0.9538830162349982,0.00018336842105263156,False
3,912,0.3767813444137573,0.6232186555862427,0.37844347953796387,0.95586917562724,0.9538145071841108,0.000182421052631579,False
3,913,0.37676891684532166,0.623231053352356,0.3832893669605255,0.9559342120476356,0.953609585985314,0.00018147368421052632,False
3,914,0.3767557144165039,0.6232443451881409,0.3805570900440216,0.9559342120476356,0.9538065355946239,0.00018052631578947364,False
3,915,0.3767414689064026,0.6232585906982422,0.38473570346832275,0.9558474968204416,0.9539532235845444,0.00017957894736842108,False
3,916,0.37672802805900574,0.6232720017433167,0.3856603503227234,0.95591975950977,0.9541146279800989,0.0001786315789473684,False
3,917,0.37671321630477905,0.623286783695221,0.37952712178230286,0.9558980807029714,0.9542896746891554,0.0001776842105263158,False
3,918,0.37669914960861206,0.6233008503913879,0.3773779571056366,0.9558185917447104,0.9545689792542693,0.00017673684210526314,False
3,919,0.3766855299472809,0.6233144402503967,0.38157621026039124,0.9557535553243149,0.9544025329660992,0.00017578947368421057,False
3,920,0.3766699731349945,0.6233300566673279,0.3778284788131714,0.9557752341311134,0.9542930585735137,0.0001748421052631579,False
3,921,0.37665480375289917,0.6233451962471008,0.3794752359390259,0.9557174239796509,0.9539565079838918,0.0001738947368421053,False
3,922,0.376639187335968,0.6233608722686768,0.3820931613445282,0.9557752341311135,0.9539178986638953,0.00017294736842105263,False
3,923,0.3766231834888458,0.6233767867088318,0.37470608949661255,0.9558980807029714,0.9539808904880062,0.00017199999999999995,False
3,924,0.3766087591648102,0.6233912110328674,0.38416847586631775,0.9560931899641577,0.9542997096046698,0.00017105263157894739,False
3,925,0.3765968680381775,0.6234030723571777,0.3831944763660431,0.956288299225344,0.954667637601185,0.0001701052631578947,False
3,926,0.37658435106277466,0.6234155893325806,0.3775724768638611,0.9564039195282692,0.9549432132170889,0.00016915789473684215,False
3,927,0.37657296657562256,0.6234269738197327,0.3782181143760681,0.9563966932593363,0.9552108052987709,0.00016821052631578947,False
3,928,0.3765602707862854,0.6234396696090698,0.3816584646701813,0.9564978610243959,0.955360211561076,0.0001672631578947369,False
3,929,0.37654542922973633,0.6234546303749084,0.3714295029640198,0.9564111457972021,0.9554226995845216,0.00016631578947368423,False
3,930,0.37652984261512756,0.6234701871871948,0.374112069606781,0.9564255983350677,0.9555350816186267,0.00016536842105263156,False
3,931,0.3765147030353546,0.623485267162323,0.3805634379386902,0.956490634755463,0.9556306519410589,0.000164421052631579,False
3,932,0.3765009343624115,0.6234990954399109,0.3761950731277466,0.956367788183605,0.955553051117322,0.00016347368421052631,False
3,933,0.37648823857307434,0.623511791229248,0.3759278357028961,0.956411145797202,0.955656374717289,0.00016252631578947372,False
3,934,0.3764777183532715,0.6235222816467285,0.38099366426467896,0.956288299225344,0.955744497195424,0.00016157894736842105,False
3,935,0.37646806240081787,0.6235319375991821,0.38241469860076904,0.9562738466874784,0.9559497761483744,0.00016063157894736848,False
3,936,0.37645700573921204,0.6235430240631104,0.37792208790779114,0.9562593941496126,0.9560101268562285,0.0001596842105263158,False
3,937,0.3764452040195465,0.6235548257827759,0.38263022899627686,0.9560715111573592,0.9558629813783239,0.00015873684210526313,False
3,938,0.3764323592185974,0.6235675811767578,0.38444656133651733,0.9559414383165684,0.9557343197947139,0.00015778947368421054,False
3,939,0.3764207065105438,0.6235792636871338,0.37511590123176575,0.9558402705515089,0.9555960026275052,0.00015684210526315786,False
3,940,0.3764103353023529,0.6235896944999695,0.3786708414554596,0.9559197595097699,0.9558094784597828,0.0001558947368421053,False
3,941,0.37639933824539185,0.6236006617546082,0.37863701581954956,0.955955890854434,0.9558773948356571,0.00015494736842105262,False
3,942,0.3763899803161621,0.6236100792884827,0.37503916025161743,0.9558980807029713,0.9558975298139859,0.00015400000000000006,False
3,943,0.3763810694217682,0.6236189007759094,0.38166695833206177,0.9558258180136433,0.9558816205885888,0.00015305263157894738,False
3,944,0.37637192010879517,0.6236280798912048,0.38209933042526245,0.9558836281651057,0.9561555922773082,0.0001521052631578947,False
3,945,0.3763640224933624,0.6236359477043152,0.37901538610458374,0.9559414383165685,0.9562483823606553,0.00015115789473684214,False
3,946,0.37635862827301025,0.6236413717269897,0.3849530816078186,0.956078737426292,0.9565039188220428,0.00015021052631578947,False
3,947,0.3763526976108551,0.6236473321914673,0.379118412733078,0.9562810729564112,0.9566982013622255,0.00014926315789473687,False
3,948,0.376348614692688,0.623651385307312,0.38685017824172974,0.95653399236906,0.9570449299986202,0.0001483157894736842,False
3,949,0.37634506821632385,0.6236549615859985,0.3717173933982849,0.9567074228234479,0.9573342065281509,0.00014736842105263163,False
3,950,0.376339316368103,0.623660683631897,0.38015514612197876,0.9564761822175974,0.9573400709889288,0.00014642105263157896,False
3,951,0.3763324022293091,0.6236675381660461,0.3781476318836212,0.9562232628049485,0.9573672268754658,0.00014547368421052628,False
3,952,0.3763262927532196,0.6236737370491028,0.38672757148742676,0.9562304890738814,0.9576021131135877,0.0001445263157894737,False
3,953,0.3763185739517212,0.6236814260482788,0.3752935230731964,0.9563244305700082,0.9578398170646408,0.00014357894736842102,False
3,954,0.37631070613861084,0.6236892342567444,0.3766232132911682,0.956244941611747,0.9578706340547606,0.00014263157894736845,False
3,955,0.3763023912906647,0.6236975789070129,0.38076069951057434,0.9563388831078737,0.9579599908307782,0.00014168421052631578,False
3,956,0.3762941062450409,0.6237059235572815,0.3762812316417694,0.9562304890738813,0.957894078145204,0.0001407368421052632,False
3,957,0.37628471851348877,0.623715341091156,0.37968480587005615,0.9564039195282692,0.9581050405308991,0.00013978947368421053,False
3,958,0.37627702951431274,0.623723030090332,0.37856507301330566,0.9564834084865301,0.9580662042964696,0.00013884210526315786,False
3,959,0.37626874446868896,0.623731255531311,0.3742433786392212,0.9563822407214707,0.957724208317479,0.0001378947368421053,False
3,960,0.37625861167907715,0.6237413883209229,0.3770398497581482,0.9561510001156203,0.9573455581633694,0.00013694736842105262,False
3,961,0.3762489855289459,0.6237510442733765,0.3792252242565155,0.9559631171233668,0.9570512461552757,0.00013600000000000003,False
3,962,0.37623724341392517,0.6237627863883972,0.37737298011779785,0.9558402705515089,0.9568695937708308,0.00013505263157894735,False
3,963,0.376225084066391,0.6237748861312866,0.3790660500526428,0.9556234824835241,0.9565249583939894,0.00013410526315789479,False
3,964,0.37621310353279114,0.6237869262695312,0.3810943365097046,0.9555006359116662,0.9563912148391818,0.0001331578947368421,False
3,965,0.3762015402317047,0.6237984299659729,0.3748408555984497,0.9553488842640768,0.9562987909312302,0.00013221052631578944,False
3,966,0.3761897385120392,0.6238102316856384,0.3806764781475067,0.9552838478436813,0.9562691084603243,0.00013126315789473687,False
3,967,0.3761765658855438,0.6238234043121338,0.38073939085006714,0.955132096196092,0.9560982843279012,0.0001303157894736842,False
3,968,0.37616488337516785,0.6238351464271545,0.3794274926185608,0.9551176436582263,0.9558982427673193,0.0001293684210526316,False
3,969,0.3761558532714844,0.6238441467285156,0.3825443387031555,0.9551682275407563,0.9558857657667669,0.00012842105263157893,False
3,970,0.3761443793773651,0.6238556504249573,0.3781411647796631,0.9552693953058158,0.9558742497514034,0.00012747368421052636,False
3,971,0.3761329650878906,0.6238670349121094,0.37366849184036255,0.9553344317262112,0.9558488293418166,0.0001265263157894737,False
3,972,0.37612098455429077,0.6238790154457092,0.37273550033569336,0.9554428257602035,0.955861581551719,0.000125578947368421,False
3,973,0.37610793113708496,0.623892068862915,0.38022923469543457,0.9556162562145913,0.9560641053655359,0.00012463157894736845,False
3,974,0.3760960102081299,0.6239040493965149,0.3815891146659851,0.9556885189039196,0.9562360853283647,0.00012368421052631577,False
3,975,0.3760833144187927,0.6239166855812073,0.3845008611679077,0.9557318765175165,0.9561898712774732,0.0001227368421052632,False
3,976,0.376068651676178,0.6239312887191772,0.3776397407054901,0.9557318765175166,0.9562170713841862,0.00012178947368421052,False
3,977,0.376055508852005,0.6239445209503174,0.3766898810863495,0.9557680078621806,0.9561623947621711,0.00012084210526315794,False
3,978,0.37604326009750366,0.6239567399024963,0.37587493658065796,0.9556451612903226,0.9560859658473497,0.00011989473684210526,False
3,979,0.3760307729244232,0.6239691972732544,0.3830764591693878,0.9556379350213897,0.9561350702490976,0.00011894736842105259,False
3,980,0.3760185241699219,0.6239814162254333,0.38196510076522827,0.9555873511388601,0.9562556773094857,0.00011800000000000002,False
3,981,0.376006543636322,0.6239933967590332,0.3760914206504822,0.955428373222338,0.9560068472823673,0.00011705263157894735,False
3,982,0.37599462270736694,0.6240053772926331,0.3795427680015564,0.9553705630708752,0.9557908583819293,0.00011610526315789477,False
3,983,0.3759826719760895,0.6240173578262329,0.3755459785461426,0.9553199791883454,0.9556705161453964,0.0001151578947368421,False
3,984,0.3759698271751404,0.6240301728248596,0.383823961019516,0.9552621690368829,0.9555144125827844,0.00011421052631578953,False
3,985,0.37595686316490173,0.6240431070327759,0.3724028170108795,0.955421146953405,0.955481977041079,0.00011326315789473685,False
3,986,0.37594443559646606,0.6240555047988892,0.37641826272010803,0.9555150884495318,0.9554999239641288,0.00011231578947368418,False
3,987,0.3759317696094513,0.6240682601928711,0.36886849999427795,0.9555728986009944,0.9555204761304031,0.0001113684210526316,False
3,988,0.3759201169013977,0.6240798234939575,0.3817468285560608,0.9555078621805989,0.9554870138581686,0.00011042105263157892,False
3,989,0.3759090006351471,0.6240909695625305,0.38144606351852417,0.9554717308359347,0.9555103571226441,0.00010947368421052634,False
3,990,0.3758978247642517,0.6241021156311035,0.3800950050354004,0.9555006359116661,0.9555356927384365,0.00010852631578947367,False
3,991,0.3758866786956787,0.6241132616996765,0.38017988204956055,0.9554066944155394,0.9555362586988918,0.0001075789473684211,False
3,992,0.37587618827819824,0.624123752117157,0.3777337968349457,0.9554139206844723,0.9555771716741501,0.00010663157894736843,False
3,993,0.37586578726768494,0.6241342425346375,0.37805846333503723,0.9554572782980693,0.9556936373156728,0.00010568421052631575,False
3,994,0.3758557438850403,0.6241442561149597,0.3773950934410095,0.9554717308359348,0.955778789459062,0.00010473684210526317,False
3,995,0.3758447766304016,0.6241552829742432,0.3720018267631531,0.9554139206844722,0.9557137767421253,0.0001037894736842105,False
3,996,0.3758344054222107,0.6241655945777893,0.3702811598777771,0.9555295409873973,0.9558749559208636,0.00010284210526315793,False
3,997,0.37582555413246155,0.6241744160652161,0.3798247277736664,0.9555728986009943,0.9559405844230717,0.00010189473684210526,False
3,998,0.37581613659858704,0.6241838932037354,0.37812498211860657,0.9556523875592555,0.9560172258807393,0.00010094736842105268,False
3,999,0.37580785155296326,0.6241921186447144,0.3834629952907562,0.9556162562145912,0.9559141845265705,0.0001,False
3,1000,0.37579992413520813,0.6242001056671143,0.37237969040870667,0.9556523875592554,0.955948941336538,0.0001,False
4,1,0.4999900162220001,0.5000100135803223,1.938056468963623,0.44192247658688866,0.45700441902802047,4e-05,False
4,2,0.49997106194496155,0.5000289678573608,1.9172492027282715,0.479318418314256,0.48846116635870895,6e-05,False
4,3,0.49994948506355286,0.5000505447387695,1.8768036365509033,0.5349353971557406,0.529930298103806,8e-05,False
4,4,0.49991944432258606,0.5000805258750916,1.833514928817749,0.5911196381084519,0.5638357534659386,0.0001,False
4,5,0.49987784028053284,0.5001221895217896,1.7844436168670654,0.6341123251242918,0.5896110928695033,0.00012,False
4,6,0.49982503056526184,0.5001749396324158,1.7440767288208008,0.6591802520522603,0.6077770720160777,0.00014000000000000001,False
4,7,0.4997609555721283,0.5002390146255493,1.7026572227478027,0.6751503063938028,0.6250185344322835,0.00016,False
4,8,0.49968716502189636,0.5003128051757812,1.6648814678192139,0.6872037229737542,0.6411355223761078,0.00017999999999999998,False
4,9,0.4996013343334198,0.5003986358642578,1.6391799449920654,0.696279916753382,0.6587049570949073,0.0002,False
4,10,0.4995063245296478,0.5004937052726746,1.6119412183761597,0.7041710024280264,0.6750194546541434,0.00022,False
4,11,0.4993996322154999,0.5006003975868225,1.5889822244644165,0.7120982194473349,0.6889134151533507,0.00024,False
4,12,0.49928057193756104,0.500719428062439,1.5736384391784668,0.7194039773384207,0.7020878500424645,0.00026000000000000003,False
4,13,0.499149352312088,0.5008506178855896,1.5485951900482178,0.7269265232974911,0.7123390800714883,0.00028000000000000003,False
4,14,0.4990062117576599,0.5009937882423401,1.53145432472229,0.7349260030061279,0.7242389373238082,0.0003,False
4,15,0.4988496005535126,0.501150369644165,1.5145089626312256,0.7424124176205341,0.7343181347319987,0.00032,False
4,16,0.4986805319786072,0.5013194680213928,1.4974040985107422,0.7510550352641925,0.7469078648288103,0.00034,False
4,17,0.49849778413772583,0.5015021562576294,1.4803546667099,0.7598566308243728,0.7594748882601223,0.00035999999999999997,False
4,18,0.4983026683330536,0.501697301864624,1.4604166746139526,0.769612093883686,0.7719346177168621,0.00038,False
4,19,0.4980933666229248,0.5019066333770752,1.4369072914123535,0.7782185801826801,0.7821694023731356,0.0004,False
4,20,0.49786919355392456,0.5021308064460754,1.4232416152954102,0.7859940455543992,0.7914078099092714,0.00042,False
4,21,0.4976305365562439,0.5023694038391113,1.401215672492981,0.7940007515319689,0.799950789333377,0.00044,False
4,22,0.4973766803741455,0.5026233196258545,1.382563829421997,0.8015594288357036,0.8078744214262592,0.00046,False
4,23,0.49710723757743835,0.502892792224884,1.3614051342010498,0.8087278876170656,0.8150618315933987,0.00048,False
4,24,0.49682265520095825,0.5031774044036865,1.3425376415252686,0.8164599953751879,0.8221272262651704,0.0005,False
4,25,0.49652203917503357,0.5034779906272888,1.32047438621521,0.824119840443982,0.828794080275399,0.0005200000000000001,False
4,26,0.49620598554611206,0.5037940144538879,1.2985279560089111,0.8315990287894554,0.8361342879054627,0.00054,False
4,27,0.4958726763725281,0.5041273236274719,1.265002965927124,0.8391721586310555,0.8426956307817455,0.0005600000000000001,False
4,28,0.4955218732357025,0.5044780969619751,1.248065710067749,0.846159960689097,0.8487103365551608,0.00058,False
4,29,0.49515300989151,0.50484699010849,1.2391828298568726,0.8514568158168574,0.8534935900951001,0.0006,False
4,30,0.4947660565376282,0.5052339434623718,1.2173030376434326,0.8588565152040698,0.8574753076054474,0.00062,False
4,31,0.4943605661392212,0.5056394338607788,1.1927506923675537,0.8658804486067753,0.8633909644189768,0.00064,False
4,32,0.4939363896846771,0.5060636401176453,1.1790939569473267,0.8722467915365939,0.86828647309446,0.00066,False
4,33,0.49349328875541687,0.5065066814422607,1.1562364101409912,0.877189559486646,0.8728684834581111,0.00068,False
4,34,0.4930313527584076,0.5069686770439148,1.1384177207946777,0.882782691640652,0.8776215917442675,0.0007,False
4,35,0.49255087971687317,0.5074491500854492,1.1124355792999268,0.8889756041160828,0.8833182426580849,0.0007199999999999999,False
4,36,0.49205172061920166,0.5079482793807983,1.101290225982666,0.8944242108914325,0.887969386578648,0.00074,False
4,37,0.4915347695350647,0.5084652304649353,1.0883386135101318,0.8983769799976876,0.8912926934815951,0.00076,False
4,38,0.4909989833831787,0.5090010166168213,1.0711454153060913,0.9023225228350098,0.8947522267631367,0.0007800000000000001,False
4,39,0.4904462695121765,0.5095537304878235,1.0435272455215454,0.9081396693259338,0.8998002363448532,0.0008,False
4,40,0.48987501859664917,0.5101249814033508,1.0329231023788452,0.911543241993294,0.9033324391753055,0.00082,False
4,41,0.48928970098495483,0.5107102990150452,1.0193753242492676,0.9153659382587582,0.9075838957361287,0.00084,False
4,42,0.4886898398399353,0.5113101005554199,1.0101144313812256,0.9162403167996299,0.9086954944424699,0.00086,False
4,43,0.4880725145339966,0.5119274854660034,0.9823354482650757,0.9188562261533125,0.9112619294708684,0.00088,False
4,44,0.4874406158924103,0.5125594139099121,0.9798007011413574,0.9245216209966471,0.9177938219946913,0.0009000000000000001,False
4,45,0.48679667711257935,0.5132033228874207,0.9616823196411133,0.9256561452191004,0.9193335233669161,0.00092,False
4,46,0.48613831400871277,0.5138616561889648,0.9533947110176086,0.9269713261648744,0.9210524255297374,0.00094,False
4,47,0.48546552658081055,0.5145344734191895,0.9404575228691101,0.9296016880564227,0.9233810958003801,0.00096,False
4,48,0.4847836494445801,0.5152164101600647,0.9273291230201721,0.9311336570701815,0.9250638711666184,0.00098,False
4,49,0.48409199714660645,0.5159080624580383,0.9121622443199158,0.932268181292635,0.9263179660190713,0.001,False
4,50,0.48339006304740906,0.5166099667549133,0.9006368517875671,0.9329402243033877,0.9272764840840375,0.0009990526315789474,False
4,51,0.48269420862197876,0.5173057913780212,0.8959112167358398,0.9371531390912244,0.9324045180791695,0.0009981052631578948,False
4,52,0.4820062220096588,0.5179938077926636,0.8795490264892578,0.9387356919875129,0.9331456224676182,0.000997157894736842,False
4,53,0.48133134841918945,0.5186685919761658,0.8824985027313232,0.9388440860215055,0.9327559302556989,0.0009962105263157895,False
4,54,0.48066672682762146,0.5193332433700562,0.8653358221054077,0.9407301422129726,0.9350210876977534,0.0009952631578947367,False
4,55,0.480008989572525,0.5199910402297974,0.8540893197059631,0.9409686090877558,0.93588554415028,0.0009943157894736843,False
4,56,0.47936490178108215,0.5206350684165955,0.8584175109863281,0.9413371488033299,0.935479811478034,0.0009933684210526315,False
4,57,0.4787338674068451,0.5212661027908325,0.8513893485069275,0.9415105792577175,0.9347564437891158,0.0009924210526315788,False
4,58,0.47811514139175415,0.5218848586082458,0.8359925150871277,0.9425872933287086,0.9356290464446508,0.0009914736842105262,False
4,59,0.47749990224838257,0.5225000977516174,0.821186900138855,0.9445022545959071,0.9376774630665399,0.0009905263157894736,False
4,60,0.4769003093242645,0.5230997204780579,0.8257220983505249,0.9459547346514048,0.9395754519338579,0.000989578947368421,False
4,61,0.47630491852760315,0.5236950516700745,0.8200609683990479,0.9474433460515667,0.9417633390440023,0.0009886315789473684,False
4,62,0.47571897506713867,0.5242809653282166,0.805711030960083,0.9472771418661117,0.9410238988235426,0.0009876842105263157,False
4,63,0.4751436114311218,0.524856448173523,0.8005743026733398,0.9467423979650826,0.9392637993372589,0.0009867368421052631,False
4,64,0.47457799315452576,0.5254219770431519,0.7982956171035767,0.947595097699156,0.9405163955674471,0.0009857894736842105,False
4,65,0.47401943802833557,0.525980532169342,0.7864673137664795,0.948917504913863,0.9422394930593039,0.0009848421052631579,False
4,66,0.4734666347503662,0.5265333652496338,0.7813664674758911,0.9489969938721239,0.9421315880886536,0.0009838947368421053,False
4,67,0.4729280471801758,0.527072012424469,0.7840760946273804,0.9507168458781362,0.9441568222523437,0.0009829473684210526,False
4,68,0.4724014699459076,0.5275985598564148,0.7728116512298584,0.9513166261995607,0.9447443275875705,0.000982,False
4,69,0.471880704164505,0.5281193256378174,0.7601602077484131,0.9513527575442248,0.9443123457522316,0.0009810526315789474,False
4,70,0.4713643491268158,0.5286356806755066,0.7609506845474243,0.950514510348017,0.9440243445150717,0.0009801052631578948,False
4,71,0.4708506166934967,0.5291493535041809,0.748330295085907,0.9493727598566307,0.9428752462936294,0.000979157894736842,False
4,72,0.4703368842601776,0.5296631455421448,0.7482478618621826,0.9492065556711758,0.942027032811884,0.0009782105263157895,False
4,73,0.4698275923728943,0.5301724076271057,0.7446244955062866,0.9493149497051683,0.9415388652656963,0.0009772631578947367,False
4,74,0.46932899951934814,0.5306710004806519,0.7419261336326599,0.949206555671176,0.9398887444400551,0.0009763157894736843,False
4,75,0.4688301980495453,0.5311698317527771,0.7323557138442993,0.9491921031333101,0.938796906548046,0.0009753684210526316,False
4,76,0.46833765506744385,0.5316623449325562,0.7322794795036316,0.9486790380390796,0.9360188337232389,0.000974421052631579,False
4,77,0.4678463339805603,0.5321536660194397,0.7270477414131165,0.9503194010868309,0.9381513890167696,0.0009734736842105263,False
4,78,0.46737074851989746,0.5326292514801025,0.724474310874939,0.9519019539831194,0.9409158771725356,0.0009725263157894737,False
4,79,0.4669016897678375,0.5330983400344849,0.7205756306648254,0.9519814429413805,0.9435703232908066,0.0009715789473684211,False
4,80,0.4664374887943268,0.5335625410079956,0.7160377502441406,0.9525595444560065,0.944673073148462,0.0009706315789473685,False
4,81,0.4659765958786011,0.5340234637260437,0.7117388248443604,0.9538313677881837,0.947199526833322,0.0009696842105263158,False
4,82,0.46552202105522156,0.5344780087471008,0.7009613513946533,0.9544166955717425,0.9487481035911058,0.0009687368421052631,False
4,83,0.46507737040519714,0.5349225997924805,0.699322521686554,0.9540192507804369,0.9465346286550003,0.0009677894736842106,False
4,84,0.46463656425476074,0.5353634357452393,0.7001601457595825,0.9528702740201179,0.9423404879357251,0.0009668421052631579,False
4,85,0.4641956686973572,0.5358043313026428,0.6986473202705383,0.9530075731298415,0.9404100539669167,0.0009658947368421053,False
4,86,0.4637551009654999,0.5362448692321777,0.6941142082214355,0.9530437044745057,0.9409533710420172,0.0009649473684210526,False
4,87,0.4633152186870575,0.5366847515106201,0.6899451613426208,0.9534483755347439,0.942429591994395,0.000964,False
4,88,0.46288079023361206,0.5371192693710327,0.6768009662628174,0.9530220256677072,0.9421633000935812,0.0009630526315789474,False
4,89,0.46244797110557556,0.5375520586967468,0.6818183660507202,0.9532821713492889,0.9420256710137225,0.0009621052631578948,False
4,90,0.46201997995376587,0.5379800200462341,0.6768679618835449,0.9534917331483409,0.9422998777346635,0.0009611578947368422,False
4,91,0.46159595251083374,0.5384039878845215,0.6757059097290039,0.9529569892473119,0.9421237840096969,0.0009602105263157895,False
4,92,0.46117547154426575,0.5388245582580566,0.6653251647949219,0.9530292519366401,0.9417485599252442,0.0009592631578947368,False
4,93,0.4607607424259186,0.539239227771759,0.6686878800392151,0.9532677188114234,0.9430138849634373,0.0009583157894736843,False
4,94,0.4603487253189087,0.5396512746810913,0.6682806015014648,0.9541999075037577,0.9451377084769378,0.0009573684210526316,False
4,95,0.4599440395832062,0.5400559306144714,0.666231632232666,0.9545612209503989,0.946538853843314,0.0009564210526315789,False
4,96,0.45953822135925293,0.5404617786407471,0.6610143780708313,0.9555150884495317,0.9484248677571248,0.0009554736842105263,False
4,97,0.4591338038444519,0.5408661961555481,0.6561344265937805,0.9556523875592554,0.948843009466531,0.0009545263157894737,False
4,98,0.4587353467941284,0.5412646532058716,0.6554610729217529,0.9555584460631288,0.947733623727114,0.0009535789473684211,False
4,99,0.45833396911621094,0.5416659712791443,0.6593228578567505,0.9554789571048676,0.9492526178545545,0.0009526315789473685,False
4,100,0.4579356908798218,0.5420643091201782,0.6463601589202881,0.9542360388484218,0.9492058433003914,0.0009516842105263158,False
4,101,0.45753729343414307,0.5424626469612122,0.6507568359375,0.9530147993987744,0.9472249599680806,0.0009507368421052631,False
4,102,0.457146018743515,0.5428539514541626,0.6403759121894836,0.9540842872008325,0.947651146676051,0.0009497894736842106,False
4,103,0.45675697922706604,0.5432430505752563,0.6396629214286804,0.9540120245115042,0.9472458320848672,0.0009488421052631579,False
4,104,0.45637351274490356,0.5436264872550964,0.6400483846664429,0.9540698346629668,0.948921223847436,0.0009478947368421054,False
4,105,0.45598602294921875,0.5440139770507812,0.6300618052482605,0.9540770609318996,0.949017127376429,0.0009469473684210526,False
4,106,0.45560553669929504,0.5443944334983826,0.6292440295219421,0.9522704936986935,0.9463412062801663,0.000946,False
4,107,0.4552328288555145,0.5447671413421631,0.6326252222061157,0.9519164065209851,0.9462267254958499,0.0009450526315789474,False
4,108,0.45486605167388916,0.5451340079307556,0.6352078914642334,0.9527907850618569,0.9479298564297622,0.0009441052631578948,False
4,109,0.45450374484062195,0.5454962253570557,0.6313128471374512,0.9542866227309516,0.9501721156005907,0.0009431578947368421,False
4,110,0.45414865016937256,0.5458514094352722,0.626578152179718,0.9552621690368829,0.9516697357305585,0.0009422105263157895,False
4,111,0.45379742980003357,0.546202540397644,0.6313316822052002,0.9553922418776738,0.9506949897426417,0.0009412631578947369,False
4,112,0.4534512460231781,0.5465487837791443,0.6223301887512207,0.9547996878251822,0.9495357606422705,0.0009403157894736842,False
4,113,0.4531014859676361,0.5468984842300415,0.6183018088340759,0.9556523875592554,0.9503013645688732,0.0009393684210526317,False
4,114,0.4527551233768463,0.5472448468208313,0.6172738671302795,0.9564978610243958,0.9516712187707856,0.0009384210526315789,False
4,115,0.4524092376232147,0.5475907325744629,0.6220377087593079,0.9563533356457394,0.9515193766682631,0.0009374736842105263,False
4,116,0.45207270979881287,0.5479273200035095,0.613465428352356,0.9559125332408371,0.9506299521621655,0.0009365263157894737,False
4,117,0.4517386853694916,0.5482613444328308,0.612718403339386,0.9556090299456584,0.9506324695243942,0.0009355789473684211,False
4,118,0.45140308141708374,0.5485969185829163,0.6053794026374817,0.9551610012718234,0.9501507063764207,0.0009346315789473685,False
4,119,0.45107173919677734,0.5489283204078674,0.6081241965293884,0.953484506879408,0.9476032955994944,0.0009336842105263158,False
4,120,0.4507432281970978,0.5492568016052246,0.603580117225647,0.9519380853277835,0.945549169143096,0.0009327368421052631,False
4,121,0.45042622089385986,0.5495737791061401,0.6114165186882019,0.9526607122210661,0.9461906292398059,0.0009317894736842106,False
4,122,0.45012155175209045,0.5498784780502319,0.610331654548645,0.9537157474852584,0.9472053448057688,0.0009308421052631579,False
4,123,0.4498133063316345,0.5501866936683655,0.5996028184890747,0.9539036304775118,0.9481024299443014,0.0009298947368421054,False
4,124,0.44950488209724426,0.5504950881004333,0.5933728218078613,0.9553705630708753,0.9507225092889044,0.0009289473684210526,False
4,125,0.44919607043266296,0.5508039593696594,0.6032403707504272,0.9561726789224189,0.9524721423023732,0.000928,False
4,126,0.44888365268707275,0.5511163473129272,0.6012638211250305,0.9557391027864495,0.9520602096538445,0.0009270526315789474,False
4,127,0.4485703706741333,0.5514296293258667,0.5917390584945679,0.9548574979766445,0.9510051931418164,0.0009261052631578948,False
4,128,0.4482562243938446,0.5517438054084778,0.6002131104469299,0.9543227540756157,0.9498549240316428,0.0009251578947368421,False
4,129,0.4479411244392395,0.5520588159561157,0.5901850461959839,0.9542649439241531,0.9501507591459948,0.0009242105263157894,False
4,130,0.44762951135635376,0.5523704886436462,0.5890119671821594,0.9541276448144294,0.9501646144636641,0.0009232631578947369,False
4,131,0.4473196566104889,0.5526803731918335,0.593731701374054,0.954062608394034,0.9504242014905179,0.0009223157894736842,False
4,132,0.44701239466667175,0.5529876351356506,0.5837898254394531,0.9544456006474737,0.9502487398902959,0.0009213684210526317,False
4,133,0.44670945405960083,0.5532905459403992,0.5820835828781128,0.954720198866921,0.9505157348869342,0.0009204210526315789,False
4,134,0.44641125202178955,0.5535887479782104,0.5958525538444519,0.9564255983350676,0.9519804216044732,0.0009194736842105263,False
4,135,0.4461139738559723,0.5538859963417053,0.5878350734710693,0.9569169846224997,0.951739819997775,0.0009185263157894737,False
4,136,0.4458155035972595,0.5541844964027405,0.5772112011909485,0.9568158168574401,0.951416533190469,0.0009175789473684211,False
4,137,0.44551748037338257,0.5544825196266174,0.5751520395278931,0.956490634755463,0.9514872809553951,0.0009166315789473685,False
4,138,0.44522625207901,0.55477374792099,0.5755633115768433,0.9573939183720661,0.9526582892337406,0.0009156842105263158,False
4,139,0.44494006037712097,0.5550599694252014,0.5765098333358765,0.9579214360041622,0.9530936350840283,0.0009147368421052632,False
4,140,0.4446578621864319,0.5553421378135681,0.5813512802124023,0.9591065441091455,0.9548333558236362,0.0009137894736842106,False
4,141,0.4443678557872772,0.5556321740150452,0.5695077180862427,0.9594389524800554,0.955347194541118,0.000912842105263158,False
4,142,0.4440854787826538,0.5559145212173462,0.5750001072883606,0.9598508498092265,0.9555668811645962,0.0009118947368421052,False
4,143,0.4438088536262512,0.5561911463737488,0.5734477639198303,0.9595256677072493,0.9552853387395849,0.0009109473684210526,False
4,144,0.44352972507476807,0.5564702749252319,0.568560779094696,0.9584055960226616,0.9545238213988553,0.00091,False
4,145,0.44325193762779236,0.55674809217453,0.5665938854217529,0.9580912533240836,0.9545592821108856,0.0009090526315789474,False
4,146,0.442972332239151,0.5570276379585266,0.5684056282043457,0.9576034801711181,0.954250107388926,0.0009081052631578948,False
4,147,0.44269487261772156,0.557305097579956,0.566416323184967,0.9567074228234479,0.9535324809258139,0.0009071578947368421,False
4,148,0.44241735339164734,0.557582676410675,0.5609948635101318,0.9558474968204416,0.9531073831382342,0.0009062105263157894,False
4,149,0.442145437002182,0.5578545331954956,0.5626341104507446,0.9559342120476356,0.9537103806271642,0.0009052631578947369,False
4,150,0.4418695271015167,0.5581305027008057,0.5616711378097534,0.9560570586194936,0.9533279361827125,0.0009043157894736842,False
4,151,0.4415976405143738,0.5584023594856262,0.5661782026290894,0.9562521678806799,0.9528190723822124,0.0009033684210526317,False
4,152,0.4413190186023712,0.5586809515953064,0.5687317252159119,0.9565123135622615,0.9525694470234499,0.0009024210526315789,False
4,153,0.4410407245159149,0.5589592456817627,0.5647523403167725,0.9566423864030524,0.952126580316706,0.0009014736842105264,False
4,154,0.44077232480049133,0.5592276453971863,0.5617315769195557,0.9563099780321425,0.9522918041596331,0.0009005263157894737,False
4,155,0.4405030906200409,0.5594969391822815,0.556620180606842,0.9554789571048676,0.9520005883624456,0.0008995789473684212,False
4,156,0.4402330219745636,0.5597670078277588,0.5600265860557556,0.9558980807029716,0.9533437573168867,0.0008986315789473684,False
4,157,0.439968079328537,0.5600318908691406,0.5556178689002991,0.956577349982657,0.9540829703592838,0.0008976842105263158,False
4,158,0.4397090971469879,0.5602908730506897,0.557939887046814,0.9572132616487455,0.9547092780225745,0.0008967368421052632,False
4,159,0.4394494593143463,0.5605505108833313,0.5560705065727234,0.9577552318187075,0.9550141502822039,0.0008957894736842105,False
4,160,0.4391911029815674,0.5608088970184326,0.5521128177642822,0.9578708521216325,0.9546295962259045,0.000894842105263158,False
4,161,0.4389335811138153,0.5610664486885071,0.5513657331466675,0.958391143484796,0.9551566998962776,0.0008938947368421052,False
4,162,0.4386776387691498,0.5613223910331726,0.550677478313446,0.9588319458896982,0.9558695992948876,0.0008929473684210526,False
4,163,0.4384215474128723,0.5615784525871277,0.5453705191612244,0.9591354491848768,0.9568132395295246,0.000892,False
4,164,0.43816912174224854,0.5618308782577515,0.5595556497573853,0.9586440628974449,0.9567518877175079,0.0008910526315789474,False
4,165,0.4379163980484009,0.5620836019515991,0.5510188937187195,0.9568447219331714,0.9538135057320319,0.0008901052631578948,False
4,166,0.43766629695892334,0.5623337626457214,0.5498942732810974,0.954727425135854,0.95143976764892,0.0008891578947368421,False
4,167,0.4374191164970398,0.562580943107605,0.5496571660041809,0.9546334836397271,0.950862408853148,0.0008882105263157895,False
4,168,0.4371800720691681,0.5628198981285095,0.5477728843688965,0.9558980807029714,0.9519423037726018,0.0008872631578947369,False
4,169,0.43694445490837097,0.5630555152893066,0.5459456443786621,0.9575384437507226,0.9536159104079439,0.0008863157894736843,False
4,170,0.43671202659606934,0.5632879734039307,0.5496037006378174,0.9581309978032143,0.9532599376988702,0.0008853684210526317,False
4,171,0.4364817142486572,0.5635182857513428,0.5475783348083496,0.9583550121401319,0.9529388103356283,0.0008844210526315789,False
4,172,0.43624740839004517,0.5637525916099548,0.5467458367347717,0.9586296103595792,0.9535732965771632,0.0008834736842105263,False
4,173,0.43601784110069275,0.5639821887016296,0.5397384166717529,0.9589186611168921,0.9541335809756316,0.0008825263157894737,False
4,174,0.4357924461364746,0.5642074942588806,0.5451853275299072,0.9592872008324662,0.954455638698665,0.0008815789473684211,False
4,175,0.4355631172657013,0.5644369125366211,0.5378342270851135,0.9594823100936525,0.954835498761149,0.0008806315789473684,False
4,176,0.435322105884552,0.5646779537200928,0.5328541994094849,0.9580226037692219,0.9534631827471676,0.0008796842105263157,False
4,177,0.4350804388523102,0.5649195313453674,0.5364490747451782,0.9562955254942769,0.9518138408369075,0.0008787368421052632,False
4,178,0.4348391890525818,0.5651607513427734,0.5329990983009338,0.9561365475777547,0.9523969795481,0.0008777894736842106,False
4,179,0.4346000552177429,0.5653999447822571,0.5339281558990479,0.9572421667244768,0.9538981779092294,0.000876842105263158,False
4,180,0.4343709945678711,0.5656290054321289,0.5387873649597168,0.9581526766100127,0.9556785136156136,0.0008758947368421052,False
4,181,0.43414008617401123,0.5658599138259888,0.5413728356361389,0.9588680772343624,0.9564842105435496,0.0008749473684210527,False
4,182,0.43391257524490356,0.5660874247550964,0.5253245830535889,0.9588174933518326,0.9561535083450312,0.000874,False
4,183,0.43369147181510925,0.5663084983825684,0.5339540243148804,0.9592004856052723,0.9566441315209956,0.0008730526315789475,False
4,184,0.433470219373703,0.5665297508239746,0.5299543738365173,0.9602266157937335,0.9578481014200426,0.0008721052631578948,False
4,185,0.4332532584667206,0.5667467713356018,0.5354189276695251,0.960775812232628,0.9590085851272154,0.0008711578947368421,False
4,186,0.4330466687679291,0.5669533014297485,0.5283600091934204,0.9611009943346053,0.9593185858330712,0.0008702105263157895,False
4,187,0.4328407943248749,0.5671592354774475,0.5363636612892151,0.9608842062666204,0.9593673678228501,0.0008692631578947369,False
4,188,0.4326285123825073,0.5673714876174927,0.521379828453064,0.9606023817782402,0.9591084639741906,0.0008683157894736843,False
4,189,0.432411789894104,0.567588210105896,0.5211960077285767,0.9601109954908081,0.9581863920914229,0.0008673684210526315,False
4,190,0.4321995675563812,0.5678004622459412,0.5276491641998291,0.9592582957567349,0.9570573580281294,0.0008664210526315789,False
4,191,0.4319854974746704,0.5680144429206848,0.518376886844635,0.9589403399236907,0.9570391323490166,0.0008654736842105263,False
4,192,0.4317656457424164,0.5682343244552612,0.5247175693511963,0.9582682969129379,0.9568000670489811,0.0008645263157894738,False
4,193,0.431544691324234,0.5684553384780884,0.5139722228050232,0.9575673488264539,0.9560076335069277,0.0008635789473684211,False
4,194,0.43132370710372925,0.5686762928962708,0.5203551650047302,0.9568808532778357,0.9549661972238416,0.0008626315789473684,False
4,195,0.43110764026641846,0.5688923597335815,0.5180400609970093,0.9567507804370448,0.9545713640340793,0.0008616842105263158,False
4,196,0.4308890700340271,0.5691109299659729,0.51793372631073,0.9561365475777546,0.9534846751717693,0.0008607368421052632,False
4,197,0.43066781759262085,0.5693322420120239,0.5278315544128418,0.9560281535437622,0.9536072169849215,0.0008597894736842106,False
4,198,0.43044930696487427,0.5695506930351257,0.528552234172821,0.9561148687709561,0.954100315257657,0.000858842105263158,False
4,199,0.4302351474761963,0.5697648525238037,0.5158398151397705,0.9568158168574401,0.9549168863698144,0.0008578947368421052,False
4,200,0.430022269487381,0.5699777603149414,0.5167521238327026,0.9574878598681928,0.9554447415008014,0.0008569473684210527,False
4,201,0.42981165647506714,0.5701883435249329,0.5131080150604248,0.9578563995837669,0.9561699262406648,0.000856,False
4,202,0.42960625886917114,0.5703938007354736,0.5173690319061279,0.9579647936177592,0.9557429821917736,0.0008550526315789474,False
4,203,0.42939293384552,0.57060706615448,0.5140706896781921,0.9591065441091455,0.95737972296838,0.0008541052631578947,False
4,204,0.4291824996471405,0.5708175301551819,0.5119455456733704,0.9601109954908082,0.9586421457022751,0.000853157894736842,False
4,205,0.4289758801460266,0.5710241198539734,0.5105957388877869,0.9605734767025089,0.9596565569709626,0.0008522105263157895,False
4,206,0.4287646412849426,0.5712353587150574,0.5131446719169617,0.9605590241646433,0.959901139039943,0.0008512631578947369,False
4,207,0.4285600185394287,0.5714400410652161,0.5063475370407104,0.960204936986935,0.9596968654005016,0.0008503157894736843,False
4,208,0.4283519685268402,0.5716480612754822,0.5135128498077393,0.9601326742976067,0.95982188150623,0.0008493684210526315,False
4,209,0.4281446933746338,0.5718553066253662,0.5167389512062073,0.9597785871198983,0.9596260881418921,0.000848421052631579,False
4,210,0.42793843150138855,0.5720615983009338,0.5058674216270447,0.9585067637877213,0.9583983883289248,0.0008474736842105263,False
4,211,0.4277268648147583,0.5722731947898865,0.5131414532661438,0.9567580067059777,0.9559247677651729,0.0008465263157894738,False
4,212,0.42752328515052795,0.5724767446517944,0.5146351456642151,0.9561582263845531,0.954566125440631,0.0008455789473684211,False
4,213,0.42731979489326477,0.5726801753044128,0.5075395107269287,0.9561220950398891,0.9540974229864002,0.0008446315789473684,False
4,214,0.4271146059036255,0.5728853940963745,0.5036302804946899,0.9561365475777546,0.954321591874966,0.0008436842105263158,False
4,215,0.4269121289253235,0.5730878710746765,0.5053479671478271,0.955955890854434,0.9548192662434406,0.0008427368421052632,False
4,216,0.4267139136791229,0.5732860565185547,0.4987393915653229,0.9557752341311134,0.9549253303002935,0.0008417894736842106,False
4,217,0.42651689052581787,0.5734831094741821,0.5087361335754395,0.956945889698231,0.9562004930492578,0.000840842105263158,False
4,218,0.4263157248497009,0.5736842751502991,0.5128971338272095,0.9574083709099318,0.9568465313528037,0.0008398947368421052,False
4,219,0.4261060357093811,0.5738939642906189,0.5100463628768921,0.9576901953983119,0.95745962955083,0.0008389473684210526,False
4,220,0.42590054869651794,0.5740994811058044,0.5060491561889648,0.957444502254596,0.957410134727933,0.0008380000000000001,False
4,221,0.4256988763809204,0.5743011832237244,0.500408411026001,0.9577118742051104,0.9580253558068786,0.0008370526315789474,False
4,222,0.42550110816955566,0.5744988918304443,0.5011429190635681,0.9581309978032142,0.9581095126283244,0.0008361052631578947,False
4,223,0.42530590295791626,0.5746941566467285,0.5084570050239563,0.9590993178402127,0.958737797122326,0.0008351578947368421,False
4,224,0.4251062273979187,0.5748937129974365,0.5017217397689819,0.9600604116082784,0.9594775226537411,0.0008342105263157895,False
4,225,0.42490631341934204,0.575093686580658,0.50261390209198,0.9613033298647242,0.9607677055630172,0.0008332631578947369,False
4,226,0.4247012734413147,0.5752987265586853,0.49447113275527954,0.9616790958492312,0.9613957134552136,0.0008323157894736843,False
4,227,0.42449474334716797,0.575505256652832,0.4958708882331848,0.9615056653948433,0.9610322483230423,0.0008313684210526315,False
4,228,0.4242941737174988,0.5757058262825012,0.49750593304634094,0.9615128916637762,0.9611998721211228,0.000830421052631579,False
4,229,0.4240908622741699,0.5759091377258301,0.49706584215164185,0.9616068331599029,0.9620331675751178,0.0008294736842105263,False
4,230,0.42388635873794556,0.5761137008666992,0.4941566586494446,0.9612599722511272,0.9622041640499617,0.0008285263157894738,False
4,231,0.4236902892589569,0.5763097405433655,0.49810200929641724,0.961642964504567,0.9628656549919763,0.000827578947368421,False
4,232,0.42348605394363403,0.576513946056366,0.4991976022720337,0.9617585848074922,0.9629745750030739,0.0008266315789473684,False
4,233,0.4232851266860962,0.5767148733139038,0.49799537658691406,0.9613033298647242,0.9621822428609703,0.0008256842105263158,False
4,234,0.42308172583580017,0.5769183039665222,0.4904053807258606,0.9613250086715228,0.9615904557105729,0.0008247368421052632,False
4,235,0.4228798747062683,0.5771201252937317,0.4932955801486969,0.9619320152618799,0.9618101613588494,0.0008237894736842106,False
4,236,0.42267534136772156,0.577324628829956,0.4912192225456238,0.962054861833738,0.9613168376544134,0.0008228421052631578,False
4,237,0.4224717319011688,0.5775282382965088,0.4950941801071167,0.9614550815123135,0.9603301524770624,0.0008218947368421053,False
4,238,0.422269731760025,0.5777302980422974,0.49764126539230347,0.9615707018152387,0.9605072179857882,0.0008209473684210526,False
4,239,0.42207038402557373,0.5779296159744263,0.4957446753978729,0.9619031101861487,0.9610083420937798,0.0008200000000000001,False
4,240,0.42187079787254333,0.5781291723251343,0.4872567355632782,0.9622355185570586,0.9612805559096599,0.0008190526315789474,False
4,241,0.4216701090335846,0.5783299207687378,0.485093891620636,0.9621488033298647,0.9609836218699003,0.0008181052631578947,False
4,242,0.42147237062454224,0.5785276293754578,0.4855822026729584,0.9608480749219562,0.9597313384151306,0.0008171578947368421,False
4,243,0.42127522826194763,0.5787248015403748,0.4893539845943451,0.9602338420626662,0.9593799905712052,0.0008162105263157895,False
4,244,0.4210757613182068,0.5789242386817932,0.4821416735649109,0.9591137703780784,0.9583198948263911,0.0008152631578947369,False
4,245,0.420885294675827,0.5791147351264954,0.4887476861476898,0.9581237715342814,0.9571646483547924,0.0008143157894736843,False
4,246,0.420701801776886,0.5792982578277588,0.48543331027030945,0.9582827494508036,0.9569114613938138,0.0008133684210526315,False
4,247,0.4205239415168762,0.5794760584831238,0.4870803654193878,0.9589042085790265,0.9574073796549423,0.000812421052631579,False
4,248,0.4203469455242157,0.5796530246734619,0.483652800321579,0.9596123829344433,0.9584760435715434,0.0008114736842105264,False
4,249,0.4201751947402954,0.5798248052597046,0.48165783286094666,0.959952017574286,0.9590388117362504,0.0008105263157894737,False
4,250,0.4200073778629303,0.5799926519393921,0.48939359188079834,0.9594823100936524,0.9581479499383991,0.000809578947368421,False
4,251,0.41984009742736816,0.5801598429679871,0.4838217496871948,0.9595907041276448,0.9578096065239484,0.0008086315789473684,False
4,252,0.4196750819683075,0.5803248882293701,0.48181790113449097,0.9595256677072493,0.9569246237706804,0.0008076842105263158,False
4,253,0.4195139408111572,0.5804861187934875,0.48668205738067627,0.959048733957683,0.9565666419314918,0.0008067368421052632,False
4,254,0.4193494915962219,0.5806505084037781,0.48738518357276917,0.9593883685975259,0.9581699653804647,0.0008057894736842106,False
4,255,0.41918542981147766,0.5808145403862,0.48108720779418945,0.9598147184645625,0.9591697488350865,0.0008048421052631578,False
4,256,0.4190228283405304,0.5809771418571472,0.48909133672714233,0.9597858133888311,0.959196624381955,0.0008038947368421053,False
4,257,0.4188584089279175,0.5811415910720825,0.48265135288238525,0.9600026014568158,0.9595382234284277,0.0008029473684210526,False
4,258,0.41869187355041504,0.581308126449585,0.4739886224269867,0.9602338420626663,0.9598138986810036,0.0008020000000000001,False
4,259,0.41853490471839905,0.5814650654792786,0.484732449054718,0.9607324546190311,0.9601682691296568,0.0008010526315789474,False
4,260,0.4183809161186218,0.5816190838813782,0.4881459176540375,0.9608119435772922,0.9604067303049707,0.0008001052631578947,False
4,261,0.4182318449020386,0.5817681550979614,0.4774816036224365,0.9613900450919182,0.9610294502525129,0.0007991578947368421,False
4,262,0.4180849492549896,0.581915020942688,0.48235082626342773,0.9617296797317609,0.9611841349158219,0.0007982105263157896,False
4,263,0.41793736815452576,0.5820626616477966,0.49000799655914307,0.9611877095617992,0.960579399424252,0.0007972631578947369,False
4,264,0.41778483986854553,0.5822151899337769,0.4785633683204651,0.961975372875477,0.9619279162311015,0.0007963157894736843,False
4,265,0.41764622926712036,0.5823537707328796,0.4842957556247711,0.9618380737657533,0.9617872168180179,0.0007953684210526316,False
4,266,0.4174985885620117,0.5825013518333435,0.475294828414917,0.9612455197132617,0.9608030124194311,0.0007944210526315789,False
4,267,0.41734766960144043,0.5826523303985596,0.47707825899124146,0.9602627471383975,0.9594420340183593,0.0007934736842105264,False
4,268,0.4172007739543915,0.5827991962432861,0.4780740737915039,0.9593883685975257,0.9584759788455913,0.0007925263157894737,False
4,269,0.41705623269081116,0.5829437971115112,0.4812312126159668,0.9592077118742051,0.9583002080134165,0.000791578947368421,False
4,270,0.41691675782203674,0.5830832719802856,0.47316187620162964,0.959417273673257,0.9586535957567801,0.0007906315789473684,False
4,271,0.4167758524417877,0.5832241773605347,0.473988801240921,0.9591065441091455,0.9585524664963054,0.0007896842105263158,False
4,272,0.416635662317276,0.5833643674850464,0.4783395230770111,0.958470632443057,0.9583990651000998,0.0007887368421052632,False
4,273,0.41649964451789856,0.5835003852844238,0.48176831007003784,0.9579575673488265,0.958270944875083,0.0007877894736842106,False
4,274,0.41636204719543457,0.5836379528045654,0.47789427638053894,0.9578202682391027,0.9584074912049848,0.0007868421052631579,False
4,275,0.41622570157051086,0.5837743282318115,0.47471848130226135,0.9583622384090646,0.9595539784436748,0.0007858947368421053,False
4,276,0.4160853326320648,0.5839146375656128,0.46845725178718567,0.9585139900566539,0.9600485096494191,0.0007849473684210527,False
4,277,0.4159413278102875,0.5840586423873901,0.4709250330924988,0.9585212163255868,0.9603270851745662,0.0007840000000000001,False
4,278,0.41579651832580566,0.5842034816741943,0.47064727544784546,0.9586223840906463,0.9604112863846843,0.0007830526315789474,False
4,279,0.41565319895744324,0.5843467712402344,0.4731867015361786,0.9580370563070875,0.9597057521088534,0.0007821052631578947,False
4,280,0.4155082106590271,0.5844917297363281,0.4647793769836426,0.9574083709099318,0.9588338370329944,0.0007811578947368421,False
4,281,0.41535234451293945,0.5846476554870605,0.4725477397441864,0.957487859868193,0.9591789480819255,0.0007802105263157895,False
4,282,0.4151929020881653,0.5848070979118347,0.4724602699279785,0.957314429413805,0.958978034413877,0.0007792631578947369,False
4,283,0.4150373041629791,0.5849627256393433,0.47161585092544556,0.95781304197017,0.9596559932616712,0.0007783157894736841,False
4,284,0.41487768292427063,0.5851223468780518,0.4689525365829468,0.9580298300381548,0.9596613826195636,0.0007773684210526316,False
4,285,0.41472071409225464,0.5852792859077454,0.46888020634651184,0.9581165452653486,0.9592029625912266,0.0007764210526315789,False
4,286,0.41456183791160583,0.5854381918907166,0.469553679227829,0.9578853046594983,0.9583023024205366,0.0007754736842105264,False
4,287,0.41439297795295715,0.5856069922447205,0.4751017093658447,0.9577480055497745,0.9575082398063968,0.0007745263157894737,False
4,288,0.41422954201698303,0.5857704877853394,0.4695281982421875,0.9568736270089028,0.9560077249452038,0.000773578947368421,False
4,289,0.41406282782554626,0.5859371423721313,0.468911737203598,0.9562738466874784,0.9550683713652773,0.0007726315789473684,False
4,290,0.41390058398246765,0.5860994458198547,0.4707014262676239,0.9563750144525379,0.9549236133507131,0.0007716842105263159,False
4,291,0.413743793964386,0.586256206035614,0.4666004180908203,0.9562810729564112,0.9545008711634333,0.0007707368421052632,False
4,292,0.4136006534099579,0.5863993167877197,0.4732033610343933,0.9565556711758585,0.9559758408243145,0.0007697894736842106,False
4,293,0.4134550988674164,0.586544930934906,0.46362191438674927,0.9563027517632097,0.9568993500250472,0.0007688421052631579,False
4,294,0.41331204771995544,0.5866879224777222,0.4695199429988861,0.9560787374262921,0.957074597466505,0.0007678947368421053,False
4,295,0.4131726324558258,0.5868273377418518,0.4692160487174988,0.9562521678806798,0.9571236115619172,0.0007669473684210527,False
4,296,0.41303834319114685,0.5869616270065308,0.4749589264392853,0.956490634755463,0.9563769606039971,0.000766,False
4,297,0.4129071831703186,0.5870928168296814,0.46684175729751587,0.9562304890738813,0.9553424605641329,0.0007650526315789474,False
4,298,0.4127695858478546,0.587230384349823,0.463903546333313,0.955630708752457,0.9542081310310572,0.0007641052631578947,False
4,299,0.41263052821159363,0.5873695015907288,0.46249696612358093,0.9547274251358538,0.9530191198659701,0.0007631578947368422,False
4,300,0.4124980866909027,0.5875019431114197,0.46781837940216064,0.9548430454387791,0.9537293964603628,0.0007622105263157895,False
4,301,0.4123685956001282,0.5876314640045166,0.45811372995376587,0.9554861833738004,0.9548655318299564,0.0007612631578947369,False
4,302,0.41224205493927,0.58775794506073,0.4648512601852417,0.956165452653486,0.9559114690769159,0.0007603157894736841,False
4,303,0.4121166467666626,0.5878832936286926,0.462558388710022,0.9579936986934906,0.9576512936896342,0.0007593684210526316,False
4,304,0.41199377179145813,0.5880061984062195,0.46220529079437256,0.9590270551508845,0.9584283093535723,0.000758421052631579,False
4,305,0.4118664264678955,0.5881335735321045,0.46197545528411865,0.9595401202451149,0.9588054107430486,0.0007574736842105264,False
4,306,0.4117344915866852,0.5882654786109924,0.46454232931137085,0.9594244999421898,0.9583303830961402,0.0007565263157894737,False
4,307,0.4115975797176361,0.5884024500846863,0.45872026681900024,0.9592221644120708,0.9576387326540007,0.0007555789473684211,False
4,308,0.4114576280117035,0.5885424017906189,0.4576163589954376,0.9595112151693838,0.9583128743172414,0.0007546315789473684,False
4,309,0.41131848096847534,0.5886815190315247,0.4700917899608612,0.9594317262111226,0.9588807927988037,0.0007536842105263158,False
4,310,0.41118642687797546,0.5888136029243469,0.46084627509117126,0.9594028211353913,0.959663468593815,0.0007527368421052632,False
4,311,0.4110521078109741,0.5889479517936707,0.45996159315109253,0.9593594635217945,0.9601364125207364,0.0007517894736842104,False
4,312,0.4109140634536743,0.5890859365463257,0.4596126079559326,0.9591209966470112,0.9598004053631424,0.0007508421052631579,False
4,313,0.4107814133167267,0.5892185568809509,0.4631023108959198,0.9588463984275638,0.9590632258474067,0.0007498947368421053,False
4,314,0.41065269708633423,0.5893473029136658,0.45254263281822205,0.9585212163255868,0.9583055544855608,0.0007489473684210527,False
4,315,0.41052502393722534,0.5894749164581299,0.46631497144699097,0.9583766909469302,0.9580121427470418,0.000748,False
4,316,0.41039764881134033,0.5896024107933044,0.4533141851425171,0.9579142097352296,0.9577216907481557,0.0007470526315789473,False
4,317,0.41027510166168213,0.5897248983383179,0.4587613642215729,0.9578708521216326,0.9573472144880733,0.0007461052631578947,False
4,318,0.4101531207561493,0.5898469090461731,0.4555250108242035,0.957690195398312,0.955785865207267,0.0007451578947368422,False
4,319,0.41002559661865234,0.5899744033813477,0.45876002311706543,0.9572421667244767,0.9541185712007136,0.0007442105263157895,False
4,320,0.40990325808525085,0.5900967121124268,0.4577660858631134,0.9569386634292982,0.9533303314527877,0.0007432631578947369,False
4,321,0.4097798764705658,0.5902200937271118,0.45700979232788086,0.9570253786564921,0.953880599428502,0.0007423157894736842,False
4,322,0.40965884923934937,0.5903411507606506,0.460698664188385,0.957155451497283,0.9544999252042156,0.0007413684210526316,False
4,323,0.4095309376716614,0.5904691219329834,0.44766923785209656,0.9571120938836861,0.9551822433434151,0.000740421052631579,False
4,324,0.4094057083129883,0.5905942916870117,0.45328134298324585,0.9570615100011561,0.9555318660939425,0.0007394736842105264,False
4,325,0.4092865288257599,0.5907135009765625,0.45308372378349304,0.9574589547924615,0.9561000396182637,0.0007385263157894737,False
4,326,0.40916886925697327,0.5908311605453491,0.4596213102340698,0.9578202682391028,0.956594565529621,0.000737578947368421,False
4,327,0.4090483486652374,0.5909516215324402,0.45257121324539185,0.9579864724245578,0.9571327573251688,0.0007366315789473685,False
4,328,0.4089295566082001,0.5910704731941223,0.45651111006736755,0.9578925309284311,0.9576425093411918,0.0007356842105263158,False
4,329,0.408815860748291,0.5911840796470642,0.45596224069595337,0.9581309978032142,0.9582161918680092,0.0007347368421052632,False
4,330,0.40870410203933716,0.5912958383560181,0.4598919451236725,0.9579431148109608,0.9579687836893797,0.0007337894736842104,False
4,331,0.4085913598537445,0.5914086103439331,0.44747960567474365,0.9581309978032142,0.9582452171614622,0.0007328421052631579,False
4,332,0.408478319644928,0.591521680355072,0.45436105132102966,0.9591571279916753,0.9592492634133011,0.0007318947368421053,False
4,333,0.4083670973777771,0.5916329026222229,0.4517909288406372,0.959337784714996,0.9592897720605483,0.0007309473684210527,False
4,334,0.408258318901062,0.591741681098938,0.4564563035964966,0.9591354491848769,0.9586666147091012,0.00073,False
4,335,0.40815165638923645,0.5918483138084412,0.45120593905448914,0.9587380043935714,0.9578321643332259,0.0007290526315789475,False
4,336,0.40804776549339294,0.5919522047042847,0.4524102807044983,0.9585718002081166,0.9576821242486778,0.0007281052631578948,False
4,337,0.4079427123069763,0.5920573472976685,0.44822484254837036,0.958795814545034,0.9579522750757828,0.0007271578947368422,False
4,338,0.407837450504303,0.592162549495697,0.45086610317230225,0.9597858133888311,0.959283921426783,0.0007262105263157895,False
4,339,0.4077316224575043,0.5922683477401733,0.4482869505882263,0.9605228928199792,0.9604155042644261,0.0007252631578947369,False
4,340,0.40762555599212646,0.5923744440078735,0.4520658850669861,0.9613466874783212,0.9617369888050665,0.0007243157894736842,False
4,341,0.40752488374710083,0.592475175857544,0.45223909616470337,0.9619392415308128,0.9627741744355751,0.0007233684210526316,False
4,342,0.407419353723526,0.5925806164741516,0.452402800321579,0.9622138397502602,0.9629796329899648,0.000722421052631579,False
4,343,0.4073130488395691,0.5926869511604309,0.4476953446865082,0.9622282922881258,0.9630323126159765,0.0007214736842105263,False
4,344,0.407208114862442,0.5927918553352356,0.4552466869354248,0.9622716499017228,0.9629257305975032,0.0007205263157894737,False
4,345,0.4071061909198761,0.5928938388824463,0.4461861848831177,0.9625317955833044,0.9626925858869246,0.000719578947368421,False
4,346,0.4070068895816803,0.5929931402206421,0.4523695707321167,0.9619681466065442,0.9617808991842824,0.0007186315789473685,False
4,347,0.406904011964798,0.5930959582328796,0.4474582374095917,0.9612166146375304,0.9609188812030425,0.0007176842105263158,False
4,348,0.40680423378944397,0.5931957960128784,0.44952285289764404,0.96037114117239,0.9598214177421461,0.0007167368421052632,False
4,349,0.4067058563232422,0.593294084072113,0.44259312748908997,0.9596412880101747,0.9590641400401012,0.0007157894736842105,False
4,350,0.4066105782985687,0.5933893918991089,0.44601142406463623,0.959460631286854,0.9592538476178423,0.000714842105263158,False
4,351,0.40651369094848633,0.5934863090515137,0.44038063287734985,0.9595907041276448,0.9596092120744946,0.0007138947368421053,False
4,352,0.4064112901687622,0.593588650226593,0.4438984990119934,0.9594172736732571,0.9595896934614037,0.0007129473684210527,False
4,353,0.4063037037849426,0.5936962962150574,0.44261306524276733,0.9593594635217945,0.9598429733926815,0.000712,False
4,354,0.4061968922615051,0.5938031077384949,0.44729751348495483,0.9601471268354723,0.961361150449102,0.0007110526315789474,False
4,355,0.4060850143432617,0.5939149856567383,0.4478541612625122,0.9611877095617991,0.962928407065937,0.0007101052631578948,False
4,356,0.4059727191925049,0.5940272808074951,0.4473060071468353,0.9614623077812464,0.9631851785541669,0.0007091578947368421,False
4,357,0.40586036443710327,0.5941396355628967,0.4478748142719269,0.961274424788993,0.9628582640769022,0.0007082105263157895,False
4,358,0.40575093030929565,0.5942490696907043,0.44104909896850586,0.9608697537287548,0.9624978462578283,0.0007072631578947367,False
4,359,0.4056474268436432,0.5943526029586792,0.4470498561859131,0.9602916522141288,0.962259281321617,0.0007063157894736842,False
4,360,0.4055413007736206,0.5944586992263794,0.44292181730270386,0.9598147184645623,0.9616739367380515,0.0007053684210526316,False
4,361,0.40543580055236816,0.5945641994476318,0.4429176449775696,0.9596990981616372,0.9615730787653418,0.000704421052631579,False
4,362,0.4053259789943695,0.5946739912033081,0.44403576850891113,0.9596051566655105,0.9612119527354754,0.0007034736842105263,False
4,363,0.40522435307502747,0.5947756171226501,0.44177091121673584,0.9593305584460633,0.9608709125811107,0.0007025263157894738,False
4,364,0.4051208794116974,0.5948790907859802,0.4449918568134308,0.9590415076887502,0.960494008586267,0.0007015789473684211,False
4,365,0.4050152003765106,0.5949848294258118,0.4415997862815857,0.9590126026130189,0.9604446346591972,0.0007006315789473685,False
4,366,0.4049038589000702,0.5950961709022522,0.44133687019348145,0.958600705283848,0.9596156379809517,0.0006996842105263158,False
4,367,0.4047926664352417,0.5952073335647583,0.43980592489242554,0.9587813620071685,0.9594529393689301,0.0006987368421052632,False
4,368,0.4046856760978699,0.5953143239021301,0.4411989748477936,0.9588536246964967,0.9591509298679874,0.0006977894736842105,False
4,369,0.4045775234699249,0.5954224467277527,0.43642058968544006,0.9587524569314373,0.9590289995292979,0.000696842105263158,False
4,370,0.4044704735279083,0.5955294966697693,0.43872708082199097,0.9585428951323851,0.9588546961356628,0.0006958947368421053,False
4,371,0.40436553955078125,0.5956344604492188,0.4310024380683899,0.9585862527459822,0.9593052736258496,0.0006949473684210527,False
4,372,0.4042662978172302,0.5957337021827698,0.4431469440460205,0.9584923112498556,0.9595416855060159,0.000694,False
4,373,0.4041680693626404,0.5958319306373596,0.4431183636188507,0.9586801942421089,0.9598814138914266,0.0006930526315789473,False
4,374,0.4040742516517639,0.5959257483482361,0.4408642649650574,0.9588391721586311,0.9599617778805487,0.0006921052631578948,False
4,375,0.40398481488227844,0.596015214920044,0.4379749596118927,0.9594317262111227,0.9604838699847797,0.0006911578947368421,False
4,376,0.40389224886894226,0.5961077213287354,0.43723592162132263,0.9603061047519944,0.9609232639416314,0.0006902105263157895,False
4,377,0.40379562973976135,0.5962043404579163,0.43899422883987427,0.9606096080471732,0.9604133217029723,0.0006892631578947369,False
4,378,0.4036959707736969,0.5963039994239807,0.4403690695762634,0.9605517978957104,0.9596635970487561,0.0006883157894736843,False
4,379,0.40359464287757874,0.5964053273200989,0.44647103548049927,0.9606385131229045,0.9596283907048019,0.0006873684210526316,False
4,380,0.403499037027359,0.5965009927749634,0.43521201610565186,0.9611371256792692,0.9602086785672495,0.000686421052631579,False
4,381,0.40340450406074524,0.5965955257415771,0.44542816281318665,0.961520117932709,0.9607086727979962,0.0006854736842105263,False
4,382,0.40330567955970764,0.59669429063797,0.4360468089580536,0.9616357382356341,0.9608295410875,0.0006845263157894738,False
4,383,0.4032028913497925,0.5967971086502075,0.4421156048774719,0.9614550815123136,0.9610744992377667,0.0006835789473684211,False
4,384,0.4031054973602295,0.5968945622444153,0.43537551164627075,0.9613828188229853,0.9612958391321501,0.0006826315789473685,False
4,385,0.4030054211616516,0.5969945788383484,0.43545955419540405,0.9609636952248815,0.9606557314536963,0.0006816842105263158,False
4,386,0.40290868282318115,0.5970913171768188,0.4396064281463623,0.9607974910394266,0.960620547417008,0.0006807368421052632,False
4,387,0.4028128385543823,0.5971871614456177,0.4465067982673645,0.9601832581801364,0.9602943161313854,0.0006797894736842105,False
4,388,0.4027239680290222,0.5972760319709778,0.441989541053772,0.958839172158631,0.9592270092997267,0.0006788421052631579,False
4,389,0.4026351273059845,0.5973649024963379,0.4335774779319763,0.9576612903225806,0.9579430894926124,0.0006778947368421053,False
4,390,0.4025452733039856,0.5974547266960144,0.4406696856021881,0.9567724592438431,0.9569155260962712,0.0006769473684210526,False
4,391,0.40245550870895386,0.5975444912910461,0.44004175066947937,0.9562738466874783,0.9564534406291885,0.0006760000000000001,False
4,392,0.402358740568161,0.5976412296295166,0.4356306195259094,0.9565267661001272,0.9565199320081236,0.0006750526315789474,False
4,393,0.40226468443870544,0.5977353453636169,0.43472036719322205,0.9568736270089029,0.9568243165061565,0.0006741052631578948,False
4,394,0.40216243267059326,0.5978375673294067,0.4369986057281494,0.9578274945080355,0.958637564149416,0.0006731578947368421,False
4,395,0.40205585956573486,0.5979440808296204,0.4357672333717346,0.9583911434847959,0.9596073398537218,0.0006722105263157895,False
4,396,0.40195000171661377,0.5980499982833862,0.4351559281349182,0.9592004856052724,0.9606312385661558,0.0006712631578947368,False
4,397,0.40184950828552246,0.5981504321098328,0.43819645047187805,0.9597135506995028,0.9611160940300519,0.0006703157894736843,False
4,398,0.4017553925514221,0.5982446670532227,0.4345833361148834,0.959793039657764,0.9614433375291204,0.0006693684210526316,False
4,399,0.4016645848751068,0.5983354449272156,0.432801753282547,0.9596340617412419,0.961413565420589,0.000668421052631579,False
4,400,0.4015805125236511,0.5984194278717041,0.4389651417732239,0.9594461787489883,0.9613577227457624,0.0006674736842105263,False
4,401,0.4015049338340759,0.5984950065612793,0.4398501217365265,0.9584778587119899,0.9604722486411696,0.0006665263157894737,False
4,402,0.4014319181442261,0.5985680222511292,0.43526411056518555,0.9582104867614754,0.9602241731025282,0.0006655789473684211,False
4,403,0.40135979652404785,0.5986402630805969,0.44187039136886597,0.9586151578217135,0.9606088043602792,0.0006646315789473684,False
4,404,0.4012897312641144,0.5987102389335632,0.4291588068008423,0.9593666897907273,0.9611840717484703,0.0006636842105263158,False
4,405,0.401215523481369,0.5987845063209534,0.430315762758255,0.9600531853393457,0.9620293691345334,0.0006627368421052632,False
4,406,0.40113750100135803,0.5988624691963196,0.43551260232925415,0.9605590241646433,0.9625975219224917,0.0006617894736842106,False
4,407,0.40106189250946045,0.5989380478858948,0.4259641170501709,0.9606818707365014,0.9629635710770473,0.0006608421052631579,False
4,408,0.4009825885295868,0.5990173816680908,0.4315391182899475,0.9606385131229044,0.9631913558307552,0.0006598947368421053,False
4,409,0.4008984863758087,0.5991014838218689,0.43588969111442566,0.9606240605850388,0.9630248022163354,0.0006589473684210526,False
4,410,0.4008108675479889,0.5991891026496887,0.4278007745742798,0.9607758122326281,0.9627350023120644,0.0006580000000000001,False
4,411,0.4007169306278229,0.5992830991744995,0.42631012201309204,0.9605879292403746,0.9622228335456483,0.0006570526315789474,False
4,412,0.40061837434768677,0.5993816256523132,0.430158406496048,0.960327783558793,0.9619574811035922,0.0006561052631578948,False
4,413,0.40051212906837463,0.5994879007339478,0.425799697637558,0.9601326742976067,0.9621467898641518,0.0006551578947368421,False
4,414,0.40040817856788635,0.599591851234436,0.42971810698509216,0.9597785871198984,0.9620300212741011,0.0006542105263157896,False
4,415,0.40030646324157715,0.5996935367584229,0.42776522040367126,0.9603855937102556,0.9630168952641962,0.0006532631578947368,False
4,416,0.40020129084587097,0.5997986793518066,0.43355119228363037,0.9610793155278067,0.963871871940311,0.0006523157894736842,False
4,417,0.4000970423221588,0.5999029278755188,0.4353637397289276,0.9615923806220372,0.9640879628921879,0.0006513684210526316,False
4,418,0.3999902009963989,0.6000097990036011,0.4309678077697754,0.9618308474968204,0.9640806405132,0.0006504210526315789,False
4,419,0.39988142251968384,0.6001185774803162,0.4281136095523834,0.9616863221181638,0.9636626754719181,0.0006494736842105264,False
4,420,0.3997783660888672,0.6002216339111328,0.42989981174468994,0.9617947161521564,0.9636655565793901,0.0006485263157894737,False
4,421,0.39967596530914307,0.6003240346908569,0.4251510500907898,0.9621271245230664,0.9640972629531342,0.0006475789473684211,False
4,422,0.39957374334335327,0.6004262566566467,0.43118295073509216,0.9621198982541335,0.9639404356860519,0.0006466315789473684,False
4,423,0.3994789719581604,0.6005210876464844,0.4265715479850769,0.9622210660191929,0.9640059279076754,0.0006456842105263158,False
4,424,0.3993893563747406,0.6006106734275818,0.4273577928543091,0.9624812117007746,0.9643598688343686,0.0006447368421052632,False
4,425,0.3992997705936432,0.6007001996040344,0.4345785975456238,0.9622066134813273,0.9643883530512809,0.0006437894736842106,False
4,426,0.3992195427417755,0.6007804274559021,0.4273676872253418,0.9614044976297839,0.9636819128954183,0.0006428421052631579,False
4,427,0.39914390444755554,0.6008561253547668,0.4288857579231262,0.9607902647704937,0.9629032537884463,0.0006418947368421053,False
4,428,0.39907047152519226,0.6009295582771301,0.43022143840789795,0.9603711411723899,0.9623061093523427,0.0006409473684210527,False
4,429,0.39899563789367676,0.601004421710968,0.42633897066116333,0.9601688056422708,0.9621650139837098,0.00064,False
4,430,0.3989173471927643,0.6010826826095581,0.4299694001674652,0.9602482946005318,0.9622989986291219,0.0006390526315789474,False
4,431,0.39883771538734436,0.601162314414978,0.425202876329422,0.9605517978957105,0.9625173415360475,0.0006381052631578948,False
4,432,0.39875921607017517,0.6012408137321472,0.42974305152893066,0.9611949358307319,0.9633339306386864,0.0006371578947368421,False
4,433,0.3986833095550537,0.6013166904449463,0.4288424849510193,0.9617513585385593,0.964058992310103,0.0006362105263157895,False
4,434,0.39860913157463074,0.6013908386230469,0.42895635962486267,0.9617585848074922,0.964190675636247,0.000635263157894737,False
4,435,0.3985368311405182,0.6014631390571594,0.4297904372215271,0.961722453462828,0.9643050514674779,0.0006343157894736842,False
4,436,0.3984639048576355,0.6015361547470093,0.42215824127197266,0.9619247889929471,0.9646211806227599,0.0006333684210526316,False
4,437,0.3983893394470215,0.6016107201576233,0.4294719994068146,0.9618669788414846,0.9646299517681316,0.0006324210526315789,False
4,438,0.398316890001297,0.6016830801963806,0.4239964485168457,0.9622427448259914,0.9649888505890392,0.0006314736842105264,False
4,439,0.3982481360435486,0.6017519235610962,0.42524296045303345,0.9624956642386404,0.9652189357388552,0.0006305263157894737,False
4,440,0.3981750011444092,0.6018249988555908,0.4245201647281647,0.9619247889929471,0.9645437809089585,0.0006295789473684211,False
4,441,0.3981035351753235,0.6018964648246765,0.4253336191177368,0.961390045091918,0.9637997198229381,0.0006286315789473684,False
4,442,0.3980284333229065,0.6019715666770935,0.42586302757263184,0.9608697537287548,0.9631527646677308,0.0006276842105263159,False
4,443,0.3979514539241791,0.6020485758781433,0.420793741941452,0.9602844259451959,0.9625418706720408,0.0006267368421052632,False
4,444,0.39787986874580383,0.6021201610565186,0.4300961494445801,0.9595473465140479,0.961840255745444,0.0006257894736842106,False
4,445,0.397804856300354,0.602195143699646,0.4273345172405243,0.9593666897907273,0.9619577060434399,0.0006248421052631579,False
4,446,0.39773035049438477,0.6022696495056152,0.4241257905960083,0.9593450109839289,0.9623761208929525,0.0006238947368421053,False
4,447,0.3976488709449768,0.6023511290550232,0.42020875215530396,0.9596412880101747,0.9628265120692172,0.0006229473684210527,False
4,448,0.3975659906864166,0.602433979511261,0.4251033067703247,0.9596629668169732,0.9627908258450365,0.000622,False
4,449,0.39748209714889526,0.60251784324646,0.42265784740448,0.959793039657764,0.962983629579153,0.0006210526315789474,False
4,450,0.3973962068557739,0.6026038527488708,0.42093679308891296,0.959872528616025,0.9631875715345022,0.0006201052631578947,False
4,451,0.3973046839237213,0.6026952862739563,0.4265364110469818,0.9596846456237715,0.9630310107881749,0.0006191578947368421,False
4,452,0.3972172439098358,0.6027827262878418,0.42240166664123535,0.9593883685975257,0.9626337007782978,0.0006182105263157895,False
4,453,0.3971336781978607,0.6028662919998169,0.42943572998046875,0.9590631864955487,0.9620726463706476,0.000617263157894737,False
4,454,0.3970540463924408,0.6029459834098816,0.42543119192123413,0.9587813620071685,0.9617007964013797,0.0006163157894736842,False
4,455,0.3969753682613373,0.6030246019363403,0.4259863793849945,0.9591065441091456,0.9619652770049218,0.0006153684210526316,False
4,456,0.39689233899116516,0.6031076312065125,0.4279266595840454,0.9595112151693839,0.9621143159813431,0.000614421052631579,False
4,457,0.3968084752559662,0.6031914949417114,0.42189422249794006,0.9591643542606081,0.9615483096448996,0.0006134736842105264,False
4,458,0.3967292606830597,0.6032707691192627,0.4246830344200134,0.9586223840906464,0.9606040502389359,0.0006125263157894737,False
4,459,0.3966512680053711,0.6033487319946289,0.4296337366104126,0.95814545034108,0.9595973100603971,0.0006115789473684211,False
4,460,0.39657121896743774,0.6034287810325623,0.4162980020046234,0.9582032604925425,0.9593168562235248,0.0006106315789473684,False
4,461,0.39648446440696716,0.6035155653953552,0.42116862535476685,0.9583766909469302,0.9596707021279847,0.0006096842105263159,False
4,462,0.39639970660209656,0.603600263595581,0.41972991824150085,0.9581599028789456,0.9593178490296875,0.0006087368421052633,False
4,463,0.39632168412208557,0.6036783456802368,0.4244080185890198,0.9582755231818707,0.9598360223108673,0.0006077894736842105,False
4,464,0.39624497294425964,0.6037550568580627,0.425618052482605,0.9582393918372066,0.9596211513531959,0.0006068421052631579,False
4,465,0.3961701989173889,0.6038298010826111,0.42092955112457275,0.9583333333333333,0.9594644808612789,0.0006058947368421052,False
4,466,0.39609700441360474,0.6039029955863953,0.4164428412914276,0.9585645739391837,0.9596897783192184,0.0006049473684210527,False
4,467,0.396028071641922,0.6039718985557556,0.42127835750579834,0.9590342814198174,0.9599637110415883,0.000604,False
4,468,0.3959602117538452,0.60403972864151,0.4149201512336731,0.9597135506995028,0.9605952143161569,0.0006030526315789474,False
4,469,0.39588913321495056,0.6041108965873718,0.42283299565315247,0.9603422360966586,0.9614698359019757,0.0006021052631578947,False
4,470,0.39581722021102905,0.604182779788971,0.41872167587280273,0.9610865417967395,0.9626696078035475,0.0006011578947368422,False
4,471,0.39574483036994934,0.6042551398277283,0.41630905866622925,0.9616357382356341,0.9634403260968956,0.0006002105263157895,False
4,472,0.3956751823425293,0.6043247580528259,0.41430944204330444,0.9622499710949243,0.9639374514338599,0.0005992631578947369,False
4,473,0.39560985565185547,0.6043901443481445,0.419009268283844,0.9625896057347669,0.964234675538812,0.0005983157894736842,False
4,474,0.3955472409725189,0.6044527292251587,0.4199172556400299,0.9627413573823563,0.9644364235014828,0.0005973684210526316,False
4,475,0.3954876959323883,0.6045122742652893,0.41336631774902344,0.9624017227425136,0.963818162116572,0.000596421052631579,False
4,476,0.3954342007637024,0.6045657992362976,0.42047905921936035,0.962141577060932,0.9634992574771636,0.0005954736842105265,False
4,477,0.3953799903392792,0.6046199798583984,0.41764041781425476,0.9620187304890738,0.9634970481481657,0.0005945263157894737,False
4,478,0.3953271210193634,0.6046728491783142,0.4278503656387329,0.9616429645045669,0.9633572587090918,0.0005935789473684211,False
4,479,0.3952776789665222,0.6047223210334778,0.4178240895271301,0.9613177824025899,0.9633132624162889,0.0005926315789473684,False
4,480,0.39522677659988403,0.6047732830047607,0.41845202445983887,0.9607830385015609,0.9629714997916248,0.0005916842105263158,False
4,481,0.39517349004745483,0.6048265099525452,0.4191567897796631,0.9607541334258296,0.9630856735824278,0.0005907368421052633,False
4,482,0.39511993527412415,0.6048800945281982,0.41426846385002136,0.9604144987859868,0.9626972864162207,0.0005897894736842105,False
4,483,0.39506223797798157,0.6049377918243408,0.4128386378288269,0.9600604116082784,0.962266002005397,0.0005888421052631579,False
4,484,0.39500343799591064,0.6049965620040894,0.4135006070137024,0.9594461787489884,0.9614500096323678,0.0005878947368421053,False
4,485,0.39494121074676514,0.6050587892532349,0.41484734416007996,0.9585428951323852,0.9605696459026801,0.0005869473684210527,False
4,486,0.3948815166950226,0.605118453502655,0.4128827154636383,0.9580804139206845,0.9600756749453749,0.000586,False
4,487,0.3948209583759308,0.6051790118217468,0.41587331891059875,0.9574950861371256,0.9594906250485846,0.0005850526315789473,False
4,488,0.3947661817073822,0.6052337884902954,0.4167017638683319,0.9578202682391027,0.9597142718790573,0.0005841052631578947,False
4,489,0.3947080969810486,0.6052918434143066,0.4231526255607605,0.9585428951323852,0.9602805061418266,0.0005831578947368421,False
4,490,0.3946492075920105,0.6053507924079895,0.40929073095321655,0.9591137703780783,0.9609205322854564,0.0005822105263157896,False
4,491,0.394583523273468,0.605416476726532,0.4139688014984131,0.9596629668169732,0.9616755176490933,0.0005812631578947368,False
4,492,0.39451882243156433,0.6054811477661133,0.41497886180877686,0.9606312868539715,0.9626630813505216,0.0005803157894736842,False
4,493,0.3944607377052307,0.6055392622947693,0.4206511378288269,0.9608986588044861,0.9629035957514893,0.0005793684210526315,False
4,494,0.3944021165370941,0.6055979132652283,0.4174739718437195,0.9610070528384784,0.9631283851027936,0.000578421052631579,False
4,495,0.3943450152873993,0.6056549549102783,0.41565224528312683,0.9610431841831426,0.9630591853623811,0.0005774736842105263,False
4,496,0.3942904472351074,0.6057095527648926,0.42168474197387695,0.960775812232628,0.9626483387619328,0.0005765263157894737,False
4,497,0.3942345678806305,0.6057654023170471,0.41274017095565796,0.9604650826685166,0.9621158194413103,0.000575578947368421,False
4,498,0.39417582750320435,0.6058241724967957,0.41337335109710693,0.960118221759741,0.9617526963044797,0.0005746315789473685,False
4,499,0.3941211402416229,0.6058788895606995,0.42261260747909546,0.9596123829344433,0.9612476823331284,0.0005736842105263159,False
4,500,0.39406704902648926,0.605932891368866,0.4103134870529175,0.9592004856052723,0.9605328038966584,0.0005727368421052632,False
4,501,0.3940134644508362,0.6059865951538086,0.4165431261062622,0.9586151578217135,0.9597912227401466,0.0005717894736842105,False
4,502,0.3939588665962219,0.6060411334037781,0.4164709448814392,0.9581960342236095,0.9592548549347644,0.0005708421052631579,False
4,503,0.3939078450202942,0.6060922145843506,0.41565945744514465,0.9583044282576021,0.9594704823351455,0.0005698947368421053,False
4,504,0.3938545286655426,0.606145441532135,0.41018083691596985,0.9583839172158631,0.9596657511849138,0.0005689473684210527,False
4,505,0.39379581809043884,0.6062041521072388,0.41146817803382874,0.9585139900566539,0.9602099594661992,0.000568,False
4,506,0.39373481273651123,0.6062651872634888,0.41274017095565796,0.958593479014915,0.9605435748047669,0.0005670526315789473,False
4,507,0.3936747610569,0.6063252687454224,0.4117357134819031,0.9587018730489074,0.9606258123207253,0.0005661052631578947,False
4,508,0.39361220598220825,0.606387734413147,0.41064706444740295,0.958506763787721,0.9600781068346161,0.0005651578947368421,False
4,509,0.39354804158210754,0.6064519882202148,0.41275864839553833,0.9585212163255868,0.9596646763184473,0.0005642105263157896,False
4,510,0.39348524808883667,0.6065146923065186,0.4091365933418274,0.9588174933518325,0.9598969767731828,0.0005632631578947368,False
4,511,0.3934243619441986,0.6065756678581238,0.41249775886535645,0.9592077118742051,0.9603332656386776,0.0005623157894736842,False
4,512,0.3933697044849396,0.6066303253173828,0.412528932094574,0.9595762515897791,0.9607675035165891,0.0005613684210526316,False
4,513,0.39331838488578796,0.6066816449165344,0.4140380918979645,0.9595979303965776,0.9609214182860466,0.0005604210526315791,False
4,514,0.3932608962059021,0.6067391633987427,0.4133742153644562,0.9596629668169729,0.9613099511320292,0.0005594736842105263,False
4,515,0.3932025134563446,0.6067975163459778,0.41478729248046875,0.9594750838247197,0.9610576212670281,0.0005585263157894737,False
4,516,0.39314061403274536,0.6068593859672546,0.4112129807472229,0.9591209966470112,0.9604923624116869,0.000557578947368421,False
4,517,0.393079936504364,0.606920063495636,0.4076696038246155,0.9585573476702509,0.9599150925376394,0.0005566315789473684,False
4,518,0.39301779866218567,0.6069821715354919,0.41375982761383057,0.9576468377847149,0.9587760885822323,0.0005556842105263159,False
4,519,0.3929575979709625,0.6070423722267151,0.41357195377349854,0.9575818013643196,0.9589091893659539,0.0005547368421052631,False
4,520,0.39289775490760803,0.6071022748947144,0.41383662819862366,0.9580226037692219,0.9595650565856307,0.0005537894736842105,False
4,521,0.3928413689136505,0.6071586012840271,0.4151952266693115,0.958347785871199,0.9600212576738807,0.0005528421052631578,False
4,522,0.39278489351272583,0.6072150468826294,0.4095959961414337,0.9586079315527807,0.9605862113570487,0.0005518947368421053,False
4,523,0.3927270472049713,0.6072729229927063,0.40867677330970764,0.9589042085790266,0.9610983984357382,0.0005509473684210527,False
4,524,0.392671674489975,0.6073282957077026,0.4158361256122589,0.9592149381431379,0.961628374292325,0.00055,False
4,525,0.39261096715927124,0.6073890924453735,0.40677693486213684,0.9589909238062204,0.9615296870463484,0.0005490526315789473,False
4,526,0.3925536274909973,0.6074463725090027,0.40931278467178345,0.9589981500751531,0.9616870729204217,0.0005481052631578948,False
4,527,0.3924948573112488,0.6075051426887512,0.40881025791168213,0.9591426754538098,0.9617422704496816,0.0005471578947368421,False
4,528,0.3924437165260315,0.6075563430786133,0.4133182466030121,0.959952017574286,0.9623289937601297,0.0005462105263157896,False
4,529,0.39239874482154846,0.6076012849807739,0.416279673576355,0.9604289513238524,0.9626872853796666,0.0005452631578947368,False
4,530,0.3923494517803192,0.6076505780220032,0.4118145704269409,0.9603566886345242,0.9627110415083256,0.0005443157894736843,False
4,531,0.39229968190193176,0.6077003479003906,0.4133569896221161,0.9600315065325471,0.9625989798356994,0.0005433684210526316,False
4,532,0.39225083589553833,0.6077492237091064,0.4097774028778076,0.9598436235402936,0.9625203757160299,0.000542421052631579,False
4,533,0.39220115542411804,0.6077988147735596,0.41016849875450134,0.9596846456237715,0.9625902524594027,0.0005414736842105263,False
4,534,0.3921530544757843,0.6078469157218933,0.4070093035697937,0.9598942074228235,0.9630050616756074,0.0005405263157894736,False
4,535,0.39210787415504456,0.6078920960426331,0.40861353278160095,0.9598797548849577,0.9630757636667858,0.0005395789473684211,False
4,536,0.39206087589263916,0.6079391241073608,0.40785887837409973,0.9596123829344434,0.9627633346544099,0.0005386315789473684,False
4,537,0.3920111656188965,0.6079888343811035,0.4082372784614563,0.9597424557752341,0.9627061748653433,0.0005376842105263159,False
4,538,0.3919629156589508,0.6080371141433716,0.4080713093280792,0.9597569083130999,0.9625989152040338,0.0005367368421052631,False
4,539,0.3919154107570648,0.6080845594406128,0.409638911485672,0.9601832581801365,0.9627788967961236,0.0005357894736842105,False
4,540,0.39186936616897583,0.6081305742263794,0.4143452048301697,0.9602627471383974,0.9625047660866518,0.0005348421052631579,False
4,541,0.3918187916278839,0.6081811785697937,0.41073116660118103,0.9597641345820327,0.9617964336449778,0.0005338947368421053,False
4,542,0.39177048206329346,0.6082295179367065,0.40754544734954834,0.9591788067984738,0.960991115689291,0.0005329473684210526,False
4,543,0.3917187750339508,0.6082811951637268,0.40925154089927673,0.9590415076887502,0.9607287993970933,0.000532,False
4,544,0.39167916774749756,0.6083208322525024,0.4132207930088043,0.959251069487802,0.9609584643763381,0.0005310526315789474,False
4,545,0.39163392782211304,0.608366072177887,0.4088050127029419,0.9591065441091456,0.961076455445422,0.0005301052631578948,False
4,546,0.3915870487689972,0.6084129810333252,0.4070974290370941,0.9591065441091455,0.961329815855225,0.0005291578947368421,False
4,547,0.39153704047203064,0.6084629893302917,0.40692052245140076,0.9588680772343623,0.9616064809995919,0.0005282105263157894,False
4,548,0.39148733019828796,0.6085126399993896,0.40442490577697754,0.9586151578217136,0.9616079059881664,0.0005272631578947368,False
4,549,0.3914407193660736,0.6085593104362488,0.4156688451766968,0.9583694646779976,0.9614151778565292,0.0005263157894736842,False
4,550,0.3913956880569458,0.6086043119430542,0.4093613028526306,0.9583188807954678,0.9611261504383798,0.0005253684210526316,False
4,551,0.3913509249687195,0.6086490750312805,0.40284615755081177,0.9581671291478784,0.9610585721141967,0.000524421052631579,False
4,552,0.39130550622940063,0.6086944937705994,0.40242093801498413,0.9578708521216327,0.960876939024598,0.0005234736842105263,False
4,553,0.39126259088516235,0.6087373495101929,0.41229677200317383,0.9580370563070875,0.9612674656020903,0.0005225263157894736,False
4,554,0.39122214913368225,0.6087778210639954,0.3998115062713623,0.9582177130304081,0.9617131986888852,0.0005215789473684211,False
4,555,0.39118102192878723,0.6088189482688904,0.4044887125492096,0.9585212163255867,0.9621846046977365,0.0005206315789473684,False
4,556,0.3911411762237549,0.6088588237762451,0.4054836630821228,0.9590126026130189,0.9625341087704766,0.0005196842105263159,False
4,557,0.3911047577857971,0.6088951826095581,0.4114568829536438,0.9598725286160249,0.9630872287070948,0.0005187368421052631,False
4,558,0.3910645842552185,0.6089354157447815,0.4071941077709198,0.9604723089374495,0.9632453995433197,0.0005177894736842106,False
4,559,0.391027569770813,0.6089724898338318,0.41040438413619995,0.9603928199791885,0.963072810867364,0.0005168421052631579,False
4,560,0.39098989963531494,0.6090101599693298,0.4080643057823181,0.9607180020811655,0.9635135642016126,0.0005158947368421053,False
4,561,0.39095309376716614,0.6090469360351562,0.40128278732299805,0.9607541334258296,0.9635945703369754,0.0005149473684210526,False
4,562,0.390914648771286,0.6090853810310364,0.4064539074897766,0.9604578563995837,0.9632444943570561,0.000514,False
4,563,0.39086785912513733,0.6091321110725403,0.40474092960357666,0.9605012140131808,0.963203695447331,0.0005130526315789474,False
4,564,0.39081719517707825,0.6091827750205994,0.4082905054092407,0.9605879292403746,0.9631718245867346,0.0005121052631578947,False
4,565,0.3907659351825714,0.6092340350151062,0.40666085481643677,0.960616834316106,0.9633285415327667,0.0005111578947368422,False
4,566,0.39071476459503174,0.6092851758003235,0.4083420932292938,0.9606240605850388,0.9636013229873311,0.0005102105263157894,False
4,567,0.3906653821468353,0.6093346476554871,0.40329596400260925,0.9605951555093074,0.9637009146491813,0.0005092631578947368,False
4,568,0.390613853931427,0.609386146068573,0.4095323085784912,0.9604506301306509,0.9637294273335503,0.0005083157894736842,False
4,569,0.39056310057640076,0.6094369292259216,0.4058464765548706,0.9607180020811655,0.9641861953551455,0.0005073684210526316,False
4,570,0.3905133605003357,0.6094866394996643,0.4030628502368927,0.9608769799976874,0.9643801437917842,0.000506421052631579,False
4,571,0.3904624283313751,0.6095376014709473,0.4048132598400116,0.9611371256792693,0.964361770625682,0.0005054736842105263,False
4,572,0.3904126286506653,0.6095873713493347,0.41096559166908264,0.9611082206035381,0.9637574303711735,0.0005045263157894737,False
4,573,0.39035627245903015,0.6096436977386475,0.40517470240592957,0.9609058850734189,0.9629300119226707,0.0005035789473684211,False
4,574,0.39029642939567566,0.6097036004066467,0.4037304222583771,0.9603494623655914,0.9621941758508218,0.0005026315789473684,False
4,575,0.3902365267276764,0.6097634434700012,0.4070330858230591,0.9601037692218756,0.9620968348170305,0.0005016842105263159,False
4,576,0.3901967704296112,0.6098031997680664,0.4093889892101288,0.9607035495432997,0.9632732040448214,0.0005007368421052631,False
4,577,0.3901592195034027,0.6098408102989197,0.40920886397361755,0.9609347901491502,0.9639214000321463,0.0004997894736842106,False
4,578,0.39011967182159424,0.6098803281784058,0.40749120712280273,0.9610937680656723,0.9642190458398909,0.0004988421052631579,False
4,579,0.3900783658027649,0.6099216341972351,0.40321850776672363,0.9608697537287547,0.964045111838103,0.0004978947368421053,False
4,580,0.39003506302833557,0.609964907169342,0.41491490602493286,0.9605951555093074,0.9636637741861298,0.0004969473684210526,False
4,581,0.38998672366142273,0.6100132465362549,0.40815943479537964,0.9605517978957104,0.9635057626003107,0.0004959999999999999,False
4,582,0.38993433117866516,0.6100656986236572,0.40747371315956116,0.960493987744248,0.9632079739851817,0.0004950526315789474,False
4,583,0.3898865878582001,0.6101134419441223,0.4001297056674957,0.9603928199791884,0.9628836701840853,0.0004941052631578947,False
4,584,0.38983434438705444,0.6101656556129456,0.40770676732063293,0.9601904844490693,0.9623577338923128,0.0004931578947368422,False
4,585,0.38978317379951477,0.6102168560028076,0.40576472878456116,0.960118221759741,0.9622202315879275,0.0004922105263157894,False
4,586,0.38973429799079895,0.6102656722068787,0.40481555461883545,0.9604506301306509,0.9626389019683307,0.0004912631578947369,False
4,587,0.38968798518180847,0.6103119850158691,0.402260422706604,0.9610504104520754,0.9635205605641284,0.0004903157894736842,False
4,588,0.3896377682685852,0.6103622913360596,0.4064232409000397,0.9612816510579257,0.9640278625350677,0.0004893684210526316,False
4,589,0.3895890712738037,0.6104109287261963,0.39525267481803894,0.9612238409064632,0.9641187751209724,0.000488421052631579,False
4,590,0.3895437717437744,0.6104561686515808,0.4058611989021301,0.9610865417967395,0.9639766982288539,0.0004874736842105263,False
4,591,0.3894965648651123,0.6105034351348877,0.41025862097740173,0.9610504104520753,0.96387406868019,0.0004865263157894737,False
4,592,0.389448881149292,0.6105510592460632,0.40374755859375,0.9612961035957913,0.9640333173471447,0.00048557894736842103,False
4,593,0.3893989026546478,0.6106011271476746,0.40327367186546326,0.9613828188229854,0.9641281880847522,0.0004846315789473684,False
4,594,0.3893483877182007,0.6106516122817993,0.3985944986343384,0.9616068331599029,0.9644363783775144,0.00048368421052631574,False
4,595,0.3892952501773834,0.610704779624939,0.40390506386756897,0.9612816510579257,0.9641781277672812,0.00048273684210526307,False
4,596,0.38924238085746765,0.61075758934021,0.40023496747016907,0.9610142791074113,0.9640546014948008,0.0004817894736842105,False
4,597,0.38919520378112793,0.6108048558235168,0.40180104970932007,0.9608480749219563,0.9638321182402645,0.0004808421052631578,False
4,598,0.3891458213329315,0.6108541488647461,0.4045325517654419,0.9609636952248815,0.9636148383767519,0.00047989473684210526,False
4,599,0.3890986740589142,0.6109012961387634,0.4036623239517212,0.9614261764365823,0.9639793199095015,0.0004789473684210526,False
4,600,0.38905206322669983,0.6109479665756226,0.40371307730674744,0.9616718695802984,0.9640574495753976,0.000478,False
4,601,0.38900744915008545,0.6109926104545593,0.3981078267097473,0.9618597525725516,0.9640645787744067,0.00047705263157894734,False
4,602,0.38895726203918457,0.6110427379608154,0.39671555161476135,0.9616646433113655,0.9636618004034486,0.00047610526315789467,False
4,603,0.3889060318470001,0.6110939979553223,0.4013572931289673,0.9613900450919182,0.9632008861260304,0.0004751578947368421,False
4,604,0.38885366916656494,0.6111463308334351,0.4016645848751068,0.961563475546306,0.9630761658990115,0.00047421052631578943,False
4,605,0.388805091381073,0.6111949682235718,0.4010455310344696,0.9621560295987975,0.9637164659790189,0.00047326315789473686,False
4,606,0.388755202293396,0.6112448573112488,0.3943667411804199,0.962589605734767,0.9642052432444118,0.0004723157894736842,False
4,607,0.3887067437171936,0.6112932562828064,0.4030471444129944,0.9628931090299457,0.9648480592600919,0.0004713684210526316,False
4,608,0.3886604309082031,0.6113395690917969,0.4038342535495758,0.9629870505260724,0.9652571589673581,0.00047042105263157895,False
4,609,0.38861778378486633,0.611382246017456,0.4004676342010498,0.9628931090299456,0.9655016493631264,0.0004694736842105263,False
4,610,0.38857942819595337,0.6114205718040466,0.4011523425579071,0.9629364666435426,0.9657400257457676,0.00046852631578947365,False
4,611,0.3885442912578583,0.6114556789398193,0.4030091166496277,0.9630087293328708,0.9658672328340292,0.000467578947368421,False
4,612,0.3885108530521393,0.6114891171455383,0.40353018045425415,0.9630231818707365,0.9658625973537295,0.0004666315789473684,False
4,613,0.38847699761390686,0.6115229725837708,0.39998579025268555,0.9629653717192739,0.9657906102135708,0.00046568421052631574,False
4,614,0.38844114542007446,0.6115588545799255,0.40201112627983093,0.9629075615678113,0.9656188633989853,0.00046473684210526317,False
4,615,0.3884080648422241,0.6115918755531311,0.39835116267204285,0.9626835472308938,0.965446141295516,0.0004637894736842105,False
4,616,0.3883756697177887,0.6116243004798889,0.3974480628967285,0.9621632558677303,0.9651764635838187,0.00046284210526315793,False
4,617,0.3883407711982727,0.6116592288017273,0.4030052423477173,0.9618236212278877,0.9648815048850429,0.00046189473684210525,False
4,618,0.38830915093421936,0.611690878868103,0.41277870535850525,0.9616429645045671,0.9646332838681144,0.0004609473684210526,False
4,619,0.38827961683273315,0.6117203235626221,0.39874014258384705,0.9619320152618801,0.9646174997358659,0.00046,False
4,620,0.3882529139518738,0.6117470860481262,0.40417158603668213,0.9621704821366631,0.964700985967502,0.00045905263157894734,False
4,621,0.38822296261787415,0.6117770075798035,0.3994588851928711,0.962553474390103,0.9649423132762357,0.0004581052631578948,False
4,622,0.38819095492362976,0.6118090152740479,0.4105517566204071,0.9624017227425136,0.9649002576680618,0.0004571578947368421,False
4,623,0.3881559371948242,0.611844003200531,0.39561736583709717,0.9623800439357151,0.9649026968406352,0.0004562105263157895,False
4,624,0.38812074065208435,0.611879289150238,0.39865270256996155,0.9620223436235402,0.9641873229376755,0.0004552631578947368,False
4,625,0.38808369636535645,0.6119163036346436,0.3922572433948517,0.9619536940686786,0.9637248976863044,0.00045431578947368413,False
4,626,0.38805729150772095,0.6119427680969238,0.39690718054771423,0.9621488033298649,0.9636755919057952,0.00045336842105263156,False
4,627,0.3880288004875183,0.6119712591171265,0.4007200300693512,0.9619681466065441,0.9631877504222719,0.0004524210526315789,False
4,628,0.3880014717578888,0.6119985580444336,0.40030142664909363,0.9619753728754771,0.9625751347198178,0.0004514736842105263,False
4,629,0.387971431016922,0.6120285391807556,0.40094539523124695,0.9618453000346862,0.9624198275423085,0.00045052631578947365,False
4,630,0.38793712854385376,0.6120628714561462,0.3990863561630249,0.9625245693143717,0.9634854983750063,0.0004495789473684211,False
4,631,0.3879010081291199,0.6120990514755249,0.39810964465141296,0.962965371719274,0.9643432339919995,0.0004486315789473684,False
4,632,0.38786160945892334,0.6121383309364319,0.398711621761322,0.9633122326280495,0.9653488071333819,0.00044768421052631573,False
4,633,0.3878176212310791,0.6121823787689209,0.3976139724254608,0.9632399699387212,0.9655079120617089,0.00044673684210526317,False
4,634,0.38777807354927063,0.6122219562530518,0.40072664618492126,0.9633628165105793,0.9657512853948294,0.0004457894736842105,False
4,635,0.3877406716346741,0.6122593283653259,0.4033281207084656,0.9630882182911319,0.9655425668332681,0.0004448421052631579,False
4,636,0.3877004384994507,0.6122995615005493,0.39599019289016724,0.9626979997687595,0.9652148924594292,0.00044389473684210525,False
4,637,0.38766026496887207,0.6123396754264832,0.39920878410339355,0.962177708405596,0.9648179294302499,0.0004429473684210527,False
4,638,0.3876226246356964,0.612377405166626,0.40369895100593567,0.9617947161521563,0.9647797976556322,0.000442,False
4,639,0.38758230209350586,0.6124176383018494,0.39647534489631653,0.9614623077812463,0.964674256179825,0.00044105263157894734,False
4,640,0.3875408470630646,0.612459123134613,0.39231687784194946,0.9609781477627471,0.9642481937451335,0.0004401052631578947,False
4,641,0.3874990940093994,0.6125009059906006,0.40065211057662964,0.9609420164180831,0.9642504938219976,0.00043915789473684204,False
4,642,0.3874594569206238,0.6125405430793762,0.4009179174900055,0.9607902647704937,0.9639874130532264,0.0004382105263157895,False
4,643,0.3874216675758362,0.612578272819519,0.3941631317138672,0.9606890970054341,0.9638972636014286,0.0004372631578947368,False
4,644,0.3873811960220337,0.6126188039779663,0.3931378126144409,0.9608914325355532,0.9640097399232259,0.00043631578947368423,False
4,645,0.38734331727027893,0.6126566529273987,0.39488813281059265,0.9610142791074112,0.9640061070999928,0.00043536842105263156,False
4,646,0.3873085081577301,0.6126915216445923,0.39702674746513367,0.9611804832928663,0.9640605973636749,0.0004344210526315789,False
4,647,0.38727033138275146,0.6127297282218933,0.39588409662246704,0.9612671985200602,0.9640854658628601,0.0004334736842105263,False
4,648,0.3872326910495758,0.6127673387527466,0.39539989829063416,0.9613250086715227,0.9641562199680143,0.00043252631578947364,False
4,649,0.3871925473213196,0.6128074526786804,0.3961414396762848,0.9612671985200602,0.9639017491231003,0.0004315789473684211,False
4,650,0.3871490955352783,0.6128509640693665,0.3947354257106781,0.9616212856977685,0.9643238586856417,0.0004306315789473684,False
4,651,0.38710352778434753,0.6128965020179749,0.3968263864517212,0.9621126719852006,0.9649229478868487,0.00042968421052631584,False
4,652,0.3870616555213928,0.6129383444786072,0.3947350084781647,0.9627413573823563,0.9659490845791007,0.00042873684210526316,False
4,653,0.38701748847961426,0.6129825115203857,0.3947659730911255,0.9629147878367441,0.966307085581071,0.0004277894736842105,False
4,654,0.38697558641433716,0.6130244135856628,0.39610806107521057,0.9629870505260724,0.9665036175028157,0.00042684210526315787,False
4,655,0.3869342505931854,0.6130657196044922,0.3892180621623993,0.9630665394843335,0.9666546129338549,0.0004258947368421052,False
4,656,0.3868944048881531,0.6131055951118469,0.39632269740104675,0.9630665394843335,0.9666186323007387,0.0004249473684210526,False
4,657,0.38685372471809387,0.6131462454795837,0.3968357443809509,0.963008729332871,0.9664397216384318,0.00042399999999999995,False
4,658,0.38681313395500183,0.6131868958473206,0.3968815803527832,0.9630448606775349,0.9663280378499972,0.0004230526315789474,False
4,659,0.3867683708667755,0.6132316589355469,0.39305415749549866,0.962719678575558,0.9658326864604856,0.0004221052631578947,False
4,660,0.38672494888305664,0.6132750511169434,0.39050349593162537,0.9626690946930281,0.9657391933473674,0.00042115789473684204,False
4,661,0.3866792619228363,0.6133207082748413,0.3983323574066162,0.9627485836512891,0.9658242640545857,0.00042021052631578947,False
4,662,0.3866305649280548,0.6133694648742676,0.39556530117988586,0.9625823794658341,0.9655451049336928,0.0004192631578947368,False
4,663,0.3865828514099121,0.6134171485900879,0.3950737714767456,0.9625173430454389,0.9655453174237183,0.00041831578947368423,False
4,664,0.38653942942619324,0.6134605407714844,0.39518269896507263,0.9624234015493122,0.965387760790263,0.00041736842105263156,False
4,665,0.38649827241897583,0.6135017275810242,0.39257413148880005,0.9622427448259915,0.9651354138217745,0.000416421052631579,False
4,666,0.3864580988883972,0.6135419607162476,0.39793291687965393,0.962300554977454,0.9650565480530575,0.0004154736842105263,False
4,667,0.3864176273345947,0.61358243227005,0.39302244782447815,0.9622933287085212,0.9649874299052922,0.00041452631578947364,False
4,668,0.386379212141037,0.6136208176612854,0.3969019949436188,0.9621560295987975,0.9648175819012732,0.0004135789473684211,False
4,669,0.3863397538661957,0.6136602759361267,0.39157217741012573,0.9620476355648052,0.964725110357335,0.0004126315789473684,False
4,670,0.38630127906799316,0.6136987805366516,0.39513447880744934,0.9622066134813274,0.9648417991605363,0.0004116842105263158,False
4,671,0.38626569509506226,0.6137343049049377,0.40427589416503906,0.9627413573823563,0.9654269910701174,0.0004107368421052631,False
4,672,0.38622593879699707,0.6137740015983582,0.39290106296539307,0.9634350791999076,0.9661300914990315,0.00040978947368421054,False
4,673,0.38618752360343933,0.6138124465942383,0.3995034694671631,0.9636012833853624,0.9662901432060368,0.00040884210526315786,False
4,674,0.38614940643310547,0.6138505339622498,0.397068589925766,0.9636157359232281,0.9662183262286995,0.0004078947368421052,False
4,675,0.386111855506897,0.613888144493103,0.39172837138175964,0.9636085096542953,0.9661093153425582,0.0004069473684210526,False
4,676,0.386075884103775,0.6139241456985474,0.3919884264469147,0.9632255174008556,0.9657149325739416,0.00040599999999999995,False
4,677,0.3860424757003784,0.6139575242996216,0.38975006341934204,0.9628136200716845,0.9652267468225652,0.0004050526315789474,False
4,678,0.38600876927375793,0.6139912605285645,0.3923000395298004,0.9624161752803794,0.9647426101997258,0.0004041052631578947,False
4,679,0.3859725296497345,0.6140275001525879,0.3937318027019501,0.9621271245230663,0.964412508651292,0.00040315789473684214,False
4,680,0.3859354257583618,0.6140645146369934,0.3963906466960907,0.9618814313793503,0.964116832817737,0.00040221052631578947,False
4,681,0.38589489459991455,0.6141051054000854,0.39626502990722656,0.9618958839172158,0.9642505331919866,0.0004012631578947368,False
4,682,0.3858526945114136,0.6141473650932312,0.3947437107563019,0.9618597525725517,0.9644591605567662,0.0004003157894736842,False
4,683,0.3858105540275574,0.6141894459724426,0.387966126203537,0.9617007746560297,0.9644265503858668,0.00039936842105263155,False
4,684,0.38577187061309814,0.6142281293869019,0.3959819972515106,0.9616285119667013,0.964196884158162,0.000398421052631579,False
4,685,0.3857322633266449,0.6142677068710327,0.39947617053985596,0.9617224534628283,0.9641664400936126,0.0003974736842105263,False
4,686,0.38569122552871704,0.614308774471283,0.3938466012477875,0.9614912128569777,0.9635529220128607,0.0003965263157894737,False
4,687,0.3856533467769623,0.6143466830253601,0.3917919993400574,0.9613611400161868,0.9632550430783268,0.000395578947368421,False
4,688,0.38561493158340454,0.6143850684165955,0.3943754732608795,0.9612166146375304,0.9631291318481106,0.00039463157894736834,False
4,689,0.38557595014572144,0.6144240498542786,0.39358389377593994,0.9610720892588739,0.9630066207733337,0.0003936842105263158,False
4,690,0.38553518056869507,0.6144647598266602,0.38942158222198486,0.9608697537287548,0.9626632429763848,0.0003927368421052631,False
4,691,0.3854925036430359,0.6145074963569641,0.3913651406764984,0.9607974910394265,0.962412943209236,0.00039178947368421053,False
4,692,0.38544973731040955,0.6145502328872681,0.3940899968147278,0.9607613596947624,0.9623996527178127,0.00039084210526315786,False
4,693,0.38540709018707275,0.6145929098129272,0.39472153782844543,0.9608119435772923,0.9624230786424617,0.0003898947368421053,False
4,694,0.3853679895401001,0.6146320104598999,0.3935224115848541,0.9608336223840906,0.9624903699894234,0.0003889473684210526,False
4,695,0.3853345811367035,0.6146653890609741,0.39670389890670776,0.9607685859636953,0.9626878715655044,0.00038799999999999994,False
4,696,0.38530680537223816,0.6146932244300842,0.39540189504623413,0.96098537403168,0.9628847180783987,0.0003870526315789474,False
4,697,0.38527992367744446,0.6147201061248779,0.391032874584198,0.9612382934443289,0.9632354963713484,0.0003861052631578947,False
4,698,0.3852490186691284,0.6147509813308716,0.3953402042388916,0.9615562492773732,0.9635036825888558,0.00038515789473684214,False
4,699,0.3852138817310333,0.6147861480712891,0.3896030783653259,0.9617007746560297,0.9633136826309769,0.00038421052631578946,False
4,700,0.38517722487449646,0.6148227453231812,0.39197900891304016,0.9617947161521564,0.9633880249311499,0.00038326315789473684,False
4,701,0.3851412236690521,0.6148587465286255,0.3972325921058655,0.9614984391259105,0.963181714427247,0.00038231578947368417,False
4,702,0.38510242104530334,0.614897608757019,0.3837853670120239,0.9613250086715227,0.963101405850103,0.0003813684210526315,False
4,703,0.385062575340271,0.6149374842643738,0.39309608936309814,0.9609998265695455,0.9631145115049455,0.00038042105263157893,False
4,704,0.38502416014671326,0.6149758696556091,0.3887331783771515,0.9606457393918373,0.9629971499456654,0.00037947368421052625,False
4,705,0.3849834203720093,0.615016520023346,0.39224255084991455,0.9604361775927852,0.9627988151979107,0.0003785263157894737,False
4,706,0.38494157791137695,0.615058422088623,0.39170971512794495,0.9603494623655914,0.9626880475196347,0.000377578947368421,False
4,707,0.38490232825279236,0.6150976419448853,0.389962375164032,0.9605445716267776,0.962872078723046,0.00037663157894736845,False
4,708,0.38486361503601074,0.615136444568634,0.3873022198677063,0.9607830385015609,0.9630627414433673,0.00037568421052631577,False
4,709,0.3848303258419037,0.6151696443557739,0.3912503123283386,0.960819169846225,0.9630043897705589,0.0003747368421052631,False
4,710,0.38479194045066833,0.615208089351654,0.3928253650665283,0.9607107758122326,0.9628380781636299,0.00037378947368421053,False
4,711,0.38475415110588074,0.6152458786964417,0.39155313372612,0.9605373453578447,0.9626212694195999,0.00037284210526315786,False
4,712,0.3847161829471588,0.6152838468551636,0.3863986134529114,0.9603566886345243,0.9625596032462502,0.0003718947368421053,False
4,713,0.38468003273010254,0.6153199672698975,0.38442766666412354,0.9602771996762631,0.9626906737883363,0.0003709473684210526,False
4,714,0.3846439719200134,0.6153560280799866,0.3862033486366272,0.9602266157937334,0.962815858527035,0.00037000000000000005,False
4,715,0.384602427482605,0.6153976321220398,0.393919974565506,0.9602266157937334,0.9631021038288733,0.0003690526315789474,False
4,716,0.38456305861473083,0.6154369711875916,0.39462319016456604,0.9602627471383974,0.9633030720813612,0.0003681052631578947,False
4,717,0.3845209777355194,0.6154789924621582,0.39011356234550476,0.9602916522141288,0.9634892768346404,0.0003671578947368421,False
4,718,0.3844809830188751,0.6155189871788025,0.39277419447898865,0.9602482946005317,0.96357428847172,0.0003662105263157894,False
4,719,0.38444194197654724,0.6155580282211304,0.391836553812027,0.9600026014568158,0.9634073923147725,0.00036526315789473684,False
4,720,0.38440462946891785,0.6155954003334045,0.3888266384601593,0.9599231124985547,0.963449126986483,0.00036431578947368416,False
4,721,0.3843698799610138,0.6156300902366638,0.39176130294799805,0.9597858133888312,0.9633115978296433,0.0003633684210526316,False
4,722,0.38433533906936646,0.6156646609306335,0.3984479010105133,0.9594317262111226,0.9629862348772691,0.0003624210526315789,False
4,723,0.38430240750312805,0.6156976222991943,0.3814845383167267,0.9594534050179212,0.9628268440771309,0.00036147368421052625,False
4,724,0.3842712938785553,0.6157287359237671,0.3858216106891632,0.9596485142791075,0.962940055179829,0.0003605263157894737,False
4,725,0.3842410445213318,0.6157589554786682,0.3906860947608948,0.9600531853393455,0.9631965682526584,0.000359578947368421,False
4,726,0.3842114806175232,0.6157885193824768,0.392293781042099,0.960493987744248,0.963477859544141,0.00035863157894736844,False
4,727,0.3841814696788788,0.6158185601234436,0.39136210083961487,0.960739680887964,0.963448901644929,0.00035768421052631577,False
4,728,0.384152352809906,0.6158475875854492,0.38806021213531494,0.9608263961151579,0.963416286308198,0.0003567368421052632,False
4,729,0.3841206133365631,0.6158793568611145,0.3878236711025238,0.9608408486530234,0.9632507795839728,0.0003557894736842105,False
4,730,0.38409167528152466,0.6159083247184753,0.39474743604660034,0.960898658804486,0.9631651839753311,0.00035484210526315785,False
4,731,0.3840625584125519,0.6159374713897705,0.3938005566596985,0.9608047173083594,0.9628884651883817,0.00035389473684210523,False
4,732,0.3840337097644806,0.615966260433197,0.39271292090415955,0.9608553011908891,0.9626836671540874,0.00035294736842105256,False
4,733,0.3840014338493347,0.6159985661506653,0.39155006408691406,0.9605807029714418,0.962104777759443,0.000352,False
4,734,0.38397032022476196,0.616029679775238,0.3874897360801697,0.9605445716267776,0.962085324030267,0.0003510526315789473,False
4,735,0.3839387893676758,0.6160611510276794,0.39001402258872986,0.9606674181986358,0.9622124456330097,0.00035010526315789475,False
4,736,0.38390764594078064,0.6160923838615417,0.385711133480072,0.96065296566077,0.9623364602713049,0.0003491578947368421,False
4,737,0.3838770091533661,0.6161229610443115,0.38867679238319397,0.9607974910394265,0.9624200659757253,0.0003482105263157894,False
4,738,0.38384929299354553,0.6161507368087769,0.3836367428302765,0.9608408486530234,0.9624016502235629,0.00034726315789473683,False
4,739,0.3838198482990265,0.6161801218986511,0.39205220341682434,0.9608842062666204,0.9622480674282977,0.00034631578947368416,False
4,740,0.3837907016277313,0.6162092685699463,0.3928678035736084,0.960616834316106,0.96196375484391,0.0003453684210526316,False
4,741,0.3837603032588959,0.6162396669387817,0.38700202107429504,0.9608480749219563,0.9620272311690711,0.0003444210526315789,False
4,742,0.3837354779243469,0.6162645816802979,0.39572930335998535,0.9610287316452769,0.9623052945987716,0.00034347368421052635,False
4,743,0.38371023535728455,0.6162897348403931,0.389070063829422,0.9609203376112845,0.9624321556053599,0.0003425263157894737,False
4,744,0.3836851418018341,0.6163148880004883,0.38351142406463623,0.9609781477627471,0.9627190174545462,0.000341578947368421,False
4,745,0.38365796208381653,0.6163420081138611,0.3862104117870331,0.9606674181986358,0.9626643011965488,0.00034063157894736844,False
4,746,0.38363519310951233,0.6163648366928101,0.38964155316352844,0.960862527459822,0.9630464046904543,0.00033968421052631576,False
4,747,0.38361015915870667,0.616389811038971,0.3877817690372467,0.9610576367210083,0.9634191655576563,0.0003387368421052632,False
4,748,0.383583128452301,0.616416871547699,0.38362228870391846,0.9611371256792692,0.9635104667361003,0.0003377894736842105,False
4,749,0.383552610874176,0.6164473295211792,0.3869040012359619,0.9613250086715227,0.9636035931176802,0.00033684210526315796,False
4,750,0.38352200388908386,0.6164780259132385,0.38873356580734253,0.9611949358307318,0.9633532035403259,0.0003358947368421053,False
4,751,0.38349679112434387,0.6165032386779785,0.3936554193496704,0.9612527459821946,0.9633453618467216,0.0003349473684210526,False
4,752,0.3834707736968994,0.6165292263031006,0.38622885942459106,0.9611515782171349,0.9634220989495182,0.000334,False
4,753,0.3834455907344818,0.6165544390678406,0.3924393653869629,0.9610070528384785,0.9634803898592472,0.0003330526315789473,False
4,754,0.38342148065567017,0.6165785789489746,0.3910243809223175,0.9611226731414036,0.9637691272462087,0.00033210526315789475,False
4,755,0.3833945691585541,0.6166054010391235,0.38562265038490295,0.9610504104520753,0.9639648621639548,0.00033115789473684207,False
4,756,0.38336828351020813,0.6166317462921143,0.3887048363685608,0.9607107758122326,0.9638101649321479,0.0003302105263157895,False
4,757,0.38334017992019653,0.6166597604751587,0.3858584463596344,0.9605373453578449,0.9636701471082474,0.00032926315789473683,False
4,758,0.3833135962486267,0.6166864037513733,0.38651248812675476,0.9605734767025089,0.963770936239684,0.00032831578947368416,False
4,759,0.38328859210014343,0.616711437702179,0.38485485315322876,0.9605951555093074,0.9638236580444854,0.0003273684210526316,False
4,760,0.3832627236843109,0.6167372465133667,0.389474093914032,0.960819169846225,0.9641569624562968,0.0003264210526315789,False
4,761,0.3832373321056366,0.6167626976966858,0.38847705721855164,0.9611443519482021,0.9645811456634159,0.00032547368421052635,False
4,762,0.38321465253829956,0.6167853474617004,0.38979217410087585,0.9612093883685974,0.9645938527320076,0.0003245263157894737,False
4,763,0.3831913471221924,0.6168086528778076,0.3915335237979889,0.9611949358307319,0.9644895021417532,0.0003235789473684211,False
4,764,0.38316434621810913,0.6168356537818909,0.38162314891815186,0.9611154468724707,0.9644066529240347,0.00032263157894736843,False
4,765,0.38313865661621094,0.6168614029884338,0.3895954191684723,0.9612888773268585,0.9644520343055649,0.0003216842105263158,False
4,766,0.3831106424331665,0.6168893575668335,0.3856216371059418,0.9612238409064632,0.9642985883292187,0.00032073684210526314,False
4,767,0.38308483362197876,0.6169151663780212,0.38395610451698303,0.961151578217135,0.9641630743535774,0.00031978947368421046,False
4,768,0.38305845856666565,0.6169415712356567,0.3871586322784424,0.9609275638802174,0.9637417349135665,0.0003188421052631579,False
4,769,0.3830316960811615,0.6169682741165161,0.3932023346424103,0.9608697537287548,0.9636020730326494,0.0003178947368421052,False
4,770,0.38300222158432007,0.6169977784156799,0.3883470296859741,0.9607685859636952,0.9634001211489328,0.00031694736842105266,False
4,771,0.3829711377620697,0.6170288920402527,0.3907909393310547,0.9608336223840906,0.9632313979910737,0.000316,False
4,772,0.38294199109077454,0.6170580387115479,0.3906709551811218,0.9606890970054341,0.9630574788186691,0.0003150526315789474,False
4,773,0.38291341066360474,0.6170865297317505,0.38847124576568604,0.9606963232743669,0.963015867952299,0.00031410526315789474,False
4,774,0.382887065410614,0.617112934589386,0.38906586170196533,0.9605807029714418,0.9629792562716906,0.00031315789473684207,False
4,775,0.3828599154949188,0.6171400547027588,0.3793404698371887,0.9605084402821136,0.9628616648071745,0.0003122105263157895,False
4,776,0.38283276557922363,0.6171672344207764,0.3852633237838745,0.9605445716267776,0.9628734943970494,0.00031126315789473683,False
4,777,0.3828039765357971,0.6171959638595581,0.3834378719329834,0.960616834316106,0.9629604330834789,0.00031031578947368426,False
4,778,0.3827763795852661,0.6172235608100891,0.38778969645500183,0.9605879292403746,0.9629726271585761,0.0003093684210526316,False
4,779,0.38274821639060974,0.6172517538070679,0.39418455958366394,0.9607252283500983,0.9631487339888265,0.000308421052631579,False
4,780,0.38272103667259216,0.6172789335250854,0.3846319317817688,0.9608408486530234,0.9633532862753025,0.00030747368421052635,False
4,781,0.3826894462108612,0.6173105239868164,0.38199418783187866,0.9607902647704937,0.963314146442369,0.00030652631578947367,False
4,782,0.3826621174812317,0.6173378825187683,0.3836294710636139,0.960493987744248,0.9630228581384404,0.00030557894736842105,False
4,783,0.3826354146003723,0.6173645853996277,0.38274717330932617,0.9604000462481213,0.9628650135017753,0.0003046315789473684,False
4,784,0.382610559463501,0.6173895001411438,0.38531410694122314,0.9601760319112037,0.9625057394969757,0.0003036842105263158,False
4,785,0.3825872838497162,0.6174126863479614,0.3912130296230316,0.9601760319112035,0.9623376552150318,0.00030273684210526314,False
4,786,0.38256293535232544,0.6174370646476746,0.38044849038124084,0.9602916522141288,0.9622717573488268,0.00030178947368421057,False
4,787,0.3825382888317108,0.6174616813659668,0.38593584299087524,0.9607107758122326,0.962949375505372,0.0003008421052631579,False
4,788,0.382514625787735,0.6174854040145874,0.3848545551300049,0.9610287316452769,0.9635916668377673,0.0002998947368421052,False
4,789,0.382488489151001,0.6175115704536438,0.38731491565704346,0.9612888773268586,0.9639311427860796,0.00029894736842105265,False
4,790,0.3824659287929535,0.6175341010093689,0.387718141078949,0.961556249277373,0.964219785515777,0.000298,False
4,791,0.38244321942329407,0.6175567507743835,0.3870869278907776,0.9613033298647243,0.9641340160820783,0.0002970526315789474,False
4,792,0.38242048025131226,0.617579460144043,0.39013421535491943,0.9611298994103367,0.9639869404131486,0.00029610526315789474,False
4,793,0.3823949992656708,0.6176049709320068,0.38776904344558716,0.961144351948202,0.96408996010465,0.00029515789473684217,False
4,794,0.38236963748931885,0.6176304221153259,0.3853928744792938,0.9610431841831425,0.9639077530590832,0.0002942105263157895,False
4,795,0.38234472274780273,0.6176552772521973,0.38195905089378357,0.960862527459822,0.9635819159867092,0.0002932631578947368,False
4,796,0.3823226988315582,0.6176772713661194,0.3885352313518524,0.9608047173083594,0.963527392831836,0.0002923157894736842,False
4,797,0.3822989761829376,0.61770099401474,0.3858135938644409,0.9607324546190311,0.9633945307969438,0.00029136842105263153,False
4,798,0.3822765052318573,0.6177234649658203,0.38931646943092346,0.9606890970054341,0.9632873909995581,0.00029042105263157896,False
4,799,0.38225239515304565,0.6177476048469543,0.38403332233428955,0.9604289513238525,0.9631167214210246,0.0002894736842105263,False
4,800,0.38222503662109375,0.6177749633789062,0.3870861828327179,0.9602410683315991,0.9629289714462688,0.0002885263157894737,False
4,801,0.3821963369846344,0.617803692817688,0.3907117247581482,0.9598147184645623,0.9625196901713702,0.00028757894736842105,False
4,802,0.3821679949760437,0.6178320050239563,0.38563764095306396,0.9595979303965777,0.9622576444390271,0.00028663157894736837,False
4,803,0.3821395933628082,0.6178604364395142,0.3847791850566864,0.9595184414383167,0.9620795312100862,0.0002856842105263158,False
4,804,0.3821115791797638,0.6178884506225586,0.3881547749042511,0.9595473465140477,0.9620405960164014,0.00028473684210526313,False
4,805,0.3820815682411194,0.6179184317588806,0.3845558166503906,0.9598363972713607,0.9622430741917464,0.00028378947368421057,False
4,806,0.38205230236053467,0.6179476976394653,0.3905467987060547,0.9598653023470922,0.9623521137587258,0.0002828421052631579,False
4,807,0.3820244073867798,0.6179755926132202,0.3858852684497833,0.9600387328014799,0.9625713343003133,0.0002818947368421053,False
4,808,0.3819987177848816,0.6180012822151184,0.38600653409957886,0.9601182217597409,0.9626465870077798,0.00028094736842105265,False
4,809,0.3819738030433655,0.6180261969566345,0.3850491940975189,0.9603855937102554,0.9628957430059143,0.00028,False
4,810,0.38194990158081055,0.6180500388145447,0.3867008090019226,0.960732454619031,0.9631211381185543,0.0002790526315789474,False
4,811,0.3819214701652527,0.6180785894393921,0.39124250411987305,0.9610504104520755,0.9631418962590016,0.00027810526315789473,False
4,812,0.381893515586853,0.6181065440177917,0.38663581013679504,0.9610142791074112,0.963040255165553,0.0002771578947368421,False
4,813,0.381866455078125,0.6181336045265198,0.3832208812236786,0.9611371256792693,0.9630559047780394,0.00027621052631578944,False
4,814,0.3818383514881134,0.6181616187095642,0.38710683584213257,0.9611298994103364,0.9631477492806431,0.0002752631578947369,False
4,815,0.3818131685256958,0.6181868314743042,0.3851670026779175,0.9613755925540524,0.9635152560696236,0.0002743157894736842,False
4,816,0.38178807497024536,0.6182119250297546,0.38716235756874084,0.961556249277373,0.9638225388877087,0.0002733684210526315,False
4,817,0.3817599415779114,0.6182400584220886,0.3774580657482147,0.9616718695802983,0.9640298162086407,0.00027242105263157896,False
4,818,0.38173216581344604,0.618267834186554,0.3867325782775879,0.9616501907734999,0.9640379557196062,0.0002714736842105263,False
4,819,0.38170090317726135,0.618299126625061,0.3880113959312439,0.9616790958492311,0.9641061949533963,0.0002705263157894737,False
4,820,0.3816673457622528,0.6183326244354248,0.3863934278488159,0.9617874898832235,0.9642538221408783,0.00026957894736842104,False
4,821,0.3816358149051666,0.6183642148971558,0.3839282989501953,0.9619247889929471,0.9643476667281917,0.0002686315789473685,False
4,822,0.38160327076911926,0.6183966994285583,0.3833617866039276,0.962177708405596,0.9646817271838423,0.0002676842105263158,False
4,823,0.3815678358078003,0.6184321641921997,0.388435035943985,0.9622066134813272,0.9647274015214878,0.00026673684210526313,False
4,824,0.38153383135795593,0.6184661984443665,0.3838047981262207,0.962011504220141,0.9646109540383826,0.00026578947368421056,False
4,825,0.38150250911712646,0.6184974908828735,0.37898313999176025,0.9619031101861486,0.9644245656502481,0.0002648421052631579,False
4,826,0.38146984577178955,0.6185300946235657,0.38265323638916016,0.9621271245230663,0.9646082665102031,0.00026389473684210527,False
4,827,0.3814409077167511,0.6185591220855713,0.3860112726688385,0.9622716499017228,0.9648265938233573,0.0002629473684210526,False
4,828,0.38141247630119324,0.6185874938964844,0.38634994626045227,0.9622788761706557,0.9648456179150726,0.000262,False
4,829,0.38138291239738464,0.6186171174049377,0.3891121745109558,0.9625968320036999,0.9650875378248637,0.00026105263157894735,False
4,830,0.38135144114494324,0.6186485290527344,0.38369497656822205,0.9627919412648861,0.9653714943722211,0.0002601052631578947,False
4,831,0.38131940364837646,0.6186806559562683,0.38707587122917175,0.9629075615678114,0.9654418256929731,0.0002591578947368421,False
4,832,0.3812893331050873,0.6187106966972351,0.38513267040252686,0.9628497514163488,0.965296557106133,0.00025821052631578944,False
4,833,0.38126155734062195,0.6187384128570557,0.3785315752029419,0.9626690946930281,0.9650346646998625,0.00025726315789473687,False
4,834,0.38123515248298645,0.6187648177146912,0.3825904130935669,0.962466759162909,0.9646684237430043,0.0002563157894736842,False
4,835,0.38120758533477783,0.6187924146652222,0.38315120339393616,0.9621415770609318,0.9643381175311199,0.00025536842105263163,False
4,836,0.3811812102794647,0.6188187599182129,0.3819435238838196,0.9619825991444098,0.9641379235308567,0.00025442105263157895,False
4,837,0.38115888833999634,0.6188411116600037,0.3888500928878784,0.9618669788414845,0.96400036249165,0.0002534736842105263,False
4,838,0.3811352550983429,0.6188647747039795,0.37736573815345764,0.9619681466065442,0.9640902185224963,0.0002525263157894737,False
4,839,0.38111308217048645,0.6188868880271912,0.38044700026512146,0.9622138397502602,0.9643269632477182,0.00025157894736842104,False
4,840,0.3810923993587494,0.6189075708389282,0.3787221908569336,0.9623077812463868,0.9644499281048847,0.0002506315789473685,False
4,841,0.38107070326805115,0.6189292669296265,0.3858809471130371,0.9623439125910509,0.9644101397023889,0.0002496842105263158,False
4,842,0.38104942440986633,0.6189505457878113,0.38138440251350403,0.9623728176667823,0.9643773776958963,0.0002487368421052632,False
4,843,0.38102999329566956,0.6189699769020081,0.3846942186355591,0.9624739854318419,0.9643949709799605,0.0002477894736842105,False
4,844,0.3810102939605713,0.6189897060394287,0.3833302855491638,0.962553474390103,0.9644185658686335,0.00024684210526315783,False
4,845,0.38098740577697754,0.6190126538276672,0.38482382893562317,0.962676320961961,0.9646824511535252,0.00024589473684210526,False
4,846,0.3809727728366852,0.6190272569656372,0.38414666056632996,0.9626690946930281,0.9648785211268375,0.0002449473684210526,False
4,847,0.38095685839653015,0.6190431714057922,0.3834321200847626,0.9625823794658341,0.9649877541071739,0.00024400000000000002,False
4,848,0.3809407949447632,0.6190592646598816,0.3874916732311249,0.9626907734998267,0.965167060079945,0.00024305263157894735,False
4,849,0.3809255063533783,0.6190745234489441,0.38195496797561646,0.9626474158862296,0.9651799656991795,0.00024210526315789478,False
4,850,0.38090991973876953,0.6190900802612305,0.3873186409473419,0.9626112845415654,0.9652125646592706,0.0002411578947368421,False
4,851,0.38089585304260254,0.6191040873527527,0.37844374775886536,0.9626835472308938,0.9652293425538435,0.00024021052631578943,False
4,852,0.38088011741638184,0.6191199421882629,0.3800680935382843,0.9627774887270205,0.9653127123928195,0.00023926315789473687,False
4,853,0.3808625042438507,0.6191374659538269,0.3802838921546936,0.96287865649208,0.9654064700262636,0.0002383157894736842,False
4,854,0.3808416426181793,0.6191583275794983,0.38183391094207764,0.9628425251474159,0.965236951100856,0.00023736842105263163,False
4,855,0.3808209002017975,0.6191791296005249,0.3758297562599182,0.962719678575558,0.9650654573035573,0.00023642105263157895,False
4,856,0.3808009922504425,0.6191989779472351,0.38134685158729553,0.9626690946930281,0.9651289753372011,0.00023547368421052638,False
4,857,0.38077977299690247,0.6192201972007751,0.38155096769332886,0.9625028905075731,0.9651388172606783,0.0002345263157894737,False
4,858,0.3807576298713684,0.6192423701286316,0.3916199505329132,0.9625607006590357,0.9653216655893545,0.00023357894736842104,False
4,859,0.3807361125946045,0.6192638874053955,0.37910693883895874,0.9624017227425136,0.9653171421290413,0.00023263157894736841,False
4,860,0.3807152807712555,0.6192847490310669,0.3814631700515747,0.9624884379697075,0.9655361261270333,0.00023168421052631574,False
4,861,0.38069289922714233,0.6193071007728577,0.3779289424419403,0.9624017227425136,0.9655368757901093,0.00023073684210526317,False
4,862,0.38067230582237244,0.61932772397995,0.38245102763175964,0.9626040582726327,0.9657121252229933,0.0002297894736842105,False
4,863,0.3806518316268921,0.6193481683731079,0.3819378614425659,0.9626185108104984,0.9656548517833543,0.00022884210526315793,False
4,864,0.38063427805900574,0.6193656921386719,0.3787521719932556,0.9623077812463868,0.9651413517197325,0.00022789473684210526,False
4,865,0.38061434030532837,0.6193856596946716,0.3858839273452759,0.96193201526188,0.964691197698642,0.00022694736842105258,False
4,866,0.3805961310863495,0.6194038987159729,0.3823689818382263,0.9617802636142906,0.9644728937507726,0.00022600000000000002,False
4,867,0.3805769085884094,0.6194230914115906,0.379619300365448,0.9616140594288358,0.9641349220850963,0.00022505263157894734,False
4,868,0.3805568516254425,0.6194431185722351,0.3782185912132263,0.961642964504567,0.9640562815246955,0.00022410526315789478,False
4,869,0.3805384337902069,0.6194615960121155,0.382406622171402,0.9616357382356342,0.9640351238684294,0.0002231578947368421,False
4,870,0.38052186369895935,0.619478166103363,0.3823792338371277,0.9617585848074921,0.9641907620713206,0.00022221052631578954,False
4,871,0.38050585985183716,0.6194941997528076,0.3779471814632416,0.9620404092958723,0.964560793378896,0.00022126315789473683,False
4,872,0.3804900050163269,0.6195099949836731,0.3824944496154785,0.9622138397502602,0.9648529405088817,0.00022031578947368416,False
4,873,0.3804740011692047,0.6195260286331177,0.3744487166404724,0.9624378540871777,0.965124825968537,0.0002193684210526316,False
4,874,0.3804560601711273,0.6195439696311951,0.38004815578460693,0.962676320961961,0.9654589082209506,0.00021842105263157892,False
4,875,0.3804398775100708,0.619560182094574,0.38462841510772705,0.9629581454503411,0.965882501248497,0.00021747368421052633,False
4,876,0.3804245591163635,0.6195754408836365,0.3815023601055145,0.9631749335183258,0.9661411090323069,0.00021652631578947365,False
4,877,0.38040900230407715,0.6195909976959229,0.3856399953365326,0.9632761012833854,0.9662694715648453,0.00021557894736842109,False
4,878,0.38039475679397583,0.6196052432060242,0.38328513503074646,0.9633339114348479,0.9664042646521244,0.0002146315789473684,False
4,879,0.38037946820259094,0.6196205019950867,0.3852526843547821,0.9631460284425946,0.9662738941203349,0.00021368421052631574,False
4,880,0.38036373257637024,0.6196362972259521,0.3766648471355438,0.9631749335183258,0.9663551849099862,0.00021273684210526317,False
4,881,0.38034915924072266,0.6196508407592773,0.38511237502098083,0.9631821597872586,0.9663545921341571,0.0002117894736842105,False
4,882,0.3803354501724243,0.6196645498275757,0.38285353779792786,0.9631243496357961,0.9663538634616011,0.00021084210526315793,False
4,883,0.38032180070877075,0.619678258895874,0.3829457759857178,0.9631749335183258,0.9664518854628281,0.00020989473684210526,False
4,884,0.38031014800071716,0.6196898818016052,0.3789740204811096,0.9633844953173777,0.9666726535418751,0.0002089473684210527,False
4,885,0.38029980659484863,0.6197001934051514,0.3873317539691925,0.9635145681581685,0.9667302390026457,0.00020800000000000001,False
4,886,0.38028663396835327,0.6197134256362915,0.3780880272388458,0.9636157359232281,0.9667110785147679,0.00020705263157894734,False
4,887,0.38027164340019226,0.6197283267974854,0.3768755793571472,0.9637458087640189,0.9668466306862622,0.00020610526315789475,True
4,888,0.38025960326194763,0.6197404265403748,0.38091152906417847,0.9637313562261534,0.9668254478955716,0.00020515789473684207,False
4,889,0.380250483751297,0.6197494864463806,0.385056734085083,0.9635868308474969,0.9666741015862301,0.0002042105263157895,False
4,890,0.38024070858955383,0.6197592616081238,0.3932597041130066,0.9635073418892357,0.9665800736404795,0.00020326315789473683,False
4,891,0.3802312910556793,0.6197687387466431,0.3773660659790039,0.9635434732338998,0.9665680782423113,0.00020231578947368424,False
4,892,0.38022181391716003,0.6197781562805176,0.3824036121368408,0.9635579257717656,0.9665826723663067,0.00020136842105263156,False
4,893,0.3802115023136139,0.6197885274887085,0.37976741790771484,0.9636807723436236,0.9665706752777056,0.0002004210526315789,False
4,894,0.38020050525665283,0.6197994947433472,0.37632447481155396,0.9637747138397503,0.9665864071396358,0.00019947368421052632,False
4,895,0.3801881968975067,0.6198118329048157,0.38126739859580994,0.9637891663776159,0.9665257013011006,0.00019852631578947365,False
4,896,0.38017433881759644,0.6198256611824036,0.37981340289115906,0.9635796045785641,0.9662847557351429,0.00019757894736842108,False
4,897,0.3801628351211548,0.6198371052742004,0.3821645677089691,0.9632182911319228,0.9659461460489178,0.0001966315789473684,False
4,898,0.3801494836807251,0.6198505163192749,0.3802866041660309,0.963131575904729,0.9658765099879195,0.00019568421052631584,False
4,899,0.38013318181037903,0.6198667883872986,0.3810322880744934,0.9631532547115274,0.9658077765737714,0.00019473684210526317,False
4,900,0.38011467456817627,0.6198853254318237,0.3781668543815613,0.9631893860561915,0.9659258814098757,0.0001937894736842105,False
4,901,0.38009825348854065,0.619901716709137,0.3821955919265747,0.9633050063591166,0.9661028281322058,0.00019284210526315793,False
4,902,0.38008227944374084,0.6199177503585815,0.3786656856536865,0.963297780090184,0.9661444655810576,0.00019189473684210525,False
4,903,0.3800628185272217,0.6199371814727783,0.3795607089996338,0.9632182911319228,0.966133871361286,0.00019094736842105266,False
4,904,0.38004207611083984,0.6199579238891602,0.37938305735588074,0.9631315759047289,0.9660586216428434,0.00018999999999999998,False
4,905,0.3800202012062073,0.6199797987937927,0.37449049949645996,0.9631532547115274,0.9661673352353928,0.0001890526315789474,False
4,906,0.3799991011619568,0.6200008392333984,0.37841796875,0.9632761012833853,0.9663554545027173,0.00018810526315789472,False
4,907,0.379978746175766,0.6200212240219116,0.38651251792907715,0.9633628165105793,0.9664622761525905,0.00018715789473684204,False
4,908,0.37995949387550354,0.6200405359268188,0.37633970379829407,0.9632182911319228,0.9664179489186181,0.00018621052631578947,False
4,909,0.37994104623794556,0.6200589537620544,0.37821775674819946,0.9630737657532662,0.9663658681759855,0.0001852631578947368,False
4,910,0.3799231946468353,0.6200767755508423,0.38434720039367676,0.9629003352988785,0.9662980165912978,0.00018431578947368423,False
4,911,0.37990522384643555,0.6200947761535645,0.3799112141132355,0.9628714302231473,0.9663491511521012,0.00018336842105263156,False
4,912,0.37989091873168945,0.6201090216636658,0.38167738914489746,0.9627269048444907,0.9661780711200316,0.000182421052631579,False
4,913,0.3798746168613434,0.6201253533363342,0.38083547353744507,0.9626618684240953,0.9660625756807263,0.00018147368421052632,False
4,914,0.3798583447933197,0.6201416850090027,0.3863368034362793,0.9626185108104984,0.9659072107597122,0.00018052631578947364,False
4,915,0.3798424303531647,0.6201575398445129,0.3777087926864624,0.9624161752803793,0.9656245113888068,0.00017957894736842108,False
4,916,0.37982645630836487,0.6201735138893127,0.3809983432292938,0.9622138397502602,0.9654049507360472,0.0001786315789473684,False
4,917,0.3798111379146576,0.62018883228302,0.3802766799926758,0.962177708405596,0.965340887292997,0.0001776842105263158,False
4,918,0.37979885935783386,0.6202011108398438,0.38300275802612305,0.962011504220141,0.9653418505237337,0.00017673684210526314,False
4,919,0.37978750467300415,0.6202124357223511,0.37839275598526,0.9618380737657533,0.9651832998018512,0.00017578947368421057,False
4,920,0.37977713346481323,0.6202228665351868,0.37955814599990845,0.9616718695802983,0.9649899365506762,0.0001748421052631579,False
4,921,0.3797670602798462,0.6202329397201538,0.37373116612434387,0.9615345704705747,0.9648398886620133,0.0001738947368421053,False
4,922,0.37975841760635376,0.6202415227890015,0.3807927668094635,0.9616285119667014,0.9649203286389109,0.00017294736842105263,False
4,923,0.37974846363067627,0.6202515363693237,0.3788842558860779,0.9616935483870968,0.9649682415336553,0.00017199999999999995,False
4,924,0.37973788380622864,0.620262086391449,0.3796742856502533,0.9618525263036191,0.9650974830523911,0.00017105263157894739,False
4,925,0.37972718477249146,0.6202728152275085,0.3800845146179199,0.9620115042201411,0.9652561084828432,0.0001701052631578947,False
4,926,0.3797174394130707,0.6202825307846069,0.377168208360672,0.9621849346745288,0.9654404236654954,0.00016915789473684215,False
4,927,0.37970614433288574,0.6202938556671143,0.3805999159812927,0.9624161752803793,0.9656756726286138,0.00016821052631578947,False
4,928,0.37969595193862915,0.6203041076660156,0.37806299328804016,0.9625679269279686,0.9658226715424199,0.0001672631578947369,False
4,929,0.3796868324279785,0.6203131675720215,0.37750479578971863,0.9626040582726327,0.9659100514073266,0.00016631578947368423,False
4,930,0.37967807054519653,0.6203218698501587,0.3788268566131592,0.9626185108104984,0.9659705502481579,0.00016536842105263156,False
4,931,0.37966683506965637,0.620333194732666,0.38699764013290405,0.9626546421551625,0.9660856906413225,0.000164421052631579,False
4,932,0.379655122756958,0.6203449368476868,0.3740079998970032,0.962466759162909,0.9659680616409149,0.00016347368421052631,False
4,933,0.3796440064907074,0.620356023311615,0.37854307889938354,0.9623655913978495,0.9658517530511024,0.00016252631578947372,False
4,934,0.37963438034057617,0.6203656196594238,0.3821380138397217,0.9621849346745288,0.9656806428764595,0.00016157894736842105,False
4,935,0.37962502241134644,0.6203749775886536,0.38306400179862976,0.9620909931784022,0.9656360903278801,0.00016063157894736848,False
4,936,0.3796151876449585,0.6203848123550415,0.3767588436603546,0.9619103364550815,0.9654251282370462,0.0001596842105263158,False
4,937,0.3796037435531616,0.6203963160514832,0.3797152042388916,0.9616574170424326,0.9652104021906238,0.00015873684210526313,False
4,938,0.37959063053131104,0.620409369468689,0.37389931082725525,0.9614984391259105,0.9650688956156805,0.00015778947368421054,False
4,939,0.3795771300792694,0.620422899723053,0.3828725516796112,0.9615417967395075,0.9650724829827242,0.00015684210526315786,False
4,940,0.3795658051967621,0.6204342246055603,0.3813609182834625,0.961563475546306,0.9651055205261683,0.0001558947368421053,False
4,941,0.3795561194419861,0.6204438805580139,0.3824682831764221,0.961722453462828,0.9652031786671008,0.00015494736842105262,False
4,942,0.3795463740825653,0.6204536557197571,0.38105475902557373,0.9620115042201413,0.9654409288956183,0.00015400000000000006,False
4,943,0.3795384466648102,0.6204615831375122,0.37728968262672424,0.9621849346745289,0.9655580555342944,0.00015305263157894738,False
4,944,0.3795296847820282,0.6204703450202942,0.3723784387111664,0.9623294600531853,0.9656085048866468,0.0001521052631578947,False
4,945,0.37952038645744324,0.6204796433448792,0.3711863160133362,0.9625751531969012,0.9657836184560834,0.00015115789473684214,False
4,946,0.3795100450515747,0.6204899549484253,0.37598150968551636,0.9625679269279687,0.9656977421217542,0.00015021052631578947,False
4,947,0.3794960677623749,0.6205039620399475,0.3786267042160034,0.962553474390103,0.9656649355805054,0.00014926315789473687,False
4,948,0.3794826865196228,0.6205172538757324,0.37947946786880493,0.9625173430454388,0.9655788884856694,0.0001483157894736842,False
4,949,0.3794703781604767,0.6205296516418457,0.3806883990764618,0.9625462481211701,0.9656388682990983,0.00014736842105263163,False
4,950,0.3794601857662201,0.6205398440361023,0.38443928956985474,0.9624956642386404,0.9655178506842148,0.00014642105263157896,False
4,951,0.379451185464859,0.6205487847328186,0.3725205659866333,0.9625245693143717,0.9654201513809362,0.00014547368421052628,False
4,952,0.3794425129890442,0.6205574870109558,0.38006770610809326,0.9625679269279686,0.9654513827875871,0.0001445263157894737,False
4,953,0.3794340193271637,0.6205660104751587,0.37990602850914,0.9625245693143716,0.965294325443874,0.00014357894736842102,False
4,954,0.37942516803741455,0.6205748319625854,0.380482941865921,0.9624956642386402,0.9651813484806595,0.00014263157894736845,False
4,955,0.3794149160385132,0.6205851435661316,0.3834019899368286,0.9625317955833045,0.9651352966349964,0.00014168421052631578,False
4,956,0.37940463423728943,0.620595395565033,0.37843945622444153,0.962466759162909,0.9649466338751796,0.0001407368421052632,False
4,957,0.3793933391571045,0.6206066608428955,0.37526050209999084,0.9625173430454388,0.9648648629045502,0.00013978947368421053,False
4,958,0.37938371300697327,0.6206162571907043,0.3787136673927307,0.9625679269279686,0.9648380920822728,0.00013884210526315786,False
4,959,0.3793739676475525,0.6206260919570923,0.3765427768230438,0.9626618684240954,0.9649245267658808,0.0001378947368421053,False
4,960,0.37936392426490784,0.6206361055374146,0.37663453817367554,0.9628352988784831,0.9650976335186155,0.00013694736842105262,False
4,961,0.37935394048690796,0.6206461191177368,0.3729790151119232,0.9627919412648862,0.9650326354288226,0.00013600000000000003,False
4,962,0.37934359908103943,0.6206563711166382,0.37128961086273193,0.9628425251474159,0.9650612774220356,0.00013505263157894735,False
4,963,0.37933287024497986,0.6206671595573425,0.3742679953575134,0.9628136200716846,0.9649933850887835,0.00013410526315789479,False
4,964,0.3793225586414337,0.6206774115562439,0.37616804242134094,0.962799167533819,0.9649771533302935,0.0001331578947368421,False
4,965,0.3793114125728607,0.6206886172294617,0.3748893737792969,0.9628136200716846,0.9650211425366882,0.00013221052631578944,False
4,966,0.37930014729499817,0.6206998229026794,0.3805542588233948,0.9628714302231471,0.9652219817145936,0.00013126315789473687,False
4,967,0.37929147481918335,0.6207085847854614,0.37953320145606995,0.9628714302231471,0.9652870852520891,0.0001303157894736842,False
4,968,0.37928149104118347,0.6207185387611389,0.3793695569038391,0.9627702624580876,0.9652965358804231,0.0001293684210526316,False
4,969,0.37927165627479553,0.6207283735275269,0.3753613531589508,0.9627774887270204,0.9653595662083381,0.00012842105263157893,False
4,970,0.3792610764503479,0.6207389831542969,0.37768468260765076,0.9627413573823564,0.9654401453153401,0.00012747368421052636,False
4,971,0.379251629114151,0.6207484006881714,0.3715601861476898,0.9625968320036998,0.9653430915262902,0.0001265263157894737,False
4,972,0.37924277782440186,0.6207572221755981,0.3817439377307892,0.9626618684240953,0.9654700640132525,0.000125578947368421,False
4,973,0.37923407554626465,0.6207658648490906,0.3769320845603943,0.9625607006590357,0.9654445704370527,0.00012463157894736845,False
4,974,0.3792257606983185,0.6207742691040039,0.37994033098220825,0.9625173430454387,0.9653844305954143,0.00012368421052631577,False
4,975,0.3792174458503723,0.6207824945449829,0.37824347615242004,0.9626474158862296,0.9654850141980084,0.0001227368421052632,False
4,976,0.3792092800140381,0.6207907199859619,0.37699195742607117,0.9626618684240952,0.9654607816189896,0.00012178947368421052,False
4,977,0.3791999816894531,0.6208000183105469,0.37568140029907227,0.9625896057347669,0.9653515291766954,0.00012084210526315794,False
4,978,0.37918978929519653,0.6208102703094482,0.378206729888916,0.9626979997687592,0.9654916539202465,0.00011989473684210526,False
4,979,0.3791792392730713,0.6208207607269287,0.3736417889595032,0.9627052260376923,0.9655546167201285,0.00011894736842105259,False
4,980,0.379168838262558,0.6208311915397644,0.3802497088909149,0.9626763209619609,0.9655280989013375,0.00011800000000000002,False
4,981,0.3791598379611969,0.6208401918411255,0.37630143761634827,0.9625968320036998,0.9654591198015156,0.00011705263157894735,False
4,982,0.3791502118110657,0.6208497881889343,0.3727848529815674,0.9625751531969013,0.965478568033452,0.00011610526315789477,False
4,983,0.3791409134864807,0.6208590269088745,0.3755969703197479,0.9625317955833044,0.9653868957034899,0.0001151578947368421,False
4,984,0.3791298568248749,0.6208701729774475,0.37890443205833435,0.962387270204648,0.9652046025305752,0.00011421052631578953,False
4,985,0.3791183829307556,0.6208816170692444,0.37978124618530273,0.9623366863221182,0.9650841778215037,0.00011326315789473685,False
4,986,0.3791070878505707,0.6208929419517517,0.3831910490989685,0.9621704821366631,0.9647998843646909,0.00011231578947368418,False
4,987,0.37909573316574097,0.620904266834259,0.38072413206100464,0.962098219447335,0.964631763833068,0.0001113684210526316,False
4,988,0.3790838122367859,0.6209161877632141,0.3770887553691864,0.9620909931784021,0.9645643930275389,0.00011042105263157892,False
4,989,0.3790724575519562,0.6209275126457214,0.37291184067726135,0.9620693143716036,0.9644692485328166,0.00010947368421052634,False
4,990,0.3790610432624817,0.6209389567375183,0.38221877813339233,0.9621415770609318,0.9645287805139034,0.00010852631578947367,False
4,991,0.379049152135849,0.6209508776664734,0.3762776851654053,0.9622427448259914,0.9646162954077128,0.0001075789473684211,False
4,992,0.37903621792793274,0.6209638118743896,0.37577304244041443,0.9622933287085211,0.9647080824782165,0.00010663157894736843,False
4,993,0.3790241479873657,0.6209758520126343,0.3775021731853485,0.9624161752803793,0.9648176004893736,0.00010568421052631575,False
4,994,0.37901148200035095,0.6209885478019714,0.3814856708049774,0.9625462481211702,0.964964556794801,0.00010473684210526317,False
4,995,0.3789995014667511,0.6210005283355713,0.38044166564941406,0.962553474390103,0.9649976126879073,0.0001037894736842105,False
4,996,0.37898898124694824,0.6210110187530518,0.3720210790634155,0.9625968320036998,0.9650755470009629,0.00010284210526315793,False
4,997,0.3789789378643036,0.621021032333374,0.3765747547149658,0.9626835472308937,0.9652324376855757,0.00010189473684210526,False
4,998,0.3789692521095276,0.6210307478904724,0.3731509745121002,0.9627052260376923,0.9652570515319117,0.00010094736842105268,False
4,999,0.37895989418029785,0.6210401654243469,0.3746525049209595,0.9628280726095502,0.965410613234773,0.0001,False
4,1000,0.37895068526268005,0.6210492849349976,0.373971164226532,0.962965371719274,0.9655571624575415,0.0001,False
5,1,0.5000100135803223,0.4999900162220001,1.8923730850219727,0.5340726951246684,0.5233954118571993,4e-05,False
5,2,0.5000291466712952,0.4999708831310272,1.885488748550415,0.5766950096672872,0.5579118841751536,6e-05,False
5,3,0.50005704164505,0.49994295835494995,1.8584058284759521,0.633041996995594,0.6026223573967944,8e-05,False
5,4,0.5000937581062317,0.4999062120914459,1.8176488876342773,0.6778744905806842,0.6461629256790957,0.0001,False
5,5,0.5001412034034729,0.4998587965965271,1.7791458368301392,0.7007597265846803,0.6849135042681048,0.00012,False
5,6,0.5001944303512573,0.4998055696487427,1.7373507022857666,0.7133307937238103,0.7140443000628885,0.00014000000000000001,False
5,7,0.5002542734146118,0.4997457265853882,1.7060641050338745,0.7197852352852389,0.7277386261054218,0.00016,False
5,8,0.5002939105033875,0.49970605969429016,1.6810929775238037,0.7230124560659531,0.733733590553745,0.00017999999999999998,False
5,9,0.5002909302711487,0.49970903992652893,1.65249764919281,0.725700608787528,0.7359316128230821,0.0002,False
5,10,0.5002546310424805,0.4997453987598419,1.6302839517593384,0.7279934449324009,0.737228064523544,0.00022,False
5,11,0.5001932978630066,0.49980664253234863,1.6062755584716797,0.7307103479504631,0.7393731367481662,0.00024,False
5,12,0.5001106858253479,0.4998893141746521,1.5829998254776,0.7347066391622163,0.7428954486781985,0.00026000000000000003,False
5,13,0.5000085234642029,0.4999915063381195,1.5626366138458252,0.7396013771392018,0.7472397477379991,0.00028000000000000003,False
5,14,0.49988824129104614,0.5001117587089539,1.5469977855682373,0.746027068404143,0.7526512830041986,0.0003,False
5,15,0.499751478433609,0.5002485513687134,1.5206866264343262,0.7539980881052837,0.7594599029978852,0.00032,False
5,16,0.49959874153137207,0.5004012584686279,1.5004806518554688,0.7626303646256352,0.7663009609802153,0.00034,False
5,17,0.4994334280490875,0.5005665421485901,1.485305905342102,0.7727432814150895,0.7747507687819618,0.00035999999999999997,False
5,18,0.4992550015449524,0.5007450580596924,1.4620366096496582,0.7834599544307801,0.7839659738158237,0.00038,False
5,19,0.49906012415885925,0.5009399056434631,1.4386788606643677,0.7935728712202345,0.792861156203546,0.0004,False
5,20,0.49884817004203796,0.5011518001556396,1.4196457862854004,0.8029957808939905,0.7999930379455387,0.00042,False
5,21,0.4986194670200348,0.5013805627822876,1.4013097286224365,0.8110171136139841,0.8054975223953749,0.00044,False
5,22,0.49837443232536316,0.5016255378723145,1.378847599029541,0.8183843770888888,0.8108606867203774,0.00046,False
5,23,0.49811235070228577,0.5018876791000366,1.3573342561721802,0.8240769357934005,0.8155839415383511,0.00048,False
5,24,0.4978342056274414,0.5021658539772034,1.332809567451477,0.8292735518835038,0.8186428678747698,0.0005,False
5,25,0.4975397288799286,0.5024603009223938,1.3075090646743774,0.8352967389976209,0.8237887801416283,0.0005200000000000001,False
5,26,0.4972272515296936,0.5027728080749512,1.286571979522705,0.841973995356827,0.8284205285552284,0.00054,False
5,27,0.4968971312046051,0.5031028389930725,1.256060004234314,0.8497365754084338,0.8343659031158976,0.0005600000000000001,False
5,28,0.4965488612651825,0.5034511089324951,1.2351443767547607,0.8579591602038397,0.8407525280276635,0.00058,False
5,29,0.49618223309516907,0.5038177371025085,1.2125499248504639,0.8669220651337967,0.8484464488552221,0.0006,False
5,30,0.4957970082759857,0.5042029619216919,1.188735842704773,0.8766252901983052,0.8567737557533772,0.00062,False
5,31,0.4953930377960205,0.5046069622039795,1.1686813831329346,0.8839566158026004,0.8627775802676778,0.00064,False
5,32,0.4949701428413391,0.5050298571586609,1.14714777469635,0.8901666798438859,0.8689283831830512,0.00066,False
5,33,0.4945281445980072,0.5054718852043152,1.1222920417785645,0.8970380007043822,0.8756968107017186,0.00068,False
5,34,0.49406760931015015,0.5059323906898499,1.1042490005493164,0.9021986789238763,0.8811053478336848,0.0007,False
5,35,0.49358782172203064,0.506412148475647,1.0819717645645142,0.9069137275478154,0.8852610925079136,0.0007199999999999999,False
5,36,0.4930892586708069,0.5069107413291931,1.0649487972259521,0.9107950175736188,0.8896210646995071,0.00074,False
5,37,0.4925726652145386,0.5074273347854614,1.0449597835540771,0.9130231655513947,0.8926441583468993,0.00076,False
5,38,0.4920395016670227,0.5079604983329773,1.0273371934890747,0.9152081880844396,0.8954298375175495,0.0007800000000000001,False
5,39,0.49149101972579956,0.5085089802742004,1.0136933326721191,0.9187947875712468,0.8997573957856027,0.0008,False
5,40,0.49092787504196167,0.5090721249580383,0.9905281662940979,0.9205773059534677,0.9019110251891201,0.00082,False
5,41,0.4903491139411926,0.5096508860588074,0.9788259267807007,0.9224820130957602,0.9042186948541097,0.00084,False
5,42,0.48975616693496704,0.510243833065033,0.9674062728881836,0.9242501563297373,0.9075051382670604,0.00086,False
5,43,0.48915156722068787,0.5108484625816345,0.9447188377380371,0.9258601729330335,0.9106658011744768,0.00088,False
5,44,0.488534152507782,0.511465847492218,0.9322899580001831,0.9285986386734613,0.9150787798605139,0.0009000000000000001,False
5,45,0.4879019558429718,0.5120980143547058,0.9205061793327332,0.9323361772168275,0.921049268007764,0.00092,False
5,46,0.4872575104236603,0.5127425193786621,0.9002023935317993,0.9354915222563233,0.9264184907369155,0.00094,False
5,47,0.48660388588905334,0.5133960843086243,0.8964277505874634,0.9377484205305867,0.9303949371218578,0.00096,False
5,48,0.48593831062316895,0.514061689376831,0.8833197951316833,0.9396531276728791,0.9343816410999244,0.00098,False
5,49,0.4852602481842041,0.5147396922111511,0.871984601020813,0.94193877624363,0.9384466586046843,0.001,False
5,50,0.48457029461860657,0.515429675579071,0.8643825650215149,0.9447347425770327,0.9424801029211313,0.0009990526315789474,False
5,51,0.4838806986808777,0.5161193013191223,0.8503284454345703,0.9446556792616924,0.9421576037646454,0.0009981052631578948,False
5,52,0.48319971561431885,0.5168002843856812,0.8449332118034363,0.9448353686147388,0.9422818096803197,0.000997157894736842,False
5,53,0.482521653175354,0.517478346824646,0.8355799913406372,0.9481775905814029,0.9451567970219792,0.0009962105263157895,False
5,54,0.4818514585494995,0.5181486010551453,0.826262354850769,0.9501182355943045,0.9471994042852933,0.0009952631578947367,False
5,55,0.4811878502368927,0.5188121795654297,0.8138012886047363,0.9508513681547339,0.9472554652045673,0.0009943157894736843,False
5,56,0.480538547039032,0.5194615125656128,0.810845136642456,0.9502332367802543,0.9460501395544064,0.0009933684210526315,False
5,57,0.4799014627933502,0.5200985670089722,0.7979627847671509,0.951210746860827,0.9465554236307021,0.0009924210526315788,False
5,58,0.47927385568618774,0.5207261443138123,0.7887359857559204,0.9539707753236205,0.9496980439974365,0.0009914736842105262,False
5,59,0.4786587953567505,0.5213412642478943,0.7848536968231201,0.9549842232748025,0.9505940832201437,0.0009905263157894736,False
5,60,0.4780469834804535,0.5219529867172241,0.7740424871444702,0.9555304789080636,0.9518004086854813,0.000989578947368421,False
5,61,0.4774476885795593,0.5225523114204407,0.7736749053001404,0.9558970451882784,0.9530936221740773,0.0009886315789473684,False
5,62,0.4768597483634949,0.5231403112411499,0.7688056230545044,0.9562204860237621,0.9534576069688266,0.0009876842105263157,False
5,63,0.4762772023677826,0.523722767829895,0.7552385926246643,0.9562779866167369,0.9529867840934275,0.0009867368421052631,False
5,64,0.47570109367370605,0.5242989659309387,0.7563821077346802,0.9555951670751605,0.9525399031643966,0.0009857894736842105,False
5,65,0.47512856125831604,0.5248714089393616,0.7457330226898193,0.9548045339217561,0.95193212520655,0.0009848421052631579,False
5,66,0.47456085681915283,0.5254391431808472,0.7427340745925903,0.9554801658892106,0.9536318774851107,0.0009838947368421053,False
5,67,0.4739990234375,0.5260009765625,0.7371842861175537,0.9566229901745862,0.9551879008513937,0.0009829473684210526,False
5,68,0.4734472632408142,0.526552677154541,0.7390016913414001,0.9576651884222556,0.9555110836137705,0.000982,False
5,69,0.4729011356830597,0.5270988941192627,0.7353875041007996,0.9569679937324354,0.9536898197137158,0.0009810526315789474,False
5,70,0.4723592698574066,0.527640700340271,0.7299690842628479,0.9572123712525786,0.9534642390043362,0.0009801052631578948,False
5,71,0.47182631492614746,0.5281736850738525,0.7251996994018555,0.9582761322226135,0.9564045378297379,0.000979157894736842,False
5,72,0.4713050425052643,0.5286949872970581,0.721103847026825,0.9596345837316448,0.958140406546917,0.0009782105263157895,False
5,73,0.47079265117645264,0.5292073488235474,0.7097343802452087,0.9597639600658383,0.9584714748924399,0.0009772631578947367,False
5,74,0.47028663754463196,0.5297133326530457,0.7060109376907349,0.9586283233545846,0.9566819798599452,0.0009763157894736843,False
5,75,0.46978944540023804,0.5302104949951172,0.7098625302314758,0.9598502109553004,0.9588148215490343,0.0009753684210526316,False
5,76,0.4692992568016052,0.5307007431983948,0.7030491828918457,0.9611152240007473,0.9615181394937553,0.000974421052631579,False
5,77,0.4688129425048828,0.5311870574951172,0.7036375999450684,0.9604108417368055,0.960960408539346,0.0009734736842105263,False
5,78,0.4683308005332947,0.5316692590713501,0.6966162323951721,0.960683969553436,0.9602408627476607,0.0009725263157894737,False
5,79,0.4678535461425781,0.5321464538574219,0.6879375576972961,0.9598789612517878,0.9576880787955291,0.0009715789473684211,False
5,80,0.4673879146575928,0.532612144947052,0.6939758062362671,0.9599077115482754,0.9576897553885686,0.0009706315789473685,False
5,81,0.46692246198654175,0.5330775380134583,0.68529212474823,0.9606120938122173,0.9580394087531074,0.0009696842105263158,False
5,82,0.4664557874202728,0.5335441827774048,0.6830808520317078,0.9594692695268421,0.9574104146667916,0.0009687368421052631,False
5,83,0.46599212288856506,0.5340079069137573,0.6818196177482605,0.9591745789878457,0.9571117526229119,0.0009677894736842106,False
5,84,0.46553221344947815,0.5344677567481995,0.670639157295227,0.9598070855105693,0.9564444353976487,0.0009668421052631579,False
5,85,0.4650762677192688,0.5349237322807312,0.6630207300186157,0.9604180293109273,0.956248537539525,0.0009658947368421053,False
5,86,0.46462011337280273,0.5353798866271973,0.670573353767395,0.9599292742706409,0.9557586886584528,0.0009649473684210526,False
5,87,0.46416211128234863,0.5358379483222961,0.6612460613250732,0.9601592766425404,0.957048480018823,0.000964,False
5,88,0.46371033787727356,0.5362896919250488,0.660321056842804,0.9593614559150142,0.9568325439043173,0.0009630526315789474,False
5,89,0.46327024698257446,0.5367297530174255,0.6640934944152832,0.9601017760495655,0.9577594266663104,0.0009621052631578948,False
5,90,0.4628361463546753,0.5371638536453247,0.6590267419815063,0.960942722221823,0.9577373964480953,0.0009611578947368422,False
5,91,0.4624052047729492,0.5375947952270508,0.6570971608161926,0.9614602275585967,0.9573999239747598,0.0009602105263157895,False
5,92,0.4619755446910858,0.5380244255065918,0.6533719301223755,0.9619274198765174,0.9576057263480827,0.0009592631578947368,False
5,93,0.4615635275840759,0.5384364724159241,0.6567112803459167,0.9619130447282737,0.9575797601981614,0.0009583157894736843,False
5,94,0.4611579477787018,0.5388420820236206,0.6485178470611572,0.9620855465071984,0.9598109509209045,0.0009573684210526316,False
5,95,0.46075722575187683,0.5392428040504456,0.6364817023277283,0.9619633577471267,0.9607611466182668,0.0009564210526315789,False
5,96,0.4603549540042877,0.5396450161933899,0.6412602663040161,0.9621430471001733,0.9620930538791503,0.0009554736842105263,False
5,97,0.4599533975124359,0.5400465726852417,0.6427409052848816,0.9629552429759433,0.9626790370553615,0.0009545263157894737,False
5,98,0.4595594108104706,0.540440559387207,0.6385348439216614,0.9636524376657635,0.9623713945803275,0.0009535789473684211,False
5,99,0.459166020154953,0.5408339500427246,0.6353496313095093,0.9643065069108524,0.9629457911999711,0.0009526315789473685,False
5,100,0.45877015590667725,0.5412298440933228,0.626662015914917,0.9645365092827519,0.9626451402937453,0.0009516842105263158,False
5,101,0.45837274193763733,0.5416272282600403,0.6319015026092529,0.9645796347274831,0.9618535115482939,0.0009507368421052631,False
5,102,0.45798152685165405,0.542018473148346,0.6278327107429504,0.9644574459674115,0.9608765989076157,0.0009497894736842106,False
5,103,0.4575932025909424,0.5424067974090576,0.6264541745185852,0.9643496323555837,0.9604744883244555,0.0009488421052631579,False
5,104,0.4572094976902008,0.5427905321121216,0.6212784647941589,0.9629336802535776,0.9587468838539026,0.0009478947368421054,False
5,105,0.45682719349861145,0.5431727766990662,0.6262836456298828,0.9622724234343667,0.958264136742546,0.0009469473684210526,False
5,106,0.45645344257354736,0.5435466170310974,0.6151334047317505,0.9619849204694924,0.9586708428997356,0.000946,False
5,107,0.4560813009738922,0.5439187288284302,0.6128362417221069,0.9620855465071982,0.9594935459093811,0.0009450526315789474,False
5,108,0.4557068943977356,0.5442931056022644,0.6080372929573059,0.9628330542158716,0.961850236705645,0.0009441052631578948,False
5,109,0.45533740520477295,0.544662594795227,0.6114897727966309,0.9633433719785236,0.9628932648427173,0.0009431578947368421,False
5,110,0.4549697935581207,0.5450302362442017,0.6195162534713745,0.9640118163718564,0.9641924605068778,0.0009422105263157895,False
5,111,0.45461636781692505,0.545383632183075,0.6145691871643066,0.9642418187437559,0.9651259553565814,0.0009412631578947369,False
5,112,0.4542674124240875,0.5457325577735901,0.5999027490615845,0.9648527625441138,0.9656450685056197,0.0009403157894736842,False
5,113,0.453917533159256,0.5460824370384216,0.6035774350166321,0.9650468270454039,0.9653387091396156,0.0009393684210526317,False
5,114,0.45356273651123047,0.5464372634887695,0.6000038385391235,0.965348705158522,0.9646820160592086,0.0009384210526315789,False
5,115,0.45320919156074524,0.5467908382415771,0.5933258533477783,0.9654780814927154,0.9644962962145397,0.0009374736842105263,False
5,116,0.4528508484363556,0.5471491813659668,0.6050524711608887,0.9657368341611022,0.965139966207093,0.0009365263157894737,False
5,117,0.4524907171726227,0.5475092530250549,0.6004385948181152,0.965348705158522,0.9643938541526846,0.0009355789473684211,False
5,118,0.4521358609199524,0.5478640794754028,0.5966919660568237,0.9648815128406011,0.9630332840252152,0.0009346315789473685,False
5,119,0.45178529620170593,0.5482146739959717,0.59625244140625,0.9645149465603863,0.9625185994608761,0.0009336842105263158,False
5,120,0.4514463245868683,0.5485537052154541,0.59446781873703,0.9635877494986668,0.9622911987388093,0.0009327368421052631,False
5,121,0.4511062204837799,0.5488937497138977,0.5950869917869568,0.9621861725449042,0.9619344628198702,0.0009317894736842106,False
5,122,0.4507686495780945,0.5492313504219055,0.5898948311805725,0.9622580482861228,0.9630846474707642,0.0009308421052631579,False
5,123,0.4504362940788269,0.5495636463165283,0.585426926612854,0.9636164997951541,0.9629963099683898,0.0009298947368421054,False
5,124,0.45011162757873535,0.5498883724212646,0.5844056606292725,0.9643496323555837,0.9623444874873531,0.0009289473684210526,False
5,125,0.4497828483581543,0.5502170920372009,0.592427134513855,0.9648024495252607,0.9613464412488697,0.000928,False
5,126,0.44946402311325073,0.5505359768867493,0.5878037214279175,0.9652552666949377,0.9629702610926565,0.0009270526315789474,False
5,127,0.4491511583328247,0.5508488416671753,0.5859167575836182,0.9648599501182356,0.9624168862419331,0.0009261052631578948,False
5,128,0.44883859157562256,0.5511614084243774,0.579477846622467,0.9641699430025372,0.9633530363869435,0.0009251578947368421,False
5,129,0.4485282599925995,0.5514717102050781,0.5805972218513489,0.9634871234609607,0.9635625670371908,0.0009242105263157894,False
5,130,0.44821614027023315,0.5517838597297668,0.57440185546875,0.9631996204960863,0.9644169303384383,0.0009232631578947369,False
5,131,0.447906494140625,0.552093505859375,0.5740985870361328,0.9639040027600285,0.9654046958994873,0.0009223157894736842,False
5,132,0.4475949704647064,0.552405059337616,0.5787863731384277,0.9650683897677694,0.9667856693320896,0.0009213684210526317,False
5,133,0.44728562235832214,0.5527143478393555,0.5702729225158691,0.9659955868294893,0.9675853212994603,0.0009204210526315789,False
5,134,0.44698628783226013,0.5530137419700623,0.5723680853843689,0.9657799596058334,0.9668872165569001,0.0009194736842105263,False
5,135,0.4466886520385742,0.5533113479614258,0.570492684841156,0.9650468270454039,0.9658274940648007,0.0009185263157894737,False
5,136,0.44639045000076294,0.5536094903945923,0.5673776865005493,0.9646730731910672,0.965553180659279,0.0009175789473684211,False
5,137,0.44608813524246216,0.5539118051528931,0.5640825033187866,0.9643855702261929,0.9664933749762354,0.0009166315789473685,False
5,138,0.445780873298645,0.5542191863059998,0.565726637840271,0.9638393145929317,0.9663156141048354,0.0009156842105263158,False
5,139,0.44547298550605774,0.5545270442962646,0.5714883804321289,0.9633361844044016,0.9658672633951234,0.0009147368421052632,False
5,140,0.4451647400856018,0.5548352003097534,0.5646166801452637,0.9634368104421077,0.9658501620697143,0.0009137894736842106,False
5,141,0.4448532164096832,0.5551468133926392,0.5623570084571838,0.9631061820325022,0.9654534005934823,0.000912842105263158,False
5,142,0.4445338547229767,0.5554661154747009,0.5700942277908325,0.9633864974232548,0.9657587665096855,0.0009118947368421052,False
5,143,0.44422218203544617,0.5557777881622314,0.5570027828216553,0.9633289968302797,0.9651539894775493,0.0009109473684210526,False
5,144,0.44391441345214844,0.5560855865478516,0.5524058938026428,0.9630846193101366,0.964866109940739,0.00091,False
5,145,0.44360753893852234,0.5563924908638,0.5582089424133301,0.9637386885552258,0.9657851564907239,0.0009090526315789474,False
5,146,0.4432997703552246,0.5567002892494202,0.5536267757415771,0.9642705690402432,0.9667168337201837,0.0009081052631578948,False
5,147,0.4429926574230194,0.5570073127746582,0.5513729453086853,0.9645077589862646,0.9671342206384372,0.0009071578947368421,False
5,148,0.44269055128097534,0.5573094487190247,0.5658922791481018,0.9643640075038273,0.967026269687818,0.0009062105263157894,False
5,149,0.4423855245113373,0.5576144456863403,0.5551066994667053,0.964284944188487,0.9667438042275908,0.0009052631578947369,False
5,150,0.4420928359031677,0.5579071640968323,0.5501496195793152,0.9641699430025371,0.966652550080273,0.0009043157894736842,False
5,151,0.44180259108543396,0.5581974387168884,0.5532974600791931,0.9647665116546515,0.967250511967727,0.0009033684210526317,False
5,152,0.4415178596973419,0.5584821701049805,0.5513270497322083,0.9655858951045432,0.9680707430495414,0.0009024210526315789,False
5,153,0.4412401020526886,0.558759868144989,0.5562489628791809,0.9655571448080558,0.9680084643034442,0.0009014736842105264,False
5,154,0.44096896052360535,0.559031069278717,0.5466617941856384,0.9658590229211739,0.968921130985066,0.0009005263157894737,False
5,155,0.44070687890052795,0.5592930912971497,0.5453540086746216,0.9652408915466941,0.9687157692363064,0.0008995789473684212,False
5,156,0.44044479727745056,0.5595552325248718,0.5497446656227112,0.964076504538953,0.9678529791795896,0.0008986315789473684,False
5,157,0.440187931060791,0.559812068939209,0.5434772968292236,0.9630702441618929,0.9669002476908163,0.0008976842105263158,False
5,158,0.43993306159973145,0.5600669384002686,0.5413818359375,0.9627324281781655,0.9666357437309427,0.0008967368421052632,False
5,159,0.4396800100803375,0.5603200197219849,0.5423739552497864,0.9625814891216066,0.9667025482244717,0.0008957894736842105,False
5,160,0.43942970037460327,0.5605702996253967,0.5351092219352722,0.9628330542158716,0.9667837927441166,0.000894842105263158,False
5,161,0.4391774535179138,0.560822606086731,0.537559449672699,0.9624377376391694,0.9656643711760848,0.0008938947368421052,False
5,162,0.4389243423938751,0.5610756874084473,0.5389909744262695,0.963573374350423,0.9662511395317381,0.0008929473684210526,False
5,163,0.4386705756187439,0.5613294243812561,0.5382378101348877,0.9648168246735046,0.9675691892571042,0.000892,False
5,164,0.43841642141342163,0.5615835785865784,0.5417277216911316,0.9651330779348661,0.9684835123104254,0.0008910526315789474,False
5,165,0.43816277384757996,0.5618371963500977,0.537246584892273,0.9650827649160132,0.968640795317919,0.0008901052631578948,False
5,166,0.43791019916534424,0.5620898008346558,0.5368723273277283,0.9654780814927154,0.9682871621257249,0.0008891578947368421,False
5,167,0.43766334652900696,0.5623366236686707,0.546393632888794,0.9650324518971601,0.9670340465406145,0.0008882105263157895,False
5,168,0.4374098479747772,0.5625901818275452,0.5337900519371033,0.9649677637300634,0.9665270372035112,0.0008872631578947369,False
5,169,0.4371586740016937,0.5628412961959839,0.5344914793968201,0.9651546406572318,0.9663963731337967,0.0008863157894736843,False
5,170,0.43690696358680725,0.5630930662155151,0.5364304184913635,0.9651690158054754,0.9666952758864732,0.0008853684210526317,False
5,171,0.4366516172885895,0.5633484125137329,0.5261967182159424,0.9651833909537193,0.9669027307480931,0.0008844210526315789,False
5,172,0.43640267848968506,0.5635972619056702,0.5308470129966736,0.9654277684738624,0.9671364064624494,0.0008834736842105263,False
5,173,0.43618133664131165,0.5638186931610107,0.5472590923309326,0.965894960791783,0.9681863037666396,0.0008825263157894737,False
5,174,0.43595632910728455,0.5640436410903931,0.5269242525100708,0.9659308986623925,0.968407880662591,0.0008815789473684211,False
5,175,0.43573465943336487,0.5642653703689575,0.5304419994354248,0.9662327767755106,0.9687029543157079,0.0008806315789473684,False
5,176,0.4355143904685974,0.5644856095314026,0.5255026817321777,0.9664843418697755,0.9689157435401887,0.0008796842105263157,False
5,177,0.4353010058403015,0.5646989941596985,0.5254432559013367,0.966865283298234,0.9695142433348785,0.0008787368421052632,False
5,178,0.4350903332233429,0.5649096369743347,0.5256228446960449,0.9668365330017465,0.9697278413984542,0.0008777894736842106,False
5,179,0.4348814785480499,0.5651184916496277,0.5320548415184021,0.9667718448346498,0.9699823633305673,0.000876842105263158,False
5,180,0.434678316116333,0.565321683883667,0.5330767631530762,0.9664052785544351,0.9694776477549581,0.0008758947368421052,False
5,181,0.4344728887081146,0.565527081489563,0.5256603956222534,0.9654133933256188,0.9682051206754223,0.0008749473684210527,False
5,182,0.434262752532959,0.565737247467041,0.5235706567764282,0.9649893264524292,0.9674598972351078,0.000874,False
5,183,0.4340561628341675,0.5659438967704773,0.5221416354179382,0.9645796347274831,0.9669380066530899,0.0008730526315789475,False
5,184,0.43384769558906555,0.5661523342132568,0.5153584480285645,0.9641771305766591,0.9664497805912569,0.0008721052631578948,False
5,185,0.43364396691322327,0.5663560628890991,0.5220574736595154,0.964486196263899,0.9663483389467831,0.0008711578947368421,False
5,186,0.43343082070350647,0.5665692090988159,0.5274972319602966,0.9659668365330016,0.9677365298189309,0.0008702105263157895,False
5,187,0.4332224130630493,0.5667775273323059,0.5222613215446472,0.9663980909803133,0.9683870449822495,0.0008692631578947369,False
5,188,0.4330105483531952,0.5669894814491272,0.5229711532592773,0.9665202797403848,0.9685703192671901,0.0008683157894736843,False
5,189,0.4327971041202545,0.5672028660774231,0.5175986289978027,0.9668293454276247,0.9690167974650088,0.0008673684210526315,False
5,190,0.4325776994228363,0.5674223303794861,0.515580415725708,0.9672030992819614,0.9695983350232261,0.0008664210526315789,False
5,191,0.4323493540287018,0.5676506757736206,0.5224115252494812,0.9668293454276247,0.9695912268506848,0.0008654736842105263,False
5,192,0.4321290850639343,0.5678709745407104,0.520857572555542,0.9667359069640404,0.9694436927506026,0.0008645263157894738,False
5,193,0.4319107234477997,0.5680893063545227,0.5096602439880371,0.9663262152390947,0.9688240576090517,0.0008635789473684211,False
5,194,0.4316917359828949,0.5683082342147827,0.5149641036987305,0.9656865211422493,0.967606841886824,0.0008626315789473684,False
5,195,0.43147432804107666,0.5685256719589233,0.5098052620887756,0.9649174507112105,0.9663359669281006,0.0008616842105263158,False
5,196,0.43125635385513306,0.5687436461448669,0.512152373790741,0.9652265163984504,0.9666255211551492,0.0008607368421052632,False
5,197,0.431031733751297,0.5689682364463806,0.5140731930732727,0.9655858951045433,0.9670837292634298,0.0008597894736842106,False
5,198,0.4308095872402191,0.5691903829574585,0.5097141265869141,0.9658158974764427,0.9677045700274387,0.000858842105263158,False
5,199,0.4305945634841919,0.5694054961204529,0.5182096362113953,0.9664196537026788,0.9683684109448247,0.0008578947368421052,False
5,200,0.4303760826587677,0.5696238875389099,0.5084599256515503,0.9664196537026788,0.9680335329225681,0.0008569473684210527,False
5,201,0.4301534593105316,0.569846510887146,0.5075814723968506,0.9660962128671952,0.9675194969432493,0.000856,False
5,202,0.42991968989372253,0.5700802803039551,0.5119752287864685,0.9661034004413172,0.9678484853053564,0.0008550526315789474,False
5,203,0.42969077825546265,0.5703092217445374,0.513204038143158,0.9656218329751526,0.9678726834871386,0.0008541052631578947,False
5,204,0.42946234345436096,0.5705376267433167,0.5142408013343811,0.9652552666949377,0.9675439455138134,0.000853157894736842,False
5,205,0.42923787236213684,0.5707620978355408,0.5152236223220825,0.9650612021936477,0.9670220085350808,0.0008522105263157895,False
5,206,0.4290131628513336,0.570986807346344,0.49861857295036316,0.9646874483393111,0.9664279180698168,0.0008512631578947369,False
5,207,0.428785502910614,0.571214497089386,0.508321225643158,0.9644933838380209,0.9663450273391757,0.0008503157894736843,False
5,208,0.4285493493080139,0.5714506506919861,0.5161299705505371,0.9654637063444717,0.9676103602575207,0.0008493684210526315,False
5,209,0.42831677198410034,0.5716832280158997,0.505612313747406,0.9666999690934314,0.9691999429265049,0.000848421052631579,False
5,210,0.42808499932289124,0.5719150304794312,0.5008606314659119,0.9675840407104197,0.9704269201746092,0.0008474736842105263,False
5,211,0.4278533160686493,0.5721467137336731,0.5066742897033691,0.9681518590660465,0.9712549396282492,0.0008465263157894738,False
5,212,0.42762744426727295,0.5723726153373718,0.4909124970436096,0.9686549892545767,0.9718849381993594,0.0008455789473684211,False
5,213,0.42740514874458313,0.5725948810577393,0.4973922371864319,0.9688274910335014,0.9719872971865806,0.0008446315789473684,False
5,214,0.4271773397922516,0.5728226900100708,0.5034689903259277,0.9692084324619598,0.9723993601724901,0.0008436842105263158,False
5,215,0.42695391178131104,0.5730460286140442,0.5006923675537109,0.9684609247532865,0.9714734350623389,0.0008427368421052632,False
5,216,0.426729291677475,0.5732706785202026,0.5004932284355164,0.9675624779880542,0.9705494050545199,0.0008417894736842106,False
5,217,0.42651018500328064,0.573489785194397,0.501750111579895,0.9671815365595958,0.9704869344712903,0.000840842105263158,False
5,218,0.4262904226779938,0.5737095475196838,0.5076030492782593,0.9676846667481258,0.9714860302225303,0.0008398947368421052,False
5,219,0.42607301473617554,0.5739269256591797,0.4995010793209076,0.9673899762091297,0.9715945896388217,0.0008389473684210526,False
5,220,0.42585289478302,0.57414710521698,0.5055842399597168,0.9676415413033947,0.9718660643367785,0.0008380000000000001,False
5,221,0.4256291091442108,0.5743709206581116,0.4919048249721527,0.9678140430823192,0.9718549581499156,0.0008370526315789474,False
5,222,0.4254012107849121,0.5745987892150879,0.4875611662864685,0.9675265401174449,0.9713016491941062,0.0008361052631578947,False
5,223,0.4251720607280731,0.5748279690742493,0.49223917722702026,0.9671599738372301,0.970721623121463,0.0008351578947368421,False
5,224,0.4249410033226013,0.5750590562820435,0.49143484234809875,0.9670521602254023,0.9707455402172833,0.0008342105263157895,False
5,225,0.4247138500213623,0.5752862095832825,0.49598997831344604,0.9668293454276248,0.9706197161775626,0.0008332631578947369,False
5,226,0.42449235916137695,0.5755075812339783,0.4928945004940033,0.9668005951311373,0.9708395796562471,0.0008323157894736843,False
5,227,0.42427536845207214,0.5757246017456055,0.490187406539917,0.9669587217618181,0.9712255278095894,0.0008313684210526315,False
5,228,0.42405474185943604,0.575945258140564,0.48713529109954834,0.9670162223547931,0.9712886528649863,0.000830421052631579,False
5,229,0.42384204268455505,0.5761579275131226,0.49092623591423035,0.9675337276915669,0.9717055054923757,0.0008294736842105263,False
5,230,0.4236353635787964,0.5763646364212036,0.48956575989723206,0.9680440454542188,0.9720989969159783,0.0008285263157894738,False
5,231,0.42344245314598083,0.5765575766563416,0.48474425077438354,0.9682596726778745,0.9718735734949613,0.000827578947368421,False
5,232,0.4232484996318817,0.5767514705657959,0.48638349771499634,0.9686765519769422,0.9722152542932174,0.0008266315789473684,False
5,233,0.42305371165275574,0.5769462585449219,0.4877703785896301,0.9686621768286986,0.972240871641891,0.0008256842105263158,False
5,234,0.4228588044643402,0.5771411657333374,0.4883222281932831,0.9686118638098455,0.9723694695267681,0.0008247368421052632,False
5,235,0.42266368865966797,0.577336311340332,0.48988795280456543,0.9684393620309208,0.9724601718377816,0.0008237894736842106,False
5,236,0.4224710762500763,0.5775288939476013,0.4936026334762573,0.9680727957507061,0.9722848789280623,0.0008228421052631578,False
5,237,0.4222806990146637,0.5777193307876587,0.4873303771018982,0.9675337276915668,0.9718901638743649,0.0008218947368421053,False
5,238,0.42208778858184814,0.5779122114181519,0.48342928290367126,0.96696590933594,0.9716148192749472,0.0008209473684210526,False
5,239,0.4219008684158325,0.5780991315841675,0.4911937117576599,0.9666855939451875,0.9711757931382206,0.0008200000000000001,False
5,240,0.42171210050582886,0.5782878994941711,0.4843387007713318,0.9661537134601701,0.9700712413902592,0.0008190526315789474,False
5,241,0.42152753472328186,0.5784724354743958,0.4866599440574646,0.9651977661019628,0.9683857197111876,0.0008181052631578947,False
5,242,0.42134103178977966,0.5786589980125427,0.48292142152786255,0.9650576084065867,0.968074931031064,0.0008171578947368421,False
5,243,0.4211603105068207,0.5788397192955017,0.48633119463920593,0.965542769659812,0.9689309388274234,0.0008162105263157895,False
5,244,0.42098045349121094,0.5790195465087891,0.4843584895133972,0.9662687146461197,0.9702064554785771,0.0008152631578947369,False
5,245,0.42079928517341614,0.5792007446289062,0.4881628751754761,0.9668509081499903,0.9710727438764251,0.0008143157894736843,False
5,246,0.4206189215183258,0.5793810486793518,0.4752545952796936,0.9671096608183772,0.9714671788628942,0.0008133684210526315,False
5,247,0.4204428493976593,0.5795571804046631,0.48355135321617126,0.9672605998749362,0.9715478277647817,0.000812421052631579,False
5,248,0.42026832699775696,0.5797316431999207,0.48094213008880615,0.9675768531362979,0.971737536044469,0.0008114736842105264,False
5,249,0.42010149359703064,0.5798985362052917,0.4856162369251251,0.9670521602254023,0.9711769623826381,0.0008105263157894737,False
5,250,0.4199352562427521,0.5800647139549255,0.48504525423049927,0.9667287193899188,0.9710796193393344,0.000809578947368421,False
5,251,0.41977664828300476,0.5802233219146729,0.4866041839122772,0.966865283298234,0.9713140923702485,0.0008086315789473684,False
5,252,0.4196196496486664,0.5803803205490112,0.4881678819656372,0.9668652832982341,0.9712635608024489,0.0008076842105263158,False
5,253,0.41946902871131897,0.5805309414863586,0.476573646068573,0.9675121649692013,0.9715317626810485,0.0008067368421052632,False
5,254,0.4193210005760193,0.5806789994239807,0.48227691650390625,0.9681590466401685,0.9715727791683679,0.0008057894736842106,False
5,255,0.4191758334636688,0.5808241367340088,0.4784397482872009,0.9684321744567991,0.9715786301946773,0.0008048421052631578,False
5,256,0.41903436183929443,0.5809656381607056,0.47919031977653503,0.9682884229743619,0.9713493020741306,0.0008038947368421053,False
5,257,0.4188898205757141,0.5811101794242859,0.47629237174987793,0.9678859188235377,0.9711052255564049,0.0008029473684210526,False
5,258,0.4187443256378174,0.5812557339668274,0.47694283723831177,0.9676343537292729,0.9710131475373156,0.0008020000000000001,False
5,259,0.41859808564186096,0.5814019441604614,0.4809330105781555,0.9676846667481258,0.9709204432553749,0.0008010526315789474,False
5,260,0.4184485673904419,0.5815514326095581,0.4723963737487793,0.9676774791740038,0.9705149166912364,0.0008001052631578947,False
5,261,0.4182889461517334,0.5817111134529114,0.47451409697532654,0.9673109128937891,0.9701219682838992,0.0007991578947368421,False
5,262,0.4181310534477234,0.5818689465522766,0.474650114774704,0.9670737229477678,0.9700012961016077,0.0007982105263157896,False
5,263,0.41797536611557007,0.5820246338844299,0.48217642307281494,0.9667502821122843,0.969895750691993,0.0007972631578947369,False
5,264,0.41781312227249146,0.5821868181228638,0.4725762605667114,0.9666855939451876,0.9701140174917349,0.0007963157894736843,False
5,265,0.41764941811561584,0.5823505520820618,0.4741382896900177,0.9662830897943634,0.9698461745635195,0.0007953684210526316,False
5,266,0.4174887239933014,0.5825112462043762,0.4835491478443146,0.9661968389049013,0.9697806665817306,0.0007944210526315789,False
5,267,0.41732561588287354,0.5826743841171265,0.4775686264038086,0.9668005951311373,0.9701565650604449,0.0007934736842105264,False
5,268,0.41717520356178284,0.5828248262405396,0.4765751361846924,0.9672749750231798,0.9704240242452105,0.0007925263157894737,False
5,269,0.4170213043689728,0.5829787254333496,0.47826018929481506,0.9682309223813871,0.9714269191098983,0.000791578947368421,False
5,270,0.41686293482780457,0.5831370949745178,0.46918758749961853,0.9681518590660466,0.9714907810783884,0.0007906315789473684,False
5,271,0.41670358180999756,0.5832964181900024,0.47277870774269104,0.967526540117445,0.9708871523385226,0.0007896842105263158,False
5,272,0.4165478050708771,0.5834522247314453,0.4710538685321808,0.9670952856701335,0.9706708326273764,0.0007887368421052632,False
5,273,0.4164033830165863,0.5835965871810913,0.4704444706439972,0.9671024732442554,0.9709065587112223,0.0007877894736842106,False
5,274,0.4162646532058716,0.5837354063987732,0.4708651900291443,0.9665885616945425,0.9708397063503409,0.0007868421052631579,False
5,275,0.4161415696144104,0.5838584303855896,0.47922492027282715,0.9663837158320695,0.9710162400363892,0.0007858947368421053,False
5,276,0.41601088643074036,0.583989143371582,0.46836310625076294,0.9665777803333596,0.9713709668340108,0.0007849473684210527,False
5,277,0.4158684015274048,0.5841315984725952,0.46783915162086487,0.9671312235407428,0.9718568496344234,0.0007840000000000001,False
5,278,0.4157229959964752,0.5842769742012024,0.4705008864402771,0.9672677874490581,0.9719777754572304,0.0007830526315789474,False
5,279,0.4155745208263397,0.5844255089759827,0.4623117446899414,0.9676415413033946,0.9722408590742636,0.0007821052631578947,False
5,280,0.41542619466781616,0.5845738053321838,0.4648791253566742,0.9679865448612438,0.972246187390891,0.0007811578947368421,False
5,281,0.41527411341667175,0.5847259163856506,0.46563100814819336,0.9681087336213153,0.972415440519777,0.0007802105263157895,False
5,282,0.4151208698749542,0.5848791599273682,0.46178102493286133,0.9684106117344334,0.9725996486204551,0.0007792631578947369,False
5,283,0.41496753692626953,0.5850324034690857,0.46903693675994873,0.9689281170712073,0.9731537454467275,0.0007783157894736841,False
5,284,0.4148055911064148,0.58519446849823,0.45873162150382996,0.9691724945913504,0.973390920559819,0.0007773684210526316,False
5,285,0.41465339064598083,0.5853465795516968,0.4730070233345032,0.968640614106333,0.9728239431714197,0.0007764210526315789,False
5,286,0.4144990146160126,0.5855010151863098,0.46662962436676025,0.9681015460471936,0.9722974560087448,0.0007754736842105264,False
5,287,0.414343923330307,0.5856561064720154,0.47105872631073,0.9678571685270504,0.9719427032338199,0.0007745263157894737,False
5,288,0.4141896665096283,0.5858103036880493,0.4615347981452942,0.9678356058046849,0.9719101858598411,0.000773578947368421,False
5,289,0.4140302538871765,0.5859697461128235,0.46231815218925476,0.9673037253196672,0.9714600957244797,0.0007726315789473684,False
5,290,0.4138680100440979,0.5861319899559021,0.4593242108821869,0.9667862199828936,0.970907232514115,0.0007716842105263159,False
5,291,0.4137082099914551,0.5862917900085449,0.46771034598350525,0.9662184016272667,0.9703077089786815,0.0007707368421052632,False
5,292,0.41354575753211975,0.5864542126655579,0.46233806014060974,0.9659883992553674,0.9700206501847781,0.0007697894736842106,False
5,293,0.4133802354335785,0.5866197943687439,0.46667081117630005,0.9658302726246865,0.9698939509124785,0.0007688421052631579,False
5,294,0.4132154583930969,0.5867845416069031,0.46704232692718506,0.965801522328199,0.969846444358868,0.0007678947368421053,False
5,295,0.4130544662475586,0.5869455337524414,0.46666938066482544,0.9658590229211739,0.9698142745610417,0.0007669473684210527,False
5,296,0.4129025638103485,0.5870974659919739,0.46990394592285156,0.9656218329751526,0.9695075425912081,0.000766,False
5,297,0.4127548933029175,0.5872450470924377,0.46139028668403625,0.9658949607917833,0.9696631300582027,0.0007650526315789474,False
5,298,0.41260233521461487,0.5873976349830627,0.46242180466651917,0.966204026479023,0.9698180714895948,0.0007641052631578947,False
5,299,0.4124460518360138,0.5875539779663086,0.4579998254776001,0.9661609010342919,0.9697163862225902,0.0007631578947368422,False
5,300,0.41229233145713806,0.5877076983451843,0.460328072309494,0.966060274996586,0.9697941072597708,0.0007622105263157895,False
5,301,0.41214728355407715,0.5878527164459229,0.4687637388706207,0.9661752761825356,0.9699826739119352,0.0007612631578947369,False
5,302,0.41200295090675354,0.5879970192909241,0.45398223400115967,0.9663909034061914,0.9705690186382797,0.0007603157894736841,False
5,303,0.41185978055000305,0.5881402492523193,0.46174153685569763,0.9666352809263346,0.970789793770323,0.0007593684210526316,False
5,304,0.41172462701797485,0.5882753729820251,0.465837299823761,0.9666999690934313,0.9708214311593792,0.000758421052631579,False
5,305,0.4115948975086212,0.5884051322937012,0.45903801918029785,0.966807782705259,0.9710433620424755,0.0007574736842105264,False
5,306,0.4114605188369751,0.5885395407676697,0.4506000280380249,0.9664915294438974,0.9707724200339022,0.0007565263157894737,False
5,307,0.4113244414329529,0.5886755585670471,0.45965081453323364,0.9660890252930734,0.9703863856152771,0.0007555789473684211,False
5,308,0.4111889600753784,0.5888110399246216,0.455571711063385,0.9653055797137908,0.9695730893300815,0.0007546315789473684,False
5,309,0.4110543429851532,0.5889456272125244,0.4604840874671936,0.965039639471282,0.9689659898753205,0.0007536842105263158,False
5,310,0.4109156131744385,0.5890843868255615,0.46105971932411194,0.9656218329751526,0.9694583332178743,0.0007527368421052632,False
5,311,0.4107789099216461,0.5892211198806763,0.4562658965587616,0.9660674625707079,0.9699586571025562,0.0007517894736842104,False
5,312,0.4106462001800537,0.5893538594245911,0.4574510455131531,0.9665849679074815,0.9705687119235575,0.0007508421052631579,False
5,313,0.4105082154273987,0.5894917845726013,0.45825278759002686,0.9666280933522127,0.9709415538902787,0.0007498947368421053,False
5,314,0.41036686301231384,0.5896331071853638,0.4541447162628174,0.9670737229477679,0.971649834893759,0.0007489473684210527,False
5,315,0.4102325439453125,0.5897674560546875,0.4510056972503662,0.9676990418963695,0.9723765989135771,0.000748,False
5,316,0.4100949168205261,0.5899050831794739,0.4534820318222046,0.9683674862897024,0.9730801074906599,0.0007470526315789473,False
5,317,0.4099583029747009,0.5900416970252991,0.4570798873901367,0.9682093596590214,0.9732750353773882,0.0007461052631578947,False
5,318,0.409823477268219,0.5901764631271362,0.4545900225639343,0.9678931063976597,0.9732146677930021,0.0007451578947368422,False
5,319,0.4096982181072235,0.5903017520904541,0.4589652419090271,0.9672677874490581,0.9728315227420425,0.0007442105263157895,False
5,320,0.40957412123680115,0.5904259085655212,0.4597025513648987,0.9670305975030367,0.972593929907628,0.0007432631578947369,False
5,321,0.4094447195529938,0.5905552506446838,0.4492425322532654,0.9668149702793809,0.9722995026939365,0.0007423157894736842,False
5,322,0.40931373834609985,0.5906862020492554,0.4522301256656647,0.9666496560745782,0.9720378856765709,0.0007413684210526316,False
5,323,0.4091934859752655,0.5908065438270569,0.4580647349357605,0.9671959117078396,0.9720828253831956,0.000740421052631579,False
5,324,0.40907570719718933,0.5909242630004883,0.4469578266143799,0.9673252880420331,0.9717014163862636,0.0007394736842105264,False
5,325,0.40895992517471313,0.5910400748252869,0.4549790620803833,0.967670291599882,0.9714868520350821,0.0007385263157894737,False
5,326,0.408842533826828,0.5911574959754944,0.4545939862728119,0.9676487288775165,0.9709415938228347,0.000737578947368421,False
5,327,0.408722847700119,0.5912771224975586,0.4520328938961029,0.9676774791740039,0.9705528157144859,0.0007366315789473685,False
5,328,0.4086037278175354,0.5913962721824646,0.4545724093914032,0.9674906022468357,0.9702390224292843,0.0007356842105263158,False
5,329,0.4084795415401459,0.5915204286575317,0.4501015543937683,0.9671168483924991,0.9699604069848875,0.0007347368421052632,False
5,330,0.4083574414253235,0.5916425585746765,0.4502624273300171,0.9667934075570154,0.9697986630724932,0.0007337894736842104,False
5,331,0.4082382917404175,0.5917617082595825,0.4499530494213104,0.9662040264790229,0.9696621303372951,0.0007328421052631579,False
5,332,0.40811899304389954,0.5918810367584229,0.4605177044868469,0.966160901034292,0.9699946685511739,0.0007318947368421053,False
5,333,0.408008337020874,0.591991662979126,0.4560692012310028,0.9660746501448297,0.9701060321328376,0.0007309473684210527,False
5,334,0.4078983664512634,0.5921016335487366,0.44831517338752747,0.966254339497876,0.9706716151716389,0.00073,False
5,335,0.40778690576553345,0.5922130346298218,0.4500325918197632,0.9662615270719979,0.9707882605016733,0.0007290526315789475,False
5,336,0.4076770842075348,0.5923228859901428,0.450880765914917,0.9660674625707077,0.9707184423098983,0.0007281052631578948,False
5,337,0.40756872296333313,0.5924313068389893,0.4477624297142029,0.9663621531097039,0.9709223373853715,0.0007271578947368422,False
5,338,0.4074605405330658,0.5925394296646118,0.4570874869823456,0.9667790324087716,0.9711752617450949,0.0007262105263157895,False
5,339,0.407352089881897,0.592647910118103,0.4505103826522827,0.966814970279381,0.9708711224554765,0.0007252631578947369,False
5,340,0.4072413742542267,0.5927586555480957,0.4541650414466858,0.9668509081499902,0.9706607191542767,0.0007243157894736842,False
5,341,0.4071301817893982,0.5928698778152466,0.4496631622314453,0.9661680886084137,0.969742094879954,0.0007233684210526316,False
5,342,0.40701431035995483,0.5929856896400452,0.4458099603652954,0.9657799596058334,0.969154521389689,0.000722421052631579,False
5,343,0.4068935215473175,0.5931065082550049,0.44803500175476074,0.9649318258594541,0.9682078179099142,0.0007214736842105263,False
5,344,0.406775563955307,0.5932244062423706,0.4462548494338989,0.9644251018838631,0.9676803734264628,0.0007205263157894737,False
5,345,0.4066601097583771,0.5933398604393005,0.45791685581207275,0.9645436968568738,0.9678828131252946,0.000719578947368421,False
5,346,0.40654256939888,0.5934574007987976,0.44457322359085083,0.9646802607651891,0.9681646196241077,0.0007186315789473685,False
5,347,0.40642523765563965,0.5935747623443604,0.4483082890510559,0.9651546406572318,0.9687762727823829,0.0007176842105263158,False
5,348,0.40630561113357544,0.5936943292617798,0.440832257270813,0.9653846430291312,0.9691724128697752,0.0007167368421052632,False
5,349,0.4061826467514038,0.5938173532485962,0.4409771263599396,0.9661393383119262,0.9699419443999769,0.0007157894736842105,False
5,350,0.40606051683425903,0.593939483165741,0.4447835683822632,0.9667359069640405,0.9704082959636076,0.000714842105263158,False
5,351,0.4059542119503021,0.5940457582473755,0.4516332149505615,0.9668005951311374,0.9704818199173525,0.0007138947368421053,False
5,352,0.4058488607406616,0.5941511392593384,0.448180615901947,0.966455591573288,0.9704284239413421,0.0007129473684210527,False
5,353,0.4057345688343048,0.5942654013633728,0.4478013515472412,0.9664555915732881,0.9706834068760366,0.000712,False
5,354,0.40562185645103455,0.5943781733512878,0.44620662927627563,0.966254339497876,0.9704931520928988,0.0007110526315789474,False
5,355,0.405515193939209,0.5944847464561462,0.44923412799835205,0.9662399643496324,0.9703786800882307,0.0007101052631578948,False
5,356,0.4054114520549774,0.5945885181427002,0.4505249857902527,0.9662687146461197,0.9704328938982062,0.0007091578947368421,False
5,357,0.4053192138671875,0.5946807861328125,0.44422411918640137,0.9664412164250443,0.9703997215422839,0.0007082105263157895,False
5,358,0.40522587299346924,0.594774067401886,0.4443977475166321,0.9666352809263346,0.9705355391694022,0.0007072631578947367,False
5,359,0.4051317274570465,0.5948683023452759,0.44635918736457825,0.966814970279381,0.9707393830396089,0.0007063157894736842,False
5,360,0.4050410985946655,0.5949589610099792,0.4430801570415497,0.9667718448346498,0.9707955373824219,0.0007053684210526316,False
5,361,0.40494945645332336,0.595050573348999,0.44384703040122986,0.9667718448346497,0.9708395182823616,0.000704421052631579,False
5,362,0.40484923124313354,0.5951507091522217,0.43854761123657227,0.9665849679074816,0.9707170285030503,0.0007034736842105263,False
5,363,0.4047568142414093,0.5952431559562683,0.4485330283641815,0.9663837158320695,0.9705449787883926,0.0007025263157894738,False
5,364,0.4046691060066223,0.5953308939933777,0.4426971673965454,0.9661537134601701,0.9702620728865023,0.0007015789473684211,False
5,365,0.40457919239997864,0.595420777797699,0.43718236684799194,0.9659165235141487,0.9700725083529821,0.0007006315789473685,False
5,366,0.40449246764183044,0.5955075621604919,0.44975215196609497,0.9656649584198838,0.9699616153524242,0.0006996842105263158,False
5,367,0.4043939411640167,0.5956060886383057,0.4452289342880249,0.9651762033795973,0.9695676628859149,0.0006987368421052632,False
5,368,0.40429818630218506,0.5957018733024597,0.4462628662586212,0.9654133933256187,0.9697682723041143,0.0006977894736842105,False
5,369,0.40420833230018616,0.5957916975021362,0.4442158341407776,0.9657368341611022,0.9701985564932157,0.000696842105263158,False
5,370,0.4041144549846649,0.5958855748176575,0.44423893094062805,0.9658015223281989,0.9704725771897292,0.0006958947368421053,False
5,371,0.40401479601860046,0.5959851741790771,0.4451252520084381,0.965902148365905,0.9705761664211272,0.0006949473684210527,False
5,372,0.40391430258750916,0.5960857272148132,0.451055109500885,0.9659812116812455,0.970793190961637,0.000694,False
5,373,0.4038130044937134,0.5961870551109314,0.4399575889110565,0.9662974649426072,0.9709702340516646,0.0006930526315789473,False
5,374,0.4037006199359894,0.596299409866333,0.4459218382835388,0.9660602749965859,0.9706866141603089,0.0006921052631578948,False
5,375,0.4035803973674774,0.5964195728302002,0.4441823959350586,0.9661896513307794,0.9708122234766375,0.0006911578947368421,False
5,376,0.40346619486808777,0.5965337753295898,0.43646690249443054,0.9667430945381624,0.9711114582010938,0.0006902105263157895,False
5,377,0.4033457040786743,0.5966542959213257,0.4467763304710388,0.9666424685004564,0.9706871751805598,0.0006892631578947369,False
5,378,0.40322935581207275,0.5967706441879272,0.43398234248161316,0.9667287193899187,0.9703529522497633,0.0006883157894736843,False
5,379,0.4031144976615906,0.5968855619430542,0.43930500745773315,0.9666568436487,0.9700388448015445,0.0006873684210526316,False
5,380,0.4030056595802307,0.5969943404197693,0.4350287914276123,0.9666065306298471,0.9697958758304763,0.000686421052631579,False
5,381,0.40289631485939026,0.5971036553382874,0.43467772006988525,0.9662184016272668,0.9693242208513803,0.0006854736842105263,False
5,382,0.4027925729751587,0.5972074270248413,0.44142258167266846,0.9663980909803133,0.9695620247117028,0.0006845263157894738,False
5,383,0.4026942253112793,0.5973057746887207,0.43454888463020325,0.9671743489854739,0.9703133742147119,0.0006835789473684211,False
5,384,0.4025993049144745,0.5974007248878479,0.4428289830684662,0.9677493549152225,0.9709417928929099,0.0006826315789473685,False
5,385,0.40250587463378906,0.5974941253662109,0.4392455518245697,0.9679865448612439,0.9711533910070692,0.0006816842105263158,False
5,386,0.4024190604686737,0.5975809097290039,0.4419664740562439,0.9679434194165126,0.9711614747241039,0.0006807368421052632,False
5,387,0.4023340344429016,0.5976659655570984,0.4395717978477478,0.9674834146727138,0.9709708867482073,0.0006797894736842105,False
5,388,0.402250736951828,0.5977492928504944,0.43289247155189514,0.967619978581029,0.9712999065337937,0.0006788421052631579,False
5,389,0.4021635055541992,0.5978364944458008,0.4374435544013977,0.9682309223813871,0.972078473552231,0.0006778947368421053,False
5,390,0.4020715057849884,0.597928524017334,0.4356083273887634,0.9685040501980177,0.9723243189606668,0.0006769473684210526,False
5,391,0.4019744098186493,0.5980256199836731,0.4375479221343994,0.9688059283111357,0.9725302992510257,0.0006760000000000001,False
5,392,0.4018726348876953,0.5981273651123047,0.4318794310092926,0.9688274910335012,0.97274720130448,0.0006750526315789474,False
5,393,0.40176922082901,0.5982307195663452,0.43844112753868103,0.9687053022734298,0.972749431568643,0.0006741052631578948,False
5,394,0.40166357159614563,0.598336398601532,0.43231236934661865,0.9686478016804548,0.972744439366108,0.0006731578947368421,False
5,395,0.40155360102653503,0.5984464287757874,0.4309441149234772,0.968381861437946,0.9724868177925738,0.0006722105263157895,False
5,396,0.40145206451416016,0.5985478758811951,0.4428536295890808,0.9682596726778744,0.9723770041705216,0.0006712631578947368,False
5,397,0.4013482630252838,0.5986517667770386,0.436657190322876,0.967677479174004,0.9718203073493927,0.0006703157894736843,False
5,398,0.401243656873703,0.5987563133239746,0.44045716524124146,0.9670880980960116,0.97136223349894,0.0006693684210526316,False
5,399,0.4011387526988983,0.5988612771034241,0.4332524538040161,0.966664031222822,0.9707709442815261,0.000668421052631579,False
5,400,0.4010295271873474,0.5989704728126526,0.43959352374076843,0.9668365330017464,0.9707261873224045,0.0006674736842105263,False
5,401,0.40092748403549194,0.5990725755691528,0.4399946331977844,0.9671743489854739,0.9710967465341723,0.0006665263157894737,False
5,402,0.400831013917923,0.5991690158843994,0.44008156657218933,0.9674906022468357,0.9715040426070048,0.0006655789473684211,False
5,403,0.4007396399974823,0.5992603302001953,0.4364338517189026,0.9681662342142903,0.9720663200191392,0.0006646315789473684,False
5,404,0.400647908449173,0.5993521213531494,0.4374969005584717,0.9686190513839673,0.9724913194699869,0.0006636842105263158,False
5,405,0.4005575478076935,0.5994424819946289,0.43588986992836,0.9689209294970855,0.97277311532777,0.0006627368421052632,False
5,406,0.4004707336425781,0.5995292663574219,0.43252164125442505,0.9690934312760101,0.9728019540485241,0.0006617894736842106,False
5,407,0.4003863036632538,0.5996137261390686,0.4394381642341614,0.9689137419229635,0.9724479245617117,0.0006608421052631579,False
5,408,0.4003009796142578,0.5996990203857422,0.43504127860069275,0.9687268649957952,0.9722666405726161,0.0006598947368421053,False
5,409,0.40021321177482605,0.5997867584228516,0.4295913577079773,0.9682956105484838,0.9716963939119714,0.0006589473684210526,False
5,410,0.4001269042491913,0.5998731255531311,0.432656854391098,0.967727792192857,0.9711714063260075,0.0006580000000000001,False
5,411,0.40004006028175354,0.5999599099159241,0.4306482672691345,0.9673899762091296,0.9709161351386757,0.0006570526315789474,False
5,412,0.3999525308609009,0.6000474691390991,0.4301440715789795,0.9664843418697755,0.970210433415656,0.0006561052631578948,False
5,413,0.39986616373062134,0.6001338362693787,0.42800700664520264,0.9658949607917832,0.9696310117491909,0.0006551578947368421,False
5,414,0.3997771739959717,0.6002227663993835,0.433398574590683,0.9656577708457618,0.9693252097489555,0.0006542105263157896,False
5,415,0.39969602227211,0.6003039479255676,0.4337373375892639,0.9660027744036109,0.96976542358325,0.0006532631578947368,False
5,416,0.39962252974510193,0.6003774404525757,0.4364429712295532,0.9663118400908509,0.9701769130120061,0.0006523157894736842,False
5,417,0.39954498410224915,0.6004550457000732,0.43562835454940796,0.9670809105218897,0.9709454167531855,0.0006513684210526316,False
5,418,0.39946287870407104,0.6005371809005737,0.4347385764122009,0.9674977898209575,0.9712836022175209,0.0006504210526315789,False
5,419,0.3993825614452362,0.6006174087524414,0.42826080322265625,0.968137483917803,0.9718474071709887,0.0006494736842105264,False
5,420,0.39930421113967896,0.6006958484649658,0.4341307282447815,0.968489675049774,0.9720608008080049,0.0006485263157894737,False
5,421,0.3992139399051666,0.600786030292511,0.4299958348274231,0.9689281170712072,0.9721169406111668,0.0006475789473684211,False
5,422,0.3991270065307617,0.6008729934692383,0.4256712794303894,0.9691149939983755,0.9720464818921722,0.0006466315789473684,False
5,423,0.3990386128425598,0.6009613275527954,0.43170708417892456,0.9689784300900603,0.9716077454734532,0.0006456842105263158,False
5,424,0.3989490866661072,0.6010509133338928,0.427872896194458,0.9688131158852574,0.9714167663376698,0.0006447368421052632,False
5,425,0.398857980966568,0.6011420488357544,0.4402909278869629,0.9688490537558668,0.9715491121876277,0.0006437894736842106,False
5,426,0.39876413345336914,0.6012359261512756,0.431842565536499,0.9684393620309208,0.9714707713837547,0.0006428421052631579,False
5,427,0.3986697196960449,0.6013302803039551,0.424179345369339,0.9684321744567992,0.9714945976910836,0.0006418947368421053,False
5,428,0.39857184886932373,0.6014281511306763,0.43022963404655457,0.9687340525699172,0.9719941216409353,0.0006409473684210527,False
5,429,0.39847123622894287,0.6015287637710571,0.4327860176563263,0.9686478016804547,0.9720808565954284,0.00064,False
5,430,0.3983657956123352,0.6016342639923096,0.4305630028247833,0.96859030108748,0.9721557678759846,0.0006390526315789474,False
5,431,0.39826256036758423,0.6017374396324158,0.43238091468811035,0.968841866181745,0.9724427806881264,0.0006381052631578948,False
5,432,0.3981635570526123,0.6018364429473877,0.4319075345993042,0.9694240596856155,0.9729336742537884,0.0006371578947368421,False
5,433,0.39806532859802246,0.6019347310066223,0.4344348907470703,0.9699271898741456,0.973376850332336,0.0006362105263157895,False
5,434,0.3979610502719879,0.6020389795303345,0.42904067039489746,0.9697834383917084,0.9731729519688906,0.000635263157894737,False
5,435,0.3978625535964966,0.6021374464035034,0.4323442578315735,0.9697762508175864,0.9731013206945296,0.0006343157894736842,False
5,436,0.3977664113044739,0.6022335886955261,0.4241131544113159,0.969438434833859,0.9725809329768708,0.0006333684210526316,False
5,437,0.39767104387283325,0.6023289561271667,0.42072418332099915,0.9692084324619598,0.9721675882072223,0.0006324210526315789,False
5,438,0.3975740075111389,0.6024259924888611,0.4275234341621399,0.9694240596856155,0.9723559983015488,0.0006314736842105264,False
5,439,0.39748141169548035,0.602518618106842,0.4271438717842102,0.9698625017070489,0.9729917448054991,0.0006305263157894737,False
5,440,0.39738929271698,0.6026106476783752,0.4242710471153259,0.9700134407636078,0.9731953545371429,0.0006295789473684211,False
5,441,0.39729708433151245,0.6027029156684875,0.4303146004676819,0.970207505264898,0.9733313411590664,0.0006286315789473684,False
5,442,0.3972078561782837,0.6027922034263611,0.4226522147655487,0.9700709413565827,0.9730488416456223,0.0006276842105263159,False
5,443,0.39711809158325195,0.6028818488121033,0.4319108724594116,0.9698337514105614,0.97271568373231,0.0006267368421052632,False
5,444,0.39703017473220825,0.6029698252677917,0.4245452880859375,0.9697906259658303,0.9726135637802912,0.0006257894736842106,False
5,445,0.3969411551952362,0.6030588746070862,0.4303118586540222,0.9696612496316368,0.9726422489439182,0.0006248421052631579,False
5,446,0.39685186743736267,0.6031481027603149,0.4310170114040375,0.9694599975562248,0.9723546903431252,0.0006238947368421053,False
5,447,0.39676061272621155,0.6032393574714661,0.4197157919406891,0.9693162460737876,0.9723705181976103,0.0006229473684210527,False
5,448,0.3966713845729828,0.6033285856246948,0.4245145618915558,0.9693306212220314,0.9726614161682398,0.000622,False
5,449,0.3965763449668884,0.6034236550331116,0.4259037375450134,0.9697475005210991,0.9732336730973845,0.0006210526315789474,False
5,450,0.3964836895465851,0.6035163402557373,0.4243612587451935,0.970257818283751,0.9738388843287031,0.0006201052631578947,False
5,451,0.3963932991027832,0.603606641292572,0.42306146025657654,0.9702865685802384,0.9739996799212154,0.0006191578947368421,False
5,452,0.3963110148906708,0.6036890149116516,0.4252282977104187,0.9702362555613855,0.9739791462504548,0.0006182105263157895,False
5,453,0.396225243806839,0.6037747263908386,0.4265981912612915,0.9697906259658302,0.9734927404264455,0.000617263157894737,False
5,454,0.3961412012577057,0.6038587689399719,0.4204298257827759,0.9690862437018881,0.97272554430893,0.0006163157894736842,False
5,455,0.3960592746734619,0.6039406657218933,0.42347782850265503,0.9683171732708493,0.9716706221524336,0.0006153684210526316,False
5,456,0.39597368240356445,0.6040263175964355,0.42068856954574585,0.9672390371525706,0.9701501607156229,0.000614421052631579,False
5,457,0.39589112997055054,0.6041089296340942,0.42770916223526,0.9666280933522128,0.969392194980476,0.0006134736842105264,False
5,458,0.39581015706062317,0.6041898131370544,0.4301646947860718,0.9661609010342919,0.9688710881828273,0.0006125263157894737,False
5,459,0.3957284688949585,0.6042714715003967,0.4186980128288269,0.9658158974764427,0.9687010555644521,0.0006115789473684211,False
5,460,0.3956414759159088,0.6043585538864136,0.41957974433898926,0.9655140193633246,0.9683773646378255,0.0006106315789473684,False
5,461,0.39555561542510986,0.6044444441795349,0.4225613474845886,0.9654852690668372,0.9682278132767611,0.0006096842105263159,False
5,462,0.39546993374824524,0.6045300960540771,0.4214152991771698,0.9658087099023207,0.9685397731577782,0.0006087368421052633,False
5,463,0.3953903615474701,0.6046096086502075,0.418020099401474,0.9659740241071236,0.9685992924200284,0.0006077894736842105,False
5,464,0.39531058073043823,0.6046894192695618,0.42650994658470154,0.9663765282579476,0.9691635222466716,0.0006068421052631579,False
5,465,0.39522668719291687,0.6047732830047607,0.4212692379951477,0.9664196537026787,0.9692499008603233,0.0006058947368421052,False
5,466,0.3951413035392761,0.6048587560653687,0.4221636652946472,0.9665418424627503,0.9692474027426592,0.0006049473684210527,False
5,467,0.3950585126876831,0.6049414873123169,0.42384666204452515,0.9664340288509226,0.9689208963544518,0.000604,False
5,468,0.3949732184410095,0.6050267815589905,0.4191572070121765,0.9668365330017465,0.9691715628077988,0.0006030526315789474,False
5,469,0.39489439129829407,0.6051055788993835,0.42314571142196655,0.9671959117078395,0.9695956948332943,0.0006021052631578947,False
5,470,0.3948169946670532,0.6051830053329468,0.4238564968109131,0.9673612259126422,0.9699340542255827,0.0006011578947368422,False
5,471,0.39474591612815857,0.605254054069519,0.4227340817451477,0.9677349797669789,0.9704055426489558,0.0006002105263157895,False
5,472,0.394673228263855,0.6053268313407898,0.41932523250579834,0.9678931063976597,0.970627691001986,0.0005992631578947369,False
5,473,0.3946014642715454,0.6053985357284546,0.4259387254714966,0.9681302963436811,0.9707819989723572,0.0005983157894736842,False
5,474,0.3945337235927582,0.6054662466049194,0.4274182617664337,0.9684752999015303,0.9712735201621692,0.0005973684210526316,False
5,475,0.3944622874259949,0.6055377125740051,0.4231489896774292,0.968583113513358,0.9715306198674387,0.000596421052631579,False
5,476,0.39438897371292114,0.6056110262870789,0.4229266345500946,0.9684321744567992,0.9714756919832097,0.0005954736842105265,False
5,477,0.39432093501091003,0.6056790947914124,0.4224333167076111,0.9680296703059751,0.9710781233788893,0.0005945263157894737,False
5,478,0.3942524790763855,0.6057474613189697,0.42057955265045166,0.9676846667481258,0.9706380387042285,0.0005935789473684211,False
5,479,0.39418458938598633,0.6058153510093689,0.4229857325553894,0.9673109128937892,0.9700721617571675,0.0005926315789473684,False
5,480,0.3941223621368408,0.605877697467804,0.4253889322280884,0.9670593477995242,0.9696683469802608,0.0005916842105263158,False
5,481,0.3940573036670685,0.6059427261352539,0.4179064631462097,0.9669802844841837,0.9693469536578767,0.0005907368421052633,False
5,482,0.39399534463882446,0.6060046553611755,0.4254493713378906,0.9672677874490581,0.9695689770636684,0.0005897894736842105,False
5,483,0.3939323127269745,0.6060676574707031,0.4231542646884918,0.9675768531362979,0.96993134314584,0.0005888421052631579,False
5,484,0.3938731551170349,0.6061268448829651,0.42039012908935547,0.9683243608449712,0.9707425359940837,0.0005878947368421053,False
5,485,0.39380979537963867,0.6061902046203613,0.40801358222961426,0.9688634289041105,0.9712352430554205,0.0005869473684210527,False
5,486,0.3937426507472992,0.6062573194503784,0.42071473598480225,0.9689568673676947,0.9712483743276159,0.000586,False
5,487,0.3936682641506195,0.6063317060470581,0.42124801874160767,0.9690359306830351,0.9714412148318707,0.0005850526315789473,False
5,488,0.3935915529727936,0.606408417224884,0.41437238454818726,0.968741240144039,0.9713857158937905,0.0005841052631578947,False
5,489,0.3935120701789856,0.6064879298210144,0.4212164580821991,0.9689424922194511,0.9717398060633745,0.0005831578947368421,False
5,490,0.39343270659446716,0.6065672636032104,0.4198349118232727,0.9686837395510641,0.9715925705902333,0.0005822105263157896,False
5,491,0.3933626413345337,0.6066373586654663,0.4121027886867523,0.968647801680455,0.9714474507676198,0.0005812631578947368,False
5,492,0.39328616857528687,0.6067138910293579,0.41512539982795715,0.9688059283111355,0.9716427717395061,0.0005803157894736842,False
5,493,0.39320942759513855,0.6067906022071838,0.41747236251831055,0.9689353046453291,0.9718551000710294,0.0005793684210526315,False
5,494,0.39313188195228577,0.6068680882453918,0.4193364083766937,0.9688274910335013,0.9719114270252073,0.000578421052631579,False
5,495,0.3930570185184479,0.6069430112838745,0.42043057084083557,0.9687987407370139,0.9721778664266341,0.0005774736842105263,False
5,496,0.3929821848869324,0.6070178747177124,0.4145105183124542,0.9686693644028205,0.9722425525802085,0.0005765263157894737,False
5,497,0.3929081857204437,0.6070918440818787,0.4164387583732605,0.9687268649957952,0.972254450181534,0.000575578947368421,False
5,498,0.3928389251232147,0.6071611046791077,0.4247521460056305,0.9689353046453292,0.972335367340658,0.0005746315789473685,False
5,499,0.3927680253982544,0.6072319746017456,0.4175538122653961,0.9690790561277663,0.9724402176799944,0.0005736842105263159,False
5,500,0.3926944434642792,0.6073055267333984,0.41618070006370544,0.9687915531628919,0.9720976271625708,0.0005727368421052632,False
5,501,0.3926219642162323,0.6073780059814453,0.41664913296699524,0.9685040501980178,0.9716723263024264,0.0005717894736842105,False
5,502,0.3925503194332123,0.6074497103691101,0.40975794196128845,0.9683746738638243,0.9714897284920013,0.0005708421052631579,False
5,503,0.3924819529056549,0.6075180768966675,0.4180765151977539,0.9684106117344334,0.9714486965210605,0.0005698947368421053,False
5,504,0.39241427183151245,0.6075857281684875,0.41002243757247925,0.9685903010874799,0.9718262778471001,0.0005689473684210527,False
5,505,0.3923409879207611,0.6076590418815613,0.415785014629364,0.9686837395510641,0.9721144560479977,0.000568,False
5,506,0.39227089285850525,0.6077291369438171,0.4174670875072479,0.9687196774216734,0.9722880853683662,0.0005670526315789473,False
5,507,0.39219745993614197,0.6078025698661804,0.41583046317100525,0.9685974886616019,0.9723028126198561,0.0005661052631578947,False
5,508,0.3921203911304474,0.6078795790672302,0.4181238114833832,0.9688274910335013,0.972709585670838,0.0005651578947368421,False
5,509,0.392046719789505,0.6079532504081726,0.41513514518737793,0.9689568673676947,0.9729169560405444,0.0005642105263157896,False
5,510,0.3919764757156372,0.6080235242843628,0.4134640395641327,0.9694887478527122,0.9733929209136725,0.0005632631578947368,False
5,511,0.3919106125831604,0.6080893874168396,0.42020684480667114,0.970114066801314,0.9739520455373919,0.0005623157894736842,False
5,512,0.39184123277664185,0.6081588268280029,0.41973555088043213,0.9704734455074069,0.9742718986268403,0.0005613684210526316,False
5,513,0.3917689323425293,0.6082311272621155,0.4148726463317871,0.9708112614911342,0.9744699422150348,0.0005604210526315791,False
5,514,0.39169439673423767,0.6083056330680847,0.4123417139053345,0.9710412638630335,0.9746995659935522,0.0005594736842105263,False
5,515,0.39161956310272217,0.6083804965019226,0.41653138399124146,0.9709334502512057,0.974647442041023,0.0005585263157894737,False
5,516,0.3915483355522156,0.6084517240524292,0.4168586730957031,0.9708759496582309,0.974613678023709,0.000557578947368421,False
5,517,0.3914716839790344,0.6085283160209656,0.4170185625553131,0.9707393857499156,0.9745804230832703,0.0005566315789473684,False
5,518,0.3914003074169159,0.6085996627807617,0.41949617862701416,0.9706818851569406,0.9746813757302243,0.0005556842105263159,False
5,519,0.39133456349372864,0.608665406703949,0.41887331008911133,0.9704590703591631,0.9744997734752615,0.0005547368421052631,False
5,520,0.3912699222564697,0.6087300181388855,0.40712904930114746,0.9699559401706329,0.9740519755052929,0.0005537894736842105,False
5,521,0.39120611548423767,0.6087938547134399,0.41419708728790283,0.9693234336479095,0.9734772229915866,0.0005528421052631578,False
5,522,0.39114364981651306,0.6088563799858093,0.41712477803230286,0.9686621768286986,0.9728001718275475,0.0005518947368421053,False
5,523,0.3910819888114929,0.6089180111885071,0.4161038398742676,0.9684609247532865,0.9725545986166131,0.0005509473684210527,False
5,524,0.3910257816314697,0.6089742183685303,0.41438359022140503,0.9686046762357235,0.972584338468764,0.00055,False
5,525,0.3909703195095062,0.6090297102928162,0.41148337721824646,0.9688203034593794,0.9725641439014513,0.0005490526315789473,False
5,526,0.39090684056282043,0.609093189239502,0.4119979739189148,0.9693881218150061,0.9729786982206623,0.0005481052631578948,False
5,527,0.3908441364765167,0.6091558933258057,0.4138804078102112,0.9700853165048264,0.9734953036745657,0.0005471578947368421,False
5,528,0.39077746868133545,0.6092225313186646,0.41680824756622314,0.9703009437284821,0.9737653177150974,0.0005462105263157896,False
5,529,0.39071130752563477,0.60928875207901,0.41809141635894775,0.9704662579332849,0.9739629120575604,0.0005452631578947368,False
5,530,0.39064449071884155,0.6093554496765137,0.41579103469848633,0.9703871946179444,0.9739549635482605,0.0005443157894736843,False
5,531,0.3905767500400543,0.6094232201576233,0.41279923915863037,0.9703081313026041,0.9739103020616147,0.0005433684210526316,False
5,532,0.39050477743148804,0.609495222568512,0.41119980812072754,0.9703656318955789,0.9740431409054409,0.000542421052631579,False
5,533,0.39043232798576355,0.6095676422119141,0.41478776931762695,0.9703009437284822,0.9740766565146106,0.0005414736842105263,False
5,534,0.3903578817844391,0.6096421480178833,0.410063773393631,0.9703225064508477,0.9740897249656625,0.0005405263157894736,False
5,535,0.39028501510620117,0.6097149848937988,0.41088345646858215,0.9704015697661882,0.9743292431610587,0.0005395789473684211,False
5,536,0.39021384716033936,0.6097861528396606,0.4087323546409607,0.9703368815990915,0.9743233599063966,0.0005386315789473684,False
5,537,0.3901418149471283,0.6098582148551941,0.41207942366600037,0.9703943821920664,0.9744730800689877,0.0005376842105263159,False
5,538,0.3900703489780426,0.6099296808242798,0.41208457946777344,0.97040875734031,0.9745733324447385,0.0005367368421052631,False
5,539,0.38999810814857483,0.6100018620491028,0.41211336851119995,0.9704087573403101,0.9745855370220761,0.0005357894736842105,False
5,540,0.3899213671684265,0.6100786328315735,0.4112910330295563,0.9701428170978014,0.9743526539872704,0.0005348421052631579,False
5,541,0.3898402154445648,0.6101598143577576,0.40799009799957275,0.969603749038662,0.9739313586350904,0.0005338947368421053,False
5,542,0.3897610902786255,0.6102389097213745,0.4071171283721924,0.9693809342408843,0.9737471276571111,0.0005329473684210526,False
5,543,0.3896805942058563,0.6103193759918213,0.40410488843917847,0.9690287431089134,0.9733961463367984,0.000532,False
5,544,0.3895989656448364,0.6104010343551636,0.4071637988090515,0.9690143679606696,0.9732634549729984,0.0005310526315789474,False
5,545,0.3895253539085388,0.6104746460914612,0.4173388183116913,0.9694384348338592,0.9734734675202609,0.0005301052631578948,False
5,546,0.3894497752189636,0.6105502247810364,0.40898844599723816,0.9699128147259019,0.9737393207710086,0.0005291578947368421,False
5,547,0.3893730938434601,0.6106268763542175,0.4089857339859009,0.9703871946179444,0.9740340248092768,0.0005282105263157894,False
5,548,0.38930249214172363,0.6106975078582764,0.4127812087535858,0.9709837632700588,0.9743596310874694,0.0005272631578947368,False
5,549,0.3892323076725006,0.610767662525177,0.40691399574279785,0.9712497035125675,0.9744397863887296,0.0005263157894736842,False
5,550,0.3891642689704895,0.6108357310295105,0.40625402331352234,0.9717528337010976,0.9747076291763546,0.0005253684210526316,False
5,551,0.3890976309776306,0.6109023690223694,0.4118398427963257,0.971882210035291,0.9746995883069813,0.000524421052631579,True
5,552,0.3890331983566284,0.6109668016433716,0.4162672460079193,0.9719253354800221,0.9745273589687057,0.0005234736842105263,False
5,553,0.3889693319797516,0.6110306978225708,0.4012811481952667,0.9714150177173703,0.9740034389654272,0.0005225263157894736,False
5,554,0.38890936970710754,0.6110906600952148,0.4124157130718231,0.9708256366393778,0.973284493198225,0.0005215789473684211,False
5,555,0.38885360956192017,0.6111464500427246,0.4082809090614319,0.9702218804131417,0.9724688562774897,0.0005206315789473684,False
5,556,0.38879600167274475,0.6112039685249329,0.40648549795150757,0.9697187502246117,0.972105381108429,0.0005196842105263159,False
5,557,0.38873571157455444,0.6112642884254456,0.4064425826072693,0.9694096845373718,0.971937539278428,0.0005187368421052631,False
5,558,0.3886767029762268,0.6113232970237732,0.4157674014568329,0.9688849916264761,0.9716529897399377,0.0005177894736842106,False
5,559,0.3886181712150574,0.6113818883895874,0.4171127676963806,0.9684752999015301,0.971429853398035,0.0005168421052631579,False
5,560,0.3885573446750641,0.6114426255226135,0.4097050130367279,0.9679362318423907,0.9710212860840426,0.0005158947368421053,False
5,561,0.3885081112384796,0.611491858959198,0.4092337191104889,0.9679434194165127,0.9710038696179084,0.0005149473684210526,False
5,562,0.3884580731391907,0.6115419864654541,0.41587966680526733,0.9679362318423909,0.9709455472308786,0.000514,False
5,563,0.3884105980396271,0.6115894317626953,0.4119352400302887,0.967929044268269,0.971013902677355,0.0005130526315789474,False
5,564,0.3883601725101471,0.6116398572921753,0.40582865476608276,0.9678140430823193,0.9709967068048242,0.0005121052631578947,False
5,565,0.3883080780506134,0.6116918921470642,0.4047820270061493,0.967670291599882,0.9709791420070788,0.0005111578947368422,False
5,566,0.38825398683547974,0.611746072769165,0.41328439116477966,0.9675984158586636,0.9710407146838088,0.0005102105263157894,False
5,567,0.3881978690624237,0.6118021011352539,0.4094133675098419,0.9678140430823192,0.9714633102519202,0.0005092631578947368,False
5,568,0.3881458044052124,0.6118541955947876,0.4130130112171173,0.967670291599882,0.9716066237923033,0.0005083157894736842,False
5,569,0.388091117143631,0.6119089126586914,0.40659084916114807,0.9676990418963695,0.9717490700840751,0.0005073684210526316,False
5,570,0.3880460262298584,0.6119540333747864,0.4194774329662323,0.9677852927858318,0.9717640048952845,0.000506421052631579,False
5,571,0.38799938559532166,0.6120006442070007,0.4040491580963135,0.9676631040257603,0.9714504740668481,0.0005054736842105263,False
5,572,0.38795700669288635,0.6120429635047913,0.40746843814849854,0.9677206046187351,0.9714098106820132,0.0005045263157894737,False
5,573,0.3879111111164093,0.6120888590812683,0.4068952798843384,0.9677924803599537,0.9713424947343194,0.0005035789473684211,False
5,574,0.38786759972572327,0.6121324300765991,0.4075307846069336,0.9681087336213154,0.971643377050755,0.0005026315789473684,False
5,575,0.38782256841659546,0.6121774315834045,0.40452274680137634,0.9681518590660466,0.9717714172806869,0.0005016842105263159,False
5,576,0.38777369260787964,0.6122263669967651,0.4063211679458618,0.968130296343681,0.971680370128653,0.0005007368421052631,False
5,577,0.3877222239971161,0.6122778058052063,0.4012545347213745,0.968187796936656,0.9717529962319461,0.0004997894736842106,False
5,578,0.38766610622406006,0.6123338937759399,0.4059617221355438,0.9684609247532865,0.9720503856191006,0.0004988421052631579,False
5,579,0.38761287927627563,0.6123871207237244,0.41169172525405884,0.9685184253462614,0.9721549939259283,0.0004978947368421053,False
5,580,0.38755908608436584,0.6124408841133118,0.40310606360435486,0.9682596726778745,0.971896650788827,0.0004969473684210526,False
5,581,0.38750770688056946,0.6124922633171082,0.4056861698627472,0.9682021720848996,0.9718036732723783,0.0004959999999999999,False
5,582,0.38745206594467163,0.6125479936599731,0.40652167797088623,0.9682884229743619,0.9718202809298067,0.0004950526315789474,False
5,583,0.3873993754386902,0.6126006245613098,0.41185370087623596,0.9683674862897024,0.9718823353771192,0.0004941052631578947,False
5,584,0.3873453438282013,0.6126546859741211,0.4097682237625122,0.9683531111414586,0.9717425039946621,0.0004931578947368422,False
5,585,0.3872883915901184,0.6127116084098816,0.40712955594062805,0.9680512330283405,0.9713053823094031,0.0004922105263157894,False
5,586,0.3872246742248535,0.6127753853797913,0.40905821323394775,0.9679146691200253,0.971164286990051,0.0004912631578947369,False
5,587,0.38716861605644226,0.6128314137458801,0.40641364455223083,0.9679290442682691,0.9711077425756092,0.0004903157894736842,False
5,588,0.3871142268180847,0.6128857731819153,0.40590932965278625,0.9675984158586636,0.9707982356698849,0.0004893684210526316,False
5,589,0.38706421852111816,0.6129357218742371,0.41093456745147705,0.9672893501714236,0.9704757936237032,0.000488421052631579,False
5,590,0.38701510429382324,0.6129848957061768,0.4052732586860657,0.9673540383385203,0.9703446437751717,0.0004874736842105263,False
5,591,0.386968731880188,0.613031268119812,0.4055003821849823,0.96727497502318,0.9701655856149364,0.0004865263157894737,False
5,592,0.3869180977344513,0.6130818724632263,0.4125085175037384,0.9674474768021045,0.9704864096567628,0.00048557894736842103,False
5,593,0.3868657350540161,0.6131342649459839,0.4046386778354645,0.9673037253196674,0.9703137835957474,0.0004846315789473684,False
5,594,0.3868151903152466,0.6131847500801086,0.41066882014274597,0.9673540383385203,0.9703391106222077,0.00048368421052631574,False
5,595,0.3867585361003876,0.61324143409729,0.39502474665641785,0.9673396631902765,0.9703471324544158,0.00048273684210526307,False
5,596,0.38670194149017334,0.6132979989051819,0.40116074681282043,0.9674474768021044,0.9704194226313613,0.0004817894736842105,False
5,597,0.3866431415081024,0.6133568286895752,0.4059159457683563,0.9673899762091296,0.9704035288332005,0.0004808421052631578,False
5,598,0.38658758997917175,0.6134123802185059,0.4053606688976288,0.9670521602254024,0.9702842484633328,0.00047989473684210526,False
5,599,0.3865310251712799,0.6134690046310425,0.4038375914096832,0.9668293454276248,0.9702507240525619,0.0004789473684210526,False
5,600,0.38647353649139404,0.6135265231132507,0.40145522356033325,0.9665921554816033,0.9703273773537644,0.000478,False
5,601,0.38641250133514404,0.613587498664856,0.39920124411582947,0.9663693406838257,0.9703440944024772,0.00047705263157894734,False
5,602,0.3863602578639984,0.613639771938324,0.41210079193115234,0.9666712187969437,0.9704969262963077,0.00047610526315789467,False
5,603,0.38630831241607666,0.6136916875839233,0.4008231461048126,0.9670593477995242,0.9707425960477953,0.0004751578947368421,False
5,604,0.3862560987472534,0.6137439012527466,0.40159982442855835,0.9671312235407428,0.9705021074250468,0.00047421052631578943,False
5,605,0.3862074017524719,0.6137925982475281,0.4099675714969635,0.9671240359666208,0.9702951274370192,0.00047326315789473686,False
5,606,0.38615942001342773,0.6138405799865723,0.4018060863018036,0.9671599738372301,0.9702853880595257,0.0004723157894736842,False
5,607,0.3861130177974701,0.6138870120048523,0.40480953454971313,0.9673252880420328,0.9703556596530354,0.0004713684210526316,False
5,608,0.3860585391521454,0.613941490650177,0.4087733030319214,0.9674259140797389,0.9706085047057853,0.00047042105263157895,False
5,609,0.38599708676338196,0.6140028834342957,0.4025924503803253,0.9674762270985919,0.970851833239779,0.0004694736842105263,False
5,610,0.3859320878982544,0.6140679121017456,0.4063909649848938,0.9675409152656886,0.9710851605250594,0.00046852631578947365,False
5,611,0.38587072491645813,0.6141293048858643,0.4001447260379791,0.967526540117445,0.9710453415852244,0.000467578947368421,False
5,612,0.3858111500740051,0.6141887903213501,0.40746185183525085,0.9675696655621762,0.9710628697503704,0.0004666315789473684,False
5,613,0.3857474625110626,0.614252507686615,0.4077487587928772,0.967569665562176,0.9710614517112188,0.00046568421052631574,False
5,614,0.38568782806396484,0.6143121719360352,0.40831804275512695,0.9675912282845416,0.970914285336974,0.00046473684210526317,False
5,615,0.3856278657913208,0.6143721342086792,0.4007521867752075,0.967878731249416,0.9708529784733682,0.0004637894736842105,False
5,616,0.3855729401111603,0.6144270896911621,0.4109310209751129,0.9680512330283406,0.9705853351516389,0.00046284210526315793,False
5,617,0.3855208158493042,0.6144791841506958,0.40688472986221313,0.9680081075836094,0.9701636684176477,0.00046189473684210525,False
5,618,0.3854700028896332,0.6145300269126892,0.3995295763015747,0.9680440454542186,0.9700251697016266,0.0004609473684210526,False
5,619,0.38541316986083984,0.6145868897438049,0.4012008011341095,0.968079983324828,0.9698952284525886,0.00046,False
5,620,0.38535597920417786,0.6146439909934998,0.3999694883823395,0.9680727957507061,0.9698900379738885,0.00045905263157894734,False
5,621,0.385297954082489,0.614702045917511,0.3990355432033539,0.9679362318423909,0.9696089830658818,0.0004581052631578948,False
5,622,0.3852408528327942,0.6147591471672058,0.3988194763660431,0.9680009200094876,0.9695512582092108,0.0004571578947368421,False
5,623,0.38517841696739197,0.6148215532302856,0.4013417363166809,0.9676631040257603,0.9692034005957612,0.0004562105263157895,False
5,624,0.38511404395103455,0.6148859858512878,0.40352052450180054,0.9674187265056171,0.9690499376323248,0.0004552631578947368,False
5,625,0.3850545883178711,0.6149454116821289,0.40414106845855713,0.9673037253196675,0.9690717180292953,0.00045431578947368413,False
5,626,0.384996622800827,0.6150034070014954,0.4034930169582367,0.9675409152656885,0.9693154511631843,0.00045336842105263156,False
5,627,0.38493847846984863,0.6150615811347961,0.39781785011291504,0.9675481028398105,0.9693527764320641,0.0004524210526315789,False
5,628,0.3848811984062195,0.6151188015937805,0.4037277102470398,0.9678715436752942,0.9697472649744188,0.0004514736842105263,False
5,629,0.38482406735420227,0.6151759624481201,0.4030132293701172,0.9679865448612439,0.9699505383573825,0.00045052631578947365,False
5,630,0.38476815819740295,0.6152318716049194,0.39728379249572754,0.967936231842391,0.9700174063502996,0.0004495789473684211,False
5,631,0.38471636176109314,0.6152836680412292,0.39732667803764343,0.9681518590660466,0.9704145177540869,0.0004486315789473684,False
5,632,0.38466617465019226,0.6153338551521301,0.4025422930717468,0.9685112377721395,0.9707720797218268,0.00044768421052631573,False
5,633,0.3846132457256317,0.6153867840766907,0.3997631371021271,0.9685687383651144,0.9708728543684723,0.00044673684210526317,False
5,634,0.3845594823360443,0.6154404878616333,0.4076467454433441,0.9686406141063328,0.9710813533858359,0.0004457894736842105,False
5,635,0.38450363278388977,0.6154963970184326,0.40249761939048767,0.9686621768286985,0.9712356899107406,0.0004448421052631579,False
5,636,0.3844539523124695,0.6155459880828857,0.40694597363471985,0.9686190513839674,0.9711846070716689,0.00044389473684210525,False
5,637,0.38440120220184326,0.615598738193512,0.4002751111984253,0.9684177993085553,0.9710148036035331,0.0004429473684210527,False
5,638,0.3843499422073364,0.6156500577926636,0.39943116903305054,0.9684321744567991,0.9710635053262421,0.000442,False
5,639,0.38429775834083557,0.615702211856842,0.4006113111972809,0.9683459235673368,0.970880847327441,0.00044105263157894734,False
5,640,0.3842485845088959,0.6157513856887817,0.39319831132888794,0.9678571685270504,0.9704090994313694,0.0004401052631578947,False
5,641,0.38419896364212036,0.6158010363578796,0.4060397148132324,0.9675481028398106,0.9700333755904977,0.00043915789473684204,False
5,642,0.38415107131004333,0.6158488988876343,0.4051760137081146,0.9677349797669789,0.9704544444566685,0.0004382105263157895,False
5,643,0.384106308221817,0.6158936619758606,0.40027421712875366,0.9677206046187351,0.9707210918305458,0.0004372631578947368,False
5,644,0.38406363129615784,0.6159363389015198,0.40334177017211914,0.9681734217884121,0.9714109083111274,0.00043631578947368423,False
5,645,0.3840270936489105,0.6159728765487671,0.4025517404079437,0.9685040501980176,0.9720074928595883,0.00043536842105263156,False
5,646,0.38399067521095276,0.6160092949867249,0.4002078175544739,0.9688849916264762,0.9724254231442814,0.0004344210526315789,False
5,647,0.38395336270332336,0.616046667098999,0.3959684371948242,0.9693090584996658,0.9728670077307362,0.0004334736842105263,False
5,648,0.3839116394519806,0.6160883903503418,0.39485272765159607,0.9692803082031783,0.9726903402359438,0.00043252631578947364,False
5,649,0.3838692605495453,0.6161307692527771,0.40016278624534607,0.9694384348338592,0.9727844461284294,0.0004315789473684211,False
5,650,0.3838272988796234,0.616172730922699,0.3985214829444885,0.9694240596856156,0.9727037965490423,0.0004306315789473684,False
5,651,0.3837832510471344,0.616216778755188,0.4003317058086395,0.9694168721114937,0.9726487839189718,0.00042968421052631584,False
5,652,0.38373857736587524,0.6162614226341248,0.39800524711608887,0.9693665590926406,0.9725516161282007,0.00042873684210526316,False
5,653,0.3836989998817444,0.6163010001182556,0.3966248035430908,0.9694743727044685,0.9725338189702744,0.0004277894736842105,False
5,654,0.38366103172302246,0.6163389682769775,0.4012794494628906,0.9693234336479094,0.9722822342514057,0.00042684210526315787,False
5,655,0.3836263120174408,0.6163737177848816,0.396835595369339,0.9690071803865477,0.971913664743348,0.0004258947368421052,False
5,656,0.38359448313713074,0.6164054870605469,0.4032668471336365,0.9688131158852575,0.9718270978017192,0.0004249473684210526,False
5,657,0.38355913758277893,0.6164408922195435,0.3974573612213135,0.9686262389580891,0.9716507211655524,0.00042399999999999995,False
5,658,0.38352566957473755,0.6164743304252625,0.3990575969219208,0.9684537371791647,0.9716224329842695,0.0004230526315789474,False
5,659,0.38349127769470215,0.6165087223052979,0.39832523465156555,0.9682021720848997,0.9714735567497027,0.0004221052631578947,False
5,660,0.38345327973365784,0.6165467500686646,0.3979174792766571,0.967835605804685,0.9713601834901792,0.00042115789473684204,False
5,661,0.38341450691223145,0.6165854930877686,0.39898088574409485,0.9674115389314951,0.9711143663547708,0.00042021052631578947,False
5,662,0.38337552547454834,0.6166244149208069,0.40009212493896484,0.9670880980960116,0.9708063525487592,0.0004192631578947368,False
5,663,0.38333365321159363,0.6166663765907288,0.39789143204689026,0.9666640312228217,0.9704527443789184,0.00041831578947368423,False
5,664,0.3832915425300598,0.6167084574699402,0.3956690728664398,0.966354965535582,0.9701531277008085,0.00041736842105263156,False
5,665,0.38324829936027527,0.6167517304420471,0.39880847930908203,0.9663909034061914,0.9701482855920545,0.000416421052631579,False
5,666,0.3832111656665802,0.6167888045310974,0.4006541669368744,0.9667574696864061,0.9704406056249665,0.0004154736842105263,False
5,667,0.38317644596099854,0.6168235540390015,0.39741992950439453,0.9671599738372303,0.9707967684517606,0.00041452631578947364,False
5,668,0.38313356041908264,0.6168664693832397,0.4007192850112915,0.9674762270985919,0.9708713391547452,0.0004135789473684211,False
5,669,0.3830898106098175,0.6169102191925049,0.392330139875412,0.9678212306564412,0.9709961490938201,0.0004126315789473684,False
5,670,0.3830477297306061,0.6169522404670715,0.39956536889076233,0.9680584206024623,0.9710001798350165,0.0004116842105263158,False
5,671,0.3830052316188812,0.6169947981834412,0.3928641676902771,0.9680152951577313,0.9708024330842963,0.0004107368421052631,False
5,672,0.3829593360424042,0.6170406937599182,0.397666335105896,0.9680943584730717,0.9708134206136333,0.00040978947368421054,False
5,673,0.38291075825691223,0.6170892119407654,0.3957614302635193,0.9683602987155805,0.971045967901208,0.00040884210526315786,False
5,674,0.38286179304122925,0.6171382069587708,0.39848726987838745,0.9686981146993078,0.9713481163205511,0.0004078947368421052,False
5,675,0.38281482458114624,0.6171851754188538,0.3988734483718872,0.9691868697395941,0.9718375452523216,0.0004069473684210526,False
5,676,0.382768839597702,0.6172311305999756,0.3961760401725769,0.9695318732974434,0.9723026958127649,0.00040599999999999995,False
5,677,0.3827225863933563,0.6172773838043213,0.3930453658103943,0.9694671851303466,0.9723030536021646,0.0004050526315789474,False
5,678,0.3826780915260315,0.6173219084739685,0.3931831121444702,0.9693234336479095,0.972284254995248,0.0004041052631578947,False
5,679,0.38263002038002014,0.6173699498176575,0.39413967728614807,0.9690359306830353,0.9721536644345872,0.00040315789473684214,False
5,680,0.3825838267803192,0.6174162030220032,0.3980199992656708,0.9689424922194511,0.9721617637029493,0.00040221052631578947,False
5,681,0.38253721594810486,0.6174628138542175,0.3932734727859497,0.9688490537558668,0.9721734543038818,0.0004012631578947368,False
5,682,0.3824896812438965,0.6175102591514587,0.3940478265285492,0.9686406141063331,0.9720015889089485,0.0004003157894736842,False
5,683,0.3824395537376404,0.6175604462623596,0.3951731026172638,0.9685328004945051,0.9719476347994608,0.00039936842105263155,False
5,684,0.3823944628238678,0.6176055073738098,0.4075227379798889,0.9684681123274084,0.971820860937281,0.000398421052631579,False
5,685,0.3823508322238922,0.6176491379737854,0.39928826689720154,0.9682740478261181,0.9715197381909544,0.0003974736842105263,False
5,686,0.3823043704032898,0.6176956295967102,0.39575135707855225,0.9679649821388783,0.9711447108311267,0.0003965263157894737,False
5,687,0.3822609484195709,0.6177390217781067,0.4013473093509674,0.96777810521171,0.970844871268055,0.000395578947368421,False
5,688,0.38221991062164307,0.6177800297737122,0.39562034606933594,0.9675049773950793,0.9705979414053005,0.00039463157894736834,False
5,689,0.3821812868118286,0.6178187131881714,0.38957613706588745,0.9673540383385204,0.9705514122103531,0.0003936842105263158,False
5,690,0.38214436173439026,0.6178556084632874,0.3928236961364746,0.9670952856701335,0.9704305147532668,0.0003927368421052631,False
5,691,0.38210558891296387,0.6178944110870361,0.3982659578323364,0.9669802844841837,0.9703715506458694,0.00039178947368421053,False
5,692,0.3820662796497345,0.6179337501525879,0.3971804976463318,0.967066535373646,0.9703897631417249,0.00039084210526315786,False
5,693,0.38202202320098877,0.6179779171943665,0.3909376263618469,0.9673396631902766,0.9704539380107717,0.0003898947368421053,False
5,694,0.3819747567176819,0.6180251836776733,0.39353126287460327,0.9674043513573735,0.970472325414131,0.0003889473684210526,False
5,695,0.38192808628082275,0.6180719137191772,0.39139440655708313,0.9674834146727138,0.9703759671577887,0.00038799999999999994,False
5,696,0.3818844258785248,0.6181155443191528,0.3996736407279968,0.9677565424893444,0.97063392553335,0.0003870526315789474,False
5,697,0.38184064626693726,0.6181593537330627,0.3947376310825348,0.9679577945647564,0.9708019550748088,0.0003861052631578947,False
5,698,0.3817928433418274,0.6182071566581726,0.3964771032333374,0.9677134170446132,0.970534536026963,0.00038515789473684214,False
5,699,0.38174673914909363,0.618253231048584,0.3904002904891968,0.9676487288775165,0.970441045247901,0.00038421052631578946,False
5,700,0.38170015811920166,0.6182998418807983,0.39455217123031616,0.9675984158586635,0.9704248356144907,0.00038326315789473684,False
5,701,0.3816615343093872,0.618338406085968,0.3996015787124634,0.9674977898209575,0.9703777013536694,0.00038231578947368417,False
5,702,0.3816225528717041,0.6183774471282959,0.39482077956199646,0.9672893501714237,0.9702811302832599,0.0003813684210526315,False
5,703,0.3815901279449463,0.6184098720550537,0.38846614956855774,0.9673324756161548,0.9704064687813931,0.00038042105263157893,False
5,704,0.38156041502952576,0.6184396147727966,0.3991311192512512,0.9671096608183772,0.9702906166039422,0.00037947368421052625,False
5,705,0.38153076171875,0.61846923828125,0.3934383988380432,0.9669371590394525,0.9701641729309517,0.0003785263157894737,False
5,706,0.38149958848953247,0.6185003519058228,0.3946860730648041,0.9667934075570154,0.9700022558676712,0.000377578947368421,False
5,707,0.3814649283885956,0.618535041809082,0.3920241892337799,0.9665849679074816,0.9697009750431543,0.00037663157894736845,False
5,708,0.38143235445022583,0.6185675859451294,0.3954628109931946,0.9661249631636827,0.9691789197208747,0.00037568421052631577,False
5,709,0.3814007341861725,0.6185992360115051,0.39773285388946533,0.9656721459940055,0.9686511551345495,0.0003747368421052631,False
5,710,0.38137030601501465,0.6186296939849854,0.39551204442977905,0.9651762033795973,0.9680331504492719,0.00037378947368421053,False
5,711,0.38133689761161804,0.6186631321907043,0.3982636034488678,0.9649821388783072,0.9678995558271285,0.00037284210526315786,False
5,712,0.3813086450099945,0.6186913251876831,0.39738568663597107,0.964888700414723,0.967895787943873,0.0003718947368421053,False
5,713,0.38127797842025757,0.6187220215797424,0.39188551902770996,0.9650899524901349,0.9682822504401822,0.0003709473684210526,False
5,714,0.38124486804008484,0.6187551021575928,0.3955708146095276,0.9652552666949378,0.9685937962379932,0.00037000000000000005,False
5,715,0.3812139630317688,0.6187860369682312,0.3925098180770874,0.9654852690668372,0.9689363048396302,0.0003690526315789474,False
5,716,0.3811824917793274,0.6188174486160278,0.39280635118484497,0.9656793335681274,0.9692653054111054,0.0003681052631578947,False
5,717,0.38114941120147705,0.618850588798523,0.39425814151763916,0.9658446477729302,0.9695091738398299,0.0003671578947368421,False
5,718,0.38111376762390137,0.6188862323760986,0.39129382371902466,0.9660530874224641,0.9697192148162522,0.0003662105263157894,False
5,719,0.38107830286026,0.61892169713974,0.38929736614227295,0.9662974649426072,0.9699660963011958,0.00036526315789473684,False
5,720,0.3810395300388336,0.6189604997634888,0.3965602517127991,0.9663549655355821,0.9700927835923269,0.00036431578947368416,False
5,721,0.3810065984725952,0.61899334192276,0.39710748195648193,0.9661752761825356,0.9699539420428039,0.0003633684210526316,False
5,722,0.38097214698791504,0.6190277934074402,0.39662036299705505,0.9660243371259765,0.9698638108571968,0.0003624210526315789,False
5,723,0.3809336721897125,0.6190663576126099,0.39405253529548645,0.9658662104952956,0.9696639165981555,0.00036147368421052625,False
5,724,0.3808925449848175,0.6191074848175049,0.3896138370037079,0.9656577708457619,0.969228942549547,0.0003605263157894737,False
5,725,0.3808487057685852,0.61915123462677,0.39329200983047485,0.9655787075304214,0.9689301595447056,0.000359578947368421,False
5,726,0.3808039128780365,0.6191961169242859,0.39704036712646484,0.965348705158522,0.9685262882290089,0.00035863157894736844,False
5,727,0.38075828552246094,0.6192417144775391,0.39447396993637085,0.9653630803067658,0.9682829338878725,0.00035768421052631577,False
5,728,0.38071495294570923,0.6192851066589355,0.3929738700389862,0.9655858951045433,0.968380218848163,0.0003567368421052632,False
5,729,0.380673348903656,0.6193265914916992,0.39331573247909546,0.9660171495518548,0.9688288624606998,0.0003557894736842105,False
5,730,0.38063734769821167,0.6193626523017883,0.3938133120536804,0.9662543394978761,0.9690011302651083,0.00035484210526315785,False
5,731,0.38060352206230164,0.6193965077400208,0.39466920495033264,0.9665777803333597,0.9692297485217833,0.00035389473684210523,False
5,732,0.3805699348449707,0.6194300651550293,0.39802300930023193,0.9667502821122843,0.9692492268856505,0.00035294736842105256,False
5,733,0.38053470849990845,0.6194652915000916,0.388748437166214,0.9668437205758684,0.9692939172544632,0.000352,False
5,734,0.38049912452697754,0.6195008754730225,0.39218682050704956,0.9671887241337177,0.9696865361173358,0.0003510526315789473,False
5,735,0.3804648220539093,0.6195352077484131,0.390821635723114,0.9674546643762264,0.9699192526168632,0.00035010526315789475,False
5,736,0.38042908906936646,0.6195709109306335,0.3898952007293701,0.9677206046187352,0.9701968616188714,0.0003491578947368421,False
5,737,0.3803867995738983,0.6196131706237793,0.3905177414417267,0.9677996679340755,0.970337253588103,0.0003482105263157894,False
5,738,0.38034823536872864,0.6196517944335938,0.39390188455581665,0.9680009200094876,0.970522561183358,0.00034726315789473683,False
5,739,0.38030633330345154,0.6196936368942261,0.3892675042152405,0.968180609362534,0.9706452117858552,0.00034631578947368416,False
5,740,0.3802613317966461,0.6197386980056763,0.39128586649894714,0.9683746738638243,0.9708237174118097,0.0003453684210526316,False
5,741,0.3802183270454407,0.6197817325592041,0.3935050368309021,0.9685112377721395,0.9709559226960176,0.0003444210526315789,False
5,742,0.38017702102661133,0.6198230385780334,0.392539381980896,0.9685543632168706,0.9708456396779763,0.00034347368421052635,False
5,743,0.38013386726379395,0.619866132736206,0.3908333480358124,0.968532800494505,0.9708239433597415,0.0003425263157894737,False
5,744,0.3800906240940094,0.619909405708313,0.38954222202301025,0.9685903010874799,0.9708414436104407,0.000341578947368421,False
5,745,0.380048006772995,0.6199520230293274,0.3930383026599884,0.9685328004945051,0.9708305553508734,0.00034063157894736844,False
5,746,0.3800046741962433,0.6199953556060791,0.3903333842754364,0.9682884229743618,0.9706712925281126,0.00033968421052631576,False
5,747,0.37996143102645874,0.6200385689735413,0.39059698581695557,0.9681662342142903,0.9706783786938864,0.0003387368421052632,False
5,748,0.3799208104610443,0.6200792193412781,0.39529046416282654,0.9681446714919248,0.9707479617650696,0.0003377894736842105,False
5,749,0.37988290190696716,0.6201171278953552,0.3912034034729004,0.9682237348072651,0.9708506575597909,0.00033684210526315796,False
5,750,0.3798465132713318,0.6201534867286682,0.38804638385772705,0.9680296703059751,0.9705865489699773,0.0003358947368421053,False
5,751,0.37981101870536804,0.6201890110969543,0.3936692476272583,0.967828418230563,0.970458943636952,0.0003349473684210526,False
5,752,0.3797762095928192,0.6202238202095032,0.3905985951423645,0.9673756010608859,0.9700370000269142,0.000334,False
5,753,0.37974151968955994,0.6202585101127625,0.3916766345500946,0.9672246620043269,0.9699657227687912,0.0003330526315789473,False
5,754,0.37970513105392456,0.6202948689460754,0.3907966613769531,0.9670377850771584,0.9698927309290979,0.00033210526315789475,False
5,755,0.37967512011528015,0.6203249096870422,0.39189380407333374,0.9668221578535029,0.969725688182464,0.00033115789473684207,False
5,756,0.3796432912349701,0.6203567385673523,0.39741331338882446,0.9667287193899187,0.9696843744755508,0.0003302105263157895,False
5,757,0.3796141445636749,0.6203858256340027,0.3895992040634155,0.966664031222822,0.9697868230176816,0.00032926315789473683,False
5,758,0.37958455085754395,0.6204155087471008,0.385595440864563,0.9666784063710657,0.9698943406411922,0.00032831578947368416,False
5,759,0.3795580267906189,0.6204419732093811,0.3930075764656067,0.966664031222822,0.9700077225010575,0.0003273684210526316,False
5,760,0.37952810525894165,0.6204718947410583,0.3921249210834503,0.966513092166263,0.9697471468005507,0.0003264210526315789,False
5,761,0.37949562072753906,0.6205044388771057,0.38444796204566956,0.9665705927592378,0.9697747332591939,0.00032547368421052635,False
5,762,0.3794625699520111,0.6205374002456665,0.39219674468040466,0.9665849679074816,0.9696518245386353,0.0003245263157894737,False
5,763,0.3794330060482025,0.6205669641494751,0.3861752152442932,0.9666424685004564,0.9697101258939774,0.0003235789473684211,False
5,764,0.37940096855163574,0.6205989718437195,0.3994474411010742,0.9667215318157968,0.9698044758278103,0.00032263157894736843,False
5,765,0.37936753034591675,0.620632529258728,0.39437335729599,0.9665274673145068,0.9696058536511163,0.0003216842105263158,False
5,766,0.37933042645454407,0.6206695437431335,0.38707393407821655,0.9663405903873383,0.969449203949412,0.00032073684210526314,False
5,767,0.37929728627204895,0.6207026839256287,0.38920632004737854,0.9661177755895608,0.9692865312531004,0.00031978947368421046,False
5,768,0.3792651295661926,0.6207348704338074,0.39130905270576477,0.9658374601988083,0.968935800260909,0.0003188421052631579,False
5,769,0.3792371451854706,0.620762825012207,0.383725106716156,0.9655068317892028,0.9685741958396688,0.0003178947368421052,False
5,770,0.3792085647583008,0.6207914352416992,0.3863067030906677,0.9654493311962279,0.968458976950086,0.00031694736842105266,False
5,771,0.37917885184288025,0.6208211183547974,0.3851766884326935,0.9654277684738624,0.9683503918860253,0.000316,False
5,772,0.37914639711380005,0.6208536028862,0.3844456970691681,0.9655140193633246,0.9685204025796423,0.0003150526315789474,False
5,773,0.37911441922187805,0.6208855509757996,0.3940204679965973,0.9655715199562996,0.9685868132797815,0.00031410526315789474,False
5,774,0.3790839910507202,0.6209160089492798,0.3863193392753601,0.965794334754077,0.968911041365847,0.00031315789473684207,False
5,775,0.3790581524372101,0.6209418773651123,0.39660927653312683,0.9661896513307794,0.9693953420486121,0.0003122105263157895,False
5,776,0.3790302276611328,0.6209697127342224,0.3852817714214325,0.9664340288509226,0.969632177342489,0.00031126315789473683,False
5,777,0.3789988160133362,0.6210011839866638,0.3940640091896057,0.9666496560745783,0.9698200177375678,0.00031031578947368426,False
5,778,0.37896761298179626,0.6210323572158813,0.39192408323287964,0.9668005951311373,0.9700152252181001,0.0003093684210526316,False
5,779,0.3789369463920593,0.6210630536079407,0.39444783329963684,0.9670449726512804,0.9701974020512724,0.000308421052631579,False
5,780,0.3789092004299164,0.621090829372406,0.38745006918907166,0.9671384111148648,0.9703838544917086,0.00030747368421052635,False
5,781,0.37887799739837646,0.6211220026016235,0.38948073983192444,0.9671024732442554,0.9705428044089034,0.00030652631578947367,False
5,782,0.37884584069252014,0.6211541891098022,0.3879782557487488,0.9672462247266925,0.9708024178102451,0.00030557894736842105,False
5,783,0.37881264090538025,0.6211873292922974,0.38787683844566345,0.9673396631902766,0.9710327475413628,0.0003046315789473684,False
5,784,0.37878063321113586,0.6212193369865417,0.38580062985420227,0.967526540117445,0.9712339051701298,0.0003036842105263158,False
5,785,0.37874919176101685,0.6212508082389832,0.39087074995040894,0.9679649821388783,0.9717170020409331,0.00030273684210526314,False
5,786,0.378719687461853,0.621280312538147,0.386819988489151,0.9680943584730717,0.9718685991155979,0.00030178947368421057,False
5,787,0.37868911027908325,0.6213108897209167,0.3914359509944916,0.9681159211954373,0.9718285967200233,0.0003008421052631579,False
5,788,0.3786572515964508,0.6213427186012268,0.3893212676048279,0.9681231087695591,0.9717912008815732,0.0002998947368421052,False
5,789,0.3786265552043915,0.6213734149932861,0.38918358087539673,0.9682309223813871,0.9718015826687344,0.00029894736842105265,False
5,790,0.37859711050987244,0.6214028596878052,0.3881215751171112,0.9683099856967274,0.971800005108939,0.000298,False
5,791,0.3785681128501892,0.6214318871498108,0.38977208733558655,0.9684106117344334,0.9718615332450865,0.0002970526315789474,False
5,792,0.37853965163230896,0.6214603781700134,0.3863052427768707,0.9684609247532865,0.971837080864126,0.00029610526315789474,False
5,793,0.3785097897052765,0.6214902400970459,0.3893742561340332,0.9683531111414586,0.9716155731258314,0.00029515789473684217,False
5,794,0.3784821331501007,0.6215178370475769,0.3879229426383972,0.9683027981226057,0.9715369387215936,0.0002942105263157895,False
5,795,0.37845364212989807,0.6215463280677795,0.3894284963607788,0.9681877969366559,0.9713591363552183,0.0002932631578947368,False
5,796,0.37842434644699097,0.6215755939483643,0.38860130310058594,0.9681015460471936,0.9711955391927289,0.0002923157894736842,False
5,797,0.37839770317077637,0.6216022968292236,0.38407957553863525,0.9679434194165127,0.9709993796654466,0.00029136842105263153,False
5,798,0.37837034463882446,0.6216297149658203,0.3866298496723175,0.9678715436752942,0.9708774939963813,0.00029042105263157896,False
5,799,0.37834373116493225,0.6216562986373901,0.3904111683368683,0.9677349797669789,0.9707860237178466,0.0002894736842105263,False
5,800,0.3783196806907654,0.6216802597045898,0.38603177666664124,0.9677134170446132,0.9708491899098256,0.0002885263157894737,False
5,801,0.37829646468162537,0.6217035055160522,0.39059922099113464,0.9678643561011723,0.9711066708517854,0.00028757894736842105,False
5,802,0.37827783823013306,0.6217221021652222,0.3909449279308319,0.9679290442682691,0.9711940023977502,0.00028663157894736837,False
5,803,0.37826019525527954,0.6217398047447205,0.38670647144317627,0.9680081075836094,0.9713247087899406,0.0002856842105263158,False
5,804,0.3782420754432678,0.6217578649520874,0.3889552056789398,0.9680584206024624,0.9714558567153413,0.00028473684210526313,False
5,805,0.37822189927101135,0.621778130531311,0.38949054479599,0.9681087336213154,0.9714794835198184,0.00028378947368421057,False
5,806,0.37820062041282654,0.6217993497848511,0.38630983233451843,0.9681877969366559,0.9715791799351955,0.0002828421052631579,False
5,807,0.37818092107772827,0.6218190789222717,0.3871958553791046,0.9680368578800969,0.9714480734506873,0.0002818947368421053,False
5,808,0.37815967202186584,0.6218402981758118,0.38734692335128784,0.9681518590660465,0.9715285442529703,0.00028094736842105265,False
5,809,0.37813588976860046,0.6218641400337219,0.3890654146671295,0.9679577945647564,0.9713614178249226,0.00028,False
5,810,0.3781132400035858,0.6218867301940918,0.38585442304611206,0.9678284182305631,0.9711894381756406,0.0002790526315789474,False
5,811,0.37808677554130554,0.6219131946563721,0.3957667350769043,0.9678068555081974,0.971136004563845,0.00027810526315789473,False
5,812,0.3780631422996521,0.6219367980957031,0.3870353400707245,0.967770917637588,0.9711158078570727,0.0002771578947368421,False
5,813,0.3780393898487091,0.6219606399536133,0.3872178792953491,0.9678068555081974,0.9710963062253821,0.00027621052631578944,False
5,814,0.37801915407180786,0.6219808459281921,0.38463887572288513,0.9678140430823193,0.9709655936073217,0.0002752631578947369,False
5,815,0.37799692153930664,0.6220030784606934,0.38760125637054443,0.9676990418963695,0.9707824508527907,0.0002743157894736842,False
5,816,0.37797126173973083,0.6220287084579468,0.38138145208358765,0.9675481028398105,0.9706066981967139,0.0002733684210526315,False
5,817,0.37794768810272217,0.6220523118972778,0.38625985383987427,0.9673468507643986,0.9703167447524885,0.00027242105263157896,False
5,818,0.37792572379112244,0.6220742464065552,0.3882197141647339,0.9672893501714237,0.9701918937630452,0.0002714736842105263,False
5,819,0.3779056668281555,0.6220943927764893,0.38654568791389465,0.9672677874490581,0.9700545153647798,0.0002705263157894737,False
5,820,0.3778825104236603,0.6221174597740173,0.38513413071632385,0.9673756010608859,0.9700721767221812,0.00026957894736842104,False
5,821,0.3778587877750397,0.6221411824226379,0.39381691813468933,0.9672605998749362,0.9698538368572305,0.0002686315789473685,False
5,822,0.37783554196357727,0.6221644878387451,0.3848472535610199,0.967425914079739,0.9699635192844206,0.0002676842105263158,False
5,823,0.3778117597103119,0.6221882104873657,0.3870551884174347,0.9676056034327855,0.9701143281533088,0.00026673684210526313,False
5,824,0.3777868151664734,0.6222131252288818,0.39037013053894043,0.9676846667481258,0.9703972560795266,0.00026578947368421056,False
5,825,0.3777589201927185,0.6222410798072815,0.38381683826446533,0.9678571685270504,0.9707125818428529,0.0002648421052631579,False
5,826,0.37773048877716064,0.6222694516181946,0.3841695785522461,0.9678284182305631,0.9708827872979569,0.00026389473684210527,False
5,827,0.37770190834999084,0.6222980618476868,0.3863495886325836,0.967878731249416,0.971146372733528,0.0002629473684210526,False
5,828,0.3776744604110718,0.6223255395889282,0.38773441314697266,0.967929044268269,0.9713073057909603,0.000262,False
5,829,0.3776465058326721,0.6223534941673279,0.38492274284362793,0.9678140430823192,0.971385975925819,0.00026105263157894735,False
5,830,0.3776189684867859,0.6223810315132141,0.385821670293808,0.9680512330283405,0.9716279977437505,0.0002601052631578947,False
5,831,0.37759312987327576,0.6224068403244019,0.3848237097263336,0.9681087336213154,0.9718262579386736,0.0002591578947368421,False
5,832,0.3775687515735626,0.622431218624115,0.3818032741546631,0.9680368578800969,0.9718706443255807,0.00025821052631578944,False
5,833,0.37754303216934204,0.622456967830658,0.39061352610588074,0.9679577945647565,0.9719021575756355,0.00025726315789473687,False
5,834,0.3775196671485901,0.6224803328514099,0.3838142156600952,0.9677349797669789,0.971733501812248,0.0002563157894736842,False
5,835,0.3774973452091217,0.6225026845932007,0.3837103545665741,0.9676415413033946,0.9716221803587732,0.00025536842105263163,False
5,836,0.3774734139442444,0.6225265860557556,0.38451114296913147,0.9675912282845416,0.9714753873678708,0.00025442105263157895,False
5,837,0.37744465470314026,0.6225553154945374,0.38175785541534424,0.967526540117445,0.9713194527941341,0.0002534736842105263,False
5,838,0.3774159848690033,0.6225840449333191,0.3936620354652405,0.967526540117445,0.9711353645182604,0.0002525263157894737,False
5,839,0.3773859441280365,0.6226140260696411,0.3859044313430786,0.9675409152656888,0.9710470544108301,0.00025157894736842104,False
5,840,0.3773585557937622,0.6226414442062378,0.37905481457710266,0.9673612259126422,0.9707866406808585,0.0002506315789473685,False
5,841,0.37732839584350586,0.6226716041564941,0.38607460260391235,0.9672462247266924,0.970537257996164,0.0002496842105263158,False
5,842,0.3772988021373749,0.6227011680603027,0.38607364892959595,0.9671024732442554,0.9703846139437522,0.0002487368421052632,False
5,843,0.3772693872451782,0.622730553150177,0.3838837146759033,0.9669227838912089,0.9701630632471131,0.0002477894736842105,False
5,844,0.37723878026008606,0.6227612495422363,0.38384824991226196,0.9668509081499903,0.9701717097519236,0.00024684210526315783,False
5,845,0.3772103786468506,0.6227896213531494,0.3843992054462433,0.9669012211688433,0.9702847917838537,0.00024589473684210526,False
5,846,0.37717926502227783,0.6228207349777222,0.3811458945274353,0.9668580957241121,0.9702888628455268,0.0002449473684210526,False
5,847,0.37714883685112,0.6228511333465576,0.3839329779148102,0.9667143442416749,0.9702422458917669,0.00024400000000000002,False
5,848,0.37711983919143677,0.6228801608085632,0.38954320549964905,0.9667215318157968,0.9701993522935846,0.00024305263157894735,False
5,849,0.37709033489227295,0.6229097247123718,0.37905851006507874,0.9666424685004564,0.9700549919972218,0.00024210526315789478,False
5,850,0.37706258893013,0.6229374408721924,0.3836856484413147,0.9666568436487001,0.9699341170994384,0.0002411578947368421,False
5,851,0.37703806161880493,0.6229618787765503,0.38748812675476074,0.966807782705259,0.9699175383529628,0.00024021052631578943,False
5,852,0.37701570987701416,0.6229842901229858,0.387280136346817,0.9667574696864061,0.9697524045148282,0.00023926315789473687,False
5,853,0.376994252204895,0.623005747795105,0.39208370447158813,0.9667862199828937,0.9696987331401358,0.0002383157894736842,False
5,854,0.376974880695343,0.623025119304657,0.386717826128006,0.966865283298234,0.9696902114611818,0.00023736842105263163,False
5,855,0.3769560754299164,0.6230438947677612,0.3797278106212616,0.9668509081499903,0.9696657421540398,0.00023642105263157895,False
5,856,0.37693551182746887,0.6230645179748535,0.3837259113788605,0.9670952856701336,0.9699039953657256,0.00023547368421052638,False
5,857,0.3769145607948303,0.6230854392051697,0.38754451274871826,0.9673468507643984,0.9701090923183179,0.0002345263157894737,False
5,858,0.3768925666809082,0.6231074333190918,0.38867151737213135,0.9674906022468356,0.9701972387144036,0.00023357894736842104,False
5,859,0.37687426805496216,0.6231257319450378,0.3832991123199463,0.9673612259126423,0.9700083955835006,0.00023263157894736841,False
5,860,0.37685367465019226,0.6231463551521301,0.3783617317676544,0.9672462247266925,0.9698609263989392,0.00023168421052631574,False
5,861,0.37683364748954773,0.6231663227081299,0.3819291889667511,0.9670521602254023,0.969761027868233,0.00023073684210526317,False
5,862,0.37681373953819275,0.6231862306594849,0.3835371732711792,0.9668580957241121,0.9697342311153047,0.0002297894736842105,False
5,863,0.376792848110199,0.6232072114944458,0.38900214433670044,0.9666855939451875,0.9695821653005953,0.00022884210526315793,False
5,864,0.3767710030078888,0.6232290267944336,0.3839525580406189,0.966714344241675,0.969692979439638,0.00022789473684210526,False
5,865,0.37674880027770996,0.62325119972229,0.37959614396095276,0.9664987170180191,0.9696100431440171,0.00022694736842105258,False
5,866,0.37673377990722656,0.6232662200927734,0.390209823846817,0.9664124661285569,0.9696612760412644,0.00022600000000000002,False
5,867,0.3767205476760864,0.6232794523239136,0.3853437304496765,0.9663837158320695,0.9697515416520317,0.00022505263157894734,False
5,868,0.37671077251434326,0.6232892274856567,0.3903619050979614,0.9663477779614601,0.9698620631376533,0.00022410526315789478,False
5,869,0.3767007291316986,0.623299241065979,0.38588234782218933,0.9663262152390946,0.9699852606941317,0.0002231578947368421,False
5,870,0.3766915798187256,0.6233084201812744,0.39046767354011536,0.9662759022202417,0.9700408393843772,0.00022221052631578954,False
5,871,0.37668395042419434,0.6233161091804504,0.38933297991752625,0.9662830897943635,0.9700957803020718,0.00022126315789473683,False
5,872,0.3766735792160034,0.6233263611793518,0.37851324677467346,0.9665130921662629,0.9702939139344997,0.00022031578947368416,False
5,873,0.3766637444496155,0.6233363151550293,0.3805241584777832,0.9666855939451875,0.9704912028275549,0.0002193684210526316,False
5,874,0.3766520023345947,0.6233479380607605,0.383333683013916,0.966764657260528,0.970599323819941,0.00021842105263157892,False
5,875,0.3766423761844635,0.6233575940132141,0.3856894373893738,0.9669299714653307,0.9707720125146143,0.00021747368421052633,False
5,876,0.37663400173187256,0.6233660578727722,0.38786906003952026,0.9671455986889864,0.971013635427075,0.00021652631578947365,False
5,877,0.37662091851234436,0.623379111289978,0.3851564824581146,0.9672390371525706,0.9711404354872392,0.00021557894736842109,False
5,878,0.37660732865333557,0.6233927011489868,0.3818921446800232,0.9672318495784488,0.9711778483113014,0.0002146315789473684,False
5,879,0.37659361958503723,0.6234064102172852,0.38609007000923157,0.9673468507643984,0.971342493087296,0.00021368421052631574,False
5,880,0.3765760064125061,0.6234239935874939,0.38911494612693787,0.9672462247266925,0.9713702268301304,0.00021273684210526317,False
5,881,0.37655749917030334,0.6234424710273743,0.37744906544685364,0.9671743489854739,0.9713807302278552,0.0002117894736842105,False
5,882,0.37653645873069763,0.62346351146698,0.38875505328178406,0.9670952856701335,0.9713082134691399,0.00021084210526315793,False
5,883,0.3765169382095337,0.6234830617904663,0.38282832503318787,0.9670952856701335,0.9713338088656849,0.00020989473684210526,False
5,884,0.37649965286254883,0.6235003471374512,0.382294237613678,0.9671959117078395,0.9713772546529158,0.0002089473684210527,False
5,885,0.37648096680641174,0.6235190033912659,0.3855665624141693,0.9673540383385204,0.9715175122294761,0.00020800000000000001,False
5,886,0.37646517157554626,0.6235348582267761,0.38394761085510254,0.9674690395244702,0.9717090454117875,0.00020705263157894734,False
5,887,0.37644997239112854,0.6235499978065491,0.38502806425094604,0.9675121649692012,0.9717702129995118,0.00020610526315789475,False
5,888,0.3764362633228302,0.6235637068748474,0.38170933723449707,0.9676487288775166,0.9718790353566954,0.00020515789473684207,False
5,889,0.3764190077781677,0.6235809326171875,0.38047558069229126,0.967677479174004,0.9718632837251453,0.0002042105263157895,False
5,890,0.37640100717544556,0.6235990524291992,0.38064074516296387,0.9676056034327855,0.971755327747664,0.00020326315789473683,False
5,891,0.37638625502586365,0.6236137747764587,0.39241117238998413,0.9674546643762263,0.9716043257019018,0.00020231578947368424,False
5,892,0.3763711750507355,0.6236287951469421,0.38661471009254456,0.967310912893789,0.9714753331764306,0.00020136842105263156,False
5,893,0.3763525187969208,0.6236474514007568,0.3814981281757355,0.9671815365595958,0.9713255352217574,0.0002004210526315789,False
5,894,0.3763341009616852,0.6236658692359924,0.3805135190486908,0.9671959117078395,0.9712936176758052,0.00019947368421052632,False
5,895,0.37631645798683167,0.6236835718154907,0.38501498103141785,0.9670593477995241,0.9711483999843512,0.00019852631578947365,False
5,896,0.37630003690719604,0.6237000226974487,0.3869161903858185,0.9669874720583056,0.9709078422044495,0.00019757894736842108,False
5,897,0.37628084421157837,0.6237190961837769,0.38611751794815063,0.9668293454276247,0.9706621854932947,0.0001966315789473684,False
5,898,0.3762606084346771,0.6237393617630005,0.38678744435310364,0.966814970279381,0.9705835335396306,0.00019568421052631584,False
5,899,0.3762378692626953,0.6237621307373047,0.38248389959335327,0.9665921554816033,0.9702971023401501,0.00019473684210526317,False
5,900,0.3762162923812866,0.6237837076187134,0.37843698263168335,0.9665202797403848,0.9701784511131318,0.0001937894736842105,False
5,901,0.37619632482528687,0.6238037347793579,0.3769785165786743,0.9665921554816034,0.9701764826039186,0.00019284210526315793,False
5,902,0.37617775797843933,0.6238222718238831,0.3857625424861908,0.9665993430557254,0.9701376622325436,0.00019189473684210525,False
5,903,0.3761613368988037,0.6238387227058411,0.3880525827407837,0.9668365330017465,0.9703893185721622,0.00019094736842105266,False
5,904,0.37614497542381287,0.6238550543785095,0.38083547353744507,0.9668940335947214,0.9703507274880914,0.00018999999999999998,False
5,905,0.3761298954486847,0.6238701343536377,0.3831002116203308,0.9669299714653307,0.9703658193128551,0.0001890526315789474,False
5,906,0.3761138319969177,0.6238861680030823,0.3773016929626465,0.9670377850771587,0.9703916373012546,0.00018810526315789472,False
5,907,0.37609657645225525,0.6239033937454224,0.3810761868953705,0.9671168483924991,0.9703548478028835,0.00018715789473684204,False
5,908,0.37608280777931213,0.6239172220230103,0.38485661149024963,0.9672462247266923,0.9704231687156878,0.00018621052631578947,False
5,909,0.3760679066181183,0.6239320635795593,0.3815547227859497,0.9674043513573733,0.9705066127513591,0.0001852631578947368,False
5,910,0.3760540783405304,0.623945951461792,0.3793473541736603,0.9674115389314952,0.9705464417745386,0.00018431578947368423,False
5,911,0.3760403096675873,0.6239597201347351,0.3789655268192291,0.9674115389314953,0.9705568595460501,0.00018336842105263156,False
5,912,0.37602677941322327,0.6239732503890991,0.3829306960105896,0.9673827886350078,0.9705601405995561,0.000182421052631579,False
5,913,0.3760131299495697,0.6239868402481079,0.38530683517456055,0.9672462247266925,0.9704366604454223,0.00018147368421052632,False
5,914,0.37600162625312805,0.6239984035491943,0.38281792402267456,0.9670952856701335,0.970342260086935,0.00018052631578947364,False
5,915,0.37598881125450134,0.624011218547821,0.3806625008583069,0.9671671614113521,0.9704529570878732,0.00017957894736842108,False
5,916,0.37597841024398804,0.6240216493606567,0.38309410214424133,0.9673540383385203,0.970679652335902,0.0001786315789473684,False
5,917,0.37596848607063293,0.6240314841270447,0.3763263523578644,0.9674115389314952,0.9707644759706818,0.0001776842105263158,False
5,918,0.37596040964126587,0.6240395307540894,0.38657236099243164,0.9674834146727138,0.9708210407416908,0.00017673684210526314,False
5,919,0.3759515881538391,0.6240484118461609,0.38138920068740845,0.9675193525433232,0.9708528105499465,0.00017578947368421057,False
5,920,0.37594279646873474,0.6240571737289429,0.3843183219432831,0.9675552904139325,0.9708569190582855,0.0001748421052631579,False
5,921,0.3759337365627289,0.6240662932395935,0.37675392627716064,0.9676415413033946,0.970951905154691,0.0001738947368421053,False
5,922,0.37592196464538574,0.6240779757499695,0.37929460406303406,0.9677637300634664,0.9711200818517318,0.00017294736842105263,False
5,923,0.3759095072746277,0.6240905523300171,0.3847234845161438,0.9677421673411007,0.9711239032927931,0.00017199999999999995,False
5,924,0.3758954405784607,0.6241045594215393,0.38521379232406616,0.967770917637588,0.971106954652376,0.00017105263157894739,False
5,925,0.3758830428123474,0.6241169571876526,0.3821467459201813,0.9677709176375883,0.9710646387637624,0.0001701052631578947,False
5,926,0.375868558883667,0.6241315007209778,0.3835500478744507,0.967670291599882,0.971033186954824,0.00016915789473684215,False
5,927,0.3758549094200134,0.6241451501846313,0.38312971591949463,0.9675409152656888,0.9709529254354983,0.00016821052631578947,False
5,928,0.3758406937122345,0.6241592764854431,0.38803595304489136,0.9674546643762264,0.9709452908050279,0.0001672631578947369,False
5,929,0.37582433223724365,0.6241756677627563,0.37591618299484253,0.9673827886350077,0.9709199434776782,0.00016631578947368423,False
5,930,0.37580791115760803,0.6241921186447144,0.3848643898963928,0.9674331016538608,0.9710384400998372,0.00016536842105263156,False
5,931,0.37578997015953064,0.624210000038147,0.3810037672519684,0.9674043513573735,0.9709497967276511,0.000164421052631579,False
5,932,0.375772625207901,0.6242273449897766,0.38175880908966064,0.9673827886350078,0.9709216402054196,0.00016347368421052631,False
5,933,0.37575551867485046,0.6242444515228271,0.38247448205947876,0.9673252880420329,0.970899985336026,0.00016252631578947372,False
5,934,0.37573763728141785,0.6242623925209045,0.379117488861084,0.9672749750231799,0.9708161005883075,0.00016157894736842105,False
5,935,0.37572160363197327,0.6242783665657043,0.38084661960601807,0.9673324756161548,0.9709135972100295,0.00016063157894736848,False
5,936,0.3757060766220093,0.6242939829826355,0.38281869888305664,0.9672965377455454,0.970857903188697,0.0001596842105263158,False
5,937,0.375689297914505,0.6243106722831726,0.3751116096973419,0.9672462247266925,0.9708248736144409,0.00015873684210526313,False
5,938,0.37567374110221863,0.624326229095459,0.3765057921409607,0.9673396631902766,0.9709335460886994,0.00015778947368421054,False
5,939,0.37565726041793823,0.6243427395820618,0.38217678666114807,0.9674474768021045,0.9709829678416898,0.00015684210526315786,False
5,940,0.37564244866371155,0.6243575215339661,0.3842662274837494,0.9676631040257603,0.971260731846741,0.0001558947368421053,False
5,941,0.37562745809555054,0.6243726015090942,0.3797978162765503,0.9676702915998822,0.9712482734179876,0.00015494736842105262,False
5,942,0.37561291456222534,0.6243870854377747,0.37757739424705505,0.9677062294704915,0.9712559058425599,0.00015400000000000006,False
5,943,0.3755953907966614,0.6244045495986938,0.3800170421600342,0.9676631040257602,0.971241222336024,0.00015305263157894738,False
5,944,0.3755773603916168,0.6244226098060608,0.3759201467037201,0.9677493549152224,0.9712544901424377,0.0001521052631578947,False
5,945,0.37556082010269165,0.6244391798973083,0.38501426577568054,0.9676343537292729,0.9711476059697476,0.00015115789473684214,False
5,946,0.3755449056625366,0.6244551539421082,0.3785218894481659,0.9675337276915668,0.9710588360405566,0.00015021052631578947,False
5,947,0.37552860379219055,0.6244714260101318,0.3803596794605255,0.9674331016538606,0.9709744733059748,0.00014926315789473687,False
5,948,0.3755120038986206,0.6244879961013794,0.3798285126686096,0.967526540117445,0.9710668835098246,0.0001483157894736842,False
5,949,0.3754920959472656,0.6245079636573792,0.37920141220092773,0.9675552904139324,0.9711120605814152,0.00014736842105263163,False
5,950,0.37547406554222107,0.6245259642601013,0.37641116976737976,0.9675337276915668,0.9711067904581197,0.00014642105263157896,False
5,951,0.37545764446258545,0.6245423555374146,0.38382741808891296,0.9675768531362979,0.9711048253786232,0.00014547368421052628,False
5,952,0.375440776348114,0.624559223651886,0.3776208460330963,0.9675840407104198,0.9710795451930169,0.0001445263157894737,False
5,953,0.3754253387451172,0.6245747208595276,0.37894293665885925,0.9676415413033947,0.9710623400170405,0.00014357894736842102,False
5,954,0.37540897727012634,0.624591052532196,0.38322776556015015,0.9676127910069072,0.9709863141170687,0.00014263157894736845,False
5,955,0.3753923177719116,0.6246076822280884,0.37950900197029114,0.9677709176375882,0.971038451835689,0.00014168421052631578,False
5,956,0.3753761649131775,0.6246238350868225,0.3795229196548462,0.9678356058046848,0.9710804083963333,0.0001407368421052632,False
5,957,0.3753592371940613,0.6246407628059387,0.3803662359714508,0.9679362318423909,0.9711789618210772,0.00013978947368421053,False
5,958,0.37534359097480774,0.6246563792228699,0.37667515873908997,0.9680081075836094,0.9712675238259382,0.00013884210526315786,False
5,959,0.37532976269721985,0.6246702671051025,0.3816499710083008,0.968029670305975,0.9713494765873105,0.0001378947368421053,False
5,960,0.3753122091293335,0.6246877908706665,0.38864392042160034,0.9680799833248279,0.9714699039973977,0.00013694736842105262,False
5,961,0.3752959370613098,0.624704122543335,0.3863998055458069,0.9681877969366559,0.9716300460178684,0.00013600000000000003,False
5,962,0.37527918815612793,0.6247208714485168,0.38035649061203003,0.9681590466401685,0.9716594919130175,0.00013505263157894735,False
5,963,0.3752625286579132,0.6247374415397644,0.3817165195941925,0.9681446714919247,0.9716890880702668,0.00013410526315789479,False
5,964,0.3752479553222656,0.6247520446777344,0.3839889466762543,0.9680727957507061,0.971666933508992,0.0001331578947368421,False
5,965,0.375233918428421,0.6247661113739014,0.3760826885700226,0.9681087336213153,0.9717474366075305,0.00013221052631578944,False
5,966,0.37521934509277344,0.6247806549072266,0.3770684599876404,0.968130296343681,0.9717539316671328,0.00013126315789473687,False
5,967,0.37520596385002136,0.624794065952301,0.3856140077114105,0.9681446714919247,0.9717436092602392,0.0001303157894736842,False
5,968,0.37519219517707825,0.6248077750205994,0.37775519490242004,0.9682381099555091,0.9718378623005738,0.0001293684210526316,False
5,969,0.3751797080039978,0.6248202919960022,0.38067543506622314,0.968338735993215,0.9719208868677424,0.00012842105263157893,False
5,970,0.37516650557518005,0.6248334646224976,0.3765375316143036,0.9683746738638244,0.9719316397374742,0.00012747368421052636,False
5,971,0.37515369057655334,0.624846339225769,0.3803410232067108,0.9683890490120679,0.9718927847972243,0.0001265263157894737,False
5,972,0.375140905380249,0.624859094619751,0.37534618377685547,0.9683962365861897,0.9718608675981405,0.000125578947368421,False
5,973,0.3751293420791626,0.6248707175254822,0.38073432445526123,0.9684249868826772,0.9718809503517672,0.00012463157894736845,False
5,974,0.375116229057312,0.6248837113380432,0.3834296762943268,0.9683315484190931,0.9718227679702841,0.00012368421052631577,False
5,975,0.375102162361145,0.6248977780342102,0.3777937889099121,0.9682668602519964,0.971800757435848,0.0001227368421052632,False
5,976,0.37508895993232727,0.6249110102653503,0.37849369645118713,0.9682021720848996,0.9717602542943758,0.00012178947368421052,False
5,977,0.3750756084918976,0.6249244213104248,0.3828642964363098,0.9681734217884121,0.9717349009670571,0.00012084210526315794,False
5,978,0.3750610947608948,0.6249389052391052,0.37548285722732544,0.9681590466401686,0.9717616321823467,0.00011989473684210526,False
5,979,0.37504562735557556,0.6249544024467468,0.38105884194374084,0.9681302963436811,0.9717682575576364,0.00011894736842105259,False
5,980,0.3750302791595459,0.6249697208404541,0.3728528916835785,0.968187796936656,0.9718437650150126,0.00011800000000000002,False
5,981,0.3750171363353729,0.6249828934669495,0.3845515847206116,0.9680656081765844,0.9717634413523399,0.00011705263157894735,False
5,982,0.37500467896461487,0.6249952912330627,0.38190028071403503,0.9680584206024625,0.9717713327211168,0.00011610526315789477,False
5,983,0.37499237060546875,0.6250076293945312,0.3762710690498352,0.9680440454542187,0.9717417556401845,0.0001151578947368421,False
5,984,0.37498125433921814,0.6250187754631042,0.3801633417606354,0.9680152951577313,0.971669820026551,0.00011421052631578953,False
5,985,0.37497076392173767,0.6250292062759399,0.38039645552635193,0.9679434194165127,0.971593187632411,0.00011326315789473685,False
5,986,0.37495940923690796,0.6250405311584473,0.3776315152645111,0.9679002939717816,0.9715426676704961,0.00011231578947368418,False
5,987,0.3749464452266693,0.6250535845756531,0.37901365756988525,0.9679434194165127,0.9715553299420409,0.0001113684210526316,False
5,988,0.37493225932121277,0.6250677704811096,0.3816213607788086,0.967929044268269,0.9715827148079029,0.00011042105263157892,False
5,989,0.3749181032180786,0.6250818967819214,0.3770715594291687,0.9679649821388783,0.9716191546258125,0.00010947368421052634,False
5,990,0.37490493059158325,0.6250950694084167,0.37528690695762634,0.9681877969366559,0.9718197468531544,0.00010852631578947367,False
5,991,0.3748927116394043,0.6251072287559509,0.3856227695941925,0.9682165472331434,0.9718939132529898,0.0001075789473684211,False
5,992,0.3748815655708313,0.6251184344291687,0.38308656215667725,0.9682524851037526,0.9719094108911196,0.00010663157894736843,False
5,993,0.37487033009529114,0.6251296997070312,0.37750154733657837,0.9682237348072652,0.9719140668586159,0.00010568421052631575,False
5,994,0.3748592138290405,0.6251407861709595,0.3851909637451172,0.9682021720848997,0.9718552549397359,0.00010473684210526317,False
5,995,0.3748495578765869,0.6251504421234131,0.3803991377353668,0.9681518590660466,0.9718451666210377,0.0001037894736842105,False
5,996,0.3748401403427124,0.6251599192619324,0.37915658950805664,0.968130296343681,0.9718194426930581,0.00010284210526315793,False
5,997,0.37482979893684387,0.6251702308654785,0.37825003266334534,0.9680009200094877,0.9717023246312191,0.00010189473684210526,False
5,998,0.374819278717041,0.6251807808876038,0.3787325620651245,0.9679218566941471,0.9716124533582937,0.00010094736842105268,False
5,999,0.374809205532074,0.6251908540725708,0.3820040822029114,0.9678859188235379,0.9715902361899577,0.0001,False
5,1000,0.3747979402542114,0.6252020001411438,0.382144033908844,0.9677996679340756,0.9715038258337627,0.0001,False
