fold,meta_index,drug_index,label,local_weight,global_weight,local_logit,global_logit,local_contribution,global_contribution,fused_logit,probability
1,76,106,1.0,0.38861445,0.6113855,-0.09335904,4.22189,-0.03628067,2.5812025,2.5449219,0.9272316
1,9,9,1.0,0.38861445,0.6113855,-2.7792323,-1.0941721,-1.0800498,-0.668961,-1.7490108,0.148172
1,33,39,1.0,0.38861445,0.6113855,6.1086035,-4.3839617,2.3738916,-2.6802907,-0.3063991,0.42399395
1,349,17,1.0,0.38861445,0.6113855,-0.031787314,-9.92258,-0.01235301,-6.0665216,-6.0788746,0.0022855178
1,9,93,1.0,0.38861445,0.6113855,3.376671,1.747925,1.3122232,1.0686561,2.3808794,0.9153576
1,183,445,1.0,0.38861445,0.6113855,-3.2744334,4.437399,-1.2724922,2.7129614,1.4404693,0.8085273
1,16,402,1.0,0.38861445,0.6113855,0.5845194,7.781878,0.22715268,4.7577276,4.9848804,0.9932059
1,6,514,1.0,0.38861445,0.6113855,-0.6283465,-2.610665,-0.24418452,-1.5961229,-1.8403074,0.13701494
1,202,155,1.0,0.38861445,0.6113855,-6.000325,-9.887151,-2.331813,-6.044861,-8.376674,0.00023012134
1,211,132,1.0,0.38861445,0.6113855,4.2729025,7.5940228,1.6605116,4.6428757,6.303387,0.99817324
1,347,17,1.0,0.38861445,0.6113855,0.8862125,2.0497067,0.34439498,1.253161,1.5975559,0.83167654
1,129,470,1.0,0.38861445,0.6113855,3.6745088,2.016805,1.4279672,1.2330453,2.6610126,0.93468654
1,29,102,1.0,0.38861445,0.6113855,0.1258431,-6.073877,0.048904445,-3.7134805,-3.664576,0.024975287
1,97,430,1.0,0.38861445,0.6113855,3.0535042,3.7588756,1.1866359,2.2981222,3.484758,0.9702509
1,368,359,1.0,0.38861445,0.6113855,0.29610404,1.8404896,0.115070306,1.1252487,1.240319,0.77561957
1,268,461,1.0,0.38861445,0.6113855,3.1941476,8.135882,1.2412919,4.9741607,6.2154527,0.9980057
1,35,414,1.0,0.38861445,0.6113855,2.4828598,6.2824416,0.9648752,3.840994,4.805869,0.9918848
1,4,10,1.0,0.38861445,0.6113855,3.8999004,3.2446706,1.5155576,1.9837446,3.4993024,0.9706679
1,109,612,1.0,0.38861445,0.6113855,3.4165359,0.4912811,1.3277152,0.30036214,1.6280773,0.835906
1,8,47,1.0,0.38861445,0.6113855,1.8344648,1.4217265,0.7128995,0.869223,1.5821226,0.8295049
1,37,254,1.0,0.38861445,0.6113855,3.8256724,3.2914588,1.4867115,2.0123503,3.4990618,0.97066104
1,8,168,1.0,0.38861445,0.6113855,6.8891435,5.210295,2.6772206,3.185499,5.8627195,0.99716455
1,7,91,1.0,0.38861445,0.6113855,6.3134537,7.7058015,2.4534993,4.7112155,7.164715,0.99922717
1,19,352,1.0,0.38861445,0.6113855,3.8225102,3.8837144,1.4854827,2.3744469,3.8599296,0.9793652
1,305,342,1.0,0.38861445,0.6113855,6.766245,7.6009874,2.6294606,4.647134,7.276594,0.99930894
1,16,305,1.0,0.38861445,0.6113855,3.6534202,7.0941815,1.4197719,4.33728,5.7570515,0.9968496
1,28,322,1.0,0.38861445,0.6113855,2.5569975,-2.3470376,0.9936862,-1.4349447,-0.44125855,0.3914411
1,16,532,1.0,0.38861445,0.6113855,0.756973,4.9173174,0.29417065,3.0063767,3.3005474,0.9644476
1,16,553,1.0,0.38861445,0.6113855,3.7807086,3.0108476,1.4692379,1.8407886,3.3100266,0.96477115
1,244,462,1.0,0.38861445,0.6113855,-7.6701503,-23.979057,-2.9807312,-14.660448,-17.64118,2.1803835e-08
1,14,48,1.0,0.38861445,0.6113855,5.217546,7.7158804,2.0276136,4.7173777,6.7449913,0.99882466
1,398,583,1.0,0.38861445,0.6113855,-4.0318565,-17.082727,-1.5668377,-10.444132,-12.010969,6.0771467e-06
1,13,151,1.0,0.38861445,0.6113855,4.7060404,-2.037226,1.8288352,-1.2455305,0.58330476,0.64182746
1,168,331,1.0,0.38861445,0.6113855,3.1415756,-0.5630679,1.2208617,-0.34425157,0.8766101,0.7061193
1,142,361,1.0,0.38861445,0.6113855,-3.8784873,2.474212,-1.5072362,1.5126973,0.0054610968,0.50136524
1,7,149,1.0,0.38861445,0.6113855,4.844885,4.6015553,1.8827922,2.8133242,4.6961164,0.9909519
1,13,619,1.0,0.38861445,0.6113855,3.412525,5.614917,1.3261565,3.432879,4.7590356,0.991499
1,41,97,1.0,0.38861445,0.6113855,4.3360047,7.906934,1.685034,4.8341846,6.5192184,0.9985273
1,12,380,1.0,0.38861445,0.6113855,4.066558,-0.96764743,1.5803231,-0.5916056,0.9887175,0.7288345
1,18,38,1.0,0.38861445,0.6113855,-0.53928846,2.8525918,-0.20957528,1.7440333,1.534458,0.82265764
1,35,0,1.0,0.38861445,0.6113855,2.2888277,3.5497043,0.8894715,2.1702378,3.0597093,0.95519984
1,378,470,1.0,0.38861445,0.6113855,3.4749508,-3.0305398,1.3504161,-1.8528281,-0.5024121,0.37697402
1,3,308,1.0,0.38861445,0.6113855,4.7311163,5.354569,1.8385801,3.273706,5.112286,0.9940137
1,40,447,1.0,0.38861445,0.6113855,3.321026,-0.98548424,1.2905988,-0.6025108,0.68808794,0.6655414
1,146,377,1.0,0.38861445,0.6113855,-2.164623,1.8583202,-0.84120375,1.1361501,0.29494637,0.57320666
1,45,179,1.0,0.38861445,0.6113855,0.35881102,-8.270184,0.13943915,-5.0562706,-4.9168315,0.007269069
1,185,470,1.0,0.38861445,0.6113855,2.190481,4.85801,0.85125256,2.9701169,3.8213694,0.9785715
1,6,59,1.0,0.38861445,0.6113855,4.570897,11.262346,1.7763166,6.8856354,8.661952,0.99982697
1,230,470,1.0,0.38861445,0.6113855,5.641095,5.7025304,2.1922112,3.4864445,5.6786556,0.9965934
1,109,441,1.0,0.38861445,0.6113855,0.39204443,-0.84706044,0.15235412,-0.5178805,-0.36552638,0.40962243
1,7,591,1.0,0.38861445,0.6113855,0.46458232,-1.3010082,0.18054341,-0.7954176,-0.6148742,0.35094813
1,19,50,1.0,0.38861445,0.6113855,6.427324,3.5826352,2.497751,2.1903713,4.6881223,0.99088
1,8,342,1.0,0.38861445,0.6113855,6.3114853,3.1313236,2.4527345,1.9144459,4.3671803,0.987472
1,30,313,1.0,0.38861445,0.6113855,4.877117,3.495802,1.8953182,2.1372826,4.032601,0.9825806
1,14,387,1.0,0.38861445,0.6113855,-3.9663198,-1.6213863,-1.5413692,-0.9912921,-2.5326614,0.07359998
1,19,286,1.0,0.38861445,0.6113855,5.676076,7.9087176,2.205805,4.8352757,7.0410805,0.99912554
1,103,110,1.0,0.38861445,0.6113855,1.2190633,-6.291861,0.4737456,-3.846753,-3.3730073,0.033149786
1,9,418,1.0,0.38861445,0.6113855,1.2087113,4.804047,0.46972266,2.937125,3.4068477,0.96791786
1,143,370,1.0,0.38861445,0.6113855,-4.603691,-18.25325,-1.7890608,-11.159773,-12.948833,2.378987e-06
1,28,261,1.0,0.38861445,0.6113855,4.6471434,0.8024493,1.8059471,0.4906059,2.296553,0.90859115
1,16,542,1.0,0.38861445,0.6113855,4.046365,7.6027694,1.5724758,4.648223,6.220699,0.9980161
1,70,181,1.0,0.38861445,0.6113855,0.056427166,-11.176453,0.021928411,-6.8331213,-6.811193,0.0011001665
1,149,461,1.0,0.38861445,0.6113855,4.1697407,1.9216965,1.6204214,1.1748974,2.7953188,0.9424224
1,45,249,1.0,0.38861445,0.6113855,-0.19238965,-9.031876,-0.0747654,-5.521958,-5.596723,0.003696288
1,380,342,1.0,0.38861445,0.6113855,2.0325205,-0.33517423,0.78986686,-0.20492068,0.58494616,0.64220476
1,24,644,1.0,0.38861445,0.6113855,2.528761,1.1574467,0.98271304,0.7076462,1.6903592,0.8442714
1,2,132,1.0,0.38861445,0.6113855,5.8844233,7.834249,2.2867718,4.7897463,7.076518,0.999156
1,13,28,1.0,0.38861445,0.6113855,6.68029,5.771016,2.5960572,3.5283158,6.124373,0.99781585
1,7,391,1.0,0.38861445,0.6113855,1.2735894,-1.3826449,0.4949352,-0.84532905,-0.35039383,0.41328692
1,16,401,1.0,0.38861445,0.6113855,0.46345523,7.8295517,0.1801054,4.786875,4.96698,0.99308395
1,219,461,1.0,0.38861445,0.6113855,4.7914095,9.488585,1.862011,5.8011837,7.6631947,0.99953043
1,190,461,1.0,0.38861445,0.6113855,3.1085882,-0.6132555,1.2080423,-0.37493554,0.83310676,0.6970115
1,3,447,1.0,0.38861445,0.6113855,4.315259,3.5219688,1.676972,2.1532807,3.8302526,0.97875696
1,91,543,1.0,0.38861445,0.6113855,2.5072515,7.077801,0.97435415,4.3272653,5.3016195,0.9950412
1,40,3,1.0,0.38861445,0.6113855,6.271703,6.6503925,2.4372742,4.0659537,6.503228,0.9985037
1,23,438,1.0,0.38861445,0.6113855,3.3443744,7.5185513,1.2996722,4.5967336,5.8964057,0.9972582
1,76,349,1.0,0.38861445,0.6113855,2.5629196,-1.1453495,0.9959876,-0.7002501,0.2957375,0.5734002
1,253,14,1.0,0.38861445,0.6113855,4.5385437,4.4784694,1.7637436,2.7380714,4.501815,0.98903275
1,13,36,1.0,0.38861445,0.6113855,4.198769,4.947615,1.6317023,3.0249002,4.6566024,0.99059063
1,14,556,1.0,0.38861445,0.6113855,5.820062,5.0243726,2.2617602,3.0718286,5.3335886,0.9951965
1,59,207,1.0,0.38861445,0.6113855,-3.7175093,3.7772238,-1.4446778,2.30934,0.8646622,0.7036338
1,7,372,1.0,0.38861445,0.6113855,2.4779108,1.6002407,0.9629519,0.978364,1.9413159,0.87449664
1,17,295,1.0,0.38861445,0.6113855,1.512062,8.287786,0.5876091,5.0670323,5.6546416,0.99651104
1,136,99,1.0,0.38861445,0.6113855,-2.3111432,-3.3462424,-0.8981436,-2.045844,-2.9439876,0.050021444
1,229,342,1.0,0.38861445,0.6113855,3.832608,3.2413082,1.4894068,1.981689,3.4710958,0.96985406
1,376,342,1.0,0.38861445,0.6113855,6.5773234,7.643539,2.556043,4.673149,7.229192,0.9992754
1,179,360,1.0,0.38861445,0.6113855,-0.0001354646,-12.360954,-5.26435e-05,-7.5573087,-7.557361,0.000521979
1,168,415,1.0,0.38861445,0.6113855,2.1707485,7.3007555,0.84358424,4.4635763,5.3071604,0.99506843
1,30,33,1.0,0.38861445,0.6113855,2.0102775,4.474229,0.7812229,2.7354786,3.5167015,0.9711593
1,9,137,1.0,0.38861445,0.6113855,0.014099376,-1.4577334,0.005479221,-0.8912371,-0.88575786,0.29198602
1,8,329,1.0,0.38861445,0.6113855,5.0441656,5.810822,1.9602356,3.5526524,5.512888,0.9959818
1,33,610,1.0,0.38861445,0.6113855,3.3300016,7.024428,1.2940867,4.2946334,5.5887203,0.9962741
1,13,205,1.0,0.38861445,0.6113855,2.5892751,-0.033930235,1.0062298,-0.020744454,0.9854853,0.7281953
1,3,432,1.0,0.38861445,0.6113855,4.1638074,0.35360128,1.6181157,0.2161867,1.8343024,0.8622734
1,13,26,1.0,0.38861445,0.6113855,6.2652435,6.155641,2.4347641,3.76347,6.198234,0.9979711
1,3,228,1.0,0.38861445,0.6113855,4.5093203,5.7189918,1.752387,3.4965088,5.2488956,0.99477416
1,14,16,1.0,0.38861445,0.6113855,1.2215397,0.4021558,0.474708,0.24587223,0.7205802,0.67273474
1,295,342,1.0,0.38861445,0.6113855,6.2560334,6.832565,2.431185,4.1773314,6.6085167,0.99865294
1,352,342,1.0,0.38861445,0.6113855,3.084778,5.062698,1.1987894,3.0952601,4.2940493,0.98653424
1,55,461,1.0,0.38861445,0.6113855,4.7552643,6.486759,1.8479644,3.9659107,5.813875,0.99702305
1,257,382,1.0,0.38861445,0.6113855,1.8208984,4.7102985,0.7076274,2.8798084,3.5874357,0.9730758
1,51,170,1.0,0.38861445,0.6113855,1.9438595,-3.6588013,0.75541186,-2.2369382,-1.4815264,0.18519697
1,74,144,1.0,0.38861445,0.6113855,3.8919992,4.193476,1.5124872,2.5638306,4.076318,0.9833134
1,40,434,1.0,0.38861445,0.6113855,5.309249,7.2325735,2.0632508,4.4218907,6.4851418,0.9984763
1,13,215,1.0,0.38861445,0.6113855,1.7946733,2.8027105,0.697436,1.7135366,2.4109726,0.9176602
1,165,294,1.0,0.38861445,0.6113855,-0.31570655,3.8200352,-0.12268813,2.3355143,2.2128263,0.9013954
1,4,482,1.0,0.38861445,0.6113855,1.6220545,-5.5062833,0.6303538,-3.366462,-2.7361083,0.060876016
1,9,463,1.0,0.38861445,0.6113855,1.7118529,0.81036544,0.6652508,0.4954457,1.1606965,0.76145923
1,7,351,1.0,0.38861445,0.6113855,-0.7107114,-3.6755095,-0.27619272,-2.2471533,-2.523346,0.07423766
1,256,78,1.0,0.38861445,0.6113855,1.6618843,8.322683,0.64583224,5.088368,5.7342,0.996777
1,111,280,1.0,0.38861445,0.6113855,-2.8934634,-14.43683,-1.1244416,-8.826468,-9.950911,4.768192e-05
1,38,243,1.0,0.38861445,0.6113855,3.6267905,6.363523,1.4094232,3.8905659,5.299989,0.99503314
1,23,611,1.0,0.38861445,0.6113855,2.0861905,4.805591,0.8107237,2.9380689,3.7487926,0.97699547
1,403,470,1.0,0.38861445,0.6113855,4.6017942,7.280066,1.7883238,4.450927,6.2392507,0.9980525
1,300,342,1.0,0.38861445,0.6113855,6.525214,7.427179,2.5357926,4.5408697,7.076662,0.9991561
1,13,102,1.0,0.38861445,0.6113855,4.1378202,4.9480257,1.6080167,3.0251513,4.633168,0.99036974
1,19,121,1.0,0.38861445,0.6113855,4.862916,3.8990543,1.8897994,2.3838253,4.2736244,0.98626024
1,76,634,1.0,0.38861445,0.6113855,1.0925286,6.384914,0.42457238,3.9036438,4.328216,0.9869806
1,16,28,1.0,0.38861445,0.6113855,4.5385437,5.702388,1.7637436,3.4863575,5.250101,0.99478036
1,32,552,1.0,0.38861445,0.6113855,2.8603184,7.177824,1.1115611,4.3884177,5.499979,0.9959298
1,135,461,1.0,0.38861445,0.6113855,1.0527027,-3.8362794,0.40909547,-2.3454456,-1.9363501,0.12604938
1,9,428,1.0,0.38861445,0.6113855,1.5276575,2.0496867,0.5936698,1.2531488,1.8468186,0.86375314
1,28,270,1.0,0.38861445,0.6113855,2.45018,1.3699191,0.9521754,0.8375487,1.7897241,0.8568934
1,13,461,1.0,0.38861445,0.6113855,4.8055935,1.0869734,1.8675231,0.66455984,2.532083,0.92636055
1,266,470,1.0,0.38861445,0.6113855,5.146715,4.45978,2.000088,2.726645,4.726733,0.9912224
1,3,619,1.0,0.38861445,0.6113855,4.2145967,6.181847,1.6378531,3.779492,5.417345,0.99558073
1,146,385,1.0,0.38861445,0.6113855,-0.9414137,0.82005125,-0.36584696,0.50136745,0.13552049,0.5338284
1,13,87,1.0,0.38861445,0.6113855,6.3247004,6.605836,2.45787,4.0387125,6.4965825,0.9984937
1,4,410,1.0,0.38861445,0.6113855,2.594662,-0.9467559,1.0083231,-0.57883286,0.4294902,0.60575193
1,19,414,1.0,0.38861445,0.6113855,5.7245736,8.558522,2.224652,5.232557,7.4572086,0.99942315
1,210,71,1.0,0.38861445,0.6113855,1.2569127,4.362123,0.48845443,2.6669388,3.1553931,0.95912075
1,18,499,1.0,0.38861445,0.6113855,6.499327,6.3269553,2.5257325,3.868209,6.3939414,0.9983311
1,3,440,1.0,0.38861445,0.6113855,6.2690053,5.3047185,2.4362261,3.2432282,5.6794543,0.99659616
1,3,573,1.0,0.38861445,0.6113855,4.184487,4.7337246,1.626152,2.8941307,4.5202827,0.9892313
1,17,70,1.0,0.38861445,0.6113855,1.5058537,-3.330369,0.5851965,-2.0361395,-1.450943,0.18985648
1,168,461,1.0,0.38861445,0.6113855,2.1971514,4.4171863,0.85384476,2.7006037,3.5544486,0.97219795
1,194,87,1.0,0.38861445,0.6113855,0.95451105,5.138456,0.37093678,3.1415775,3.5125144,0.97104174
1,8,404,1.0,0.38861445,0.6113855,2.6046011,5.7806067,1.0121856,3.5341792,4.546365,0.9895056
1,10,381,1.0,0.38861445,0.6113855,1.4301639,0.66067135,0.5557823,0.4039249,0.95970726,0.7230632
1,247,331,1.0,0.38861445,0.6113855,4.18774,5.873314,1.6274163,3.5908592,5.2182755,0.9946126
1,41,150,1.0,0.38861445,0.6113855,6.2088995,9.589854,2.412868,5.863098,8.275967,0.99974555
1,97,313,1.0,0.38861445,0.6113855,4.956395,3.328005,1.9261267,2.0346942,3.960821,0.9813085
1,259,382,1.0,0.38861445,0.6113855,1.4180601,7.5478168,0.5510786,4.614626,5.1657047,0.9943234
1,7,358,1.0,0.38861445,0.6113855,5.438284,5.183888,2.1133957,3.169354,5.2827497,0.99494725
1,8,363,1.0,0.38861445,0.6113855,7.2848945,4.542203,2.831015,2.7770371,5.6080523,0.9963452
1,352,331,1.0,0.38861445,0.6113855,3.991711,10.513032,1.5512365,6.4275155,7.978752,0.9996575
1,8,298,1.0,0.38861445,0.6113855,4.664947,3.8305209,1.8128659,2.341925,4.154791,0.98455334
1,7,168,1.0,0.38861445,0.6113855,7.2490225,6.583417,2.8170748,4.025006,6.8420806,0.99893326
1,6,195,1.0,0.38861445,0.6113855,3.0506933,5.2692933,1.1855434,3.2215695,4.407113,0.98795646
1,25,201,1.0,0.38861445,0.6113855,1.2180889,-3.4317214,0.47336692,-2.0981047,-1.6247377,0.16455251
1,43,19,1.0,0.38861445,0.6113855,4.2064867,7.92357,1.6347015,4.844356,6.4790573,0.998467
1,97,46,1.0,0.38861445,0.6113855,3.9613414,9.636117,1.5394344,5.891382,7.4308167,0.99940765
1,7,187,1.0,0.38861445,0.6113855,-2.283843,-0.1765979,-0.8875344,-0.107969396,-0.9955038,0.26982635
1,19,192,1.0,0.38861445,0.6113855,5.1536837,6.171565,2.002796,3.7732055,5.7760015,0.9969085
1,21,185,1.0,0.38861445,0.6113855,-1.9327255,-11.953694,-0.75108504,-7.3083158,-8.059401,0.00031601635
1,238,461,1.0,0.38861445,0.6113855,2.4310246,3.133012,0.94473124,1.9154782,2.8602095,0.945844
1,8,581,1.0,0.38861445,0.6113855,5.380018,6.4197235,2.0907528,3.924926,6.015679,0.99756575
1,103,38,1.0,0.38861445,0.6113855,1.1014872,1.7956154,0.42805383,1.0978132,1.5258671,0.82140076
1,76,489,1.0,0.38861445,0.6113855,-2.3024673,-13.982817,-0.89477205,-8.548892,-9.443665,7.918341e-05
1,9,38,1.0,0.38861445,0.6113855,4.095899,5.156126,1.5917256,3.1523807,4.7441063,0.9913722
1,3,457,1.0,0.38861445,0.6113855,4.6056843,3.4366374,1.7898355,2.1011105,3.890946,0.97998285
1,3,469,1.0,0.38861445,0.6113855,4.6779184,1.0212326,1.8179067,0.6243668,2.4422736,0.9199946
1,24,377,1.0,0.38861445,0.6113855,2.47318,0.6201178,0.9611135,0.37913105,1.3402445,0.7925301
1,18,240,1.0,0.38861445,0.6113855,3.485171,3.2392826,1.3543879,1.9804505,3.3348384,0.96560484
1,4,494,1.0,0.38861445,0.6113855,-3.4313734,-1.1157025,-1.3334813,-0.6821244,-2.0156057,0.11757413
1,77,54,1.0,0.38861445,0.6113855,4.041383,-1.5738208,1.5705397,-0.96221125,0.60832846,0.64755946
1,14,185,1.0,0.38861445,0.6113855,-1.3554878,-4.8038716,-0.5267621,-2.9370177,-3.46378,0.030360559
1,17,327,1.0,0.38861445,0.6113855,3.507471,7.212755,1.3630539,4.4097743,5.772828,0.99689865
1,191,117,1.0,0.38861445,0.6113855,3.602687,-0.059409358,1.4000561,-0.03632202,1.3637341,0.7963659
1,8,586,1.0,0.38861445,0.6113855,7.514884,1.1103773,2.9203925,0.6788686,3.599261,0.9733839
1,246,331,1.0,0.38861445,0.6113855,3.3667405,1.9918659,1.308364,1.217798,2.5261621,0.92595565
1,126,329,1.0,0.38861445,0.6113855,-1.4007965,-9.38404,-0.54436976,-5.737266,-6.2816358,0.001866847
1,14,126,1.0,0.38861445,0.6113855,4.312023,2.820121,1.6757145,1.7241812,3.3998957,0.9677013
1,8,94,1.0,0.38861445,0.6113855,5.2733183,4.336509,2.0492876,2.651279,4.7005663,0.9909917
1,3,233,1.0,0.38861445,0.6113855,6.079442,6.254997,2.362559,3.8242145,6.1867733,0.99794775
1,27,144,1.0,0.38861445,0.6113855,3.1510918,5.452661,1.2245598,3.333678,4.558238,0.9896282
1,41,637,1.0,0.38861445,0.6113855,5.2180886,7.458043,2.0278246,4.5597396,6.5875645,0.99862456
1,205,358,1.0,0.38861445,0.6113855,2.1647573,5.900928,0.84125596,3.607742,4.448998,0.9884448
1,240,14,1.0,0.38861445,0.6113855,4.3986034,5.02053,1.7093608,3.0694795,4.77884,0.9916644
1,9,196,1.0,0.38861445,0.6113855,-7.3800354,-7.4028945,-2.8679883,-4.5260224,-7.3940105,0.00061454694
1,213,132,1.0,0.38861445,0.6113855,5.177829,10.39539,2.0121791,6.355591,8.36777,0.99976784
1,3,92,1.0,0.38861445,0.6113855,4.054477,5.385035,1.5756284,3.2923324,4.867961,0.99236965
1,3,495,1.0,0.38861445,0.6113855,6.111067,3.319896,2.3748488,2.0297363,4.404585,0.98792636
1,23,373,1.0,0.38861445,0.6113855,-0.59369093,-3.5921044,-0.23071687,-2.1961606,-2.4268775,0.08114598
1,0,13,1.0,0.38861445,0.6113855,4.6965857,2.5533948,1.825161,1.5611086,3.3862696,0.96727264
1,206,454,1.0,0.38861445,0.6113855,2.243512,5.0904307,0.87186116,3.1122158,3.984077,0.98173034
1,4,253,1.0,0.38861445,0.6113855,-0.17655821,1.6512315,-0.068613075,1.009539,0.94092596,0.7192867
1,28,530,1.0,0.38861445,0.6113855,1.9198529,-2.066208,0.74608254,-1.2632496,-0.5171671,0.3735149
1,45,162,1.0,0.38861445,0.6113855,1.190584,-10.082902,0.46267813,-6.1645403,-5.7018623,0.0033286233
1,19,110,1.0,0.38861445,0.6113855,2.941396,-2.7733555,1.143069,-1.6955894,-0.5525204,0.36527985
1,40,538,1.0,0.38861445,0.6113855,7.6974583,4.955281,2.9913435,3.029587,6.0209303,0.99757844
1,9,252,1.0,0.38861445,0.6113855,-1.8578441,1.8972609,-0.72198504,1.1599579,0.43797284,0.60777587
1,8,642,1.0,0.38861445,0.6113855,6.2179523,4.3095803,2.4163861,2.634815,5.051201,0.99363905
1,7,304,1.0,0.38861445,0.6113855,5.4281955,2.60747,2.1094751,1.5941694,3.7036445,0.9759586
1,3,509,1.0,0.38861445,0.6113855,5.95349,5.2219906,2.3136122,3.1926494,5.506262,0.9959552
1,4,260,1.0,0.38861445,0.6113855,2.7097127,-2.7472994,1.0530335,-1.6796591,-0.62662566,0.34827608
1,23,390,1.0,0.38861445,0.6113855,0.6701315,-1.9763544,0.2604228,-1.2083144,-0.9478916,0.27930903
1,8,198,1.0,0.38861445,0.6113855,5.5202866,5.339289,2.1452632,3.264364,5.409627,0.9955466
1,240,352,1.0,0.38861445,0.6113855,2.9190602,5.588044,1.1343889,3.4164493,4.5508385,0.98955196
1,90,336,1.0,0.38861445,0.6113855,0.33606082,1.6122994,0.13059808,0.98573655,1.1163347,0.7533082
1,306,342,1.0,0.38861445,0.6113855,7.241212,7.5814605,2.8140395,4.6351953,7.449235,0.9994185
1,265,71,1.0,0.38861445,0.6113855,5.456271,7.057915,2.120386,4.3151073,6.4354935,0.99839896
1,24,87,1.0,0.38861445,0.6113855,2.4216075,7.0705595,0.9410716,4.322838,5.2639093,0.99485165
1,27,100,1.0,0.38861445,0.6113855,5.2182784,9.259515,2.0278983,5.6611333,7.6890316,0.9995425
1,16,211,1.0,0.38861445,0.6113855,2.3183153,5.9150243,0.9009308,3.6163602,4.517291,0.98919934
1,46,75,1.0,0.38861445,0.6113855,5.5489383,8.300799,2.1563976,5.0749884,7.231386,0.99927706
1,3,73,1.0,0.38861445,0.6113855,2.939139,2.414953,1.1421919,1.4764673,2.618659,0.93205285
1,4,8,1.0,0.38861445,0.6113855,2.5484393,-4.4060616,0.9903603,-2.6938024,-1.7034421,0.15401624
1,27,75,1.0,0.38861445,0.6113855,5.1822023,7.961773,2.0138786,4.8677125,6.881591,0.99897456
1,8,152,1.0,0.38861445,0.6113855,6.1661215,0.13927564,2.3962438,0.08515111,2.481395,0.9228272
1,109,328,1.0,0.38861445,0.6113855,3.4319465,4.596628,1.333704,2.810312,4.1440163,0.9843886
1,38,69,1.0,0.38861445,0.6113855,0.80596584,6.5153394,0.31320998,3.9833841,4.296594,0.986568
1,148,235,1.0,0.38861445,0.6113855,-3.1740775,-6.8136187,-1.2334924,-4.1657476,-5.39924,0.004499676
1,23,70,1.0,0.38861445,0.6113855,5.295331,4.7846847,2.057842,2.925287,4.983129,0.993194
1,13,489,1.0,0.38861445,0.6113855,2.27081,-1.0004573,0.88246953,-0.6116651,0.2708044,0.56729037
1,8,409,1.0,0.38861445,0.6113855,4.497015,5.5453105,1.747605,3.3903224,5.1379275,0.9941644
1,61,33,1.0,0.38861445,0.6113855,1.9655166,-1.094669,0.76382816,-0.6692648,0.094563365,0.5236232
1,115,328,1.0,0.38861445,0.6113855,-2.6541717,-8.118152,-1.0314494,-4.9633203,-5.9947696,0.0024855577
1,21,24,1.0,0.38861445,0.6113855,2.9366312,2.8111765,1.1412174,1.7187127,2.85993,0.9458297
1,58,89,1.0,0.38861445,0.6113855,-9.061289,-18.433027,-3.5213478,-11.269686,-14.791034,3.769949e-07
1,185,382,1.0,0.38861445,0.6113855,1.2435826,7.9003696,0.48327416,4.8301716,5.3134456,0.99509925
1,7,317,1.0,0.38861445,0.6113855,3.9918375,2.2382529,1.5512857,1.3684354,2.9197211,0.9488127
1,62,296,1.0,0.38861445,0.6113855,2.0737238,7.018219,0.805879,4.2908373,5.0967164,0.99392045
1,14,259,1.0,0.38861445,0.6113855,6.1665583,7.2536817,2.3964136,4.434796,6.831209,0.99892163
1,7,404,1.0,0.38861445,0.6113855,2.3876207,4.6958523,0.9278639,2.8709762,3.79884,0.9780939
1,111,256,1.0,0.38861445,0.6113855,1.7597647,4.092694,0.68386996,2.5022137,3.1860838,0.9603072
1,184,445,1.0,0.38861445,0.6113855,-4.28823,2.5382493,-1.6664681,1.5518489,-0.114619255,0.4713765
1,9,648,1.0,0.38861445,0.6113855,2.2413752,0.030555211,0.8710308,0.018681014,0.8897118,0.7088307
1,33,10,1.0,0.38861445,0.6113855,5.124454,6.141586,1.9914368,3.7548766,5.7463136,0.9968156
1,46,10,1.0,0.38861445,0.6113855,4.2388773,7.3016267,1.6472889,4.464109,6.1113977,0.9977875
1,56,84,1.0,0.38861445,0.6113855,1.670142,5.3254623,0.64904135,3.2559106,3.904952,0.9802557
1,9,435,1.0,0.38861445,0.6113855,-3.6174834,2.1597888,-1.4058063,1.3204637,-0.085342646,0.47867724
1,8,336,1.0,0.38861445,0.6113855,6.9766626,-1.3462296,2.711232,-0.8230653,1.8881667,0.8685463
1,8,279,1.0,0.38861445,0.6113855,6.3818426,2.9688542,2.4800763,1.8151145,4.295191,0.98654944
1,3,350,1.0,0.38861445,0.6113855,3.9282243,4.865973,1.5265647,2.9749854,4.50155,0.9890298
1,9,132,1.0,0.38861445,0.6113855,6.4738503,5.4932494,2.5158317,3.358493,5.874325,0.99719715
1,9,381,1.0,0.38861445,0.6113855,4.3424997,2.3648753,1.6875582,1.4458505,3.1334085,0.9582499
1,30,19,1.0,0.38861445,0.6113855,4.0591927,6.5185905,1.5774609,3.9853718,5.562833,0.9961767
1,8,184,1.0,0.38861445,0.6113855,2.933151,4.3251276,1.1398648,2.6443205,3.7841854,0.97777766
1,8,239,1.0,0.38861445,0.6113855,7.302311,2.3806536,2.8377836,1.4554971,4.2932806,0.986524
1,19,79,1.0,0.38861445,0.6113855,5.150688,5.535596,2.0016317,3.3843832,5.386015,0.9954407
1,33,144,1.0,0.38861445,0.6113855,4.7053356,6.7140517,1.8285614,4.104874,5.9334354,0.99735767
1,27,98,1.0,0.38861445,0.6113855,3.9724982,7.1741056,1.5437702,4.386144,5.9299145,0.9973483
1,9,70,1.0,0.38861445,0.6113855,1.9124737,2.89742,0.7432149,1.7714406,2.5146556,0.92516285
1,18,328,1.0,0.38861445,0.6113855,2.8629522,6.814907,1.1125846,4.1665354,5.27912,0.99492896
1,264,352,1.0,0.38861445,0.6113855,3.166931,8.054701,1.2307152,4.9245276,6.155243,0.9978822
1,27,309,1.0,0.38861445,0.6113855,1.6794331,3.4558103,0.65265197,2.1128323,2.7654843,0.9407819
1,8,9,1.0,0.38861445,0.6113855,5.8531046,4.8466096,2.274601,2.963147,5.237748,0.99471587
1,42,120,1.0,0.38861445,0.6113855,-1.7891326,-8.658957,-0.69528276,-5.2939606,-5.9892435,0.0024992968
1,257,71,1.0,0.38861445,0.6113855,1.5980077,5.118976,0.6210089,3.129668,3.7506769,0.9770378
1,359,470,1.0,0.38861445,0.6113855,5.3410435,7.16665,2.0756066,4.381586,6.4571924,0.9984333
1,7,296,1.0,0.38861445,0.6113855,4.3901863,6.1990275,1.7060899,3.7899957,5.4960856,0.9959139
1,8,262,1.0,0.38861445,0.6113855,4.332472,5.580754,1.6836611,3.411992,5.095653,0.99391395
1,28,216,1.0,0.38861445,0.6113855,1.556529,-4.0151696,0.6048897,-2.4548166,-1.849927,0.13588147
1,109,117,1.0,0.38861445,0.6113855,5.8413744,5.4136944,2.2700424,3.3098543,5.579897,0.9962412
1,33,46,1.0,0.38861445,0.6113855,4.4736586,8.710434,1.7385284,5.3254333,7.0639615,0.9991454
1,152,342,1.0,0.38861445,0.6113855,6.509642,6.778605,2.529741,4.144341,6.674082,0.99873835
1,3,247,1.0,0.38861445,0.6113855,3.4746673,2.5590935,1.3503059,1.5645927,2.9148986,0.94857806
1,14,521,1.0,0.38861445,0.6113855,7.079177,7.09464,2.7510705,4.33756,7.0886307,0.99916613
1,14,515,1.0,0.38861445,0.6113855,5.869733,5.374732,2.281063,3.2860334,5.5670967,0.99619293
1,46,139,1.0,0.38861445,0.6113855,2.46423,4.1975503,0.9576354,2.5663214,3.5239568,0.97136176
1,221,470,1.0,0.38861445,0.6113855,3.3536327,8.448145,1.3032701,5.1650734,6.4683437,0.99845064
1,8,526,1.0,0.38861445,0.6113855,5.8002195,3.0351157,2.254049,1.8556259,4.109675,0.98385197
1,9,577,1.0,0.38861445,0.6113855,0.20731755,1.3671331,0.08056659,0.8358454,0.916412,0.71431047
1,33,114,1.0,0.38861445,0.6113855,2.8208306,5.4157405,1.0962155,3.3111053,4.407321,0.9879589
1,76,10,1.0,0.38861445,0.6113855,3.4120116,5.0903916,1.3259571,3.1121917,4.4381485,0.98832023
1,91,491,1.0,0.38861445,0.6113855,-0.7744458,-0.64719975,-0.3009608,-0.39568856,-0.6966494,0.33255553
1,8,228,1.0,0.38861445,0.6113855,6.626055,6.6449766,2.5749805,4.0626426,6.637623,0.9986916
1,16,446,1.0,0.38861445,0.6113855,4.6507945,3.5728087,1.8073659,2.1843636,3.9917295,0.9818671
1,3,342,1.0,0.38861445,0.6113855,5.830043,1.3132278,2.2656388,0.80288845,3.0685272,0.95557564
1,7,142,1.0,0.38861445,0.6113855,1.3384817,-3.2088695,0.5201533,-1.9618564,-1.4417031,0.19128177
1,8,479,1.0,0.38861445,0.6113855,5.391968,6.9613795,2.0953965,4.256087,6.3514833,0.9982589
1,33,60,1.0,0.38861445,0.6113855,-7.611547,-3.3656588,-2.957957,-2.057715,-5.0156717,0.006589466
1,7,260,1.0,0.38861445,0.6113855,0.55233157,-2.1192846,0.21464403,-1.2957,-1.0810559,0.25330627
1,3,6,1.0,0.38861445,0.6113855,3.37863,6.3269405,1.3129843,3.8681998,5.1811843,0.9944101
1,44,48,1.0,0.38861445,0.6113855,4.0166907,5.923488,1.5609441,3.6215348,5.182479,0.9944173
1,74,273,1.0,0.38861445,0.6113855,-2.6821773,0.7181539,-1.0423329,0.43906888,-0.603264,0.3535973
1,4,547,1.0,0.38861445,0.6113855,1.5526567,0.68643975,0.6033848,0.4196793,1.0230641,0.73556906
1,8,166,1.0,0.38861445,0.6113855,3.2804534,3.9887774,1.2748317,2.4386806,3.7135124,0.97618914
1,30,114,1.0,0.38861445,0.6113855,2.3828185,5.7920012,0.9259977,3.5411458,4.4671435,0.9886502
1,3,622,1.0,0.38861445,0.6113855,4.7713785,5.75435,1.8542266,3.5181265,5.372353,0.99537826
1,4,549,1.0,0.38861445,0.6113855,1.0322037,5.970837,0.40112925,3.6504834,4.051613,0.98290306
1,85,226,1.0,0.38861445,0.6113855,0.348549,6.765308,0.13545118,4.1362114,4.2716627,0.9862336
1,19,592,1.0,0.38861445,0.6113855,5.404458,6.992411,2.1002505,4.2750587,6.375309,0.9982998
1,92,342,1.0,0.38861445,0.6113855,5.038576,6.430767,1.9580635,3.9316778,5.8897414,0.99723995
1,97,263,1.0,0.38861445,0.6113855,2.408312,-6.444389,0.93590486,-3.940006,-3.0041013,0.04724093
1,7,13,1.0,0.38861445,0.6113855,4.7205076,3.2278104,1.8344574,1.9734366,3.807894,0.97828704
1,7,423,1.0,0.38861445,0.6113855,3.0591853,1.281913,1.1888436,0.7837431,1.9725866,0.8778887
1,84,170,1.0,0.38861445,0.6113855,3.2129772,6.4143057,1.2486093,3.9216137,5.170223,0.9943488
1,4,153,1.0,0.38861445,0.6113855,2.7842085,4.811581,1.0819837,2.941731,4.0237145,0.9824279
1,18,180,1.0,0.38861445,0.6113855,2.519344,7.698831,0.9790535,4.706954,5.6860075,0.9966184
1,91,320,1.0,0.38861445,0.6113855,0.87950695,8.484384,0.3417891,5.187229,5.5290184,0.99604577
1,14,33,1.0,0.38861445,0.6113855,-0.22082864,0.18283239,-0.085817195,0.111781076,0.02596388,0.5064906
1,19,170,1.0,0.38861445,0.6113855,4.046266,7.681019,1.5724374,4.6960635,6.268501,0.9981085
1,0,0,1.0,0.38861445,0.6113855,2.2856586,5.632804,0.8882399,3.4438148,4.3320546,0.98702985
1,13,551,1.0,0.38861445,0.6113855,3.528404,7.2711473,1.3711888,4.445474,5.816663,0.99703133
1,8,140,1.0,0.38861445,0.6113855,4.47007,1.8351251,1.7371337,1.1219689,2.8591027,0.9457874
1,4,341,1.0,0.38861445,0.6113855,4.675462,7.02263,1.816952,4.2935343,6.110486,0.99778545
1,8,167,1.0,0.38861445,0.6113855,4.515107,3.6038196,1.7546358,2.2033231,3.957959,0.98125595
1,370,70,1.0,0.38861445,0.6113855,0.7558949,-4.1737785,0.2937517,-2.5517879,-2.2580361,0.09465853
1,3,299,1.0,0.38861445,0.6113855,3.7267706,7.178316,1.4482769,4.3887186,5.8369956,0.9970908
1,8,242,1.0,0.38861445,0.6113855,4.0994606,6.4312043,1.5931096,3.9319453,5.525055,0.99603015
1,3,159,1.0,0.38861445,0.6113855,6.0147424,7.3291354,2.3374157,4.4809275,6.818343,0.9989077
1,7,452,1.0,0.38861445,0.6113855,6.802804,6.3521724,2.643668,3.8836262,6.527294,0.9985392
1,4,531,1.0,0.38861445,0.6113855,6.710766,2.8710093,2.6079006,1.7552936,4.3631945,0.9874226
1,281,342,1.0,0.38861445,0.6113855,5.0830917,6.740025,1.9753629,4.120754,6.0961165,0.99775344
1,158,342,1.0,0.38861445,0.6113855,6.6060977,6.854859,2.567225,4.1909614,6.7581863,0.99884003
1,108,255,1.0,0.38861445,0.6113855,1.602913,2.8630428,0.62291515,1.750423,2.3733382,0.91477144
1,41,250,1.0,0.38861445,0.6113855,6.025363,10.221137,2.3415432,6.2490554,8.590599,0.9998142
1,69,3,1.0,0.38861445,0.6113855,-6.8815985,-13.593387,-2.6742885,-8.3108,-10.985088,1.6952328e-05
1,23,94,1.0,0.38861445,0.6113855,2.1333492,-0.27658072,0.8290503,-0.16909745,0.6599529,0.6592498
1,94,70,1.0,0.38861445,0.6113855,2.5618966,6.037684,0.99559003,3.6913526,4.6869426,0.9908694
1,385,596,1.0,0.38861445,0.6113855,3.8741443,3.534692,1.5055485,2.1610596,3.666608,0.9750742
1,17,45,1.0,0.38861445,0.6113855,1.2283759,6.8178935,0.47736463,4.168361,4.6457257,0.99048877
1,319,342,1.0,0.38861445,0.6113855,5.3766418,7.005295,2.0894406,4.2829356,6.3723764,0.9982948
1,31,34,1.0,0.38861445,0.6113855,2.0445533,8.520261,0.79454297,5.209164,6.003707,0.99753654
1,41,21,1.0,0.38861445,0.6113855,4.829316,6.8053594,1.876742,4.1606984,6.0374403,0.997618
1,8,106,1.0,0.38861445,0.6113855,4.6959925,4.183787,1.8249305,2.5579066,4.3828373,0.98766416
1,76,393,1.0,0.38861445,0.6113855,1.4179109,4.5845914,0.5510207,2.8029528,3.3539734,0.9662347
1,255,109,1.0,0.38861445,0.6113855,4.2766705,9.141379,1.6619759,5.5889072,7.250883,0.99929094
1,3,422,1.0,0.38861445,0.6113855,1.7238541,6.965203,0.6699146,4.2584243,4.928339,0.9928135
1,13,631,1.0,0.38861445,0.6113855,3.6740956,1.3278236,1.4278066,0.81181216,2.2396188,0.9037513
1,121,83,1.0,0.38861445,0.6113855,2.4314766,8.587722,0.94490695,5.2504086,6.1953154,0.9979652
1,23,470,1.0,0.38861445,0.6113855,1.4814954,1.0062754,0.5757305,0.6152222,1.1909528,0.76691145
1,400,574,1.0,0.38861445,0.6113855,-6.5790863,-17.561789,-2.556728,-10.737023,-13.293751,1.6849875e-06
1,285,342,1.0,0.38861445,0.6113855,6.567212,6.7429,2.5521135,4.1225114,6.674625,0.99873906
1,7,457,1.0,0.38861445,0.6113855,5.7476454,7.4020095,2.233618,4.525481,6.759099,0.9988411
1,85,315,1.0,0.38861445,0.6113855,1.4434437,7.701131,0.56094307,4.7083597,5.269303,0.9948791
1,194,342,1.0,0.38861445,0.6113855,2.2877645,-2.1436174,0.88905835,-1.3105767,-0.42151833,0.39615348
1,253,352,1.0,0.38861445,0.6113855,3.3624625,5.663218,1.3067015,3.4624095,4.769111,0.9915835
1,40,380,1.0,0.38861445,0.6113855,6.603282,5.234382,2.5661309,3.2002256,5.7663565,0.9968786
1,23,237,1.0,0.38861445,0.6113855,2.3061004,0.4083014,0.8961839,0.24962957,1.1458135,0.75874543
1,23,119,1.0,0.38861445,0.6113855,2.4301126,5.710757,0.9443769,3.491474,4.4358506,0.98829365
1,404,470,1.0,0.38861445,0.6113855,4.4820547,6.344362,1.7417912,3.878851,5.620642,0.99639076
1,2,528,1.0,0.38861445,0.6113855,1.0989577,0.7239019,0.42707083,0.44258317,0.869654,0.70467365
1,46,138,1.0,0.38861445,0.6113855,4.718117,7.3223515,1.8335285,4.4767795,6.310308,0.9981858
1,23,312,1.0,0.38861445,0.6113855,3.704336,6.847788,1.4395585,4.1866384,5.626197,0.99641067
1,21,49,1.0,0.38861445,0.6113855,3.622598,6.326176,1.4077939,3.8677325,5.2755265,0.9949108
1,9,171,1.0,0.38861445,0.6113855,-3.4891503,-0.22256768,-1.3559343,-0.13607466,-1.4920089,0.1836204
1,22,544,1.0,0.38861445,0.6113855,1.918869,7.383228,0.74570024,4.5139985,5.259699,0.9948301
1,42,62,1.0,0.38861445,0.6113855,-5.32839,-16.972673,-2.0706894,-10.376847,-12.447536,3.9273705e-06
1,185,342,1.0,0.38861445,0.6113855,4.8573027,5.7846465,1.887618,3.5366492,5.4242673,0.99561113
1,23,562,1.0,0.38861445,0.6113855,3.5512817,6.3679867,1.3800794,3.8932948,5.273374,0.9948999
1,14,167,1.0,0.38861445,0.6113855,4.9924383,-4.8351464,1.9401337,-2.9561386,-1.0160049,0.26580632
1,304,342,1.0,0.38861445,0.6113855,6.93516,7.612297,2.6951034,4.6540484,7.3491516,0.9993573
1,3,366,1.0,0.38861445,0.6113855,4.2435374,2.0261486,1.6491,1.2387578,2.887858,0.9472429
1,7,328,1.0,0.38861445,0.6113855,5.66953,6.8832946,2.2032611,4.208347,6.4116077,0.99836034
1,9,473,1.0,0.38861445,0.6113855,3.2162383,2.8201587,1.2498766,1.7242042,2.9740808,0.9513893
1,28,60,1.0,0.38861445,0.6113855,1.5680846,-2.6497061,0.6093803,-1.619992,-1.0106118,0.26686013
1,6,87,1.0,0.38861445,0.6113855,3.0087316,3.447935,1.1692365,2.1080177,3.277254,0.96364015
1,211,461,1.0,0.38861445,0.6113855,1.2248495,5.3218412,0.4759942,3.2536967,3.7296908,0.9765622
1,100,533,1.0,0.38861445,0.6113855,-5.592291,-11.044513,-2.173245,-6.752455,-8.9257,0.00013291069
1,3,193,1.0,0.38861445,0.6113855,5.253668,3.3305593,2.0416512,2.0362556,4.0779066,0.9833394
1,3,340,1.0,0.38861445,0.6113855,1.4071794,6.7032914,0.5468502,4.098295,4.6451454,0.9904833
1,45,234,1.0,0.38861445,0.6113855,1.8203895,4.27021,0.70742965,2.6107445,3.3181741,0.96504706
1,8,416,1.0,0.38861445,0.6113855,6.0201693,2.6257455,2.3395247,1.6053429,3.9448676,0.9810137
1,91,201,1.0,0.38861445,0.6113855,0.8970349,3.7215037,0.34860072,2.2752736,2.6238742,0.9323824
1,262,352,1.0,0.38861445,0.6113855,1.2461612,6.7505336,0.48427626,4.1271787,4.611455,0.99016035
1,265,382,1.0,0.38861445,0.6113855,2.7448418,7.201266,1.0666852,4.4027495,5.4694347,0.99580413
1,23,407,1.0,0.38861445,0.6113855,4.468774,5.7999616,1.7366301,3.5460126,5.282643,0.99494666
1,70,348,1.0,0.38861445,0.6113855,0.009351717,-8.379492,0.0036342125,-5.1231,-5.119466,0.005943678
1,298,342,1.0,0.38861445,0.6113855,5.902586,7.748664,2.2938302,4.737421,7.031251,0.99911696
1,64,102,1.0,0.38861445,0.6113855,-2.4799864,5.383025,-0.9637585,3.2911036,2.3273451,0.91111654
1,350,17,1.0,0.38861445,0.6113855,2.083537,-1.9875524,0.8096926,-1.2151607,-0.4054681,0.39999926
1,16,359,1.0,0.38861445,0.6113855,2.5550697,0.19454807,0.99293697,0.11894388,1.1118809,0.7524796
1,23,51,1.0,0.38861445,0.6113855,2.823498,5.9438453,1.0972521,3.633981,4.731233,0.99126136
1,7,412,1.0,0.38861445,0.6113855,1.5826946,2.0335257,0.615058,1.2432681,1.8583262,0.86510175
1,293,342,1.0,0.38861445,0.6113855,5.909597,6.78527,2.2965548,4.148416,6.444971,0.99841404
1,7,467,1.0,0.38861445,0.6113855,1.3973558,-9.748246,0.54303265,-5.9599366,-5.416904,0.00442124
1,145,393,1.0,0.38861445,0.6113855,1.6312426,-6.587229,0.6339244,-4.027336,-3.3934116,0.032502003
1,3,109,1.0,0.38861445,0.6113855,6.0544877,3.7594373,2.3528614,2.2984655,4.651327,0.9905414
1,109,149,1.0,0.38861445,0.6113855,-0.39624244,7.0980415,-0.15398553,4.3396397,4.185654,0.98501563
1,76,212,1.0,0.38861445,0.6113855,1.6094464,3.8462203,0.6254541,2.3515234,2.9769776,0.9515231
1,7,109,1.0,0.38861445,0.6113855,5.498,6.7162423,2.1366022,4.106213,6.242815,0.99805933
1,159,342,1.0,0.38861445,0.6113855,4.974569,7.502064,1.9331893,4.5866537,6.519843,0.99852824
1,23,270,1.0,0.38861445,0.6113855,3.0478442,6.62493,1.1844363,4.0503864,5.2348228,0.99470043
1,98,107,1.0,0.38861445,0.6113855,-0.21514201,-9.483062,-0.08360729,-5.7978067,-5.881414,0.0027830694
1,3,433,1.0,0.38861445,0.6113855,4.667388,3.2687175,1.8138144,1.9984466,3.812261,0.9783796
1,7,435,1.0,0.38861445,0.6113855,3.2509387,5.80297,1.2633617,3.5478518,4.8112135,0.99192774
1,154,342,1.0,0.38861445,0.6113855,5.7250814,7.7147284,2.2248495,4.7166734,6.9415226,0.99903417
1,54,84,1.0,0.38861445,0.6113855,2.9565668,3.5585082,1.1489645,2.1756203,3.324585,0.9652626
1,9,0,1.0,0.38861445,0.6113855,4.312768,6.0209284,1.6760039,3.6811085,5.3571124,0.9953076
1,38,254,1.0,0.38861445,0.6113855,5.0904307,4.276485,1.978215,2.614581,4.5927963,0.98997694
1,408,359,1.0,0.38861445,0.6113855,0.6697171,2.8011315,0.26026174,1.7125713,1.972833,0.87791514
1,4,419,1.0,0.38861445,0.6113855,3.1508088,-0.14918455,1.2244499,-0.09120928,1.1332406,0.75643647
1,135,132,1.0,0.38861445,0.6113855,3.4940917,1.828042,1.3578545,1.1176385,2.475493,0.92240584
1,13,153,1.0,0.38861445,0.6113855,5.3599315,5.874247,2.0829468,3.5914297,5.6743765,0.996579
1,3,169,1.0,0.38861445,0.6113855,3.7923963,3.1089828,1.47378,1.9007871,3.374567,0.9669001
1,3,168,1.0,0.38861445,0.6113855,5.2702484,4.9052396,2.0480947,2.9989924,5.047087,0.99361306
1,116,54,1.0,0.38861445,0.6113855,1.9603645,5.3826785,0.7618259,3.2908916,4.0527177,0.9829216
1,170,415,1.0,0.38861445,0.6113855,2.5656307,4.021256,0.99704117,2.4585376,3.4555788,0.9693971
1,261,109,1.0,0.38861445,0.6113855,4.0491004,7.830113,1.5735389,4.7872176,6.3607564,0.9982749
1,40,51,1.0,0.38861445,0.6113855,1.2275805,0.28685474,0.47705552,0.17537884,0.65243435,0.6575588
1,85,181,1.0,0.38861445,0.6113855,-0.21037318,-13.166693,-0.08175406,-8.049926,-8.13168,0.0002939874
1,13,239,1.0,0.38861445,0.6113855,5.2299876,4.3197565,2.0324488,2.6410365,4.6734853,0.99074674
1,109,370,1.0,0.38861445,0.6113855,2.5464318,-0.961308,0.98958015,-0.5877298,0.40185034,0.5991321
1,33,98,1.0,0.38861445,0.6113855,5.4221153,6.0044007,2.1071124,3.6710036,5.778116,0.996915
1,71,98,1.0,0.38861445,0.6113855,0.27504086,-8.807278,0.10688485,-5.384642,-5.277757,0.005077948
1,253,109,1.0,0.38861445,0.6113855,3.5011318,5.550899,1.3605903,3.3937392,4.7543297,0.99145925
1,8,205,1.0,0.38861445,0.6113855,2.477577,0.8497047,0.9628222,0.51949716,1.4823194,0.81492263
1,8,351,1.0,0.38861445,0.6113855,8.18177,5.235234,3.1795542,3.200746,6.3803005,0.9983083
1,13,531,1.0,0.38861445,0.6113855,6.239031,8.14721,2.4245775,4.9810863,7.4056635,0.9993925
1,8,177,1.0,0.38861445,0.6113855,3.484333,1.8472338,1.3540622,1.129372,2.4834342,0.92297226
1,37,53,1.0,0.38861445,0.6113855,-7.8988576,-21.292574,-3.06961,-13.017971,-16.087582,1.03098415e-07
1,28,2,1.0,0.38861445,0.6113855,2.4554899,8.029857,0.95423883,4.909338,5.863577,0.99716693
1,51,81,1.0,0.38861445,0.6113855,1.9007517,3.2055295,0.73865956,1.9598143,2.698474,0.9369365
1,3,107,1.0,0.38861445,0.6113855,5.2689276,2.7150195,2.0475814,1.6599236,3.707505,0.97604907
1,13,252,1.0,0.38861445,0.6113855,3.8419163,1.3751116,1.4930242,0.84072334,2.3337476,0.9116337
1,85,110,1.0,0.38861445,0.6113855,0.76088905,1.8148304,0.29569247,1.1095611,1.4052535,0.80301625
1,28,548,1.0,0.38861445,0.6113855,3.4060967,-0.7928614,1.3236583,-0.48474398,0.8389144,0.6982365
1,8,207,1.0,0.38861445,0.6113855,3.3627207,3.2049239,1.3068018,1.959444,3.2662458,0.96325254
1,372,517,1.0,0.38861445,0.6113855,-8.215813,-17.502384,-3.1927836,-10.700705,-13.893488,9.249845e-07
1,362,470,1.0,0.38861445,0.6113855,-0.5428926,4.590296,-0.2109759,2.8064404,2.5954645,0.9305691
1,19,243,1.0,0.38861445,0.6113855,2.5780804,6.006634,1.0018793,3.6723692,4.6742487,0.99075377
1,8,386,1.0,0.38861445,0.6113855,7.240588,6.061342,2.8137972,3.7058165,6.5196137,0.9985279
1,19,258,1.0,0.38861445,0.6113855,3.861757,5.710132,1.5007346,3.4910922,4.991827,0.9932526
1,89,155,1.0,0.38861445,0.6113855,-2.8167744,-14.257281,-1.0946392,-8.716696,-9.811335,5.4823624e-05
1,24,141,1.0,0.38861445,0.6113855,2.9766457,6.025241,1.1567675,3.6837451,4.8405128,0.992159
1,28,547,1.0,0.38861445,0.6113855,4.040151,1.7355793,1.5700611,1.061108,2.631169,0.93284076
1,3,494,1.0,0.38861445,0.6113855,5.2532024,5.334581,2.0414703,3.2614856,5.3029556,0.9950478
1,0,134,1.0,0.38861445,0.6113855,3.8283248,-0.50628185,1.4877423,-0.3095334,1.178209,0.7646256
1,16,290,1.0,0.38861445,0.6113855,5.0470266,6.0519795,1.9613475,3.7000928,5.6614404,0.9965346
1,153,319,1.0,0.38861445,0.6113855,-1.898412,-4.4557695,-0.73775035,-2.724193,-3.4619434,0.030414673
1,16,247,1.0,0.38861445,0.6113855,3.1520188,-0.7388799,1.22492,-0.45174047,0.77317953,0.68420833
1,41,114,1.0,0.38861445,0.6113855,0.70409113,-5.303325,0.27361998,-3.2423763,-2.9687564,0.04885748
1,23,452,1.0,0.38861445,0.6113855,4.987179,6.05858,1.9380897,3.704128,5.6422176,0.9964675
1,16,88,1.0,0.38861445,0.6113855,3.2908597,2.448751,1.2788756,1.4971309,2.7760065,0.9413654
1,19,131,1.0,0.38861445,0.6113855,1.2284305,-2.401054,0.47738585,-1.4679697,-0.9905838,0.27079678
1,218,331,1.0,0.38861445,0.6113855,3.6398914,6.734099,1.4145144,4.1171308,5.5316453,0.9960562
1,28,453,1.0,0.38861445,0.6113855,3.5557487,-2.899249,1.3818153,-1.7725589,-0.3907436,0.40353835
1,28,30,1.0,0.38861445,0.6113855,2.442759,-2.095158,0.94929147,-1.2809494,-0.3316579,0.41783726
1,91,102,1.0,0.38861445,0.6113855,-0.110716164,-0.58457875,-0.0430259,-0.35740298,-0.4004289,0.40120932
1,6,421,1.0,0.38861445,0.6113855,4.6090417,7.4441814,1.7911402,4.551265,6.342405,0.9982431
1,13,116,1.0,0.38861445,0.6113855,5.4846354,5.7170243,2.1314085,3.495306,5.6267147,0.9964126
1,49,80,1.0,0.38861445,0.6113855,0.761256,-5.5219827,0.29583508,-3.3760602,-3.0802252,0.043930355
1,239,461,1.0,0.38861445,0.6113855,2.98969,7.5753493,1.1618367,4.6314588,5.7932954,0.9969613
1,107,413,1.0,0.38861445,0.6113855,-0.16574955,-1.2849374,-0.06441267,-0.78559214,-0.8500048,0.29943186
1,33,518,1.0,0.38861445,0.6113855,4.18655,-1.5547082,1.6269538,-0.9505261,0.6764277,0.6629409
1,8,5,1.0,0.38861445,0.6113855,7.44831,6.5839486,2.8945208,4.025331,6.919852,0.99901295
1,225,183,1.0,0.38861445,0.6113855,-1.9029182,-11.758996,-0.73950154,-7.18928,-7.9287815,0.00036009538
1,16,405,0.0,0.38861445,0.6113855,0.27033103,-2.5979064,0.10505454,-1.5883223,-1.4832678,0.18493435
1,280,443,0.0,0.38861445,0.6113855,-1.5451163,-12.16006,-0.6004545,-7.4344845,-8.034939,0.00032383943
1,88,319,0.0,0.38861445,0.6113855,-3.1809793,-3.267533,-1.2361745,-1.9977224,-3.2338967,0.037909865
1,149,444,0.0,0.38861445,0.6113855,-8.305733,-11.281828,-3.2277277,-6.8975463,-10.125274,4.0052728e-05
1,108,558,0.0,0.38861445,0.6113855,-8.260577,-14.193044,-3.2101796,-8.677422,-11.887601,6.875077e-06
1,250,572,0.0,0.38861445,0.6113855,-6.145372,-22.433825,-2.3881803,-13.715715,-16.103895,1.0143017e-07
1,103,504,0.0,0.38861445,0.6113855,3.40644,1.5099543,1.3237917,0.92316425,2.2469559,0.90438765
1,191,104,0.0,0.38861445,0.6113855,-10.209808,-22.130018,-3.967679,-13.529973,-17.497652,2.5169017e-08
1,373,259,0.0,0.38861445,0.6113855,-5.499049,-5.6049466,-2.1370099,-3.4267833,-5.563793,0.00381956
1,57,408,0.0,0.38861445,0.6113855,-0.73094475,-8.102532,-0.28405568,-4.953771,-5.237827,0.0052837213
1,171,457,0.0,0.38861445,0.6113855,-4.0012984,-17.334576,-1.5549624,-10.598108,-12.15307,5.272132e-06
1,296,216,0.0,0.38861445,0.6113855,-12.11414,-18.698936,-4.70773,-11.432259,-16.139988,9.783455e-08
1,412,102,0.0,0.38861445,0.6113855,-1.7158775,-4.7279763,-0.6668148,-2.8906162,-3.557431,0.02772158
1,211,485,0.0,0.38861445,0.6113855,-7.6360393,-23.140797,-2.9674752,-14.147948,-17.115423,3.6886387e-08
1,3,467,0.0,0.38861445,0.6113855,0.9116661,0.35236874,0.3542866,0.21543315,0.5697198,0.6386986
1,211,267,0.0,0.38861445,0.6113855,-9.563671,-19.291248,-3.7165809,-11.79439,-15.510971,1.8351466e-07
1,39,240,0.0,0.38861445,0.6113855,-9.459063,-10.165863,-3.6759284,-6.2152615,-9.89119,5.0616138e-05
1,61,189,0.0,0.38861445,0.6113855,-4.147288,-10.667809,-1.611696,-6.522144,-8.13384,0.00029335325
1,390,13,0.0,0.38861445,0.6113855,-6.690461,-11.877185,-2.60001,-7.261539,-9.861549,5.213878e-05
1,65,52,0.0,0.38861445,0.6113855,-5.7946205,-14.60362,-2.2518733,-8.928442,-11.180315,1.3945845e-05
1,177,586,0.0,0.38861445,0.6113855,-7.716152,-20.02573,-2.998608,-12.243442,-15.24205,2.4013838e-07
1,338,557,0.0,0.38861445,0.6113855,-9.686035,-23.097797,-3.7641332,-14.121659,-17.885792,1.7072585e-08
1,82,37,0.0,0.38861445,0.6113855,-4.561288,-13.479684,-1.7725824,-8.241283,-10.013865,4.477278e-05
1,292,106,0.0,0.38861445,0.6113855,-9.348878,-15.733103,-3.633109,-9.618991,-13.2521,1.7566504e-06
1,387,349,0.0,0.38861445,0.6113855,-6.10552,-14.172278,-2.3726933,-8.664726,-11.037419,1.6088024e-05
1,63,5,0.0,0.38861445,0.6113855,-3.948588,-13.549422,-1.5344783,-8.28392,-9.818398,5.443774e-05
1,236,626,0.0,0.38861445,0.6113855,-4.5859594,-21.346087,-1.78217,-13.050689,-14.832859,3.6155222e-07
1,132,275,0.0,0.38861445,0.6113855,-8.532361,-13.074267,-3.3157988,-7.9934177,-11.3092165,1.2259264e-05
1,339,344,0.0,0.38861445,0.6113855,-8.62587,-16.662083,-3.3521376,-10.186956,-13.539094,1.3183952e-06
1,239,575,0.0,0.38861445,0.6113855,-12.582626,-25.67959,-4.8897905,-15.7001295,-20.58992,1.1426451e-09
1,229,129,0.0,0.38861445,0.6113855,-4.9563193,-15.873445,-1.9260973,-9.704794,-11.630891,8.887188e-06
1,399,563,0.0,0.38861445,0.6113855,-10.437286,-15.300513,-4.0560803,-9.354512,-13.410593,1.4991766e-06
1,136,485,0.0,0.38861445,0.6113855,-3.3993428,-22.478893,-1.3210337,-13.74327,-15.064303,2.8685076e-07
1,247,640,0.0,0.38861445,0.6113855,-12.247754,-22.55187,-4.759654,-13.787887,-18.54754,8.808571e-09
1,92,225,0.0,0.38861445,0.6113855,-9.132536,-19.24296,-3.5490353,-11.764867,-15.313902,2.2348934e-07
1,120,281,0.0,0.38861445,0.6113855,-2.6072474,-6.222818,-1.013214,-3.8045409,-4.8177547,0.008020077
1,207,99,0.0,0.38861445,0.6113855,0.4273003,-6.2065396,0.16605507,-3.7945886,-3.6285336,0.025868164
1,183,586,0.0,0.38861445,0.6113855,-8.46128,-13.313695,-3.2881756,-8.1398,-11.427976,1.0886505e-05
1,372,170,0.0,0.38861445,0.6113855,0.10371302,-7.0662274,0.040304378,-4.320189,-4.279885,0.013655211
1,38,523,0.0,0.38861445,0.6113855,-9.211687,-11.614279,-3.5797946,-7.100802,-10.680596,2.2986134e-05
1,151,543,0.0,0.38861445,0.6113855,-9.517949,-17.198421,-3.6988125,-10.514866,-14.213678,6.715489e-07
1,412,588,0.0,0.38861445,0.6113855,-4.9529033,-17.840635,-1.9247698,-10.907506,-12.832275,2.673083e-06
1,101,602,0.0,0.38861445,0.6113855,-3.1912534,2.9316475,-1.2401671,1.7923669,0.5521997,0.6346458
1,166,296,0.0,0.38861445,0.6113855,-4.1567006,-9.169982,-1.615354,-5.6063943,-7.2217484,0.00072999083
1,101,332,0.0,0.38861445,0.6113855,-1.25741,-18.238344,-0.4886477,-11.15066,-11.639307,8.812707e-06
1,162,507,0.0,0.38861445,0.6113855,-2.3924327,-3.274637,-0.92973393,-2.0020657,-2.9317997,0.050603796
1,257,141,0.0,0.38861445,0.6113855,-7.100713,-15.022073,-2.7594395,-9.184278,-11.943717,6.499902e-06
1,177,6,0.0,0.38861445,0.6113855,-4.100272,-16.77253,-1.593425,-10.254482,-11.847907,7.1534614e-06
1,412,139,0.0,0.38861445,0.6113855,-5.247301,-10.400267,-2.039177,-6.3585725,-8.397749,0.0002253233
1,366,242,0.0,0.38861445,0.6113855,-3.1587207,-17.030785,-1.2275245,-10.412375,-11.6399,8.807481e-06
1,335,186,0.0,0.38861445,0.6113855,-10.311366,-22.079071,-4.007146,-13.498824,-17.50597,2.4960533e-08
1,166,65,0.0,0.38861445,0.6113855,-6.4224834,-15.860394,-2.4958699,-9.696815,-12.192684,5.0673666e-06
1,408,79,0.0,0.38861445,0.6113855,-2.558095,-11.528642,-0.9941127,-7.0484447,-8.042558,0.0003213823
1,62,647,0.0,0.38861445,0.6113855,-4.748024,-14.432786,-1.8451507,-8.823997,-10.6691475,2.3250806e-05
1,384,484,0.0,0.38861445,0.6113855,-6.6177073,-11.766782,-2.5717366,-7.1940403,-9.765777,5.7378893e-05
1,64,41,0.0,0.38861445,0.6113855,-11.587488,-17.111938,-4.503065,-10.461991,-14.965056,3.167805e-07
1,373,280,0.0,0.38861445,0.6113855,-0.9293083,-9.215445,-0.36114264,-5.6341896,-5.9953322,0.002484163
1,223,146,0.0,0.38861445,0.6113855,-14.463779,-20.023819,-5.620834,-12.242273,-17.863108,1.7464288e-08
1,324,238,0.0,0.38861445,0.6113855,-9.362289,-19.991188,-3.638321,-12.222323,-15.860644,1.2936287e-07
1,146,342,0.0,0.38861445,0.6113855,3.5971577,0.5795947,1.3979075,0.35435578,1.7522633,0.85223806
1,384,295,0.0,0.38861445,0.6113855,-6.933378,-11.292842,-2.694411,-6.90428,-9.598691,6.7812856e-05
1,370,447,0.0,0.38861445,0.6113855,-7.6245956,-18.497543,-2.963028,-11.309131,-14.272159,6.334028e-07
1,116,37,0.0,0.38861445,0.6113855,-5.6844635,-10.719533,-2.2090647,-6.553767,-8.762832,0.00015641653
1,49,306,0.0,0.38861445,0.6113855,-5.4871054,-11.25332,-2.1323683,-6.880117,-9.0124855,0.00012186369
1,188,11,0.0,0.38861445,0.6113855,-9.090189,-20.575056,-3.5325787,-12.579291,-16.11187,1.0062452e-07
1,256,531,0.0,0.38861445,0.6113855,-3.0751138,-0.5111312,-1.1950337,-0.31249824,-1.5075319,0.18130486
1,67,99,0.0,0.38861445,0.6113855,-2.974789,-12.73825,-1.1560459,-7.7879815,-8.944027,0.00013049737
1,181,46,0.0,0.38861445,0.6113855,-2.7711995,-4.190025,-1.0769281,-2.5617206,-3.6386487,0.02561449
1,174,582,0.0,0.38861445,0.6113855,-7.493021,-13.964016,-2.9118962,-8.537397,-11.449293,1.0656891e-05
1,217,299,0.0,0.38861445,0.6113855,-5.839259,-16.966305,-2.2692204,-10.372953,-12.642174,3.2327514e-06
1,208,237,0.0,0.38861445,0.6113855,0.06289706,-11.262906,0.024442704,-6.8859777,-6.861535,0.0010462094
1,194,260,0.0,0.38861445,0.6113855,-3.9148028,-16.62454,-1.521349,-10.164003,-11.685352,8.4161275e-06
1,389,67,0.0,0.38861445,0.6113855,-7.877415,-18.988997,-3.0612774,-11.609597,-14.670875,4.2512823e-07
1,104,257,0.0,0.38861445,0.6113855,0.94304377,4.878366,0.36648044,2.9825623,3.3490427,0.96607345
1,197,259,0.0,0.38861445,0.6113855,-7.5876017,-16.336977,-2.9486516,-9.988192,-12.936843,2.4076837e-06
1,238,467,0.0,0.38861445,0.6113855,-11.081738,-10.783544,-4.306524,-6.5929027,-10.899426,1.8468483e-05
1,404,608,0.0,0.38861445,0.6113855,-6.363701,-9.066163,-2.473026,-5.542921,-8.015947,0.00033004634
1,149,587,0.0,0.38861445,0.6113855,-7.510538,-12.136721,-2.9187036,-7.420215,-10.338919,3.2348238e-05
1,210,390,0.0,0.38861445,0.6113855,-9.977261,-17.051888,-3.8773077,-10.425277,-14.302585,6.144211e-07
1,132,95,0.0,0.38861445,0.6113855,-6.2673774,-12.740063,-2.4355934,-7.78909,-10.224684,3.6262732e-05
1,128,110,0.0,0.38861445,0.6113855,-0.61273164,-15.160805,-0.23811637,-9.269096,-9.507213,7.4308366e-05
1,252,199,0.0,0.38861445,0.6113855,-2.2176757,-9.009538,-0.8618208,-5.508301,-6.3701215,0.0017090255
1,94,445,0.0,0.38861445,0.6113855,-8.826893,-18.369938,-3.430258,-11.231114,-14.661372,4.2918722e-07
1,251,93,0.0,0.38861445,0.6113855,-7.0726933,-14.435532,-2.748551,-8.825675,-11.574226,9.405313e-06
1,47,177,0.0,0.38861445,0.6113855,-0.32344055,-15.5462675,-0.12569366,-9.504763,-9.630456,6.569277e-05
1,203,233,0.0,0.38861445,0.6113855,-8.980012,-18.428955,-3.4897623,-11.267197,-14.756959,3.900623e-07
1,368,159,0.0,0.38861445,0.6113855,-9.843957,-18.267857,-3.8255038,-11.168703,-14.994207,3.0767933e-07
1,349,592,0.0,0.38861445,0.6113855,-3.6629534,-17.667511,-1.4234766,-10.801661,-12.225137,4.9055584e-06
1,349,174,0.0,0.38861445,0.6113855,-9.519087,-15.224151,-3.6992548,-9.307825,-13.00708,2.2443776e-06
1,163,569,0.0,0.38861445,0.6113855,-9.065505,-20.072865,-3.5229862,-12.272259,-15.795245,1.3810586e-07
1,98,462,0.0,0.38861445,0.6113855,-7.593358,-21.955212,-2.9508886,-13.423099,-16.373987,7.742259e-08
1,335,215,0.0,0.38861445,0.6113855,-5.528635,-19.104843,-2.1485074,-11.680425,-13.828932,9.866674e-07
1,307,593,0.0,0.38861445,0.6113855,-13.340229,-13.433965,-5.1842055,-8.213331,-13.397537,1.5188778e-06
1,163,66,0.0,0.38861445,0.6113855,-5.522683,-17.927362,-2.1461945,-10.96053,-13.106725,2.031519e-06
1,120,309,0.0,0.38861445,0.6113855,-8.212566,-14.634765,-3.191522,-8.947483,-12.139005,5.3468116e-06
1,386,488,0.0,0.38861445,0.6113855,-7.3769436,-8.728692,-2.866787,-5.336596,-8.2033825,0.0002736512
1,154,285,0.0,0.38861445,0.6113855,-13.765728,-18.018612,-5.3495607,-11.016318,-16.36588,7.805289e-08
1,275,543,0.0,0.38861445,0.6113855,-6.5265613,-21.186682,-2.536316,-12.953231,-15.489547,1.8748875e-07
1,383,478,0.0,0.38861445,0.6113855,-4.15246,-13.470992,-1.613706,-8.23597,-9.849675,5.276154e-05
1,366,155,0.0,0.38861445,0.6113855,-0.48028055,-13.314221,-0.18664396,-8.140122,-8.326766,0.00024189473
1,255,616,0.0,0.38861445,0.6113855,-4.581716,-10.724944,-1.780521,-6.5570755,-8.337597,0.00023928954
1,196,146,0.0,0.38861445,0.6113855,-11.4511,-20.532156,-4.450063,-12.553063,-17.003126,4.1270155e-08
1,327,259,0.0,0.38861445,0.6113855,-12.6465225,-18.128979,-4.9146214,-11.083796,-15.998417,1.1271346e-07
1,69,301,0.0,0.38861445,0.6113855,-8.273963,-19.108479,-3.2153816,-11.682647,-14.898028,3.3874142e-07
1,336,539,0.0,0.38861445,0.6113855,-11.289621,-23.34694,-4.38731,-14.27398,-18.66129,7.861494e-09
1,235,625,0.0,0.38861445,0.6113855,-6.8398,-14.794197,-2.658045,-9.044958,-11.703003,8.268882e-06
1,102,328,0.0,0.38861445,0.6113855,-2.3469534,-5.707567,-0.91205996,-3.489524,-4.4015837,0.012109476
1,143,546,0.0,0.38861445,0.6113855,-5.688035,-11.092828,-2.2104526,-6.7819943,-8.992447,0.00012433
1,216,180,0.0,0.38861445,0.6113855,-7.2674575,-8.695163,-2.824239,-5.316097,-8.140336,0.00029145426
1,66,261,0.0,0.38861445,0.6113855,-9.328394,-10.912787,-3.6251485,-6.6719203,-10.297069,3.3730696e-05
1,346,368,0.0,0.38861445,0.6113855,-4.530972,-17.119392,-1.7608012,-10.466549,-12.22735,4.894712e-06
1,390,434,0.0,0.38861445,0.6113855,-7.617361,-14.512799,-2.9602165,-8.872915,-11.833132,7.259939e-06
1,33,370,0.0,0.38861445,0.6113855,-4.7293415,-3.4795864,-1.8378904,-2.1273687,-3.965259,0.018610215
1,371,614,0.0,0.38861445,0.6113855,-8.040869,-15.2214155,-3.1247978,-9.306153,-12.430951,3.9930505e-06
1,31,546,0.0,0.38861445,0.6113855,-2.398916,-9.397499,-0.9322534,-5.745495,-6.677748,0.0012570268
1,63,448,0.0,0.38861445,0.6113855,-3.5313861,-12.594667,-1.3723477,-7.700197,-9.072545,0.000114760885
1,18,60,0.0,0.38861445,0.6113855,-8.0156,2.6098902,-3.114978,1.5956491,-1.519329,0.17956035
1,379,220,0.0,0.38861445,0.6113855,-9.822365,-17.63441,-3.817113,-10.781424,-14.5985365,4.570208e-07
1,145,570,0.0,0.38861445,0.6113855,-5.396015,-19.255651,-2.0969694,-11.772627,-13.8695965,9.4734975e-07
1,195,324,0.0,0.38861445,0.6113855,-7.6353145,-15.6726465,-2.9671936,-9.582029,-12.549223,3.547645e-06
1,377,491,0.0,0.38861445,0.6113855,-6.156087,-16.68095,-2.3923442,-10.198491,-12.590836,3.4030484e-06
1,402,309,0.0,0.38861445,0.6113855,-9.033478,-21.761574,-3.51054,-13.304711,-16.81525,4.9800022e-08
1,380,242,0.0,0.38861445,0.6113855,0.7399893,-24.828583,0.28757054,-15.179836,-14.892265,3.4069927e-07
1,152,444,0.0,0.38861445,0.6113855,-5.50351,-3.5855575,-2.1387434,-2.192158,-4.330901,0.012984862
1,276,572,0.0,0.38861445,0.6113855,-3.4044614,-22.233929,-1.3230228,-13.593502,-14.916525,3.3253352e-07
1,102,293,0.0,0.38861445,0.6113855,-1.8841808,-14.332892,-0.7322199,-8.762923,-9.495143,7.521061e-05
1,25,603,0.0,0.38861445,0.6113855,-3.6241436,-5.1407456,-1.4083946,-3.1429775,-4.551372,0.010442519
1,273,60,0.0,0.38861445,0.6113855,-6.2258906,-17.450977,-2.419471,-10.669275,-13.088746,2.068373e-06
1,337,365,0.0,0.38861445,0.6113855,-9.268751,-17.896307,-3.6019707,-10.941543,-14.543513,4.8287217e-07
1,381,434,0.0,0.38861445,0.6113855,-4.5688267,-15.448073,-1.7755121,-9.444729,-11.220241,1.3400025e-05
1,279,136,0.0,0.38861445,0.6113855,-9.680922,-18.229256,-3.762146,-11.145103,-14.907249,3.3563225e-07
1,97,252,0.0,0.38861445,0.6113855,-0.74918675,-7.2218165,-0.2911448,-4.415314,-4.706459,0.008955788
1,102,136,0.0,0.38861445,0.6113855,-1.1562848,-15.5933485,-0.449349,-9.533547,-9.982897,4.6180958e-05
1,249,234,0.0,0.38861445,0.6113855,-9.589502,-12.02813,-3.7266192,-7.353824,-11.080443,1.5410542e-05
1,162,306,0.0,0.38861445,0.6113855,-5.5238123,-9.385122,-2.1466331,-5.737928,-7.884561,0.00037637015
1,344,454,0.0,0.38861445,0.6113855,-5.5789614,-13.997344,-2.168065,-8.557774,-10.725839,2.1969387e-05
1,205,29,0.0,0.38861445,0.6113855,-7.2909803,-13.861093,-2.8333802,-8.474471,-11.307852,1.2276005e-05
1,141,564,0.0,0.38861445,0.6113855,-10.769635,-15.509318,-4.185236,-9.482173,-13.667409,1.1596294e-06
1,69,33,0.0,0.38861445,0.6113855,-2.745838,-12.854671,-1.0670723,-7.8591595,-8.926231,0.00013284013
1,57,480,0.0,0.38861445,0.6113855,1.8215394,-16.73256,0.7078765,-10.230044,-9.522168,7.32054e-05
1,115,368,0.0,0.38861445,0.6113855,-5.968261,-14.893614,-2.3193524,-9.10574,-11.425092,1.0917947e-05
1,23,403,0.0,0.38861445,0.6113855,-4.300691,-4.5752664,-1.6713107,-2.7972517,-4.468562,0.0113338595
1,109,333,0.0,0.38861445,0.6113855,-1.7859933,-5.3892236,-0.6940628,-3.2948933,-3.988956,0.01818232
1,394,252,0.0,0.38861445,0.6113855,-4.4975147,-15.954659,-1.7477992,-9.754448,-11.502247,1.01072565e-05
1,88,516,0.0,0.38861445,0.6113855,-4.781665,-12.796811,-1.858224,-7.823785,-9.682009,6.2392144e-05
1,140,73,0.0,0.38861445,0.6113855,-3.5154586,-6.7169905,-1.366158,-4.106671,-5.472829,0.0041817753
1,411,10,0.0,0.38861445,0.6113855,-4.6085796,-12.963462,-1.7909607,-7.925673,-9.716634,6.0268918e-05
1,151,122,0.0,0.38861445,0.6113855,-7.983775,-15.50386,-3.1026103,-9.478836,-12.581447,3.4351497e-06
1,389,478,0.0,0.38861445,0.6113855,-2.4096155,-14.313725,-0.9364114,-8.7512045,-9.687616,6.204328e-05
1,57,488,0.0,0.38861445,0.6113855,-6.125245,-20.0675,-2.3803587,-12.268978,-14.649337,4.3438388e-07
1,194,233,0.0,0.38861445,0.6113855,-5.8901415,-13.384378,-2.288994,-8.183015,-10.472009,2.831732e-05
1,293,81,0.0,0.38861445,0.6113855,-9.869393,-10.991593,-3.835389,-6.720101,-10.55549,2.6049407e-05
1,20,383,0.0,0.38861445,0.6113855,-7.55676,-13.376397,-2.936666,-8.178136,-11.114801,1.4890066e-05
1,383,460,0.0,0.38861445,0.6113855,-6.581456,-12.195747,-2.557649,-7.4563036,-10.013952,4.4768894e-05
1,91,574,0.0,0.38861445,0.6113855,-2.404717,-9.686332,-0.9345077,-5.922083,-6.8565907,0.0010513895
1,320,548,0.0,0.38861445,0.6113855,-10.322112,-23.18459,-4.011322,-14.174723,-18.186045,1.2644485e-08
1,393,503,0.0,0.38861445,0.6113855,-7.087831,-13.415277,-2.7544336,-8.201906,-10.95634,1.7446746e-05
1,66,70,0.0,0.38861445,0.6113855,-2.4953072,-2.1790602,-0.96971244,-1.3322458,-2.3019583,0.090960905
1,252,406,0.0,0.38861445,0.6113855,-1.4211204,-11.122568,-0.5522679,-6.800177,-7.352445,0.00064061244
1,412,550,0.0,0.38861445,0.6113855,-6.5457067,-17.409683,-2.5437562,-10.644029,-13.187785,1.873341e-06
1,273,542,0.0,0.38861445,0.6113855,-4.150767,-0.19965619,-1.613048,-0.1220669,-1.7351148,0.1499345
1,184,596,0.0,0.38861445,0.6113855,-7.496118,-17.284794,-2.9130998,-10.567673,-13.480772,1.397573e-06
1,108,379,0.0,0.38861445,0.6113855,-6.519103,-15.247022,-2.5334177,-9.321809,-11.8552265,7.101294e-06
1,273,56,0.0,0.38861445,0.6113855,-1.5503201,-14.16138,-0.60247684,-8.658063,-9.26054,9.509491e-05
1,180,161,0.0,0.38861445,0.6113855,-0.11131269,-11.309314,-0.043257717,-6.9143505,-6.957608,0.00095046504
1,142,577,0.0,0.38861445,0.6113855,-1.5715027,-11.392774,-0.61070865,-6.965377,-7.5760856,0.00051230117
1,399,435,0.0,0.38861445,0.6113855,-8.729302,-14.930486,-3.392333,-9.128283,-12.520616,3.6505994e-06
1,27,334,0.0,0.38861445,0.6113855,-6.4430914,-8.232751,-2.5038784,-5.033385,-7.537263,0.0005325703
1,177,425,0.0,0.38861445,0.6113855,-5.192524,-14.396196,-2.0178897,-8.801626,-10.819516,2.0004843e-05
1,75,450,0.0,0.38861445,0.6113855,-5.617946,-10.214585,-2.1832151,-6.2450495,-8.428265,0.00021855276
1,196,515,0.0,0.38861445,0.6113855,-6.013521,-14.991508,-2.3369412,-9.16559,-11.502531,1.0104383e-05
1,154,495,0.0,0.38861445,0.6113855,-14.428057,-17.952345,-5.606951,-10.975803,-16.582754,6.2834964e-08
1,23,116,0.0,0.38861445,0.6113855,-2.1877282,3.1299508,-0.8501828,1.9136066,1.0634239,0.7433443
1,219,136,0.0,0.38861445,0.6113855,-4.057863,-22.558884,-1.5769442,-13.792175,-15.36912,2.1148328e-07
1,296,15,0.0,0.38861445,0.6113855,-14.342211,-21.564983,-5.5735903,-13.184519,-18.75811,7.1360247e-09
1,68,74,0.0,0.38861445,0.6113855,-5.5147905,-12.177612,-2.1431272,-7.4452157,-9.588343,6.8518195e-05
1,97,401,0.0,0.38861445,0.6113855,-2.35588,-10.943986,-0.915529,-6.6909947,-7.6065235,0.0004969503
1,379,453,0.0,0.38861445,0.6113855,-10.796834,-16.795298,-4.1958055,-10.268402,-14.464208,5.227261e-07
1,151,573,0.0,0.38861445,0.6113855,-14.111704,-16.004725,-5.484012,-9.785057,-15.26907,2.3373686e-07
1,335,514,0.0,0.38861445,0.6113855,-9.714585,-19.126484,-3.7752283,-11.693655,-15.4688835,1.9140319e-07
1,305,420,0.0,0.38861445,0.6113855,-17.267233,-19.309631,-6.710296,-11.805629,-18.515924,9.091513e-09
1,389,615,0.0,0.38861445,0.6113855,-3.233714,-11.05679,-1.256668,-6.7599616,-8.016629,0.00032982146
1,261,117,0.0,0.38861445,0.6113855,2.3376658,3.5324202,0.9084507,2.1596706,3.0681214,0.9555585
1,139,159,0.0,0.38861445,0.6113855,-5.8778124,-15.082319,-2.2842028,-9.221111,-11.505314,1.00763045e-05
1,76,597,0.0,0.38861445,0.6113855,2.5836377,-11.273387,1.0040389,-6.8923855,-5.8883467,0.0027638949
1,177,133,0.0,0.38861445,0.6113855,-5.690792,-15.872862,-2.211524,-9.704438,-11.915962,6.6828306e-06
1,406,479,0.0,0.38861445,0.6113855,-4.718884,-21.012476,-1.8338265,-12.846724,-14.68055,4.2103494e-07
1,342,425,0.0,0.38861445,0.6113855,-13.012938,-11.020448,-5.0570154,-6.7377424,-11.794758,7.543945e-06
1,348,186,0.0,0.38861445,0.6113855,-5.946022,-13.163341,-2.31071,-8.047875,-10.358585,3.171829e-05
1,105,150,0.0,0.38861445,0.6113855,-4.834052,-12.665089,-1.8785825,-7.743252,-9.621834,6.62616e-05
1,88,533,0.0,0.38861445,0.6113855,-6.7530794,-16.753965,-2.624344,-10.243132,-12.8674755,2.5806273e-06
1,73,328,0.0,0.38861445,0.6113855,2.4822319,0.9476879,0.96463114,0.5794027,1.5440338,0.8240503
1,182,242,0.0,0.38861445,0.6113855,-3.4078238,-15.496205,-1.3243296,-9.474155,-10.798485,2.043002e-05
1,237,82,0.0,0.38861445,0.6113855,-11.276047,-20.387573,-4.382035,-12.464667,-16.846703,4.8258077e-08
1,281,359,0.0,0.38861445,0.6113855,-3.030939,-8.041587,-1.1778667,-4.9165096,-6.0943766,0.00225044
1,275,627,0.0,0.38861445,0.6113855,-9.403777,-21.989212,-3.6544437,-13.443886,-17.09833,3.752233e-08
1,203,42,0.0,0.38861445,0.6113855,-8.560218,-17.752903,-3.3266244,-10.853868,-14.180492,6.942088e-07
1,387,525,0.0,0.38861445,0.6113855,-15.752941,-19.949642,-6.1218204,-12.196922,-18.318743,1.1073148e-08
1,6,269,0.0,0.38861445,0.6113855,-1.354425,-1.7421972,-0.5263491,-1.0651541,-1.5915031,0.16917251
1,358,427,0.0,0.38861445,0.6113855,-13.763972,-19.950418,-5.3488784,-12.197397,-17.546276,2.3974476e-08
1,225,122,0.0,0.38861445,0.6113855,-1.8064322,-10.838431,-0.7020057,-6.62646,-7.328466,0.0006561493
1,366,609,0.0,0.38861445,0.6113855,-1.7758753,-15.548191,-0.69013083,-9.505939,-10.19607,3.7315305e-05
1,192,401,0.0,0.38861445,0.6113855,-4.2269073,-19.15788,-1.6426373,-11.712851,-13.355488,1.5841074e-06
1,97,433,0.0,0.38861445,0.6113855,-3.250652,-9.629767,-1.2632504,-5.8875003,-7.1507506,0.0007836605
1,170,213,0.0,0.38861445,0.6113855,1.338767,-6.312966,0.5202642,-3.8596559,-3.3393917,0.03424427
1,7,282,0.0,0.38861445,0.6113855,-0.68671215,0.58894336,-0.26686627,0.36007145,0.093205184,0.52328444
1,154,417,0.0,0.38861445,0.6113855,-13.138657,-11.848558,-5.1058717,-7.244037,-12.349909,4.3301293e-06
1,127,401,0.0,0.38861445,0.6113855,-4.0083823,-16.988844,-1.5577153,-10.386733,-11.944448,6.4951487e-06
1,402,212,0.0,0.38861445,0.6113855,-7.72637,-13.711526,-3.002579,-8.383028,-11.385607,1.135766e-05
1,73,404,0.0,0.38861445,0.6113855,-4.7481356,-15.703379,-1.8451941,-9.600819,-11.4460125,1.069191e-05
1,263,35,0.0,0.38861445,0.6113855,-8.689127,-12.371623,-3.3767202,-7.5638313,-10.940552,1.772438e-05
1,262,210,0.0,0.38861445,0.6113855,-5.049665,-12.075944,-1.9623728,-7.383057,-9.34543,8.735609e-05
1,283,611,0.0,0.38861445,0.6113855,-2.2762861,-14.821215,-0.88459766,-9.061476,-9.946074,4.791311e-05
1,293,240,0.0,0.38861445,0.6113855,-11.367179,-25.422955,-4.41745,-15.543226,-19.960676,2.143821e-09
1,247,87,0.0,0.38861445,0.6113855,-2.576512,-14.872073,-1.0012698,-9.09257,-10.09384,4.1331692e-05
1,227,479,0.0,0.38861445,0.6113855,-4.141028,-19.447205,-1.6092633,-11.889739,-13.499002,1.3723254e-06
1,293,115,0.0,0.38861445,0.6113855,-10.870856,-17.864307,-4.2245717,-10.921979,-15.146551,2.6420213e-07
1,300,198,0.0,0.38861445,0.6113855,-12.174842,-17.035294,-4.7313194,-10.415132,-15.146451,2.642286e-07
1,209,296,0.0,0.38861445,0.6113855,-4.2418494,-5.5064173,-1.6484439,-3.3665438,-5.014988,0.0065939436
1,366,18,0.0,0.38861445,0.6113855,-2.7051704,-20.016504,-1.0512683,-12.237801,-13.289069,1.6928942e-06
1,269,519,0.0,0.38861445,0.6113855,-11.32738,-20.681393,-4.4019837,-12.644304,-17.046288,3.952677e-08
1,335,223,0.0,0.38861445,0.6113855,-11.765266,-19.844069,-4.5721526,-12.132377,-16.704529,5.5630792e-08
1,18,612,0.0,0.38861445,0.6113855,-4.143744,-4.97164,-1.6103188,-3.0395887,-4.6499076,0.009471911
1,79,502,0.0,0.38861445,0.6113855,-5.537592,-13.728187,-2.1519883,-8.393214,-10.545202,2.6318758e-05
1,321,346,0.0,0.38861445,0.6113855,-6.8535566,-17.859543,-2.663391,-10.919066,-13.582458,1.2624469e-06
1,316,304,0.0,0.38861445,0.6113855,-7.973916,-16.580597,-3.098779,-10.137137,-13.235916,1.785311e-06
1,217,332,0.0,0.38861445,0.6113855,-8.183797,-15.97799,-3.1803417,-9.768712,-12.949054,2.3784628e-06
1,370,111,0.0,0.38861445,0.6113855,-1.6367648,-10.684476,-0.63607043,-6.532334,-7.168404,0.0007699581
1,174,269,0.0,0.38861445,0.6113855,-3.597442,-10.358895,-1.3980179,-6.3332787,-7.7312965,0.0004386822
1,380,620,0.0,0.38861445,0.6113855,-3.9665449,-24.326347,-1.5414566,-14.872777,-16.414234,7.436844e-08
1,39,565,0.0,0.38861445,0.6113855,-9.458551,-11.2132845,-3.6757298,-6.85564,-10.53137,2.6685322e-05
1,384,128,0.0,0.38861445,0.6113855,-2.488384,-13.123649,-0.967022,-8.023609,-8.990631,0.00012455594
1,258,111,0.0,0.38861445,0.6113855,-4.587509,-14.241591,-1.7827723,-8.707103,-10.489875,2.7815904e-05
1,117,572,0.0,0.38861445,0.6113855,-9.598588,-7.681077,-3.73015,-4.6960993,-8.4262495,0.00021899349
1,118,644,0.0,0.38861445,0.6113855,-2.9351401,-12.514321,-1.1406379,-7.651075,-8.791713,0.00015196431
1,64,51,0.0,0.38861445,0.6113855,-0.6294832,-5.910288,-0.24462627,-3.6134644,-3.8580906,0.020671915
1,337,386,0.0,0.38861445,0.6113855,-7.6523747,-15.940434,-2.9738233,-9.74575,-12.719574,2.9919745e-06
1,102,643,0.0,0.38861445,0.6113855,-4.675059,-8.575134,-1.8167953,-5.242713,-7.0595083,0.0008584628
1,245,396,0.0,0.38861445,0.6113855,-4.3285117,-21.147703,-1.6821222,-12.9293995,-14.611522,4.5112463e-07
1,79,21,0.0,0.38861445,0.6113855,-8.009984,-16.785797,-3.1127956,-10.262593,-13.375389,1.5528934e-06
1,112,629,0.0,0.38861445,0.6113855,-6.7446933,-17.583702,-2.6210852,-10.750421,-13.371506,1.5589354e-06
1,8,217,0.0,0.38861445,0.6113855,5.9067297,5.484572,2.2954404,3.3531878,5.648628,0.99648994
1,406,43,0.0,0.38861445,0.6113855,-4.303724,-16.346003,-1.6724893,-9.99371,-11.666199,8.578879e-06
1,136,593,0.0,0.38861445,0.6113855,-3.3370879,-14.199301,-1.2968405,-8.681247,-9.978087,4.6403587e-05
1,407,157,0.0,0.38861445,0.6113855,-3.3406289,-16.492638,-1.2982166,-10.08336,-11.381577,1.14035265e-05
1,146,433,0.0,0.38861445,0.6113855,-3.3854861,-4.486918,-1.3156488,-2.7432368,-4.0588856,0.016975123
1,87,404,0.0,0.38861445,0.6113855,-4.671736,-12.000614,-1.815504,-7.337002,-9.152506,0.00010594274
1,186,363,0.0,0.38861445,0.6113855,-8.728886,-14.197948,-3.3921711,-8.68042,-12.072591,5.7139696e-06
1,351,322,0.0,0.38861445,0.6113855,-7.984807,-17.239798,-3.1030114,-10.540163,-13.643174,1.188076e-06
1,365,33,0.0,0.38861445,0.6113855,-8.093741,-13.875939,-3.1453447,-8.483548,-11.628893,8.904963e-06
1,291,212,0.0,0.38861445,0.6113855,-7.5436025,-10.701755,-2.931553,-6.5428977,-9.474451,7.6782955e-05
1,401,451,0.0,0.38861445,0.6113855,-6.0344577,-16.34967,-2.3450775,-9.995952,-12.341029,4.3687505e-06
1,316,338,0.0,0.38861445,0.6113855,-10.634673,-21.267538,-4.1327877,-13.002665,-17.135452,3.6154937e-08
1,264,529,0.0,0.38861445,0.6113855,-5.9141197,-12.701767,-2.2983124,-7.7656765,-10.063989,4.258403e-05
1,323,558,0.0,0.38861445,0.6113855,-7.8486967,-15.677179,-3.050117,-9.584801,-12.634918,3.2562918e-06
1,384,603,0.0,0.38861445,0.6113855,0.775066,-2.9825292,0.30120185,-1.8234751,-1.5222733,0.17912701
1,327,474,0.0,0.38861445,0.6113855,-10.148073,-20.060036,-3.943688,-12.264416,-16.208103,9.139242e-08
1,101,11,0.0,0.38861445,0.6113855,-5.703171,-21.371857,-2.2163346,-13.066443,-15.282778,2.3055465e-07
1,258,496,0.0,0.38861445,0.6113855,-7.3844814,-10.999404,-2.8697162,-6.7248764,-9.594593,6.809129e-05
1,207,49,0.0,0.38861445,0.6113855,-4.924056,-14.324267,-1.9135593,-8.757649,-10.671208,2.320294e-05
1,346,272,0.0,0.38861445,0.6113855,-5.465968,-19.64486,-2.124154,-12.010583,-14.134737,7.2671037e-07
1,334,26,0.0,0.38861445,0.6113855,-9.5313015,-11.557171,-3.7040014,-7.065887,-10.769888,2.1022675e-05
1,157,27,0.0,0.38861445,0.6113855,-13.053465,-16.954784,-5.072765,-10.36591,-15.438675,1.9727342e-07
1,380,200,0.0,0.38861445,0.6113855,-8.971145,-23.824228,-3.4863164,-14.565788,-18.052105,1.4456742e-08
1,137,506,0.0,0.38861445,0.6113855,-5.0350823,-13.426101,-1.9567057,-8.208524,-10.16523,3.8483988e-05
1,335,516,0.0,0.38861445,0.6113855,-9.593153,-19.809896,-3.7280378,-12.111484,-15.839521,1.3212444e-07
1,55,594,0.0,0.38861445,0.6113855,0.7612207,7.1846,0.29582137,4.3925605,4.6883817,0.9908824
1,214,535,0.0,0.38861445,0.6113855,-5.2532196,-20.439241,-2.041477,-12.496256,-14.537733,4.856714e-07
1,383,203,0.0,0.38861445,0.6113855,-5.0761347,-12.117419,-1.9726592,-7.408415,-9.381074,8.4297506e-05
1,357,238,0.0,0.38861445,0.6113855,-6.6131973,-21.508024,-2.569984,-13.149694,-15.719679,1.4894644e-07
1,123,565,0.0,0.38861445,0.6113855,-3.6879418,-18.000017,-1.4331875,-11.00495,-12.438137,3.9644597e-06
1,35,413,0.0,0.38861445,0.6113855,-4.277129,-9.604449,-1.6621542,-5.872021,-7.5341754,0.0005342163
1,88,427,0.0,0.38861445,0.6113855,-10.408224,-16.996857,-4.0447865,-10.391632,-14.436419,5.374559e-07
1,175,476,0.0,0.38861445,0.6113855,-3.4521258,-15.654828,-1.3415459,-9.5711355,-10.912682,1.8225299e-05
1,335,45,0.0,0.38861445,0.6113855,-10.108547,-18.875294,-3.9283276,-11.540081,-15.468409,1.9149412e-07
1,374,317,0.0,0.38861445,0.6113855,-4.654581,-17.139292,-1.8088374,-10.478715,-12.287552,4.608738e-06
1,228,41,0.0,0.38861445,0.6113855,-11.106432,-19.522564,-4.3161197,-11.935813,-16.251932,8.7473296e-08
1,375,64,0.0,0.38861445,0.6113855,-7.7312913,-11.490208,-3.0044916,-7.0249467,-10.029438,4.408098e-05
1,175,390,0.0,0.38861445,0.6113855,-3.2933576,-15.565209,-1.2798463,-9.516344,-10.79619,2.047695e-05
1,162,518,0.0,0.38861445,0.6113855,-5.654078,-13.967158,-2.1972563,-8.539318,-10.736574,2.1734799e-05
1,338,338,0.0,0.38861445,0.6113855,-12.367968,-20.24742,-4.8063707,-12.378979,-17.185349,3.439521e-08
1,339,592,0.0,0.38861445,0.6113855,-13.597367,-19.72871,-5.2841334,-12.061848,-17.345982,2.9291117e-08
1,300,573,0.0,0.38861445,0.6113855,-16.274488,-20.776669,-6.3245015,-12.702555,-19.027056,5.4532405e-09
1,379,376,0.0,0.38861445,0.6113855,-4.0445714,-15.687814,-1.5717789,-9.591302,-11.163081,1.4188265e-05
1,243,562,0.0,0.38861445,0.6113855,-4.672246,-16.22145,-1.8157023,-9.917561,-11.733263,8.022415e-06
1,1,543,0.0,0.38861445,0.6113855,-3.4319503,-16.105251,-1.3337054,-9.846518,-11.180223,1.3947121e-05
1,396,416,0.0,0.38861445,0.6113855,-6.1811047,-18.697706,-2.4020665,-11.431507,-13.833573,9.820984e-07
1,336,535,0.0,0.38861445,0.6113855,-9.5114155,-22.989883,-3.6962736,-14.055682,-17.751955,1.9517486e-08
1,345,448,0.0,0.38861445,0.6113855,-3.355025,-14.765826,-1.3038112,-9.027613,-10.331424,3.259159e-05
1,27,482,0.0,0.38861445,0.6113855,-0.16968347,-7.972174,-0.065941446,-4.874072,-4.9400134,0.0071036792
1,289,353,0.0,0.38861445,0.6113855,-10.286281,-19.571579,-3.9973972,-11.96578,-15.963178,1.167562e-07
1,337,474,0.0,0.38861445,0.6113855,-8.760904,-19.142242,-3.404614,-11.70329,-15.107904,2.7461252e-07
1,124,293,0.0,0.38861445,0.6113855,-1.3371356,-9.790014,-0.5196302,-5.985473,-6.505103,0.0014935525
1,178,383,0.0,0.38861445,0.6113855,-6.5915723,-13.056996,-2.5615802,-7.9828587,-10.544439,2.6338847e-05
1,69,579,0.0,0.38861445,0.6113855,-13.182381,-17.843134,-5.122864,-10.909034,-16.031898,1.09002116e-07
1,279,510,0.0,0.38861445,0.6113855,-3.1220913,-16.17543,-1.2132897,-9.889424,-11.102715,1.50711285e-05
1,190,635,0.0,0.38861445,0.6113855,-7.179912,-18.46214,-2.7902176,-11.287484,-14.077702,7.693634e-07
1,176,145,0.0,0.38861445,0.6113855,-8.829254,-10.9733515,-3.4311757,-6.708948,-10.140123,3.946238e-05
1,318,190,0.0,0.38861445,0.6113855,-9.887003,-18.20469,-3.8422322,-11.130084,-14.972317,3.144889e-07
1,367,123,0.0,0.38861445,0.6113855,-5.6245165,-16.099785,-2.1857684,-9.843175,-12.028943,5.968893e-06
1,262,59,0.0,0.38861445,0.6113855,-3.5950372,-15.836051,-1.3970834,-9.681932,-11.079016,1.5432557e-05
1,371,101,0.0,0.38861445,0.6113855,-1.2445158,-9.220452,-0.4836368,-5.637251,-6.1208878,0.002191691
1,186,323,0.0,0.38861445,0.6113855,-8.057182,-18.699581,-3.1311374,-11.432653,-14.563791,4.7317914e-07
1,258,194,0.0,0.38861445,0.6113855,-5.4956574,-6.999725,-2.135692,-4.2795305,-6.415222,0.0016337826
1,348,113,0.0,0.38861445,0.6113855,-6.742275,-16.169308,-2.6201456,-9.88568,-12.505826,3.704991e-06
1,94,220,0.0,0.38861445,0.6113855,-8.011927,-13.489322,-3.1135504,-8.247176,-11.360726,1.1643785e-05
1,156,373,0.0,0.38861445,0.6113855,-8.006887,-16.95104,-3.111592,-10.363621,-13.475213,1.4053636e-06
1,214,27,0.0,0.38861445,0.6113855,-4.718084,-15.811692,-1.8335155,-9.66704,-11.500555,1.012437e-05
1,197,236,0.0,0.38861445,0.6113855,-9.133253,-21.260303,-3.549314,-12.998241,-16.547556,6.508603e-08
1,130,454,0.0,0.38861445,0.6113855,-4.1566687,-9.220009,-1.6153415,-5.63698,-7.2523217,0.00070802576
1,357,76,0.0,0.38861445,0.6113855,-4.432394,-18.781403,-1.7224923,-11.482677,-13.20517,1.8410555e-06
1,374,369,0.0,0.38861445,0.6113855,-1.8100988,-16.16352,-0.70343053,-9.882143,-10.585573,2.5277435e-05
1,118,293,0.0,0.38861445,0.6113855,-1.0798775,-5.0760603,-0.419656,-3.1034298,-3.5230858,0.028662458
1,23,233,0.0,0.38861445,0.6113855,-2.0097735,-4.205774,-0.781027,-2.5713491,-3.3523762,0.033817437
1,222,232,0.0,0.38861445,0.6113855,-6.7066064,-15.245564,-2.6062841,-9.320917,-11.927201,6.6081434e-06
1,47,224,0.0,0.38861445,0.6113855,-1.534795,-13.301014,-0.59644353,-8.132048,-8.728491,0.00016188041
1,295,490,0.0,0.38861445,0.6113855,-17.876766,-22.197107,-6.94717,-13.570991,-20.51816,1.2276552e-09
1,49,270,0.0,0.38861445,0.6113855,-1.3948014,-16.302486,-0.54204,-9.967104,-10.509144,2.7285065e-05
1,37,94,0.0,0.38861445,0.6113855,-4.5057445,-11.818828,-1.7509974,-7.22586,-8.976857,0.00012628321
1,203,41,0.0,0.38861445,0.6113855,-10.181386,-15.949588,-3.9566336,-9.751348,-13.707981,1.1135224e-06
1,234,265,0.0,0.38861445,0.6113855,-5.0125546,-9.281666,-1.9479512,-5.674676,-7.6226273,0.0004890155
1,380,633,0.0,0.38861445,0.6113855,-5.3738256,-21.366726,-2.0883462,-13.063307,-15.151653,2.6285755e-07
1,103,599,0.0,0.38861445,0.6113855,-2.6350758,-11.64097,-1.0240285,-7.1171207,-8.1411495,0.00029121732
1,405,478,0.0,0.38861445,0.6113855,-5.569916,-20.224022,-2.1645498,-12.364675,-14.529224,4.898215e-07
1,121,509,0.0,0.38861445,0.6113855,-4.7244577,-3.5259883,-1.8359926,-2.155738,-3.9917307,0.018132852
1,275,243,0.0,0.38861445,0.6113855,-4.4663897,-14.869697,-1.7357036,-9.091117,-10.82682,1.9859259e-05
1,59,485,0.0,0.38861445,0.6113855,-3.4986203,-17.088936,-1.3596144,-10.447928,-11.807543,7.44811e-06
1,372,413,0.0,0.38861445,0.6113855,-7.8964467,-18.9087,-3.0686734,-11.560506,-14.629179,4.432289e-07
1,111,37,0.0,0.38861445,0.6113855,-3.7563949,-9.917266,-1.4597893,-6.063273,-7.523062,0.00054018304
1,79,535,0.0,0.38861445,0.6113855,-6.9465847,-15.890706,-2.6995432,-9.715347,-12.41489,4.0576997e-06
1,240,335,0.0,0.38861445,0.6113855,-8.75496,-17.258015,-3.402304,-10.5513,-13.953604,8.7101677e-07
1,88,3,0.0,0.38861445,0.6113855,-5.772048,-9.214755,-2.2431011,-5.633768,-7.876869,0.00037927518
1,289,118,0.0,0.38861445,0.6113855,-4.3990073,-11.036364,-1.7095178,-6.747473,-8.45699,0.0002123653
1,292,571,0.0,0.38861445,0.6113855,-8.41847,-17.783596,-3.2715392,-10.872633,-14.144173,7.198857e-07
1,224,219,0.0,0.38861445,0.6113855,-5.6573477,-17.680237,-2.198527,-10.809441,-13.007968,2.242386e-06
1,285,449,0.0,0.38861445,0.6113855,-9.314171,-16.115261,-3.6196213,-9.852637,-13.472259,1.4095218e-06
1,202,13,0.0,0.38861445,0.6113855,-7.624915,-13.350113,-2.9631522,-8.1620655,-11.125217,1.4735779e-05
1,405,381,0.0,0.38861445,0.6113855,-3.821747,-17.17388,-1.4851861,-10.499862,-11.985048,6.23673e-06
1,52,420,0.0,0.38861445,0.6113855,-7.3302326,-19.122223,-2.8486342,-11.691051,-14.539684,4.847247e-07
1,393,287,0.0,0.38861445,0.6113855,-6.756963,-14.954968,-2.6258533,-9.143251,-11.769105,7.73997e-06
1,364,558,0.0,0.38861445,0.6113855,-9.065279,-20.124102,-3.5228984,-12.303584,-15.826483,1.3385844e-07
1,359,267,0.0,0.38861445,0.6113855,-10.639725,-24.1455,-4.134751,-14.762209,-18.89696,6.2109047e-09
1,207,147,0.0,0.38861445,0.6113855,-9.6652775,-16.138142,-3.7560666,-9.866626,-13.622692,1.2126611e-06
1,247,434,0.0,0.38861445,0.6113855,-6.6511393,-25.849697,-2.5847287,-15.804131,-18.388859,1.0323337e-08
1,186,510,0.0,0.38861445,0.6113855,-5.657692,-13.628587,-2.1986609,-8.33232,-10.530981,2.6695707e-05
1,65,516,0.0,0.38861445,0.6113855,-7.4559894,-14.742862,-2.8975053,-9.013573,-11.9110775,6.7155547e-06
1,16,494,0.0,0.38861445,0.6113855,-0.22954746,-2.385544,-0.08920546,-1.4584872,-1.5476927,0.17541978
1,144,132,0.0,0.38861445,0.6113855,-1.7802799,-1.3261931,-0.6918425,-0.8108153,-1.5026578,0.18202947
1,76,219,0.0,0.38861445,0.6113855,-3.8561375,-4.796409,-1.4985508,-2.932455,-4.431006,0.011762506
1,164,148,0.0,0.38861445,0.6113855,-9.104387,-18.780918,-3.5380964,-11.482382,-15.020478,2.9970158e-07
1,257,589,0.0,0.38861445,0.6113855,-8.588902,-14.253282,-3.3377717,-8.71425,-12.052021,5.8327214e-06
1,152,580,0.0,0.38861445,0.6113855,-9.386892,-13.736796,-3.647882,-8.3984785,-12.04636,5.8658343e-06
1,289,482,0.0,0.38861445,0.6113855,-12.305967,-19.311325,-4.7822766,-11.806664,-16.588942,6.244737e-08
1,115,188,0.0,0.38861445,0.6113855,-10.223953,-19.802692,-3.973176,-12.1070795,-16.080256,1.038565e-07
1,225,73,0.0,0.38861445,0.6113855,-3.0733755,-11.445438,-1.1943581,-6.9975753,-8.191934,0.00027680135
1,230,131,0.0,0.38861445,0.6113855,-2.281851,-15.3202715,-0.8867603,-9.366592,-10.253353,3.52379e-05
1,170,496,0.0,0.38861445,0.6113855,-9.548361,-19.740032,-3.710631,-12.06877,-15.779402,1.4031136e-07
1,397,284,0.0,0.38861445,0.6113855,-3.3662078,-13.32335,-1.308157,-8.145703,-9.45386,7.838024e-05
1,347,248,0.0,0.38861445,0.6113855,-5.7636952,-14.045646,-2.2398553,-8.587304,-10.82716,1.9852518e-05
1,89,225,0.0,0.38861445,0.6113855,-6.82439,-16.965048,-2.6520565,-10.372185,-13.024241,2.2061897e-06
1,238,120,0.0,0.38861445,0.6113855,-6.958486,-20.397844,-2.7041683,-12.470946,-15.175115,2.5676235e-07
1,71,374,0.0,0.38861445,0.6113855,2.2153494,-3.7021987,0.8609168,-2.2634706,-1.4025538,0.19741118
1,248,112,0.0,0.38861445,0.6113855,-10.235561,-19.117054,-3.9776871,-11.68789,-15.665577,1.5722671e-07
1,169,239,0.0,0.38861445,0.6113855,-6.663704,-11.876005,-2.5896115,-7.2608175,-9.85043,5.272176e-05
1,203,382,0.0,0.38861445,0.6113855,1.2665081,1.4962938,0.49218336,0.9148124,1.4069958,0.8032917
1,246,486,0.0,0.38861445,0.6113855,-1.357539,-8.865609,-0.5275593,-5.4203053,-5.9478645,0.0026046094
1,277,173,0.0,0.38861445,0.6113855,-8.856849,-17.073395,-3.4418993,-10.438426,-13.880325,9.3724026e-07
1,307,497,0.0,0.38861445,0.6113855,-15.980374,-22.815262,-6.210204,-13.948921,-20.159126,1.7579345e-09
1,21,448,0.0,0.38861445,0.6113855,0.35887784,-4.090069,0.13946511,-2.500609,-2.3611438,0.08618407
1,50,222,0.0,0.38861445,0.6113855,-8.842406,-14.881288,-3.436287,-9.098204,-12.534491,3.6002973e-06
1,88,633,0.0,0.38861445,0.6113855,-4.812397,-14.13531,-1.870167,-8.642124,-10.512291,2.7199332e-05
1,264,135,0.0,0.38861445,0.6113855,-4.9319534,-15.412631,-1.9166284,-9.423059,-11.339687,1.1891351e-05
1,316,104,0.0,0.38861445,0.6113855,-10.789452,-18.769651,-4.192937,-11.475493,-15.66843,1.5677871e-07
1,268,376,0.0,0.38861445,0.6113855,-12.727322,-21.744614,-4.946021,-13.294342,-18.240364,1.1975966e-08
1,391,637,0.0,0.38861445,0.6113855,-4.88269,-16.654974,-1.8974838,-10.18261,-12.080093,5.671261e-06
1,280,129,0.0,0.38861445,0.6113855,-6.788072,-18.97288,-2.6379428,-11.599744,-14.237686,6.5561846e-07
1,121,201,0.0,0.38861445,0.6113855,-1.396111,-7.7530227,-0.5425489,-4.7400856,-5.2826347,0.0050533647
1,49,13,0.0,0.38861445,0.6113855,-4.2388325,-8.469084,-1.6472715,-5.177875,-6.8251467,0.0010849383
1,228,134,0.0,0.38861445,0.6113855,0.09269892,-14.624985,0.03602414,-8.941504,-8.905479,0.00013562525
1,363,96,0.0,0.38861445,0.6113855,-6.861452,-12.912164,-2.6664593,-7.89431,-10.560769,2.5912243e-05
1,355,632,0.0,0.38861445,0.6113855,-6.6502347,-7.8310256,-2.5843773,-4.7877755,-7.372153,0.0006281188
1,179,550,0.0,0.38861445,0.6113855,-4.608193,-20.588474,-1.7908103,-12.587495,-14.378305,5.696145e-07
1,299,89,0.0,0.38861445,0.6113855,-16.89117,-20.006319,-6.5641527,-12.231574,-18.795727,6.872576e-09
1,338,11,0.0,0.38861445,0.6113855,-11.857657,-20.10683,-4.608057,-12.293025,-16.901081,4.570395e-08
1,2,389,0.0,0.38861445,0.6113855,-3.8809576,-7.111387,-1.5081962,-4.347799,-5.855995,0.0028545137
1,407,329,0.0,0.38861445,0.6113855,-4.230359,-12.749139,-1.6439786,-7.794639,-9.438618,7.958401e-05
1,267,467,0.0,0.38861445,0.6113855,-8.097881,-11.419982,-3.1469536,-6.982012,-10.128965,3.9905146e-05
1,25,223,0.0,0.38861445,0.6113855,-1.9533142,-9.041223,-0.75908613,-5.527673,-6.286759,0.0018573251
1,33,234,0.0,0.38861445,0.6113855,-3.5000846,-8.157741,-1.3601835,-4.9875245,-6.3477077,0.001747696
1,215,247,0.0,0.38861445,0.6113855,-7.1869855,-17.81317,-2.7929664,-10.890714,-13.68368,1.1409142e-06
1,158,17,0.0,0.38861445,0.6113855,-2.146054,-5.2369566,-0.8339876,-3.2017994,-4.035787,0.017364897
1,120,373,0.0,0.38861445,0.6113855,2.668712,-0.9571272,1.0371,-0.5851737,0.45192623,0.6110971
1,7,638,0.0,0.38861445,0.6113855,-1.194392,-8.889596,-0.46415797,-5.4349704,-5.8991284,0.002734336
1,112,181,0.0,0.38861445,0.6113855,-4.3440895,-14.695886,-1.6881759,-8.984852,-10.673028,2.3160757e-05
1,250,143,0.0,0.38861445,0.6113855,-7.8933754,-16.5361,-3.0674796,-10.109932,-13.177412,1.8928747e-06
1,384,362,0.0,0.38861445,0.6113855,-8.697399,-13.616937,-3.379935,-8.325198,-11.705133,8.251284e-06
1,359,175,0.0,0.38861445,0.6113855,-6.3735495,-14.460891,-2.4768534,-8.841179,-11.318032,1.2151665e-05
1,36,48,0.0,0.38861445,0.6113855,0.15813765,-10.12935,0.061454576,-6.192938,-6.131483,0.002168642
1,160,151,0.0,0.38861445,0.6113855,0.6056447,-5.509236,0.23536228,-3.368267,-3.1329048,0.041770186
1,46,163,0.0,0.38861445,0.6113855,-5.3212843,-12.453684,-2.0679278,-7.614002,-9.681931,6.2397026e-05
1,302,339,0.0,0.38861445,0.6113855,-13.565463,-14.077146,-5.2717347,-8.606563,-13.878298,9.391424e-07
1,386,448,0.0,0.38861445,0.6113855,-7.1770506,-16.230011,-2.7891057,-9.922793,-12.711899,3.015027e-06
1,66,142,0.0,0.38861445,0.6113855,-0.23396352,-7.270436,-0.0909216,-4.4450393,-4.5359607,0.01060298
1,96,465,0.0,0.38861445,0.6113855,-5.4344344,-9.992818,-2.1118996,-6.109464,-8.221364,0.00026877582
1,105,160,0.0,0.38861445,0.6113855,1.3268468,0.90892553,0.51563185,0.55570394,1.0713358,0.7448509
1,145,401,0.0,0.38861445,0.6113855,-2.9038975,-15.402831,-1.1284965,-9.417068,-10.545564,2.6309248e-05
1,81,325,0.0,0.38861445,0.6113855,-7.756341,-19.367579,-3.0142262,-11.841057,-14.855283,3.5353506e-07
1,40,122,0.0,0.38861445,0.6113855,1.9674823,-0.057164706,0.76459205,-0.034949675,0.7296424,0.6747268
1,113,271,0.0,0.38861445,0.6113855,-0.7734835,-16.105942,-0.30058688,-9.84694,-10.147527,3.917131e-05
1,66,350,0.0,0.38861445,0.6113855,-7.11423,-6.8795276,-2.7646925,-4.2060437,-6.9707365,0.0009380803
1,38,413,0.0,0.38861445,0.6113855,-4.4547167,-10.466461,-1.7311672,-6.399043,-8.13021,0.00029441965
1,222,165,0.0,0.38861445,0.6113855,-7.91431,-20.540226,-3.0756152,-12.557997,-15.633612,1.6233368e-07
1,386,409,0.0,0.38861445,0.6113855,-6.038193,-14.4342375,-2.346529,-8.824883,-11.171412,1.407055e-05
1,175,273,0.0,0.38861445,0.6113855,-8.313801,-13.36659,-3.230863,-8.172139,-11.403002,1.1161805e-05
1,14,264,0.0,0.38861445,0.6113855,1.911926,4.6604066,0.74300206,2.8493052,3.592307,0.9732031
1,139,158,0.0,0.38861445,0.6113855,-7.431963,-14.735262,-2.888168,-9.008925,-11.897094,6.8101217e-06
1,130,219,0.0,0.38861445,0.6113855,-3.2791173,-9.292632,-1.2743124,-5.6813807,-6.9556932,0.0009522852
1,339,183,0.0,0.38861445,0.6113855,-12.028658,-15.689767,-4.67451,-9.592496,-14.267006,6.36675e-07
1,231,104,0.0,0.38861445,0.6113855,-8.683713,-18.633053,-3.3746164,-11.391979,-14.766596,3.8632137e-07
1,364,303,0.0,0.38861445,0.6113855,-6.7453384,-15.128297,-2.621336,-9.249222,-11.870558,6.993253e-06
1,328,504,0.0,0.38861445,0.6113855,-5.408222,-5.2877355,-2.1017132,-3.2328448,-5.334558,0.0047989
1,370,452,0.0,0.38861445,0.6113855,-4.241446,-13.103379,-1.6482872,-8.011216,-9.659503,6.3812164e-05
1,357,59,0.0,0.38861445,0.6113855,-6.350805,-18.893063,-2.4680145,-11.550945,-14.01896,8.1591077e-07
1,239,34,0.0,0.38861445,0.6113855,-8.154472,-19.38264,-3.1689458,-11.850266,-15.019213,3.000811e-07
1,35,577,0.0,0.38861445,0.6113855,-9.434917,-5.889474,-3.6665452,-3.600739,-7.2672844,0.00069751806
1,363,568,0.0,0.38861445,0.6113855,-6.6069784,-13.668407,-2.5675673,-8.356667,-10.924234,1.801596e-05
1,370,507,0.0,0.38861445,0.6113855,-6.214486,-16.955559,-2.415039,-10.366384,-12.781423,2.812532e-06
1,329,482,0.0,0.38861445,0.6113855,-10.417464,-22.752903,-4.048377,-13.910795,-17.959171,1.5864668e-08
1,28,126,0.0,0.38861445,0.6113855,1.5393413,4.0242653,0.5982103,2.4603775,3.0585878,0.95515186
1,174,215,0.0,0.38861445,0.6113855,-3.5143516,-13.792567,-1.3657278,-8.432576,-9.798304,5.5542663e-05
1,193,527,0.0,0.38861445,0.6113855,-11.890717,-21.332245,-4.6209044,-13.042226,-17.66313,2.133046e-08
1,164,456,0.0,0.38861445,0.6113855,-6.854829,-17.944916,-2.6638856,-10.971262,-13.635147,1.1976512e-06
1,5,393,0.0,0.38861445,0.6113855,0.31914914,1.3794266,0.12402596,0.84336144,0.9673874,0.72459847
1,241,60,0.0,0.38861445,0.6113855,-10.633207,-21.315502,-4.132218,-13.031989,-17.164207,3.5130096e-08
1,131,292,0.0,0.38861445,0.6113855,0.4406448,-3.6384952,0.17124094,-2.2245233,-2.0532823,0.11372114
1,264,96,0.0,0.38861445,0.6113855,-7.702292,-18.326927,-2.993222,-11.204818,-14.19804,6.8213336e-07
1,367,423,0.0,0.38861445,0.6113855,-5.1393495,-13.8536825,-1.9972254,-8.469941,-10.467167,2.8454751e-05
1,254,471,0.0,0.38861445,0.6113855,-9.887144,-15.485267,-3.842287,-9.467468,-13.309755,1.6582345e-06
1,59,478,0.0,0.38861445,0.6113855,-3.586495,-14.764187,-1.3937638,-9.02661,-10.420374,2.9817838e-05
1,382,2,0.0,0.38861445,0.6113855,-4.792186,-19.506577,-1.8623127,-11.926039,-13.788351,1.0275307e-06
2,24,203,1.0,0.37746358,0.6225364,4.3832016,4.741437,1.6544989,2.9517171,4.606216,0.9901093
2,261,352,1.0,0.37746358,0.6225364,4.8791695,9.488566,1.8417088,5.906978,7.748687,0.9995689
2,19,175,1.0,0.37746358,0.6225364,5.5429144,4.73489,2.0922482,2.9476414,5.0398893,0.99356717
2,23,44,1.0,0.37746358,0.6225364,3.998875,8.051191,1.5094296,5.01216,6.5215893,0.99853086
2,3,617,1.0,0.37746358,0.6225364,4.759527,6.1633,1.7965481,3.8368788,5.6334267,0.9964365
2,8,340,1.0,0.37746358,0.6225364,2.257973,5.5164547,0.85230255,3.4341938,4.286496,0.9864335
2,23,251,1.0,0.37746358,0.6225364,3.158497,4.2862325,1.1922176,2.668336,3.8605535,0.9793779
2,61,328,1.0,0.37746358,0.6225364,4.5988474,4.2568913,1.7358974,2.65007,4.3859673,0.9877023
2,28,549,1.0,0.37746358,0.6225364,2.2417266,3.9090323,0.8461702,2.433515,3.2796853,0.96372527
2,3,61,1.0,0.37746358,0.6225364,4.526189,1.9203725,1.7084714,1.1955018,2.903973,0.9480425
2,12,117,1.0,0.37746358,0.6225364,4.3229475,2.1872413,1.6317552,1.3616374,2.9933925,0.95227474
2,133,38,1.0,0.37746358,0.6225364,-0.32301748,-7.960467,-0.121927336,-4.9556804,-5.0776076,0.006196175
2,28,455,1.0,0.37746358,0.6225364,2.062719,1.2066044,0.77860135,0.75115514,1.5297565,0.8219707
2,40,97,1.0,0.37746358,0.6225364,4.331158,9.386604,1.6348544,5.843503,7.4783573,0.9994351
2,55,101,1.0,0.37746358,0.6225364,-0.31905454,7.6766133,-0.12043147,4.778971,4.65854,0.9906088
2,265,342,1.0,0.37746358,0.6225364,9.028522,5.759689,3.407938,3.585616,6.993554,0.99908304
2,32,108,1.0,0.37746358,0.6225364,1.7223516,7.9780436,0.65012497,4.966623,5.616748,0.9963767
2,199,461,1.0,0.37746358,0.6225364,2.8196661,3.3707745,1.0643213,2.09843,3.1627512,0.9594082
2,109,294,1.0,0.37746358,0.6225364,2.284151,-1.2401397,0.86218387,-0.77203214,0.09015173,0.5225226
2,83,178,1.0,0.37746358,0.6225364,-0.24766232,-5.9450393,-0.09348351,-3.7010036,-3.794487,0.021999575
2,31,201,1.0,0.37746358,0.6225364,2.7737033,5.0325465,1.046972,3.1329434,4.1799154,0.98493075
2,35,437,1.0,0.37746358,0.6225364,4.13345,1.3841484,1.5602268,0.8616828,2.4219096,0.9184828
2,107,100,1.0,0.37746358,0.6225364,6.097711,1.977463,2.3016639,1.2310427,3.5327067,0.97160417
2,19,277,1.0,0.37746358,0.6225364,1.9574074,-2.3805757,0.73885,-1.4819951,-0.7431451,0.32231677
2,3,391,1.0,0.37746358,0.6225364,3.6195781,-0.32657126,1.3662589,-0.2033025,1.1629564,0.7618695
2,8,294,1.0,0.37746358,0.6225364,4.311426,3.7565703,1.6274064,2.3386018,3.9660082,0.98140347
2,13,418,1.0,0.37746358,0.6225364,3.749882,5.71411,1.4154439,3.5572414,4.9726853,0.9931231
2,393,88,1.0,0.37746358,0.6225364,-1.7097305,-3.0183268,-0.645361,-1.8790183,-2.5243793,0.07416668
2,16,116,1.0,0.37746358,0.6225364,2.666426,3.1322083,1.0064787,1.9499137,2.9563923,0.9505647
2,3,186,1.0,0.37746358,0.6225364,4.4155555,5.3702264,1.6667113,3.3431616,5.009873,0.99337244
2,28,147,1.0,0.37746358,0.6225364,2.3626752,-2.5893042,0.8918238,-1.6119362,-0.7201124,0.32736823
2,109,361,1.0,0.37746358,0.6225364,-3.008183,2.4461417,-1.1354796,1.5228124,0.3873328,0.5956405
2,10,38,1.0,0.37746358,0.6225364,-0.38288212,-2.699429,-0.14452405,-1.6804929,-1.825017,0.13883296
2,194,28,1.0,0.37746358,0.6225364,-1.4904301,6.1022315,-0.5625831,3.7988613,3.236278,0.96217686
2,3,513,1.0,0.37746358,0.6225364,3.9284894,2.0327952,1.4828616,1.2654891,2.7483506,0.9398201
2,14,262,1.0,0.37746358,0.6225364,5.3953056,3.3407593,2.0365314,2.0797443,4.116276,0.9839565
2,30,44,1.0,0.37746358,0.6225364,2.1862924,3.2027063,0.82524574,1.9938014,2.819047,0.94369644
2,76,21,1.0,0.37746358,0.6225364,5.724501,8.589799,2.1607907,5.3474627,7.508253,0.9994518
2,40,295,1.0,0.37746358,0.6225364,3.3814754,-2.681014,1.2763839,-1.6690289,-0.392645,0.40308073
2,7,329,1.0,0.37746358,0.6225364,5.625206,5.095329,2.1233103,3.1720278,5.295338,0.99501014
2,53,81,1.0,0.37746358,0.6225364,2.3026092,-2.6739385,0.8691511,-1.6646241,-0.795473,0.3109947
2,176,358,1.0,0.37746358,0.6225364,2.3072586,1.485528,0.8709061,0.92479527,1.7957014,0.8576249
2,119,278,1.0,0.37746358,0.6225364,-1.6197777,-8.09522,-0.6114071,-5.039569,-5.650976,0.0035017792
2,8,243,1.0,0.37746358,0.6225364,4.854233,5.914307,1.8322961,3.6818717,5.514168,0.9959869
2,13,122,1.0,0.37746358,0.6225364,3.9250133,0.9256762,1.4815496,0.5762672,2.0578167,0.8867351
2,33,388,1.0,0.37746358,0.6225364,5.0282774,7.4433494,1.8979915,4.633756,6.531748,0.99854565
2,13,61,1.0,0.37746358,0.6225364,3.5046287,-0.2348747,1.3228697,-0.14621805,1.1766516,0.7643452
2,28,217,1.0,0.37746358,0.6225364,2.096378,2.6056178,0.7913064,1.622092,2.4133983,0.91784334
2,13,292,1.0,0.37746358,0.6225364,3.7101843,-0.34140494,1.4004594,-0.212537,1.1879224,0.76636934
2,37,84,1.0,0.37746358,0.6225364,5.0375476,5.8948708,1.9014907,3.6697717,5.5712624,0.9962088
2,405,470,1.0,0.37746358,0.6225364,5.05622,3.539174,1.9085389,2.2032647,4.1118035,0.98388577
2,8,385,1.0,0.37746358,0.6225364,5.073421,5.7111907,1.9150317,3.5554242,5.470456,0.99580836
2,382,594,1.0,0.37746358,0.6225364,-0.010356888,-0.49960712,-0.003909348,-0.31102362,-0.31493297,0.42191115
2,109,360,1.0,0.37746358,0.6225364,1.1861778,2.9185987,0.44773895,1.816934,2.264673,0.90590876
2,3,611,1.0,0.37746358,0.6225364,3.5549178,4.3185306,1.341852,2.6884425,4.0302944,0.98254114
2,33,328,1.0,0.37746358,0.6225364,3.9657161,4.8669176,1.4969134,3.0298336,4.5267467,0.9892999
2,164,79,1.0,0.37746358,0.6225364,-4.6742096,-17.948353,-1.7643439,-11.173503,-12.937847,2.4052672e-06
2,3,498,1.0,0.37746358,0.6225364,4.4206843,1.6198108,1.6686473,1.0083913,2.6770387,0.9356581
2,25,206,1.0,0.37746358,0.6225364,2.0450075,2.4474108,0.77191585,1.5236024,2.2955182,0.90850514
2,15,17,1.0,0.37746358,0.6225364,3.5834577,4.8653674,1.3526248,3.0288684,4.381493,0.9876478
2,55,17,1.0,0.37746358,0.6225364,3.3733332,5.962893,1.2733104,3.7121181,4.985429,0.99320954
2,23,342,1.0,0.37746358,0.6225364,7.259033,6.322609,2.7400208,3.9360542,6.676075,0.99874085
2,41,149,1.0,0.37746358,0.6225364,3.475578,4.830955,1.3119042,3.0074453,4.3193493,0.9868663
2,188,342,1.0,0.37746358,0.6225364,4.2570877,0.07135139,1.6068956,0.044418838,1.6513144,0.83906865
2,43,499,1.0,0.37746358,0.6225364,4.39365,1.2460103,1.6584429,0.7756868,2.4341297,0.9193931
2,38,55,1.0,0.37746358,0.6225364,3.8192985,4.5126896,1.4416461,2.8093135,4.2509594,0.9859497
2,13,184,1.0,0.37746358,0.6225364,3.5903308,5.944238,1.3552191,3.7005048,5.055724,0.99366754
2,308,342,1.0,0.37746358,0.6225364,7.2244496,7.897498,2.7269666,4.91648,7.643447,0.999521
2,13,536,1.0,0.37746358,0.6225364,3.5911567,4.1374044,1.3555309,2.575685,3.9312158,0.9807577
2,193,342,1.0,0.37746358,0.6225364,3.299415,2.6071,1.245409,1.6230147,2.8684237,0.9462633
2,271,461,1.0,0.37746358,0.6225364,6.5510325,9.232322,2.4727762,5.7474566,8.220233,0.9997309
2,13,206,1.0,0.37746358,0.6225364,6.4178343,3.4989414,2.4224987,2.1782184,4.600717,0.9900553
2,70,110,1.0,0.37746358,0.6225364,2.450546,6.3203053,0.92499185,3.9346204,4.8596125,0.9923062
2,19,199,1.0,0.37746358,0.6225364,5.0640454,7.867494,1.9114927,4.8978014,6.809294,0.9988977
2,160,392,1.0,0.37746358,0.6225364,-3.2323163,-8.456207,-1.2200817,-5.264297,-6.484379,0.0015247805
2,117,268,1.0,0.37746358,0.6225364,-5.386551,-10.162627,-2.0332267,-6.326606,-8.359833,0.00023402869
2,75,145,1.0,0.37746358,0.6225364,3.5128016,6.174392,1.3259547,3.843784,5.169739,0.9943461
2,13,209,1.0,0.37746358,0.6225364,5.7606974,3.6021729,2.1744535,2.2424839,4.4169374,0.9880728
2,8,16,1.0,0.37746358,0.6225364,5.285365,4.894902,1.9950328,3.0472548,5.042288,0.9935824
2,267,71,1.0,0.37746358,0.6225364,5.413839,5.238022,2.043527,3.2608595,5.304386,0.99505484
2,363,470,1.0,0.37746358,0.6225364,3.858509,6.3419166,1.4564466,3.948074,5.404521,0.9955239
2,3,442,1.0,0.37746358,0.6225364,5.2414527,10.411389,1.9784575,6.481469,8.459927,0.9997882
2,89,195,1.0,0.37746358,0.6225364,-2.6572435,-5.114953,-1.0030127,-3.1842446,-4.1872573,0.014960663
2,4,227,1.0,0.37746358,0.6225364,3.338757,5.1978326,1.2602592,3.23584,4.4960995,0.98897064
2,3,395,1.0,0.37746358,0.6225364,5.566283,5.7360415,2.1010692,3.5708947,5.6719637,0.9965707
2,8,290,1.0,0.37746358,0.6225364,5.3860526,5.223401,2.0330386,3.2517574,5.2847958,0.9949575
2,28,326,1.0,0.37746358,0.6225364,2.6338658,4.3489804,0.9941884,2.7073987,3.7015872,0.9759103
2,40,534,1.0,0.37746358,0.6225364,6.622355,8.574686,2.499698,5.338054,7.8377523,0.9996056
2,260,28,1.0,0.37746358,0.6225364,-0.9135171,4.432628,-0.34481943,2.7594724,2.4146528,0.9179378
2,13,10,1.0,0.37746358,0.6225364,4.7497244,3.0456104,1.792848,1.8960034,3.6888514,0.9756091
2,123,180,1.0,0.37746358,0.6225364,-2.4266043,-4.2332215,-0.9159547,-2.6353345,-3.551289,0.027887607
2,23,2,1.0,0.37746358,0.6225364,5.596081,5.2207656,2.1123166,3.2501168,5.3624334,0.9953324
2,23,319,1.0,0.37746358,0.6225364,6.2408433,3.8721752,2.355691,2.4105701,4.766261,0.9915597
2,127,278,1.0,0.37746358,0.6225364,-2.3617094,8.23155,-0.8914593,5.1244397,4.2329803,0.9856984
2,3,65,1.0,0.37746358,0.6225364,2.7703354,3.5469964,1.0457008,2.2081344,3.2538352,0.96281064
2,84,178,1.0,0.37746358,0.6225364,-0.5477216,-6.5901136,-0.20674497,-4.102586,-4.309331,0.013264235
2,23,235,1.0,0.37746358,0.6225364,1.4366196,2.4993296,0.5422716,1.5559237,2.0981953,0.8907277
2,409,178,1.0,0.37746358,0.6225364,-3.0332186,-16.094543,-1.1449295,-10.01944,-11.16437,1.4169997e-05
2,77,294,1.0,0.37746358,0.6225364,3.1914842,-1.8449869,1.204669,-1.1485716,0.05609739,0.5140207
2,186,382,1.0,0.37746358,0.6225364,-0.45605737,6.2332397,-0.17214505,3.8804188,3.7082736,0.976067
2,3,232,1.0,0.37746358,0.6225364,7.612654,5.8211217,2.8734996,3.6238604,6.49736,0.99849486
2,84,331,1.0,0.37746358,0.6225364,4.525516,6.349806,1.7082175,3.9529853,5.661203,0.99653375
2,84,214,1.0,0.37746358,0.6225364,-0.3956703,-1.5015361,-0.14935112,-0.9347609,-1.084112,0.25272864
2,3,165,1.0,0.37746358,0.6225364,4.609308,2.3032043,1.7398458,1.4338286,3.1736743,0.95983154
2,8,574,1.0,0.37746358,0.6225364,4.674574,-3.1515164,1.7644814,-1.9619337,-0.1974523,0.45079666
2,386,598,1.0,0.37746358,0.6225364,2.9442515,6.7467,1.1113477,4.2000666,5.3114142,0.99508935
2,7,330,1.0,0.37746358,0.6225364,6.815613,4.7197,2.5726457,2.938185,5.510831,0.9959735
2,23,287,1.0,0.37746358,0.6225364,3.7791097,-2.5479631,1.4264762,-1.5861999,-0.15972364,0.4601538
2,3,547,1.0,0.37746358,0.6225364,4.611388,9.74723,1.7406311,6.0680056,7.8086367,0.9995939
2,8,381,1.0,0.37746358,0.6225364,5.0113225,3.3966222,1.8915917,2.114521,4.0061126,0.98212147
2,181,282,1.0,0.37746358,0.6225364,-2.43278,-7.5408797,-0.91828585,-4.6944723,-5.612758,0.0036377043
2,8,13,1.0,0.37746358,0.6225364,7.431292,5.651333,2.805042,3.5181606,6.3232026,0.998209
2,16,639,1.0,0.37746358,0.6225364,2.5899937,4.609549,0.9776283,2.8696122,3.8472404,0.97910726
2,40,535,1.0,0.37746358,0.6225364,2.6762612,-2.8915398,1.0101911,-1.8000889,-0.7898978,0.31219062
2,8,410,1.0,0.37746358,0.6225364,5.763671,7.181881,2.175576,4.4709826,6.646559,0.99870324
2,107,98,1.0,0.37746358,0.6225364,6.111206,2.8607273,2.3067577,1.7809069,4.0876646,0.9834985
2,90,13,1.0,0.37746358,0.6225364,1.1732692,0.44209704,0.44286638,0.2752215,0.7180879,0.67218584
2,224,331,1.0,0.37746358,0.6225364,3.6336234,4.3861346,1.3715605,2.7305286,4.102089,0.9837309
2,112,257,1.0,0.37746358,0.6225364,-9.453472,-14.094613,-3.5683415,-8.77441,-12.3427515,4.3612326e-06
2,23,38,1.0,0.37746358,0.6225364,3.5726316,6.6410394,1.3485383,4.134289,5.482827,0.9958597
2,6,535,1.0,0.37746358,0.6225364,0.96968794,-3.1524649,0.36602187,-1.9625242,-1.5965023,0.16847104
2,3,270,1.0,0.37746358,0.6225364,3.6861205,6.3595514,1.3913763,3.9590523,5.3504286,0.99527633
2,118,44,1.0,0.37746358,0.6225364,0.765766,-7.3105435,0.2890488,-4.5510798,-4.262031,0.013897778
2,41,304,1.0,0.37746358,0.6225364,2.8714483,1.0440266,1.0838672,0.6499446,1.7338119,0.84989935
2,7,183,1.0,0.37746358,0.6225364,-0.44292188,1.5769451,-0.16718687,0.9817057,0.81451887,0.6930716
2,40,102,1.0,0.37746358,0.6225364,4.442874,3.7063458,1.677023,2.3073351,3.9843583,0.9817354
2,93,342,1.0,0.37746358,0.6225364,7.3584304,10.183652,2.7775395,6.339694,9.117233,0.9998902
2,3,54,1.0,0.37746358,0.6225364,5.186412,1.3361781,1.9576815,0.83181953,2.7895012,0.94210577
2,255,132,1.0,0.37746358,0.6225364,5.099642,11.881452,1.924929,7.3966365,9.321566,0.9999105
2,3,475,1.0,0.37746358,0.6225364,4.8271923,3.0929203,1.8220893,1.9254556,3.7475448,0.97696745
2,24,305,1.0,0.37746358,0.6225364,0.88930273,-3.1658812,0.33567938,-1.9708763,-1.6351969,0.16311967
2,8,68,1.0,0.37746358,0.6225364,6.07236,5.613697,2.2920947,3.494731,5.7868257,0.9969416
2,14,22,1.0,0.37746358,0.6225364,3.1617274,-5.688249,1.193437,-3.5411422,-2.3477054,0.08724834
2,13,373,1.0,0.37746358,0.6225364,3.0062287,6.7078977,1.1347418,4.1759105,5.3106523,0.99508554
2,7,182,1.0,0.37746358,0.6225364,5.5853844,-1.1066916,2.1082792,-0.68895584,1.4193234,0.80523235
2,3,26,1.0,0.37746358,0.6225364,6.418208,5.5706735,2.4226398,3.467947,5.890587,0.99724233
2,8,423,1.0,0.37746358,0.6225364,6.650693,6.196736,2.5103943,3.8576937,6.368088,0.9982875
2,76,150,1.0,0.37746358,0.6225364,7.2142644,8.504309,2.7231221,5.294242,8.0173645,0.9996704
2,264,14,1.0,0.37746358,0.6225364,3.1547973,9.491498,1.190821,5.908803,7.099624,0.99917525
2,292,342,1.0,0.37746358,0.6225364,7.234226,8.347218,2.7306569,5.196447,7.927104,0.9996393
2,12,204,1.0,0.37746358,0.6225364,2.594641,7.3186393,0.97938246,4.5561194,5.535502,0.9960712
2,324,342,1.0,0.37746358,0.6225364,6.374823,9.254525,2.4062636,5.761279,8.167542,0.99971634
2,131,313,1.0,0.37746358,0.6225364,4.166273,6.913916,1.5726163,4.3041644,5.8767805,0.99720407
2,4,378,1.0,0.37746358,0.6225364,4.387162,5.843012,1.6559939,3.6374876,5.293482,0.9950009
2,16,540,1.0,0.37746358,0.6225364,3.0077984,2.333983,1.1353344,1.4529893,2.5883236,0.9301063
2,4,474,1.0,0.37746358,0.6225364,3.2783978,-0.55548596,1.2374758,-0.34581023,0.8916655,0.7092337
2,7,197,1.0,0.37746358,0.6225364,5.152659,5.31251,1.944941,3.307231,5.252172,0.99479115
2,16,170,1.0,0.37746358,0.6225364,3.334367,5.637985,1.2586021,3.5098512,4.7684536,0.991578
2,111,168,1.0,0.37746358,0.6225364,2.2012103,-7.652117,0.8308767,-4.7637215,-3.9328446,0.01921156
2,226,255,1.0,0.37746358,0.6225364,4.546888,-4.2252417,1.7162845,-2.6303668,-0.9140823,0.2861652
2,32,34,1.0,0.37746358,0.6225364,2.4200034,6.565375,0.9134632,4.087185,5.000648,0.9933115
2,45,106,1.0,0.37746358,0.6225364,1.056259,6.3986716,0.3986993,3.983406,4.3821054,0.98765534
2,45,190,1.0,0.37746358,0.6225364,-0.0506936,1.4199128,-0.019134989,0.88394743,0.86481243,0.70366514
2,3,221,1.0,0.37746358,0.6225364,4.796946,5.907463,1.8106724,3.6776109,5.488283,0.99588215
2,7,448,1.0,0.37746358,0.6225364,1.1677316,2.069581,0.44077617,1.2883896,1.7291658,0.84930575
2,85,246,1.0,0.37746358,0.6225364,1.5886837,-7.271133,0.59967023,-4.526545,-3.9268749,0.019324368
2,65,100,1.0,0.37746358,0.6225364,4.333525,-0.8700357,1.6357479,-0.5416289,1.0941191,0.7491566
2,189,342,1.0,0.37746358,0.6225364,2.5508518,3.8168082,0.96285367,2.3761022,3.3389559,0.96574134
2,70,315,1.0,0.37746358,0.6225364,2.1106694,9.164933,0.79670084,5.705505,6.502206,0.99850214
2,3,327,1.0,0.37746358,0.6225364,3.037998,5.4408402,1.1467336,3.3871212,4.533855,0.9893749
2,8,582,1.0,0.37746358,0.6225364,4.6105003,8.308681,1.740296,5.1724563,6.912752,0.999006
2,271,342,1.0,0.37746358,0.6225364,4.0183334,3.0182312,1.5167745,1.8789588,3.3957334,0.96757096
2,110,256,1.0,0.37746358,0.6225364,5.2357435,3.8989363,1.9763025,2.42723,4.4035325,0.9879138
2,61,191,1.0,0.37746358,0.6225364,3.8266933,-7.6372666,1.4444374,-4.7544765,-3.310039,0.03522839
2,272,461,1.0,0.37746358,0.6225364,-1.7078191,7.534051,-0.6446395,4.6902213,4.045582,0.9828014
2,97,300,1.0,0.37746358,0.6225364,-1.4124573,-2.1943073,-0.5331512,-1.3660362,-1.8991873,0.13020048
2,40,59,1.0,0.37746358,0.6225364,7.086728,10.216376,2.6749818,6.3600664,9.0350485,0.9998808
2,3,45,1.0,0.37746358,0.6225364,3.9268801,3.7329738,1.4822543,2.3239121,3.8061664,0.9782503
2,8,568,1.0,0.37746358,0.6225364,5.345526,5.7163095,2.0177414,3.558611,5.576352,0.996228
2,4,2,1.0,0.37746358,0.6225364,3.3390253,7.6188054,1.2603605,4.742984,6.0033445,0.9975356
2,107,604,1.0,0.37746358,0.6225364,3.739656,0.25375795,1.4115839,0.15797357,1.5695574,0.8277205
2,8,83,1.0,0.37746358,0.6225364,1.8871695,4.4893594,0.71233773,2.7947898,3.5071275,0.97088987
2,267,382,1.0,0.37746358,0.6225364,1.135408,4.091609,0.4285752,2.5471756,2.975751,0.9514665
2,23,393,1.0,0.37746358,0.6225364,3.8817532,5.6003137,1.4652205,3.4863992,4.9516196,0.9929777
2,8,349,1.0,0.37746358,0.6225364,5.6315327,5.312966,2.1256986,3.3075147,5.433213,0.99565
2,21,243,1.0,0.37746358,0.6225364,3.1553137,-0.15981355,1.191016,-0.099489756,1.0915262,0.748669
2,7,459,1.0,0.37746358,0.6225364,6.1627274,7.546143,2.326205,4.6977487,7.0239534,0.9991105
2,7,577,1.0,0.37746358,0.6225364,3.8579607,-0.65563637,1.4562397,-0.40815753,1.0480821,0.74040645
2,16,10,1.0,0.37746358,0.6225364,2.1040866,4.040668,0.7942161,2.515463,3.3096793,0.9647594
2,163,54,1.0,0.37746358,0.6225364,1.5607882,7.051091,0.58914065,4.389561,4.9787016,0.993164
2,252,78,1.0,0.37746358,0.6225364,4.056512,9.704513,1.5311855,6.0414124,7.572598,0.99948585
2,62,99,1.0,0.37746358,0.6225364,1.5461733,4.34372,0.5836241,2.704124,3.287748,0.9640061
2,40,373,1.0,0.37746358,0.6225364,6.6272774,8.326779,2.501556,5.1837234,7.6852794,0.9995407
2,19,120,1.0,0.37746358,0.6225364,3.1311624,1.9481573,1.1818998,1.2127988,2.3946986,0.9164222
2,14,50,1.0,0.37746358,0.6225364,4.6901107,1.3359282,1.7703459,0.83166397,2.6020098,0.9309908
2,18,114,1.0,0.37746358,0.6225364,3.3738062,3.1206617,1.273489,1.9427255,3.2162147,0.96143997
2,41,635,1.0,0.37746358,0.6225364,0.9482605,3.8681397,0.3579338,2.408058,2.7659917,0.9408102
2,3,226,1.0,0.37746358,0.6225364,3.828509,1.0350124,1.4451227,0.6443329,2.0894556,0.8898741
2,19,298,1.0,0.37746358,0.6225364,2.8396688,4.719681,1.0718715,2.9381733,4.010045,0.9821904
2,6,117,1.0,0.37746358,0.6225364,4.3034487,4.399874,1.6243951,2.7390819,4.3634768,0.98742604
2,8,428,1.0,0.37746358,0.6225364,4.4827113,4.5004334,1.6920602,2.8016837,4.493744,0.9889448
2,28,212,1.0,0.37746358,0.6225364,3.3617928,6.580219,1.2689544,4.096426,5.3653803,0.9953461
2,28,325,1.0,0.37746358,0.6225364,2.797732,-0.43482354,1.056042,-0.27069348,0.7853485,0.6868317
2,7,301,1.0,0.37746358,0.6225364,4.9199796,1.2815033,1.8571131,0.7977825,2.6548955,0.9343121
2,22,327,1.0,0.37746358,0.6225364,2.6301253,8.500008,0.9927765,5.2915645,6.284341,0.9981382
2,4,325,1.0,0.37746358,0.6225364,5.3974113,-5.910171,2.037326,-3.6792967,-1.6419706,0.1621971
2,3,560,1.0,0.37746358,0.6225364,3.0279076,0.8038616,1.1429248,0.50043315,1.643358,0.83799136
2,240,461,1.0,0.37746358,0.6225364,3.1535118,3.9316487,1.1903359,2.4475946,3.6379304,0.97436756
2,40,21,1.0,0.37746358,0.6225364,4.1179295,8.018906,1.5543684,4.9920607,6.546429,0.9985668
2,251,470,1.0,0.37746358,0.6225364,5.747384,0.5636538,2.169428,0.35089505,2.5203233,0.92555434
2,3,449,1.0,0.37746358,0.6225364,7.728959,4.7001534,2.9174006,2.9260166,5.843417,0.9971095
2,109,293,1.0,0.37746358,0.6225364,0.27724653,1.4912952,0.10465047,0.9283856,1.0330361,0.73750407
2,7,620,1.0,0.37746358,0.6225364,5.371997,-0.051083528,2.027733,-0.031801358,1.9959317,0.88036925
2,3,141,1.0,0.37746358,0.6225364,4.507949,1.6217759,1.7015865,1.0096146,2.7112012,0.9376844
2,255,14,1.0,0.37746358,0.6225364,4.5648823,9.24448,1.7230768,5.7550254,7.478102,0.999435
2,214,342,1.0,0.37746358,0.6225364,3.87445,4.6328473,1.4624637,2.8841162,4.34658,0.98721457
2,8,80,1.0,0.37746358,0.6225364,4.6062784,4.0345087,1.7387023,2.5116286,4.250331,0.985941
2,10,528,1.0,0.37746358,0.6225364,-3.4993584,6.7092953,-1.3208803,4.1767807,2.8559003,0.94562286
2,342,342,1.0,0.37746358,0.6225364,8.790505,6.1835923,3.3180957,3.8495114,7.1676073,0.99922943
2,123,331,1.0,0.37746358,0.6225364,4.0990295,4.3955474,1.5472344,2.7363884,4.2836227,0.986395
2,91,561,1.0,0.37746358,0.6225364,-0.8951286,-2.56019,-0.33787844,-1.5938115,-1.93169,0.12656364
2,8,579,1.0,0.37746358,0.6225364,2.5329587,1.1824116,0.9560997,0.73609424,1.692194,0.84451246
2,185,331,1.0,0.37746358,0.6225364,2.200899,0.37799433,0.83075917,0.23531523,1.0660744,0.74384964
2,3,550,1.0,0.37746358,0.6225364,6.470147,3.7301989,2.442245,2.3221846,4.7644296,0.99154437
2,14,140,1.0,0.37746358,0.6225364,4.7910013,1.2813178,1.8084285,0.797667,2.6060956,0.93125284
2,3,338,1.0,0.37746358,0.6225364,3.0732727,2.4881423,1.1600485,1.5489591,2.7090077,0.9375561
2,8,33,1.0,0.37746358,0.6225364,6.222948,6.074588,2.3489363,3.7816522,6.1305885,0.9978294
2,77,250,1.0,0.37746358,0.6225364,7.508633,8.341167,2.8342354,5.1926804,8.026916,0.9996736
2,8,193,1.0,0.37746358,0.6225364,6.116802,7.442985,2.30887,4.633529,6.942399,0.999035
2,8,74,1.0,0.37746358,0.6225364,4.607838,6.4128537,1.7392911,3.992235,5.731526,0.99676836
2,35,243,1.0,0.37746358,0.6225364,1.5997494,1.2206278,0.60384715,0.75988525,1.3637323,0.7963656
2,3,481,1.0,0.37746358,0.6225364,2.6767313,4.848694,1.0103686,3.0184884,4.028857,0.9825165
2,24,13,1.0,0.37746358,0.6225364,3.182929,5.0432353,1.2014397,3.1395977,4.3410373,0.9871444
2,19,132,1.0,0.37746358,0.6225364,4.1440983,5.8103433,1.5642462,3.6171503,5.1813965,0.9944113
2,8,462,1.0,0.37746358,0.6225364,5.510254,6.5018096,2.07992,4.047613,6.127533,0.99782276
2,16,93,1.0,0.37746358,0.6225364,1.6069938,-5.003325,0.6065816,-3.114752,-2.5081704,0.07528739
2,26,139,1.0,0.37746358,0.6225364,2.3189983,5.366367,0.8753374,3.3407588,4.2160964,0.9854585
2,377,342,1.0,0.37746358,0.6225364,4.664919,3.2209015,1.760837,2.0051284,3.7659655,0.97737837
2,7,379,1.0,0.37746358,0.6225364,6.6478205,2.5183218,2.50931,1.567747,4.077057,0.9833255
2,8,0,1.0,0.37746358,0.6225364,4.912371,4.0795736,1.8542413,2.539683,4.393924,0.98779863
2,33,253,1.0,0.37746358,0.6225364,5.4359627,7.8556123,2.051878,4.8904047,6.9422827,0.9990349
2,8,99,1.0,0.37746358,0.6225364,5.0857506,4.3050847,1.9196856,2.680072,4.5997577,0.99004585
2,7,198,1.0,0.37746358,0.6225364,2.4510806,0.402541,0.92519367,0.25059643,1.1757901,0.76419
2,109,252,1.0,0.37746358,0.6225364,0.5887219,-10.440505,0.22222106,-6.4995947,-6.277374,0.0018748054
2,7,68,1.0,0.37746358,0.6225364,3.0558898,1.3191867,1.1534871,0.82124174,1.9747288,0.8781181
2,40,308,1.0,0.37746358,0.6225364,2.0657427,-1.7370703,0.77974266,-1.0813895,-0.3016469,0.42515495
2,76,73,1.0,0.37746358,0.6225364,6.2741404,7.313909,2.3682594,4.553175,6.9214344,0.9990145
2,24,349,1.0,0.37746358,0.6225364,2.8101704,1.6211604,1.060737,1.0092313,2.0699682,0.88794976
2,41,634,1.0,0.37746358,0.6225364,3.2853768,7.2996078,1.24011,4.5442715,5.7843814,0.9969342
2,45,76,1.0,0.37746358,0.6225364,-5.043189,-9.443603,-1.9036202,-5.8789864,-7.7826066,0.00041675026
2,229,470,1.0,0.37746358,0.6225364,4.563954,8.681279,1.7227263,5.4044123,7.1271386,0.99919766
2,9,274,1.0,0.37746358,0.6225364,0.68485135,-1.5988783,0.25850645,-0.99535996,-0.7368535,0.3236926
2,16,37,1.0,0.37746358,0.6225364,4.9481726,6.827597,1.8677549,4.2504277,6.1181827,0.9978023
2,14,414,1.0,0.37746358,0.6225364,4.4745264,1.1217848,1.6889708,0.6983519,2.3873227,0.91585547
2,178,429,1.0,0.37746358,0.6225364,-9.154329,-19.458553,-3.455426,-12.113658,-15.569084,1.7315402e-07
2,46,144,1.0,0.37746358,0.6225364,3.5316412,5.5075397,1.333066,3.4286442,4.76171,0.9915215
2,192,342,1.0,0.37746358,0.6225364,2.6622188,-3.513349,1.0048907,-2.1871877,-1.182297,0.23463945
2,12,327,1.0,0.37746358,0.6225364,0.83119404,1.750531,0.31374547,1.0897692,1.4035147,0.80274105
2,70,248,1.0,0.37746358,0.6225364,2.2678108,-10.901399,0.856016,-6.7865176,-5.9305015,0.0026501075
2,75,643,1.0,0.37746358,0.6225364,-4.530914,-9.637643,-1.7102549,-5.9997835,-7.710038,0.00044810347
2,6,402,1.0,0.37746358,0.6225364,-3.361385,-0.4716628,-1.2688005,-0.29362726,-1.5624278,0.17329855
2,4,385,1.0,0.37746358,0.6225364,2.8638217,2.8676558,1.0809884,1.7852201,2.8662086,0.9461505
2,9,228,1.0,0.37746358,0.6225364,3.7090375,-0.74022925,1.4000266,-0.46081966,0.9392069,0.7189394
2,97,374,1.0,0.37746358,0.6225364,5.684022,7.73103,2.1455112,4.8128476,6.958359,0.9990502
2,397,603,1.0,0.37746358,0.6225364,-0.6596465,-9.5948,-0.24899253,-5.9731126,-6.222105,0.0019811296
2,289,342,1.0,0.37746358,0.6225364,6.9989624,10.096641,2.6418533,6.2855263,8.92738,0.9998673
2,212,331,1.0,0.37746358,0.6225364,4.210371,5.59327,1.5892618,3.4820142,5.0712757,0.99376464
2,17,116,1.0,0.37746358,0.6225364,1.3026505,5.378522,0.4917031,3.3483257,3.8400288,0.97895926
2,8,525,1.0,0.37746358,0.6225364,5.0406284,5.274157,1.9026537,3.2833548,5.1860085,0.99443686
2,9,14,1.0,0.37746358,0.6225364,6.7176323,7.5379148,2.5356615,4.6926265,7.2282877,0.9992748
2,13,385,1.0,0.37746358,0.6225364,1.2366745,-1.2805735,0.4667996,-0.79720366,-0.33040407,0.41814232
2,8,36,1.0,0.37746358,0.6225364,5.5328503,4.8560205,2.0884495,3.0230496,5.111499,0.99400914
2,3,162,1.0,0.37746358,0.6225364,3.5066895,4.290334,1.3236476,2.6708894,3.9945369,0.9819171
2,13,608,1.0,0.37746358,0.6225364,5.856948,2.8698432,2.2107844,1.786582,3.9973664,0.9819672
2,24,78,1.0,0.37746358,0.6225364,3.579397,6.6564107,1.351092,4.143858,5.49495,0.99590933
2,63,36,1.0,0.37746358,0.6225364,0.11139144,-11.015206,0.04204621,-6.857367,-6.815321,0.0010956393
2,4,449,1.0,0.37746358,0.6225364,5.925001,5.1911025,2.2364721,3.2316504,5.4681225,0.9957985
2,13,93,1.0,0.37746358,0.6225364,1.729151,5.3826222,0.65269154,3.3508785,4.00357,0.98207676
2,4,553,1.0,0.37746358,0.6225364,2.6414266,0.63607305,0.9970423,0.39597863,1.3930209,0.801074
2,13,484,1.0,0.37746358,0.6225364,1.931349,-0.9240242,0.7290139,-0.5752387,0.15377522,0.5383682
2,44,111,1.0,0.37746358,0.6225364,3.646566,5.6135497,1.3764458,3.4946392,4.871085,0.99239326
2,9,157,1.0,0.37746358,0.6225364,3.3943663,4.5825944,1.2812496,2.8528318,4.1340814,0.98423517
2,290,342,1.0,0.37746358,0.6225364,6.8686953,9.804421,2.5926824,6.1036096,8.696292,0.99983275
2,4,294,1.0,0.37746358,0.6225364,1.4575111,-3.4407878,0.55015737,-2.1420157,-1.5918584,0.16912259
2,151,319,1.0,0.37746358,0.6225364,2.9037187,-0.6232455,1.0960481,-0.387993,0.70805514,0.6699713
2,13,132,1.0,0.37746358,0.6225364,6.237688,5.5884004,2.3545,3.4789827,5.8334827,0.9970806
2,3,8,1.0,0.37746358,0.6225364,5.380558,6.966826,2.0309646,4.337103,6.3680677,0.9982875
2,33,180,1.0,0.37746358,0.6225364,3.019911,7.0436997,1.1399064,4.3849597,5.524866,0.9960295
2,135,331,1.0,0.37746358,0.6225364,4.50161,3.8063078,1.6991937,2.3695652,4.068759,0.9831889
2,97,275,1.0,0.37746358,0.6225364,3.124684,4.295776,1.1794544,2.6742768,3.8537312,0.9792396
2,370,360,1.0,0.37746358,0.6225364,-0.31351113,-9.00397,-0.11833903,-5.6052995,-5.7236385,0.0032571554
2,3,77,1.0,0.37746358,0.6225364,4.6970534,4.89844,1.7729666,3.0494573,4.822424,0.99201703
2,23,253,1.0,0.37746358,0.6225364,2.9223115,4.9815335,1.1030662,3.101186,4.2042522,0.9852878
2,18,46,1.0,0.37746358,0.6225364,3.9845881,5.800656,1.5040369,3.6111195,5.115156,0.9940308
2,40,189,1.0,0.37746358,0.6225364,-4.6432486,-3.3130279,-1.7526572,-2.0624804,-3.8151376,0.021559624
2,62,138,1.0,0.37746358,0.6225364,4.650444,9.341504,1.7553732,5.8154263,7.5708,0.999485
2,199,331,1.0,0.37746358,0.6225364,4.119526,6.1910906,1.554971,3.8541794,5.40915,0.9955445
2,25,28,1.0,0.37746358,0.6225364,2.2483985,5.838981,0.84868854,3.6349785,4.483667,0.9888341
2,121,153,1.0,0.37746358,0.6225364,2.4870536,5.573896,0.93877214,3.4699533,4.4087253,0.98797566
2,23,149,1.0,0.37746358,0.6225364,5.082878,5.6952386,1.9186014,3.5454934,5.4640946,0.99578166
2,3,493,1.0,0.37746358,0.6225364,2.0204196,7.747594,0.7626348,4.823159,5.585794,0.9962632
2,23,215,1.0,0.37746358,0.6225364,2.0683353,1.3245268,0.78072125,0.8245662,1.6052874,0.83275604
2,261,132,1.0,0.37746358,0.6225364,4.2323465,9.931084,1.5975567,6.1824613,7.780018,0.99958223
2,18,643,1.0,0.37746358,0.6225364,1.3095688,-5.0832767,0.49431452,-3.164525,-2.6702106,0.06475421
2,8,20,1.0,0.37746358,0.6225364,5.4802217,1.9766964,2.0685842,1.2305654,3.2991495,0.9643996
2,166,461,1.0,0.37746358,0.6225364,3.5990283,7.0155005,1.3585021,4.3674045,5.7259064,0.99675024
2,18,409,1.0,0.37746358,0.6225364,2.3172686,-7.932898,0.8746845,-4.938518,-4.0638337,0.01689275
2,187,342,1.0,0.37746358,0.6225364,4.8589153,5.2748632,1.8340635,3.2837944,5.117858,0.9940468
2,26,10,1.0,0.37746358,0.6225364,2.6038134,4.7958183,0.9828447,2.9855716,3.9684162,0.98144734
2,23,457,1.0,0.37746358,0.6225364,5.0276837,7.494019,1.8977675,4.6653,6.5630674,0.9985904
2,23,577,1.0,0.37746358,0.6225364,1.549713,-2.4866652,0.5849602,-1.5480397,-0.96307945,0.27626207
2,39,56,1.0,0.37746358,0.6225364,-6.4555764,-15.320436,-2.436745,-9.537529,-11.974274,6.304291e-06
2,129,492,1.0,0.37746358,0.6225364,-2.690293,-15.533875,-1.0154877,-9.6704035,-10.685891,2.2864753e-05
2,13,133,1.0,0.37746358,0.6225364,4.052541,-0.42749313,1.5296866,-0.26613003,1.2635565,0.77963775
2,4,70,1.0,0.37746358,0.6225364,3.8020923,3.567255,1.4351513,2.2207463,3.6558976,0.97481257
2,6,54,1.0,0.37746358,0.6225364,4.386998,6.933782,1.6559321,4.3165317,5.9724636,0.9974585
2,266,71,1.0,0.37746358,0.6225364,1.0652575,6.0154734,0.4020959,3.7448514,4.1469474,0.98443353
2,8,379,1.0,0.37746358,0.6225364,6.782229,6.9666734,2.5600445,4.337008,6.897053,0.99899024
2,13,500,1.0,0.37746358,0.6225364,2.5827143,5.621513,0.9748806,3.4995966,4.4744773,0.9887322
2,7,80,1.0,0.37746358,0.6225364,6.0985613,5.5527997,2.3019848,3.45682,5.758805,0.996855
2,17,153,1.0,0.37746358,0.6225364,2.3524895,4.912118,0.8879791,3.0579724,3.9459515,0.9810339
2,13,510,1.0,0.37746358,0.6225364,1.5526186,3.6670506,0.586057,2.2828724,2.8689294,0.9462889
2,6,320,1.0,0.37746358,0.6225364,4.4726157,9.343959,1.6882496,5.8169546,7.505204,0.99945
2,8,127,1.0,0.37746358,0.6225364,6.521144,6.7308626,2.4614942,4.190207,6.651701,0.9987098
2,22,87,1.0,0.37746358,0.6225364,3.8686159,7.2468457,1.4602616,4.5114255,5.9716873,0.9974566
2,352,504,1.0,0.37746358,0.6225364,2.4550478,0.32735017,0.9266912,0.2037874,1.1304786,0.7559272
2,146,235,1.0,0.37746358,0.6225364,1.8555208,2.1398702,0.70039153,1.3321471,2.0325387,0.8841713
2,16,201,1.0,0.37746358,0.6225364,3.1508133,8.438611,1.1893172,5.2533426,6.44266,0.99841034
2,6,204,1.0,0.37746358,0.6225364,5.470703,7.9388566,2.0649912,4.9422274,7.0072184,0.99909556
2,14,389,1.0,0.37746358,0.6225364,3.319194,-3.6509485,1.2528749,-2.2728484,-1.0199735,0.26503256
2,62,143,1.0,0.37746358,0.6225364,1.9863211,2.6197734,0.74976385,1.6309043,2.3806682,0.9153412
2,132,316,1.0,0.37746358,0.6225364,-9.451621,-8.659312,-3.5676427,-5.390737,-8.95838,0.000128638
2,8,502,1.0,0.37746358,0.6225364,5.412139,3.9563196,2.0428853,2.462953,4.5058384,0.98907626
2,2,331,1.0,0.37746358,0.6225364,4.3046274,7.0762935,1.62484,4.4052505,6.0300903,0.9976005
2,27,328,1.0,0.37746358,0.6225364,2.5194733,2.6297657,0.9510094,1.637125,2.5881343,0.930094
2,22,93,1.0,0.37746358,0.6225364,-2.1868129,-8.773393,-0.8254422,-5.4617567,-6.287199,0.0018565094
2,296,342,1.0,0.37746358,0.6225364,8.701524,6.110936,3.2845082,3.8042803,7.0887885,0.99916625
2,4,632,1.0,0.37746358,0.6225364,1.487348,-9.46148,0.56141967,-5.890116,-5.3286967,0.0048269746
2,386,596,1.0,0.37746358,0.6225364,2.5906966,10.8455925,0.9778936,6.751776,7.7296696,0.99956053
2,7,367,1.0,0.37746358,0.6225364,6.8085146,4.92524,2.5699663,3.0661414,5.6361074,0.99644595
2,8,4,1.0,0.37746358,0.6225364,4.2642975,3.2055917,1.609617,1.9955976,3.6052146,0.9735377
2,37,437,1.0,0.37746358,0.6225364,5.2214026,10.097072,1.9708893,6.2857947,8.256684,0.99974054
2,15,342,1.0,0.37746358,0.6225364,4.678502,5.970344,1.7659642,3.7167566,5.482721,0.9958592
2,19,594,1.0,0.37746358,0.6225364,4.0695972,5.400911,1.5361247,3.3622637,4.8983884,0.9925966
2,7,164,1.0,0.37746358,0.6225364,7.007983,4.0949674,2.6452584,2.5492663,5.194525,0.99448377
2,260,352,1.0,0.37746358,0.6225364,4.006034,8.038883,1.5121319,5.0044975,6.516629,0.99852353
2,3,307,1.0,0.37746358,0.6225364,4.082591,1.9237182,1.5410295,1.1975846,2.738614,0.93926704
2,3,507,1.0,0.37746358,0.6225364,5.3946853,1.4619966,2.0362973,0.9101461,2.9464436,0.95009506
2,19,22,1.0,0.37746358,0.6225364,3.9966803,6.7597523,1.5086012,4.208192,5.716793,0.9967205
2,14,244,1.0,0.37746358,0.6225364,4.808669,8.175247,1.8150975,5.0893893,6.9044867,0.99899775
2,7,4,1.0,0.37746358,0.6225364,3.3023365,-1.0969472,1.2465117,-0.6828896,0.5636221,0.63729024
2,3,268,1.0,0.37746358,0.6225364,5.552104,5.40389,2.095717,3.3641183,5.459835,0.9957638
2,252,87,1.0,0.37746358,0.6225364,1.532358,2.343336,0.5784094,1.4588121,2.0372214,0.88465
2,3,34,1.0,0.37746358,0.6225364,3.4588127,1.5441682,1.3055758,0.96130097,2.2668767,0.9060964
2,44,145,1.0,0.37746358,0.6225364,3.4249775,0.45415542,1.2928042,0.28272828,1.5755326,0.82857084
2,13,473,1.0,0.37746358,0.6225364,4.6155505,4.136392,1.7422022,2.5750546,4.317257,0.9868391
2,8,451,1.0,0.37746358,0.6225364,2.599009,5.601687,0.98103124,3.4872541,4.4682856,0.988663
2,18,138,1.0,0.37746358,0.6225364,4.569787,6.0475345,1.7249281,3.7648106,5.4897385,0.99588805
2,6,373,1.0,0.37746358,0.6225364,5.392316,9.651435,2.0354028,6.00837,8.043773,0.99967897
2,13,123,1.0,0.37746358,0.6225364,2.7433646,1.2369678,1.0355202,0.7700575,1.8055778,0.8588265
2,16,26,1.0,0.37746358,0.6225364,3.127614,4.9563513,1.1805604,3.0855093,4.2660694,0.9861574
2,23,444,1.0,0.37746358,0.6225364,4.780112,4.7104955,1.8043181,2.932455,4.736773,0.9913093
2,109,349,1.0,0.37746358,0.6225364,-0.09295301,6.238971,-0.035086375,3.8839867,3.8489003,0.9791412
2,14,289,1.0,0.37746358,0.6225364,1.9739529,7.471683,0.7450953,4.651395,5.39649,0.995488
2,28,422,1.0,0.37746358,0.6225364,2.2988133,0.47869805,0.86771834,0.29800698,1.1657254,0.7623715
2,254,109,1.0,0.37746358,0.6225364,4.4451056,11.137057,1.6778655,6.9332237,8.61109,0.999818
2,52,331,1.0,0.37746358,0.6225364,4.6319637,6.369003,1.7483976,3.9649363,5.713334,0.9967092
2,18,49,1.0,0.37746358,0.6225364,1.4981333,-6.485047,0.5654908,-4.037178,-3.4716873,0.030128637
2,8,453,1.0,0.37746358,0.6225364,4.277174,4.4993606,1.6144774,2.8010159,4.415493,0.9880558
2,129,79,1.0,0.37746358,0.6225364,-3.4539008,4.1053863,-1.3037218,2.5557525,1.2520307,0.7776512
2,100,449,1.0,0.37746358,0.6225364,-0.87081265,-13.467003,-0.32870007,-8.383699,-8.7123995,0.00016450592
2,190,470,1.0,0.37746358,0.6225364,4.2139287,1.4903973,1.5906047,0.92782664,2.5184312,0.92542386
2,14,177,1.0,0.37746358,0.6225364,3.469091,-4.870224,1.3094555,-3.0318918,-1.7224363,0.15155761
2,278,342,1.0,0.37746358,0.6225364,6.826184,9.133295,2.5766358,5.6858087,8.2624445,0.9997421
2,33,430,1.0,0.37746358,0.6225364,6.453396,4.037758,2.435922,2.5136514,4.9495735,0.9929635
2,352,17,1.0,0.37746358,0.6225364,3.8912847,3.3016498,1.4688183,2.0553973,3.5242157,0.9713689
2,23,479,1.0,0.37746358,0.6225364,4.536812,5.09135,1.7124813,3.169551,4.8820324,0.99247545
2,85,24,1.0,0.37746358,0.6225364,1.6317269,7.6075673,0.61591744,4.7359877,5.351905,0.9952832
2,47,75,1.0,0.37746358,0.6225364,-9.77719,-13.375064,-3.6905332,-8.326465,-12.016998,6.040618e-06
2,258,382,1.0,0.37746358,0.6225364,1.170741,7.5250387,0.44191208,4.684611,5.126523,0.9940978
2,24,130,1.0,0.37746358,0.6225364,1.4350376,-3.4494224,0.54167444,-2.147391,-1.6057167,0.16718416
2,103,245,1.0,0.37746358,0.6225364,-1.3803707,-1.9300935,-0.52103966,-1.2015535,-1.7225931,0.15153746
2,16,45,1.0,0.37746358,0.6225364,2.6632497,3.5739787,1.0052798,2.224932,3.2302117,0.9619555
2,13,355,1.0,0.37746358,0.6225364,1.8358709,2.9554534,0.6929744,1.8398774,2.5328517,0.92641306
2,346,17,1.0,0.37746358,0.6225364,1.9325793,1.5085139,0.7294783,0.93910486,1.6685832,0.8413868
2,43,100,1.0,0.37746358,0.6225364,5.3402133,4.915673,2.015736,3.0601854,5.0759215,0.99379337
2,368,470,1.0,0.37746358,0.6225364,4.890544,3.842736,1.8460022,2.3922431,4.2382455,0.98577243
2,13,541,1.0,0.37746358,0.6225364,1.6857585,2.9554534,0.6363124,1.8398774,2.4761899,0.92245567
2,23,168,1.0,0.37746358,0.6225364,5.6259565,8.132139,2.1235938,5.062553,7.1861467,0.9992436
2,3,497,1.0,0.37746358,0.6225364,5.0626087,6.289189,1.9109504,3.915249,5.8261995,0.9970594
2,2,14,1.0,0.37746358,0.6225364,5.8534994,7.8170476,2.209483,4.866397,7.07588,0.9991555
2,264,109,1.0,0.37746358,0.6225364,2.3419464,9.695685,0.88399947,6.0359173,6.9199166,0.99901307
2,12,51,1.0,0.37746358,0.6225364,1.2927755,2.4854634,0.48797566,1.5472915,2.035267,0.8844505
2,253,132,1.0,0.37746358,0.6225364,4.891334,12.078103,1.8463005,7.519059,9.365359,0.9999144
2,28,428,1.0,0.37746358,0.6225364,2.3240073,-0.8136972,0.8772281,-0.50655615,0.37067193,0.5916213
2,24,61,1.0,0.37746358,0.6225364,2.1087272,-1.3436778,0.7959677,-0.83648837,-0.040520668,0.48987123
2,256,83,1.0,0.37746358,0.6225364,3.370201,11.05513,1.2721282,6.882221,8.154349,0.9997125
2,28,148,1.0,0.37746358,0.6225364,1.895997,4.535537,0.7156698,2.8235369,3.5392067,0.9717829
2,259,80,1.0,0.37746358,0.6225364,3.7523253,7.709295,1.4163661,4.799317,6.215683,0.99800617
2,16,153,1.0,0.37746358,0.6225364,2.9208808,4.492147,1.1025261,2.796525,3.8990512,0.9801412
2,317,342,1.0,0.37746358,0.6225364,6.2170334,9.525849,2.3467038,5.930188,8.276892,0.9997458
2,217,470,1.0,0.37746358,0.6225364,4.2687035,7.7512393,1.6112801,4.825429,6.436709,0.99840087
2,42,269,1.0,0.37746358,0.6225364,-0.45636863,-5.726421,-0.17226253,-3.5649056,-3.737168,0.02326721
2,13,630,1.0,0.37746358,0.6225364,3.9294207,2.1708097,1.4832132,1.3514081,2.8346214,0.9445183
2,3,471,1.0,0.37746358,0.6225364,3.2858398,5.419392,1.2402848,3.373769,4.6140537,0.99018574
2,13,290,1.0,0.37746358,0.6225364,7.2854853,5.0394826,2.7500052,3.1372614,5.8872666,0.9972331
2,263,132,1.0,0.37746358,0.6225364,6.055304,10.937856,2.2856567,6.8092136,9.094871,0.9998877
2,130,277,1.0,0.37746358,0.6225364,-0.8551718,-8.778862,-0.3227962,-5.4651613,-5.7879577,0.0030548733
2,14,243,1.0,0.37746358,0.6225364,3.5940237,3.3190558,1.356613,2.0662332,3.4228463,0.96841097
2,134,155,1.0,0.37746358,0.6225364,-1.4462752,-1.9328368,-0.5459162,-1.2032613,-1.7491775,0.14815097
2,61,296,1.0,0.37746358,0.6225364,3.410353,5.5918,1.287284,3.4810994,4.7683835,0.9915774
2,28,558,1.0,0.37746358,0.6225364,2.541475,-0.6955064,0.9593143,-0.43297806,0.5263362,0.6286282
2,180,360,1.0,0.37746358,0.6225364,-0.26478595,-16.903305,-0.09994705,-10.522923,-10.62287,2.4352043e-05
2,109,254,1.0,0.37746358,0.6225364,-0.82042736,-1.0521811,-0.30968145,-0.6550211,-0.9647025,0.27593768
2,332,342,1.0,0.37746358,0.6225364,6.207233,7.9143386,2.3430045,4.926964,7.269968,0.9993043
2,327,342,1.0,0.37746358,0.6225364,6.4784336,7.6136184,2.4453728,4.7397547,7.1851273,0.9992428
2,16,83,1.0,0.37746358,0.6225364,3.0745714,5.2060494,1.1605387,3.2409554,4.401494,0.98788947
2,3,621,1.0,0.37746358,0.6225364,6.0509624,-1.0309455,2.284018,-0.6418011,1.6422169,0.8378364
2,8,46,1.0,0.37746358,0.6225364,3.7205956,3.9121761,1.4043894,2.435472,3.8398614,0.97895586
2,186,80,1.0,0.37746358,0.6225364,0.62100506,7.5031633,0.2344068,4.6709924,4.9053993,0.992648
2,31,230,1.0,0.37746358,0.6225364,1.7954425,9.284257,0.6777141,5.779788,6.4575024,0.99843377
2,14,47,1.0,0.37746358,0.6225364,3.8622024,3.610817,1.4578408,2.247865,3.7057056,0.9760069
2,220,331,1.0,0.37746358,0.6225364,4.252882,4.3963866,1.605308,2.7369108,4.342219,0.9871594
2,130,79,1.0,0.37746358,0.6225364,-4.425777,5.5977693,-1.6705697,3.4848154,1.8142457,0.85987425
2,78,161,1.0,0.37746358,0.6225364,-11.258611,-9.977224,-4.2497153,-6.2111855,-10.460901,2.8633594e-05
2,336,342,1.0,0.37746358,0.6225364,5.661996,7.39176,2.1371973,4.6016397,6.7388372,0.9988174
2,229,117,1.0,0.37746358,0.6225364,3.1008418,3.8807611,1.1704549,2.4159153,3.58637,0.9730478
2,38,111,1.0,0.37746358,0.6225364,4.4429903,10.753004,1.677067,6.6941366,8.371203,0.9997687
2,16,557,1.0,0.37746358,0.6225364,4.99397,7.247359,1.8850417,4.511745,6.3967867,0.9983359
2,18,356,1.0,0.37746358,0.6225364,2.4058936,-5.1805625,0.9081372,-3.2250888,-2.3169518,0.08972872
2,13,162,1.0,0.37746358,0.6225364,3.9108884,4.7732725,1.476218,2.971536,4.447754,0.9884306
2,91,117,1.0,0.37746358,0.6225364,2.2149925,2.8855696,0.836079,1.7963722,2.632451,0.93292105
2,8,188,1.0,0.37746358,0.6225364,4.510133,-3.400418,1.7024108,-2.116884,-0.41447318,0.39784002
2,12,465,1.0,0.37746358,0.6225364,-3.745735,-11.777693,-1.4138786,-7.3320427,-8.745921,0.00015908368
2,16,586,1.0,0.37746358,0.6225364,1.8357059,0.5654239,0.6929121,0.351997,1.0449091,0.7397961
2,3,543,1.0,0.37746358,0.6225364,8.34736,6.8686304,3.1508243,4.2759724,7.426797,0.99940526
2,159,277,1.0,0.37746358,0.6225364,-1.7953272,4.6020985,-0.6776706,2.864974,2.1873035,0.8991035
2,8,609,1.0,0.37746358,0.6225364,5.195939,6.16652,1.9612777,3.8388834,5.8001614,0.99698204
2,3,57,1.0,0.37746358,0.6225364,3.3595746,5.0146284,1.2681171,3.1217887,4.389906,0.98775
2,3,290,1.0,0.37746358,0.6225364,5.642041,5.4561124,2.1296651,3.3966286,5.5262938,0.99603504
2,28,32,1.0,0.37746358,0.6225364,2.6871603,0.6033875,1.0143051,0.37563068,1.3899357,0.800582
2,45,282,1.0,0.37746358,0.6225364,0.1876302,-0.50608164,0.07082357,-0.31505427,-0.24423069,0.439244
2,337,342,1.0,0.37746358,0.6225364,3.9534304,6.495991,1.492276,4.043991,5.5362673,0.9960743
2,40,383,1.0,0.37746358,0.6225364,5.4635468,7.9415774,2.06229,4.943921,7.0062113,0.9990946
2,19,43,1.0,0.37746358,0.6225364,4.2900877,1.7549102,1.6193519,1.0924956,2.7118473,0.93772215
2,31,312,1.0,0.37746358,0.6225364,0.5303093,-1.0347998,0.20017245,-0.64420056,-0.4440281,0.39078158
2,28,307,1.0,0.37746358,0.6225364,2.7248492,-2.4157505,1.0285313,-1.5038927,-0.47536135,0.38334808
2,28,215,1.0,0.37746358,0.6225364,2.6372223,5.9385605,0.9954554,3.6969702,4.6924257,0.99091876
2,41,212,1.0,0.37746358,0.6225364,4.217643,5.428045,1.5920066,3.3791556,4.9711623,0.9931126
2,367,470,1.0,0.37746358,0.6225364,4.94971,-1.1176131,1.8683352,-0.6957548,1.1725805,0.76361114
2,217,165,0.0,0.37746358,0.6225364,-10.223286,-14.067703,-3.858918,-8.757658,-12.616576,3.3165695e-06
2,313,292,0.0,0.37746358,0.6225364,-6.985937,-19.460402,-2.636937,-12.114809,-14.751746,3.9210093e-07
2,341,607,0.0,0.37746358,0.6225364,-10.594747,-14.188147,-3.999131,-8.832638,-12.831769,2.674437e-06
2,30,147,0.0,0.37746358,0.6225364,-9.132295,-10.524192,-3.4471087,-6.551693,-9.998802,4.5452278e-05
2,257,595,0.0,0.37746358,0.6225364,-9.060851,-13.535096,-3.4201412,-8.42609,-11.846231,7.165458e-06
2,347,141,0.0,0.37746358,0.6225364,-3.543998,-5.368508,-1.3377302,-3.3420916,-4.679822,0.009195328
2,100,528,0.0,0.37746358,0.6225364,-2.2672975,-12.008478,-0.8558222,-7.475715,-8.331537,0.00024074363
2,373,561,0.0,0.37746358,0.6225364,-1.5250896,-12.452944,-0.5756658,-7.752411,-8.328076,0.00024157803
2,95,632,0.0,0.37746358,0.6225364,-14.657176,-22.952248,-5.5325503,-14.28861,-19.821161,2.4647848e-09
2,393,90,0.0,0.37746358,0.6225364,-1.9845356,-6.2839065,-0.7490899,-3.9119606,-4.6610503,0.009367936
2,233,153,0.0,0.37746358,0.6225364,0.84599614,-4.647238,0.31933272,-2.8930748,-2.573742,0.070847586
2,414,277,0.0,0.37746358,0.6225364,-5.570478,-1.311703,-2.1026525,-0.81658286,-2.9192355,0.051210836
2,120,525,0.0,0.37746358,0.6225364,-9.990146,-13.015658,-3.7709162,-8.102721,-11.873637,6.971751e-06
2,353,199,0.0,0.37746358,0.6225364,-9.437358,-16.96862,-3.562259,-10.563584,-14.125843,7.332026e-07
2,199,225,0.0,0.37746358,0.6225364,-11.279214,-17.316435,-4.2574925,-10.780111,-15.037603,2.9461285e-07
2,154,447,0.0,0.37746358,0.6225364,-11.248686,-18.328693,-4.2459693,-11.410279,-15.656248,1.587003e-07
2,319,161,0.0,0.37746358,0.6225364,-9.059115,-17.488895,-3.419486,-10.887474,-14.30696,6.117386e-07
2,71,19,0.0,0.37746358,0.6225364,1.5760349,-0.2948553,0.5948958,-0.18355817,0.4113376,0.6014086
2,227,606,0.0,0.37746358,0.6225364,-4.9121757,-16.10439,-1.8541675,-10.025569,-11.879736,6.9293615e-06
2,115,129,0.0,0.37746358,0.6225364,2.2498405,-0.43529078,0.84923285,-0.27098435,0.5782485,0.6406643
2,296,315,0.0,0.37746358,0.6225364,-8.033075,-15.355349,-3.0321934,-9.559264,-12.591457,3.4009329e-06
2,288,607,0.0,0.37746358,0.6225364,-17.298182,-13.120514,-6.5294337,-8.167997,-14.697432,4.139867e-07
2,265,361,0.0,0.37746358,0.6225364,-8.09336,-7.518101,-3.0549486,-4.6802917,-7.73524,0.00043695644
2,309,225,0.0,0.37746358,0.6225364,-14.5863495,-20.155136,-5.5058155,-12.547306,-18.053122,1.4442053e-08
2,298,292,0.0,0.37746358,0.6225364,-10.299807,-15.726109,-3.887802,-9.790075,-13.677877,1.1475531e-06
2,63,4,0.0,0.37746358,0.6225364,-1.1465725,-7.849271,-0.43278936,-4.886457,-5.3192463,0.0048725847
2,280,4,0.0,0.37746358,0.6225364,-3.827496,-19.477325,-1.4447404,-12.125344,-13.570085,1.2781641e-06
2,79,380,0.0,0.37746358,0.6225364,-5.2038627,-13.9718275,-1.9642687,-8.697971,-10.66224,2.3411962e-05
2,185,536,0.0,0.37746358,0.6225364,-6.429732,-16.859308,-2.4269896,-10.495533,-12.922523,2.4424107e-06
2,332,279,0.0,0.37746358,0.6225364,-13.559224,-22.720182,-5.118113,-14.144141,-19.262255,4.310315e-09
2,195,547,0.0,0.37746358,0.6225364,-10.252843,-15.067709,-3.8700747,-9.380198,-13.250273,1.7598632e-06
2,9,107,0.0,0.37746358,0.6225364,6.177969,3.961607,2.3319583,2.4662447,4.798203,0.9918229
2,161,322,0.0,0.37746358,0.6225364,-3.7752743,-7.1907716,-1.4250286,-4.476517,-5.9015455,0.002727753
2,73,222,0.0,0.37746358,0.6225364,-10.835301,-13.81414,-4.0899315,-8.599806,-12.689737,3.08259e-06
2,54,19,0.0,0.37746358,0.6225364,-1.4751921,-14.218314,-0.5568313,-8.8514185,-9.40825,8.203768e-05
2,369,353,0.0,0.37746358,0.6225364,-11.452045,-13.812504,-4.32273,-8.598786,-12.921516,2.4448693e-06
2,306,589,0.0,0.37746358,0.6225364,-11.132449,-15.371197,-4.202094,-9.56913,-13.771224,1.0452808e-06
2,149,250,0.0,0.37746358,0.6225364,-7.0055103,-14.702802,-2.644325,-9.153029,-11.797355,7.5243793e-06
2,19,246,0.0,0.37746358,0.6225364,-0.06494339,1.8009294,-0.024513764,1.1211442,1.0966305,0.7496282
2,27,357,0.0,0.37746358,0.6225364,-2.0599208,-9.529847,-0.7775451,-5.932677,-6.710222,0.0012169111
2,413,612,0.0,0.37746358,0.6225364,-8.6299515,-15.648562,-3.2574923,-9.7418,-12.999292,2.2619242e-06
2,361,64,0.0,0.37746358,0.6225364,-5.430125,-18.017445,-2.0496745,-11.216516,-13.26619,1.7320735e-06
2,30,329,0.0,0.37746358,0.6225364,-1.5334147,-4.4392433,-0.5788082,-2.7635906,-3.3423986,0.034144964
2,78,11,0.0,0.37746358,0.6225364,-11.14964,-17.6557,-4.208583,-10.991317,-15.1999,2.5047672e-07
2,0,539,0.0,0.37746358,0.6225364,-7.8619976,-12.807109,-2.9676178,-7.972892,-10.94051,1.7725122e-05
2,58,264,0.0,0.37746358,0.6225364,-7.6818333,-13.436969,-2.8996122,-8.365003,-11.264615,1.2818412e-05
2,173,281,0.0,0.37746358,0.6225364,-2.8876293,-11.46448,-1.0899749,-7.137057,-8.227032,0.00026725722
2,193,437,0.0,0.37746358,0.6225364,-5.009271,-13.37317,-1.8908174,-8.325285,-10.216103,3.6575235e-05
2,136,248,0.0,0.37746358,0.6225364,-5.0529366,-21.858295,-1.9072995,-13.607585,-15.514885,1.827978e-07
2,4,150,0.0,0.37746358,0.6225364,1.6908424,-5.926968,0.6382314,-3.6897535,-3.0515223,0.045151796
2,290,214,0.0,0.37746358,0.6225364,-8.467318,-17.015392,-3.196104,-10.592701,-13.788805,1.0270643e-06
2,350,44,0.0,0.37746358,0.6225364,-3.0581634,-14.790368,-1.1543453,-9.207542,-10.361888,3.1613716e-05
2,380,395,0.0,0.37746358,0.6225364,0.44755578,-12.328052,0.16893601,-7.674661,-7.505725,0.0005496248
2,18,349,0.0,0.37746358,0.6225364,2.7784965,4.631886,1.0487813,2.8835177,3.9322991,0.9807781
2,243,37,0.0,0.37746358,0.6225364,-3.9307919,-9.630776,-1.4837308,-5.995509,-7.47924,0.00056436774
2,123,315,0.0,0.37746358,0.6225364,-5.4099226,-9.518876,-2.0420487,-5.925847,-7.9678955,0.00034628727
2,178,130,0.0,0.37746358,0.6225364,-6.7503157,-15.978347,-2.5479984,-9.947103,-12.495101,3.744941e-06
2,115,409,0.0,0.37746358,0.6225364,-2.2595048,-18.5755,-0.8528808,-11.563926,-12.416806,4.049933e-06
2,154,353,0.0,0.37746358,0.6225364,-13.851167,-17.117168,-5.228311,-10.656061,-15.884373,1.2632943e-07
2,190,435,0.0,0.37746358,0.6225364,-1.0420882,-13.557078,-0.39335033,-8.439775,-8.833126,0.00014580041
2,391,305,0.0,0.37746358,0.6225364,-2.691082,-5.119372,-1.0157855,-3.1869955,-4.2027807,0.014733609
2,102,296,0.0,0.37746358,0.6225364,-0.8594539,-9.617105,-0.32441255,-5.9869976,-6.31141,0.0018121817
2,184,317,0.0,0.37746358,0.6225364,-4.5949974,-15.755124,-1.7344441,-9.808139,-11.542583,9.707681e-06
2,72,505,0.0,0.37746358,0.6225364,-3.225663,-19.693958,-1.2175703,-12.260206,-13.477777,1.4017656e-06
2,196,345,0.0,0.37746358,0.6225364,-7.6302567,-17.669657,-2.880144,-11.000005,-13.880149,9.3740556e-07
2,332,87,0.0,0.37746358,0.6225364,-11.003586,-15.342107,-4.153453,-9.551021,-13.7044735,1.1174351e-06
2,307,305,0.0,0.37746358,0.6225364,-10.446033,-13.00967,-3.9429967,-8.098993,-12.04199,5.8915216e-06
2,290,522,0.0,0.37746358,0.6225364,-10.732844,-17.335773,-4.0512576,-10.7921505,-14.843409,3.5775804e-07
2,49,430,0.0,0.37746358,0.6225364,-8.22352,-12.775208,-3.1040795,-7.9530325,-11.057112,1.5774314e-05
2,179,91,0.0,0.37746358,0.6225364,-4.537092,-11.240924,-1.7125871,-6.9978848,-8.710472,0.00016482323
2,297,568,0.0,0.37746358,0.6225364,-15.503657,-23.982967,-5.852066,-14.93027,-20.782337,9.426395e-10
2,214,558,0.0,0.37746358,0.6225364,-11.531487,-17.654724,-4.3527164,-10.990708,-15.343425,2.1698773e-07
2,292,413,0.0,0.37746358,0.6225364,-7.4745207,-15.209752,-2.8213594,-9.468625,-12.289985,4.59754e-06
2,220,131,0.0,0.37746358,0.6225364,-2.3585565,-14.930898,-0.89026916,-9.295028,-10.185297,3.771945e-05
2,88,291,0.0,0.37746358,0.6225364,-3.6171458,-15.048769,-1.3653408,-9.368407,-10.733748,2.17963e-05
2,337,129,0.0,0.37746358,0.6225364,-6.6591415,-14.953368,-2.5135834,-9.309016,-11.822599,7.336808e-06
2,57,39,0.0,0.37746358,0.6225364,-2.8739526,-17.462124,-1.0848124,-10.870808,-11.95562,6.4229935e-06
2,315,508,0.0,0.37746358,0.6225364,-7.7647023,-20.6645,-2.9308922,-12.864404,-15.795296,1.3809888e-07
2,175,32,0.0,0.37746358,0.6225364,-3.9403307,-20.503183,-1.4873314,-12.763978,-14.251309,6.467473e-07
2,11,560,0.0,0.37746358,0.6225364,-7.4330015,-11.537084,-2.8056874,-7.182255,-9.987942,4.5948575e-05
2,310,264,0.0,0.37746358,0.6225364,-9.586745,-11.615501,-3.618647,-7.231073,-10.84972,1.9409665e-05
2,167,442,0.0,0.37746358,0.6225364,-13.992315,-20.750492,-5.2815895,-12.917937,-18.199528,1.2475144e-08
2,16,375,0.0,0.37746358,0.6225364,2.8156905,0.10524032,1.0628207,0.065515935,1.1283367,0.75553185
2,181,156,0.0,0.37746358,0.6225364,-1.2685415,-11.432657,-0.4788282,-7.1172457,-7.596074,0.00050216774
2,216,274,0.0,0.37746358,0.6225364,-10.584735,-22.452374,-3.995352,-13.97742,-17.972773,1.565035e-08
2,343,201,0.0,0.37746358,0.6225364,-9.605498,-9.226435,-3.6257257,-5.7437916,-9.369517,8.527727e-05
2,41,488,0.0,0.37746358,0.6225364,-2.9078815,-13.552472,-1.0976194,-8.436908,-9.534527,7.230631e-05
2,123,297,0.0,0.37746358,0.6225364,-5.8109884,-9.915914,-2.1934364,-6.1730175,-8.366454,0.00023248458
2,375,617,0.0,0.37746358,0.6225364,-12.676262,-20.14467,-4.784827,-12.5407915,-17.325619,2.989368e-08
2,305,181,0.0,0.37746358,0.6225364,-10.329032,-17.795816,-3.8988333,-11.078544,-14.977377,3.1290153e-07
2,69,274,0.0,0.37746358,0.6225364,-8.672483,-9.870688,-3.2735467,-6.144863,-9.418409,8.120851e-05
2,49,23,0.0,0.37746358,0.6225364,-9.786649,-8.568159,-3.6941035,-5.333991,-9.028094,0.000119976554
2,253,240,0.0,0.37746358,0.6225364,-9.496137,-12.041872,-3.5844457,-7.496504,-11.08095,1.540274e-05
2,242,595,0.0,0.37746358,0.6225364,-3.424217,-8.123593,-1.2925172,-5.057233,-6.34975,0.0017441366
2,174,396,0.0,0.37746358,0.6225364,-2.3035352,-12.707427,-0.86950064,-7.910836,-8.780336,0.00015370273
2,84,230,0.0,0.37746358,0.6225364,-7.2314854,-1.8860884,-2.7296224,-1.1741587,-3.903781,0.019766912
2,157,406,0.0,0.37746358,0.6225364,-12.620109,-17.036118,-4.7636313,-10.605603,-15.369234,2.1145907e-07
2,142,535,0.0,0.37746358,0.6225364,-2.5640514,-8.219738,-0.967836,-5.1170864,-6.0849223,0.0022717684
2,38,567,0.0,0.37746358,0.6225364,-6.6792154,-9.274218,-2.5211606,-5.773538,-8.294699,0.0002497754
2,79,60,0.0,0.37746358,0.6225364,-5.7759876,-8.302531,-2.180225,-5.168628,-7.348853,0.0006429162
2,293,237,0.0,0.37746358,0.6225364,-5.04626,-18.1627,-1.9047793,-11.306943,-13.211722,1.8290311e-06
2,301,535,0.0,0.37746358,0.6225364,-6.1789947,-15.378322,-2.3323455,-9.5735655,-11.9059105,6.7503433e-06
2,327,517,0.0,0.37746358,0.6225364,-13.305821,-18.596115,-5.022463,-11.576759,-16.599222,6.180866e-08
2,90,271,0.0,0.37746358,0.6225364,-4.9806194,-8.4340515,-1.8800024,-5.250504,-7.1305065,0.00079967396
2,281,526,0.0,0.37746358,0.6225364,-13.223758,-23.01312,-4.991487,-14.326506,-19.317993,4.076638e-09
2,133,228,0.0,0.37746358,0.6225364,-1.1048499,-9.034111,-0.41704062,-5.624063,-6.041104,0.0023732854
2,120,363,0.0,0.37746358,0.6225364,-7.223551,-16.695505,-2.7266273,-10.39356,-13.120188,2.0043522e-06
2,77,369,0.0,0.37746358,0.6225364,0.6074807,-9.217881,0.22930184,-5.7384667,-5.509165,0.0040331557
2,25,436,0.0,0.37746358,0.6225364,-3.448854,-3.4303975,-1.3018168,-2.1355474,-3.437364,0.031147934
2,96,386,0.0,0.37746358,0.6225364,-4.16987,-9.751134,-1.573974,-6.070436,-7.64441,0.00047848353
2,393,57,0.0,0.37746358,0.6225364,-1.6224321,-2.0819516,-0.61240906,-1.2960907,-1.9084997,0.1291495
2,155,406,0.0,0.37746358,0.6225364,-6.422232,-18.163662,-2.4241588,-11.307541,-13.7317,1.0874218e-06
2,310,596,0.0,0.37746358,0.6225364,-9.035193,-13.463092,-3.4104564,-8.381265,-11.791721,7.566886e-06
2,135,254,0.0,0.37746358,0.6225364,-3.4601572,-14.621529,-1.3060833,-9.102434,-10.408518,3.0173454e-05
2,70,122,0.0,0.37746358,0.6225364,1.6396369,-5.127214,0.6189032,-3.1918774,-2.5729742,0.07089814
2,315,19,0.0,0.37746358,0.6225364,-8.0772085,-16.835093,-3.048852,-10.480458,-13.52931,1.3313572e-06
2,167,303,0.0,0.37746358,0.6225364,-8.850734,-19.873932,-3.3408296,-12.372247,-15.713077,1.4993309e-07
2,163,335,0.0,0.37746358,0.6225364,-5.6216598,-16.801956,-2.1219718,-10.459829,-12.581801,3.4339314e-06
2,410,98,0.0,0.37746358,0.6225364,-3.1302402,-10.311728,-1.1815517,-6.419426,-7.600978,0.0004997125
2,215,262,0.0,0.37746358,0.6225364,-3.1694381,-20.210682,-1.1963475,-12.581885,-13.778233,1.0379805e-06
2,245,29,0.0,0.37746358,0.6225364,-3.9567528,-18.123207,-1.49353,-11.282356,-12.775887,2.8281452e-06
2,390,0,0.0,0.37746358,0.6225364,-6.1307454,-15.711935,-2.3141332,-9.781252,-12.095385,5.5852006e-06
2,90,37,0.0,0.37746358,0.6225364,-0.58240426,-18.173481,-0.2198364,-11.313654,-11.53349,9.796357e-06
2,55,456,0.0,0.37746358,0.6225364,-10.317949,-18.382626,-3.89465,-11.443854,-15.338505,2.1805795e-07
2,378,345,0.0,0.37746358,0.6225364,-7.6442084,-17.21088,-2.8854103,-10.714399,-13.59981,1.2407297e-06
2,289,362,0.0,0.37746358,0.6225364,-16.03115,-21.204624,-6.0511756,-13.200651,-19.251827,4.3554964e-09
2,350,204,0.0,0.37746358,0.6225364,-4.2048135,-19.72911,-1.5871639,-12.28209,-13.869254,9.4767415e-07
2,21,454,0.0,0.37746358,0.6225364,-0.6715901,-8.9739,-0.2535008,-5.5865793,-5.8400803,0.002900174
2,165,450,0.0,0.37746358,0.6225364,-7.6293945,-16.343603,-2.8798187,-10.174488,-13.054307,2.1408466e-06
2,260,508,0.0,0.37746358,0.6225364,-4.306357,-6.2473764,-1.6254929,-3.8892193,-5.5147123,0.004010933
2,310,570,0.0,0.37746358,0.6225364,-11.937738,-17.617733,-4.5060616,-10.96768,-15.473742,1.904756e-07
2,168,511,0.0,0.37746358,0.6225364,-4.5618267,-12.499141,-1.7219235,-7.7811704,-9.503094,7.461505e-05
2,372,449,0.0,0.37746358,0.6225364,0.24408372,-9.887993,0.09213271,-6.155636,-6.0635033,0.0023208384
2,297,140,0.0,0.37746358,0.6225364,-10.151427,-17.546598,-3.831794,-10.923396,-14.75519,3.9075294e-07
2,95,492,0.0,0.37746358,0.6225364,-13.320806,-22.687983,-5.028119,-14.124096,-19.152214,4.8117066e-09
2,143,547,0.0,0.37746358,0.6225364,-4.12262,-4.3578563,-1.556139,-2.7129242,-4.269063,0.013801737
2,281,398,0.0,0.37746358,0.6225364,-5.610822,-22.139551,-2.117881,-13.782677,-15.9005575,1.2430127e-07
2,54,407,0.0,0.37746358,0.6225364,-2.5066583,-17.598375,-0.94617224,-10.955629,-11.901802,6.778133e-06
2,345,68,0.0,0.37746358,0.6225364,-8.841149,-23.69386,-3.3372118,-14.75029,-18.087502,1.3953973e-08
2,405,558,0.0,0.37746358,0.6225364,-15.978005,-24.871119,-6.031115,-15.483177,-21.514292,4.5337942e-10
2,73,512,0.0,0.37746358,0.6225364,-6.078421,-16.977905,-2.2943826,-10.569365,-12.863747,2.5902677e-06
2,233,544,0.0,0.37746358,0.6225364,-3.4697042,-14.748292,-1.3096869,-9.181349,-10.491035,2.7783639e-05
2,245,102,0.0,0.37746358,0.6225364,1.442171,-2.0171392,0.544367,-1.2557427,-0.71137565,0.32929492
2,321,613,0.0,0.37746358,0.6225364,-9.542314,-21.620186,-3.6018758,-13.459353,-17.06123,3.894055e-08
2,330,161,0.0,0.37746358,0.6225364,-13.368333,-18.955162,-5.0460587,-11.800279,-16.846336,4.8275755e-08
2,166,8,0.0,0.37746358,0.6225364,-7.236266,-12.290396,-2.731427,-7.651219,-10.382646,3.096427e-05
2,95,131,0.0,0.37746358,0.6225364,-6.7396374,-17.295101,-2.5439677,-10.76683,-13.310799,1.6565053e-06
2,184,584,0.0,0.37746358,0.6225364,-10.971612,-18.170067,-4.141384,-11.311528,-15.452912,1.9448467e-07
2,184,164,0.0,0.37746358,0.6225364,-5.5269217,-13.5414095,-2.0862117,-8.43002,-10.516232,2.7092365e-05
2,56,543,0.0,0.37746358,0.6225364,-8.824489,-12.552952,-3.330923,-7.8146696,-11.145593,1.4438575e-05
2,177,469,0.0,0.37746358,0.6225364,-8.107557,-15.627879,-3.0603075,-9.728924,-12.789231,2.7906553e-06
2,217,26,0.0,0.37746358,0.6225364,-5.3731627,-11.725375,-2.0281732,-7.2994733,-9.327646,8.89234e-05
2,213,309,0.0,0.37746358,0.6225364,-5.4989614,-12.411776,-2.0756576,-7.7267823,-9.80244,5.531342e-05
2,38,432,0.0,0.37746358,0.6225364,-3.9305484,-10.782351,-1.4836389,-6.7124057,-8.196045,0.00027566598
2,336,300,0.0,0.37746358,0.6225364,-9.047818,-7.3429227,-3.415222,-4.5712366,-7.986459,0.0003399205
2,320,212,0.0,0.37746358,0.6225364,-6.8731685,-14.809444,-2.5943708,-9.219419,-11.813789,7.4017303e-06
2,391,71,0.0,0.37746358,0.6225364,0.72508633,-13.007228,0.27369368,-8.097473,-7.8237796,0.00039994653
2,38,80,0.0,0.37746358,0.6225364,-0.8770087,-6.4629455,-0.33103883,-4.023419,-4.354458,0.012686392
2,27,155,0.0,0.37746358,0.6225364,0.6150255,-6.3615584,0.23214974,-3.9603019,-3.728152,0.023472989
2,186,561,0.0,0.37746358,0.6225364,-3.2605615,-21.29681,-1.2307432,-13.25804,-14.488784,5.100361e-07
2,260,201,0.0,0.37746358,0.6225364,-6.280914,-5.413446,-2.3708162,-3.3700674,-5.740884,0.0032016449
2,342,107,0.0,0.37746358,0.6225364,-6.512141,-11.3660345,-2.458096,-7.0757704,-9.533867,7.2354036e-05
2,266,95,0.0,0.37746358,0.6225364,-7.6294174,-9.075048,-2.8798273,-5.649548,-8.529375,0.00019753937
2,44,640,0.0,0.37746358,0.6225364,-3.3248093,-11.840104,-1.2549944,-7.370896,-8.625891,0.00017936816
2,414,106,0.0,0.37746358,0.6225364,-1.2160976,-13.631869,-0.45903254,-8.486335,-8.945368,0.00013032254
2,161,485,0.0,0.37746358,0.6225364,-5.8416734,-16.907698,-2.205019,-10.525658,-12.730677,2.9589394e-06
2,245,171,0.0,0.37746358,0.6225364,-8.217689,-24.731342,-3.1018782,-15.396161,-18.49804,9.255579e-09
2,288,547,0.0,0.37746358,0.6225364,-14.814097,-16.015938,-5.591782,-9.970505,-15.562286,1.743351e-07
2,73,152,0.0,0.37746358,0.6225364,-8.9863615,-14.481669,-3.3920243,-9.015367,-12.407391,4.0882455e-06
2,198,444,0.0,0.37746358,0.6225364,-8.042071,-17.615433,-3.035589,-10.9662485,-14.001838,8.300013e-07
2,407,579,0.0,0.37746358,0.6225364,-13.614312,-18.752626,-5.138907,-11.674193,-16.8131,4.9907182e-08
2,316,234,0.0,0.37746358,0.6225364,-7.5504727,-11.930953,-2.8500285,-7.4274526,-10.277481,3.4397886e-05
2,251,608,0.0,0.37746358,0.6225364,-7.6694083,-12.768512,-2.8949223,-7.9488635,-10.843786,1.9525178e-05
2,278,253,0.0,0.37746358,0.6225364,-1.2680618,-11.755385,-0.47864714,-7.318156,-7.796803,0.00041087813
2,350,621,0.0,0.37746358,0.6225364,-4.6818542,-12.922816,-1.7672294,-8.044924,-9.812153,5.477878e-05
2,382,448,0.0,0.37746358,0.6225364,-5.5091534,-24.915329,-2.0795047,-15.510699,-17.590204,2.2944118e-08
2,52,605,0.0,0.37746358,0.6225364,0.3380106,-12.923489,0.1275867,-8.045342,-7.9177556,0.00036408627
2,176,280,0.0,0.37746358,0.6225364,-8.634649,-14.790089,-3.2592657,-9.207369,-12.466635,3.8530766e-06
2,132,121,0.0,0.37746358,0.6225364,-7.727842,-15.214742,-2.9169788,-9.471731,-12.38871,4.165334e-06
2,226,645,0.0,0.37746358,0.6225364,-6.204909,-19.353485,-2.342127,-12.048249,-14.390376,5.627802e-07
2,382,48,0.0,0.37746358,0.6225364,-2.5050707,-11.885496,-0.945573,-7.399154,-8.3447275,0.00023758976
2,216,512,0.0,0.37746358,0.6225364,-9.04409,-18.06707,-3.4138148,-11.247409,-14.661223,4.2925106e-07
2,192,552,0.0,0.37746358,0.6225364,-5.5337954,-20.928232,-2.0888062,-13.028586,-15.117393,2.720193e-07
2,243,397,0.0,0.37746358,0.6225364,-4.031727,-8.038785,-1.5218301,-5.0044365,-6.5262666,0.0014623216
2,333,409,0.0,0.37746358,0.6225364,-6.7563415,-26.310535,-2.550273,-16.379267,-18.929539,6.0118173e-09
2,136,318,0.0,0.37746358,0.6225364,-4.8168592,-15.7732,-1.8181889,-9.819391,-11.63758,8.827941e-06
2,282,554,0.0,0.37746358,0.6225364,-4.811018,-15.553948,-1.815984,-9.682899,-11.498883,1.014131e-05
2,281,452,0.0,0.37746358,0.6225364,0.28302836,-16.313494,0.1068329,-10.155744,-10.048911,4.323093e-05
2,270,96,0.0,0.37746358,0.6225364,-11.562848,-20.002068,-4.364554,-12.452016,-16.81657,4.973433e-08
2,297,386,0.0,0.37746358,0.6225364,-10.084,-12.791714,-3.8063426,-7.963308,-11.76965,7.735749e-06
2,195,238,0.0,0.37746358,0.6225364,-5.9037104,-18.05977,-2.2284358,-11.242865,-13.4713,1.4108734e-06
2,301,611,0.0,0.37746358,0.6225364,-7.6474056,-17.951853,-2.8866172,-11.175682,-14.0623,7.813048e-07
2,149,520,0.0,0.37746358,0.6225364,-5.0291877,-7.939696,-1.8983352,-4.94275,-6.8410854,0.0010678011
2,59,439,0.0,0.37746358,0.6225364,-11.376428,-11.732154,-4.294187,-7.3036933,-11.59788,9.185453e-06
2,311,353,0.0,0.37746358,0.6225364,-12.419429,-17.972778,-4.687882,-11.188709,-15.876591,1.2731637e-07
2,330,58,0.0,0.37746358,0.6225364,-13.743192,-20.269234,-5.1875544,-12.618337,-17.805891,1.8492676e-08
2,329,208,0.0,0.37746358,0.6225364,-14.306311,-20.364437,-5.400111,-12.677604,-18.077715,1.40912055e-08
2,401,74,0.0,0.37746358,0.6225364,-3.542495,-12.034833,-1.3371629,-7.4921217,-8.829285,0.00014636149
2,194,300,0.0,0.37746358,0.6225364,-0.56157815,-3.8967862,-0.2119753,-2.4258914,-2.6378667,0.06674078
2,402,180,0.0,0.37746358,0.6225364,-9.727312,-11.667327,-3.671706,-7.263336,-10.935042,1.7822298e-05
2,413,543,0.0,0.37746358,0.6225364,-7.384763,-13.631439,-2.787479,-8.486068,-11.273546,1.2704441e-05
2,5,153,0.0,0.37746358,0.6225364,-3.1247213,-9.755464,-1.1794685,-6.0731316,-7.2526,0.0007078288
2,34,340,0.0,0.37746358,0.6225364,-2.8240032,-6.575192,-1.0659584,-4.0932965,-5.159255,0.0057131513
2,344,399,0.0,0.37746358,0.6225364,-6.03082,-21.745325,-2.2764149,-13.537257,-15.813672,1.355843e-07
2,127,422,0.0,0.37746358,0.6225364,-5.383376,-21.089672,-2.0320284,-13.129089,-15.161118,2.603815e-07
2,305,552,0.0,0.37746358,0.6225364,-13.965497,-17.182667,-5.2714663,-10.6968355,-15.968302,1.1615946e-07
2,361,392,0.0,0.37746358,0.6225364,-4.4691696,-6.3598886,-1.6869488,-3.9592624,-5.646211,0.003518446
2,18,110,0.0,0.37746358,0.6225364,0.8693414,-0.36079395,0.3281447,-0.22460738,0.10353732,0.52586126
2,155,174,0.0,0.37746358,0.6225364,-7.136813,-13.164613,-2.693887,-8.195451,-10.889338,1.865575e-05
2,76,575,0.0,0.37746358,0.6225364,-7.432392,-10.964168,-2.8054574,-6.8255935,-9.631051,6.5653694e-05
2,244,529,0.0,0.37746358,0.6225364,-5.422876,-11.570931,-2.0469382,-7.203326,-9.250264,9.6077034e-05
2,144,306,0.0,0.37746358,0.6225364,-5.2519226,-12.848372,-1.9824095,-7.99858,-9.980989,4.6269117e-05
2,290,117,0.0,0.37746358,0.6225364,-8.058232,-6.6443954,-3.0416892,-4.1363783,-7.178067,0.0007625595
2,28,421,0.0,0.37746358,0.6225364,1.574772,-2.808967,0.59441906,-1.7486843,-1.1542652,0.2397109
2,301,71,0.0,0.37746358,0.6225364,2.1761343,-6.330644,0.82141143,-3.9410565,-3.119645,0.042304147
2,259,353,0.0,0.37746358,0.6225364,-10.303459,-14.383544,-3.8891807,-8.95428,-12.84346,2.643352e-06
2,34,459,0.0,0.37746358,0.6225364,-4.106745,-14.965196,-1.5501466,-9.31638,-10.866526,1.9086205e-05
2,377,291,0.0,0.37746358,0.6225364,-5.8940263,-16.820065,-2.2247803,-10.471103,-12.695883,3.063704e-06
2,78,129,0.0,0.37746358,0.6225364,-8.509171,-15.047143,-3.211902,-9.367394,-12.579296,3.4425448e-06
2,165,138,0.0,0.37746358,0.6225364,-7.1306677,-9.574399,-2.6915674,-5.960412,-8.651979,0.00017474999
2,327,225,0.0,0.37746358,0.6225364,-14.414989,-23.622757,-5.4411335,-14.706027,-20.14716,1.7790974e-09
2,301,583,0.0,0.37746358,0.6225364,-11.194129,-13.838918,-4.225376,-8.615231,-12.840607,2.6509051e-06
2,286,571,0.0,0.37746358,0.6225364,-8.193509,-21.478798,-3.0927513,-13.371334,-16.464085,7.075202e-08
2,117,152,0.0,0.37746358,0.6225364,-7.39619,-5.616906,-2.7917924,-3.4967287,-6.288521,0.0018540616
2,256,565,0.0,0.37746358,0.6225364,-13.232408,-17.549595,-4.994752,-10.925262,-15.920014,1.2190614e-07
2,408,135,0.0,0.37746358,0.6225364,-5.438672,-22.71119,-2.0529006,-14.138542,-16.191442,9.292784e-08
2,194,537,0.0,0.37746358,0.6225364,-8.32913,-15.189687,-3.1439433,-9.456133,-12.600077,3.3717456e-06
2,344,238,0.0,0.37746358,0.6225364,-5.8167706,-20.427475,-2.195619,-12.716847,-14.912466,3.338859e-07
2,148,264,0.0,0.37746358,0.6225364,-2.4778526,-6.410276,-0.9352991,-3.9906301,-4.925929,0.007203712
2,288,345,0.0,0.37746358,0.6225364,-6.6039295,-15.38527,-2.4927428,-9.577891,-12.070634,5.7251623e-06
2,236,575,0.0,0.37746358,0.6225364,-6.6510196,-17.055103,-2.5105176,-10.617423,-13.127941,1.9888716e-06
2,248,457,0.0,0.37746358,0.6225364,-6.322903,-19.183592,-2.3866656,-11.942485,-14.32915,5.983136e-07
2,140,600,0.0,0.37746358,0.6225364,-7.4678926,-15.123147,-2.8188574,-9.41471,-12.233567,4.864376e-06
2,338,345,0.0,0.37746358,0.6225364,-6.118971,-20.63233,-2.3096886,-12.844377,-15.154065,2.6222435e-07
2,182,425,0.0,0.37746358,0.6225364,-2.9233568,-17.040848,-1.1034607,-10.608548,-11.712008,8.194751e-06
2,51,462,0.0,0.37746358,0.6225364,-6.3523607,-5.1341,-2.3977847,-3.1961641,-5.593949,0.0037065186
2,390,322,0.0,0.37746358,0.6225364,-7.783357,-18.06181,-2.937934,-11.244134,-14.182068,6.9311596e-07
2,309,442,0.0,0.37746358,0.6225364,-12.107314,-19.550283,-4.5700703,-12.170763,-16.740833,5.3647376e-08
2,25,287,0.0,0.37746358,0.6225364,-1.6481467,-5.322682,-0.6221154,-3.3135633,-3.9356787,0.019158231
2,60,233,0.0,0.37746358,0.6225364,-1.5957488,-5.8610244,-0.60233706,-3.6487012,-4.251038,0.014049241
2,167,33,0.0,0.37746358,0.6225364,-5.849354,-14.167397,-2.207918,-8.81972,-11.027638,1.6246147e-05
2,125,24,0.0,0.37746358,0.6225364,-5.0408864,-8.911317,-1.902751,-5.5476193,-7.4503703,0.0005808887
2,59,616,0.0,0.37746358,0.6225364,-3.9682624,-6.233864,-1.4978745,-3.8808072,-5.3786817,0.00459271
2,412,418,0.0,0.37746358,0.6225364,-2.3098865,-13.158744,-0.871898,-8.191797,-9.063695,0.00011578093
2,70,204,0.0,0.37746358,0.6225364,-3.9754791,-8.969751,-1.5005985,-5.583997,-7.084595,0.00083721237
2,310,171,0.0,0.37746358,0.6225364,-12.334152,-21.76094,-4.655693,-13.546978,-18.202671,1.2435991e-08
2,208,223,0.0,0.37746358,0.6225364,-4.4592643,-16.310577,-1.6832099,-10.153929,-11.837139,7.230905e-06
2,182,583,0.0,0.37746358,0.6225364,-4.2917852,-5.8006997,-1.6199926,-3.611147,-5.2311397,0.0053189844
2,329,353,0.0,0.37746358,0.6225364,-13.971724,-22.153694,-5.2738166,-13.791481,-19.065298,5.2486335e-09
2,240,568,0.0,0.37746358,0.6225364,-10.563924,-16.576769,-3.9874966,-10.319642,-14.307138,6.1162956e-07
2,113,614,0.0,0.37746358,0.6225364,-8.778985,-12.279305,-3.3137472,-7.644315,-10.958062,1.7416723e-05
2,394,338,0.0,0.37746358,0.6225364,-3.016742,-14.210656,-1.1387103,-8.846651,-9.985361,4.60673e-05
2,68,404,0.0,0.37746358,0.6225364,-9.839401,-13.194613,-3.7140157,-8.214128,-11.9281435,6.601919e-06
2,76,200,0.0,0.37746358,0.6225364,0.2895139,-4.997515,0.10928095,-3.1111352,-3.0018542,0.047342177
2,287,345,0.0,0.37746358,0.6225364,-6.712931,-16.034986,-2.533887,-9.982363,-12.51625,3.666572e-06
2,241,506,0.0,0.37746358,0.6225364,-12.710683,-19.016714,-4.7978196,-11.838597,-16.636417,5.9551912e-08
2,251,34,0.0,0.37746358,0.6225364,-13.789902,-18.32375,-5.205186,-11.407202,-16.612389,6.10002e-08
2,364,61,0.0,0.37746358,0.6225364,-14.984633,-17.668089,-5.656153,-10.999029,-16.655182,5.8444876e-08
2,302,225,0.0,0.37746358,0.6225364,-14.592084,-21.171747,-5.5079803,-13.180183,-18.688164,7.653034e-09
2,31,498,0.0,0.37746358,0.6225364,-1.3298118,-4.806416,-0.5019555,-2.9921691,-3.4941247,0.029479863
2,43,470,0.0,0.37746358,0.6225364,0.012827203,-3.2459402,0.0048418017,-2.020716,-2.0158741,0.11754629
2,11,345,0.0,0.37746358,0.6225364,-2.1442356,-13.637807,-0.8093709,-8.490031,-9.299402,9.147052e-05
2,153,254,0.0,0.37746358,0.6225364,-6.185769,-15.534177,-2.3349025,-9.67059,-12.005493,6.1105166e-06
2,114,511,0.0,0.37746358,0.6225364,-2.9598053,-10.220674,-1.1172187,-6.3627415,-7.4799604,0.0005639615
2,383,281,0.0,0.37746358,0.6225364,-1.5230329,-4.4024997,-0.5748894,-2.7407165,-3.3156059,0.03503968
2,304,185,0.0,0.37746358,0.6225364,-7.9276714,-19.389664,-2.9924073,-12.070772,-15.063179,2.8717346e-07
2,237,2,0.0,0.37746358,0.6225364,-3.2074718,-17.719954,-1.2107038,-11.031317,-12.242021,4.823429e-06
2,23,285,0.0,0.37746358,0.6225364,2.125335,-0.8022303,0.80223656,-0.49941757,0.30281898,0.5751315
2,265,473,0.0,0.37746358,0.6225364,-8.124806,-13.23429,-3.0668185,-8.238828,-11.305646,1.2303111e-05
2,233,217,0.0,0.37746358,0.6225364,0.06065567,-15.269473,0.022895306,-9.505803,-9.482908,7.613638e-05
2,158,103,0.0,0.37746358,0.6225364,-11.478894,-17.031471,-4.3328643,-10.602711,-14.9355755,3.262585e-07
2,282,283,0.0,0.37746358,0.6225364,-5.4977856,-20.782906,-2.075214,-12.938116,-15.01333,3.0185146e-07
2,348,240,0.0,0.37746358,0.6225364,-9.301737,-18.79887,-3.511067,-11.702981,-15.214048,2.4695774e-07
2,66,522,0.0,0.37746358,0.6225364,-1.4534354,-10.176172,-0.5486189,-6.3350377,-6.8836565,0.0010233432
2,207,538,0.0,0.37746358,0.6225364,-7.8954873,-16.645624,-2.980259,-10.362507,-13.342766,1.6043892e-06
2,292,99,0.0,0.37746358,0.6225364,-4.698301,-9.015357,-1.7734375,-5.612388,-7.3858256,0.0006195944
2,12,20,0.0,0.37746358,0.6225364,-0.82750416,-1.2777187,-0.3123527,-0.7954264,-1.1077791,0.24828516
2,327,409,0.0,0.37746358,0.6225364,-6.843926,-27.890362,-2.5833328,-17.362766,-19.946098,2.1753022e-09
2,335,120,0.0,0.37746358,0.6225364,-11.255341,-12.889006,-4.2484813,-8.023875,-12.272356,4.679306e-06
2,356,176,0.0,0.37746358,0.6225364,-6.7588573,-16.918243,-2.5512226,-10.532223,-13.083446,2.0793657e-06
2,291,47,0.0,0.37746358,0.6225364,-10.704173,-21.363312,-4.0404353,-13.299439,-17.339874,2.9470554e-08
2,263,599,0.0,0.37746358,0.6225364,-4.5194883,-13.000522,-1.7059423,-8.093298,-9.79924,5.5490673e-05
2,97,105,0.0,0.37746358,0.6225364,-4.531465,-7.47078,-1.710463,-4.6508327,-6.3612957,0.0017241497
2,47,496,0.0,0.37746358,0.6225364,-5.523532,-13.010579,-2.084932,-8.09956,-10.184492,3.7749818e-05
2,210,574,0.0,0.37746358,0.6225364,-8.41665,-16.293934,-3.1769788,-10.143567,-13.320546,1.6404373e-06
2,75,399,0.0,0.37746358,0.6225364,-1.4179455,-5.9980254,-0.53522277,-3.7339892,-4.269212,0.013799712
2,71,557,0.0,0.37746358,0.6225364,-5.0882883,-19.040968,-1.9206436,-11.853696,-13.77434,1.0420291e-06
2,94,226,0.0,0.37746358,0.6225364,-9.208842,-14.166245,-3.4760025,-8.819004,-12.295007,4.5745087e-06
2,81,561,0.0,0.37746358,0.6225364,-3.303793,-21.823652,-1.2470615,-13.586019,-14.83308,3.614722e-07
2,151,374,0.0,0.37746358,0.6225364,-10.308118,-14.590389,-3.890939,-9.083049,-12.973988,2.319892e-06
2,239,283,0.0,0.37746358,0.6225364,-8.839119,-20.611614,-3.3364456,-12.831481,-16.167927,9.5138994e-08
2,403,619,0.0,0.37746358,0.6225364,-10.419308,-20.878632,-3.9329093,-12.997708,-16.930618,4.4373724e-08
2,403,483,0.0,0.37746358,0.6225364,-9.153831,-15.163278,-3.4552376,-9.4396925,-12.89493,2.5107418e-06
2,163,273,0.0,0.37746358,0.6225364,-6.1856985,-8.16081,-2.3348758,-5.080402,-7.4152775,0.00060162315
2,31,605,0.0,0.37746358,0.6225364,-0.43112236,-9.2729845,-0.16273299,-5.7727704,-5.9355035,0.0026369195
2,26,588,0.0,0.37746358,0.6225364,-4.4269924,-14.464683,-1.6710284,-9.004791,-10.675819,2.30962e-05
2,400,260,0.0,0.37746358,0.6225364,-1.1698759,-16.720737,-0.44158554,-10.409268,-10.850854,1.9387668e-05
2,150,546,0.0,0.37746358,0.6225364,-0.73613286,-12.307421,-0.27786335,-7.6618176,-7.939681,0.00035619317
2,298,429,0.0,0.37746358,0.6225364,-10.131459,-18.78032,-3.824257,-11.691433,-15.51569,1.8265074e-07
2,225,245,0.0,0.37746358,0.6225364,-1.9009048,-11.32941,-0.7175223,-7.05297,-7.770492,0.00042182757
2,401,613,0.0,0.37746358,0.6225364,-8.018734,-12.950757,-3.0267801,-8.062318,-11.089098,1.5277745e-05
2,24,293,0.0,0.37746358,0.6225364,-0.41723967,-1.2435504,-0.15749277,-0.77415544,-0.9316482,0.28259045
2,16,27,0.0,0.37746358,0.6225364,1.5026355,-1.8265246,0.5671902,-1.137078,-0.5698879,0.3612627
2,230,216,0.0,0.37746358,0.6225364,-7.8137093,-10.165797,-2.9493906,-6.328579,-9.277969,9.3451985e-05
2,311,277,0.0,0.37746358,0.6225364,1.6593785,3.4669962,0.62635493,2.1583314,2.7846863,0.9418426
2,102,0,0.0,0.37746358,0.6225364,-0.35750002,-8.405942,-0.13494323,-5.233005,-5.367948,0.004642042
2,354,33,0.0,0.37746358,0.6225364,-7.7110505,-14.009148,-2.9106407,-8.721205,-11.631845,8.878709e-06
2,45,149,0.0,0.37746358,0.6225364,-2.9245381,-4.426245,-1.1039066,-2.755499,-3.8594055,0.020645315
2,22,316,0.0,0.37746358,0.6225364,-2.7222388,-9.361459,-1.027546,-5.827849,-6.855395,0.0010526462
2,385,6,0.0,0.37746358,0.6225364,-6.445353,-22.080128,-2.4328861,-13.745684,-16.17857,9.4131806e-08
2,336,439,0.0,0.37746358,0.6225364,-8.881236,-12.797595,-3.352343,-7.966969,-11.319312,1.2136123e-05
2,235,108,0.0,0.37746358,0.6225364,-13.019192,-20.07962,-4.914271,-12.500295,-17.414566,2.7349541e-08
2,161,18,0.0,0.37746358,0.6225364,-3.7506363,-10.794145,-1.4157286,-6.719748,-8.135477,0.00029287345
2,281,143,0.0,0.37746358,0.6225364,-4.2613363,-18.188274,-1.6084993,-11.322864,-12.931363,2.4209137e-06
2,116,9,0.0,0.37746358,0.6225364,-5.139584,-14.959426,-1.9400058,-9.312787,-11.252792,1.2970859e-05
2,382,421,0.0,0.37746358,0.6225364,-6.7092195,-18.319593,-2.532486,-11.404614,-13.9371,8.8551064e-07
2,134,174,0.0,0.37746358,0.6225364,-5.459462,-18.053982,-2.060748,-11.239262,-13.30001,1.6744741e-06
2,172,450,0.0,0.37746358,0.6225364,-6.6274548,-16.036264,-2.5016227,-9.983159,-12.484781,3.7837874e-06
2,343,104,0.0,0.37746358,0.6225364,-15.3646,-16.926674,-5.7995768,-10.537471,-16.337048,8.033603e-08
2,306,349,0.0,0.37746358,0.6225364,-9.278586,-12.24994,-3.5023284,-7.626034,-11.128363,1.4689504e-05
2,19,76,0.0,0.37746358,0.6225364,-5.7461843,-12.394622,-2.1689754,-7.7161036,-9.885078,5.092639e-05
2,405,335,0.0,0.37746358,0.6225364,-8.787709,-18.930164,-3.3170402,-11.784717,-15.101757,2.7630588e-07
2,232,4,0.0,0.37746358,0.6225364,-5.925494,-12.507778,-2.2366583,-7.7865477,-10.023206,4.435655e-05
2,207,144,0.0,0.37746358,0.6225364,-0.44771445,-3.2292938,-0.1689959,-2.010353,-2.179349,0.101620354
2,192,6,0.0,0.37746358,0.6225364,-1.205597,-20.20629,-0.45506898,-12.579151,-13.03422,2.1842852e-06
2,89,191,0.0,0.37746358,0.6225364,-3.570307,-17.053734,-1.3476609,-10.61657,-11.9642315,6.3679186e-06
2,365,499,0.0,0.37746358,0.6225364,-10.2331705,-10.120681,-3.8626492,-6.3004923,-10.163141,3.8564445e-05
2,69,544,0.0,0.37746358,0.6225364,-0.8469554,-13.587653,-0.31969482,-8.458809,-8.778503,0.00015398467
2,189,293,0.0,0.37746358,0.6225364,-6.173406,-18.16721,-2.330236,-11.30975,-13.639986,1.1918697e-06
2,178,70,0.0,0.37746358,0.6225364,1.2353611,-0.28268096,0.46630383,-0.1759792,0.29032463,0.5720756
2,341,202,0.0,0.37746358,0.6225364,-7.1777596,-16.142937,-2.709343,-10.049566,-12.758909,2.8765696e-06
2,73,416,0.0,0.37746358,0.6225364,-7.4395995,-16.4995,-2.808178,-10.27154,-13.079718,2.0871319e-06
2,6,67,0.0,0.37746358,0.6225364,-1.3078337,-5.715738,-0.4936596,-3.558255,-4.0519147,0.017091839
2,181,550,0.0,0.37746358,0.6225364,-5.5804644,-12.815125,-2.106422,-7.9778824,-10.084305,4.1727653e-05
2,72,376,0.0,0.37746358,0.6225364,-0.1879173,-11.807926,-0.07093194,-7.350864,-7.421796,0.00059771666
2,380,150,0.0,0.37746358,0.6225364,-6.4216614,-14.107868,-2.4239433,-8.782661,-11.206605,1.3583992e-05
2,64,163,0.0,0.37746358,0.6225364,0.64795476,-6.1223164,0.24457933,-3.811365,-3.5667856,0.027470557
2,331,376,0.0,0.37746358,0.6225364,-13.8501425,-20.282894,-5.2279243,-12.626841,-17.854765,1.7610597e-08
2,109,32,0.0,0.37746358,0.6225364,-9.7455,-4.551698,-3.6785712,-2.833598,-6.512169,0.0014830522
2,104,384,0.0,0.37746358,0.6225364,-3.6322505,-6.4079995,-1.3710423,-3.989213,-5.3602552,0.004677722
2,53,563,0.0,0.37746358,0.6225364,-10.959769,-12.711702,-4.136914,-7.9134974,-12.050411,5.8421188e-06
2,53,629,0.0,0.37746358,0.6225364,-8.299271,-15.050614,-3.1326723,-9.369555,-12.502228,3.7183463e-06
2,212,304,0.0,0.37746358,0.6225364,-9.753573,-12.752461,-3.6816187,-7.938872,-11.620491,8.980095e-06
2,388,96,0.0,0.37746358,0.6225364,-7.754463,-20.926857,-2.9270275,-13.027731,-15.954759,1.1774333e-07
2,388,326,0.0,0.37746358,0.6225364,-6.1162806,-18.294193,-2.3086731,-11.388802,-13.6974745,1.1252835e-06
2,398,250,0.0,0.37746358,0.6225364,-3.93359,-15.465764,-1.484787,-9.628001,-11.112788,1.4920072e-05
2,108,530,0.0,0.37746358,0.6225364,-5.0856175,-13.211569,-1.9196354,-8.224683,-10.144319,3.9297178e-05
2,388,290,0.0,0.37746358,0.6225364,-6.5704174,-9.337106,-2.4800932,-5.8126884,-8.292782,0.00025025452
2,234,240,0.0,0.37746358,0.6225364,-2.100485,-8.948087,-0.79285663,-5.57051,-6.3633666,0.0017205889
2,342,71,0.0,0.37746358,0.6225364,4.795427,-0.9654473,1.810099,-0.6010261,1.2090728,0.77013487
2,139,256,0.0,0.37746358,0.6225364,-2.4111276,-7.2664084,-0.91011286,-4.523604,-5.433717,0.0043478487
2,337,461,0.0,0.37746358,0.6225364,-7.4236536,-3.647284,-2.8021588,-2.2705672,-5.0727262,0.006226307
2,192,227,0.0,0.37746358,0.6225364,-2.8184118,-16.342194,-1.0638478,-10.173611,-11.237458,1.3171285e-05
2,399,379,0.0,0.37746358,0.6225364,-6.5075555,-20.219397,-2.456365,-12.587311,-15.043676,2.928291e-07
2,9,181,0.0,0.37746358,0.6225364,0.26831383,-0.76570445,0.1012787,-0.4766789,-0.37540022,0.40723678
2,320,0,0.0,0.37746358,0.6225364,-7.6120725,-16.558588,-2.87328,-10.308324,-13.181604,1.8849557e-06
2,310,571,0.0,0.37746358,0.6225364,-10.896321,-18.79493,-4.1129646,-11.700528,-15.813493,1.3560862e-07
2,170,514,0.0,0.37746358,0.6225364,-3.8198261,-14.165042,-1.4418453,-8.818254,-10.260099,3.5000983e-05
2,66,486,0.0,0.37746358,0.6225364,0.675531,-10.551592,0.25498837,-6.5687504,-6.313762,0.0018079317
2,189,178,0.0,0.37746358,0.6225364,-5.098886,-20.595093,-1.9246438,-12.821196,-14.745839,3.9442392e-07
2,141,607,0.0,0.37746358,0.6225364,-7.5757265,-13.56831,-2.8595607,-8.446767,-11.306328,1.2294726e-05
2,261,621,0.0,0.37746358,0.6225364,-8.973632,-16.68103,-3.3872192,-10.384549,-13.771769,1.0447117e-06
2,309,357,0.0,0.37746358,0.6225364,-11.446061,-17.211067,-4.3204713,-10.714517,-15.034988,2.9538427e-07
2,377,220,0.0,0.37746358,0.6225364,-1.8742349,-7.129263,-0.7074554,-4.4382257,-5.1456814,0.005790776
2,46,489,0.0,0.37746358,0.6225364,0.28054273,-11.871125,0.10589466,-7.390208,-7.284313,0.00068574876
2,379,24,0.0,0.37746358,0.6225364,-4.6343985,-7.335898,-1.7493166,-4.5668635,-6.31618,0.0018035732
2,310,337,0.0,0.37746358,0.6225364,-13.418954,-14.374997,-5.0651665,-8.948959,-14.014126,8.198647e-07
2,51,543,0.0,0.37746358,0.6225364,-8.746369,-10.559291,-3.301436,-6.573543,-9.874979,5.144329e-05
2,208,636,0.0,0.37746358,0.6225364,-1.0565594,-10.546369,-0.3988127,-6.5654984,-6.964311,0.0009441215
2,167,620,0.0,0.37746358,0.6225364,-10.00662,-22.84866,-3.7771347,-14.224123,-18.001257,1.5210848e-08
2,398,576,0.0,0.37746358,0.6225364,-2.6147482,-17.207027,-0.9869722,-10.712001,-11.698973,8.302275e-06
2,313,268,0.0,0.37746358,0.6225364,-7.738369,-23.061703,-2.9209526,-14.35675,-17.277702,3.1360948e-08
2,183,305,0.0,0.37746358,0.6225364,-2.0567958,-7.7442956,-0.7763655,-4.821106,-5.597471,0.0036935336
2,335,500,0.0,0.37746358,0.6225364,-9.959269,-22.493462,-3.7592611,-14.002999,-17.76226,1.9317383e-08
2,75,304,0.0,0.37746358,0.6225364,-6.1037703,-6.0101743,-2.303951,-3.7415524,-6.0455036,0.002362891
2,71,307,0.0,0.37746358,0.6225364,-3.968958,-12.133658,-1.498137,-7.553644,-9.051781,0.00011716845
2,345,473,0.0,0.37746358,0.6225364,-4.534849,-21.182318,-1.7117404,-13.186765,-14.898505,3.3857995e-07
2,272,473,0.0,0.37746358,0.6225364,-5.5537643,-20.080425,-2.0963438,-12.500796,-14.59714,4.576593e-07
2,185,297,0.0,0.37746358,0.6225364,-9.006484,-5.9358373,-3.3996196,-3.6952748,-7.0948944,0.0008286411
2,325,554,0.0,0.37746358,0.6225364,-4.481036,-16.896858,-1.691428,-10.518909,-12.210338,4.9786954e-06
2,199,525,0.0,0.37746358,0.6225364,-11.36481,-20.187763,-4.289802,-12.567617,-16.85742,4.7743637e-08
2,395,617,0.0,0.37746358,0.6225364,-13.216864,-16.58331,-4.9888844,-10.323714,-15.312599,2.2378066e-07
2,44,381,0.0,0.37746358,0.6225364,3.3405974,-1.9585369,1.2609539,-1.2192606,0.04169333,0.5104218
2,279,569,0.0,0.37746358,0.6225364,-11.961537,-23.476368,-4.5150447,-14.614894,-19.129938,4.9200946e-09
2,266,607,0.0,0.37746358,0.6225364,-13.844142,-14.88721,-5.2256594,-9.26783,-14.493489,5.0764174e-07
2,222,133,0.0,0.37746358,0.6225364,-8.578704,-16.223299,-3.2381482,-10.099594,-13.337742,1.6124699e-06
2,354,502,0.0,0.37746358,0.6225364,-4.9123354,-15.199082,-1.8542277,-9.461983,-11.316211,1.21738185e-05
2,308,581,0.0,0.37746358,0.6225364,-10.221335,-22.965137,-3.858182,-14.296635,-18.154816,1.304559e-08
2,220,615,0.0,0.37746358,0.6225364,-1.2821275,-14.281504,-0.48395643,-8.890757,-9.374713,8.483539e-05
2,50,356,0.0,0.37746358,0.6225364,-10.5468645,-11.65861,-3.9810572,-7.25791,-11.238967,1.3151429e-05
2,55,379,0.0,0.37746358,0.6225364,-8.846836,-12.856133,-3.3393583,-8.003411,-11.34277,1.1854755e-05
2,361,213,0.0,0.37746358,0.6225364,-3.1501098,-9.360196,-1.1890517,-5.827063,-7.0161147,0.0008965006
2,138,482,0.0,0.37746358,0.6225364,-7.285919,-19.035479,-2.750169,-11.850279,-14.600448,4.561482e-07
2,165,221,0.0,0.37746358,0.6225364,-8.105857,-14.173138,-3.0596657,-8.823295,-11.88296,6.907055e-06
2,45,491,0.0,0.37746358,0.6225364,-5.9132466,-8.256153,-2.2320352,-5.139756,-7.3717914,0.0006283458
2,144,358,0.0,0.37746358,0.6225364,-1.8251735,-5.9926934,-0.68893653,-3.73067,-4.4196067,0.011895753
2,168,85,0.0,0.37746358,0.6225364,-6.371373,-15.368874,-2.4049613,-9.567683,-11.972645,6.3145685e-06
2,171,430,0.0,0.37746358,0.6225364,-8.764264,-19.196217,-3.3081906,-11.950344,-15.258534,2.3621234e-07
2,91,33,0.0,0.37746358,0.6225364,-0.9032655,-3.202527,-0.34094983,-1.9936898,-2.3346395,0.08829447
2,15,517,0.0,0.37746358,0.6225364,-8.247184,-17.135178,-3.1130116,-10.667273,-13.780284,1.0358534e-06
2,48,319,0.0,0.37746358,0.6225364,-4.0666203,-12.094168,-1.535001,-7.52906,-9.064061,0.00011573853
2,303,95,0.0,0.37746358,0.6225364,-11.59504,-14.369364,-4.3767056,-8.945453,-13.322159,1.6377937e-06
2,130,50,0.0,0.37746358,0.6225364,-6.4787474,-5.9767942,-2.445491,-3.720772,-6.166263,0.0020946683
2,269,208,0.0,0.37746358,0.6225364,-9.845244,-23.622807,-3.716221,-14.706058,-18.42228,9.984027e-09
2,189,281,0.0,0.37746358,0.6225364,-4.3180447,-21.976376,-1.6299046,-13.681094,-15.310999,2.2413906e-07
2,197,196,0.0,0.37746358,0.6225364,-3.2679396,-19.139433,-1.2335281,-11.914994,-13.148522,1.9483564e-06
2,383,182,0.0,0.37746358,0.6225364,-7.5246425,-11.879118,-2.8402784,-7.3951836,-10.235462,3.5873993e-05
2,277,238,0.0,0.37746358,0.6225364,-4.962531,-20.745026,-1.8731748,-12.914534,-14.787708,3.7825066e-07
2,73,20,0.0,0.37746358,0.6225364,-9.006858,-15.246415,-3.3997607,-9.491448,-12.891209,2.520102e-06
2,202,648,0.0,0.37746358,0.6225364,-5.788063,-16.867104,-2.184783,-10.500386,-12.685169,3.0967035e-06
2,332,528,0.0,0.37746358,0.6225364,-11.578494,-22.407345,-4.37046,-13.9493885,-18.319849,1.1060904e-08
2,177,332,0.0,0.37746358,0.6225364,-10.108321,-15.374423,-3.8155231,-9.571138,-13.386662,1.5354868e-06
2,232,30,0.0,0.37746358,0.6225364,-15.8558855,-9.237687,-5.985019,-5.750797,-11.735816,8.001961e-06
2,302,495,0.0,0.37746358,0.6225364,-14.757577,-20.859669,-5.570448,-12.985904,-18.55635,8.731307e-09
2,316,555,0.0,0.37746358,0.6225364,-8.435879,-21.58221,-3.184237,-13.435712,-16.61995,6.0540735e-08
2,243,552,0.0,0.37746358,0.6225364,-4.661126,-10.984033,-1.7594054,-6.8379602,-8.597365,0.00018455742
2,330,272,0.0,0.37746358,0.6225364,-9.645228,-22.982529,-3.6407225,-14.307461,-17.948183,1.6039955e-08
2,152,382,0.0,0.37746358,0.6225364,-0.07076431,-4.87884,-0.02671095,-3.0372555,-3.0639665,0.044618316
2,298,373,0.0,0.37746358,0.6225364,-9.75039,-14.424057,-3.680417,-8.979501,-12.659918,3.1758952e-06
2,272,387,0.0,0.37746358,0.6225364,-3.71615,-21.599329,-1.4027113,-13.446369,-14.84908,3.5573476e-07
2,311,386,0.0,0.37746358,0.6225364,-9.555079,-11.947539,-3.6066945,-7.4377785,-11.044473,1.597495e-05
2,309,329,0.0,0.37746358,0.6225364,-5.6274757,-9.66162,-2.1241672,-6.0147104,-8.138878,0.00029187943
2,124,161,0.0,0.37746358,0.6225364,-2.1924512,-11.07144,-0.8275705,-6.8923745,-7.719945,0.00044368807
2,25,456,0.0,0.37746358,0.6225364,-1.4879967,-6.387112,-0.5616646,-3.9762099,-4.537874,0.010582924
2,139,67,0.0,0.37746358,0.6225364,-4.1435833,-14.501063,-1.5640517,-9.02744,-10.591492,2.5128275e-05
2,195,451,0.0,0.37746358,0.6225364,-9.825566,-20.010473,-3.7087934,-12.457249,-16.166042,9.5318455e-08
2,128,516,0.0,0.37746358,0.6225364,-1.3736376,-17.658245,-0.5184981,-10.992901,-11.511399,1.0015173e-05
2,49,64,0.0,0.37746358,0.6225364,-5.258641,-12.169055,-1.9849454,-7.57568,-9.560625,7.0443784e-05
2,342,158,0.0,0.37746358,0.6225364,-12.798833,-20.579878,-4.8310933,-12.811724,-17.642817,2.176818e-08
2,393,524,0.0,0.37746358,0.6225364,-10.180662,-20.776972,-3.8428292,-12.934422,-16.77725,5.172884e-08
2,64,546,0.0,0.37746358,0.6225364,-3.577085,-11.943738,-1.3502194,-7.435412,-8.785631,0.0001528912
2,215,373,0.0,0.37746358,0.6225364,-8.496005,-16.3921,-3.2069325,-10.204679,-13.411612,1.4976506e-06
2,30,118,0.0,0.37746358,0.6225364,-4.716817,-3.9640884,-1.7804266,-2.4677894,-4.248216,0.014088384
2,32,171,0.0,0.37746358,0.6225364,0.8773043,-16.624187,0.3311504,-10.349162,-10.018012,4.4587516e-05
2,91,112,0.0,0.37746358,0.6225364,-2.0150068,-10.479925,-0.7605917,-6.524135,-7.2847266,0.0006854655
2,133,138,0.0,0.37746358,0.6225364,-4.837764,-6.7848353,-1.8260796,-4.2238073,-6.0498867,0.0023525814
2,332,457,0.0,0.37746358,0.6225364,-5.160754,-21.795483,-1.9479967,-13.568481,-15.516479,1.8250675e-07
2,104,349,0.0,0.37746358,0.6225364,-3.9171507,-7.2689176,-1.4785818,-4.525166,-6.003748,0.002463396
2,170,210,0.0,0.37746358,0.6225364,-1.1979781,-17.177383,-0.4521931,-10.693547,-11.1457405,1.4436439e-05
2,162,312,0.0,0.37746358,0.6225364,-4.881949,-18.735714,-1.8427579,-11.663664,-13.506422,1.3621811e-06
3,8,563,1.0,0.3871981,0.61280197,5.6825376,4.9181495,2.2002678,3.0138516,5.2141194,0.9945903
3,24,307,1.0,0.3871981,0.61280197,1.5739287,-6.3570523,0.6094222,-3.8956141,-3.286192,0.036047935
3,45,80,1.0,0.3871981,0.61280197,-2.4913921,-3.0636842,-0.96466225,-1.8774318,-2.842094,0.055091437
3,18,216,1.0,0.3871981,0.61280197,-0.9286943,-7.080214,-0.35958865,-4.338769,-4.6983576,0.00902798
3,373,449,1.0,0.3871981,0.61280197,1.4805363,-3.309797,0.57326084,-2.0282502,-1.4549894,0.18923488
3,3,496,1.0,0.3871981,0.61280197,5.9208694,6.477507,2.2925494,3.969429,6.261978,0.99809617
3,3,116,1.0,0.3871981,0.61280197,5.9225774,5.2341065,2.2932107,3.207471,5.500682,0.99593264
3,223,331,1.0,0.3871981,0.61280197,4.3738084,2.1258779,1.6935302,1.3027421,2.9962723,0.95240545
3,12,73,1.0,0.3871981,0.61280197,2.7191114,6.829807,1.0528347,4.185319,5.2381535,0.994718
3,8,331,1.0,0.3871981,0.61280197,7.9947543,5.5677752,3.0955536,3.4119437,6.5074973,0.99850994
3,24,45,1.0,0.3871981,0.61280197,3.8840213,7.1380515,1.5038856,4.374212,5.8780975,0.9972077
3,369,132,1.0,0.3871981,0.61280197,-0.419912,-2.5723898,-0.16258913,-1.5763656,-1.7389548,0.14944574
3,16,33,1.0,0.3871981,0.61280197,2.084475,2.1648378,0.80710477,1.3266169,2.1337216,0.89413786
3,7,502,1.0,0.3871981,0.61280197,3.0735204,-3.8941133,1.1900612,-2.3863204,-1.1962591,0.23214136
3,64,504,1.0,0.3871981,0.61280197,2.1130319,1.2127638,0.8181619,0.74318403,1.5613459,0.82654643
3,76,328,1.0,0.3871981,0.61280197,2.6636343,0.9871373,1.0313541,0.6049197,1.6362737,0.8370273
3,9,616,1.0,0.3871981,0.61280197,5.2684436,5.691606,2.0399313,3.4878273,5.5277586,0.9960408
3,351,504,1.0,0.3871981,0.61280197,1.6289765,-1.6204365,0.6307366,-0.9930067,-0.36227012,0.41041017
3,6,383,1.0,0.3871981,0.61280197,3.4965444,7.845234,1.3538553,4.8075747,6.16143,0.9978951
3,33,501,1.0,0.3871981,0.61280197,5.063863,-12.815869,1.960718,-7.85359,-5.892872,0.0027514505
3,8,391,1.0,0.3871981,0.61280197,6.9874682,7.1994433,2.7055345,4.4118333,7.1173677,0.9991898
3,14,222,1.0,0.3871981,0.61280197,7.083318,8.184543,2.7426474,5.015504,7.758151,0.99957293
3,33,413,1.0,0.3871981,0.61280197,5.714046,6.043399,2.2124677,3.7034068,5.9158745,0.997311
3,264,132,1.0,0.3871981,0.61280197,4.257255,8.817181,1.648401,5.403186,7.051587,0.9991347
3,72,180,1.0,0.3871981,0.61280197,1.9981562,4.477274,0.77368224,2.7436824,3.5173645,0.9711779
3,326,342,1.0,0.3871981,0.61280197,5.280707,8.438378,2.0446796,5.171055,7.2157345,0.9992656
3,13,27,1.0,0.3871981,0.61280197,0.45048547,3.484606,0.1744271,2.1353734,2.3098004,0.90968543
3,23,242,1.0,0.3871981,0.61280197,-1.3576142,-2.9380088,-0.5256656,-1.8004175,-2.3260832,0.08898568
3,85,36,1.0,0.3871981,0.61280197,-3.2118893,-9.876748,-1.2436374,-6.0524907,-7.2961283,0.00067769975
3,8,17,1.0,0.3871981,0.61280197,7.2344737,5.0338635,2.8011744,3.0847614,5.885936,0.9972294
3,3,646,1.0,0.3871981,0.61280197,4.417253,5.4126077,1.710352,3.3168566,5.0272083,0.9934856
3,70,377,1.0,0.3871981,0.61280197,2.503383,4.5922427,0.9693051,2.8141353,3.7834404,0.9777615
3,82,174,1.0,0.3871981,0.61280197,-3.2733495,-16.767385,-1.2674347,-10.275086,-11.542521,9.708282e-06
3,16,18,1.0,0.3871981,0.61280197,2.3973608,-0.82030255,0.92825353,-0.50268304,0.4255705,0.6048155
3,216,117,1.0,0.3871981,0.61280197,-0.14135866,-4.2992463,-0.0547338,-2.6345866,-2.6893203,0.063606486
3,7,307,1.0,0.3871981,0.61280197,1.5689181,3.5558844,0.6074821,2.1790528,2.7865348,0.9419438
3,8,337,1.0,0.3871981,0.61280197,7.225167,1.4216087,2.7975707,0.8711646,3.6687353,0.97512573
3,8,412,1.0,0.3871981,0.61280197,7.9003863,5.7897754,3.0590146,3.5479858,6.6070004,0.99865097
3,16,289,1.0,0.3871981,0.61280197,3.7293618,3.8380208,1.4440018,2.3519466,3.7959485,0.9780318
3,8,183,1.0,0.3871981,0.61280197,5.978533,6.0631957,2.3148766,3.7155383,6.0304146,0.99760133
3,7,44,1.0,0.3871981,0.61280197,4.832439,6.2128606,1.8711112,3.8072531,5.6783643,0.99659246
3,21,231,1.0,0.3871981,0.61280197,-5.831983,-6.5641975,-2.2581327,-4.022553,-6.2806854,0.0018686187
3,19,64,1.0,0.3871981,0.61280197,6.5700307,5.093866,2.5439034,3.121531,5.6654344,0.99654835
3,321,342,1.0,0.3871981,0.61280197,5.730484,8.635023,2.2188325,5.291559,7.5103917,0.9994529
3,19,480,1.0,0.3871981,0.61280197,6.5050826,0.26704097,2.5187557,0.16364323,2.6823988,0.9359801
3,252,83,1.0,0.3871981,0.61280197,4.158486,10.507343,1.6101578,6.4389205,8.049078,0.99968076
3,390,211,1.0,0.3871981,0.61280197,0.31928673,-2.1521444,0.123627216,-1.3188384,-1.1952112,0.23232822
3,43,64,1.0,0.3871981,0.61280197,-4.57352,-17.826674,-1.7708583,-10.924221,-12.69508,3.0661652e-06
3,38,437,1.0,0.3871981,0.61280197,4.8057203,7.5379467,1.8607657,4.6192684,6.480034,0.9984686
3,335,342,1.0,0.3871981,0.61280197,3.0331933,8.573004,1.1744467,5.2535534,6.428,0.998387
3,104,234,1.0,0.3871981,0.61280197,-4.6382427,-10.304065,-1.7959187,-6.314351,-8.11027,0.00030034763
3,7,326,1.0,0.3871981,0.61280197,7.379622,4.511584,2.8573756,2.7647073,5.6220827,0.996396
3,75,243,1.0,0.3871981,0.61280197,1.6082221,6.67423,0.6227005,4.0899816,4.7126822,0.9910993
3,7,479,1.0,0.3871981,0.61280197,6.1127543,8.590986,2.3668468,5.264573,7.63142,0.9995153
3,21,14,1.0,0.3871981,0.61280197,-1.2936395,4.1191363,-0.5008948,2.5242147,2.02332,0.8832239
3,33,100,1.0,0.3871981,0.61280197,7.0483565,6.809425,2.7291102,4.172829,6.9019394,0.9989951
3,360,470,1.0,0.3871981,0.61280197,4.341207,2.7185135,1.6809071,1.6659104,3.3468175,0.9660005
3,182,378,1.0,0.3871981,0.61280197,-4.6982374,-17.412334,-1.8191485,-10.670313,-12.489462,3.7661184e-06
3,254,132,1.0,0.3871981,0.61280197,5.7008634,10.535245,2.2073634,6.456019,8.663383,0.9998272
3,68,111,1.0,0.3871981,0.61280197,4.312802,7.4353113,1.6699086,4.5563736,6.226282,0.99802715
3,232,132,1.0,0.3871981,0.61280197,1.115012,-3.326612,0.43173054,-2.0385544,-1.6068239,0.16703004
3,17,141,1.0,0.3871981,0.61280197,2.0816875,4.8334923,0.8060254,2.9619737,3.7679992,0.97742325
3,7,514,1.0,0.3871981,0.61280197,2.2263198,6.326062,0.86202675,3.8766234,4.7386503,0.99132544
3,61,144,1.0,0.3871981,0.61280197,3.0106006,6.9043813,1.1656988,4.2310185,5.396717,0.99548906
3,8,51,1.0,0.3871981,0.61280197,7.00258,4.258695,2.7113857,2.6097367,5.321122,0.99513656
3,18,63,1.0,0.3871981,0.61280197,4.5289617,-7.705147,1.7536054,-4.7217293,-2.968124,0.04888688
3,4,349,1.0,0.3871981,0.61280197,3.0491967,4.6812367,1.1806432,2.8686712,4.0493145,0.9828644
3,24,376,1.0,0.3871981,0.61280197,-0.51623815,2.8280578,-0.19988643,1.7330394,1.5331529,0.82246715
3,23,640,1.0,0.3871981,0.61280197,-5.0875726,-6.994328,-1.9698983,-4.286138,-6.2560363,0.0019151615
3,7,67,1.0,0.3871981,0.61280197,4.1556563,4.562301,1.6090622,2.795787,4.404849,0.98792946
3,16,347,1.0,0.3871981,0.61280197,3.1887603,3.2723527,1.2346818,2.005304,3.239986,0.9623116
3,85,14,1.0,0.3871981,0.61280197,-2.424638,1.7493278,-0.93881524,1.0719916,0.13317633,0.53324497
3,8,591,1.0,0.3871981,0.61280197,8.2515,7.974736,3.1949651,4.8869343,8.0819,0.999691
3,8,355,1.0,0.3871981,0.61280197,5.3817725,1.1002266,2.083812,0.67422104,2.758033,0.94036543
3,24,419,1.0,0.3871981,0.61280197,1.2184657,0.8098166,0.4717876,0.49625722,0.9680448,0.72472966
3,8,134,1.0,0.3871981,0.61280197,5.6669483,5.9679637,2.1942315,3.6571798,5.8514113,0.9971324
3,23,435,1.0,0.3871981,0.61280197,5.3054805,5.5309277,2.054272,3.3893633,5.443635,0.9956949
3,6,534,1.0,0.3871981,0.61280197,6.304606,8.747741,2.4411314,5.360633,7.8017645,0.9995912
3,249,470,1.0,0.3871981,0.61280197,-3.5076365,0.67997026,-1.3581501,0.41668713,-0.941463,0.2806049
3,22,10,1.0,0.3871981,0.61280197,-1.4092969,2.8736506,-0.54567707,1.7609787,1.2153016,0.7712357
3,352,461,1.0,0.3871981,0.61280197,5.7406907,8.363299,2.2227845,5.1250463,7.347831,0.99935645
3,205,382,1.0,0.3871981,0.61280197,4.1447697,7.69564,1.604847,4.7159033,6.32075,0.9982046
3,7,349,1.0,0.3871981,0.61280197,5.6337867,6.463984,2.1813915,3.961142,6.1425333,0.9978551
3,173,461,1.0,0.3871981,0.61280197,1.7681268,6.757841,0.6846153,4.141218,4.8258333,0.9920439
3,201,342,1.0,0.3871981,0.61280197,3.6652236,3.2079377,1.4191676,1.9658306,3.3849983,0.96723235
3,261,14,1.0,0.3871981,0.61280197,5.2993827,8.58778,2.0519109,5.2626085,7.3145194,0.99933463
3,17,117,1.0,0.3871981,0.61280197,4.330952,7.1291556,1.6769364,4.3687606,6.045697,0.9976376
3,0,36,1.0,0.3871981,0.61280197,4.3571434,7.6148734,1.6870776,4.6664095,6.353487,0.99826235
3,0,342,1.0,0.3871981,0.61280197,3.967352,1.8173361,1.536151,1.1136671,2.6498182,0.9339998
3,13,247,1.0,0.3871981,0.61280197,1.8449992,7.287632,0.71438015,4.465875,5.1802554,0.9944049
3,158,277,1.0,0.3871981,0.61280197,1.3305742,-0.066297844,0.5151958,-0.04062745,0.47456834,0.61646444
3,103,168,1.0,0.3871981,0.61280197,1.1542817,-1.6695645,0.44693568,-1.0231124,-0.57617676,0.3598128
3,75,259,1.0,0.3871981,0.61280197,3.4643316,3.5477152,1.3413826,2.1740468,3.5154295,0.9711236
3,388,602,1.0,0.3871981,0.61280197,5.5539517,9.939195,2.1504796,6.090758,8.241238,0.9997365
3,22,37,1.0,0.3871981,0.61280197,-0.82708013,6.767019,-0.32024384,4.1468425,3.8265986,0.9786808
3,16,122,1.0,0.3871981,0.61280197,3.8547552,-4.3319297,1.4925538,-2.654615,-1.1620611,0.23829296
3,46,100,1.0,0.3871981,0.61280197,5.7014947,7.9523296,2.2076077,4.8732033,7.080811,0.9991596
3,8,541,1.0,0.3871981,0.61280197,5.1189284,1.1002266,1.9820393,0.67422104,2.6562605,0.93439573
3,142,168,1.0,0.3871981,0.61280197,-1.3265793,-6.4209146,-0.513649,-3.9347491,-4.448398,0.011562046
3,70,230,1.0,0.3871981,0.61280197,0.7637397,-0.17603774,0.29571855,-0.10787628,0.18784228,0.54682297
3,241,461,1.0,0.3871981,0.61280197,4.447994,2.322143,1.7222549,1.4230138,3.1452687,0.95872194
3,44,298,1.0,0.3871981,0.61280197,1.6428607,6.9522524,0.6361125,4.260354,4.8964667,0.99258244
3,109,51,1.0,0.3871981,0.61280197,3.1211412,1.7893772,1.2084999,1.0965339,2.3050337,0.9092931
3,8,96,1.0,0.3871981,0.61280197,8.476874,-5.2704263,3.2822297,-3.2297275,0.052502155,0.5131225
3,8,456,1.0,0.3871981,0.61280197,6.8071055,4.366902,2.6356983,2.6760461,5.3117447,0.99509084
3,4,293,1.0,0.3871981,0.61280197,3.2719321,2.440105,1.2668859,1.4953011,2.762187,0.94059795
3,76,637,1.0,0.3871981,0.61280197,6.0773664,7.921841,2.3531446,4.85452,7.2076645,0.99925965
3,197,342,1.0,0.3871981,0.61280197,0.8684847,3.4099393,0.3362756,2.0896175,2.425893,0.91878057
3,196,342,1.0,0.3871981,0.61280197,3.3525546,4.160868,1.2981027,2.5497882,3.8478909,0.9791206
3,250,470,1.0,0.3871981,0.61280197,4.7661767,3.3396537,1.8454546,2.0465465,3.8920012,0.98000354
3,19,109,1.0,0.3871981,0.61280197,5.43487,2.2620811,2.1043713,1.3862078,3.4905791,0.9704185
3,125,7,1.0,0.3871981,0.61280197,-4.956838,-16.745872,-1.9192783,-10.261904,-12.181182,5.125989e-06
3,13,45,1.0,0.3871981,0.61280197,4.2142534,3.9641533,1.6317508,2.429241,4.060992,0.98305994
3,27,253,1.0,0.3871981,0.61280197,5.3909287,7.4375443,2.0873573,4.5577416,6.6450987,0.99870133
3,66,83,1.0,0.3871981,0.61280197,-0.324886,-0.956939,-0.12579523,-0.5864141,-0.71220934,0.32911083
3,41,73,1.0,0.3871981,0.61280197,7.2857113,8.702212,2.8210135,5.3327327,8.153746,0.9997124
3,38,156,1.0,0.3871981,0.61280197,3.7120368,10.399733,1.4372935,6.372977,7.8102703,0.9995946
3,174,424,1.0,0.3871981,0.61280197,-6.069279,-10.415174,-2.3500133,-6.3824387,-8.732452,0.00016124047
3,86,194,1.0,0.3871981,0.61280197,-6.557077,-12.998925,-2.5388877,-7.965767,-10.504655,2.7407817e-05
3,14,29,1.0,0.3871981,0.61280197,5.240842,5.7050385,2.029244,3.496059,5.525303,0.9960311
3,23,549,1.0,0.3871981,0.61280197,2.321103,2.2926393,0.8987267,1.4049338,2.3036604,0.90917975
3,8,215,1.0,0.3871981,0.61280197,5.1536965,6.6086307,1.9955014,4.049782,6.0452833,0.99763656
3,8,473,1.0,0.3871981,0.61280197,3.9642875,4.4073668,1.5349646,2.700843,4.2358074,0.9857383
3,13,561,1.0,0.3871981,0.61280197,3.7872453,5.241796,1.4664141,3.212183,4.678597,0.9907935
3,24,10,1.0,0.3871981,0.61280197,4.207088,4.8095956,1.6289765,2.9473298,4.5763063,0.98981196
3,109,164,1.0,0.3871981,0.61280197,-0.68403286,0.48404974,-0.26485622,0.29662663,0.03177041,0.5079419
3,370,331,1.0,0.3871981,0.61280197,2.9746695,-2.119647,1.1517863,-1.2989239,-0.14713752,0.46328184
3,205,294,1.0,0.3871981,0.61280197,3.4237869,4.821667,1.3256837,2.9547272,4.280411,0.98635185
3,41,59,1.0,0.3871981,0.61280197,2.8287425,4.2582803,1.0952837,2.6094825,3.7047663,0.97598493
3,3,41,1.0,0.3871981,0.61280197,6.3476634,5.184048,2.4578032,3.176795,5.6345983,0.9964406
3,13,625,1.0,0.3871981,0.61280197,3.1257052,2.921709,1.2102671,1.7904291,3.0006962,0.95260555
3,3,500,1.0,0.3871981,0.61280197,4.776279,3.3253114,1.8493661,2.0377574,3.8871236,0.97990775
3,28,26,1.0,0.3871981,0.61280197,2.5609019,-2.5945604,0.9915763,-1.5899518,-0.59837544,0.35471547
3,7,428,1.0,0.3871981,0.61280197,6.808201,5.9340777,2.6361225,3.6364145,6.272537,0.99811614
3,75,140,1.0,0.3871981,0.61280197,2.8450394,2.513386,1.1015939,1.5402079,2.6418018,0.9335039
3,109,80,1.0,0.3871981,0.61280197,1.9216024,3.193984,0.7440408,1.9572797,2.7013204,0.93710446
3,16,395,1.0,0.3871981,0.61280197,3.0462816,2.2391396,1.1795144,1.3721491,2.5516634,0.92768514
3,16,371,1.0,0.3871981,0.61280197,4.069053,8.840005,1.5755296,5.4171724,6.992702,0.9990823
3,198,342,1.0,0.3871981,0.61280197,3.445034,3.6774354,1.3339106,2.2535396,3.58745,0.9730761
3,12,220,1.0,0.3871981,0.61280197,-2.9556193,-7.4888654,-1.1444101,-4.5891914,-5.7336016,0.0032249696
3,8,566,1.0,0.3871981,0.61280197,4.7280164,5.249971,1.8306789,3.2171924,5.0478716,0.993618
3,4,633,1.0,0.3871981,0.61280197,4.537717,-2.6150398,1.7569953,-1.6025015,0.15449381,0.53854686
3,109,17,1.0,0.3871981,0.61280197,5.0225043,5.00533,1.944704,3.0672762,5.01198,0.9933863
3,40,290,1.0,0.3871981,0.61280197,2.0124018,4.347237,0.77919817,2.6639955,3.4431937,0.9690276
3,3,262,1.0,0.3871981,0.61280197,1.21093,-2.881351,0.46886978,-1.7656976,-1.2968278,0.21469939
3,315,342,1.0,0.3871981,0.61280197,4.8779297,7.9875364,1.888725,4.8947783,6.7835035,0.998869
3,118,276,1.0,0.3871981,0.61280197,1.2473637,8.853534,0.48297682,5.4254627,5.9084396,0.9972909
3,286,342,1.0,0.3871981,0.61280197,5.7885575,8.392376,2.2413185,5.1428647,7.384183,0.9993794
3,3,30,1.0,0.3871981,0.61280197,7.389457,7.6002545,2.8611836,4.657451,7.518635,0.9994574
3,331,342,1.0,0.3871981,0.61280197,4.5054917,8.943017,1.7445178,5.4802985,7.2248163,0.9992723
3,414,342,1.0,0.3871981,0.61280197,2.1909153,-2.3717484,0.8483182,-1.4534122,-0.60509396,0.35317916
3,146,17,1.0,0.3871981,0.61280197,4.4019465,2.4229512,1.7044253,1.4847893,3.1892147,0.9604264
3,23,358,1.0,0.3871981,0.61280197,7.1521173,7.766212,2.7692862,4.75915,7.528436,0.99946266
3,248,331,1.0,0.3871981,0.61280197,2.9106085,2.9232368,1.1269821,1.7913653,2.9183474,0.94874597
3,103,384,1.0,0.3871981,0.61280197,-4.3358817,-12.77486,-1.6788452,-7.8284597,-9.507305,7.43015e-05
3,7,324,1.0,0.3871981,0.61280197,-0.3806842,-5.42471,-0.1474002,-3.3242729,-3.471673,0.030129053
3,214,331,1.0,0.3871981,0.61280197,3.7819223,5.1759934,1.4643531,3.171859,4.6362123,0.99039876
3,7,410,1.0,0.3871981,0.61280197,1.8920152,5.1720586,0.73258466,3.1694477,3.9020324,0.98019916
3,18,100,1.0,0.3871981,0.61280197,7.1661267,9.172067,2.7747107,5.6206603,8.3953705,0.99977416
3,23,272,1.0,0.3871981,0.61280197,1.2189623,1.6855795,0.4719799,1.0329264,1.5049063,0.8183051
3,264,117,1.0,0.3871981,0.61280197,1.2287947,3.5082684,0.47578695,2.1498737,2.6256607,0.93249494
3,135,470,1.0,0.3871981,0.61280197,2.881332,3.45749,1.1156462,2.1187568,3.2344031,0.9621087
3,396,602,1.0,0.3871981,0.61280197,5.410154,7.130901,2.0948012,4.36983,6.464631,0.99844486
3,229,504,1.0,0.3871981,0.61280197,1.5731819,6.246644,0.609133,3.8279557,4.437089,0.988308
3,153,277,1.0,0.3871981,0.61280197,4.191078,6.2574816,1.6227775,3.834597,5.4573746,0.9957534
3,9,528,1.0,0.3871981,0.61280197,4.602572,9.362704,1.7821071,5.7374835,7.5195904,0.9994579
3,33,33,1.0,0.3871981,0.61280197,3.8673635,6.347482,1.4974357,3.8897495,5.387185,0.9954461
3,6,13,1.0,0.3871981,0.61280197,0.43921477,2.133919,0.17006312,1.3076698,1.4777329,0.81422985
3,6,12,1.0,0.3871981,0.61280197,5.013525,6.9822216,1.9412273,4.278719,6.2199464,0.99801457
3,6,357,1.0,0.3871981,0.61280197,4.6608214,8.201061,1.8046612,5.0256267,6.830288,0.9989207
3,31,407,1.0,0.3871981,0.61280197,0.8400376,-9.4085,0.32526094,-5.7655473,-5.440286,0.0043195025
3,74,506,1.0,0.3871981,0.61280197,-1.1550794,-14.957977,-0.44724452,-9.166278,-9.613523,6.681457e-05
3,30,100,1.0,0.3871981,0.61280197,5.5184007,3.6133432,2.1367142,2.214264,4.350978,0.98727
3,24,100,1.0,0.3871981,0.61280197,4.6229377,5.150629,1.7899927,3.1563156,4.946308,0.99294055
3,18,241,1.0,0.3871981,0.61280197,3.0589333,5.198274,1.1844131,3.1855125,4.3699255,0.9875059
3,3,618,1.0,0.3871981,0.61280197,4.7557254,5.2578387,1.8414078,3.222014,5.0634217,0.9937158
3,8,425,1.0,0.3871981,0.61280197,5.2395897,5.803641,2.0287592,3.5564826,5.585242,0.9962612
3,7,117,1.0,0.3871981,0.61280197,6.5055337,4.153955,2.5189302,2.5455518,5.0644817,0.9937225
3,93,277,1.0,0.3871981,0.61280197,6.515309,0.25550842,2.522715,0.15657607,2.6792912,0.9357936
3,0,155,1.0,0.3871981,0.61280197,0.68013805,-5.4342284,0.26334816,-3.3301058,-3.0667577,0.044499487
3,40,220,1.0,0.3871981,0.61280197,-0.759362,-5.314526,-0.2940235,-3.256752,-3.5507755,0.027901534
3,123,286,1.0,0.3871981,0.61280197,2.7079391,5.062518,1.0485089,3.1023211,4.1508303,0.9844929
3,3,5,1.0,0.3871981,0.61280197,3.6899662,4.3159137,1.4287479,2.6448004,4.0735483,0.98326784
3,146,110,1.0,0.3871981,0.61280197,1.1682148,0.34965414,0.45233053,0.21426874,0.6665993,0.6607412
3,267,80,1.0,0.3871981,0.61280197,4.177881,7.8502674,1.6176674,4.8106594,6.4283266,0.99838746
3,40,539,1.0,0.3871981,0.61280197,6.852448,1.321629,2.6532547,0.8098969,3.4631517,0.969621
3,138,170,1.0,0.3871981,0.61280197,-0.270012,-0.2740336,-0.10454813,-0.16792834,-0.27247646,0.43229926
3,7,66,1.0,0.3871981,0.61280197,5.144572,-0.77040005,1.9919684,-0.47210267,1.5198658,0.8205187
3,9,562,1.0,0.3871981,0.61280197,-1.006147,3.063216,-0.3895782,1.8771448,1.4875666,0.81571275
3,96,70,1.0,0.3871981,0.61280197,1.0393033,-0.7582251,0.40241626,-0.4646418,-0.06222555,0.48444864
3,62,75,1.0,0.3871981,0.61280197,4.6126328,1.8092198,1.7860026,1.1086935,2.8946962,0.9475836
3,30,99,1.0,0.3871981,0.61280197,0.54451025,-4.910664,0.21083333,-3.0092647,-2.7984314,0.057408996
3,21,29,1.0,0.3871981,0.61280197,3.544127,0.26200664,1.3722792,0.16055818,1.5328374,0.8224211
3,8,15,1.0,0.3871981,0.61280197,6.603246,3.402741,2.5567644,2.0852063,4.6419706,0.99045336
3,175,155,1.0,0.3871981,0.61280197,-0.7130912,-7.422908,-0.27610755,-4.5487723,-4.8248796,0.007963592
3,126,297,1.0,0.3871981,0.61280197,-6.9241147,-10.692038,-2.681004,-6.5521016,-9.233106,9.7739634e-05
3,16,369,1.0,0.3871981,0.61280197,3.3312051,7.942957,1.2898363,4.86746,6.157296,0.9978865
3,57,84,1.0,0.3871981,0.61280197,3.2395532,6.6094737,1.2543489,4.0502987,5.3046474,0.99505615
3,18,10,1.0,0.3871981,0.61280197,5.068995,8.077954,1.9627051,4.9501863,6.9128914,0.9990061
3,17,232,1.0,0.3871981,0.61280197,2.566021,-1.5414312,0.9935584,-0.94459206,0.04896635,0.51223916
3,75,48,1.0,0.3871981,0.61280197,3.3154907,7.800596,1.2837517,4.7802205,6.0639725,0.9976802
3,19,160,1.0,0.3871981,0.61280197,6.614142,7.4353547,2.5609832,4.5564,7.117383,0.9991898
3,364,470,1.0,0.3871981,0.61280197,5.676001,3.508162,2.1977367,2.1498086,4.3475456,0.9872268
3,28,520,1.0,0.3871981,0.61280197,2.6004958,-5.4637165,1.006907,-3.3481762,-2.3412693,0.087762244
3,186,71,1.0,0.3871981,0.61280197,0.9082909,9.3583765,0.3516885,5.7348313,6.0865197,0.99773186
3,25,37,1.0,0.3871981,0.61280197,1.7796687,7.9778113,0.6890843,4.8888183,5.577903,0.99623376
3,213,352,1.0,0.3871981,0.61280197,4.1730833,8.775617,1.6158099,5.377715,6.993525,0.99908304
3,41,636,1.0,0.3871981,0.61280197,2.9492087,6.119736,1.141928,3.7501864,4.8921146,0.9925504
3,3,60,1.0,0.3871981,0.61280197,4.987162,6.7113533,1.9310197,4.1127305,6.0437503,0.997633
3,133,342,1.0,0.3871981,0.61280197,4.054727,0.7987268,1.5699825,0.48946136,2.059444,0.8868984
3,7,228,1.0,0.3871981,0.61280197,0.55891216,4.255143,0.21640971,2.6075602,2.8239698,0.94395745
3,8,324,1.0,0.3871981,0.61280197,3.3581398,0.4593789,1.3002653,0.2815083,1.5817736,0.8294556
3,28,476,1.0,0.3871981,0.61280197,3.0382981,-5.9940076,1.1764232,-3.6731396,-2.4967165,0.07608869
3,318,342,1.0,0.3871981,0.61280197,4.997263,8.310487,1.9349307,5.092683,7.0276136,0.99911374
3,210,80,1.0,0.3871981,0.61280197,0.65149784,6.489424,0.25225872,3.976732,4.2289906,0.985642
3,8,562,1.0,0.3871981,0.61280197,7.8640513,6.0732217,3.0449457,3.7216823,6.7666283,0.99884975
3,23,367,1.0,0.3871981,0.61280197,4.5229173,7.3677845,1.7512649,4.5149927,6.266258,0.9981042
3,8,70,1.0,0.3871981,0.61280197,8.601083,6.546954,3.3303227,4.0119863,7.342309,0.9993529
3,88,151,1.0,0.3871981,0.61280197,-1.3747861,-4.7460933,-0.53231454,-2.9084153,-3.4407299,0.031046525
3,28,332,1.0,0.3871981,0.61280197,2.3206701,-8.342137,0.89855903,-5.112078,-4.213519,0.014578536
3,129,311,1.0,0.3871981,0.61280197,-6.789308,-1.9997153,-2.628807,-1.2254295,-3.8542366,0.020750083
3,22,546,1.0,0.3871981,0.61280197,-2.7112553,5.234737,-1.0497929,3.2078571,2.1580644,0.89641994
3,75,273,1.0,0.3871981,0.61280197,-2.2935414,-10.403378,-0.88805485,-6.3752103,-7.263265,0.00070032524
3,8,323,1.0,0.3871981,0.61280197,2.9696975,3.8640795,1.1498612,2.3679154,3.5177765,0.9711893
3,6,107,1.0,0.3871981,0.61280197,2.085493,-1.6138896,0.80749893,-0.9889947,-0.18149579,0.4547502
3,166,163,1.0,0.3871981,0.61280197,-2.3468623,7.6116886,-0.9087006,4.664458,3.7557573,0.97715145
3,12,109,1.0,0.3871981,0.61280197,1.5552777,-2.0852036,0.60220057,-1.2778169,-0.6756163,0.3372404
3,9,127,1.0,0.3871981,0.61280197,2.3122504,7.4257455,0.89529896,4.5505114,5.4458103,0.99570423
3,141,296,1.0,0.3871981,0.61280197,-0.32463977,-0.46870017,-0.1256999,-0.2872204,-0.4129203,0.39821208
3,8,52,1.0,0.3871981,0.61280197,7.064469,3.157077,2.735349,1.934663,4.670012,0.9907149
3,213,14,1.0,0.3871981,0.61280197,5.187567,8.202811,2.0086162,5.026699,7.0353155,0.99912053
3,9,168,1.0,0.3871981,0.61280197,0.87085766,0.6177104,0.3371944,0.37853417,0.7157286,0.6716657
3,55,170,1.0,0.3871981,0.61280197,1.8464007,7.3306894,0.71492285,4.492261,5.207184,0.9945528
3,3,124,1.0,0.3871981,0.61280197,6.283151,3.4169927,2.4328241,2.0939398,4.526764,0.98930013
3,8,378,1.0,0.3871981,0.61280197,5.758802,4.149412,2.2297971,2.542768,4.772565,0.9916123
3,7,127,1.0,0.3871981,0.61280197,6.9259915,6.193291,2.6817307,3.7952611,6.4769917,0.998464
3,255,352,1.0,0.3871981,0.61280197,4.6607985,9.288105,1.8046523,5.691769,7.4964213,0.99944526
3,24,123,1.0,0.3871981,0.61280197,3.3189168,6.646499,1.2850783,4.0729876,5.3580656,0.9953121
3,60,92,1.0,0.3871981,0.61280197,-4.5488276,-15.871937,-1.7612973,-9.726355,-11.487652,1.0255852e-05
3,114,19,1.0,0.3871981,0.61280197,3.0333807,6.011308,1.1745192,3.6837416,4.8582606,0.99229586
3,146,308,1.0,0.3871981,0.61280197,-1.2150021,-7.3334007,-0.47044647,-4.493922,-4.964369,0.006933941
3,175,424,1.0,0.3871981,0.61280197,-1.3077682,-10.7990885,-0.50636536,-6.6177025,-7.124068,0.0008048353
3,19,461,1.0,0.3871981,0.61280197,3.8811498,4.117712,1.5027738,2.5233421,4.026116,0.9824693
3,210,132,1.0,0.3871981,0.61280197,5.0197167,5.2179317,1.9436247,3.1975589,5.141184,0.99418324
3,7,444,1.0,0.3871981,0.61280197,5.2733283,7.3204904,2.0418227,4.486011,6.527834,0.9985399
3,124,289,1.0,0.3871981,0.61280197,-1.7489885,0.55519426,-0.677205,0.34022415,-0.33698088,0.416543
3,314,342,1.0,0.3871981,0.61280197,3.741324,7.903303,1.4486334,4.8431597,6.291793,0.99815196
3,30,296,1.0,0.3871981,0.61280197,2.18568,2.3921256,0.84629107,1.4658992,2.3121903,0.9098816
3,177,342,1.0,0.3871981,0.61280197,6.7341456,6.9985843,2.6074483,4.2887464,6.8961945,0.9989894
3,0,132,1.0,0.3871981,0.61280197,6.1609936,8.406916,2.385525,5.1517744,7.537299,0.99946743
3,177,70,1.0,0.3871981,0.61280197,5.899228,2.0029209,2.28417,1.2273939,3.5115638,0.971015
3,64,101,1.0,0.3871981,0.61280197,2.1630416,3.3955476,0.83752555,2.0807984,2.918324,0.9487449
3,265,80,1.0,0.3871981,0.61280197,3.3695235,8.570243,1.3046731,5.2518616,6.556535,0.9985812
3,62,499,1.0,0.3871981,0.61280197,5.257273,6.592672,2.0356061,4.0400023,6.0756083,0.997707
3,130,311,1.0,0.3871981,0.61280197,-8.1783495,-7.300032,-3.1666412,-4.473474,-7.6401153,0.000480542
3,3,18,1.0,0.3871981,0.61280197,5.6087117,6.1903596,2.1716824,3.7934647,5.965147,0.99743986
3,76,635,1.0,0.3871981,0.61280197,0.9427655,5.9473853,0.365037,3.6445694,4.0096064,0.9821827
3,103,328,1.0,0.3871981,0.61280197,-0.48616618,0.61617404,-0.18824261,0.37759265,0.18935004,0.54719657
3,345,117,1.0,0.3871981,0.61280197,-0.24309783,-1.4902292,-0.094127014,-0.9132154,-1.0073425,0.26750025
3,3,577,1.0,0.3871981,0.61280197,6.7009764,2.9446163,2.5946052,1.8044667,4.3990717,0.9878605
3,203,70,1.0,0.3871981,0.61280197,2.8398151,2.822607,1.099571,1.7296991,2.8292701,0.9442372
3,12,12,1.0,0.3871981,0.61280197,3.0552661,7.1775923,1.1829932,4.3984427,5.581436,0.996247
3,30,138,1.0,0.3871981,0.61280197,6.147797,5.6736016,2.3804152,3.4767942,5.857209,0.99714893
3,5,3,1.0,0.3871981,0.61280197,4.5484476,-2.493524,1.7611502,-1.5280365,0.23311377,0.55801594
3,73,144,1.0,0.3871981,0.61280197,2.4304116,0.33977056,0.9410507,0.20821206,1.1492628,0.7593762
3,4,331,1.0,0.3871981,0.61280197,3.7184415,0.07477388,1.4397734,0.04582158,1.485595,0.8154162
3,13,595,1.0,0.3871981,0.61280197,1.2889656,5.468031,0.499085,3.35082,3.849905,0.97916174
3,40,201,1.0,0.3871981,0.61280197,5.5546317,7.7313247,2.1507428,4.737771,6.8885136,0.99898154
3,313,342,1.0,0.3871981,0.61280197,3.390297,7.9111476,1.3127165,4.8479667,6.160683,0.99789363
3,118,449,1.0,0.3871981,0.61280197,1.7099777,-11.765949,0.66210014,-7.210197,-6.5480967,0.00143079
3,13,381,1.0,0.3871981,0.61280197,4.6867895,5.502541,1.814716,3.371968,5.186684,0.9944405
3,3,153,1.0,0.3871981,0.61280197,5.86192,5.42017,2.2697241,3.3214908,5.591215,0.99628335
3,8,40,1.0,0.3871981,0.61280197,3.9555647,2.086391,1.5315871,1.2785445,2.8101315,0.94322085
3,103,324,1.0,0.3871981,0.61280197,-2.3725371,-0.40420616,-0.91864187,-0.24769832,-1.1663402,0.23751715
3,45,332,1.0,0.3871981,0.61280197,-1.841664,-2.3650558,-0.71308875,-1.4493109,-2.1623998,0.10317818
3,9,318,1.0,0.3871981,0.61280197,1.6108235,0.45220166,0.6237078,0.27711007,0.9008179,0.7111175
3,333,342,1.0,0.3871981,0.61280197,3.3444417,8.802233,1.2949615,5.3940253,6.688987,0.998757
3,110,437,1.0,0.3871981,0.61280197,-1.1968275,0.8976754,-0.46340933,0.5500972,0.08668789,0.5216584
3,32,201,1.0,0.3871981,0.61280197,0.6351556,7.261218,0.24593104,4.449689,4.69562,0.9909474
3,7,350,1.0,0.3871981,0.61280197,3.462617,6.067694,1.3407186,3.7182949,5.0590134,0.9936883
3,8,527,1.0,0.3871981,0.61280197,6.445639,3.0765152,2.4957392,1.8852946,4.381034,0.98764217
3,9,226,1.0,0.3871981,0.61280197,2.1208897,-2.6589913,0.8212044,-1.6294352,-0.80823076,0.30826765
3,3,462,1.0,0.3871981,0.61280197,3.4149644,3.9245982,1.3222677,2.4050014,3.7272692,0.97650677
3,28,31,1.0,0.3871981,0.61280197,2.5987806,-1.5030825,1.0062429,-0.9210919,0.08515096,0.5212749
3,3,405,1.0,0.3871981,0.61280197,6.5410438,6.0107665,2.5326796,3.6834095,6.2160892,0.998007
3,40,500,1.0,0.3871981,0.61280197,-0.26203585,0.86787367,-0.10145978,0.5318347,0.43037495,0.60596323
3,38,105,1.0,0.3871981,0.61280197,1.1755201,4.3123994,0.45515913,2.6426468,3.097806,0.9568022
3,309,342,1.0,0.3871981,0.61280197,7.3206825,8.233926,2.8345542,5.045766,7.88032,0.999622
3,52,81,1.0,0.3871981,0.61280197,1.4828988,-0.7799449,0.5741756,-0.47795177,0.09622383,0.5240374
3,9,36,1.0,0.3871981,0.61280197,6.380402,8.742085,2.4704795,5.3571672,7.8276467,0.99960166
3,38,306,1.0,0.3871981,0.61280197,1.3010257,4.9191804,0.5037547,3.0144835,3.518238,0.97120225
3,70,589,1.0,0.3871981,0.61280197,2.0347526,-3.588397,0.78785235,-2.1989768,-1.4111245,0.19605675
3,109,450,1.0,0.3871981,0.61280197,2.5640388,5.5750575,0.99279094,3.4164062,4.409197,0.98798126
3,366,470,1.0,0.3871981,0.61280197,3.991275,4.575228,1.5454141,2.8037088,4.349123,0.98724663
3,361,300,1.0,0.3871981,0.61280197,-4.06994,-6.194383,-1.575873,-3.7959301,-5.3718033,0.004624263
3,8,576,1.0,0.3871981,0.61280197,8.212949,0.10379636,3.180038,0.06360661,3.2436445,0.9624441
3,126,360,1.0,0.3871981,0.61280197,0.28762782,-7.954519,0.11136894,-4.8745446,-4.7631755,0.008466165
3,40,73,1.0,0.3871981,0.61280197,5.2337985,7.1416154,2.0265167,4.376396,6.402913,0.998346
3,4,290,1.0,0.3871981,0.61280197,4.021294,6.317872,1.5570374,3.8716044,5.428642,0.99563015
3,109,44,1.0,0.3871981,0.61280197,-1.7259269,1.6913483,-0.6682756,1.0364616,0.368186,0.5910206
3,347,117,1.0,0.3871981,0.61280197,2.5399818,-2.0275416,0.9834761,-1.2424815,-0.25900537,0.43560824
3,254,14,1.0,0.3871981,0.61280197,6.079792,8.535127,2.3540838,5.2303424,7.584426,0.99949193
3,4,109,1.0,0.3871981,0.61280197,4.4235544,2.071275,1.7127918,1.2692814,2.9820733,0.9517576
3,23,347,1.0,0.3871981,0.61280197,-5.098707,-6.2461615,-1.9742097,-3.82766,-5.80187,0.0030127943
3,24,333,1.0,0.3871981,0.61280197,3.4734886,-3.308331,1.3449281,-2.0273519,-0.6824237,0.33572057
3,3,88,1.0,0.3871981,0.61280197,5.1421437,6.7668395,1.9910282,4.146733,6.137761,0.99784493
3,6,484,1.0,0.3871981,0.61280197,1.3322102,5.151011,0.51582927,3.1565497,3.672379,0.97521406
3,7,588,1.0,0.3871981,0.61280197,5.711493,1.8416326,2.2114792,1.1285561,3.3400354,0.96577704
3,128,278,1.0,0.3871981,0.61280197,4.193008,4.8179154,1.6235247,2.952428,4.5759525,0.9898085
3,32,230,1.0,0.3871981,0.61280197,0.3236328,6.45964,0.12531,3.9584801,4.0837903,0.98343545
3,242,461,1.0,0.3871981,0.61280197,1.6127759,3.6932597,0.62446374,2.2632368,2.8877006,0.9472351
3,17,375,1.0,0.3871981,0.61280197,-0.16663511,1.9546813,-0.0645208,1.1978326,1.1333117,0.7564496
3,8,426,1.0,0.3871981,0.61280197,6.6056733,5.2280498,2.5577042,3.2037592,5.761463,0.99686337
3,14,142,1.0,0.3871981,0.61280197,-0.4406225,-2.934239,-0.1706082,-1.7981074,-1.9687155,0.122526914
3,13,553,1.0,0.3871981,0.61280197,0.2900357,5.839867,0.11230127,3.5786822,3.6909835,0.97565985
3,8,151,1.0,0.3871981,0.61280197,4.828895,5.505493,1.8697389,3.3737772,5.243516,0.9947461
3,48,79,1.0,0.3871981,0.61280197,1.7944945,4.630567,0.6948249,2.8376207,3.5324457,0.97159696
3,16,415,1.0,0.3871981,0.61280197,3.9598565,1.8448508,1.5332489,1.1305282,2.663777,0.9348551
3,3,613,1.0,0.3871981,0.61280197,2.998874,4.513306,1.1611583,2.7657628,3.9269211,0.98067653
3,40,537,1.0,0.3871981,0.61280197,2.9224114,1.1314371,1.1315521,0.69334686,1.824899,0.86115295
3,8,312,1.0,0.3871981,0.61280197,8.431376,5.155355,3.264613,3.1592116,6.4238243,0.9983802
3,13,5,1.0,0.3871981,0.61280197,-1.2132791,0.76979643,-0.46977937,0.47173277,0.0019533932,0.50048834
3,4,163,1.0,0.3871981,0.61280197,3.8530138,-3.8193843,1.4918796,-2.3405263,-0.84864676,0.29971683
3,374,300,1.0,0.3871981,0.61280197,-1.2554177,-5.029793,-0.48609534,-3.0822668,-3.5683622,0.027428467
3,6,250,1.0,0.3871981,0.61280197,4.8501062,6.935431,1.8779519,4.250046,6.1279974,0.99782383
3,7,382,1.0,0.3871981,0.61280197,5.982284,4.452019,2.316329,2.7282062,5.044535,0.9935968
3,13,295,1.0,0.3871981,0.61280197,3.5117822,7.2115045,1.3597554,4.4192243,5.77898,0.9969177
3,21,244,1.0,0.3871981,0.61280197,3.4590673,4.4373364,1.3393443,2.7192085,4.0585527,0.9830193
3,228,132,1.0,0.3871981,0.61280197,3.8629968,-4.947845,1.495745,-3.0320492,-1.5363042,0.17707317
3,334,342,1.0,0.3871981,0.61280197,3.4117696,8.649579,1.3210307,5.300479,6.6215096,0.99867034
3,365,470,1.0,0.3871981,0.61280197,5.114521,3.3590074,1.9803327,2.0584064,4.038739,0.9826853
3,23,404,1.0,0.3871981,0.61280197,5.6397605,6.5705204,2.1837044,4.0264277,6.210132,0.99799514
3,3,249,1.0,0.3871981,0.61280197,6.086886,0.13008511,2.3568306,0.079716414,2.436547,0.9195721
3,12,550,1.0,0.3871981,0.61280197,-1.4868907,-6.637796,-0.5757212,-4.0676546,-4.643376,0.009533389
3,40,369,1.0,0.3871981,0.61280197,2.7345982,1.5641425,1.0588312,0.95850956,2.0173407,0.88260573
3,2,56,1.0,0.3871981,0.61280197,-1.0519556,-7.641416,-0.4073152,-4.682675,-5.08999,0.0061203907
3,45,368,1.0,0.3871981,0.61280197,0.9888065,-9.219771,0.38286397,-5.649894,-5.2670302,0.0051324307
3,13,409,1.0,0.3871981,0.61280197,1.3199818,-0.50216925,0.51109445,-0.30773032,0.20336413,0.5506665
3,129,17,1.0,0.3871981,0.61280197,2.52686,3.801,0.97839534,2.3292603,3.3076558,0.9646905
3,9,549,1.0,0.3871981,0.61280197,0.24537142,-0.13830142,0.095007345,-0.08475138,0.010255963,0.50256395
3,3,580,1.0,0.3871981,0.61280197,3.302173,5.152913,1.2785951,3.1577153,4.4363103,0.988299
3,25,117,1.0,0.3871981,0.61280197,3.577548,7.6783466,1.3852198,4.705306,6.0905256,0.99774086
3,21,425,1.0,0.3871981,0.61280197,2.6270032,0.9813776,1.0171707,0.6013901,1.6185608,0.8345965
3,121,45,1.0,0.3871981,0.61280197,3.6129882,7.93835,1.3989421,4.8646364,6.2635784,0.99809927
3,205,70,1.0,0.3871981,0.61280197,5.3304586,2.527504,2.0639434,1.5488594,3.6128027,0.9737325
3,122,281,1.0,0.3871981,0.61280197,-2.1410897,-1.3454885,-0.82902586,-0.824518,-1.653544,0.16063055
3,61,138,1.0,0.3871981,0.61280197,4.5042357,7.85707,1.7440314,4.814828,6.5588593,0.9985845
3,7,2,1.0,0.3871981,0.61280197,7.3323493,6.436173,2.8390718,3.9440994,6.783171,0.9988686
3,8,352,1.0,0.3871981,0.61280197,7.53258,5.5940237,2.9166005,3.4280288,6.3446293,0.9982469
3,199,342,1.0,0.3871981,0.61280197,3.3342416,4.5333114,1.291012,2.778022,4.069034,0.9831934
3,401,297,1.0,0.3871981,0.61280197,-7.323743,7.3839526,-2.8357391,4.524901,1.6891618,0.8441139
3,6,201,1.0,0.3871981,0.61280197,4.4785123,7.526014,1.7340714,4.611956,6.3460274,0.9982494
3,399,78,1.0,0.3871981,0.61280197,1.5063627,6.0294414,0.5832608,3.6948535,4.2781143,0.9863209
3,347,461,1.0,0.3871981,0.61280197,5.414697,10.383353,2.0965605,6.3629394,8.459499,0.9997882
3,8,524,1.0,0.3871981,0.61280197,7.7383113,5.422564,2.9962595,3.322958,6.3192177,0.99820185
3,259,71,1.0,0.3871981,0.61280197,2.978688,6.3778844,1.1533422,3.90838,5.0617223,0.9937052
3,3,614,1.0,0.3871981,0.61280197,6.278382,3.2363422,2.4309773,1.9832369,4.414214,0.98804075
3,33,200,1.0,0.3871981,0.61280197,4.7194715,4.926722,1.8273703,3.019105,4.846475,0.9922052
3,16,57,1.0,0.3871981,0.61280197,4.028877,6.1902623,1.5599734,3.793405,5.3533783,0.99529016
3,9,7,1.0,0.3871981,0.61280197,2.7222102,7.0784926,1.0540346,4.337714,5.391749,0.9954666
3,302,342,1.0,0.3871981,0.61280197,6.5368886,7.84979,2.5310707,4.8103666,7.3414373,0.9993523
3,162,54,1.0,0.3871981,0.61280197,-1.2946743,7.168598,-0.5012954,4.392931,3.8916357,0.9799963
3,4,510,1.0,0.3871981,0.61280197,5.4672008,3.0899777,2.1168897,1.8935444,4.010434,0.98219717
3,23,475,1.0,0.3871981,0.61280197,0.10640376,1.0062882,0.041199334,0.61665535,0.6578547,0.6587783
3,8,569,1.0,0.3871981,0.61280197,5.984592,6.8684926,2.3172226,4.209026,6.5262485,0.99853766
3,3,235,1.0,0.3871981,0.61280197,3.8094068,4.137755,1.474995,2.5356243,4.010619,0.9822004
3,34,30,1.0,0.3871981,0.61280197,-6.1123037,-11.442583,-2.3666723,-7.0120373,-9.37871,8.449702e-05
3,5,204,1.0,0.3871981,0.61280197,6.7380657,5.6917863,2.608966,3.487938,6.096904,0.9977552
3,115,54,1.0,0.3871981,0.61280197,3.7597218,1.7729486,1.4557571,1.0864664,2.5422235,0.92704934
3,16,547,1.0,0.3871981,0.61280197,2.3238716,1.4358509,0.89979863,0.87989223,1.7796909,0.85565865
3,24,28,1.0,0.3871981,0.61280197,2.8648996,6.907458,1.1092837,4.232904,5.342188,0.99523735
3,28,393,1.0,0.3871981,0.61280197,1.7536347,0.5676749,0.679004,0.3478723,1.0268763,0.7363098
3,109,256,1.0,0.3871981,0.61280197,3.764524,5.537463,1.4576164,3.3933682,4.8509846,0.99223995
3,157,277,1.0,0.3871981,0.61280197,1.0892231,-6.6626716,0.42174512,-4.082898,-3.661153,0.025058776
3,102,220,1.0,0.3871981,0.61280197,-4.760839,-11.127433,-1.8433877,-6.818913,-8.662301,0.00017295589
3,4,51,1.0,0.3871981,0.61280197,3.1295214,2.529387,1.2117447,1.5500133,2.7617579,0.940574
3,329,342,1.0,0.3871981,0.61280197,5.8322415,8.790439,2.2582328,5.386798,7.645031,0.99952185
3,29,322,1.0,0.3871981,0.61280197,-1.3897822,-5.6633267,-0.538121,-3.4704978,-4.008619,0.01783461
3,35,214,1.0,0.3871981,0.61280197,4.140834,6.8824754,1.603323,4.2175946,5.8209176,0.9970439
3,13,186,1.0,0.3871981,0.61280197,0.8838282,2.4386084,0.3422166,1.494384,1.8366007,0.86254615
3,18,121,1.0,0.3871981,0.61280197,-1.2516874,-10.566519,-0.48465097,-6.4751835,-6.9598346,0.0009483533
3,381,593,1.0,0.3871981,0.61280197,-6.0150456,-18.03439,-2.3290143,-11.05151,-13.380524,1.5449403e-06
3,37,178,1.0,0.3871981,0.61280197,4.085453,7.3658834,1.5818796,4.513828,6.0957074,0.9977526
3,18,292,1.0,0.3871981,0.61280197,2.9522047,-0.45273513,1.143088,-0.27743697,0.865651,0.70383996
3,24,290,1.0,0.3871981,0.61280197,3.555368,6.8518357,1.3766317,4.198818,5.57545,0.9962245
3,24,378,1.0,0.3871981,0.61280197,3.5038116,-5.6606374,1.3566692,-3.4688497,-2.1121805,0.10791857
3,403,504,1.0,0.3871981,0.61280197,4.50541,8.627427,1.7444862,5.2869043,7.0313907,0.9991171
3,152,277,1.0,0.3871981,0.61280197,1.0649016,3.910534,0.41232786,2.3963828,2.8087106,0.9431447
3,28,300,1.0,0.3871981,0.61280197,2.2520325,0.36383015,0.8719827,0.22295584,1.0949385,0.74931055
3,3,343,1.0,0.3871981,0.61280197,3.909372,1.1461973,1.5137014,0.702392,2.2160935,0.9016855
3,24,72,1.0,0.3871981,0.61280197,4.0141625,6.329202,1.5542761,3.8785477,5.4328237,0.9956483
3,103,424,1.0,0.3871981,0.61280197,-2.5946765,-11.643609,-1.0046538,-7.1352267,-8.13988,0.0002915871
3,7,294,1.0,0.3871981,0.61280197,6.3374934,6.8248,2.4538653,4.182251,6.636116,0.9986896
3,84,201,1.0,0.3871981,0.61280197,-7.8246717,-7.455631,-3.029698,-4.5688252,-7.598523,0.00050094
3,3,158,1.0,0.3871981,0.61280197,5.2645106,6.8049545,2.0384085,4.1700897,6.208498,0.9979918
3,8,411,1.0,0.3871981,0.61280197,6.746202,5.8222213,2.6121166,3.5678687,6.179985,0.99793386
3,217,17,1.0,0.3871981,0.61280197,1.1176485,4.018938,0.43275136,2.4628131,2.8955646,0.94762677
3,7,303,1.0,0.3871981,0.61280197,4.2216535,5.2599845,1.6346161,3.2233288,4.857945,0.99229336
3,55,504,1.0,0.3871981,0.61280197,1.6949426,3.3610806,0.65627855,2.059677,2.7159555,0.9379616
3,8,270,1.0,0.3871981,0.61280197,6.8662124,6.440264,2.6585844,3.9466066,6.605191,0.99864846
3,23,443,1.0,0.3871981,0.61280197,5.0115986,5.462131,1.9404814,3.3472047,5.2876863,0.994972
3,3,225,1.0,0.3871981,0.61280197,3.6966596,4.1318665,1.4313395,2.5320158,3.9633553,0.981355
3,383,594,1.0,0.3871981,0.61280197,-1.7136542,7.3050957,-0.6635236,4.476577,3.8130531,0.97839636
3,13,227,1.0,0.3871981,0.61280197,6.131208,4.8261404,2.373992,2.9574683,5.33146,0.99518627
3,21,556,1.0,0.3871981,0.61280197,4.3280587,6.791691,1.675816,4.1619616,5.8377776,0.9970932
3,24,354,1.0,0.3871981,0.61280197,-1.5879103,-11.082173,-0.61483586,-6.7911777,-7.4060135,0.00060721906
3,9,193,1.0,0.3871981,0.61280197,1.8521978,7.1251464,0.71716744,4.366304,5.0834713,0.9938398
3,8,314,1.0,0.3871981,0.61280197,3.15617,6.2956805,1.222063,3.8580055,5.0800686,0.99381894
3,76,204,1.0,0.3871981,0.61280197,8.114779,8.745077,3.1420271,5.3590007,8.501028,0.9997968
3,19,14,1.0,0.3871981,0.61280197,5.674976,3.4282799,2.1973398,2.1008565,4.2981963,0.9865892
3,8,206,1.0,0.3871981,0.61280197,4.920057,3.140257,1.9050366,1.9243556,3.8293922,0.9787391
3,67,111,1.0,0.3871981,0.61280197,3.93808,2.9779353,1.5248171,1.8248847,3.349702,0.96609503
3,3,510,1.0,0.3871981,0.61280197,4.556502,5.711902,1.7642689,3.500265,5.264534,0.9948548
3,16,396,1.0,0.3871981,0.61280197,5.3984704,4.455622,2.0902774,2.7304142,4.8206916,0.9920033
3,195,342,1.0,0.3871981,0.61280197,3.1216788,4.18413,1.208708,2.5640433,3.7727513,0.9775279
3,38,273,1.0,0.3871981,0.61280197,-3.3790808,-10.117467,-1.3083736,-6.2000036,-7.508377,0.00054816983
3,6,449,1.0,0.3871981,0.61280197,1.570177,6.4628844,0.6079695,3.9604683,4.5684376,0.9897323
3,35,175,1.0,0.3871981,0.61280197,0.88254595,0.007667601,0.3417201,0.004698721,0.34641883,0.58574885
3,31,212,1.0,0.3871981,0.61280197,4.480005,-2.614305,1.7346493,-1.6020513,0.13259804,0.533101
3,379,608,1.0,0.3871981,0.61280197,1.4085327,-5.626939,0.5453812,-3.4481993,-2.9028182,0.052014425
3,355,17,1.0,0.3871981,0.61280197,0.97804415,-3.0348828,0.37869683,-1.8597821,-1.4810853,0.18526354
3,8,132,1.0,0.3871981,0.61280197,8.405694,6.198671,3.2546687,3.7985578,7.0532265,0.99913615
3,16,268,1.0,0.3871981,0.61280197,2.2820206,2.2581878,0.88359404,1.383822,2.267416,0.90614223
3,23,7,1.0,0.3871981,0.61280197,1.6126901,0.84039474,0.62443054,0.5149956,1.1394261,0.7575743
3,8,441,1.0,0.3871981,0.61280197,5.6669254,5.014094,2.1942227,3.0726466,5.2668695,0.9948667
3,74,46,1.0,0.3871981,0.61280197,3.5743754,4.272362,1.3839914,2.618112,4.0021033,0.9820509
3,310,342,1.0,0.3871981,0.61280197,7.147962,7.921473,2.7676773,4.8542943,7.6219716,0.99951065
3,172,415,1.0,0.3871981,0.61280197,2.6347468,2.616497,1.0201689,1.6033945,2.6235633,0.9323628
3,45,72,1.0,0.3871981,0.61280197,1.5275313,0.81097925,0.5914572,0.49696967,1.0884268,0.7480854
3,3,624,1.0,0.3871981,0.61280197,5.686335,3.264453,2.201738,2.0004632,4.2022014,0.98525804
3,355,470,1.0,0.3871981,0.61280197,2.6207576,-3.827645,1.0147524,-2.3455884,-1.330836,0.2090211
3,8,71,1.0,0.3871981,0.61280197,6.54765,3.974658,2.5352376,2.4356782,4.970916,0.993111
3,30,608,1.0,0.3871981,0.61280197,0.15801826,-4.4282193,0.06118437,-2.7136216,-2.6524372,0.06583895
3,7,65,1.0,0.3871981,0.61280197,7.706827,-0.41256636,2.9840689,-0.25282148,2.7312474,0.9388455
3,154,277,1.0,0.3871981,0.61280197,-1.4554309,-7.753056,-0.56354004,-4.751088,-5.314628,0.004895028
3,151,342,1.0,0.3871981,0.61280197,6.0727134,8.453892,2.351343,5.1805615,7.531904,0.9994646
3,16,184,1.0,0.3871981,0.61280197,2.75291,-1.0096434,1.0659214,-0.6187115,0.44720995,0.6099757
3,3,217,1.0,0.3871981,0.61280197,6.456205,8.195563,2.4998302,5.0222573,7.5220876,0.9994593
3,145,212,1.0,0.3871981,0.61280197,-1.4113703,-7.524054,-0.5464799,-4.610755,-5.1572347,0.0057246396
3,91,373,1.0,0.3871981,0.61280197,2.4744804,7.547928,0.9581141,4.6253853,5.5834994,0.9962547
3,113,113,0.0,0.3871981,0.61280197,-3.894142,-13.510751,-1.5078043,-8.279415,-9.787219,5.6161713e-05
3,397,261,0.0,0.3871981,0.61280197,-7.088856,-17.688599,-2.7447915,-10.839608,-13.5844,1.2599968e-06
3,47,302,0.0,0.3871981,0.61280197,-4.8387966,-5.771502,-1.8735728,-3.5367877,-5.4103603,0.004450137
3,230,197,0.0,0.3871981,0.61280197,-5.2178636,-0.84193826,-2.0203469,-0.51594144,-2.5362883,0.07335307
3,300,557,0.0,0.3871981,0.61280197,-13.147641,-25.880657,-5.0907416,-15.859717,-20.950459,7.9676726e-10
3,212,63,0.0,0.3871981,0.61280197,-9.82981,-17.271801,-3.8060837,-10.584193,-14.390277,5.62836e-07
3,261,267,0.0,0.3871981,0.61280197,-10.201384,-11.235548,-3.9499562,-6.885166,-10.835122,1.9695077e-05
3,394,302,0.0,0.3871981,0.61280197,-1.5274814,-11.698121,-0.5914379,-7.1686316,-7.7600694,0.0004262452
3,122,166,0.0,0.3871981,0.61280197,-5.929093,-21.586338,-2.2957335,-13.22815,-15.523884,1.8116022e-07
3,309,487,0.0,0.3871981,0.61280197,-10.706422,-21.153019,-4.145506,-12.962611,-17.108116,3.71569e-08
3,7,602,0.0,0.3871981,0.61280197,-1.0665126,-6.3892274,-0.41295165,-3.9153311,-4.328283,0.013018461
3,30,56,0.0,0.3871981,0.61280197,0.5962785,-2.550849,0.23087789,-1.5631653,-1.3322874,0.20878124
3,410,646,0.0,0.3871981,0.61280197,-4.5197396,-12.43016,-1.7500346,-7.617226,-9.367261,8.546989e-05
3,47,244,0.0,0.3871981,0.61280197,-0.08997483,-14.684754,-0.03483808,-8.998846,-9.033684,0.000119307886
3,162,372,0.0,0.3871981,0.61280197,-7.5027137,-15.186746,-2.9050364,-9.306468,-12.211504,4.972892e-06
3,157,517,0.0,0.3871981,0.61280197,-12.627557,-21.613312,-4.8893657,-13.24468,-18.134047,1.3319369e-08
3,213,405,0.0,0.3871981,0.61280197,-15.836848,-16.205105,-6.1319976,-9.93052,-16.062517,1.0571519e-07
3,98,527,0.0,0.3871981,0.61280197,-10.2415495,-16.002747,-3.9655085,-9.806515,-13.772023,1.0444458e-06
3,370,211,0.0,0.3871981,0.61280197,-5.941855,-17.656664,-2.300675,-10.820039,-13.120714,2.0032971e-06
3,79,558,0.0,0.3871981,0.61280197,-4.8346276,-11.769469,-1.8719586,-7.2123537,-9.084312,0.000113418515
3,69,179,0.0,0.3871981,0.61280197,-2.9875567,-10.567965,-1.1567762,-6.4760695,-7.632846,0.00048404626
3,346,372,0.0,0.3871981,0.61280197,-5.3947425,-17.767017,-2.088834,-10.887663,-12.976497,2.3140785e-06
3,309,110,0.0,0.3871981,0.61280197,-9.738807,-11.92489,-3.7708473,-7.3075957,-11.078444,1.544139e-05
3,276,14,0.0,0.3871981,0.61280197,-2.1807175,-6.533508,-0.84436965,-4.0037465,-4.848116,0.007782105
3,26,304,0.0,0.3871981,0.61280197,-2.1231248,-9.43844,-0.8220699,-5.783895,-6.6059647,0.001350452
3,111,397,0.0,0.3871981,0.61280197,-6.292811,-5.3949847,-2.4365644,-3.3060572,-5.7426214,0.0031961042
3,59,414,0.0,0.3871981,0.61280197,-4.2337484,-11.453027,-1.6392993,-7.0184374,-8.657737,0.00017374697
3,39,179,0.0,0.3871981,0.61280197,-3.242595,-12.227725,-1.2555265,-7.493174,-8.748701,0.00015864211
3,330,404,0.0,0.3871981,0.61280197,-7.8903093,-17.31673,-3.0551126,-10.611727,-13.66684,1.1602898e-06
3,120,334,0.0,0.3871981,0.61280197,-1.3598651,-10.053758,-0.5265372,-6.1609626,-6.6875,0.0012448434
3,382,628,0.0,0.3871981,0.61280197,-4.4907146,-19.082928,-1.7387961,-11.694056,-13.432852,1.4661756e-06
3,84,435,0.0,0.3871981,0.61280197,-3.4050014,-14.647895,-1.31841,-8.976259,-10.294669,3.3811724e-05
3,218,542,0.0,0.3871981,0.61280197,-2.9708097,-22.510353,-1.1502918,-13.794389,-14.94468,3.2330146e-07
3,409,40,0.0,0.3871981,0.61280197,-7.541607,-23.116787,-2.9200957,-14.166013,-17.08611,3.7983682e-08
3,361,646,0.0,0.3871981,0.61280197,-3.918836,-16.607285,-1.5173658,-10.176976,-11.694342,8.340812e-06
3,180,331,0.0,0.3871981,0.61280197,-0.8478637,-4.9384923,-0.3282912,-3.0263178,-3.354609,0.03374456
3,164,512,0.0,0.3871981,0.61280197,-8.125444,-14.185292,-3.1461565,-8.692775,-11.838931,7.2179596e-06
3,294,362,0.0,0.3871981,0.61280197,-19.709272,-21.06652,-7.6313925,-12.909605,-20.540997,1.1999373e-09
3,84,38,0.0,0.3871981,0.61280197,-4.193309,-1.6870276,-1.6236411,-1.0338138,-2.657455,0.06553101
3,130,83,0.0,0.3871981,0.61280197,-5.7846217,-10.677251,-2.2397945,-6.5430403,-8.782835,0.00015331924
3,198,174,0.0,0.3871981,0.61280197,-9.126557,-21.046389,-3.5337856,-12.897268,-16.431053,7.312809e-08
3,281,542,0.0,0.3871981,0.61280197,-5.7969265,-17.1377,-2.2445588,-10.502016,-12.746574,2.9122712e-06
3,248,447,0.0,0.3871981,0.61280197,-12.123418,-18.088072,-4.6941643,-11.084406,-15.77857,1.4042809e-07
3,249,186,0.0,0.3871981,0.61280197,-15.8854685,-14.867812,-6.150823,-9.111025,-15.261848,2.3543083e-07
3,127,266,0.0,0.3871981,0.61280197,-2.3297625,-9.358815,-0.9020796,-5.7351003,-6.63718,0.0013090027
3,191,607,0.0,0.3871981,0.61280197,-7.0893974,-7.992723,-2.745001,-4.8979564,-7.6429577,0.0004791787
3,120,430,0.0,0.3871981,0.61280197,-7.706062,-13.280703,-2.9837725,-8.138441,-11.122213,1.4780111e-05
3,345,137,0.0,0.3871981,0.61280197,-6.1592336,-20.11752,-2.3848436,-12.328055,-14.712899,4.076326e-07
3,34,616,0.0,0.3871981,0.61280197,-5.3351703,-8.06236,-2.0657678,-4.94063,-7.0063977,0.00090524636
3,42,2,0.0,0.3871981,0.61280197,-2.535792,-11.641108,-0.98185384,-7.1336937,-8.115547,0.00029876715
3,410,129,0.0,0.3871981,0.61280197,-5.931548,-3.7590554,-2.296684,-2.3035564,-4.6002407,0.009949431
3,82,524,0.0,0.3871981,0.61280197,-10.151018,-19.634281,-3.9304547,-12.031926,-15.962381,1.16849215e-07
3,273,398,0.0,0.3871981,0.61280197,-9.755828,-11.833658,-3.777438,-7.251689,-11.029127,1.6221982e-05
3,326,279,0.0,0.3871981,0.61280197,-12.147857,-21.545921,-4.703627,-13.203383,-17.907011,1.6714136e-08
3,295,538,0.0,0.3871981,0.61280197,-15.279658,-15.32393,-5.9162545,-9.390534,-15.306789,2.2508458e-07
3,393,402,0.0,0.3871981,0.61280197,-1.8186146,-5.9073033,-0.7041641,-3.620007,-4.324171,0.0130714
3,138,39,0.0,0.3871981,0.61280197,-6.478931,-18.870499,-2.5086298,-11.563879,-14.072509,7.73369e-07
3,306,32,0.0,0.3871981,0.61280197,-17.169651,-20.60884,-6.648056,-12.629138,-19.277195,4.2463966e-09
3,33,109,0.0,0.3871981,0.61280197,-3.7912679,-6.395845,-1.4679717,-3.9193864,-5.387358,0.0045532146
3,21,566,0.0,0.3871981,0.61280197,-5.9048715,-10.034247,-2.286355,-6.1490064,-8.435362,0.00021700743
3,76,391,0.0,0.3871981,0.61280197,-2.217697,-9.638437,-0.858688,-5.906453,-6.765141,0.0011519563
3,86,127,0.0,0.3871981,0.61280197,-2.544416,-7.41045,-0.985193,-4.541138,-5.526331,0.003964785
3,113,363,0.0,0.3871981,0.61280197,-1.80081,-18.275913,-0.6972702,-11.199515,-11.896786,6.8122195e-06
3,398,126,0.0,0.3871981,0.61280197,0.5329848,-5.7851644,0.2063707,-3.54516,-3.3387895,0.034264192
3,93,215,0.0,0.3871981,0.61280197,3.5120192,-18.095095,1.3598471,-11.08871,-9.728863,5.953642e-05
3,14,405,0.0,0.3871981,0.61280197,-9.808238,-7.6802177,-3.797731,-4.7064524,-8.504183,0.00020257803
3,288,600,0.0,0.3871981,0.61280197,-5.8944926,-14.785392,-2.2823362,-9.060517,-11.342854,1.1853761e-05
3,166,346,0.0,0.3871981,0.61280197,-7.709378,-20.361156,-2.9850564,-12.477357,-15.462414,1.9264553e-07
3,237,100,0.0,0.3871981,0.61280197,-6.1478367,-16.9623,-2.3804307,-10.39453,-12.774961,2.8307627e-06
3,226,219,0.0,0.3871981,0.61280197,-7.2534914,-10.417129,-2.808538,-6.383637,-9.192175,0.00010182278
3,133,298,0.0,0.3871981,0.61280197,-2.018454,-1.7486026,-0.7815416,-1.0715472,-1.8530887,0.13551065
3,3,527,0.0,0.3871981,0.61280197,3.7329168,0.42553473,1.4453783,0.2607685,1.7061468,0.8463358
3,279,261,0.0,0.3871981,0.61280197,-10.972246,-19.364092,-4.2484326,-11.866354,-16.114786,1.00331484e-07
3,264,498,0.0,0.3871981,0.61280197,-8.772005,-13.443576,-3.3965037,-8.23825,-11.634753,8.85293e-06
3,281,290,0.0,0.3871981,0.61280197,-6.936502,-11.6394415,-2.6858003,-7.132673,-9.818473,5.4433687e-05
3,362,147,0.0,0.3871981,0.61280197,-8.948558,-24.0972,-3.4648645,-14.766812,-18.231676,1.20804655e-08
3,295,126,0.0,0.3871981,0.61280197,-9.068389,-14.574084,-3.511263,-8.931027,-12.44229,3.9480283e-06
3,150,345,0.0,0.3871981,0.61280197,-5.450619,-17.5391,-2.1104693,-10.747995,-12.858465,2.6039845e-06
3,181,292,0.0,0.3871981,0.61280197,-3.97293,-16.578787,-1.5383109,-10.159513,-11.6978245,8.311813e-06
3,28,129,0.0,0.3871981,0.61280197,2.6271272,-0.45765567,1.0172186,-0.28045228,0.73676634,0.6762883
3,269,483,0.0,0.3871981,0.61280197,-7.6755357,-22.192038,-2.9719527,-13.599324,-16.571278,6.356024e-08
3,361,541,0.0,0.3871981,0.61280197,-4.000735,-22.160795,-1.5490769,-13.580179,-15.129256,2.6881122e-07
3,312,645,0.0,0.3871981,0.61280197,-11.616521,-20.046362,-4.497895,-12.284451,-16.782345,5.1465978e-08
3,197,195,0.0,0.3871981,0.61280197,-6.983405,-7.72683,-2.7039611,-4.735017,-7.438978,0.0005875402
3,6,36,0.0,0.3871981,0.61280197,0.4248978,3.3241696,0.16451961,2.0370576,2.2015772,0.9003911
3,286,521,0.0,0.3871981,0.61280197,-10.831855,-19.586308,-4.1940737,-12.002528,-16.196602,9.244962e-08
3,10,273,0.0,0.3871981,0.61280197,-9.262202,-10.517579,-3.586307,-6.4451933,-10.0315,4.3990192e-05
3,142,326,0.0,0.3871981,0.61280197,-1.1149544,-12.278867,-0.4317082,-7.5245137,-7.956222,0.0003503519
3,38,457,0.0,0.3871981,0.61280197,-0.848915,-10.552507,-0.32869825,-6.466597,-6.7952952,0.0011177767
3,136,404,0.0,0.3871981,0.61280197,-1.5141917,-14.07319,-0.58629215,-8.624079,-9.210371,9.998694e-05
3,190,489,0.0,0.3871981,0.61280197,-3.2433636,-14.338464,-1.2558242,-8.786639,-10.042463,4.351056e-05
3,13,335,0.0,0.3871981,0.61280197,3.0308604,2.41777,1.1735433,1.4816141,2.6551576,0.9343282
3,365,269,0.0,0.3871981,0.61280197,-5.7259555,-14.1911745,-2.217079,-8.69638,-10.913459,1.821114e-05
3,288,257,0.0,0.3871981,0.61280197,-9.466458,-10.55206,-3.6653945,-6.4663234,-10.131718,3.979547e-05
3,270,419,0.0,0.3871981,0.61280197,-8.612266,-10.054928,-3.334653,-6.1616797,-9.496332,7.5121236e-05
3,46,381,0.0,0.3871981,0.61280197,-6.352609,-15.6266775,-2.4597182,-9.576058,-12.035776,5.928246e-06
3,77,425,0.0,0.3871981,0.61280197,-4.520358,-16.019394,-1.7502741,-9.816716,-11.56699,9.473621e-06
3,20,379,0.0,0.3871981,0.61280197,-7.8598084,-19.756855,-3.0433028,-12.107039,-15.150342,2.6320245e-07
3,223,290,0.0,0.3871981,0.61280197,-6.1350694,-6.8255534,-2.375487,-4.1827126,-6.5582,0.0014164277
3,350,482,0.0,0.3871981,0.61280197,-5.261906,-17.733109,-2.0374,-10.866884,-12.9042845,2.487364e-06
3,282,580,0.0,0.3871981,0.61280197,-12.539105,-15.095906,-4.855118,-9.250801,-14.105919,7.479575e-07
3,185,164,0.0,0.3871981,0.61280197,-4.6614833,-5.579136,-1.8049175,-3.4189055,-5.223823,0.0053578345
3,187,43,0.0,0.3871981,0.61280197,-7.9881415,-15.354711,-3.0929933,-9.409397,-12.50239,3.7177438e-06
3,49,434,0.0,0.3871981,0.61280197,-8.078271,-6.9373245,-3.127891,-4.251206,-7.379097,0.000623775
3,254,432,0.0,0.3871981,0.61280197,-11.309157,-18.487278,-4.3788843,-11.329041,-15.707925,1.5070749e-07
3,321,500,0.0,0.3871981,0.61280197,-9.187064,-22.840672,-3.5572138,-13.996808,-17.554022,2.3789493e-08
3,80,439,0.0,0.3871981,0.61280197,-9.619275,-13.054189,-3.724565,-7.9996324,-11.724197,8.095473e-06
3,228,122,0.0,0.3871981,0.61280197,-3.3140373,-20.103912,-1.2831889,-12.319717,-13.602906,1.2368937e-06
3,160,305,0.0,0.3871981,0.61280197,-2.7803495,-16.90731,-1.0765461,-10.360833,-11.437379,1.0784618e-05
3,273,282,0.0,0.3871981,0.61280197,-1.2567377,-5.115919,-0.48660645,-3.1350453,-3.6216516,0.02604215
3,42,341,0.0,0.3871981,0.61280197,-2.9000401,-13.019824,-1.12289,-7.978574,-9.101463,0.00011149009
3,316,167,0.0,0.3871981,0.61280197,-11.893453,-23.45109,-4.605122,-14.370874,-18.975996,5.738913e-09
3,293,150,0.0,0.3871981,0.61280197,-11.874106,-9.488206,-4.5976315,-5.814391,-10.412023,3.0067893e-05
3,386,494,0.0,0.3871981,0.61280197,-7.14527,-18.32488,-2.766635,-11.229523,-13.996158,8.347292e-07
3,367,11,0.0,0.3871981,0.61280197,-5.7511454,-18.307926,-2.2268324,-11.219133,-13.445966,1.4470737e-06
3,117,242,0.0,0.3871981,0.61280197,-3.627768,-12.716855,-1.4046649,-7.792914,-9.197578,0.00010127411
3,10,98,0.0,0.3871981,0.61280197,-7.400498,-7.5371203,-2.8654587,-4.618762,-7.4842205,0.0005615654
3,6,379,0.0,0.3871981,0.61280197,-3.302024,-7.242368,-1.2785374,-4.4381375,-5.716675,0.003279842
3,16,367,0.0,0.3871981,0.61280197,0.89072776,-1.1069319,0.3448881,-0.67833006,-0.33344197,0.4174034
3,61,631,0.0,0.3871981,0.61280197,-3.0704052,-13.253148,-1.188855,-8.121555,-9.3104105,9.046921e-05
3,57,605,0.0,0.3871981,0.61280197,-5.1663823,-21.053432,-2.0004134,-12.901585,-14.9019985,3.3739929e-07
3,195,253,0.0,0.3871981,0.61280197,-4.226647,-15.759376,-1.6365496,-9.657376,-11.293926,1.24481485e-05
3,403,268,0.0,0.3871981,0.61280197,-7.8600574,-11.022804,-3.043399,-6.754796,-9.798195,5.5548702e-05
3,51,288,0.0,0.3871981,0.61280197,-6.590861,-15.426166,-2.5519688,-9.453185,-12.005154,6.1125916e-06
3,40,109,0.0,0.3871981,0.61280197,2.226354,-4.8608723,0.86204,-2.9787521,-2.116712,0.10748308
3,212,594,0.0,0.3871981,0.61280197,-4.8622255,-10.303338,-1.8826444,-6.3139057,-8.19655,0.00027552672
3,85,604,0.0,0.3871981,0.61280197,-2.8013897,-12.059737,-1.0846927,-7.3902307,-8.474923,0.00020859172
3,246,623,0.0,0.3871981,0.61280197,-7.7350373,-19.539768,-2.9949918,-11.974009,-14.969,3.1553375e-07
3,261,357,0.0,0.3871981,0.61280197,-9.794228,-15.68633,-3.7923062,-9.612614,-13.40492,1.5077062e-06
3,403,124,0.0,0.3871981,0.61280197,-9.823641,-15.909689,-3.803695,-9.749489,-13.553184,1.2999499e-06
3,78,436,0.0,0.3871981,0.61280197,-10.962722,-15.701743,-4.244745,-9.622059,-13.866804,9.499988e-07
3,204,473,0.0,0.3871981,0.61280197,-9.811605,-15.405864,-3.7990348,-9.440743,-13.2397785,1.7784287e-06
3,397,173,0.0,0.3871981,0.61280197,-5.281155,-15.208009,-2.0448532,-9.319498,-11.364351,1.16016545e-05
3,112,627,0.0,0.3871981,0.61280197,-6.20987,-12.015927,-2.4044497,-7.363384,-9.767834,5.7260982e-05
3,87,310,0.0,0.3871981,0.61280197,0.450496,-0.58080864,0.17443119,-0.35592067,-0.18148948,0.4547518
3,178,305,0.0,0.3871981,0.61280197,-5.701246,-11.678544,-2.2075114,-7.156635,-9.364146,8.5736494e-05
3,287,133,0.0,0.3871981,0.61280197,-11.670754,-21.663181,-4.5188937,-13.27524,-17.794134,1.8711376e-08
3,154,530,0.0,0.3871981,0.61280197,-15.880849,-19.047615,-6.1490345,-11.672416,-17.82145,1.8207189e-08
3,244,295,0.0,0.3871981,0.61280197,-3.7169087,-7.9029946,-1.4391799,-4.842971,-6.2821507,0.0018658878
3,11,292,0.0,0.3871981,0.61280197,-1.8526449,-11.164775,-0.7173406,-6.841796,-7.5591364,0.0005210536
3,67,555,0.0,0.3871981,0.61280197,-4.132647,-17.950144,-1.6001531,-10.999884,-12.600037,3.3718802e-06
3,229,479,0.0,0.3871981,0.61280197,-4.2499337,-11.362796,-1.6455662,-6.963144,-8.60871,0.00018247584
3,410,558,0.0,0.3871981,0.61280197,-3.6125355,-13.955226,-1.3987669,-8.55179,-9.950557,4.7698795e-05
3,168,427,0.0,0.3871981,0.61280197,-4.909821,-15.5896015,-1.9010733,-9.553338,-11.4544115,1.06024845e-05
3,330,171,0.0,0.3871981,0.61280197,-12.782887,-23.577333,-4.9495096,-14.448236,-19.397747,3.764138e-09
3,380,593,0.0,0.3871981,0.61280197,-5.6328654,-14.985413,-2.1810348,-9.18309,-11.364125,1.1604277e-05
3,203,603,0.0,0.3871981,0.61280197,-4.384033,-10.734439,-1.6974893,-6.5780854,-8.275575,0.00025459682
3,73,449,0.0,0.3871981,0.61280197,-6.238428,-13.60435,-2.4155076,-8.336773,-10.75228,2.1396107e-05
3,341,37,0.0,0.3871981,0.61280197,-5.199837,-18.630451,-2.013367,-11.416778,-13.430144,1.4701504e-06
3,197,23,0.0,0.3871981,0.61280197,-5.9642515,-12.375757,-2.309347,-7.5838885,-9.893235,5.0512703e-05
3,166,620,0.0,0.3871981,0.61280197,-6.2150283,-18.526457,-2.4064472,-11.353049,-13.759497,1.0576113e-06
3,304,519,0.0,0.3871981,0.61280197,-20.858973,-19.831797,-8.076554,-12.152964,-20.229519,1.6384438e-09
3,366,643,0.0,0.3871981,0.61280197,-2.0694544,-9.029223,-0.8012888,-5.533126,-6.3344145,0.0017710422
3,201,299,0.0,0.3871981,0.61280197,-7.112764,-17.057095,-2.7540486,-10.452621,-13.20667,1.8382957e-06
3,159,97,0.0,0.3871981,0.61280197,-12.351357,-12.938503,-4.782422,-7.9287405,-12.711163,3.0172475e-06
3,51,372,0.0,0.3871981,0.61280197,-6.2507567,-13.21281,-2.4202812,-8.096836,-10.5171175,2.7068372e-05
3,268,547,0.0,0.3871981,0.61280197,-11.762039,-19.028328,-4.5542393,-11.660597,-16.214836,9.077915e-08
3,96,261,0.0,0.3871981,0.61280197,-13.381683,-16.72351,-5.181362,-10.2482,-15.429563,1.9907925e-07
3,49,570,0.0,0.3871981,0.61280197,-11.103807,-18.477629,-4.299373,-11.323127,-15.622499,1.6414764e-07
3,109,453,0.0,0.3871981,0.61280197,-1.6109496,2.8940203,-0.62375665,1.7734613,1.1497047,0.759457
3,78,296,0.0,0.3871981,0.61280197,-5.3696847,-7.0435596,-2.0791316,-4.316307,-6.3954387,0.0016663721
3,16,564,0.0,0.3871981,0.61280197,1.5425445,2.4532857,0.59727025,1.5033783,2.1006484,0.8909662
3,187,468,0.0,0.3871981,0.61280197,-16.633951,-17.060574,-6.4406343,-10.454753,-16.895388,4.5964907e-08
3,306,552,0.0,0.3871981,0.61280197,-14.007787,-22.724995,-5.423788,-13.925921,-19.349709,3.9493746e-09
3,100,424,0.0,0.3871981,0.61280197,1.7464926,-13.454284,0.6762386,-8.244812,-7.5685735,0.0005161621
3,175,377,0.0,0.3871981,0.61280197,-2.9056718,-14.666531,-1.1250706,-8.987679,-10.112749,4.055751e-05
3,48,344,0.0,0.3871981,0.61280197,-3.428279,-20.971893,-1.3274231,-12.851618,-14.179041,6.952171e-07
3,120,444,0.0,0.3871981,0.61280197,-5.718817,-18.047052,-2.2143152,-11.059269,-13.273584,1.7193125e-06
3,255,125,0.0,0.3871981,0.61280197,-14.360625,-15.192841,-5.5604067,-9.310203,-14.870609,3.4815795e-07
3,165,379,0.0,0.3871981,0.61280197,-5.8121333,-12.738295,-2.250447,-7.806052,-10.0564995,4.2904136e-05
3,267,518,0.0,0.3871981,0.61280197,-6.9015164,-8.2507105,-2.672254,-5.0560517,-7.728306,0.00043999555
3,317,43,0.0,0.3871981,0.61280197,-11.627244,-19.97583,-4.5020466,-12.241228,-16.743275,5.3516562e-08
3,410,271,0.0,0.3871981,0.61280197,-4.4755263,-3.1509912,-1.7329153,-1.9309336,-3.6638489,0.024992999
3,373,456,0.0,0.3871981,0.61280197,-3.1369948,-16.260975,-1.2146384,-9.964757,-11.179396,1.3958672e-05
3,9,37,0.0,0.3871981,0.61280197,1.2656394,2.4749207,0.49005318,1.5166363,2.0066895,0.8814976
3,279,99,0.0,0.3871981,0.61280197,-3.16996,-3.3564172,-1.2274024,-2.056819,-3.2842214,0.036116473
3,372,149,0.0,0.3871981,0.61280197,-4.56955,-3.275079,-1.7693211,-2.006975,-3.7762961,0.022394381
3,412,276,0.0,0.3871981,0.61280197,-5.442185,-15.726794,-2.1072037,-9.63741,-11.744614,7.931872e-06
3,96,329,0.0,0.3871981,0.61280197,0.57918847,-11.27752,0.22426067,-6.910887,-6.686626,0.0012459306
3,80,484,0.0,0.3871981,0.61280197,-5.3849072,-17.5961,-2.0850258,-10.782925,-12.86795,2.5794018e-06
3,365,460,0.0,0.3871981,0.61280197,-10.738453,-18.814503,-4.1579084,-11.529564,-15.687472,1.5382157e-07
3,396,401,0.0,0.3871981,0.61280197,-4.8923573,-13.185765,-1.8943114,-8.080263,-9.974575,4.6566853e-05
3,413,100,0.0,0.3871981,0.61280197,-6.1456265,-15.705239,-2.3795748,-9.624202,-12.003777,6.1210153e-06
3,397,631,0.0,0.3871981,0.61280197,-4.14818,-13.892593,-1.6061674,-8.513409,-10.119576,4.028156e-05
3,320,405,0.0,0.3871981,0.61280197,-12.513885,-18.255562,-4.845352,-11.187044,-16.032396,1.0894785e-07
3,124,272,0.0,0.3871981,0.61280197,-2.6035974,-12.993963,-1.0081079,-7.962726,-8.970834,0.00012704606
3,401,534,0.0,0.3871981,0.61280197,-9.834365,-8.795476,-3.8078473,-5.389885,-9.197732,0.00010125856
3,261,371,0.0,0.3871981,0.61280197,0.47599182,-13.98234,0.18430312,-8.568405,-8.384102,0.00022841868
3,200,557,0.0,0.3871981,0.61280197,-6.51253,-22.019056,-2.521639,-13.493321,-16.014961,1.1086403e-07
3,10,177,0.0,0.3871981,0.61280197,-4.8346562,-6.41314,-1.8719697,-3.9299848,-5.8019543,0.0030125408
3,97,309,0.0,0.3871981,0.61280197,4.949229,3.0862522,1.9163319,1.8912615,3.8075933,0.97828066
3,224,20,0.0,0.3871981,0.61280197,-8.807594,-17.541103,-3.4102838,-10.749223,-14.159507,7.0893105e-07
3,299,142,0.0,0.3871981,0.61280197,-11.542195,-20.88132,-4.469116,-12.796115,-17.265232,3.1754475e-08
3,169,310,0.0,0.3871981,0.61280197,-6.372502,-18.597958,-2.4674206,-11.396865,-13.864285,9.5239454e-07
3,264,385,0.0,0.3871981,0.61280197,-1.991446,-5.487783,-0.7710841,-3.362924,-4.1340084,0.015765993
3,118,118,0.0,0.3871981,0.61280197,-6.0119677,-11.734848,-2.3278224,-7.191138,-9.51896,7.344061e-05
3,150,306,0.0,0.3871981,0.61280197,-5.130529,-17.26197,-1.986531,-10.57817,-12.564701,3.4931572e-06
3,239,403,0.0,0.3871981,0.61280197,-18.429173,-17.555317,-7.1357403,-10.757933,-17.893673,1.6938563e-08
3,19,41,0.0,0.3871981,0.61280197,-5.0481133,-7.3273034,-1.9546199,-4.4901857,-6.4448056,0.0015862333
3,97,409,0.0,0.3871981,0.61280197,5.307792,5.624392,2.055167,3.4466386,5.5018053,0.9959372
3,84,145,0.0,0.3871981,0.61280197,1.6529014,2.0915594,0.6400003,1.2817117,1.9217119,0.8723292
3,104,584,0.0,0.3871981,0.61280197,-7.9296145,-18.05023,-3.0703316,-11.061216,-14.131548,7.290316e-07
3,14,619,0.0,0.3871981,0.61280197,-2.3870518,-5.006476,-0.9242619,-3.0679784,-3.9922404,0.01812378
3,138,181,0.0,0.3871981,0.61280197,-3.1595654,-13.743913,-1.2233777,-8.422297,-9.645674,6.4700704e-05
3,14,508,0.0,0.3871981,0.61280197,1.2382349,-4.113832,0.47944218,-2.5209644,-2.0415223,0.11491181
3,39,45,0.0,0.3871981,0.61280197,-6.30386,-8.685222,-2.4408426,-5.322321,-7.7631636,0.00042492893
3,225,507,0.0,0.3871981,0.61280197,-0.2812476,-6.7185225,-0.10889853,-4.117124,-4.2260227,0.014399996
3,154,244,0.0,0.3871981,0.61280197,-13.438528,-22.218523,-5.2033725,-13.615555,-18.818928,6.7149615e-09
3,296,254,0.0,0.3871981,0.61280197,-7.3450027,-11.671155,-2.843971,-7.152107,-9.996078,4.5576282e-05
3,206,102,0.0,0.3871981,0.61280197,-3.4580593,-7.180369,-1.338954,-4.400144,-5.739098,0.0032073488
3,94,437,0.0,0.3871981,0.61280197,-8.935583,-13.330209,-3.4598408,-8.168778,-11.628619,8.9074e-06
3,223,25,0.0,0.3871981,0.61280197,-7.012441,-18.76198,-2.7152038,-11.497378,-14.212582,6.722858e-07
3,200,580,0.0,0.3871981,0.61280197,-7.8846593,-21.632986,-3.052925,-13.256737,-16.309662,8.256649e-08
3,138,338,0.0,0.3871981,0.61280197,-4.8265243,-18.911451,-1.868821,-11.588975,-13.457796,1.4300552e-06
3,282,622,0.0,0.3871981,0.61280197,-10.75316,-17.586533,-4.1636033,-10.777061,-14.940664,3.2460244e-07
3,88,399,0.0,0.3871981,0.61280197,-4.5647807,-21.158772,-1.7674744,-12.966137,-14.733611,3.9927656e-07
3,199,477,0.0,0.3871981,0.61280197,-8.227658,-20.689327,-3.1857336,-12.67846,-15.864194,1.289045e-07
3,217,12,0.0,0.3871981,0.61280197,-12.067245,-13.450944,-4.672414,-8.242764,-12.915178,2.4604144e-06
3,373,52,0.0,0.3871981,0.61280197,-5.681869,-6.8327518,-2.2000089,-4.187124,-6.3871326,0.0016802474
3,166,339,0.0,0.3871981,0.61280197,-6.3971562,-17.107124,-2.4769666,-10.483279,-12.960246,2.3519906e-06
3,344,601,0.0,0.3871981,0.61280197,-7.426383,-17.17594,-2.8754814,-10.52545,-13.400931,1.5137313e-06
3,109,522,0.0,0.3871981,0.61280197,0.87568486,-4.090138,0.3390635,-2.5064447,-2.1673813,0.102718145
3,4,445,0.0,0.3871981,0.61280197,-0.54227096,-7.645007,-0.20996629,-4.6848755,-4.8948417,0.0074294833
3,357,502,0.0,0.3871981,0.61280197,-3.8132043,-22.393063,-1.4764655,-13.722513,-15.198978,2.5070756e-07
3,330,94,0.0,0.3871981,0.61280197,-6.248084,-14.156091,-2.4192462,-8.67488,-11.094126,1.5201127e-05
3,158,500,0.0,0.3871981,0.61280197,-12.228043,-22.84261,-4.734675,-13.997996,-18.732672,7.319881e-09
3,256,591,0.0,0.3871981,0.61280197,-8.924712,-13.848088,-3.4556315,-8.4861355,-11.941767,6.5125905e-06
3,172,575,0.0,0.3871981,0.61280197,-6.9043555,-16.675589,-2.6733532,-10.218834,-12.892187,2.5176375e-06
3,357,423,0.0,0.3871981,0.61280197,-1.8627577,-16.710873,-0.7212562,-10.240456,-10.961712,1.7353275e-05
3,359,475,0.0,0.3871981,0.61280197,-9.9425955,-22.474245,-3.849754,-13.772262,-17.622015,2.2225734e-08
3,282,1,0.0,0.3871981,0.61280197,-7.2560706,-19.067957,-2.8095367,-11.684881,-14.494418,5.0717045e-07
3,140,503,0.0,0.3871981,0.61280197,-6.8114696,-14.009967,-2.637388,-8.585336,-11.222724,1.3366789e-05
3,111,39,0.0,0.3871981,0.61280197,-5.8421035,-11.900414,-2.2620513,-7.2925973,-9.554648,7.086604e-05
3,245,612,0.0,0.3871981,0.61280197,-11.682206,-20.478683,-4.523328,-12.549377,-17.072704,3.8496275e-08
3,34,402,0.0,0.3871981,0.61280197,-0.7202841,-7.023112,-0.27889264,-4.3037767,-4.5826693,0.010124016
3,34,636,0.0,0.3871981,0.61280197,-4.9112296,-15.911087,-1.9016187,-9.750345,-11.651964,8.701867e-06
3,33,82,0.0,0.3871981,0.61280197,-7.974247,-11.806096,-3.087613,-7.234799,-10.3224125,3.2886597e-05
3,69,334,0.0,0.3871981,0.61280197,-1.5894164,-6.8176427,-0.615419,-4.177865,-4.793284,0.008217124
3,19,33,0.0,0.3871981,0.61280197,1.6492218,-1.833324,0.6385755,-1.1234646,-0.4848891,0.3810983
3,1,449,0.0,0.3871981,0.61280197,-4.98217,-14.379244,-1.9290868,-8.811629,-10.740716,2.1644964e-05
3,370,413,0.0,0.3871981,0.61280197,-5.409184,-9.103108,-2.0944257,-5.5784025,-7.672828,0.00046508358
3,92,409,0.0,0.3871981,0.61280197,-1.7161955,-13.142091,-0.6645076,-8.053499,-8.718007,0.00016358617
3,178,509,0.0,0.3871981,0.61280197,-8.65754,-15.2835,-3.352183,-9.365759,-12.717942,2.9968608e-06
3,139,508,0.0,0.3871981,0.61280197,-3.39424,-13.999931,-1.3142432,-8.5791855,-9.893429,5.0502924e-05
3,134,250,0.0,0.3871981,0.61280197,-3.994349,-10.616209,-1.5466043,-6.505634,-8.052238,0.00031828706
3,251,196,0.0,0.3871981,0.61280197,-2.1081188,-11.455272,-0.81625956,-7.019813,-7.8360724,0.00039506212
3,192,51,0.0,0.3871981,0.61280197,-1.2656205,-7.9774833,-0.49004582,-4.8886175,-5.3786635,0.004592793
3,143,70,0.0,0.3871981,0.61280197,-0.80178964,-6.148628,-0.31045142,-3.7678914,-4.078343,0.016653473
3,129,569,0.0,0.3871981,0.61280197,-11.196176,-2.7740269,-4.335138,-1.6999291,-6.035067,0.0023876217
3,296,400,0.0,0.3871981,0.61280197,-10.43254,-20.74852,-4.0394597,-12.714734,-16.754194,5.2935363e-08
3,9,77,0.0,0.3871981,0.61280197,-5.789309,-2.5468292,-2.2416093,-1.560702,-3.8023114,0.021831855
3,211,280,0.0,0.3871981,0.61280197,-7.9977303,-11.296479,-3.096706,-6.922505,-10.019211,4.4534103e-05
3,202,233,0.0,0.3871981,0.61280197,-6.223292,-16.088448,-2.4096467,-9.859033,-12.26868,4.6965406e-06
3,209,637,0.0,0.3871981,0.61280197,-7.6454735,-23.03598,-2.9603128,-14.116494,-17.076807,3.833866e-08
3,311,279,0.0,0.3871981,0.61280197,-10.670054,-22.250233,-4.131425,-13.634987,-17.76641,1.9237374e-08
3,101,553,0.0,0.3871981,0.61280197,-6.808203,-11.324506,-2.6361232,-6.9396796,-9.575803,6.938275e-05
3,362,597,0.0,0.3871981,0.61280197,-4.5022464,-9.368451,-1.7432612,-5.7410054,-7.4842668,0.0005615395
3,41,41,0.0,0.3871981,0.61280197,-1.8424,-7.0929027,-0.7133737,-4.3465447,-5.0599184,0.0063060587
3,206,157,0.0,0.3871981,0.61280197,-8.427247,-17.181763,-3.263014,-10.529018,-13.792032,1.0237551e-06
3,199,28,0.0,0.3871981,0.61280197,-3.65794,-7.1081767,-1.4163474,-4.3559046,-5.772252,0.0031030802
3,190,297,0.0,0.3871981,0.61280197,-8.833019,-17.056183,-3.420128,-10.452063,-13.87219,9.448956e-07
3,275,89,0.0,0.3871981,0.61280197,-10.472617,-15.33847,-4.0549774,-9.399445,-13.454422,1.4348885e-06
3,231,92,0.0,0.3871981,0.61280197,-7.231837,-14.91866,-2.8001535,-9.142184,-11.942338,6.508871e-06
3,351,145,0.0,0.3871981,0.61280197,0.90173477,-7.509829,0.34914997,-4.602038,-4.2528877,0.014023642
3,400,316,0.0,0.3871981,0.61280197,-4.0201955,-7.0345755,-1.556612,-4.3108015,-5.8674135,0.0028221966
3,362,124,0.0,0.3871981,0.61280197,-9.251192,-21.335697,-3.582044,-13.074557,-16.6566,5.836199e-08
3,401,317,0.0,0.3871981,0.61280197,-5.0282273,-16.496632,-1.94692,-10.109168,-12.056088,5.809046e-06
3,217,433,0.0,0.3871981,0.61280197,-10.320886,-20.770971,-3.9962273,-12.728492,-16.72472,5.4518814e-08
3,90,62,0.0,0.3871981,0.61280197,-0.65428364,-6.637764,-0.25333738,-4.067635,-4.3209724,0.0131127285
3,297,102,0.0,0.3871981,0.61280197,-12.535983,-11.063752,-4.8539085,-6.779889,-11.633798,8.861393e-06
3,255,644,0.0,0.3871981,0.61280197,-1.7271076,-9.281293,-0.66873276,-5.6875944,-6.356327,0.0017327226
3,333,246,0.0,0.3871981,0.61280197,-11.312192,-17.600704,-4.3800592,-10.785747,-15.165806,2.5916364e-07
3,207,50,0.0,0.3871981,0.61280197,-6.8513527,-15.48928,-2.6528306,-9.491861,-12.144691,5.3164927e-06
3,150,645,0.0,0.3871981,0.61280197,-5.475991,-6.194241,-2.1202931,-3.7958431,-5.9161363,0.0026883483
3,326,212,0.0,0.3871981,0.61280197,-12.747606,-20.946316,-4.9358487,-12.835943,-17.771791,1.9134143e-08
3,411,450,0.0,0.3871981,0.61280197,-10.377041,-15.818933,-4.0179706,-9.693873,-13.7118435,1.1092299e-06
3,181,543,0.0,0.3871981,0.61280197,-2.3054252,-15.012132,-0.8926562,-9.199464,-10.09212,4.1402818e-05
3,283,315,0.0,0.3871981,0.61280197,-11.120454,-21.7001,-4.3058186,-13.297864,-17.603683,2.2636925e-08
3,160,416,0.0,0.3871981,0.61280197,-5.265227,-12.379529,-2.0386858,-7.5861998,-9.624886,6.605971e-05
3,369,169,0.0,0.3871981,0.61280197,-14.892282,-20.001945,-5.766263,-12.257232,-18.023495,1.4876327e-08
3,244,528,0.0,0.3871981,0.61280197,-3.5706592,-7.4868207,-1.3825524,-4.5879383,-5.9704905,0.0025464878
3,306,384,0.0,0.3871981,0.61280197,-12.253686,-25.054657,-4.7446036,-15.353543,-20.098146,1.868469e-09
3,126,397,0.0,0.3871981,0.61280197,-8.088108,-12.90114,-3.1317,-7.905844,-11.037544,1.6086015e-05
3,163,632,0.0,0.3871981,0.61280197,-7.07338,-18.453447,-2.7387993,-11.308309,-14.047108,7.932649e-07
3,259,109,0.0,0.3871981,0.61280197,-3.074871,-3.2379427,-1.1905842,-1.9842176,-3.1748018,0.040125065
3,359,156,0.0,0.3871981,0.61280197,-3.1790051,-19.043285,-1.2309047,-11.669763,-12.900667,2.4963779e-06
3,377,28,0.0,0.3871981,0.61280197,0.31220463,-12.424647,0.12088504,-7.613848,-7.4929633,0.0005566799
3,360,156,0.0,0.3871981,0.61280197,-5.365146,-10.684924,-2.0773745,-6.5477424,-8.625116,0.00017950709
3,77,235,0.0,0.3871981,0.61280197,1.2892475,-8.000615,0.49919418,-4.902793,-4.403599,0.012085392
3,355,356,0.0,0.3871981,0.61280197,-10.09025,-17.885286,-3.9069254,-10.960138,-14.8670635,3.4939458e-07
3,272,268,0.0,0.3871981,0.61280197,-7.2944303,-17.712011,-2.8243895,-10.853955,-13.678345,1.1470171e-06
3,128,42,0.0,0.3871981,0.61280197,-0.772823,-15.204928,-0.29923558,-9.31761,-9.616845,6.659296e-05
3,30,162,0.0,0.3871981,0.61280197,-6.2434125,-7.869317,-2.4174373,-4.822333,-7.23977,0.00071696244
3,115,255,0.0,0.3871981,0.61280197,-3.3475347,-0.14017983,-1.296159,-0.085902475,-1.3820615,0.20067814
3,371,111,0.0,0.3871981,0.61280197,-3.6440377,-6.703428,-1.4109645,-4.107874,-5.5188384,0.003994484
3,149,60,0.0,0.3871981,0.61280197,-9.87917,-12.082998,-3.825196,-7.404485,-11.229681,1.327412e-05
3,26,420,0.0,0.3871981,0.61280197,-2.6486151,-12.353883,-1.0255387,-7.5704837,-8.596023,0.00018480534
3,143,562,0.0,0.3871981,0.61280197,-3.3142967,-13.985774,-1.2832893,-8.57051,-9.853799,5.2544434e-05
3,357,341,0.0,0.3871981,0.61280197,-6.4173913,-23.347294,-2.4848018,-14.307267,-16.792068,5.0967962e-08
3,130,565,0.0,0.3871981,0.61280197,-10.761052,-16.808851,-4.166659,-10.300497,-14.467155,5.2118753e-07
3,147,537,0.0,0.3871981,0.61280197,-10.663586,-14.962522,-4.12892,-9.169063,-13.297983,1.677871e-06
3,209,604,0.0,0.3871981,0.61280197,-8.621634,-19.176634,-3.33828,-11.751479,-15.089759,2.7964103e-07
3,85,68,0.0,0.3871981,0.61280197,-2.7302766,-10.214059,-1.0571579,-6.2591953,-7.3163533,0.0006641399
3,34,514,0.0,0.3871981,0.61280197,-6.7013116,-13.969697,-2.5947351,-8.5606575,-11.155393,1.429777e-05
3,313,210,0.0,0.3871981,0.61280197,-14.661315,-21.922588,-5.676833,-13.434205,-19.111038,5.013968e-09
3,80,357,0.0,0.3871981,0.61280197,-8.247675,-18.316298,-3.193484,-11.224263,-14.4177475,5.4758505e-07
3,223,602,0.0,0.3871981,0.61280197,-8.993569,-13.663707,-3.482293,-8.373146,-11.855439,7.099783e-06
3,262,596,0.0,0.3871981,0.61280197,-3.4625564,-15.189934,-1.3406953,-9.308421,-10.6491165,2.3721226e-05
3,383,285,0.0,0.3871981,0.61280197,-5.6711516,-13.748155,-2.1958592,-8.424896,-10.620755,2.4403605e-05
3,190,260,0.0,0.3871981,0.61280197,-2.6141944,-17.526493,-1.0122111,-10.74027,-11.7524805,7.869718e-06
3,208,339,0.0,0.3871981,0.61280197,2.3831577,-4.4295163,0.9227541,-2.7144163,-1.7916622,0.14286906
3,267,258,0.0,0.3871981,0.61280197,-8.077348,-12.903515,-3.1275337,-7.9072995,-11.034833,1.6129687e-05
3,356,467,0.0,0.3871981,0.61280197,-5.179488,-15.203219,-2.005488,-9.316563,-11.32205,1.210294e-05
3,356,87,0.0,0.3871981,0.61280197,-1.8107096,-8.392125,-0.70110327,-5.1427107,-5.843814,0.0028893966
3,404,497,0.0,0.3871981,0.61280197,-12.880082,-22.241463,-4.987143,-13.629612,-18.616755,8.219516e-09
3,265,100,0.0,0.3871981,0.61280197,-4.316531,-10.747679,-1.6713526,-6.586199,-8.257551,0.00025922596
3,335,604,0.0,0.3871981,0.61280197,-9.059588,-10.679548,-3.5078554,-6.5444484,-10.052303,4.3084536e-05
3,247,11,0.0,0.3871981,0.61280197,-9.855462,-22.781517,-3.8160162,-13.960559,-17.776575,1.9042833e-08
3,65,289,0.0,0.3871981,0.61280197,-2.6472433,-6.9405518,-1.0250075,-4.253184,-5.2781916,0.005075753
3,395,336,0.0,0.3871981,0.61280197,-7.3191314,-9.86359,-2.8339536,-6.0444274,-8.878381,0.00013935022
3,363,242,0.0,0.3871981,0.61280197,-8.568245,-15.336005,-3.317608,-9.397934,-12.715542,3.0040633e-06
3,291,155,0.0,0.3871981,0.61280197,-9.722567,-7.8648677,-3.7645593,-4.8196063,-8.584166,0.00018700924
3,13,265,0.0,0.3871981,0.61280197,-0.5849824,2.0100043,-0.22650407,1.2317346,1.0052305,0.7320857
3,128,5,0.0,0.3871981,0.61280197,-5.234239,-16.430494,-2.0266874,-10.068639,-12.095326,5.5855257e-06
3,325,146,0.0,0.3871981,0.61280197,-15.272158,-18.30455,-5.91335,-11.217065,-17.130415,3.633752e-08
3,177,265,0.0,0.3871981,0.61280197,-3.0181308,-11.470671,-1.1686145,-7.0292497,-8.197865,0.00027516496
3,5,205,0.0,0.3871981,0.61280197,-5.4655023,-17.25019,-2.1162322,-10.5709505,-12.687182,3.0904757e-06
3,363,11,0.0,0.3871981,0.61280197,-11.264346,-21.144848,-4.361533,-12.957604,-17.319138,3.0088056e-08
3,404,388,0.0,0.3871981,0.61280197,-7.162315,-15.674974,-2.7732346,-9.605656,-12.37889,4.2064385e-06
3,90,22,0.0,0.3871981,0.61280197,0.95794165,-10.7210245,0.37091318,-6.5698647,-6.1989517,0.0020274404
3,302,299,0.0,0.3871981,0.61280197,-14.794921,-20.504818,-5.728565,-12.5653925,-18.293957,1.13510366e-08
3,409,391,0.0,0.3871981,0.61280197,-7.802091,-24.021595,-3.0209548,-14.720481,-17.741436,1.9723874e-08
3,107,594,0.0,0.3871981,0.61280197,-6.1185737,-9.404802,-2.3691,-5.7632813,-8.132381,0.0002937812
3,334,202,0.0,0.3871981,0.61280197,-11.093806,-17.752098,-4.2955008,-10.878521,-15.174022,2.5704313e-07
3,342,299,0.0,0.3871981,0.61280197,-12.578875,-16.853367,-4.8705163,-10.327776,-15.198292,2.5087976e-07
3,44,192,0.0,0.3871981,0.61280197,2.3822699,0.81301486,0.92241037,0.4982171,1.4206275,0.8054368
3,14,212,0.0,0.3871981,0.61280197,-0.8538675,-3.3567638,-0.33061585,-2.0570314,-2.3876472,0.08411952
3,42,618,0.0,0.3871981,0.61280197,-6.9940987,-9.471224,-2.7081017,-5.8039846,-8.512087,0.00020098349
3,51,553,0.0,0.3871981,0.61280197,-12.445439,-15.174449,-4.8188505,-9.298932,-14.117783,7.391364e-07
3,352,540,0.0,0.3871981,0.61280197,-4.5758023,-9.300298,-1.7717419,-5.6992407,-7.4709826,0.0005690446
3,81,357,0.0,0.3871981,0.61280197,-1.7549926,-13.859407,-0.6795298,-8.4930725,-9.172603,0.000103835104
3,90,590,0.0,0.3871981,0.61280197,-2.8108728,-14.765745,-1.0883646,-9.048478,-10.136843,3.9592047e-05
3,192,197,0.0,0.3871981,0.61280197,-2.7579198,-10.206849,-1.0678613,-6.2547774,-7.3226385,0.0006599815
3,290,13,0.0,0.3871981,0.61280197,-8.412134,-11.597655,-3.2571623,-7.107066,-10.364228,3.1539817e-05
3,377,444,0.0,0.3871981,0.61280197,-6.474922,-16.139694,-2.5070775,-9.890436,-12.397513,4.128826e-06
3,24,53,0.0,0.3871981,0.61280197,0.5628396,-11.048596,0.21793044,-6.7706017,-6.5526714,0.0014242688
3,116,121,0.0,0.3871981,0.61280197,-8.599004,-16.853054,-3.3295178,-10.327584,-13.657103,1.1716427e-06
3,396,243,0.0,0.3871981,0.61280197,-2.727885,-14.992463,-1.0562319,-9.187411,-10.243643,3.5581725e-05
3,155,481,0.0,0.3871981,0.61280197,-11.274699,-17.422173,-4.365542,-10.676342,-15.041883,2.933546e-07
3,70,385,0.0,0.3871981,0.61280197,-0.77247155,-2.447669,-0.2990995,-1.4999363,-1.7990358,0.14196847
3,208,36,0.0,0.3871981,0.61280197,-5.8080764,-9.941,-2.248876,-6.0918646,-8.34074,0.00023853875
3,332,362,0.0,0.3871981,0.61280197,-16.00904,-21.354076,-6.19867,-13.08582,-19.28449,4.2155297e-09
3,168,145,0.0,0.3871981,0.61280197,-2.4256704,-13.74232,-0.93921494,-8.421321,-9.360536,8.604659e-05
3,60,359,0.0,0.3871981,0.61280197,-2.020238,-11.148184,-0.7822323,-6.831629,-7.613861,0.000493319
3,172,246,0.0,0.3871981,0.61280197,-2.821122,-13.03316,-1.0923331,-7.9867463,-9.07908,0.00011401351
3,354,308,0.0,0.3871981,0.61280197,-7.1976705,-21.768246,-2.7869244,-13.339623,-16.126549,9.9158235e-08
3,384,559,0.0,0.3871981,0.61280197,-8.536826,-16.050846,-3.3054428,-9.83599,-13.141433,1.9622187e-06
3,318,553,0.0,0.3871981,0.61280197,-12.163261,-20.610815,-4.7095914,-12.630348,-17.33994,2.9468643e-08
3,320,268,0.0,0.3871981,0.61280197,-10.812072,-18.62748,-4.186414,-11.414956,-15.60137,1.6765291e-07
3,57,624,0.0,0.3871981,0.61280197,-15.338423,-21.255138,-5.939008,-13.02519,-18.9642,5.8070158e-09
3,70,270,0.0,0.3871981,0.61280197,-2.2189882,-9.809949,-0.85918796,-6.011556,-6.870744,0.0010366288
3,102,437,0.0,0.3871981,0.61280197,-0.9160682,-7.4434114,-0.35469985,-4.561337,-4.9160366,0.007274807
3,76,155,0.0,0.3871981,0.61280197,3.3312318,2.3844976,1.2898467,1.4612248,2.7510715,0.9399738
3,331,422,0.0,0.3871981,0.61280197,-15.854762,-23.03252,-6.1389337,-14.114374,-20.253307,1.5999277e-09
3,281,107,0.0,0.3871981,0.61280197,-6.6840816,-6.60669,-2.5880637,-4.0485926,-6.6366563,0.0013096874
3,409,70,0.0,0.3871981,0.61280197,-4.467364,-13.588489,-1.7297548,-8.327052,-10.056807,4.2890963e-05
3,170,512,0.0,0.3871981,0.61280197,-7.387669,-11.735047,-2.8604913,-7.1912603,-10.051752,4.3108288e-05
3,311,315,0.0,0.3871981,0.61280197,-11.330861,-21.045189,-4.3872876,-12.896533,-17.283821,3.1169645e-08
3,56,640,0.0,0.3871981,0.61280197,-13.179861,-13.456304,-5.103217,-8.246049,-13.349266,1.5939942e-06
3,360,198,0.0,0.3871981,0.61280197,-8.54474,-12.202863,-3.308507,-7.477938,-10.786446,2.067746e-05
3,103,537,0.0,0.3871981,0.61280197,-3.3701873,-11.055509,-1.3049301,-6.7748375,-8.079767,0.0003096472
3,295,196,0.0,0.3871981,0.61280197,-8.767441,-19.158852,-3.3947363,-11.740582,-15.135319,2.6718646e-07
3,231,408,0.0,0.3871981,0.61280197,-3.3118238,-8.212614,-1.2823318,-5.0327063,-6.315038,0.0018056304
3,289,140,0.0,0.3871981,0.61280197,-9.215633,-18.061893,-3.5682757,-11.068364,-14.63664,4.3993444e-07
3,60,472,0.0,0.3871981,0.61280197,-5.143704,-15.845717,-1.9916323,-9.710287,-11.70192,8.277845e-06
3,81,248,0.0,0.3871981,0.61280197,-5.3515496,-13.496725,-2.0721097,-8.27082,-10.34293,3.2218748e-05
3,68,408,0.0,0.3871981,0.61280197,-0.7950013,-11.435202,-0.307823,-7.007514,-7.315337,0.00066481467
3,215,369,0.0,0.3871981,0.61280197,-9.710553,-16.33444,-3.7599077,-10.009777,-13.769685,1.0468909e-06
3,197,356,0.0,0.3871981,0.61280197,-8.796357,-16.901703,-3.4059327,-10.357397,-13.7633295,1.0535655e-06
3,34,332,0.0,0.3871981,0.61280197,-0.51217604,-7.0596857,-0.19831358,-4.3261895,-4.524503,0.01072385
3,262,238,0.0,0.3871981,0.61280197,0.027015649,-11.558261,0.0104604075,-7.082925,-7.0724645,0.0008474216
3,346,378,0.0,0.3871981,0.61280197,-5.4099097,-18.36991,-2.0947068,-11.257116,-13.351823,1.5899238e-06
3,311,31,0.0,0.3871981,0.61280197,-11.946082,-19.147346,-4.6255,-11.733532,-16.359032,7.858919e-08
3,163,90,0.0,0.3871981,0.61280197,-4.9139743,-1.8429703,-1.9026815,-1.1293758,-3.0320573,0.04599846
3,375,277,0.0,0.3871981,0.61280197,-2.2658565,-5.6821513,-0.8773353,-3.4820335,-4.359369,0.0126250265
3,201,493,0.0,0.3871981,0.61280197,-8.121854,-19.78649,-3.1447663,-12.125199,-15.269966,2.3352742e-07
3,259,65,0.0,0.3871981,0.61280197,-4.4208837,-17.416737,-1.7117577,-10.673011,-12.3847685,4.181784e-06
3,129,290,0.0,0.3871981,0.61280197,-0.026093699,4.576279,-0.010103431,2.804353,2.7942495,0.9423643
3,297,636,0.0,0.3871981,0.61280197,-12.4648485,-16.81615,-4.8263655,-10.30497,-15.131335,2.6825293e-07
3,13,286,0.0,0.3871981,0.61280197,1.630168,-8.116991,0.6311979,-4.974108,-4.3429103,0.012831846
3,25,4,0.0,0.3871981,0.61280197,-0.7879604,-11.614022,-0.30509678,-7.1170955,-7.422192,0.00059748
3,185,585,0.0,0.3871981,0.61280197,-6.0517116,-13.568374,-2.3432112,-8.314726,-10.657937,2.3512917e-05
3,360,499,0.0,0.3871981,0.61280197,-8.634105,-17.352135,-3.343109,-10.633422,-13.976531,8.512739e-07
3,41,500,0.0,0.3871981,0.61280197,-4.760024,-10.100032,-1.8430722,-6.1893196,-8.032392,0.00032466513
3,311,383,0.0,0.3871981,0.61280197,-14.814391,-16.865637,-5.736104,-10.335296,-16.0714,1.0478032e-07
3,134,609,0.0,0.3871981,0.61280197,-8.951297,-15.339599,-3.465925,-9.400136,-12.866061,2.5842796e-06
3,14,604,0.0,0.3871981,0.61280197,-3.553044,-7.0260043,-1.3757318,-4.305549,-5.681281,0.0033976051
3,326,436,0.0,0.3871981,0.61280197,-15.562413,-20.393599,-6.025737,-12.497237,-18.522974,9.027648e-09
3,412,218,0.0,0.3871981,0.61280197,-5.808837,-7.337714,-2.2491705,-4.496566,-6.745736,0.0011745017
3,127,276,0.0,0.3871981,0.61280197,-1.1729834,-9.525483,-0.45417693,-5.837235,-6.291412,0.001848719
3,385,499,0.0,0.3871981,0.61280197,-1.6817173,-8.718299,-0.65115774,-5.342591,-5.9937487,0.0024880902
3,210,45,0.0,0.3871981,0.61280197,-7.5582733,-15.001194,-2.926549,-9.192761,-12.11931,5.453157e-06
3,414,467,0.0,0.3871981,0.61280197,-4.767587,-23.16951,-1.8460007,-14.198321,-16.044323,1.076562e-07
3,375,546,0.0,0.3871981,0.61280197,-11.300715,-19.133368,-4.3756156,-11.724965,-16.10058,1.0176697e-07
3,193,553,0.0,0.3871981,0.61280197,-11.420678,-20.491112,-4.422065,-12.5569935,-16.979057,4.2275534e-08
3,93,325,0.0,0.3871981,0.61280197,-8.626499,-14.807221,-3.340164,-9.0738945,-12.414059,4.0610753e-06
3,201,255,0.0,0.3871981,0.61280197,-5.5311346,-16.540968,-2.1416447,-10.136337,-12.277982,4.653056e-06
3,324,381,0.0,0.3871981,0.61280197,-11.1383705,-20.045837,-4.3127556,-12.284128,-16.596884,6.195337e-08
3,126,383,0.0,0.3871981,0.61280197,-9.981833,-15.122659,-3.8649468,-9.267195,-13.132141,1.980536e-06
3,22,485,0.0,0.3871981,0.61280197,-0.02838897,-8.489387,-0.0109921545,-5.202313,-5.213305,0.0054141795
3,60,503,0.0,0.3871981,0.61280197,-5.016089,-15.364272,-1.9422201,-9.4152565,-11.357476,1.168169e-05
3,347,43,0.0,0.3871981,0.61280197,-3.473932,-16.449457,-1.3450998,-10.080259,-11.425359,1.0915031e-05
3,153,148,0.0,0.3871981,0.61280197,-12.897085,-14.6645,-4.9937267,-8.986435,-13.980162,8.4818885e-07
3,91,65,0.0,0.3871981,0.61280197,-4.3077493,-4.6750484,-1.6679523,-2.864879,-4.532831,0.010635859
3,237,255,0.0,0.3871981,0.61280197,-6.024587,-13.977412,-2.3327086,-8.565386,-10.898094,1.8493103e-05
3,168,222,0.0,0.3871981,0.61280197,-4.714579,-16.459124,-1.825476,-10.086184,-11.911659,6.711649e-06
3,70,246,0.0,0.3871981,0.61280197,0.3614228,8.004308,0.13994221,4.9050555,5.0449977,0.9935998
3,210,368,0.0,0.3871981,0.61280197,-8.820532,-17.165813,-3.415293,-10.519244,-13.934537,8.877836e-07
3,414,412,0.0,0.3871981,0.61280197,-9.892987,-21.643692,-3.8305457,-13.263297,-17.093843,3.7691034e-08
3,383,309,0.0,0.3871981,0.61280197,-4.748818,-16.21513,-1.8387332,-9.936664,-11.775396,7.691428e-06
3,411,169,0.0,0.3871981,0.61280197,-12.98298,-18.440853,-5.026985,-11.300591,-16.327576,8.110057e-08
3,368,273,0.0,0.3871981,0.61280197,-8.544486,-13.912685,-3.3084087,-8.525721,-11.834129,7.252701e-06
3,137,200,0.0,0.3871981,0.61280197,-4.167532,-16.006237,-1.6136605,-9.808654,-11.422315,1.0948309e-05
3,206,52,0.0,0.3871981,0.61280197,-6.673387,-15.265582,-2.5839226,-9.354778,-11.938701,6.5325885e-06
3,291,303,0.0,0.3871981,0.61280197,-5.43167,-15.282981,-2.1031322,-9.36544,-11.468573,1.0453402e-05
3,8,399,0.0,0.3871981,0.61280197,0.44255605,-1.288518,0.17135686,-0.78960633,-0.6182495,0.3501797
3,228,177,0.0,0.3871981,0.61280197,-7.367458,-22.99136,-2.8526657,-14.08915,-16.941816,4.3879595e-08
3,106,101,0.0,0.3871981,0.61280197,-1.0613928,-9.899713,-0.41096926,-6.066563,-6.4775324,0.0015352396
3,29,629,0.0,0.3871981,0.61280197,-1.9738346,-14.103524,-0.764265,-8.642668,-9.406933,8.214579e-05
3,149,264,0.0,0.3871981,0.61280197,-7.9101615,-10.132592,-3.0627995,-6.2092724,-9.272072,9.4004696e-05
3,170,11,0.0,0.3871981,0.61280197,-5.361359,-19.891294,-2.075908,-12.1894245,-14.265332,6.3774144e-07
3,79,40,0.0,0.3871981,0.61280197,-2.3880413,-14.999179,-0.924645,-9.191526,-10.116172,4.0418934e-05
3,322,86,0.0,0.3871981,0.61280197,-10.511602,-19.227757,-4.070072,-11.782807,-15.85288,1.3037125e-07
3,167,429,0.0,0.3871981,0.61280197,-4.1785088,-21.848991,-1.6179106,-13.389105,-15.007015,3.0376376e-07
3,159,32,0.0,0.3871981,0.61280197,-10.749362,-13.740992,-4.1621323,-8.4205065,-12.582639,3.431057e-06
3,197,564,0.0,0.3871981,0.61280197,-11.711262,-17.47385,-4.5345783,-10.70801,-15.242588,2.4000926e-07
3,284,179,0.0,0.3871981,0.61280197,-9.321269,-19.500336,-3.6091776,-11.949844,-15.559022,1.7490514e-07
3,128,304,0.0,0.3871981,0.61280197,-1.6826388,-13.781869,-0.65151453,-8.445557,-9.097071,0.00011198086
3,109,461,0.0,0.3871981,0.61280197,5.9228854,1.6864779,2.29333,1.033477,3.326807,0.96533704
3,203,404,0.0,0.3871981,0.61280197,-2.0399203,-12.272201,-0.7898533,-7.5204287,-8.310282,0.00024591424
4,19,400,1.0,0.3822457,0.6177543,1.4265296,0.42379776,0.5452848,0.26180288,0.80708766,0.69148856
4,55,84,1.0,0.3822457,0.6177543,-0.5524245,1.8355459,-0.21116188,1.1339164,0.9227545,0.71560305
4,51,461,1.0,0.3822457,0.6177543,4.670552,8.031453,1.7852982,4.9614644,6.7467628,0.9988267
4,3,103,1.0,0.3822457,0.6177543,3.8905635,0.67084557,1.4871511,0.4144177,1.9015689,0.87006897
4,18,191,1.0,0.3822457,0.6177543,2.9913192,9.608005,1.1434189,5.935386,7.078805,0.9991579
4,3,450,1.0,0.3822457,0.6177543,4.984563,5.072925,1.9053277,3.1338212,5.039149,0.99356246
4,339,342,1.0,0.3822457,0.6177543,6.5074105,8.989746,2.4874296,5.553454,8.040884,0.99967813
4,8,103,1.0,0.3822457,0.6177543,6.587952,2.2950392,2.5182164,1.4177703,3.9359865,0.9808475
4,19,645,1.0,0.3822457,0.6177543,4.7927327,7.6523294,1.8320014,4.727259,6.5592604,0.9985851
4,16,38,1.0,0.3822457,0.6177543,1.9174166,2.558278,0.7329242,1.5803872,2.3133116,0.9099735
4,4,126,1.0,0.3822457,0.6177543,1.23152,-1.8554088,0.47074324,-1.1461867,-0.6754435,0.33727902
4,8,523,1.0,0.3822457,0.6177543,7.5835395,5.922836,2.8987753,3.658857,6.5576324,0.99858284
4,348,17,1.0,0.3822457,0.6177543,1.2586818,1.5472723,0.48112568,0.9558341,1.4369597,0.8079834
4,6,21,1.0,0.3822457,0.6177543,4.92825,9.877261,1.8838023,6.1017203,7.9855227,0.9996598
4,7,314,1.0,0.3822457,0.6177543,1.6166785,5.592427,0.6179684,3.4547455,4.072714,0.98325413
4,8,559,1.0,0.3822457,0.6177543,6.4342504,4.0350723,2.4594646,2.4926832,4.9521475,0.99298143
4,41,100,1.0,0.3822457,0.6177543,0.3738487,0.78635794,0.14290206,0.48577598,0.628678,0.6521897
4,23,326,1.0,0.3822457,0.6177543,6.454543,3.627559,2.4672213,2.24094,4.7081614,0.99105924
4,8,92,1.0,0.3822457,0.6177543,4.3971777,-0.9496498,1.6808022,-0.58665025,1.094152,0.7491628
4,121,72,1.0,0.3822457,0.6177543,3.1840959,10.973466,1.2171069,6.7789054,7.996012,0.99966335
4,75,160,1.0,0.3822457,0.6177543,1.3450584,-7.4442353,0.5141428,-4.598708,-4.084565,0.01655188
4,212,132,1.0,0.3822457,0.6177543,3.9294055,6.4472566,1.5019983,3.9828203,5.4848185,0.99586785
4,27,138,1.0,0.3822457,0.6177543,4.782046,4.7253795,1.8279164,2.9191234,4.74704,0.99139726
4,28,230,1.0,0.3822457,0.6177543,3.388898,4.8961654,1.2953916,3.0246272,4.320019,0.986875
4,23,339,1.0,0.3822457,0.6177543,5.177693,7.474615,1.9791508,4.6174755,6.5966263,0.9986369
4,3,553,1.0,0.3822457,0.6177543,6.280508,7.6167374,2.4006972,4.705272,7.1059694,0.9991805
4,164,461,1.0,0.3822457,0.6177543,5.285931,7.2034507,2.0205245,4.4499626,6.470487,0.99845386
4,134,342,1.0,0.3822457,0.6177543,2.8724408,3.0324068,1.0979781,1.8732823,2.9712605,0.9512588
4,18,273,1.0,0.3822457,0.6177543,2.7950897,6.1671367,1.068411,3.809775,4.878186,0.99244666
4,65,203,1.0,0.3822457,0.6177543,-2.657498,-6.607757,-1.0158172,-4.08197,-5.0977874,0.006073143
4,167,415,1.0,0.3822457,0.6177543,-0.89577746,-0.56152534,-0.34240708,-0.3468847,-0.6892918,0.33419064
4,12,421,1.0,0.3822457,0.6177543,3.4255543,7.1415014,1.3094033,4.411693,5.7210965,0.99673456
4,270,461,1.0,0.3822457,0.6177543,5.3600974,8.276885,2.0488741,5.113081,7.161955,0.999225
4,13,544,1.0,0.3822457,0.6177543,5.769708,6.464501,2.205446,3.993473,6.1989193,0.9979724
4,19,111,1.0,0.3822457,0.6177543,7.1749372,7.144139,2.7425888,4.4133224,7.1559114,0.9992204
4,109,14,1.0,0.3822457,0.6177543,1.5867904,3.645712,0.6065438,2.252154,2.858698,0.94576657
4,74,98,1.0,0.3822457,0.6177543,5.3861704,5.479907,2.0588405,3.385236,5.4440765,0.9956968
4,13,449,1.0,0.3822457,0.6177543,5.757248,7.113004,2.200683,4.3940887,6.594772,0.9986344
4,33,441,1.0,0.3822457,0.6177543,4.266128,-4.3931174,1.630709,-2.7138672,-1.0831581,0.25290886
4,7,10,1.0,0.3822457,0.6177543,2.9224842,4.2346425,1.1171069,2.6159685,3.7330754,0.9766396
4,23,153,1.0,0.3822457,0.6177543,1.7830845,2.006484,0.6815764,1.2395141,1.9210905,0.87226
4,6,548,1.0,0.3822457,0.6177543,0.91293836,5.2881145,0.34896675,3.2667553,3.6157222,0.973807
4,9,278,1.0,0.3822457,0.6177543,6.908053,3.8946886,2.6405735,2.4059606,5.046534,0.99360955
4,40,533,1.0,0.3822457,0.6177543,3.435401,5.956217,1.3131672,3.6794784,4.9926457,0.9932581
4,6,73,1.0,0.3822457,0.6177543,4.123495,10.258231,1.5761882,6.337066,7.9132543,0.99963427
4,13,14,1.0,0.3822457,0.6177543,4.3253584,6.8623605,1.6533496,4.2392526,5.892602,0.99724776
4,41,106,1.0,0.3822457,0.6177543,0.4194196,5.159453,0.16032133,3.1872742,3.3475955,0.96602607
4,13,440,1.0,0.3822457,0.6177543,5.232094,6.881716,1.9999453,4.2512093,6.2511544,0.9980755
4,66,226,1.0,0.3822457,0.6177543,-2.8387966,-3.216602,-1.0851178,-1.9870697,-3.0721874,0.044269186
4,25,327,1.0,0.3822457,0.6177543,2.268684,3.4529119,0.86719465,2.1330512,3.0002458,0.95258516
4,210,331,1.0,0.3822457,0.6177543,4.545854,4.264004,1.7376331,2.6341069,4.37174,0.98752826
4,21,117,1.0,0.3822457,0.6177543,0.85443866,2.515205,0.3266055,1.5537786,1.8803842,0.8676552
4,340,342,1.0,0.3822457,0.6177543,4.3613153,8.375308,1.667094,5.1738825,6.8409767,0.99893206
4,235,461,1.0,0.3822457,0.6177543,4.6916795,5.3346972,1.7933743,3.295532,5.0889063,0.993873
4,10,36,1.0,0.3822457,0.6177543,1.2712488,2.5618784,0.48592937,1.5826113,2.0685406,0.88780767
4,7,319,1.0,0.3822457,0.6177543,6.9983726,6.8372498,2.6750977,4.22374,6.898838,0.998992
4,8,65,1.0,0.3822457,0.6177543,6.418496,7.395969,2.4534426,4.5688915,7.022334,0.9991091
4,8,3,1.0,0.3822457,0.6177543,4.6183577,0.5152973,1.7653474,0.3183271,2.0836744,0.88930625
4,23,80,1.0,0.3822457,0.6177543,5.945162,6.947435,2.2725124,4.2918077,6.56432,0.9985922
4,389,600,1.0,0.3822457,0.6177543,3.5032768,-0.7350882,1.3391125,-0.4541039,0.88500863,0.70785904
4,30,374,1.0,0.3822457,0.6177543,5.039099,6.6148787,1.9261739,4.0863695,6.0125437,0.9975581
4,3,10,1.0,0.3822457,0.6177543,4.2641845,5.470148,1.6299661,3.3792074,5.0091734,0.99336785
4,13,482,1.0,0.3822457,0.6177543,3.8596115,5.051247,1.4753199,3.1204295,4.5957494,0.99000627
4,4,312,1.0,0.3822457,0.6177543,-2.1841278,2.2100272,-0.83487344,1.3652538,0.53038037,0.6295718
4,7,245,1.0,0.3822457,0.6177543,4.387769,3.2408295,1.6772059,2.0020363,3.6792421,0.9753794
4,13,37,1.0,0.3822457,0.6177543,6.33184,6.3517747,2.4203186,3.923836,6.3441544,0.9982461
4,107,75,1.0,0.3822457,0.6177543,3.8591793,8.508759,1.4751546,5.256322,6.731477,0.9988086
4,24,352,1.0,0.3822457,0.6177543,3.6403525,1.9772918,1.391509,1.2214805,2.6129894,0.9316929
4,77,150,1.0,0.3822457,0.6177543,7.10161,6.8056297,2.7145598,4.204207,6.918767,0.9990119
4,3,58,1.0,0.3822457,0.6177543,6.3140707,7.1605396,2.4135263,4.423454,6.83698,0.9989278
4,8,567,1.0,0.3822457,0.6177543,5.308383,4.9623904,2.0291066,3.065538,5.0946445,0.9939078
4,8,191,1.0,0.3822457,0.6177543,5.2223144,3.5823574,1.9962071,2.2130165,4.2092237,0.9853596
4,394,100,1.0,0.3822457,0.6177543,-3.350367,-9.145181,-1.2806634,-5.6494746,-6.930138,0.0009769106
4,23,328,1.0,0.3822457,0.6177543,6.343433,7.063632,2.4247499,4.363589,6.7883387,0.99887437
4,146,514,1.0,0.3822457,0.6177543,-1.7263397,-9.746018,-0.6598859,-6.0206447,-6.6805305,0.0012535385
4,129,277,1.0,0.3822457,0.6177543,-1.2004004,1.7201697,-0.45884785,1.0626422,0.60379434,0.64652395
4,3,82,1.0,0.3822457,0.6177543,5.176473,1.6061872,1.9786845,0.99222904,2.9709136,0.9512427
4,236,17,1.0,0.3822457,0.6177543,4.496349,9.216375,1.71871,5.693455,7.412165,0.99939644
4,387,597,1.0,0.3822457,0.6177543,4.5060344,11.086086,1.7224122,6.8484774,8.570889,0.9998105
4,13,327,1.0,0.3822457,0.6177543,5.1344423,8.759449,1.9626185,5.411187,7.3738055,0.9993729
4,28,117,1.0,0.3822457,0.6177543,4.29481,0.59718454,1.6416725,0.3689133,2.0105858,0.88190407
4,3,532,1.0,0.3822457,0.6177543,3.4271393,1.4038256,1.3100092,0.86721927,2.1772285,0.8981859
4,7,51,1.0,0.3822457,0.6177543,6.5474477,4.753132,2.5027337,2.9362676,5.439001,0.9956749
4,8,153,1.0,0.3822457,0.6177543,5.558183,6.3486443,2.1245916,3.9219022,6.0464935,0.9976394
4,23,243,1.0,0.3822457,0.6177543,3.8119268,-1.6251243,1.4570926,-1.0039275,0.45316517,0.6113915
4,357,470,1.0,0.3822457,0.6177543,4.1278706,4.1924434,1.5778607,2.5898998,4.1677604,0.98474926
4,40,57,1.0,0.3822457,0.6177543,-3.2176309,3.8178456,-1.2299255,2.3584905,1.128565,0.7555739
4,7,443,1.0,0.3822457,0.6177543,7.595259,6.0257416,2.903255,3.7224276,6.625683,0.9986759
4,45,310,1.0,0.3822457,0.6177543,-1.5122778,-11.790846,-0.5780617,-7.2838454,-7.861907,0.00038499045
4,70,289,1.0,0.3822457,0.6177543,1.5492517,5.8216662,0.5921948,3.5963593,4.188554,0.9850584
4,16,21,1.0,0.3822457,0.6177543,2.005015,0.7893288,0.7664083,0.48761126,1.2540196,0.77799493
4,23,298,1.0,0.3822457,0.6177543,1.7670228,-3.6862593,0.67543685,-2.2772024,-1.6017655,0.16773501
4,140,294,1.0,0.3822457,0.6177543,0.9548906,5.4618897,0.3650028,3.3741057,3.7391086,0.9767768
4,17,18,1.0,0.3822457,0.6177543,0.060470358,-3.3146966,0.023114534,-2.047668,-2.0245535,0.116648965
4,133,155,1.0,0.3822457,0.6177543,-2.7887383,-6.768598,-1.0659832,-4.18133,-5.2473135,0.005234095
4,2,0,1.0,0.3822457,0.6177543,2.5525043,6.526385,0.97568375,4.031702,5.0073857,0.9933561
4,354,470,1.0,0.3822457,0.6177543,3.4522955,3.7260187,1.3196251,2.301764,3.6213892,0.97395116
4,294,342,1.0,0.3822457,0.6177543,5.86686,6.362969,2.2425818,3.9307513,6.173333,0.9979201
4,7,407,1.0,0.3822457,0.6177543,7.885654,0.81592196,3.0142572,0.5040393,3.5182965,0.9712039
4,33,138,1.0,0.3822457,0.6177543,6.0171504,6.3043237,2.3000298,3.894523,6.1945524,0.99796367
4,273,26,1.0,0.3822457,0.6177543,-0.8449039,-13.422031,-0.32296088,-8.291517,-8.614478,0.00018142656
4,243,461,1.0,0.3822457,0.6177543,0.4163473,2.3626204,0.15914696,1.4595188,1.6186657,0.83461106
4,53,342,1.0,0.3822457,0.6177543,4.535184,-1.4969517,1.7335545,-0.9247483,0.8088062,0.691855
4,16,22,1.0,0.3822457,0.6177543,2.45471,7.680283,0.93830234,4.744528,5.6828303,0.99660766
4,6,543,1.0,0.3822457,0.6177543,2.9689417,6.0551643,1.1348652,3.7406037,4.8754687,0.9924263
4,76,164,1.0,0.3822457,0.6177543,1.2609168,-2.6450868,0.48198003,-1.6340137,-1.1520336,0.24011783
4,8,364,1.0,0.3822457,0.6177543,9.149004,-0.16246158,3.4971673,-0.10036133,3.396806,0.9676046
4,74,328,1.0,0.3822457,0.6177543,2.6282272,3.247194,1.0046285,2.005968,3.0105968,0.95305055
4,99,406,1.0,0.3822457,0.6177543,-2.0709434,1.4966061,-0.79160917,0.92453486,0.13292569,0.53318256
4,7,7,1.0,0.3822457,0.6177543,3.4797568,5.564667,1.330122,3.437597,4.7677193,0.9915719
4,33,296,1.0,0.3822457,0.6177543,3.774547,5.794041,1.4428043,3.5792937,5.022098,0.9934524
4,13,13,1.0,0.3822457,0.6177543,5.122411,6.756458,1.9580195,4.1738305,6.1318502,0.9978321
4,93,70,1.0,0.3822457,0.6177543,5.7437196,-1.682067,2.195512,-1.0391041,1.156408,0.76067936
4,4,516,1.0,0.3822457,0.6177543,0.029994473,-1.6594696,0.011465258,-1.0251445,-1.0136791,0.26626045
4,40,565,1.0,0.3822457,0.6177543,5.6978617,7.067959,2.177983,4.366262,6.544245,0.9985637
4,3,215,1.0,0.3822457,0.6177543,4.218283,7.8587604,1.6124206,4.854783,6.4672036,0.99844885
4,299,342,1.0,0.3822457,0.6177543,6.308185,8.744555,2.4112766,5.4019866,7.813263,0.9995958
4,7,17,1.0,0.3822457,0.6177543,4.687576,-0.86355096,1.7918056,-0.5334623,1.2583433,0.77874076
4,13,626,1.0,0.3822457,0.6177543,4.584641,4.7929273,1.7524593,2.9608514,4.7133107,0.9911048
4,7,385,1.0,0.3822457,0.6177543,5.9152555,5.8610997,2.261081,3.6207194,5.8818007,0.997218
4,100,92,1.0,0.3822457,0.6177543,-1.4846265,-9.64359,-0.56749207,-5.957369,-6.524861,0.0014643756
4,14,157,1.0,0.3822457,0.6177543,4.8713503,-0.95409036,1.8620527,-0.5893934,1.2726593,0.7811976
4,152,319,1.0,0.3822457,0.6177543,2.9946399,7.9896965,1.1446881,4.9356694,6.0803576,0.99771786
4,21,445,1.0,0.3822457,0.6177543,4.768625,2.0483766,1.8227862,1.2653934,3.0881796,0.9564025
4,8,102,1.0,0.3822457,0.6177543,7.2411623,2.6722417,2.767903,1.6507888,4.4186916,0.98809344
4,7,92,1.0,0.3822457,0.6177543,1.5637739,-4.1415744,0.59774584,-2.5584753,-1.9607294,0.12338813
4,14,137,1.0,0.3822457,0.6177543,5.98687,0.76432234,2.2884552,0.4721634,2.7606187,0.94051033
4,32,542,1.0,0.3822457,0.6177543,1.5998619,5.589632,0.6115403,3.4530191,4.0645595,0.9831193
4,118,275,1.0,0.3822457,0.6177543,0.5381697,7.934953,0.20571305,4.901851,5.1075644,0.9939856
4,48,22,1.0,0.3822457,0.6177543,0.1518408,-6.8198667,0.058040492,-4.2130017,-4.154961,0.015444139
4,62,10,1.0,0.3822457,0.6177543,3.6042001,7.564525,1.37769,4.673018,6.050708,0.9976494
4,24,353,1.0,0.3822457,0.6177543,3.856278,4.207641,1.4740456,2.5992882,4.0733337,0.98326427
4,10,7,1.0,0.3822457,0.6177543,0.81660974,-6.71574,0.31214556,-4.1486773,-3.8365319,0.021112904
4,8,362,1.0,0.3822457,0.6177543,-0.062885165,-1.1646512,-0.024037583,-0.71946824,-0.74350584,0.322238
4,38,211,1.0,0.3822457,0.6177543,-0.90656984,6.68114,-0.3465324,4.1273026,3.7807703,0.9777034
4,142,360,1.0,0.3822457,0.6177543,0.7271155,9.211997,0.27793676,5.6907506,5.9686875,0.99744886
4,4,37,1.0,0.3822457,0.6177543,3.3696399,4.8203945,1.2880303,2.9778194,4.2658496,0.9861544
4,260,132,1.0,0.3822457,0.6177543,3.5887146,6.3862963,1.3717707,3.9451618,5.3169327,0.99511623
4,303,342,1.0,0.3822457,0.6177543,6.5429564,9.177458,2.5010169,5.669414,8.170431,0.9997172
4,3,293,1.0,0.3822457,0.6177543,4.9833274,5.7681093,1.9048554,3.5632741,5.4681296,0.9957985
4,80,461,1.0,0.3822457,0.6177543,4.680926,6.282638,1.7892637,3.8811266,5.67039,0.9965653
4,45,155,1.0,0.3822457,0.6177543,1.7672956,-4.849494,0.6755411,-2.9957957,-2.3202546,0.089459315
4,107,255,1.0,0.3822457,0.6177543,4.400629,4.6741285,1.6821215,2.8874629,4.5695844,0.989744
4,76,97,1.0,0.3822457,0.6177543,5.016003,7.079549,1.9173455,4.3734217,6.290767,0.9981501
4,23,382,1.0,0.3822457,0.6177543,4.979551,7.3817782,1.9034119,4.560125,6.4635367,0.9984432
4,3,183,1.0,0.3822457,0.6177543,3.39536,3.9302335,1.2978617,2.4279187,3.7257805,0.97647256
4,76,359,1.0,0.3822457,0.6177543,-2.8388345,-10.751908,-1.0851322,-6.6420374,-7.7271695,0.0004404956
4,23,459,1.0,0.3822457,0.6177543,4.8596973,6.260762,1.8575983,3.8676126,5.725211,0.996748
4,13,628,1.0,0.3822457,0.6177543,5.8895516,4.6729074,2.2512558,2.8867085,5.1379642,0.99416465
4,8,11,1.0,0.3822457,0.6177543,7.166257,-1.911022,2.739271,-1.180542,1.5587289,0.8261709
4,18,74,1.0,0.3822457,0.6177543,1.3996811,2.2801754,0.5350221,1.4085882,1.9436102,0.87474823
4,40,637,1.0,0.3822457,0.6177543,4.2952704,7.5475774,1.6418486,4.662548,6.3043966,0.99817514
4,7,131,1.0,0.3822457,0.6177543,4.7931542,2.2955146,1.8321625,1.418064,3.2502265,0.96268123
4,210,382,1.0,0.3822457,0.6177543,-0.8440709,7.532767,-0.32264248,4.653399,4.3307567,0.9870133
4,9,17,1.0,0.3822457,0.6177543,4.621207,4.834252,1.7664366,2.9863799,4.752816,0.9914464
4,19,42,1.0,0.3822457,0.6177543,6.80469,7.010462,2.6010635,4.330743,6.9318066,0.99902475
4,14,224,1.0,0.3822457,0.6177543,6.529194,7.9473634,2.4957561,4.909518,7.405274,0.9993923
4,297,342,1.0,0.3822457,0.6177543,6.2259755,8.449276,2.3798523,5.2195764,7.5994287,0.99949956
4,22,545,1.0,0.3822457,0.6177543,3.8053694,4.7715526,1.454586,2.947647,4.402233,0.9878983
4,28,168,1.0,0.3822457,0.6177543,3.967326,4.632917,1.5164932,2.8620043,4.3784976,0.98761123
4,6,149,1.0,0.3822457,0.6177543,3.2005095,3.649729,1.2233809,2.2546358,3.4780169,0.9700558
4,8,118,1.0,0.3822457,0.6177543,6.8827868,5.243816,2.6309156,3.2393897,5.870305,0.9971859
4,7,114,1.0,0.3822457,0.6177543,5.898208,4.795078,2.2545645,2.96218,5.2167444,0.9946043
4,46,309,1.0,0.3822457,0.6177543,2.7292678,-1.6066304,1.0432509,-0.9925028,0.05074811,0.5126843
4,24,132,1.0,0.3822457,0.6177543,3.596571,0.15698472,1.3747737,0.09697798,1.4717517,0.8133235
4,46,143,1.0,0.3822457,0.6177543,2.6902406,5.1478386,1.0283328,3.1800992,4.208432,0.98534817
4,8,531,1.0,0.3822457,0.6177543,5.8762145,5.1369953,2.2461576,3.1734009,5.4195585,0.99559045
4,7,243,1.0,0.3822457,0.6177543,4.1869946,-0.47634706,1.6004606,-0.29426545,1.3061953,0.7868758
4,234,144,1.0,0.3822457,0.6177543,-4.9480467,-5.028616,-1.8913695,-3.1064491,-4.9978185,0.0067073693
4,16,398,1.0,0.3822457,0.6177543,2.2832665,5.2109265,0.8727688,3.219072,4.0918407,0.9835661
4,5,250,1.0,0.3822457,0.6177543,6.633775,7.658342,2.535732,4.7309732,7.2667055,0.999302
4,7,438,1.0,0.3822457,0.6177543,5.5924425,6.537024,2.137687,4.038275,6.1759615,0.9979255
4,17,87,1.0,0.3822457,0.6177543,4.325098,7.2990384,1.6532501,4.509012,6.1622624,0.9978969
4,29,183,1.0,0.3822457,0.6177543,-1.2366301,-15.293588,-0.4726965,-9.4476795,-9.920376,4.916026e-05
4,31,35,1.0,0.3822457,0.6177543,2.5170863,10.305114,0.9621454,6.3660283,7.3281736,0.9993437
4,7,153,1.0,0.3822457,0.6177543,1.84004,0.7254357,0.7033473,0.44814098,1.1514883,0.7597826
4,8,472,1.0,0.3822457,0.6177543,5.9145236,0.7604618,2.260801,0.46977854,2.7305796,0.93880713
4,18,85,1.0,0.3822457,0.6177543,2.820959,-4.610297,1.0782994,-2.8480308,-1.7697314,0.14557573
4,19,283,1.0,0.3822457,0.6177543,-0.4829477,4.1284356,-0.18460467,2.5503588,2.3657541,0.9141783
4,135,328,1.0,0.3822457,0.6177543,-1.5799648,-13.844019,-0.6039347,-8.552202,-9.1561365,0.00010555883
4,13,627,1.0,0.3822457,0.6177543,3.5337672,1.943248,1.3507673,1.2004498,2.551217,0.9276552
4,3,426,1.0,0.3822457,0.6177543,6.578977,0.81352633,2.5147855,0.50255936,3.017345,0.95335156
4,3,590,1.0,0.3822457,0.6177543,5.1656094,2.2052174,1.9745319,1.3622825,3.3368144,0.9656704
4,40,74,1.0,0.3822457,0.6177543,1.8897746,-6.8368106,0.72235817,-4.223469,-3.5011106,0.02928065
4,6,485,1.0,0.3822457,0.6177543,1.8223134,-6.705191,0.69657147,-4.1421604,-3.445589,0.030900672
4,2,109,1.0,0.3822457,0.6177543,3.4267633,7.2494698,1.3098655,4.478391,5.7882566,0.99694604
4,23,17,1.0,0.3822457,0.6177543,4.266498,1.2918514,1.6308506,0.7980467,2.4288974,0.9190045
4,44,160,1.0,0.3822457,0.6177543,2.3425958,-5.224457,0.89544713,-3.2274306,-2.3319836,0.0885085
4,287,342,1.0,0.3822457,0.6177543,6.188372,9.712543,2.3654785,5.9999647,8.365443,0.99976724
4,95,342,1.0,0.3822457,0.6177543,6.2077746,8.977049,2.372895,5.5456104,7.9185057,0.9996362
4,16,213,1.0,0.3822457,0.6177543,2.602143,3.3955393,0.994658,2.097609,3.092267,0.9565726
4,245,331,1.0,0.3822457,0.6177543,4.3851037,3.5319943,1.676187,2.1819046,3.8580916,0.9793281
4,76,3,1.0,0.3822457,0.6177543,6.998107,7.371473,2.6749961,4.553759,7.228755,0.99927515
4,146,389,1.0,0.3822457,0.6177543,-6.318389,-6.198663,-2.4151769,-3.8292508,-6.2444277,0.0019374801
4,13,171,1.0,0.3822457,0.6177543,3.8540702,1.2046497,1.4732018,0.7441775,2.2173793,0.9017994
4,8,390,1.0,0.3822457,0.6177543,5.1671124,4.8423986,1.9751065,2.9914124,4.966519,0.9930809
4,30,75,1.0,0.3822457,0.6177543,4.9542565,6.8552165,1.8937432,4.2348394,6.1285825,0.99782515
4,28,88,1.0,0.3822457,0.6177543,2.3692272,-3.846361,0.9056269,-2.376106,-1.4704791,0.18686979
4,3,154,1.0,0.3822457,0.6177543,2.5607467,-2.519375,0.9788344,-1.5563548,-0.5775204,0.35950336
4,164,117,1.0,0.3822457,0.6177543,4.9140887,-1.0058697,1.8783892,-0.6213803,1.2570089,0.7785108
4,30,253,1.0,0.3822457,0.6177543,4.829265,3.9920828,1.8459657,2.4661262,4.312092,0.9867719
4,18,554,1.0,0.3822457,0.6177543,-1.3433762,-3.5951376,-0.51349974,-2.2209117,-2.7344115,0.060973093
4,8,277,1.0,0.3822457,0.6177543,6.028534,4.9737315,2.3043811,3.0725439,5.376925,0.9953993
4,139,359,1.0,0.3822457,0.6177543,-2.1964521,-9.215623,-0.83958435,-5.6929903,-6.5325747,0.0014531396
4,2,352,1.0,0.3822457,0.6177543,3.9771323,5.5973077,1.5202417,3.4577608,4.9780025,0.9931593
4,24,138,1.0,0.3822457,0.6177543,1.1492145,-0.30641094,0.4392823,-0.18928666,0.24999563,0.5621754
4,16,606,1.0,0.3822457,0.6177543,-0.879073,2.8138094,-0.33602187,1.7382427,1.4022208,0.8025361
4,7,293,1.0,0.3822457,0.6177543,6.268511,6.3532014,2.3961112,3.9247174,6.3208284,0.9982047
4,15,70,1.0,0.3822457,0.6177543,0.057255745,0.4284359,0.021885762,0.2646681,0.28655386,0.57115227
4,7,71,1.0,0.3822457,0.6177543,4.885075,7.020594,1.8672988,4.3370023,6.204301,0.99798334
4,23,441,1.0,0.3822457,0.6177543,3.9710112,7.1008735,1.5179019,4.386595,5.9044967,0.99728024
4,209,331,1.0,0.3822457,0.6177543,5.1221714,6.5739026,1.957928,4.0610566,6.018985,0.9975738
4,9,247,1.0,0.3822457,0.6177543,4.507158,0.33082744,1.7228416,0.20437007,1.9272116,0.8729405
4,146,14,1.0,0.3822457,0.6177543,0.3498966,6.0747647,0.13374647,3.752712,3.8864584,0.9798947
4,121,466,1.0,0.3822457,0.6177543,2.7013168,1.1642573,1.0325667,0.71922493,1.7517916,0.85217863
4,6,369,1.0,0.3822457,0.6177543,3.1427505,3.9370272,1.2013029,2.4321153,3.633418,0.9742546
4,35,222,1.0,0.3822457,0.6177543,4.691098,1.6549714,1.7931521,1.0223657,2.815518,0.9435086
4,4,228,1.0,0.3822457,0.6177543,2.0286903,1.3051554,0.77545816,0.80626535,1.5817235,0.82944846
4,76,144,1.0,0.3822457,0.6177543,4.270374,6.210228,1.632332,3.836395,5.468727,0.99580115
4,41,3,1.0,0.3822457,0.6177543,6.3916054,7.380473,2.4431636,4.559319,7.0024824,0.99909127
4,61,100,1.0,0.3822457,0.6177543,5.3265567,5.5108,2.0360534,3.4043202,5.4403734,0.9956808
4,16,548,1.0,0.3822457,0.6177543,0.9520186,4.082038,0.363905,2.5216963,2.8856013,0.9471301
4,311,342,1.0,0.3822457,0.6177543,6.3858294,8.69938,2.4409559,5.374079,7.815035,0.99959654
4,41,271,1.0,0.3822457,0.6177543,2.3520215,3.8173435,0.89905006,2.3581803,3.2572303,0.9629321
4,23,293,1.0,0.3822457,0.6177543,4.514851,6.140569,1.7257824,3.7933629,5.519145,0.9960068
4,156,342,1.0,0.3822457,0.6177543,5.3030534,8.35268,2.0270693,5.159904,7.1869736,0.9992442
4,19,38,1.0,0.3822457,0.6177543,2.9726686,2.1882238,1.1362898,1.3517846,2.4880743,0.9233015
4,207,454,1.0,0.3822457,0.6177543,1.9031048,0.09627242,0.7274536,0.0594727,0.78692627,0.687171
4,7,95,1.0,0.3822457,0.6177543,7.151553,4.009846,2.7336504,2.4770997,5.21075,0.9945721
4,3,125,1.0,0.3822457,0.6177543,2.709053,0.6271846,1.0355239,0.387446,1.4229698,0.8058036
4,3,403,1.0,0.3822457,0.6177543,5.924894,4.914047,2.264765,3.0356734,5.3004384,0.9950354
4,8,365,1.0,0.3822457,0.6177543,6.37779,4.7152677,2.4378827,2.9128768,5.3507595,0.9952779
4,7,331,1.0,0.3822457,0.6177543,4.539698,2.9640975,1.73528,1.8310839,3.5663638,0.97251815
4,16,238,1.0,0.3822457,0.6177543,2.5993567,2.0860505,0.99359286,1.2886666,2.2822595,0.90739703
4,275,342,1.0,0.3822457,0.6177543,5.505912,9.080385,2.1046112,5.609447,7.714058,0.9995536
4,87,194,1.0,0.3822457,0.6177543,0.43757728,-7.4513125,0.16726203,-4.6030803,-4.435818,0.0117067
4,3,256,1.0,0.3822457,0.6177543,3.6705327,5.3052773,1.4030453,3.2773578,4.680403,0.9908099
4,3,128,1.0,0.3822457,0.6177543,3.3616738,-1.8270043,1.2849853,-1.1286397,0.1563456,0.539007
4,9,176,1.0,0.3822457,0.6177543,0.60614496,2.572054,0.2316963,1.5888973,1.8205936,0.8606373
4,135,99,1.0,0.3822457,0.6177543,-4.951732,-7.60466,-1.8927783,-4.697811,-6.5905895,0.001371347
4,14,425,1.0,0.3822457,0.6177543,5.7527304,9.824512,2.1989565,6.069134,8.268091,0.9997435
4,386,599,1.0,0.3822457,0.6177543,3.3584695,4.389987,1.2837604,2.7119334,3.9956937,0.9819375
4,70,24,1.0,0.3822457,0.6177543,0.8995784,6.9863114,0.34385997,4.315824,4.659684,0.9906193
4,13,100,1.0,0.3822457,0.6177543,1.340122,3.4846864,0.51225585,2.15268,2.6649358,0.9349256
4,84,286,1.0,0.3822457,0.6177543,3.1095767,1.9294981,1.1886222,1.1919557,2.380578,0.9153342
4,3,89,1.0,0.3822457,0.6177543,4.5021253,4.596348,1.7209179,2.8394136,4.5603313,0.98964965
4,23,25,1.0,0.3822457,0.6177543,3.73707,-9.372155,1.428479,-5.789689,-4.36121,0.012602096
4,9,470,1.0,0.3822457,0.6177543,6.0705442,3.4769397,2.3204393,2.1478944,4.4683337,0.9886636
4,23,296,1.0,0.3822457,0.6177543,4.531256,6.728443,1.7320532,4.1565247,5.888578,0.9972367
4,23,122,1.0,0.3822457,0.6177543,3.9575658,-6.7524343,1.5127624,-4.171345,-2.6585827,0.065461986
4,14,291,1.0,0.3822457,0.6177543,-1.0640429,-4.407604,-0.40672582,-2.7228165,-3.1295424,0.04190498
4,131,374,1.0,0.3822457,0.6177543,5.212008,7.498421,1.9922676,4.6321816,6.6244493,0.9986743
4,256,116,1.0,0.3822457,0.6177543,5.7504945,10.196715,2.1981018,6.2990646,8.497167,0.999796
4,119,342,1.0,0.3822457,0.6177543,3.9798336,0.4796551,1.5212742,0.296309,1.8175832,0.8602759
4,252,153,1.0,0.3822457,0.6177543,3.8267748,11.173378,1.4627682,6.902402,8.3651705,0.99976724
4,15,504,1.0,0.3822457,0.6177543,1.129076,0.9158115,0.43158445,0.5657465,0.9973309,0.7305335
4,8,367,1.0,0.3822457,0.6177543,6.8174376,5.339605,2.605936,3.2985637,5.9045,0.99728024
4,23,345,1.0,0.3822457,0.6177543,-1.0067104,-9.020791,-0.38481072,-5.5726323,-5.957443,0.0025798439
4,14,160,1.0,0.3822457,0.6177543,4.4359884,4.718321,1.6956375,2.914763,4.6104,0.9901502
4,156,277,1.0,0.3822457,0.6177543,3.488265,3.0391574,1.3333743,1.8774525,3.2108269,0.9612397
4,3,511,1.0,0.3822457,0.6177543,4.3248925,2.3660407,1.6531715,1.4616318,3.1148033,0.95749927
4,28,468,1.0,0.3822457,0.6177543,3.2595472,4.39213,1.2459478,2.713257,3.959205,0.9812789
4,70,130,1.0,0.3822457,0.6177543,1.7938443,-1.5545691,0.6856893,-0.96034175,-0.27465248,0.43176523
4,8,6,1.0,0.3822457,0.6177543,5.269634,5.41188,2.0142949,3.3432121,5.3575068,0.99530953
4,113,14,1.0,0.3822457,0.6177543,-0.7273452,4.210721,-0.27802458,2.601191,2.3231664,0.9107776
4,18,19,1.0,0.3822457,0.6177543,4.3992066,6.1021943,1.6815778,3.7696567,5.4512343,0.9957273
4,266,80,1.0,0.3822457,0.6177543,0.6406468,4.8172727,0.24488449,2.9758909,3.2207754,0.9616086
4,109,168,1.0,0.3822457,0.6177543,3.1681352,8.378106,1.211006,5.175611,6.386617,0.99831885
4,31,552,1.0,0.3822457,0.6177543,2.443002,8.556167,0.933827,5.285609,6.2194357,0.9980136
4,31,502,1.0,0.3822457,0.6177543,-0.09054041,-8.938874,-0.03460868,-5.522028,-5.556637,0.0038468866
4,30,349,1.0,0.3822457,0.6177543,1.415494,4.0913944,0.54106647,2.5274763,3.0685427,0.9555763
4,28,86,1.0,0.3822457,0.6177543,3.7412298,-4.7279735,1.430069,-2.9207258,-1.4906569,0.18382315
4,17,28,1.0,0.3822457,0.6177543,4.818856,5.7413306,1.8419869,3.5467315,5.3887186,0.9954529
4,53,175,1.0,0.3822457,0.6177543,-6.291961,-15.19343,-2.405075,-9.385806,-11.790881,7.5732455e-06
4,218,470,1.0,0.3822457,0.6177543,4.470432,9.664066,1.7088033,5.9700184,7.6788216,0.9995377
4,16,531,1.0,0.3822457,0.6177543,3.2121475,4.1482844,1.2278296,2.5626204,3.79045,0.97791344
4,4,132,1.0,0.3822457,0.6177543,3.754406,3.8254793,1.4351054,2.3632061,3.7983117,0.97808254
4,257,80,1.0,0.3822457,0.6177543,3.918067,7.9779935,1.4976642,4.9284396,6.4261036,0.9983839
4,120,83,1.0,0.3822457,0.6177543,-1.8314807,-12.649685,-0.7000756,-7.814397,-8.514473,0.0002005046
4,150,107,1.0,0.3822457,0.6177543,-2.7224114,-3.1849473,-1.04063,-1.9675148,-3.0081449,0.047059268
4,155,277,1.0,0.3822457,0.6177543,2.863064,4.9196973,1.0943938,3.039164,4.133558,0.984227
4,99,213,1.0,0.3822457,0.6177543,-1.941579,3.8509364,-0.7421602,2.3789325,1.6367723,0.83709526
4,322,342,1.0,0.3822457,0.6177543,5.9228115,9.699247,2.2639692,5.9917517,8.255721,0.9997403
4,266,382,1.0,0.3822457,0.6177543,-3.2695649,3.3534174,-1.2497771,2.071588,0.82181096,0.6946206
4,8,483,1.0,0.3822457,0.6177543,6.0561905,6.232935,2.3149526,3.8504221,6.1653748,0.99790347
4,59,58,1.0,0.3822457,0.6177543,-9.340668,-14.486044,-3.57043,-8.948815,-12.519245,3.6556055e-06
4,12,87,1.0,0.3822457,0.6177543,3.541786,4.94206,1.3538324,3.0529788,4.406811,0.9879529
4,413,461,1.0,0.3822457,0.6177543,5.064896,5.3162484,1.9360347,3.284135,5.22017,0.9946227
4,8,439,1.0,0.3822457,0.6177543,3.4569128,2.5846908,1.32139,1.5967038,2.9180937,0.9487336
4,3,93,1.0,0.3822457,0.6177543,4.01488,6.112382,1.5346706,3.7759502,5.310621,0.9950854
4,3,32,1.0,0.3822457,0.6177543,4.465093,4.2705913,1.7067626,2.638176,4.3449383,0.98719376
4,146,605,1.0,0.3822457,0.6177543,-0.34987235,0.63071996,-0.13373719,0.38962996,0.25589275,0.56362635
4,269,461,1.0,0.3822457,0.6177543,5.0573044,7.629922,1.9331328,4.713417,6.6465497,0.9987031
4,166,415,1.0,0.3822457,0.6177543,2.9353452,11.163999,1.122023,6.896608,8.018631,0.99967086
4,70,431,1.0,0.3822457,0.6177543,1.9868002,9.720175,0.7594458,6.0046797,6.7641253,0.9988469
4,66,16,1.0,0.3822457,0.6177543,-0.006655216,-4.517821,-0.0025439276,-2.790903,-2.793447,0.057679314
4,14,214,1.0,0.3822457,0.6177543,5.6530976,3.7469034,2.1608722,2.3146656,4.475538,0.988744
4,343,117,1.0,0.3822457,0.6177543,2.9204214,2.7997441,1.1163185,1.7295539,2.8458724,0.94510496
4,113,282,1.0,0.3822457,0.6177543,-6.525729,-16.488672,-2.4944317,-10.185947,-12.680379,3.1115735e-06
4,138,461,1.0,0.3822457,0.6177543,1.9379089,8.400826,0.74075735,5.1896467,5.930404,0.9973496
4,4,168,1.0,0.3822457,0.6177543,4.4043283,3.8865628,1.6835356,2.400941,4.0844765,0.98344666
4,252,28,1.0,0.3822457,0.6177543,-1.1659614,5.084705,-0.44568372,3.1410983,2.6954145,0.9367555
4,3,295,1.0,0.3822457,0.6177543,5.8740554,8.059575,2.2453322,4.978837,7.2241693,0.9992718
4,23,88,1.0,0.3822457,0.6177543,-0.74055547,-6.0707383,-0.28307414,-3.7502246,-4.0332985,0.017407414
4,387,602,1.0,0.3822457,0.6177543,4.592197,11.928254,1.7553475,7.36873,9.124078,0.99989104
4,157,342,1.0,0.3822457,0.6177543,6.6858654,10.13931,2.5556433,6.2636023,8.819245,0.9998522
4,18,333,1.0,0.3822457,0.6177543,5.1851344,-0.7244931,1.9819952,-0.4475587,1.5344365,0.8226545
4,3,122,1.0,0.3822457,0.6177543,3.4043972,4.7347445,1.3013161,2.9249086,4.226225,0.98560286
4,92,70,1.0,0.3822457,0.6177543,0.19062035,0.7131184,0.07286381,0.44053194,0.5133957,0.6256022
4,129,22,1.0,0.3822457,0.6177543,-1.3582683,4.954628,-0.51919216,3.0607426,2.5415504,0.92700386
4,14,418,1.0,0.3822457,0.6177543,6.0587926,8.721197,2.3159473,5.387557,7.7035046,0.999549
4,361,470,1.0,0.3822457,0.6177543,2.702089,-3.4106538,1.032862,-2.106946,-1.074084,0.25462717
4,4,91,1.0,0.3822457,0.6177543,2.3606963,1.9863582,0.902366,1.2270813,2.1294472,0.8937325
4,8,220,1.0,0.3822457,0.6177543,6.440787,0.6993133,2.461963,0.43200377,2.8939667,0.94754744
4,75,522,1.0,0.3822457,0.6177543,2.5782084,6.4165387,0.98550904,3.9638443,4.949353,0.99296194
4,146,358,1.0,0.3822457,0.6177543,-0.29831445,-6.0515323,-0.114029415,-3.73836,-3.8523893,0.020787653
4,3,427,1.0,0.3822457,0.6177543,8.174702,4.7617345,3.1247444,2.941582,6.066326,0.9976857
4,9,265,1.0,0.3822457,0.6177543,-4.4938474,-0.044173844,-1.7177538,-0.027288582,-1.7450423,0.1486736
4,31,149,1.0,0.3822457,0.6177543,0.4248375,-3.0872247,0.1623923,-1.9071463,-1.7447541,0.14871009
4,41,10,1.0,0.3822457,0.6177543,1.9415146,5.51592,0.7421356,3.4074833,4.149619,0.9844744
4,386,601,1.0,0.3822457,0.6177543,1.6608288,2.6108015,0.63484466,1.6128337,2.2476783,0.90445006
4,109,3,1.0,0.3822457,0.6177543,0.63932097,1.5376089,0.24437769,0.94986445,1.1942421,0.7674989
4,204,70,1.0,0.3822457,0.6177543,0.40398347,0.324859,0.15442094,0.20068303,0.35510397,0.58785474
4,221,331,1.0,0.3822457,0.6177543,3.274356,7.4032125,1.2516084,4.573366,5.8249745,0.99705577
4,14,0,1.0,0.3822457,0.6177543,6.68603,7.600448,2.555706,4.6952095,7.2509155,0.99929094
4,9,134,1.0,0.3822457,0.6177543,4.653723,5.383139,1.7788655,3.3254573,5.104323,0.99396616
4,61,126,1.0,0.3822457,0.6177543,-4.256992,-10.404885,-1.6272168,-6.4276624,-8.054879,0.00031744794
4,8,2,1.0,0.3822457,0.6177543,6.0956454,5.3496203,2.3300343,3.304751,5.634785,0.9964413
4,124,369,1.0,0.3822457,0.6177543,-3.869615,-5.8469005,-1.4791437,-3.6119478,-5.0910916,0.006113694
4,8,117,1.0,0.3822457,0.6177543,6.5125546,5.592561,2.4893959,3.4548283,5.9442244,0.9973859
4,200,342,1.0,0.3822457,0.6177543,1.1380124,1.8693919,0.43500033,1.1548249,1.5898252,0.8305915
4,3,456,1.0,0.3822457,0.6177543,5.9352245,4.1514544,2.268714,2.5645788,4.833293,0.99210256
4,219,331,1.0,0.3822457,0.6177543,3.0809622,6.486093,1.1776845,4.0068116,5.184496,0.9944285
4,18,33,1.0,0.3822457,0.6177543,3.4556472,7.916102,1.3209063,4.890206,6.211112,0.997997
4,395,392,1.0,0.3822457,0.6177543,1.7164488,-5.7834687,0.65610516,-3.5727625,-2.9166574,0.05133624
4,169,415,1.0,0.3822457,0.6177543,0.52343845,-0.20515543,0.2000821,-0.12673564,0.07334645,0.51832837
4,8,49,1.0,0.3822457,0.6177543,4.3455944,5.0392737,1.6610848,3.1130328,4.7741175,0.99162525
4,109,116,1.0,0.3822457,0.6177543,0.9049454,2.442276,0.34591147,1.5087265,1.854638,0.8646707
4,41,164,1.0,0.3822457,0.6177543,0.049065232,-3.687523,0.018754974,-2.277983,-2.259228,0.09455644
4,216,331,1.0,0.3822457,0.6177543,3.951002,6.1631446,1.5102534,3.807309,5.317562,0.9951192
4,40,90,1.0,0.3822457,0.6177543,3.0983267,7.529194,1.184322,4.6511917,5.8355136,0.9970866
4,17,607,1.0,0.3822457,0.6177543,-2.9632037,-6.6821246,-1.1326718,-4.127911,-5.260583,0.0051654563
4,133,300,1.0,0.3822457,0.6177543,-0.6262495,1.6572206,-0.23938116,1.0237551,0.7843739,0.686622
4,206,70,1.0,0.3822457,0.6177543,4.321402,0.76636326,1.6518373,0.4734242,2.1252615,0.8933344
4,263,14,1.0,0.3822457,0.6177543,6.1457267,10.562325,2.3491776,6.5249214,8.874099,0.99986005
4,62,264,1.0,0.3822457,0.6177543,0.016320169,-16.268179,0.0062383143,-10.049737,-10.043499,4.3465523e-05
4,188,461,1.0,0.3822457,0.6177543,4.9305415,5.5040894,1.8846782,3.4001749,5.284853,0.99495775
4,258,80,1.0,0.3822457,0.6177543,2.400128,7.6718225,0.91743857,4.739301,5.6567397,0.99651825
4,3,83,1.0,0.3822457,0.6177543,4.241365,4.025346,1.6212435,2.4866745,4.107918,0.983824
4,4,125,1.0,0.3822457,0.6177543,2.1485395,-8.067296,0.82127,-4.983607,-4.162337,0.015332386
4,40,54,1.0,0.3822457,0.6177543,5.098133,6.2186637,1.9487394,3.8416061,5.7903457,0.9969524
4,23,453,1.0,0.3822457,0.6177543,0.59451175,0.4456514,0.22724955,0.27530307,0.5025526,0.62305903
4,8,27,1.0,0.3822457,0.6177543,6.300723,6.330221,2.4084241,3.9105213,6.3189454,0.9982014
4,8,123,1.0,0.3822457,0.6177543,5.091327,3.5104198,1.9461379,2.168577,4.1147146,0.9839318
4,6,97,1.0,0.3822457,0.6177543,2.8632445,9.23943,1.0944629,5.707698,6.8021607,0.99888986
4,3,260,1.0,0.3822457,0.6177543,4.3135586,6.7901425,1.6488391,4.1946397,5.8434787,0.9971097
4,16,400,1.0,0.3822457,0.6177543,2.704916,7.0270276,1.0339425,4.340976,5.374919,0.99539006
4,323,342,1.0,0.3822457,0.6177543,5.760868,9.167135,2.202067,5.663037,7.8651037,0.99961627
4,50,81,1.0,0.3822457,0.6177543,1.1276299,7.769093,0.43103167,4.7993903,5.230422,0.9946772
4,220,470,1.0,0.3822457,0.6177543,3.3606896,5.667084,1.2846091,3.5008655,4.785475,0.991719
4,14,440,1.0,0.3822457,0.6177543,1.3614217,5.7071366,0.5203976,3.525608,4.0460057,0.98280865
4,276,342,1.0,0.3822457,0.6177543,5.5899796,8.8668585,2.1367457,5.47754,7.6142855,0.99950683
4,14,78,1.0,0.3822457,0.6177543,1.702249,-0.020943157,0.6506774,-0.0129377255,0.63773966,0.65424234
4,258,71,1.0,0.3822457,0.6177543,2.5870209,6.877009,0.9888776,4.2483015,5.2371793,0.9947129
4,18,144,1.0,0.3822457,0.6177543,2.933663,8.798577,1.12138,5.435359,6.556739,0.9985815
4,8,514,1.0,0.3822457,0.6177543,5.3603706,6.90044,2.0489786,4.2627764,6.311755,0.99818844
4,106,71,1.0,0.3822457,0.6177543,2.0186808,4.6133394,0.771632,2.8499103,3.6215422,0.9739551
4,14,153,1.0,0.3822457,0.6177543,2.832775,1.062057,1.0828161,0.65609026,1.7389064,0.8505481
4,7,132,1.0,0.3822457,0.6177543,4.211598,4.8118005,1.6098652,2.9725103,4.5823755,0.98987305
4,7,277,1.0,0.3822457,0.6177543,6.310316,6.259872,2.412091,3.8670628,6.279154,0.9981285
4,256,153,1.0,0.3822457,0.6177543,4.645523,10.638267,1.7757312,6.5718346,8.347566,0.9997631
4,97,388,1.0,0.3822457,0.6177543,2.8099613,0.03473077,1.0740956,0.021455081,1.0955507,0.7494255
4,3,375,1.0,0.3822457,0.6177543,6.191896,5.0860085,2.3668256,3.1419036,5.508729,0.9959651
4,3,474,1.0,0.3822457,0.6177543,4.7474046,5.864932,1.814675,3.623087,5.437762,0.9956696
4,74,100,1.0,0.3822457,0.6177543,5.213551,5.527701,1.9928575,3.4147608,5.4076185,0.99553776
4,3,334,1.0,0.3822457,0.6177543,2.043148,-0.7897476,0.7809845,-0.48786995,0.29311457,0.5727585
4,106,382,1.0,0.3822457,0.6177543,-0.8477388,4.4640803,-0.3240445,2.7577047,2.4336603,0.9193584
4,8,197,1.0,0.3822457,0.6177543,5.138263,4.1796355,1.964079,2.5819876,4.5460668,0.98950255
4,280,342,1.0,0.3822457,0.6177543,5.506092,8.326762,2.10468,5.143893,7.248573,0.9992893
4,19,331,1.0,0.3822457,0.6177543,5.401151,6.114841,2.0645669,3.7774692,5.8420362,0.9971054
4,291,342,1.0,0.3822457,0.6177543,5.540253,9.874211,2.117738,6.0998363,8.217574,0.99973017
4,79,163,1.0,0.3822457,0.6177543,1.5670592,4.598909,0.5990016,2.8409956,3.4399972,0.96893144
4,103,80,1.0,0.3822457,0.6177543,2.3554554,3.639116,0.9003627,2.2480795,3.1484423,0.9588473
4,240,132,1.0,0.3822457,0.6177543,4.692205,10.191378,1.7935752,6.2957673,8.089342,0.9996933
4,0,127,1.0,0.3822457,0.6177543,2.1950748,-1.1180934,0.83905786,-0.69070697,0.1483509,0.53701985
4,3,587,1.0,0.3822457,0.6177543,5.3812966,2.9675844,2.0569775,1.833238,3.8902154,0.97996855
4,124,155,1.0,0.3822457,0.6177543,1.1976509,3.5693562,0.4577969,2.2049851,2.662782,0.9347944
4,75,156,1.0,0.3822457,0.6177543,2.9652114,5.4994206,1.1334393,3.3972907,4.5307302,0.989342
4,230,132,1.0,0.3822457,0.6177543,2.3095515,5.184015,0.8828161,3.2024474,4.0852633,0.9834594
4,109,339,1.0,0.3822457,0.6177543,-1.1366533,1.4307209,-0.43448082,0.883834,0.4493532,0.61048543
4,129,327,1.0,0.3822457,0.6177543,-5.105923,-4.871055,-1.9517171,-3.0091152,-4.9608326,0.0069583342
4,23,344,1.0,0.3822457,0.6177543,-0.09597385,-6.039381,-0.03668559,-3.7308536,-3.7675393,0.0225869
4,68,437,1.0,0.3822457,0.6177543,4.632254,6.825839,1.7706592,4.2166915,5.9873505,0.99749595
4,22,373,1.0,0.3822457,0.6177543,0.13167697,1.8215969,0.050332956,1.1252992,1.1756321,0.7641616
4,325,342,1.0,0.3822457,0.6177543,5.0152087,8.13149,1.9170419,5.0232625,6.9403043,0.999033
4,8,549,1.0,0.3822457,0.6177543,7.944989,5.8364625,3.036938,3.6054997,6.642438,0.9986979
4,8,528,1.0,0.3822457,0.6177543,5.1719866,5.3661723,1.9769696,3.314976,5.2919455,0.99499327
4,27,255,1.0,0.3822457,0.6177543,4.354145,4.0536427,1.6643531,2.5041552,4.1685085,0.9847606
4,7,562,1.0,0.3822457,0.6177543,5.617449,9.014976,2.1472456,5.56904,7.7162857,0.9995547
4,7,344,1.0,0.3822457,0.6177543,2.5294354,-6.1727133,0.9668658,-3.81322,-2.8463542,0.054870073
4,3,385,1.0,0.3822457,0.6177543,6.711091,5.9712787,2.5652857,3.688783,6.2540684,0.9980811
4,77,428,1.0,0.3822457,0.6177543,-5.999698,-10.7038355,-2.2933588,-6.61234,-8.905699,0.00013559549
4,185,80,1.0,0.3822457,0.6177543,3.5091324,9.101704,1.3413507,5.6226163,6.963967,0.99905556
4,407,359,1.0,0.3822457,0.6177543,1.7825137,8.145025,0.6813582,5.0316243,5.7129827,0.99670804
4,80,170,1.0,0.3822457,0.6177543,2.2813501,2.464048,0.8720363,1.5221761,2.3942125,0.91638494
4,37,111,1.0,0.3822457,0.6177543,1.0537117,-4.614174,0.40277675,-2.8504257,-2.447649,0.079610646
4,73,499,1.0,0.3822457,0.6177543,0.34675062,6.7194114,0.13254392,4.150945,4.283489,0.9863933
4,16,225,1.0,0.3822457,0.6177543,1.8078167,-0.9435755,0.69103014,-0.5828978,0.10813236,0.52700675
4,16,217,1.0,0.3822457,0.6177543,3.3313212,2.527376,1.2733831,1.5612973,2.8346806,0.94452137
4,38,208,1.0,0.3822457,0.6177543,-0.8294655,-0.5472708,-0.3170596,-0.33807886,-0.6551385,0.34183252
4,9,239,1.0,0.3822457,0.6177543,5.8528123,7.6126003,2.2372122,4.7027164,6.9399285,0.9990326
4,9,151,1.0,0.3822457,0.6177543,4.94763,1.6999558,1.8912102,1.050155,2.9413652,0.9498538
4,3,320,1.0,0.3822457,0.6177543,5.463753,6.522831,2.0884962,4.0295067,6.118003,0.99780196
4,4,18,1.0,0.3822457,0.6177543,1.2127445,-3.364678,0.46356636,-2.0785441,-1.6149778,0.16589867
4,187,470,1.0,0.3822457,0.6177543,4.2530904,3.350452,1.6257255,2.069756,3.6954815,0.97576636
4,28,70,1.0,0.3822457,0.6177543,4.0631795,2.8021207,1.5531329,1.731022,3.284155,0.9638812
4,3,548,1.0,0.3822457,0.6177543,4.357868,7.868527,1.6657764,4.860816,6.5265923,0.99853814
4,25,531,1.0,0.3822457,0.6177543,3.1486526,3.3984985,1.2035589,2.099437,3.302996,0.9645314
4,208,358,1.0,0.3822457,0.6177543,3.0240831,0.73469293,1.1559428,0.45385972,1.6098025,0.833384
4,7,611,1.0,0.3822457,0.6177543,4.6888394,1.5994767,1.7922887,0.9880836,2.7803721,0.9416059
4,8,448,1.0,0.3822457,0.6177543,6.7809863,7.7042966,2.5920029,4.759362,7.351365,0.9993587
4,2,197,1.0,0.3822457,0.6177543,-4.7204432,-11.199956,-1.8043691,-6.918821,-8.72319,0.0001627406
4,260,14,1.0,0.3822457,0.6177543,1.5840034,7.073337,0.60547847,4.369584,4.9750624,0.9931393
4,260,109,1.0,0.3822457,0.6177543,1.5631876,6.6503053,0.5975217,4.1082544,4.705776,0.9910382
4,3,1,1.0,0.3822457,0.6177543,7.071834,2.7783809,2.7031782,1.7163566,4.4195347,0.98810345
4,186,342,1.0,0.3822457,0.6177543,4.955595,7.090524,1.8942548,4.380202,6.2744565,0.99811965
4,27,374,1.0,0.3822457,0.6177543,6.0651593,6.011664,2.318381,3.713731,6.032112,0.9976053
4,95,70,1.0,0.3822457,0.6177543,0.32757753,-2.5164278,0.1252151,-1.554534,-1.4293189,0.19320482
4,28,350,1.0,0.3822457,0.6177543,3.0413055,-2.2938433,1.1625259,-1.4170315,-0.25450563,0.43671483
4,33,267,1.0,0.3822457,0.6177543,5.073259,-6.3027263,1.9392314,-3.893536,-1.9543047,0.124084726
4,307,342,1.0,0.3822457,0.6177543,6.31053,8.940301,2.412173,5.522909,7.9350824,0.99964213
4,284,342,1.0,0.3822457,0.6177543,5.944267,8.977048,2.2721703,5.54561,7.8177805,0.9995976
4,40,86,1.0,0.3822457,0.6177543,-0.6221458,-4.6201243,-0.23781253,-2.8541017,-3.0919142,0.043442022
4,23,349,1.0,0.3822457,0.6177543,4.9285417,7.874518,1.8839138,4.864517,6.748431,0.9988287
4,191,342,1.0,0.3822457,0.6177543,4.502037,4.91776,1.7208842,3.0379672,4.7588515,0.99149746
4,8,307,1.0,0.3822457,0.6177543,5.58281,4.377438,2.134005,2.7041812,4.8381863,0.99214077
4,40,357,1.0,0.3822457,0.6177543,4.669638,6.393811,1.7849491,3.9498043,5.7347536,0.9967788
4,8,161,1.0,0.3822457,0.6177543,4.7714753,3.535315,1.8238759,2.183956,4.0078316,0.9821516
4,3,318,1.0,0.3822457,0.6177543,4.0211005,1.2732128,1.5370483,0.78653264,2.323581,0.91081125
4,392,88,1.0,0.3822457,0.6177543,3.7597706,14.1566725,1.4371561,8.745345,10.182501,0.9999622
4,290,157,0.0,0.3822457,0.6177543,-14.09243,-18.14632,-5.3867707,-11.209967,-16.596737,6.1962474e-08
4,310,365,0.0,0.3822457,0.6177543,-13.34783,-11.142947,-5.1021504,-6.883603,-11.985754,6.2323297e-06
4,120,418,0.0,0.3822457,0.6177543,-0.4187529,-18.553444,-0.1600665,-11.46147,-11.621536,8.970715e-06
4,20,345,0.0,0.3822457,0.6177543,0.82465553,-1.0531405,0.315221,-0.6505821,-0.33536106,0.41693678
4,354,180,0.0,0.3822457,0.6177543,-7.8473253,-11.476556,-2.9996064,-7.0896916,-10.089298,4.1519812e-05
4,265,126,0.0,0.3822457,0.6177543,-11.371504,-17.560186,-4.3467083,-10.84788,-15.194589,2.5181052e-07
4,74,229,0.0,0.3822457,0.6177543,-3.1411467,-14.700862,-1.2006898,-9.08152,-10.282209,3.423563e-05
4,84,124,0.0,0.3822457,0.6177543,-6.752023,-13.358632,-2.5809317,-8.252352,-10.833283,1.9731322e-05
4,229,236,0.0,0.3822457,0.6177543,-3.922835,-12.746541,-1.4994868,-7.8742304,-9.373717,8.4919884e-05
4,239,135,0.0,0.3822457,0.6177543,-6.816364,-21.092308,-2.6055257,-13.029863,-15.635389,1.6204537e-07
4,198,534,0.0,0.3822457,0.6177543,-7.7810864,-17.676655,-2.9742868,-10.919829,-13.894116,9.244033e-07
4,296,77,0.0,0.3822457,0.6177543,-15.003759,-19.984953,-5.735122,-12.34579,-18.080912,1.4046232e-08
4,28,444,0.0,0.3822457,0.6177543,2.3660908,-4.4543853,0.904428,-2.7517157,-1.8472877,0.13619168
4,123,517,0.0,0.3822457,0.6177543,-8.612131,-10.872537,-3.29195,-6.716556,-10.008506,4.5013378e-05
4,394,576,0.0,0.3822457,0.6177543,-10.668936,-19.974966,-4.0781546,-12.339621,-16.417774,7.4105635e-08
4,151,52,0.0,0.3822457,0.6177543,-11.552738,-17.22925,-4.415984,-10.643443,-15.059427,2.8825292e-07
4,261,620,0.0,0.3822457,0.6177543,-5.1180224,-11.20291,-1.956342,-6.9206457,-8.876987,0.0001395445
4,369,581,0.0,0.3822457,0.6177543,-10.708862,-17.423883,-4.0934167,-10.763679,-14.857096,3.5289472e-07
4,224,25,0.0,0.3822457,0.6177543,-10.440865,-23.61091,-3.9909754,-14.585741,-18.576717,8.555277e-09
4,159,164,0.0,0.3822457,0.6177543,-7.590243,-15.27126,-2.9013376,-9.433887,-12.335224,4.3941845e-06
4,281,520,0.0,0.3822457,0.6177543,-14.473881,-15.562482,-5.5325785,-9.61379,-15.146368,2.642505e-07
4,179,148,0.0,0.3822457,0.6177543,-9.049885,-12.773766,-3.4592795,-7.8910484,-11.350328,1.1765486e-05
4,304,114,0.0,0.3822457,0.6177543,-12.347933,-15.634486,-4.719944,-9.658271,-14.378215,5.696661e-07
4,350,435,0.0,0.3822457,0.6177543,-1.222091,-15.993352,-0.467139,-9.879962,-10.347101,3.2084634e-05
4,129,438,0.0,0.3822457,0.6177543,-3.4558392,-9.751237,-1.3209796,-6.0238686,-7.344848,0.0006454945
4,54,277,0.0,0.3822457,0.6177543,-1.2223828,-15.037848,-0.46725056,-9.289696,-9.756947,5.788777e-05
4,355,229,0.0,0.3822457,0.6177543,-7.0430694,-18.883139,-2.692183,-11.66514,-14.357323,5.8169286e-07
4,143,549,0.0,0.3822457,0.6177543,-2.026502,-13.572979,-0.7746216,-8.384766,-9.159388,0.00010521625
4,209,169,0.0,0.3822457,0.6177543,-17.725733,-21.378721,-6.775585,-13.206797,-19.982382,2.0977893e-09
4,0,94,0.0,0.3822457,0.6177543,-2.3040802,-4.152293,-0.8807247,-2.5650969,-3.4458215,0.030893717
4,338,248,0.0,0.3822457,0.6177543,-11.803711,-17.402159,-4.5119176,-10.750258,-15.2621765,2.3535362e-07
4,381,556,0.0,0.3822457,0.6177543,-5.969029,-17.748135,-2.2816355,-10.963986,-13.245622,1.7680674e-06
4,229,435,0.0,0.3822457,0.6177543,-3.3941975,-14.789448,-1.2974174,-9.136245,-10.433662,2.9424236e-05
4,176,168,0.0,0.3822457,0.6177543,1.5677152,-5.8752694,0.59925234,-3.6294727,-3.0302205,0.046079133
4,11,266,0.0,0.3822457,0.6177543,-5.038414,-15.493539,-1.925912,-9.5712,-11.497112,1.0159286e-05
4,227,195,0.0,0.3822457,0.6177543,-5.7297015,-8.019096,-2.1901536,-4.953831,-7.143985,0.00078897644
4,108,543,0.0,0.3822457,0.6177543,-11.261429,-8.452779,-4.3046327,-5.2217402,-9.526373,7.2898256e-05
4,385,376,0.0,0.3822457,0.6177543,-1.080751,-14.598967,-0.4131124,-9.018574,-9.431686,8.0137506e-05
4,217,56,0.0,0.3822457,0.6177543,-2.0542808,-7.4478602,-0.78524,-4.6009474,-5.3861876,0.0045585237
4,15,230,0.0,0.3822457,0.6177543,-10.29631,-12.663125,-3.9357202,-7.8226995,-11.75842,7.823114e-06
4,405,642,0.0,0.3822457,0.6177543,-6.1287045,-16.038715,-2.342671,-9.907985,-12.250656,4.781956e-06
4,174,183,0.0,0.3822457,0.6177543,-2.1851063,-7.739592,-0.83524746,-4.781166,-5.6164136,0.0036244793
4,396,479,0.0,0.3822457,0.6177543,-8.133793,-19.824823,-3.1091073,-12.246869,-15.355976,2.1428127e-07
4,234,516,0.0,0.3822457,0.6177543,-1.7053784,-13.253154,-0.6518735,-8.187193,-8.8390665,0.00014493699
4,322,631,0.0,0.3822457,0.6177543,-9.82933,-21.131018,-3.757219,-13.053777,-16.810995,5.0012382e-08
4,250,360,0.0,0.3822457,0.6177543,-0.4217543,-10.302823,-0.16121377,-6.364613,-6.525827,0.0014629638
4,114,390,0.0,0.3822457,0.6177543,-4.076181,-12.26601,-1.5581026,-7.57738,-9.135483,0.00010776146
4,407,549,0.0,0.3822457,0.6177543,-8.16147,-20.722517,-3.1196868,-12.801424,-15.921111,1.217725e-07
4,313,173,0.0,0.3822457,0.6177543,-10.530123,-19.439568,-4.025094,-12.008876,-16.03397,1.0877656e-07
4,53,155,0.0,0.3822457,0.6177543,-2.0853143,-11.126324,-0.7971024,-6.873334,-7.6704364,0.0004661968
4,34,301,0.0,0.3822457,0.6177543,-3.9635036,-12.309317,-1.5150322,-7.604133,-9.119165,0.00010953406
4,310,165,0.0,0.3822457,0.6177543,-16.228981,-18.581675,-6.203458,-11.478909,-17.682365,2.0924075e-08
4,148,576,0.0,0.3822457,0.6177543,-5.263652,-17.726149,-2.0120082,-10.950404,-12.962412,2.3469022e-06
4,395,637,0.0,0.3822457,0.6177543,-2.4264693,-14.058137,-0.92750746,-8.684474,-9.611981,6.6917615e-05
4,17,569,0.0,0.3822457,0.6177543,-6.1426606,-3.7791138,-2.3480055,-2.3345637,-4.6825695,0.009170329
4,402,179,0.0,0.3822457,0.6177543,-9.469315,-16.056952,-3.6196046,-9.9192505,-13.538855,1.3187109e-06
4,270,306,0.0,0.3822457,0.6177543,-6.2602224,-16.953798,-2.3929431,-10.473282,-12.866225,2.5838558e-06
4,5,599,0.0,0.3822457,0.6177543,-5.0018554,-11.856546,-1.9119377,-7.3244324,-9.23637,9.742112e-05
4,300,294,0.0,0.3822457,0.6177543,0.23750713,-8.144314,0.09078608,-5.0311847,-4.9403987,0.007100962
4,208,478,0.0,0.3822457,0.6177543,-6.446276,-19.637106,-2.4640613,-12.130906,-14.594967,4.586551e-07
4,58,346,0.0,0.3822457,0.6177543,-6.797152,-15.684761,-2.598182,-9.689328,-12.28751,4.6089312e-06
4,220,540,0.0,0.3822457,0.6177543,-6.566542,-17.648045,-2.5100324,-10.902155,-13.412188,1.496788e-06
4,19,451,0.0,0.3822457,0.6177543,-2.4325395,-3.4986377,-0.92982775,-2.1612985,-3.0911262,0.04347478
4,10,158,0.0,0.3822457,0.6177543,-12.78124,-13.233219,-4.885574,-8.174878,-13.0604515,2.1277326e-06
4,116,307,0.0,0.3822457,0.6177543,-3.3593,-13.681302,-1.2840779,-8.451683,-9.735761,5.9127182e-05
4,107,397,0.0,0.3822457,0.6177543,-6.5343595,-14.373059,-2.4977307,-8.879019,-11.376749,1.1458709e-05
4,74,571,0.0,0.3822457,0.6177543,-0.16026369,-4.444633,-0.061260104,-2.745691,-2.806951,0.056949712
4,413,625,0.0,0.3822457,0.6177543,-8.495094,-14.964689,-3.2472131,-9.244501,-12.4917145,3.7576447e-06
4,135,293,0.0,0.3822457,0.6177543,-5.107644,-14.992818,-1.9523749,-9.261877,-11.214252,1.3480507e-05
4,405,397,0.0,0.3822457,0.6177543,-8.283077,-19.885164,-3.1661706,-12.284145,-15.450315,1.9499036e-07
4,189,127,0.0,0.3822457,0.6177543,-5.2834964,-15.928567,-2.0195937,-9.83994,-11.859533,7.0707756e-06
4,199,271,0.0,0.3822457,0.6177543,-8.679741,-19.970007,-3.3177936,-12.336557,-15.654351,1.5900162e-07
4,41,352,0.0,0.3822457,0.6177543,-2.3289773,-9.486232,-0.89024156,-5.8601604,-6.750402,0.0011690408
4,316,193,0.0,0.3822457,0.6177543,-10.567167,-16.87961,-4.039254,-10.427451,-14.466705,5.214221e-07
4,17,182,0.0,0.3822457,0.6177543,-2.0649955,-7.3892136,-0.78933567,-4.5647182,-5.354054,0.0047066836
4,155,80,0.0,0.3822457,0.6177543,1.401753,-6.641319,0.53581405,-4.102703,-3.566889,0.027467791
4,27,492,0.0,0.3822457,0.6177543,-3.8578854,-14.054199,-1.47466,-8.682042,-10.156702,3.8813563e-05
4,17,417,0.0,0.3822457,0.6177543,1.1596894,-7.645931,0.44328627,-4.7233067,-4.28002,0.013653387
4,37,29,0.0,0.3822457,0.6177543,-1.683268,-10.80124,-0.64342195,-6.672512,-7.315934,0.0006644182
4,148,48,0.0,0.3822457,0.6177543,0.058384076,-7.8350606,0.022317061,-4.8401423,-4.8178253,0.008019515
4,168,271,0.0,0.3822457,0.6177543,-3.2957935,-17.128101,-1.2598028,-10.580958,-11.840761,7.204762e-06
4,364,177,0.0,0.3822457,0.6177543,-7.6928744,-14.763278,-2.9405682,-9.120078,-12.060646,5.78263e-06
4,344,224,0.0,0.3822457,0.6177543,-3.934189,-21.308523,-1.5038269,-13.163431,-14.667258,4.266684e-07
4,34,122,0.0,0.3822457,0.6177543,-1.225055,-11.290873,-0.46827197,-6.9749846,-7.4432564,0.00058503344
4,350,527,0.0,0.3822457,0.6177543,0.24263868,-14.527709,0.09274759,-8.974554,-8.881806,0.00013887376
4,221,398,0.0,0.3822457,0.6177543,-6.4646277,-20.339724,-2.471076,-12.564951,-15.036027,2.9507765e-07
4,12,475,0.0,0.3822457,0.6177543,0.4727112,-6.6467476,0.18069182,-4.1060567,-3.925365,0.019353002
4,203,124,0.0,0.3822457,0.6177543,-6.776427,-17.156052,-2.59026,-10.598225,-13.188484,1.8720319e-06
4,150,456,0.0,0.3822457,0.6177543,-5.2245297,-17.059175,-1.997054,-10.538379,-12.535433,3.5969065e-06
4,222,433,0.0,0.3822457,0.6177543,-14.367321,-17.703272,-5.4918466,-10.936272,-16.428118,7.334307e-08
4,121,501,0.0,0.3822457,0.6177543,0.3522879,-8.333873,0.13466053,-5.1482854,-5.0136247,0.006602879
4,350,416,0.0,0.3822457,0.6177543,-0.8543227,-17.681782,-0.32656115,-10.9229965,-11.2495575,1.3012886e-05
4,372,432,0.0,0.3822457,0.6177543,-1.9125059,-10.74147,-0.7310471,-6.635589,-7.3666363,0.0006315913
4,155,571,0.0,0.3822457,0.6177543,-10.833965,-17.158308,-4.1412363,-10.599618,-14.740854,3.96395e-07
4,159,267,0.0,0.3822457,0.6177543,-8.873123,-14.796159,-3.3917131,-9.14039,-12.532104,3.6089011e-06
4,221,555,0.0,0.3822457,0.6177543,-8.150686,-19.531862,-3.1155646,-12.065891,-15.181456,2.5513935e-07
4,330,584,0.0,0.3822457,0.6177543,-11.108509,-24.062548,-4.2461796,-14.864742,-19.110922,5.0145514e-09
4,31,119,0.0,0.3822457,0.6177543,-0.53753364,-8.049448,-0.20546992,-4.972581,-5.178051,0.005607366
4,345,389,0.0,0.3822457,0.6177543,-7.487776,-18.556982,-2.86217,-11.463655,-14.325826,6.00306e-07
4,60,242,0.0,0.3822457,0.6177543,-2.8693414,-12.611937,-1.0967934,-7.7910776,-8.887871,0.00013803423
4,204,80,0.0,0.3822457,0.6177543,1.21278,-2.681053,0.46357992,-1.6562319,-1.192652,0.23278499
4,259,145,0.0,0.3822457,0.6177543,-10.899162,-14.997991,-4.1661577,-9.265073,-13.431231,1.4685545e-06
4,136,534,0.0,0.3822457,0.6177543,-3.4882653,-19.00786,-1.3333744,-11.742187,-13.075561,2.0958262e-06
4,330,624,0.0,0.3822457,0.6177543,-15.926367,-20.725473,-6.0877852,-12.80325,-18.891035,6.247808e-09
4,286,508,0.0,0.3822457,0.6177543,-15.878876,-14.317863,-6.0696316,-8.844921,-14.914553,3.3318994e-07
4,122,115,0.0,0.3822457,0.6177543,-8.127386,-15.524171,-3.1066582,-9.590123,-12.696781,3.060953e-06
4,55,498,0.0,0.3822457,0.6177543,-5.429112,-18.034636,-2.0752547,-11.140973,-13.216228,1.8208095e-06
4,38,424,0.0,0.3822457,0.6177543,2.1545358,-5.295233,0.823562,-3.2711527,-2.4475908,0.07961491
4,213,400,0.0,0.3822457,0.6177543,-6.4986405,-19.17724,-2.4840772,-11.846823,-14.3309,5.9726744e-07
4,393,293,0.0,0.3822457,0.6177543,-4.2814574,-15.69065,-1.6365687,-9.692966,-11.3295355,1.2012684e-05
4,108,180,0.0,0.3822457,0.6177543,-3.3194613,0.7632669,-1.2688498,0.4715114,-0.7973385,0.31059512
4,375,643,0.0,0.3822457,0.6177543,-5.436479,-19.847544,-2.0780706,-12.260905,-14.338976,5.9246355e-07
4,355,257,0.0,0.3822457,0.6177543,-3.540244,-14.442777,-1.353243,-8.922087,-10.27533,3.447197e-05
4,172,19,0.0,0.3822457,0.6177543,-4.0186706,-12.973256,-1.5361195,-8.014284,-9.550404,7.1167466e-05
4,65,520,0.0,0.3822457,0.6177543,-6.64864,-19.94396,-2.541414,-12.320467,-14.861881,3.5121e-07
4,202,276,0.0,0.3822457,0.6177543,-3.3366323,-5.466886,-1.2754133,-3.3771923,-4.6526055,0.009446631
4,401,257,0.0,0.3822457,0.6177543,-6.95598,-13.9581,-2.6588933,-8.622676,-11.2815695,1.2602919e-05
4,224,567,0.0,0.3822457,0.6177543,-10.3241825,-20.181131,-3.9463742,-12.46698,-16.413355,7.4433856e-08
4,227,517,0.0,0.3822457,0.6177543,-8.250387,-15.029504,-3.1536748,-9.28454,-12.438215,3.9641495e-06
4,19,342,0.0,0.3822457,0.6177543,4.444765,-0.82367337,1.6989923,-0.50882775,1.1901646,0.7667705
4,226,592,0.0,0.3822457,0.6177543,-7.5812182,-19.080389,-2.897888,-11.786992,-14.68488,4.192155e-07
4,352,382,0.0,0.3822457,0.6177543,-0.6057303,-6.8426967,-0.23153779,-4.227105,-4.458643,0.0114455465
4,77,225,0.0,0.3822457,0.6177543,-9.125315,-13.316318,-3.4881122,-8.2262125,-11.714325,8.175791e-06
4,1,413,0.0,0.3822457,0.6177543,-7.442612,-16.107477,-2.8449063,-9.950463,-12.79537,2.7735766e-06
4,315,609,0.0,0.3822457,0.6177543,-15.254314,-21.608843,-5.830896,-13.348955,-19.179852,4.680544e-09
4,141,252,0.0,0.3822457,0.6177543,-4.3612695,-11.430087,-1.6670765,-7.060985,-8.728062,0.0001619499
4,91,334,0.0,0.3822457,0.6177543,-2.2514892,-7.4271717,-0.86062205,-4.588167,-5.448789,0.0042830864
4,372,568,0.0,0.3822457,0.6177543,-5.720616,-16.324522,-2.1866808,-10.084543,-12.271224,4.684606e-06
4,73,400,0.0,0.3822457,0.6177543,-3.9218392,-18.400236,-1.4991062,-11.366825,-12.8659315,2.5846145e-06
4,141,492,0.0,0.3822457,0.6177543,-7.7543917,-15.61066,-2.9640827,-9.643552,-12.607635,3.3463584e-06
4,112,531,0.0,0.3822457,0.6177543,-4.8015037,-7.0017114,-1.8353541,-4.325337,-6.1606913,0.0021063476
4,353,173,0.0,0.3822457,0.6177543,-8.496876,-7.893638,-3.247894,-4.876329,-8.124223,0.00029618718
4,262,497,0.0,0.3822457,0.6177543,-6.837733,-18.112854,-2.613694,-11.189293,-13.802987,1.0126012e-06
4,324,288,0.0,0.3822457,0.6177543,-11.695282,-16.075583,-4.470471,-9.930759,-14.40123,5.56705e-07
4,261,570,0.0,0.3822457,0.6177543,-6.575452,-14.099777,-2.5134382,-8.710197,-11.223636,1.3354609e-05
4,142,508,0.0,0.3822457,0.6177543,-6.3437257,-10.701146,-2.424862,-6.6106787,-9.035541,0.000119086595
4,185,187,0.0,0.3822457,0.6177543,-5.4464083,-11.10892,-2.081866,-6.862583,-8.944449,0.00013044226
4,64,178,0.0,0.3822457,0.6177543,3.649079,6.4667993,1.3948448,3.9948928,5.3897376,0.99545753
4,52,571,0.0,0.3822457,0.6177543,-8.4826565,-15.469147,-3.2424588,-9.556131,-12.79859,2.7646613e-06
4,208,606,0.0,0.3822457,0.6177543,-3.7838473,-13.122231,-1.4463593,-8.106314,-9.552673,7.100613e-05
4,106,407,0.0,0.3822457,0.6177543,-4.3246155,-9.612422,-1.6530657,-5.9381146,-7.5911803,0.00050463
4,224,647,0.0,0.3822457,0.6177543,-8.183046,-20.648058,-3.1279342,-12.755426,-15.883361,1.2645731e-07
4,244,206,0.0,0.3822457,0.6177543,-5.722644,-9.240739,-2.187456,-5.708506,-7.8959618,0.0003721052
4,58,514,0.0,0.3822457,0.6177543,-5.034221,-15.330055,-1.9243094,-9.470207,-11.394517,1.1256911e-05
4,405,638,0.0,0.3822457,0.6177543,-4.21281,-15.40755,-1.6103284,-9.51808,-11.128408,1.4688832e-05
4,144,301,0.0,0.3822457,0.6177543,-3.422534,-8.251438,-1.3082489,-5.097361,-6.40561,0.0016495365
4,289,381,0.0,0.3822457,0.6177543,-12.842499,-16.324533,-4.90899,-10.084551,-14.993541,3.0788453e-07
4,409,261,0.0,0.3822457,0.6177543,-11.903152,-15.520286,-4.5499287,-9.587723,-14.137651,7.2459557e-07
4,280,408,0.0,0.3822457,0.6177543,-5.0736127,-16.922218,-1.9393666,-10.453773,-12.393139,4.146927e-06
4,332,225,0.0,0.3822457,0.6177543,-15.136101,-19.409403,-5.7857094,-11.990242,-17.775951,1.9054713e-08
4,275,231,0.0,0.3822457,0.6177543,-7.848351,-20.96683,-2.9999983,-12.952349,-15.952347,1.1802765e-07
4,72,612,0.0,0.3822457,0.6177543,-4.628244,-16.580395,-1.7691263,-10.24261,-12.011736,6.0724888e-06
4,56,388,0.0,0.3822457,0.6177543,-4.2281284,-15.331178,-1.6161839,-9.470901,-11.087085,1.5308535e-05
4,280,371,0.0,0.3822457,0.6177543,-8.3479595,-13.927071,-3.1909716,-8.603507,-11.794478,7.546053e-06
4,184,560,0.0,0.3822457,0.6177543,-7.587661,-15.046559,-2.9003506,-9.295076,-12.195427,5.0534873e-06
4,396,354,0.0,0.3822457,0.6177543,-10.559229,-19.471094,-4.0362196,-12.028352,-16.064571,1.0549825e-07
4,323,529,0.0,0.3822457,0.6177543,-5.509929,-14.978288,-2.1061466,-9.252901,-11.359048,1.16633455e-05
4,138,625,0.0,0.3822457,0.6177543,-7.0728545,-17.566788,-2.7035682,-10.851958,-13.555527,1.2969074e-06
4,397,592,0.0,0.3822457,0.6177543,-1.5571921,-12.53966,-0.59523,-7.746429,-8.341659,0.00023831986
4,328,323,0.0,0.3822457,0.6177543,-16.380003,-15.859842,-6.2611856,-9.797485,-16.05867,1.0612268e-07
4,263,342,0.0,0.3822457,0.6177543,4.5874467,5.4073133,1.7535317,3.340391,5.0939226,0.99390346
4,259,176,0.0,0.3822457,0.6177543,-6.5109096,-13.897946,-2.4887671,-8.585516,-11.074284,1.5505759e-05
4,138,220,0.0,0.3822457,0.6177543,-3.9145226,-10.963883,-1.4963094,-6.772986,-8.269296,0.00025620006
4,267,132,0.0,0.3822457,0.6177543,-4.4549627,0.7113315,-1.7028903,0.43942806,-1.2634622,0.22037847
4,253,319,0.0,0.3822457,0.6177543,-2.8239179,-7.0966797,-1.0794305,-4.384004,-5.4634347,0.004221078
4,274,87,0.0,0.3822457,0.6177543,-7.1617856,-9.086434,-2.7375617,-5.6131835,-8.350745,0.00023616465
4,369,435,0.0,0.3822457,0.6177543,-4.8787904,-14.476645,-1.8648965,-8.943009,-10.807906,2.0238449e-05
4,341,365,0.0,0.3822457,0.6177543,-9.11463,-11.597564,-3.4840279,-7.1644444,-10.648472,2.3736524e-05
4,169,134,0.0,0.3822457,0.6177543,-6.659233,-18.245556,-2.545463,-11.27127,-13.816732,9.98778e-07
4,365,405,0.0,0.3822457,0.6177543,-18.638897,-16.560163,-7.124638,-10.230112,-17.35475,2.903541e-08
4,290,136,0.0,0.3822457,0.6177543,-12.972715,-15.505708,-4.9587646,-9.578717,-14.537481,4.857937e-07
4,309,426,0.0,0.3822457,0.6177543,-11.24934,-17.685915,-4.3000116,-10.9255495,-15.225561,2.441309e-07
4,303,261,0.0,0.3822457,0.6177543,-18.58457,-19.751379,-7.103872,-12.201499,-19.30537,4.128423e-09
4,143,252,0.0,0.3822457,0.6177543,-2.3277164,-14.18843,-0.88975954,-8.764963,-9.654722,6.411794e-05
4,57,7,0.0,0.3822457,0.6177543,-5.2467804,-18.054146,-2.0055592,-11.153026,-13.158585,1.9288502e-06
4,410,532,0.0,0.3822457,0.6177543,-1.842823,-12.516807,-0.70441115,-7.732311,-8.436722,0.00021671258
4,283,231,0.0,0.3822457,0.6177543,-7.624829,-16.831646,-2.914558,-10.397821,-13.31238,1.6538883e-06
4,397,313,0.0,0.3822457,0.6177543,-3.3097603,-8.372988,-1.2651416,-5.172449,-6.4375906,0.001597701
4,171,400,0.0,0.3822457,0.6177543,-1.9777092,-18.596968,-0.75597084,-11.488357,-12.244328,4.8123147e-06
4,13,420,0.0,0.3822457,0.6177543,1.5027566,1.4578745,0.57442224,0.90060824,1.4750304,0.8138208
4,229,67,0.0,0.3822457,0.6177543,-7.2321415,-15.193107,-2.7644548,-9.385607,-12.150062,5.2880187e-06
4,265,440,0.0,0.3822457,0.6177543,-12.169746,-12.736776,-4.651833,-7.868198,-12.520031,3.6527338e-06
4,405,573,0.0,0.3822457,0.6177543,-15.311213,-21.108377,-5.852645,-13.03979,-18.892435,6.239068e-09
4,177,82,0.0,0.3822457,0.6177543,-10.081131,-15.694709,-3.853469,-9.695474,-13.548943,1.3054747e-06
4,117,612,0.0,0.3822457,0.6177543,-4.956367,-11.226089,-1.89455,-6.934964,-8.8295145,0.00014632786
4,144,493,0.0,0.3822457,0.6177543,-2.371634,-9.75658,-0.9065469,-6.027169,-6.9337163,0.0009734245
4,210,64,0.0,0.3822457,0.6177543,-5.442933,-12.163333,-2.0805378,-7.513951,-9.594488,6.809844e-05
4,288,371,0.0,0.3822457,0.6177543,-12.477808,-14.025233,-4.7695885,-8.664148,-13.433737,1.4648784e-06
4,11,501,0.0,0.3822457,0.6177543,-1.3248637,-3.4397867,-0.5064234,-2.124943,-2.6313665,0.0671468
4,97,517,0.0,0.3822457,0.6177543,-3.2779431,-8.925714,-1.2529796,-5.513898,-6.7668777,0.0011499597
4,147,499,0.0,0.3822457,0.6177543,-8.450857,-9.199174,-3.2303038,-5.682829,-8.913133,0.00013459136
4,397,472,0.0,0.3822457,0.6177543,-6.2932982,-8.56273,-2.4055862,-5.289663,-7.695249,0.00045477675
4,356,336,0.0,0.3822457,0.6177543,-6.5128794,-14.442141,-2.48952,-8.921694,-11.411214,1.107052e-05
4,150,467,0.0,0.3822457,0.6177543,-6.5532985,-20.769073,-2.50497,-12.830184,-15.335154,2.1878992e-07
4,327,56,0.0,0.3822457,0.6177543,-9.934475,-11.569156,-3.7974102,-7.1468954,-10.944305,1.7657974e-05
4,101,206,0.0,0.3822457,0.6177543,-1.3121719,-15.626232,-0.5015721,-9.653172,-10.154743,3.8889662e-05
4,304,561,0.0,0.3822457,0.6177543,-12.703749,-18.147406,-4.855953,-11.210637,-16.06659,1.0528558e-07
4,226,455,0.0,0.3822457,0.6177543,-10.728815,-16.06788,-4.101043,-9.9260025,-14.027046,8.093398e-07
4,343,364,0.0,0.3822457,0.6177543,-16.008188,-19.368334,-6.119061,-11.964871,-18.083933,1.4003859e-08
4,294,349,0.0,0.3822457,0.6177543,-7.7205596,-15.96215,-2.9511507,-9.860686,-12.811837,2.728278e-06
4,113,448,0.0,0.3822457,0.6177543,-4.523155,-18.97515,-1.7289566,-11.721979,-13.450935,1.4399001e-06
4,301,478,0.0,0.3822457,0.6177543,-10.4488125,-22.172527,-3.9940135,-13.697174,-17.691187,2.0740304e-08
4,323,10,0.0,0.3822457,0.6177543,-6.225452,-10.20965,-2.3796523,-6.307055,-8.6867075,0.00016878643
4,147,575,0.0,0.3822457,0.6177543,-12.975063,-14.643112,-4.959662,-9.045845,-14.0055065,8.2696175e-07
4,266,354,0.0,0.3822457,0.6177543,-11.586155,-12.197456,-4.4287577,-7.535031,-11.963789,6.370737e-06
4,35,253,0.0,0.3822457,0.6177543,-1.2725672,-8.511111,-0.4864333,-5.2577753,-5.744209,0.0031910506
4,125,477,0.0,0.3822457,0.6177543,-8.692465,-10.001933,-3.322657,-6.178737,-9.501394,7.474195e-05
4,67,505,0.0,0.3822457,0.6177543,-3.943863,-22.715292,-1.5075246,-14.032469,-15.539993,1.7826521e-07
4,282,109,0.0,0.3822457,0.6177543,-5.5912223,-7.1777196,-2.1372206,-4.434067,-6.571287,0.0013980371
4,173,175,0.0,0.3822457,0.6177543,-0.7050016,-11.101628,-0.26948383,-6.8580785,-7.1275625,0.00080202974
4,390,25,0.0,0.3822457,0.6177543,-9.759342,-11.706361,-3.7304666,-7.2316546,-10.962121,1.7346178e-05
4,117,120,0.0,0.3822457,0.6177543,-6.0196114,-2.3760254,-2.3009706,-1.4677999,-3.7687705,0.022559736
4,32,406,0.0,0.3822457,0.6177543,-0.39250016,-10.688222,-0.15003149,-6.602695,-6.7527266,0.0011663296
4,139,291,0.0,0.3822457,0.6177543,-5.973825,-11.925563,-2.283469,-7.3670673,-9.650537,6.438687e-05
4,366,311,0.0,0.3822457,0.6177543,-3.427916,-14.655525,-1.3103062,-9.053514,-10.36382,3.1552692e-05
4,352,578,0.0,0.3822457,0.6177543,-4.108826,-7.2450356,-1.5705811,-4.4756517,-6.0462327,0.0023611733
4,252,411,0.0,0.3822457,0.6177543,-8.017454,-14.030379,-3.0646372,-8.667327,-11.731964,8.032842e-06
4,319,401,0.0,0.3822457,0.6177543,-11.716291,-19.790327,-4.478502,-12.225559,-16.704062,5.5656802e-08
4,356,539,0.0,0.3822457,0.6177543,-8.395485,-22.382051,-3.209138,-13.826608,-17.035746,3.994566e-08
4,54,212,0.0,0.3822457,0.6177543,-4.73912,-14.795986,-1.8115082,-9.140284,-10.951792,1.7526276e-05
4,24,586,0.0,0.3822457,0.6177543,-2.2577379,-0.25931656,-0.8630106,-0.16019392,-1.0232046,0.26440367
4,9,299,0.0,0.3822457,0.6177543,-2.2969055,0.24957311,-0.87798226,0.15417486,-0.7238074,0.32655513
4,363,269,0.0,0.3822457,0.6177543,-7.782318,-12.735569,-2.9747577,-7.867452,-10.84221,1.955598e-05
4,280,557,0.0,0.3822457,0.6177543,-9.49078,-19.746185,-3.6278098,-12.198291,-15.8261,1.3390965e-07
4,163,16,0.0,0.3822457,0.6177543,-5.446152,-18.556057,-2.0817683,-11.463083,-13.544851,1.3108265e-06
4,220,295,0.0,0.3822457,0.6177543,-8.862099,-11.096232,-3.387499,-6.854745,-10.242244,3.563154e-05
4,153,131,0.0,0.3822457,0.6177543,-4.0993648,-14.128296,-1.5669645,-8.727816,-10.29478,3.3807984e-05
4,102,256,0.0,0.3822457,0.6177543,-0.7835394,-12.941762,-0.29950458,-7.9948287,-8.294333,0.0002498666
4,126,256,0.0,0.3822457,0.6177543,2.454166,-0.73506576,0.9380944,-0.45409003,0.48400435,0.618693
4,219,264,0.0,0.3822457,0.6177543,-10.033125,-21.579174,-3.8351188,-13.330627,-17.165747,3.5076066e-08
4,167,42,0.0,0.3822457,0.6177543,-2.7746544,-14.076707,-1.0605997,-8.695946,-9.756545,5.7911013e-05
4,363,263,0.0,0.3822457,0.6177543,-11.602655,-18.007212,-4.435065,-11.124032,-15.559097,1.7489195e-07
4,73,316,0.0,0.3822457,0.6177543,-6.261747,-13.4570265,-2.3935258,-8.313136,-10.706662,2.2394735e-05
4,245,16,0.0,0.3822457,0.6177543,-4.3132854,-22.439085,-1.6487347,-13.861841,-15.510576,1.8358713e-07
4,198,90,0.0,0.3822457,0.6177543,-9.684687,-17.554531,-3.7019298,-10.844387,-14.546317,4.815202e-07
4,136,169,0.0,0.3822457,0.6177543,-9.1720085,-18.698948,-3.5059607,-11.551355,-15.057316,2.8886217e-07
4,128,564,0.0,0.3822457,0.6177543,-8.569752,-17.105543,-3.2757506,-10.567022,-13.842773,9.731045e-07
4,277,298,0.0,0.3822457,0.6177543,-8.4182415,-18.290998,-3.2178366,-11.299342,-14.517179,4.9575743e-07
4,223,190,0.0,0.3822457,0.6177543,-6.9352903,-17.629738,-2.6509848,-10.890846,-13.541831,1.3147917e-06
4,302,633,0.0,0.3822457,0.6177543,-19.469004,-20.01351,-7.4419427,-12.363431,-19.805374,2.5040057e-09
4,163,547,0.0,0.3822457,0.6177543,-9.486881,-8.700282,-3.6263194,-5.3746367,-9.000956,0.00012327672
4,166,618,0.0,0.3822457,0.6177543,-11.162182,-16.258898,-4.266696,-10.0440035,-14.310699,6.094554e-07
4,115,452,0.0,0.3822457,0.6177543,-1.8202571,-12.363155,-0.6957854,-7.637392,-8.333178,0.00024034915
4,135,257,0.0,0.3822457,0.6177543,-4.5728197,-10.363138,-1.7479407,-6.401873,-8.149814,0.0002887058
4,387,367,0.0,0.3822457,0.6177543,-7.3658986,-20.515657,-2.815583,-12.6736355,-15.489219,1.8755028e-07
4,271,486,0.0,0.3822457,0.6177543,-3.5832288,-22.732218,-1.3696737,-14.042925,-15.412599,2.0248524e-07
4,192,392,0.0,0.3822457,0.6177543,-3.7688997,-17.832487,-1.4406457,-11.016095,-12.456741,3.891386e-06
4,288,453,0.0,0.3822457,0.6177543,-8.494364,-16.22122,-3.246934,-10.020728,-13.267662,1.729525e-06
4,171,434,0.0,0.3822457,0.6177543,-6.88119,-15.981217,-2.630305,-9.872465,-12.50277,3.7163293e-06
4,64,417,0.0,0.3822457,0.6177543,-0.99615335,-10.930102,-0.38077533,-6.7521176,-7.132893,0.00079776923
4,63,589,0.0,0.3822457,0.6177543,-1.2348967,-6.5012937,-0.47203392,-4.016202,-4.488236,0.011115512
4,8,346,0.0,0.3822457,0.6177543,5.398152,2.518385,2.0634203,1.5557431,3.6191635,0.9738947
4,189,334,0.0,0.3822457,0.6177543,-11.985418,-20.427437,-4.5813746,-12.619137,-17.200512,3.3877594e-08
4,226,545,0.0,0.3822457,0.6177543,-10.851603,-5.5701847,-4.1479783,-3.4410055,-7.5889835,0.00050573924
4,254,216,0.0,0.3822457,0.6177543,-7.827578,-10.974503,-2.992058,-6.779546,-9.771604,5.704554e-05
4,362,498,0.0,0.3822457,0.6177543,-9.901342,-22.738102,-3.7847455,-14.04656,-17.831306,1.80286e-08
4,363,213,0.0,0.3822457,0.6177543,-8.144669,-9.651191,-3.1132646,-5.9620643,-9.075329,0.0001144419
4,187,571,0.0,0.3822457,0.6177543,-8.861494,-16.931004,-3.3872678,-10.4592,-13.846468,9.695159e-07
4,178,345,0.0,0.3822457,0.6177543,-6.145962,-16.686874,-2.3492675,-10.308388,-12.657656,3.1830875e-06
4,319,2,0.0,0.3822457,0.6177543,-3.8333874,-13.618137,-1.4652958,-8.4126625,-9.877958,5.1290266e-05
4,20,52,0.0,0.3822457,0.6177543,-7.1960917,-15.574914,-2.750675,-9.6214695,-12.372145,4.2349084e-06
4,314,307,0.0,0.3822457,0.6177543,-4.7853565,-17.638334,-1.8291819,-10.896156,-12.725338,2.9747787e-06
4,6,600,0.0,0.3822457,0.6177543,-3.4734328,-2.1840463,-1.3277047,-1.349204,-2.6769085,0.06434976
4,357,508,0.0,0.3822457,0.6177543,-3.6374407,-17.410948,-1.390396,-10.755688,-12.146084,5.309095e-06
4,381,96,0.0,0.3822457,0.6177543,-7.6584105,-17.332672,-2.9273944,-10.707333,-13.6347275,1.1981538e-06
4,366,339,0.0,0.3822457,0.6177543,-5.993355,-16.334366,-2.290934,-10.090625,-12.381559,4.195225e-06
4,171,32,0.0,0.3822457,0.6177543,-6.8038588,-11.074164,-2.6007457,-6.8411126,-9.441858,7.932656e-05
4,186,574,0.0,0.3822457,0.6177543,-3.7043285,-13.904605,-1.4159636,-8.589629,-10.005592,4.514471e-05
4,65,505,0.0,0.3822457,0.6177543,-2.8896556,-16.941195,-1.1045583,-10.465495,-11.570053,9.444646e-06
4,253,423,0.0,0.3822457,0.6177543,-10.381605,-12.879291,-3.9683237,-7.956237,-11.924561,6.625616e-06
4,359,247,0.0,0.3822457,0.6177543,-4.0698676,-22.20017,-1.5556893,-13.714251,-15.269939,2.3353363e-07
4,235,413,0.0,0.3822457,0.6177543,-6.711148,-18.941763,-2.5653074,-11.701355,-14.266663,6.368936e-07
4,36,471,0.0,0.3822457,0.6177543,-0.09827924,-11.338164,-0.037566815,-7.0041995,-7.041766,0.00087381643
4,406,289,0.0,0.3822457,0.6177543,-1.4208112,-14.02042,-0.5430989,-8.661175,-9.204273,0.000100598445
4,44,185,0.0,0.3822457,0.6177543,0.87521696,4.0267177,0.3345479,2.4875221,2.8220701,0.94385684
4,319,487,0.0,0.3822457,0.6177543,-12.601498,-16.0338,-4.8168683,-9.904948,-14.721817,4.0401355e-07
4,288,519,0.0,0.3822457,0.6177543,-17.96123,-15.706126,-6.8656025,-9.702527,-16.56813,6.376059e-08
4,75,63,0.0,0.3822457,0.6177543,-0.55867684,1.8963791,-0.21355182,1.1714963,0.95794445,0.72271
4,170,229,0.0,0.3822457,0.6177543,-4.3230042,-16.371532,-1.6524497,-10.1135845,-11.766034,7.763775e-06
4,65,174,0.0,0.3822457,0.6177543,2.7465684,-4.629067,1.0498639,-2.8596258,-1.8097619,0.1406669
4,336,91,0.0,0.3822457,0.6177543,-8.287289,-13.9521055,-3.1677804,-8.618973,-11.786753,7.6045762e-06
4,295,194,0.0,0.3822457,0.6177543,-13.101458,-10.110061,-5.0079756,-6.2455335,-11.2535095,1.2961561e-05
4,152,131,0.0,0.3822457,0.6177543,-8.705345,-12.869784,-3.3275807,-7.9503646,-11.2779455,1.2648675e-05
4,341,422,0.0,0.3822457,0.6177543,-8.710548,-20.919308,-3.3295696,-12.922992,-16.252562,8.741826e-08
4,83,54,0.0,0.3822457,0.6177543,-1.2962732,2.2437565,-0.49549484,1.3860902,0.8905953,0.709013
4,261,561,0.0,0.3822457,0.6177543,-2.4469137,-14.3581,-0.9353222,-8.869778,-9.8050995,5.51665e-05
4,197,248,0.0,0.3822457,0.6177543,-5.160555,-14.687903,-1.9725999,-9.073515,-11.046115,1.5948737e-05
4,312,253,0.0,0.3822457,0.6177543,-8.606169,-15.732628,-3.289671,-9.718898,-13.008569,2.2410388e-06
4,281,283,0.0,0.3822457,0.6177543,-6.699666,-18.367704,-2.5609186,-11.346728,-13.907647,9.119797e-07
4,276,524,0.0,0.3822457,0.6177543,-5.555309,-15.226202,-2.123493,-9.406052,-11.529545,9.835083e-06
4,36,320,0.0,0.3822457,0.6177543,-2.478961,-9.889838,-0.9475722,-6.10949,-7.057062,0.0008605636
4,220,137,0.0,0.3822457,0.6177543,-5.7295136,-24.036196,-2.1900818,-14.848463,-17.038546,3.983397e-08
4,176,83,0.0,0.3822457,0.6177543,-10.191219,-10.1501,-3.8955498,-6.2702675,-10.165817,3.846139e-05
4,239,329,0.0,0.3822457,0.6177543,-3.765055,-13.59952,-1.439176,-8.401161,-9.840337,5.3256532e-05
4,56,403,0.0,0.3822457,0.6177543,-10.835079,-14.369224,-4.141662,-8.87665,-13.018312,2.219309e-06
4,348,2,0.0,0.3822457,0.6177543,-2.1618106,-20.84362,-0.8263428,-12.876236,-13.702579,1.1195546e-06
4,330,568,0.0,0.3822457,0.6177543,-12.267843,-21.670057,-4.68933,-13.38677,-18.0761,1.4113988e-08
4,34,100,0.0,0.3822457,0.6177543,-2.3797677,-13.897854,-0.9096559,-8.585459,-9.495114,7.521277e-05
4,356,182,0.0,0.3822457,0.6177543,-8.590368,-16.697271,-3.2836313,-10.314811,-13.598442,1.2424277e-06
4,152,301,0.0,0.3822457,0.6177543,-5.4394145,-7.5301557,-2.0791926,-4.651786,-6.7309785,0.0011919423
4,397,99,0.0,0.3822457,0.6177543,-6.239348,-13.964581,-2.3849638,-8.626679,-11.011643,1.6508091e-05
4,253,195,0.0,0.3822457,0.6177543,-6.3887153,-8.428637,-2.4420588,-5.206826,-7.648885,0.0004763483
4,268,439,0.0,0.3822457,0.6177543,-10.697592,-15.385579,-4.0891085,-9.504507,-13.593616,1.2484388e-06
4,387,189,0.0,0.3822457,0.6177543,-6.0427995,-15.465089,-2.309834,-9.553625,-11.863459,7.043075e-06
4,217,506,0.0,0.3822457,0.6177543,-9.289326,-13.002593,-3.5508046,-8.032408,-11.583212,9.321181e-06
4,64,138,0.0,0.3822457,0.6177543,-6.794296,-10.294283,-2.5970902,-6.3593373,-8.956428,0.00012888933
4,169,292,0.0,0.3822457,0.6177543,-6.2250814,-19.116854,-2.3795106,-11.809518,-14.189029,6.88308e-07
4,109,430,0.0,0.3822457,0.6177543,-4.253986,-2.142243,-1.6260678,-1.3233798,-2.9494476,0.04976262
4,5,490,0.0,0.3822457,0.6177543,-5.511021,-13.232551,-2.106564,-8.174465,-10.281029,3.4276072e-05
4,270,515,0.0,0.3822457,0.6177543,-1.889858,-18.394926,-0.72239006,-11.363544,-12.085935,5.6382305e-06
4,135,467,0.0,0.3822457,0.6177543,-4.1089315,-17.440435,-1.5706214,-10.773904,-12.344525,4.3535033e-06
4,134,211,0.0,0.3822457,0.6177543,-3.5752313,-18.041046,-1.3666167,-11.144934,-12.511551,3.6838412e-06
4,333,490,0.0,0.3822457,0.6177543,-17.149939,-21.817123,-6.55549,-13.477621,-20.033112,1.9940232e-09
4,233,466,0.0,0.3822457,0.6177543,-5.0248246,-18.529684,-1.9207176,-11.446792,-13.367509,1.5651789e-06
4,183,535,0.0,0.3822457,0.6177543,-8.00473,-17.718172,-3.0597737,-10.945477,-14.00525,8.27174e-07
4,282,8,0.0,0.3822457,0.6177543,-14.978762,-17.744469,-5.725567,-10.961721,-16.687288,5.659822e-08
4,252,168,0.0,0.3822457,0.6177543,-2.2089694,-3.1619658,-0.844369,-1.9533179,-2.7976868,0.0574493
4,388,42,0.0,0.3822457,0.6177543,-8.582129,-12.798139,-3.2804816,-7.906105,-11.186586,1.385866e-05
4,310,80,0.0,0.3822457,0.6177543,-0.0138807,-3.8714302,-0.005305838,-2.3915925,-2.3968983,0.083409525
4,141,158,0.0,0.3822457,0.6177543,-12.005621,-15.872119,-4.589097,-9.805069,-14.394166,5.6065136e-07
4,244,575,0.0,0.3822457,0.6177543,-9.036171,-4.1697536,-3.4540374,-2.5758832,-6.0299206,0.0023999114
4,298,78,0.0,0.3822457,0.6177543,-10.788578,-15.445873,-4.1238875,-9.541755,-13.665642,1.1616804e-06
4,324,390,0.0,0.3822457,0.6177543,-8.910793,-18.56228,-3.4061124,-11.4669285,-14.873041,3.473123e-07
4,292,386,0.0,0.3822457,0.6177543,-9.208031,-14.241712,-3.51973,-8.797878,-12.317608,4.472279e-06
4,112,513,0.0,0.3822457,0.6177543,-7.2129645,-9.346565,-2.7571247,-5.7738805,-8.531005,0.00019721774
4,55,374,0.0,0.3822457,0.6177543,-6.6778884,-9.396189,-2.552594,-5.804536,-8.35713,0.00023466193
4,301,297,0.0,0.3822457,0.6177543,-10.190229,-13.113127,-3.8951712,-8.10069,-11.995861,6.169658e-06
4,182,451,0.0,0.3822457,0.6177543,-11.411242,-12.252755,-4.361898,-7.569192,-11.931089,6.5824997e-06
4,131,464,0.0,0.3822457,0.6177543,-7.4765162,-15.503665,-2.857866,-9.5774555,-12.435322,3.975636e-06
4,251,551,0.0,0.3822457,0.6177543,-6.570968,-17.409763,-2.5117242,-10.754956,-13.266681,1.731223e-06
4,169,40,0.0,0.3822457,0.6177543,-2.69586,-21.77364,-1.0304809,-13.450759,-14.481239,5.138986e-07
4,92,191,0.0,0.3822457,0.6177543,-4.287287,-11.764649,-1.638797,-7.2676625,-8.90646,0.00013549236
4,218,511,0.0,0.3822457,0.6177543,-13.674002,-13.761093,-5.226828,-8.500975,-13.727802,1.0916683e-06
4,389,417,0.0,0.3822457,0.6177543,-6.230434,-14.844725,-2.3815565,-9.170392,-11.551949,9.6171925e-06
4,263,425,0.0,0.3822457,0.6177543,-0.97048616,-11.308347,-0.37096414,-6.98578,-7.356744,0.00063786627
4,10,115,0.0,0.3822457,0.6177543,-8.451511,-11.431951,-3.2305539,-7.062136,-10.29269,3.38787e-05
4,371,81,0.0,0.3822457,0.6177543,-2.2320724,-2.171697,-0.8532,-1.341575,-2.194775,0.10022067
4,181,338,0.0,0.3822457,0.6177543,-2.8769379,-7.021917,-1.0996971,-4.337819,-5.437516,0.004331432
4,172,64,0.0,0.3822457,0.6177543,-2.5762467,-11.98884,-0.9847592,-7.4061575,-8.390917,0.00022686765
4,37,96,0.0,0.3822457,0.6177543,-6.703362,-12.48659,-2.5623312,-7.7136445,-10.275976,3.444969e-05
4,389,271,0.0,0.3822457,0.6177543,-3.7439537,-6.163832,-1.4311101,-3.8077338,-5.238844,0.0052783787
4,92,53,0.0,0.3822457,0.6177543,-3.1362412,-15.276147,-1.1988146,-9.436905,-10.635719,2.4041157e-05
4,91,20,0.0,0.3822457,0.6177543,-1.6830634,-12.441463,-0.64334375,-7.685767,-8.329111,0.00024132826
4,68,392,0.0,0.3822457,0.6177543,-1.5856739,-5.0790343,-0.606117,-3.1375952,-3.7437122,0.02311895
4,309,83,0.0,0.3822457,0.6177543,-13.13999,-11.689943,-5.0227046,-7.2215123,-12.244217,4.8128472e-06
4,410,405,0.0,0.3822457,0.6177543,-9.765772,-14.220599,-3.7329242,-8.784836,-12.51776,3.6610375e-06
4,299,109,0.0,0.3822457,0.6177543,-4.693182,-8.055819,-1.7939485,-4.9765162,-6.770465,0.0011458468
4,349,624,0.0,0.3822457,0.6177543,-7.7895865,-16.531494,-2.977536,-10.212401,-13.189938,1.8693132e-06
4,303,581,0.0,0.3822457,0.6177543,-13.428476,-18.898453,-5.132977,-11.6746,-16.807577,5.0183612e-08
4,406,542,0.0,0.3822457,0.6177543,-1.4507923,-1.9660968,-0.5545591,-1.2145647,-1.7691238,0.14565131
4,97,314,0.0,0.3822457,0.6177543,-2.455932,-8.033607,-0.9387694,-4.962795,-5.901564,0.0027277025
4,334,276,0.0,0.3822457,0.6177543,-11.010012,-13.1760645,-4.2085295,-8.13957,-12.3481,4.33797e-06
4,281,195,0.0,0.3822457,0.6177543,-7.4447703,-12.949127,-2.8457313,-7.9993787,-10.84511,1.949935e-05
4,37,376,0.0,0.3822457,0.6177543,-4.8172345,-10.489621,-1.8413671,-6.4800086,-8.321376,0.00024320178
4,5,420,0.0,0.3822457,0.6177543,6.863425,2.9978366,2.6235147,1.8519263,4.475441,0.98874295
4,54,45,0.0,0.3822457,0.6177543,0.28627545,-18.44258,0.10942756,-11.3929825,-11.283555,1.2577921e-05
4,312,498,0.0,0.3822457,0.6177543,-11.012596,-17.501328,-4.2095175,-10.81152,-15.021037,2.9953415e-07
4,119,460,0.0,0.3822457,0.6177543,-9.315626,-19.686602,-3.560858,-12.161483,-15.722341,1.4855051e-07
4,189,530,0.0,0.3822457,0.6177543,-10.300228,-16.61666,-3.9372177,-10.265013,-14.20223,6.7928084e-07
4,5,385,0.0,0.3822457,0.6177543,1.6012076,-8.658919,0.6120547,-5.3490844,-4.7370296,0.008688491
4,367,587,0.0,0.3822457,0.6177543,-10.680508,-15.510696,-4.082578,-9.5817995,-13.664377,1.1631504e-06
4,306,624,0.0,0.3822457,0.6177543,-15.709377,-19.125656,-6.004842,-11.814956,-17.819798,1.8237289e-08
4,125,369,0.0,0.3822457,0.6177543,-7.5569773,-17.191463,-2.888622,-10.6201,-13.508722,1.3590513e-06
4,57,126,0.0,0.3822457,0.6177543,-1.2788389,-15.174036,-0.48883066,-9.373826,-9.862657,5.2081094e-05
4,255,230,0.0,0.3822457,0.6177543,-12.380314,-12.825203,-4.7323217,-7.922824,-12.655146,3.1910872e-06
4,262,315,0.0,0.3822457,0.6177543,-2.7277536,-10.290637,-1.042672,-6.357085,-7.3997574,0.0006110275
4,355,351,0.0,0.3822457,0.6177543,-8.642559,-18.21205,-3.303581,-11.250571,-14.5541525,4.777621e-07
4,339,427,0.0,0.3822457,0.6177543,-14.659901,-21.124342,-5.603684,-13.049653,-18.653337,7.924255e-09
4,299,48,0.0,0.3822457,0.6177543,-12.502089,-14.601682,-4.7788696,-9.020251,-13.799121,1.0165237e-06
4,270,422,0.0,0.3822457,0.6177543,-8.74861,-20.724072,-3.3441184,-12.802383,-16.146502,9.719937e-08
4,210,63,0.0,0.3822457,0.6177543,-12.65764,-13.327538,-4.8383284,-8.233144,-13.071472,2.1044125e-06
4,12,259,0.0,0.3822457,0.6177543,-2.992609,-8.501827,-1.143912,-5.2520404,-6.395952,0.0016655179
4,170,309,0.0,0.3822457,0.6177543,-3.602337,-14.925586,-1.3769778,-9.220345,-10.597322,2.4982188e-05
4,192,120,0.0,0.3822457,0.6177543,-3.279837,-17.22928,-1.2537035,-10.643462,-11.897165,6.809634e-06
4,405,125,0.0,0.3822457,0.6177543,-11.716114,-16.90914,-4.478434,-10.445693,-14.924128,3.3001493e-07
4,159,170,0.0,0.3822457,0.6177543,-6.6839986,-7.573406,-2.5549297,-4.678504,-7.2334337,0.0007215164
4,136,136,0.0,0.3822457,0.6177543,-3.8683252,-15.823801,-1.4786507,-9.775221,-11.253872,1.2956863e-05
4,302,39,0.0,0.3822457,0.6177543,-14.490658,-15.774193,-5.5389915,-9.7445755,-15.283567,2.3037262e-07
4,298,584,0.0,0.3822457,0.6177543,-11.633064,-21.776253,-4.4466887,-13.4523735,-17.899063,1.6847508e-08
4,32,431,0.0,0.3822457,0.6177543,0.8941535,-1.4636748,0.34178632,-0.9041914,-0.56240505,0.36299115
4,364,500,0.0,0.3822457,0.6177543,-10.48835,-19.4369,-4.0091267,-12.007228,-16.016354,1.1070978e-07
4,27,131,0.0,0.3822457,0.6177543,-2.3383179,-10.650392,-0.89381194,-6.579325,-7.473137,0.0005678207
4,189,606,0.0,0.3822457,0.6177543,-9.497713,-19.987999,-3.6304598,-12.3476715,-15.978131,1.1502327e-07
4,274,200,0.0,0.3822457,0.6177543,-10.579918,-18.893255,-4.044128,-11.67139,-15.715517,1.4956763e-07
4,388,280,0.0,0.3822457,0.6177543,-8.442715,-14.596615,-3.2271912,-9.017121,-12.244312,4.812388e-06
4,289,562,0.0,0.3822457,0.6177543,-6.517305,-15.533359,-2.4912117,-9.5957985,-12.08701,5.6321687e-06
4,408,493,0.0,0.3822457,0.6177543,-6.612804,-18.129248,-2.5277157,-11.19942,-13.727136,1.0923964e-06
4,303,217,0.0,0.3822457,0.6177543,-16.253828,-21.441238,-6.2129555,-13.245417,-19.458372,3.5427163e-09
4,152,308,0.0,0.3822457,0.6177543,-13.497925,-8.216676,-5.1595235,-5.0758867,-10.235411,3.5875837e-05
4,125,256,0.0,0.3822457,0.6177543,-4.2900066,-8.609183,-1.6398365,-5.31836,-6.9581966,0.0009499065
4,296,345,0.0,0.3822457,0.6177543,-12.572882,-17.651823,-4.8059297,-10.9044895,-15.710419,1.5033211e-07
4,284,261,0.0,0.3822457,0.6177543,-13.8756275,-17.544321,-5.303899,-10.838079,-16.14198,9.763993e-08
4,161,199,0.0,0.3822457,0.6177543,-3.669797,-16.554369,-1.4027641,-10.226532,-11.629296,8.901371e-06
4,149,176,0.0,0.3822457,0.6177543,-9.147587,-18.198917,-3.4966257,-11.242459,-14.739085,3.9709687e-07
4,281,185,0.0,0.3822457,0.6177543,-3.2305431,-17.337967,-1.2348611,-10.710604,-11.945465,6.4885494e-06
4,410,184,0.0,0.3822457,0.6177543,-2.137758,-14.562758,-0.8171488,-8.996206,-9.813355,5.471295e-05
4,81,410,0.0,0.3822457,0.6177543,-1.6472886,-12.170461,-0.62966895,-7.5183544,-8.148024,0.0002892229
4,73,598,0.0,0.3822457,0.6177543,-4.0006895,-11.597617,-1.5292463,-7.164478,-8.693724,0.00016760654
4,247,515,0.0,0.3822457,0.6177543,-6.682077,-18.32184,-2.5541952,-11.318396,-13.872591,9.445172e-07
4,209,554,0.0,0.3822457,0.6177543,-7.313697,-16.468174,-2.795629,-10.173285,-12.968914,2.331692e-06
4,108,308,0.0,0.3822457,0.6177543,-10.403498,-6.913689,-3.9766922,-4.2709613,-8.247654,0.00026180362
4,217,324,0.0,0.3822457,0.6177543,-7.027122,-17.597147,-2.6860871,-10.870713,-13.556801,1.2952561e-06
4,275,42,0.0,0.3822457,0.6177543,-12.647659,-16.224428,-4.834513,-10.02271,-14.8572235,3.528496e-07
4,198,592,0.0,0.3822457,0.6177543,-3.8729978,-20.119432,-1.4804367,-12.428865,-13.909302,9.10472e-07
4,414,458,0.0,0.3822457,0.6177543,-5.054507,-11.682638,-1.9320635,-7.2169995,-9.149063,0.00010630806
4,131,329,0.0,0.3822457,0.6177543,-2.193551,-13.286545,-0.83847547,-8.20782,-9.046295,0.00011781288
4,348,446,0.0,0.3822457,0.6177543,-10.337965,-23.294111,-3.9516425,-14.390037,-18.341679,1.0822066e-08
4,297,48,0.0,0.3822457,0.6177543,-13.008366,-13.997453,-4.9723916,-8.646986,-13.619377,1.2166878e-06
4,171,45,0.0,0.3822457,0.6177543,-3.3928046,-11.90767,-1.2968849,-7.3560143,-8.652899,0.00017458944
4,162,302,0.0,0.3822457,0.6177543,-5.6466885,-16.886406,-2.1584222,-10.431649,-12.590072,3.4056488e-06
4,369,642,0.0,0.3822457,0.6177543,-4.057137,-13.117382,-1.5508231,-8.103319,-9.654142,6.415513e-05
4,177,468,0.0,0.3822457,0.6177543,-8.703863,-16.021894,-3.3270142,-9.8975935,-13.224607,1.8056149e-06
4,125,337,0.0,0.3822457,0.6177543,-13.741308,-10.2814045,-5.252556,-6.351382,-11.603937,9.129986e-06
4,377,273,0.0,0.3822457,0.6177543,-4.0946827,-17.63424,-1.5651748,-10.893627,-12.458802,3.8833746e-06
4,189,73,0.0,0.3822457,0.6177543,-10.121775,-16.534391,-3.8690047,-10.214191,-14.083197,7.651473e-07
4,162,381,0.0,0.3822457,0.6177543,-6.329002,-12.906974,-2.4192338,-7.973338,-10.392572,3.0658426e-05
4,78,118,0.0,0.3822457,0.6177543,-4.514308,-15.869456,-1.7255747,-9.803425,-11.528999,9.84045e-06
4,137,192,0.0,0.3822457,0.6177543,-2.1642773,-15.06664,-0.82728565,-9.307482,-10.134768,3.967429e-05
4,326,232,0.0,0.3822457,0.6177543,-13.0103,-19.736057,-4.973131,-12.192034,-17.165165,3.5096484e-08
4,396,400,0.0,0.3822457,0.6177543,-5.5531797,-12.084689,-2.122679,-7.4653683,-9.588047,6.853845e-05
4,177,478,0.0,0.3822457,0.6177543,-5.4778485,-19.087591,-2.093884,-11.791441,-13.8853245,9.325665e-07
4,48,4,0.0,0.3822457,0.6177543,-6.661938,-18.959358,-2.546497,-11.712225,-14.258722,6.4197087e-07
4,120,277,0.0,0.3822457,0.6177543,-3.4724007,-10.779533,-1.3273102,-6.659103,-7.986413,0.00033993603
4,345,471,0.0,0.3822457,0.6177543,-5.525457,-16.07944,-2.112082,-9.933143,-12.045225,5.872495e-06
4,318,558,0.0,0.3822457,0.6177543,-12.390686,-17.353468,-4.736286,-10.72018,-15.456466,1.937948e-07
4,405,408,0.0,0.3822457,0.6177543,-5.359738,-15.454093,-2.0487368,-9.546832,-11.595569,9.20671e-06
4,126,226,0.0,0.3822457,0.6177543,-4.411429,-4.9290137,-1.6862497,-3.0449193,-4.7311687,0.008739116
4,304,600,0.0,0.3822457,0.6177543,-14.417337,-18.96494,-5.510965,-11.7156725,-17.226637,3.3004007e-08
4,45,127,0.0,0.3822457,0.6177543,-3.6651073,-0.33702967,-1.4009714,-0.20820151,-1.6091729,0.16670348
4,40,367,0.0,0.3822457,0.6177543,-0.483648,-7.499052,-0.18487236,-4.6325717,-4.817444,0.008022551
4,103,401,0.0,0.3822457,0.6177543,-0.7658423,-10.995431,-0.29273993,-6.7924747,-7.0852146,0.00083669444
4,324,534,0.0,0.3822457,0.6177543,-11.26804,-21.083384,-4.3071594,-13.02435,-17.331509,2.9718127e-08
4,318,527,0.0,0.3822457,0.6177543,-14.388512,-19.742582,-5.4999466,-12.196065,-17.69601,2.06405e-08
4,122,310,0.0,0.3822457,0.6177543,-9.507404,-11.162435,-3.6341643,-6.895642,-10.529806,2.672709e-05
4,203,366,0.0,0.3822457,0.6177543,-15.768551,-16.051916,-6.0274606,-9.91614,-15.9436,1.1906459e-07
4,224,574,0.0,0.3822457,0.6177543,-5.875874,-16.951134,-2.2460275,-10.471636,-12.717663,2.9976982e-06
4,78,89,0.0,0.3822457,0.6177543,-9.17024,-12.643309,-3.5052848,-7.810458,-11.3157425,1.217952e-05
4,412,111,0.0,0.3822457,0.6177543,3.8198032,-3.22088,1.4601033,-1.9897125,-0.5296092,0.37060806
4,50,18,0.0,0.3822457,0.6177543,-7.1639524,-10.396337,-2.73839,-6.4223814,-9.160771,0.000105070765
4,161,191,0.0,0.3822457,0.6177543,-9.471966,-17.998917,-3.620618,-11.118908,-14.739526,3.9692196e-07
5,8,575,1.0,0.38781002,0.61219,2.7256224,5.865702,1.0570236,3.5909243,4.647948,0.99050975
5,16,160,1.0,0.38781002,0.61219,3.4714441,-1.3011025,1.3462608,-0.79652196,0.5497388,0.634075
5,8,180,1.0,0.38781002,0.61219,5.976176,0.38657337,2.3176208,0.23665635,2.5542772,0.9278603
5,173,415,1.0,0.38781002,0.61219,1.9314194,8.029928,0.7490238,4.9158416,5.6648655,0.9965463
5,97,75,1.0,0.38781002,0.61219,4.485892,4.4225483,1.7396739,2.70744,4.447114,0.9884233
5,3,326,1.0,0.38781002,0.61219,4.4310308,7.015566,1.7183981,4.2948594,6.0132575,0.9975599
5,62,46,1.0,0.38781002,0.61219,3.048914,9.431155,1.1823994,5.7736588,6.956058,0.99904805
5,18,75,1.0,0.38781002,0.61219,5.9665914,5.0728893,2.3139038,3.1055722,5.419476,0.9955901
5,14,223,1.0,0.38781002,0.61219,-0.9651022,0.27057123,-0.3742763,0.16564101,-0.2086353,0.44802955
5,19,284,1.0,0.38781002,0.61219,5.567437,5.4670005,2.159108,3.346843,5.505951,0.9959539
5,26,100,1.0,0.38781002,0.61219,4.72897,7.751804,1.8339419,4.745577,6.579519,0.99861336
5,168,163,1.0,0.38781002,0.61219,2.6595302,7.851542,1.0313925,4.8066354,5.838028,0.9970939
5,98,331,1.0,0.38781002,0.61219,4.953508,-1.8597022,1.92102,-1.1384912,0.7825289,0.6862249
5,23,118,1.0,0.38781002,0.61219,1.4654986,5.946868,0.56833506,3.640613,4.208948,0.9853557
5,131,19,1.0,0.38781002,0.61219,3.225236,6.648863,1.2507788,4.0703673,5.321146,0.9951367
5,371,542,1.0,0.38781002,0.61219,-0.663687,4.1082077,-0.25738448,2.5150037,2.2576191,0.9053057
5,3,620,1.0,0.38781002,0.61219,5.0177355,-1.0515776,1.9459281,-0.6437653,1.3021629,0.7861988
5,28,543,1.0,0.38781002,0.61219,4.461189,3.6939437,1.7300937,2.2613955,3.9914892,0.98186284
5,8,387,1.0,0.38781002,0.61219,6.011313,6.1015606,2.3312473,3.7353144,6.0665617,0.99768627
5,236,461,1.0,0.38781002,0.61219,0.35572195,4.428862,0.13795254,2.7113051,2.8492577,0.94528025
5,209,461,1.0,0.38781002,0.61219,2.8230424,6.4906616,1.0948042,3.9735181,5.068322,0.9937464
5,7,346,1.0,0.38781002,0.61219,5.3615365,2.4378865,2.0792575,1.4924498,3.5717072,0.9726606
5,146,116,1.0,0.38781002,0.61219,2.4723506,5.4720626,0.95880234,3.349942,4.3087444,0.98672813
5,14,117,1.0,0.38781002,0.61219,2.9438195,3.3460019,1.1416427,2.048389,3.1900315,0.9604574
5,19,242,1.0,0.38781002,0.61219,-0.4001422,-1.2289927,-0.15517916,-0.75237703,-0.9075562,0.28750017
5,3,108,1.0,0.38781002,0.61219,3.4484897,2.3841047,1.3373588,1.4595251,2.796884,0.9425072
5,8,236,1.0,0.38781002,0.61219,1.0392876,3.797354,0.40304613,2.3247023,2.7277484,0.93864435
5,4,295,1.0,0.38781002,0.61219,3.9484866,3.8624241,1.5312626,2.3645375,3.8958,0.98007786
5,375,342,1.0,0.38781002,0.61219,4.531473,6.228901,1.7573507,3.8132708,5.5706215,0.9962063
5,147,235,1.0,0.38781002,0.61219,-4.0145717,-11.944854,-1.5568911,-7.31252,-8.869411,0.00014060555
5,161,88,1.0,0.38781002,0.61219,3.918241,8.114604,1.5195332,4.9676795,6.4872127,0.99847955
5,16,543,1.0,0.38781002,0.61219,3.020677,5.7305975,1.1714488,3.5082145,4.679663,0.99080324
5,40,266,1.0,0.38781002,0.61219,4.6780457,7.2963133,1.814193,4.46673,6.280923,0.9981318
5,121,123,1.0,0.38781002,0.61219,1.5811744,-0.33728588,0.61319524,-0.20648304,0.4067122,0.60029924
5,8,14,1.0,0.38781002,0.61219,8.041082,6.4193726,3.1184123,3.9298759,7.0482883,0.99913186
5,109,70,1.0,0.38781002,0.61219,5.5642624,4.435193,2.1578767,2.7151809,4.8730574,0.99240816
5,61,46,1.0,0.38781002,0.61219,1.8370929,6.300498,0.71244305,3.857102,4.569545,0.98974365
5,3,607,1.0,0.38781002,0.61219,5.230642,6.3801484,2.0284953,3.905863,5.9343586,0.99736005
5,28,341,1.0,0.38781002,0.61219,2.019228,0.4118101,0.7830768,0.25210604,1.0351828,0.73791945
5,13,548,1.0,0.38781002,0.61219,3.2158475,2.2671487,1.2471379,1.3879257,2.6350636,0.9330844
5,16,638,1.0,0.38781002,0.61219,2.3570871,7.661767,0.914102,4.6904573,5.6045594,0.99633247
5,11,10,1.0,0.38781002,0.61219,1.5448718,0.6439534,0.59911674,0.3942218,0.9933386,0.7297469
5,8,38,1.0,0.38781002,0.61219,6.4864097,6.82563,2.5154946,4.1785827,6.6940775,0.9987633
5,252,72,1.0,0.38781002,0.61219,0.66762877,7.045574,0.25891313,4.31323,4.572143,0.98976994
5,6,266,1.0,0.38781002,0.61219,4.6466784,8.202884,1.8020284,5.0217233,6.8237514,0.9989135
5,13,217,1.0,0.38781002,0.61219,4.4418254,3.3811786,1.7225844,2.0699239,3.7925081,0.9779578
5,45,583,1.0,0.38781002,0.61219,2.0076132,-2.5139096,0.7785725,-1.5389904,-0.7604179,0.31855553
5,109,395,1.0,0.38781002,0.61219,1.4761469,1.6306711,0.5724646,0.9982806,1.5707452,0.82788986
5,40,13,1.0,0.38781002,0.61219,-0.41736275,5.0749288,-0.16185746,3.1068206,2.9449632,0.9500249
5,44,486,1.0,0.38781002,0.61219,1.803637,1.0488862,0.6994685,0.6421176,1.3415861,0.7927506
5,121,141,1.0,0.38781002,0.61219,4.0154786,6.868237,1.5572429,4.204666,5.761909,0.99686474
5,279,342,1.0,0.38781002,0.61219,5.7558656,7.3237677,2.2321823,4.483537,6.715719,0.9987897
5,6,3,1.0,0.38781002,0.61219,5.189228,6.4301863,2.0124347,3.9364958,5.9489307,0.99739814
5,223,117,1.0,0.38781002,0.61219,3.3606915,2.9312413,1.3033099,1.7944766,3.0977864,0.9568013
5,7,94,1.0,0.38781002,0.61219,4.462425,7.635375,1.7305732,4.6743,6.4048734,0.9983493
5,76,250,1.0,0.38781002,0.61219,5.3368955,10.539681,2.0697014,6.4522877,8.521989,0.999801
5,33,374,1.0,0.38781002,0.61219,5.9287944,6.2415166,2.2992458,3.8209941,6.12024,0.99780685
5,23,71,1.0,0.38781002,0.61219,3.4926522,5.116519,1.3544855,3.1322818,4.4867673,0.98886836
5,7,393,1.0,0.38781002,0.61219,4.5882707,4.8439417,1.7793773,2.9654126,4.74479,0.99137807
5,3,277,1.0,0.38781002,0.61219,4.1319175,0.2677858,1.602399,0.16393578,1.7663348,0.8540013
5,6,253,1.0,0.38781002,0.61219,-2.39587,-5.044099,-0.92914236,-3.087947,-4.0170894,0.017686838
5,149,235,1.0,0.38781002,0.61219,-0.4534223,-11.362672,-0.17584172,-6.9561143,-7.131956,0.0007985165
5,70,288,1.0,0.38781002,0.61219,1.0634623,-5.12456,0.41242132,-3.1372044,-2.7247832,0.061526705
5,8,87,1.0,0.38781002,0.61219,6.008079,3.5061464,2.3299932,2.1464279,4.4764214,0.9887539
5,14,644,1.0,0.38781002,0.61219,4.844564,0.46476287,1.8787705,0.2845232,2.1632936,0.8969045
5,114,374,1.0,0.38781002,0.61219,3.4557226,4.5487328,1.3401638,2.7846887,4.1248527,0.98409134
5,3,294,1.0,0.38781002,0.61219,3.91827,2.43289,1.5195444,1.489391,3.0089355,0.95297617
5,23,372,1.0,0.38781002,0.61219,0.009855979,2.8853314,0.0038222475,1.766371,1.7701932,0.85448164
5,234,294,1.0,0.38781002,0.61219,-1.443584,0.000781551,-0.5598363,0.00047845772,-0.5593579,0.36369604
5,8,564,1.0,0.38781002,0.61219,7.190432,6.0466537,2.7885215,3.701701,6.4902225,0.9984841
5,7,339,1.0,0.38781002,0.61219,6.660826,9.489826,2.5831351,5.809577,8.392712,0.99977356
5,24,190,1.0,0.38781002,0.61219,2.4609613,-2.6116107,0.95438546,-1.598802,-0.6444165,0.34424886
5,7,386,1.0,0.38781002,0.61219,4.879388,0.66901296,1.8922755,0.40956306,2.3018384,0.90902925
5,4,87,1.0,0.38781002,0.61219,6.9931946,3.9312506,2.712031,2.4066722,5.118703,0.99405175
5,61,255,1.0,0.38781002,0.61219,3.1687546,4.4639297,1.2288748,2.732773,3.961648,0.98132366
5,237,461,1.0,0.38781002,0.61219,4.3450437,1.3475331,1.6850514,0.8249463,2.5099978,0.92483974
5,233,48,1.0,0.38781002,0.61219,2.8946507,0.9294715,1.1225746,0.5690132,1.6915877,0.8444329
5,16,3,1.0,0.38781002,0.61219,1.7864692,6.260312,0.69281065,3.8325005,4.525311,0.9892847
5,109,375,1.0,0.38781002,0.61219,-0.7614008,-3.2521434,-0.29527888,-1.9909297,-2.2862086,0.09227161
5,3,17,1.0,0.38781002,0.61219,5.591654,3.9315958,2.1684995,2.4068837,4.575383,0.9898028
5,86,296,1.0,0.38781002,0.61219,-5.0338492,-18.268198,-1.9521772,-11.183608,-13.135785,1.9733318e-06
5,19,214,1.0,0.38781002,0.61219,4.963618,7.897883,1.9249407,4.835005,6.7599454,0.99884206
5,13,109,1.0,0.38781002,0.61219,7.203666,6.5709,2.793654,4.0226393,6.8162932,0.9989054
5,24,153,1.0,0.38781002,0.61219,3.6589837,6.5899534,1.4189905,4.0343037,5.4532943,0.9957361
5,23,387,1.0,0.38781002,0.61219,1.2805281,4.831134,0.4966016,2.957572,3.4541736,0.96935534
5,8,459,1.0,0.38781002,0.61219,5.154989,7.3365636,1.9991564,4.491371,6.4905276,0.99848455
5,213,331,1.0,0.38781002,0.61219,5.5407453,6.0429897,2.1487565,3.699458,5.848214,0.9971232
5,16,87,1.0,0.38781002,0.61219,5.695473,6.3079605,2.2087617,3.8616705,6.070432,0.99769515
5,8,505,1.0,0.38781002,0.61219,6.631063,7.585798,2.5715926,4.6439495,7.215542,0.9992655
5,8,585,1.0,0.38781002,0.61219,5.4691887,5.547435,2.1210063,3.396084,5.5170903,0.9959986
5,344,117,1.0,0.38781002,0.61219,4.330722,-1.4815339,1.6794974,-0.9069802,0.77251714,0.68406516
5,24,433,1.0,0.38781002,0.61219,1.8826275,-9.387012,0.7301018,-5.7466345,-5.016533,0.006583831
5,3,117,1.0,0.38781002,0.61219,6.715004,5.548936,2.6041458,3.3970032,6.001149,0.9975303
5,24,531,1.0,0.38781002,0.61219,3.2425816,6.326018,1.2575057,3.872725,5.130231,0.99411964
5,24,83,1.0,0.38781002,0.61219,3.792922,6.2517586,1.4709332,3.827264,5.2981973,0.99502426
5,301,342,1.0,0.38781002,0.61219,6.795804,8.362128,2.6354809,5.119211,7.754692,0.9995715
5,75,306,1.0,0.38781002,0.61219,2.2180426,4.347999,0.8601791,2.6618016,3.5219808,0.97130674
5,4,339,1.0,0.38781002,0.61219,1.7525585,-0.12372078,0.6796597,-0.07574063,0.6039191,0.64655244
5,18,139,1.0,0.38781002,0.61219,4.858724,8.145757,1.8842618,4.986751,6.8710127,0.9989636
5,0,87,1.0,0.38781002,0.61219,-2.6362624,-1.2280885,-1.022369,-0.7518235,-1.7741926,0.1450217
5,13,6,1.0,0.38781002,0.61219,3.6307206,4.4932623,1.4080298,2.7507303,4.15876,0.98461354
5,17,183,1.0,0.38781002,0.61219,3.2755313,1.6037859,1.2702838,0.9818217,2.2521055,0.904832
5,17,10,1.0,0.38781002,0.61219,0.52630985,3.4145098,0.20410824,2.0903287,2.294437,0.90841526
5,97,19,1.0,0.38781002,0.61219,2.7755642,3.7074907,1.0763916,2.2696888,3.3460803,0.96597624
5,4,14,1.0,0.38781002,0.61219,4.7536035,5.7346425,1.843495,3.510691,5.354186,0.9952939
5,410,336,1.0,0.38781002,0.61219,0.8283032,2.6025684,0.3212243,1.5932664,1.9144907,0.87152284
5,215,331,1.0,0.38781002,0.61219,4.292581,-0.118352994,1.664706,-0.07245452,1.5922514,0.8309326
5,13,260,1.0,0.38781002,0.61219,5.7626157,5.791337,2.2348,3.5453987,5.780199,0.9969214
5,8,572,1.0,0.38781002,0.61219,-2.973824,4.18746,-1.1532787,2.5635211,1.4102424,0.80380416
5,7,387,1.0,0.38781002,0.61219,5.4855027,4.8791027,2.127333,2.986938,5.114271,0.99402547
5,70,83,1.0,0.38781002,0.61219,2.0373497,2.3586497,0.7901046,1.4439418,2.2340465,0.90326554
5,217,331,1.0,0.38781002,0.61219,5.222552,8.8822365,2.025358,5.4376163,7.4629745,0.99942636
5,7,270,1.0,0.38781002,0.61219,8.272177,8.015939,3.208033,4.9072776,8.115311,0.9997011
5,76,304,1.0,0.38781002,0.61219,4.404338,5.849272,1.7080463,3.5808656,5.288912,0.99497813
5,28,90,1.0,0.38781002,0.61219,1.9750702,-5.136808,0.76595205,-3.1447024,-2.3787503,0.08480751
5,3,87,1.0,0.38781002,0.61219,6.7774644,5.06729,2.6283686,3.1021442,5.7305126,0.99676514
5,391,291,1.0,0.38781002,0.61219,4.248866,-11.725913,1.6477529,-7.178487,-5.530734,0.003947435
5,171,415,1.0,0.38781002,0.61219,1.8130995,8.329154,0.7031382,5.099025,5.802163,0.9969881
5,33,499,1.0,0.38781002,0.61219,5.1043153,5.3287487,1.9795046,3.2622068,5.2417116,0.9947366
5,64,331,1.0,0.38781002,0.61219,5.556248,5.0759044,2.1547687,3.1074178,5.2621865,0.9948428
5,8,641,1.0,0.38781002,0.61219,8.047403,4.5964527,3.1208637,2.8139024,5.934766,0.9973611
5,205,71,1.0,0.38781002,0.61219,2.905148,7.511756,1.1266456,4.598622,5.7252674,0.9967481
5,8,477,1.0,0.38781002,0.61219,0.35782582,-2.133363,0.13876843,-1.3060235,-1.167255,0.2373515
5,85,431,1.0,0.38781002,0.61219,3.422624,8.718043,1.327328,5.337099,6.664427,0.99872607
5,35,425,1.0,0.38781002,0.61219,1.9700037,2.4130979,0.7639872,1.4772744,2.2412615,0.90389407
5,8,547,1.0,0.38781002,0.61219,7.209393,4.397447,2.7958748,2.692073,5.487948,0.9958807
5,6,637,1.0,0.38781002,0.61219,4.6425357,9.208521,1.8004218,5.6373644,7.437786,0.9994118
5,0,193,1.0,0.38781002,0.61219,-2.1418076,-1.1850766,-0.83061445,-0.72549206,-1.5561066,0.17420605
5,3,517,1.0,0.38781002,0.61219,5.6971154,1.8262349,2.2093985,1.1180028,3.3274012,0.96535695
5,35,47,1.0,0.38781002,0.61219,4.244139,-6.5113792,1.6459197,-3.9862013,-2.3402815,0.08784136
5,24,289,1.0,0.38781002,0.61219,4.0432124,4.4675913,1.5679983,2.7350147,4.303013,0.9866528
5,232,504,1.0,0.38781002,0.61219,2.5395713,-4.844507,0.9848712,-2.9657588,-1.9808877,0.12122424
5,109,437,1.0,0.38781002,0.61219,2.3876705,-1.6232467,0.92596257,-0.9937354,-0.067772806,0.48306325
5,7,302,1.0,0.38781002,0.61219,4.9555335,2.36289,1.9218055,1.4465376,3.368343,0.9667004
5,14,202,1.0,0.38781002,0.61219,5.7092834,5.2220488,2.2141173,3.196886,5.411003,0.9955527
5,25,26,1.0,0.38781002,0.61219,-0.38052574,7.429125,-0.1475717,4.548036,4.4004645,0.98787713
5,18,48,1.0,0.38781002,0.61219,-0.15233305,-1.5713036,-0.059076283,-0.96193635,-1.0210127,0.2648302
5,13,299,1.0,0.38781002,0.61219,3.3379238,-2.768748,1.2944803,-1.6949999,-0.4005196,0.4011875
5,7,312,1.0,0.38781002,0.61219,6.2979746,7.158433,2.4424176,4.3823214,6.824739,0.9989146
5,66,106,1.0,0.38781002,0.61219,-0.6485003,-2.0314374,-0.2514949,-1.2436256,-1.4951205,0.1831544
5,8,187,1.0,0.38781002,0.61219,6.4225755,9.222529,2.490739,5.6459403,8.13668,0.9997074
5,8,124,1.0,0.38781002,0.61219,4.344723,6.2504835,1.6849272,3.8264835,5.5114107,0.9959759
5,23,91,1.0,0.38781002,0.61219,2.9245856,5.1201468,1.1341836,3.1345026,4.2686863,0.9861931
5,3,135,1.0,0.38781002,0.61219,4.791973,-1.4516641,1.8583752,-0.8886942,0.96968096,0.7250559
5,8,452,1.0,0.38781002,0.61219,6.8915205,7.507725,2.6726007,4.596154,7.268755,0.99930346
5,9,478,1.0,0.38781002,0.61219,-0.11962611,-2.6239028,-0.046392206,-1.606327,-1.6527193,0.16074176
5,7,134,1.0,0.38781002,0.61219,5.4630647,5.6361165,2.1186311,3.4503741,5.569005,0.99620026
5,8,283,1.0,0.38781002,0.61219,1.0468798,1.0624703,0.40599045,0.6504337,1.0564241,0.7420066
5,3,321,1.0,0.38781002,0.61219,4.4352617,6.8506966,1.7200389,4.193928,5.9139667,0.99730587
5,8,260,1.0,0.38781002,0.61219,7.8133535,8.127749,3.0300968,4.975727,8.005824,0.9996666
5,3,404,1.0,0.38781002,0.61219,3.6457357,3.9762328,1.4138528,2.43421,3.848063,0.9791241
5,16,117,1.0,0.38781002,0.61219,4.4580245,6.2082553,1.7288666,3.8006318,5.529498,0.9960477
5,4,117,1.0,0.38781002,0.61219,6.8745832,5.3383656,2.6660323,3.268094,5.9341264,0.99735945
5,7,144,1.0,0.38781002,0.61219,2.4677813,1.4822448,0.9570303,0.9074155,1.8644458,0.86581427
5,263,109,1.0,0.38781002,0.61219,5.8240485,5.9038835,2.2586243,3.6142983,5.872923,0.9971933
5,123,414,1.0,0.38781002,0.61219,1.450823,-0.9420176,0.5626437,-0.5766938,-0.0140500665,0.49648756
5,9,183,1.0,0.38781002,0.61219,4.7581167,1.7570468,1.8452454,1.0756465,2.9208918,0.9488696
5,9,27,1.0,0.38781002,0.61219,3.1659374,5.437255,1.2277822,3.328633,4.5564156,0.9896095
5,75,298,1.0,0.38781002,0.61219,2.0061996,9.072409,0.7780243,5.554038,6.3320622,0.9982248
5,166,17,1.0,0.38781002,0.61219,0.5068796,-2.7489455,0.196573,-1.682877,-1.4863039,0.18447714
5,23,117,1.0,0.38781002,0.61219,3.5475426,4.069542,1.3757726,2.491333,3.8671055,0.9795098
5,3,70,1.0,0.38781002,0.61219,5.407447,3.3878238,2.097062,2.0739918,4.171054,0.9847987
5,8,319,1.0,0.38781002,0.61219,6.004061,3.3746903,2.3284352,2.0659516,4.394387,0.98780406
5,137,305,1.0,0.38781002,0.61219,3.57675,2.2358844,1.3870995,1.3687861,2.7558856,0.94024485
5,141,328,1.0,0.38781002,0.61219,-0.10402281,-2.6601815,-0.040341087,-1.6285366,-1.6688777,0.15857387
5,3,314,1.0,0.38781002,0.61219,2.9933386,5.4725895,1.1608467,3.3502645,4.5111113,0.9891332
5,12,373,1.0,0.38781002,0.61219,5.2042966,7.787071,2.0182784,4.767167,6.785445,0.99887115
5,36,51,1.0,0.38781002,0.61219,-1.8413705,-14.284333,-0.7141019,-8.744726,-9.458828,7.799187e-05
5,53,461,1.0,0.38781002,0.61219,5.9331827,2.6618173,2.3009477,1.6295379,3.9304857,0.98074394
5,330,342,1.0,0.38781002,0.61219,6.85883,7.9486737,2.659923,4.8660984,7.5260215,0.9994615
5,45,110,1.0,0.38781002,0.61219,0.12192171,3.6448524,0.04728246,2.2313423,2.2786248,0.9070912
5,97,555,1.0,0.38781002,0.61219,2.4256384,3.4322417,0.9406869,2.1011841,3.041871,0.9544303
5,384,595,1.0,0.38781002,0.61219,-2.6296685,-10.837542,-1.0198117,-6.6346345,-7.654446,0.00047370777
5,24,112,1.0,0.38781002,0.61219,3.1555922,-0.81336945,1.2237703,-0.49793667,0.7258336,0.6738903
5,208,454,1.0,0.38781002,0.61219,2.986111,7.0498962,1.1580437,4.315876,5.47392,0.9958228
5,17,37,1.0,0.38781002,0.61219,3.835382,6.786617,1.4873996,4.154699,5.6420984,0.9964671
5,13,117,1.0,0.38781002,0.61219,9.059045,6.5676613,3.5131884,4.0206566,7.533845,0.99946564
5,28,146,1.0,0.38781002,0.61219,3.6894925,-0.48181975,1.4308221,-0.29496524,1.1358569,0.75691813
5,341,342,1.0,0.38781002,0.61219,5.0657353,8.206774,1.964543,5.024105,6.988648,0.9990785
5,61,98,1.0,0.38781002,0.61219,3.5555444,4.1031046,1.3788757,2.5118797,3.8907554,0.97997916
5,55,331,1.0,0.38781002,0.61219,4.3005333,8.073375,1.6677899,4.9424396,6.6102295,0.9986553
5,211,331,1.0,0.38781002,0.61219,3.7222323,8.035755,1.443519,4.919409,6.362928,0.9982786
5,129,13,1.0,0.38781002,0.61219,-3.1076436,-4.395272,-1.2051753,-2.6907415,-3.895917,0.019919863
5,105,254,1.0,0.38781002,0.61219,3.9089236,-1.4987913,1.5159198,-0.9175451,0.5983747,0.6452844
5,97,571,1.0,0.38781002,0.61219,1.8613673,-8.177787,0.7218569,-5.0063596,-4.2845025,0.013593157
5,120,417,1.0,0.38781002,0.61219,-2.237601,-8.644395,-0.8677641,-5.292012,-6.159776,0.0021082717
5,129,408,1.0,0.38781002,0.61219,-11.470299,-11.124291,-4.448297,-6.81018,-11.258477,1.2897332e-05
5,50,461,1.0,0.38781002,0.61219,5.1454196,4.406169,1.9954453,2.6974125,4.6928577,0.99092263
5,7,33,1.0,0.38781002,0.61219,3.649918,6.22454,1.4154748,3.8106012,5.226076,0.9946542
5,3,503,1.0,0.38781002,0.61219,1.5773706,-0.87276906,0.61172014,-0.5343005,0.07741964,0.5193452
5,256,72,1.0,0.38781002,0.61219,0.6044417,8.305011,0.23440854,5.0842447,5.318653,0.9951245
5,8,470,1.0,0.38781002,0.61219,6.3427224,4.094847,2.4597714,2.5068245,4.9665956,0.9930814
5,8,45,1.0,0.38781002,0.61219,5.964482,4.4445133,2.3130858,2.7208867,5.0339727,0.99352926
5,32,3,1.0,0.38781002,0.61219,0.6531266,5.5511475,0.25328904,3.398357,3.651646,0.9747079
5,14,24,1.0,0.38781002,0.61219,4.231833,5.7707634,1.6411473,3.5328038,5.173951,0.9943697
5,68,156,1.0,0.38781002,0.61219,4.064396,2.574897,1.5762135,1.5763263,3.1525397,0.9590087
5,190,342,1.0,0.38781002,0.61219,4.9564714,5.7698946,1.9221693,3.5322719,5.454441,0.995741
5,8,7,1.0,0.38781002,0.61219,6.929204,8.112622,2.6872149,4.9664664,7.6536813,0.9995259
5,24,14,1.0,0.38781002,0.61219,3.9481027,4.5022163,1.5311137,2.7562118,4.2873254,0.98644465
5,411,461,1.0,0.38781002,0.61219,4.647709,6.20967,1.8024281,3.801498,5.603926,0.9963302
5,231,132,1.0,0.38781002,0.61219,2.0460877,-7.5112724,0.79349333,-4.5983257,-3.8048325,0.021778082
5,207,358,1.0,0.38781002,0.61219,2.7620797,5.5960255,1.0711622,3.4258308,4.496993,0.9889803
5,33,115,1.0,0.38781002,0.61219,4.1374784,-10.079824,1.6045556,-6.170768,-4.566212,0.010290277
5,91,10,1.0,0.38781002,0.61219,0.018921636,0.8149107,0.007338,0.4988802,0.5062182,0.62391955
5,41,204,1.0,0.38781002,0.61219,5.593142,10.585276,2.1690764,6.4802,8.649277,0.9998248
5,3,558,1.0,0.38781002,0.61219,5.87401,7.2291574,2.2779999,4.425618,6.703618,0.99877506
5,4,210,1.0,0.38781002,0.61219,2.0018826,-6.242067,0.77635014,-3.821331,-3.044981,0.045434654
5,3,464,1.0,0.38781002,0.61219,4.464782,4.7541566,1.7314873,2.9104471,4.6419344,0.990453
5,41,144,1.0,0.38781002,0.61219,3.0667639,7.3805614,1.1893218,4.518306,5.7076273,0.9966904
5,23,350,1.0,0.38781002,0.61219,1.6385254,6.713202,0.63543653,4.109755,4.7451916,0.9913816
5,8,529,1.0,0.38781002,0.61219,4.533853,4.5462856,1.7582736,2.7831907,4.5414643,0.9894546
5,35,48,1.0,0.38781002,0.61219,3.3573785,6.5743904,1.3020251,4.024776,5.3268013,0.9951639
5,388,597,1.0,0.38781002,0.61219,5.3287086,8.519746,2.0665267,5.2157035,7.2822304,0.9993129
5,91,548,1.0,0.38781002,0.61219,2.9054978,2.7372086,1.1267811,1.6756917,2.8024728,0.9428093
5,23,197,1.0,0.38781002,0.61219,2.023112,5.660503,0.78458315,3.4653034,4.2498865,0.98593473
5,403,359,1.0,0.38781002,0.61219,3.3334632,2.503224,1.2927505,1.5324486,2.8251991,0.9440224
5,148,377,1.0,0.38781002,0.61219,-3.8477387,-0.9024741,-1.4921917,-0.55248564,-2.0446773,0.114591315
5,66,13,1.0,0.38781002,0.61219,0.496222,7.8897796,0.19243985,4.8300443,5.0224843,0.993455
5,8,227,1.0,0.38781002,0.61219,5.309276,4.818286,2.0589905,2.9497066,5.008697,0.9933647
5,144,326,1.0,0.38781002,0.61219,-5.0995407,-16.351458,-1.977653,-10.010199,-11.987852,6.219268e-06
5,77,393,1.0,0.38781002,0.61219,1.1053443,3.2931967,0.42866358,2.016062,2.4447255,0.9201749
5,3,185,1.0,0.38781002,0.61219,1.6496863,-0.56064004,0.6397649,-0.34321824,0.29654667,0.5735981
5,16,108,1.0,0.38781002,0.61219,2.1844409,-1.7466718,0.84714806,-1.069295,-0.22214699,0.44469053
5,106,80,1.0,0.38781002,0.61219,2.047514,11.376534,0.79404646,6.9646006,7.758647,0.9995732
5,9,29,1.0,0.38781002,0.61219,2.6065202,4.816089,1.0108347,2.9483616,3.9591963,0.98127866
5,32,35,1.0,0.38781002,0.61219,1.9161766,8.023868,0.74311244,4.912132,5.6552444,0.99651307
5,185,71,1.0,0.38781002,0.61219,3.0056663,8.325897,1.1656275,5.097031,6.2626586,0.9980975
5,23,127,1.0,0.38781002,0.61219,1.5615772,4.8478584,0.6055953,2.9678104,3.5734057,0.9727058
5,8,393,1.0,0.38781002,0.61219,5.407815,3.4246309,2.097205,2.0965247,4.1937294,0.9851344
5,0,331,1.0,0.38781002,0.61219,4.273061,3.8554978,1.6571358,2.3602972,4.017433,0.9823192
5,379,578,1.0,0.38781002,0.61219,-0.46450403,1.962715,-0.18013932,1.2015545,1.0214152,0.73524815
5,44,487,1.0,0.38781002,0.61219,-0.20849648,-9.2777605,-0.08085702,-5.6797523,-5.760609,0.0031393063
5,18,170,1.0,0.38781002,0.61219,-0.7684634,-5.9093,-0.2980178,-3.6176143,-3.915632,0.019538587
5,19,532,1.0,0.38781002,0.61219,0.85363454,-1.2313895,0.33104804,-0.7538444,-0.42279634,0.3958478
5,16,196,1.0,0.38781002,0.61219,3.9230676,0.44008964,1.5214049,0.26941848,1.7908233,0.8570282
5,19,425,1.0,0.38781002,0.61219,1.6654313,4.0074725,0.6458709,2.4533346,3.0992055,0.95686
5,8,584,1.0,0.38781002,0.61219,6.7577453,8.489445,2.6207213,5.197153,7.8178744,0.9995977
5,274,342,1.0,0.38781002,0.61219,7.1358366,7.714081,2.767349,4.722483,7.489832,0.99944156
5,4,436,1.0,0.38781002,0.61219,5.203323,2.6443326,2.0179007,1.618834,3.6367347,0.9743377
5,316,342,1.0,0.38781002,0.61219,4.849438,8.127068,1.8806608,4.9753094,6.8559704,0.99894804
5,283,342,1.0,0.38781002,0.61219,5.7674937,7.197051,2.236692,4.405963,6.642655,0.9986981
5,3,530,1.0,0.38781002,0.61219,3.5153809,6.595582,1.3633,4.0377493,5.401049,0.99550843
5,94,342,1.0,0.38781002,0.61219,6.179684,7.272056,2.3965435,4.45188,6.8484235,0.99894005
5,19,269,1.0,0.38781002,0.61219,6.126463,8.009166,2.3759036,4.9031315,7.279035,0.9993106
5,412,331,1.0,0.38781002,0.61219,5.1660094,0.6890377,2.0034301,0.42182198,2.4252522,0.91873276
5,8,119,1.0,0.38781002,0.61219,5.8079906,4.8833275,2.252397,2.9895244,5.2419214,0.9947378
5,32,75,1.0,0.38781002,0.61219,-1.6779745,-10.50607,-0.6507353,-6.431711,-7.0824466,0.0008390117
5,8,173,1.0,0.38781002,0.61219,4.4476695,3.4172626,1.7248508,2.092014,3.816865,0.9784768
5,28,362,1.0,0.38781002,0.61219,5.0695868,4.3571243,1.9660366,2.667388,4.6334248,0.9903722
5,328,342,1.0,0.38781002,0.61219,6.971612,7.9027033,2.703661,4.837956,7.541617,0.9994698
5,16,570,1.0,0.38781002,0.61219,4.125828,2.53567,1.6000373,1.5523119,3.1523492,0.9590012
5,282,342,1.0,0.38781002,0.61219,5.6692224,7.447516,2.1985812,4.5592947,6.757876,0.9988397
5,16,399,1.0,0.38781002,0.61219,3.6945477,6.2155967,1.4327826,3.8051262,5.237909,0.9947167
5,30,46,1.0,0.38781002,0.61219,2.9023643,9.594324,1.1255659,5.8735495,6.9991155,0.99908817
5,252,116,1.0,0.38781002,0.61219,3.4521668,8.828596,1.3387849,5.4047785,6.7435637,0.998823
5,13,127,1.0,0.38781002,0.61219,6.2826533,6.320414,2.436476,3.8692944,6.3057704,0.99817765
5,254,352,1.0,0.38781002,0.61219,6.7293587,9.373963,2.6097128,5.7386465,8.348359,0.9997633
5,252,45,1.0,0.38781002,0.61219,1.9121138,9.476716,0.7415369,5.801551,6.543088,0.99856204
5,124,424,1.0,0.38781002,0.61219,1.1563987,4.749138,0.448463,2.9073749,3.3558378,0.9662955
5,6,434,1.0,0.38781002,0.61219,2.8797565,7.768035,1.1167984,4.755513,5.8723116,0.9971916
5,7,483,1.0,0.38781002,0.61219,5.9919353,5.731415,2.3237326,3.508715,5.8324475,0.9970777
5,4,28,1.0,0.38781002,0.61219,7.255491,5.3067775,2.813752,3.2487562,6.062508,0.9976769
5,45,153,1.0,0.38781002,0.61219,1.8003564,5.3037663,0.69819623,3.2469127,3.945109,0.9810182
5,40,26,1.0,0.38781002,0.61219,3.74552,4.5331683,1.4525503,2.7751603,4.2277107,0.98562396
5,3,2,1.0,0.38781002,0.61219,5.4405403,7.0966787,2.109896,4.344516,6.4544115,0.9984289
5,9,647,1.0,0.38781002,0.61219,3.6566272,2.2767365,1.4180766,1.3937954,2.811872,0.94331396
5,288,342,1.0,0.38781002,0.61219,4.8623433,7.9821396,1.8856654,4.886586,6.7722516,0.9988562
5,262,132,1.0,0.38781002,0.61219,2.8685715,6.8640733,1.1124607,4.202117,5.3145776,0.9951047
5,118,4,1.0,0.38781002,0.61219,1.2083373,2.8777862,0.4686053,1.7617519,2.2303572,0.90294266
5,31,46,1.0,0.38781002,0.61219,-0.4833675,-6.8927393,-0.18745476,-4.219666,-4.4071207,0.012043415
5,129,461,1.0,0.38781002,0.61219,5.7514653,9.994628,2.230476,6.1186113,8.349087,0.9997634
5,402,461,1.0,0.38781002,0.61219,4.8533697,6.20967,1.8821855,3.801498,5.6836834,0.99661046
5,7,14,1.0,0.38781002,0.61219,5.0818725,5.9283476,1.9708011,3.629275,5.600076,0.996316
5,14,49,1.0,0.38781002,0.61219,5.3441505,5.752535,2.0725152,3.5216444,5.5941596,0.9962942
5,55,102,1.0,0.38781002,0.61219,-2.2933478,4.682472,-0.88938326,2.8665626,1.9771793,0.8783802
5,3,136,1.0,0.38781002,0.61219,4.2873816,1.9186064,1.6626896,1.1745517,2.8372412,0.9446554
5,7,38,1.0,0.38781002,0.61219,4.5008287,8.418231,1.7454665,5.153557,6.899023,0.99899226
5,109,296,1.0,0.38781002,0.61219,0.40659514,1.6583464,0.15768167,1.0152231,1.1729048,0.76366967
5,252,290,1.0,0.38781002,0.61219,-0.4208734,-1.5365089,-0.16321893,-0.9406354,-1.1038543,0.24901843
5,4,342,1.0,0.38781002,0.61219,5.542756,2.4171643,2.1495364,1.4797639,3.6293,0.9741511
5,6,420,1.0,0.38781002,0.61219,6.0173583,8.123086,2.333592,4.9728723,7.306464,0.9993293
5,16,397,1.0,0.38781002,0.61219,3.6232514,-3.0344706,1.4051332,-1.8576726,-0.45253932,0.3887572
5,23,294,1.0,0.38781002,0.61219,2.929492,6.0149565,1.1360863,3.6822963,4.8183827,0.9919849
5,214,17,1.0,0.38781002,0.61219,4.832704,6.9668713,1.874171,4.265049,6.13922,0.99784803
5,16,343,1.0,0.38781002,0.61219,3.21981,-0.22436349,1.2486746,-0.13735309,1.1113216,0.7523754
5,76,90,1.0,0.38781002,0.61219,3.1922152,1.0830559,1.2379731,0.663036,1.9010091,0.8700057
5,7,70,1.0,0.38781002,0.61219,8.149354,7.1738605,3.160401,4.3917656,7.552167,0.9994753
5,27,19,1.0,0.38781002,0.61219,2.822627,4.047327,1.0946431,2.4777331,3.5723763,0.97267836
5,31,3,1.0,0.38781002,0.61219,2.4584174,6.6696672,0.9533989,4.0831037,5.0365024,0.9935455
5,8,44,1.0,0.38781002,0.61219,4.7544446,6.812661,1.8438213,4.1706433,6.0144644,0.99756277
5,29,30,1.0,0.38781002,0.61219,-0.6818127,5.1690764,-0.2644138,3.1644568,2.900043,0.9478486
5,76,636,1.0,0.38781002,0.61219,3.5644495,6.8634486,1.3823292,4.2017345,5.5840635,0.9962568
5,3,216,1.0,0.38781002,0.61219,3.2857108,6.267522,1.2742316,3.8369143,5.111146,0.994007
5,160,278,1.0,0.38781002,0.61219,3.0516722,-1.2769271,1.183469,-0.781722,0.40174705,0.5991073
5,41,266,1.0,0.38781002,0.61219,3.4924698,7.042593,1.3544148,4.311405,5.66582,0.9965496
5,189,470,1.0,0.38781002,0.61219,3.506575,6.717239,1.359885,4.1122265,5.4721117,0.9958152
5,7,113,1.0,0.38781002,0.61219,3.811551,0.53707486,1.4781578,0.32879186,1.8069496,0.8589928
5,356,470,1.0,0.38781002,0.61219,5.4925985,0.95255715,2.1300848,0.583146,2.7132306,0.93780285
5,277,342,1.0,0.38781002,0.61219,5.8417764,7.4623356,2.2654994,4.5683675,6.833867,0.99892443
5,260,290,1.0,0.38781002,0.61219,-2.9955435,2.105057,-1.1617018,1.2886949,0.12699306,0.5317057
5,23,385,1.0,0.38781002,0.61219,3.8158934,7.121372,1.4798417,4.359633,5.8394747,0.9970981
5,24,440,1.0,0.38781002,0.61219,1.2854245,0.9196973,0.4985005,0.56302947,1.06153,0.7429828
5,8,516,1.0,0.38781002,0.61219,7.0794168,6.93526,2.7454689,4.2456965,6.991165,0.9990809
5,35,172,1.0,0.38781002,0.61219,-3.4728675,-13.588824,-1.3468128,-8.318942,-9.665755,6.341445e-05
5,6,90,1.0,0.38781002,0.61219,4.6097655,8.007299,1.7877133,4.9019885,6.689702,0.99875784
5,22,28,1.0,0.38781002,0.61219,3.4007912,8.19411,1.3188609,5.016352,6.335213,0.9982304
5,70,226,1.0,0.38781002,0.61219,1.3585902,7.199957,0.5268749,4.4077415,4.9346166,0.9928582
5,8,418,1.0,0.38781002,0.61219,4.848389,7.134835,1.8802539,4.3678746,6.2481284,0.9980697
5,8,264,1.0,0.38781002,0.61219,2.302469,1.4252839,0.89292055,0.8725446,1.7654651,0.8538928
5,7,99,1.0,0.38781002,0.61219,3.2419138,5.6965475,1.2572466,3.4873695,4.744616,0.99137664
5,196,331,1.0,0.38781002,0.61219,4.877185,2.4857156,1.8914212,1.5217303,3.4131515,0.968113
5,99,512,1.0,0.38781002,0.61219,-2.1657653,2.6889775,-0.8399055,1.6461651,0.80625963,0.6913119
5,193,470,1.0,0.38781002,0.61219,4.52978,2.20518,1.7566941,1.3499892,3.1066833,0.95716757
5,263,352,1.0,0.38781002,0.61219,5.9557962,8.120313,2.3097174,4.9711742,7.2808914,0.9993119
5,27,180,1.0,0.38781002,0.61219,0.14376417,6.448423,0.055753186,3.94766,4.003413,0.982074
5,19,238,1.0,0.38781002,0.61219,1.8374424,3.157415,0.7125786,1.9329379,2.6455164,0.93373406
5,72,139,1.0,0.38781002,0.61219,3.7574973,6.93609,1.4571952,4.246205,5.7034,0.99667645
5,23,255,1.0,0.38781002,0.61219,1.7649058,1.3012824,0.6844482,0.7966321,1.4810803,0.81473565
5,47,151,1.0,0.38781002,0.61219,0.25554407,-4.235093,0.09910255,-2.5926816,-2.4935791,0.07630953
5,23,277,1.0,0.38781002,0.61219,3.7661567,4.1231804,1.4605533,2.52417,3.984723,0.98174196
5,33,255,1.0,0.38781002,0.61219,4.867974,6.8406863,1.887849,4.1878,6.075649,0.9977071
5,320,342,1.0,0.38781002,0.61219,5.184412,8.742093,2.010567,5.351822,7.3623886,0.99936575
5,7,342,1.0,0.38781002,0.61219,8.550661,6.306595,3.3160322,3.8608344,7.1768665,0.9992366
5,30,578,1.0,0.38781002,0.61219,-1.1136425,-1.0137068,-0.4318817,-0.62058115,-1.0524628,0.25875247
5,3,394,1.0,0.38781002,0.61219,5.667087,2.9211905,2.1977532,1.7883236,3.9860768,0.9817662
5,28,490,1.0,0.38781002,0.61219,4.011498,-1.4441073,1.5556991,-0.8840681,0.67163104,0.6618683
5,222,331,1.0,0.38781002,0.61219,-0.14215815,3.6690917,-0.055130355,2.2461812,2.191051,0.899443
5,199,132,1.0,0.38781002,0.61219,5.3463535,5.802656,2.0733695,3.552328,5.6256976,0.9964089
5,146,329,1.0,0.38781002,0.61219,1.734206,-1.6387076,0.67254245,-1.0032004,-0.33065796,0.4180806
5,8,176,1.0,0.38781002,0.61219,7.8661895,6.913759,3.0505872,4.2325344,7.2831216,0.9993135
5,28,404,1.0,0.38781002,0.61219,2.9596379,-0.4736349,1.1477772,-0.28995454,0.85782266,0.70220554
5,6,380,1.0,0.38781002,0.61219,7.4504304,8.866912,2.8893516,5.428235,8.317587,0.9997559
5,358,470,1.0,0.38781002,0.61219,5.132091,-0.85674465,1.9902763,-0.52449054,1.4657857,0.812416
5,33,95,1.0,0.38781002,0.61219,4.7263308,-3.0050962,1.8329184,-1.8396899,-0.0067714453,0.49830714
5,101,218,1.0,0.38781002,0.61219,-2.211317,-7.9701223,-0.85757095,-4.879229,-5.7368,0.0032147039
5,26,499,1.0,0.38781002,0.61219,3.6454287,6.237012,1.4137337,3.8182364,5.23197,0.9946854
5,23,529,1.0,0.38781002,0.61219,-2.0405197,-0.30718637,-0.791334,-0.18805642,-0.9793904,0.27301276
5,194,290,1.0,0.38781002,0.61219,-3.3598862,1.1124287,-1.3029975,0.6810177,-0.6219798,0.34933135
5,225,458,1.0,0.38781002,0.61219,-3.0890803,-19.301273,-1.1979764,-11.816047,-13.014023,2.2288496e-06
5,205,80,1.0,0.38781002,0.61219,4.4100204,8.806132,1.7102501,5.391026,7.1012764,0.99917656
5,23,462,1.0,0.38781002,0.61219,0.9578898,1.3727202,0.37147927,0.8403656,1.2118449,0.77062523
5,406,117,1.0,0.38781002,0.61219,4.420483,-0.7251615,1.7143077,-0.44393662,1.2703711,0.7808063
5,0,14,1.0,0.38781002,0.61219,5.616175,7.758441,2.178009,4.74964,6.927649,0.9990207
5,38,84,1.0,0.38781002,0.61219,4.082174,5.525071,1.583108,3.3823934,4.9655013,0.9930738
5,4,508,1.0,0.38781002,0.61219,3.3911092,-2.0935965,1.3151062,-1.2816788,0.033427358,0.50835603
5,108,253,1.0,0.38781002,0.61219,1.8245951,-1.8549953,0.70759624,-1.1356095,-0.42801327,0.39460084
5,97,386,1.0,0.38781002,0.61219,-5.313977,-14.51835,-2.0608134,-8.887989,-10.948803,1.7578735e-05
5,266,504,1.0,0.38781002,0.61219,5.1283617,-0.51451206,1.9888301,-0.31497914,1.673851,0.8420886
5,8,240,1.0,0.38781002,0.61219,2.7460272,4.3628564,1.0649369,2.670897,3.735834,0.97670245
5,227,255,1.0,0.38781002,0.61219,3.481272,5.8074565,1.3500721,3.5552669,4.9053392,0.9926475
5,14,201,1.0,0.38781002,0.61219,0.24810338,5.169389,0.09621698,3.164648,3.260865,0.9630616
5,44,69,1.0,0.38781002,0.61219,1.3982685,2.9191206,0.5422625,1.7870564,2.329319,0.9112763
5,21,440,1.0,0.38781002,0.61219,1.5810455,1.737722,0.6131453,1.0638161,1.6769614,0.84250176
5,81,138,1.0,0.38781002,0.61219,2.0434046,-1.0880438,0.79245275,-0.66608953,0.12636322,0.5315488
5,106,54,1.0,0.38781002,0.61219,-1.999754,-6.9822326,-0.7755246,-4.274453,-5.049978,0.006368656
5,4,335,1.0,0.38781002,0.61219,5.740703,3.2503517,2.2263021,1.9898328,4.216135,0.98545897
5,13,629,1.0,0.38781002,0.61219,5.6164947,3.253688,2.178133,1.9918753,4.170008,0.984783
5,256,45,1.0,0.38781002,0.61219,1.9742279,9.586883,0.76562536,5.8689938,6.634619,0.9986877
5,6,268,1.0,0.38781002,0.61219,0.011314028,-2.619278,0.0043876935,-1.6034958,-1.5991081,0.1681063
5,38,522,1.0,0.38781002,0.61219,1.6629217,7.978261,0.6448977,4.8842115,5.529109,0.9960461
5,19,615,1.0,0.38781002,0.61219,4.9209046,2.4130359,1.9083761,1.4772364,3.3856125,0.9672519
5,91,449,1.0,0.38781002,0.61219,3.3403916,6.5128546,1.2954373,3.9871044,5.2825418,0.9949462
5,213,109,1.0,0.38781002,0.61219,5.8482957,9.100323,2.2680278,5.5711265,7.8391542,0.9996062
5,22,24,1.0,0.38781002,0.61219,-3.0102994,-7.981572,-1.1674243,-4.8862386,-6.053663,0.0023437352
5,30,255,1.0,0.38781002,0.61219,4.3175263,6.875396,1.67438,4.2090487,5.8834286,0.99722254
5,353,504,1.0,0.38781002,0.61219,4.300879,-3.9518516,1.6679239,-2.419284,-0.7513602,0.320525
5,18,258,1.0,0.38781002,0.61219,-1.3716102,-5.3145065,-0.5319242,-3.2534878,-3.785412,0.022195678
5,262,109,1.0,0.38781002,0.61219,2.5938659,5.403997,1.0059272,3.3082728,4.3142,0.9867994
5,105,437,1.0,0.38781002,0.61219,4.1467233,6.7953568,1.6081408,4.1600494,5.7681904,0.9968843
5,8,116,1.0,0.38781002,0.61219,4.0759053,4.875266,1.5806769,2.984589,4.565266,0.9897001
5,0,239,1.0,0.38781002,0.61219,4.9203806,5.9848666,1.9081728,3.6638756,5.572048,0.99621177
5,6,595,1.0,0.38781002,0.61219,-3.0477524,-0.48874873,-1.1819489,-0.2992071,-1.481156,0.18525289
5,262,14,1.0,0.38781002,0.61219,2.9194734,6.1841774,1.1322011,3.7858915,4.9180927,0.9927401
5,103,235,1.0,0.38781002,0.61219,2.8132257,3.620322,1.0909971,2.216325,3.307322,0.9646792
5,8,272,1.0,0.38781002,0.61219,5.8771596,6.722739,2.2792213,4.115594,6.3948154,0.99833256
5,8,131,1.0,0.38781002,0.61219,8.283854,6.7616787,3.2125614,4.139432,7.3519936,0.9993591
5,7,118,1.0,0.38781002,0.61219,4.464342,6.1136465,1.7313166,3.7427132,5.4740295,0.99582326
5,68,254,1.0,0.38781002,0.61219,3.0335464,0.7850728,1.1764398,0.48061374,1.6570535,0.8398421
5,13,543,1.0,0.38781002,0.61219,5.039374,4.299301,1.9543197,2.6319892,4.586309,0.98991245
5,8,595,1.0,0.38781002,0.61219,3.4968953,6.1224723,1.3561311,3.7481163,5.104247,0.9939658
5,114,313,1.0,0.38781002,0.61219,2.8205204,4.670257,1.093826,2.8590848,3.952911,0.98116285
5,50,170,1.0,0.38781002,0.61219,0.81770855,3.7851403,0.31711558,2.317225,2.6343405,0.93303925
5,16,206,1.0,0.38781002,0.61219,5.025158,5.6830807,1.9488066,3.4791253,5.427932,0.99562705
5,13,40,1.0,0.38781002,0.61219,4.083292,3.3845205,1.5835415,2.0719697,3.6555114,0.97480303
5,229,132,1.0,0.38781002,0.61219,1.1802325,6.3255444,0.457706,3.872435,4.330141,0.98700535
5,7,119,1.0,0.38781002,0.61219,5.4081273,5.7485285,2.097326,3.5191917,5.616518,0.99637586
5,3,14,1.0,0.38781002,0.61219,4.124478,4.3602805,1.5995139,2.66932,4.268834,0.9861951
5,1,0,1.0,0.38781002,0.61219,-2.8314285,-14.6658945,-1.0980563,-8.978314,-10.07637,4.2060048e-05
5,7,623,1.0,0.38781002,0.61219,2.7516522,-0.1265029,1.0671183,-0.077443816,0.98967445,0.72902364
5,3,325,1.0,0.38781002,0.61219,3.842111,5.906042,1.4900092,3.61562,5.105629,0.99397403
5,312,342,1.0,0.38781002,0.61219,5.75474,7.313692,2.231746,4.4773693,6.709115,0.99878174
5,24,285,1.0,0.38781002,0.61219,1.3049836,1.4314378,0.50608575,0.87631196,1.3823977,0.7993758
5,20,23,1.0,0.38781002,0.61219,4.7338586,3.215378,1.8358378,1.9684223,3.8042603,0.97820973
5,13,320,1.0,0.38781002,0.61219,2.938315,5.3816004,1.139508,3.2945619,4.4340696,0.9882731
5,12,36,1.0,0.38781002,0.61219,1.3350363,5.421389,0.5177404,3.3189201,3.8366606,0.9788898
5,33,75,1.0,0.38781002,0.61219,6.163668,8.357171,2.3903322,5.1161766,7.506509,0.99945074
5,3,438,1.0,0.38781002,0.61219,3.4451914,4.070565,1.3360797,2.4919593,3.8280392,0.97871083
5,7,253,1.0,0.38781002,0.61219,1.8009363,4.656646,0.6984212,2.850752,3.5491734,0.97205496
5,2,470,1.0,0.38781002,0.61219,5.7023845,6.395627,2.2114418,3.915339,6.1267805,0.9978212
5,8,252,1.0,0.38781002,0.61219,3.7291973,8.326461,1.44622,5.0973763,6.5435963,0.99856275
5,124,288,1.0,0.38781002,0.61219,-1.4214615,3.5488985,-0.551257,2.1726003,1.6213433,0.8349803
5,23,75,1.0,0.38781002,0.61219,0.72275054,3.5478907,0.28028992,2.1719832,2.4522731,0.92072755
5,7,251,1.0,0.38781002,0.61219,4.026306,6.125716,1.5614419,3.7501023,5.3115444,0.9950899
5,45,219,1.0,0.38781002,0.61219,2.5393593,2.359794,0.984789,1.4446423,2.4294314,0.9190443
5,23,314,1.0,0.38781002,0.61219,1.2875288,6.9448824,0.49931654,4.2515874,4.750904,0.9914302
5,234,308,1.0,0.38781002,0.61219,-5.1985984,-7.7266994,-2.0160685,-4.730208,-6.7462764,0.0011738681
5,91,484,1.0,0.38781002,0.61219,0.70781326,0.2814814,0.27449706,0.1723201,0.44681716,0.60988224
5,3,104,1.0,0.38781002,0.61219,4.0287232,6.4759107,1.5623792,3.9644878,5.526867,0.9960373
5,217,504,1.0,0.38781002,0.61219,5.2274003,6.869273,2.0272381,4.2053003,6.232538,0.9980394
5,270,117,1.0,0.38781002,0.61219,4.0311,0.2706539,1.5633008,0.16569161,1.7289925,0.8492836
5,17,162,1.0,0.38781002,0.61219,0.78008807,1.3401836,0.30252597,0.820447,1.122973,0.7545398
5,8,488,1.0,0.38781002,0.61219,-0.8213749,2.487129,-0.3185374,1.5225955,1.2040582,0.7692459
5,31,108,1.0,0.38781002,0.61219,3.6294425,8.017179,1.4075341,4.9080367,6.315571,0.99819535
5,260,87,1.0,0.38781002,0.61219,1.9984428,6.0675755,0.7750161,3.714509,4.4895253,0.9888987
5,21,418,1.0,0.38781002,0.61219,4.114755,6.407172,1.5957433,3.922407,5.5181503,0.99600273
5,12,420,1.0,0.38781002,0.61219,5.085416,6.273094,1.9721752,3.8403256,5.812501,0.99701905
5,3,282,1.0,0.38781002,0.61219,3.9852052,0.20645224,1.5455025,0.126388,1.6718905,0.84182775
5,3,519,1.0,0.38781002,0.61219,4.5236692,5.9869103,1.7543243,3.6651268,5.419451,0.99559
5,28,46,1.0,0.38781002,0.61219,2.6150064,-2.6736057,1.0141257,-1.6367546,-0.6226289,0.34918377
5,8,147,1.0,0.38781002,0.61219,5.304917,2.8399851,2.0572999,1.7386105,3.7959104,0.978031
5,3,335,1.0,0.38781002,0.61219,5.7152734,2.018511,2.2164402,1.2357123,3.4521525,0.96929526
5,44,521,1.0,0.38781002,0.61219,2.179527,-0.49069577,0.84524244,-0.30039907,0.5448434,0.6329384
5,18,365,1.0,0.38781002,0.61219,-1.3670763,-7.247116,-0.53016585,-4.436612,-4.966778,0.006917373
5,8,229,1.0,0.38781002,0.61219,7.229394,5.3732424,2.8036315,3.2894454,6.0930767,0.99774665
5,8,155,1.0,0.38781002,0.61219,7.272098,3.5002897,2.8201926,2.1428423,4.9630346,0.9930569
5,40,129,1.0,0.38781002,0.61219,6.794961,7.5080943,2.635154,4.59638,7.231534,0.9992772
5,14,445,1.0,0.38781002,0.61219,3.5846963,2.352938,1.3901812,1.4404451,2.8306262,0.9443085
5,33,349,1.0,0.38781002,0.61219,2.802164,4.010442,1.0867074,2.4551523,3.5418596,0.97185564
5,8,109,1.0,0.38781002,0.61219,8.3308115,7.270444,3.2307723,4.450893,7.6816654,0.999539
5,18,460,1.0,0.38781002,0.61219,4.102355,8.434857,1.5909344,5.1637354,6.7546697,0.998836
5,26,138,1.0,0.38781002,0.61219,3.0175004,4.2338247,1.1702169,2.591905,3.7621222,0.9772932
5,24,16,1.0,0.38781002,0.61219,2.0997882,1.3268175,0.8143189,0.81226444,1.6265833,0.835701
5,111,331,1.0,0.38781002,0.61219,4.002367,0.11621334,1.552158,0.07114464,1.6233027,0.8352501
5,338,342,1.0,0.38781002,0.61219,4.279859,7.754919,1.6597723,4.7474837,6.407256,0.99835324
5,240,109,1.0,0.38781002,0.61219,4.746839,7.1930285,1.8408718,4.4035,6.244372,0.99806243
5,23,95,1.0,0.38781002,0.61219,1.6307434,6.174241,0.63241863,3.7798088,4.4122276,0.9880172
5,68,145,1.0,0.38781002,0.61219,-0.7477188,0.08236627,-0.28997284,0.05042381,-0.23954904,0.44039747
5,33,438,1.0,0.38781002,0.61219,-4.6086764,-7.118204,-1.7872909,-4.3576937,-6.1449847,0.002139621
5,109,342,1.0,0.38781002,0.61219,5.201046,2.800616,2.0170178,1.7145091,3.7315269,0.9766043
5,17,395,1.0,0.38781002,0.61219,3.0044289,4.956119,1.1651477,3.0340865,4.199234,0.9852149
5,43,180,1.0,0.38781002,0.61219,0.81572044,6.142093,0.31634456,3.760128,4.0764728,0.9833159
5,8,438,1.0,0.38781002,0.61219,4.669092,5.8773165,1.8107207,3.5980344,5.4087553,0.9955427
5,129,371,1.0,0.38781002,0.61219,-6.70418,-4.1602345,-2.5999482,-2.546854,-5.146802,0.005784328
5,4,440,1.0,0.38781002,0.61219,5.8783846,2.8480937,2.2796965,1.7435745,4.023271,0.9824202
5,249,523,0.0,0.38781002,0.61219,-13.469288,-23.23953,-5.223525,-14.227009,-19.450535,3.5705905e-09
5,302,559,0.0,0.38781002,0.61219,-13.560583,-25.876059,-5.25893,-15.841064,-21.099995,6.861021e-10
5,166,377,0.0,0.38781002,0.61219,-4.0713167,-1.5062097,-1.5788975,-0.92208654,-2.500984,0.07578923
5,93,643,0.0,0.38781002,0.61219,-2.2962937,-12.958774,-0.8905257,-7.933232,-8.823757,0.00014717261
5,296,580,0.0,0.38781002,0.61219,-14.748537,-22.668736,-5.7196302,-13.877573,-19.597202,3.0834946e-09
5,201,377,0.0,0.38781002,0.61219,-1.7629739,-13.746236,-0.68369895,-8.415308,-9.099007,0.0001117643
5,27,576,0.0,0.38781002,0.61219,-2.5560064,-13.688563,-0.9912449,-8.380002,-9.371247,8.512988e-05
5,322,121,0.0,0.38781002,0.61219,-9.169285,-12.920843,-3.5559406,-7.9100113,-11.465952,1.0480832e-05
5,262,572,0.0,0.38781002,0.61219,-2.8937566,-11.238235,-1.1222278,-6.8799353,-8.002163,0.0003346258
5,410,430,0.0,0.38781002,0.61219,-2.4465325,-12.77679,-0.94878983,-7.821823,-8.770613,0.00015520434
5,351,208,0.0,0.38781002,0.61219,-2.0375803,-11.897223,-0.79019403,-7.2833614,-8.073555,0.0003115762
5,163,336,0.0,0.38781002,0.61219,-8.192728,-13.606531,-3.177222,-8.3297825,-11.507005,1.00592815e-05
5,270,259,0.0,0.38781002,0.61219,-9.038526,-16.697725,-3.505231,-10.22218,-13.727411,1.0920953e-06
5,56,556,0.0,0.38781002,0.61219,-4.5746965,-16.099865,-1.7741132,-9.856176,-11.630289,8.892539e-06
5,49,641,0.0,0.38781002,0.61219,-6.7892056,-15.29801,-2.632922,-9.365289,-11.998211,6.155177e-06
5,118,490,0.0,0.38781002,0.61219,-3.6599607,-10.711119,-1.4193695,-6.55724,-7.976609,0.00034328396
5,406,520,0.0,0.38781002,0.61219,-7.956201,-11.183578,-3.0854945,-6.8464746,-9.931969,4.859367e-05
5,180,516,0.0,0.38781002,0.61219,-5.2659907,-15.160499,-2.042204,-9.281106,-11.32331,1.2087702e-05
5,186,220,0.0,0.38781002,0.61219,-3.6341176,-14.403189,-1.4093472,-8.817489,-10.226836,3.6184767e-05
5,287,410,0.0,0.38781002,0.61219,-7.742572,-17.183615,-3.002647,-10.519637,-13.522284,1.3407453e-06
5,165,91,0.0,0.38781002,0.61219,-7.0745835,-15.995168,-2.7435944,-9.792082,-12.535676,3.5960318e-06
5,379,525,0.0,0.38781002,0.61219,-8.766115,-20.736906,-3.3995874,-12.694926,-16.094513,1.0238629e-07
5,386,490,0.0,0.38781002,0.61219,-11.170977,-16.175835,-4.3322167,-9.902684,-14.234901,6.574467e-07
5,302,641,0.0,0.38781002,0.61219,-11.043797,-18.030956,-4.282895,-11.038371,-15.321266,2.2184956e-07
5,332,221,0.0,0.38781002,0.61219,-10.471666,-23.61531,-4.061017,-14.457057,-18.518074,9.071991e-09
5,378,71,0.0,0.38781002,0.61219,1.7784966,-5.9966516,0.68971884,-3.6710901,-2.9813714,0.048274584
5,83,70,0.0,0.38781002,0.61219,-5.4472704,-7.729469,-2.1125062,-4.7319036,-6.84441,0.0010642608
5,47,269,0.0,0.38781002,0.61219,-1.064635,-8.819833,-0.41287613,-5.3994136,-5.8122897,0.0029816576
5,90,55,0.0,0.38781002,0.61219,-0.4397207,-13.849193,-0.17052808,-8.478337,-8.648866,0.00017529487
5,198,314,0.0,0.38781002,0.61219,-0.9974023,-19.288298,-0.3868026,-11.808104,-12.194906,5.056119e-06
5,238,356,0.0,0.38781002,0.61219,-9.525597,-18.61609,-3.6941218,-11.3965845,-15.090706,2.793763e-07
5,203,112,0.0,0.38781002,0.61219,-8.843284,-19.796257,-3.429514,-12.119071,-15.548585,1.7674017e-07
5,75,342,0.0,0.38781002,0.61219,2.089809,-0.31820583,0.8104488,-0.19480243,0.61564636,0.64922774
5,154,352,0.0,0.38781002,0.61219,-4.4628077,-7.6970882,-1.7307216,-4.7120805,-6.442802,0.0015894097
5,193,458,0.0,0.38781002,0.61219,-13.001987,-19.511671,-5.042301,-11.94485,-16.987152,4.1934705e-08
5,408,374,0.0,0.38781002,0.61219,-10.399471,-14.12099,-4.033019,-8.644729,-12.677748,3.1197712e-06
5,46,501,0.0,0.38781002,0.61219,3.6848187,4.65114,1.4290097,2.8473816,4.276391,0.9862976
5,372,186,0.0,0.38781002,0.61219,-5.7882447,-11.171497,-2.2447393,-6.839079,-9.083818,0.00011347455
5,41,323,0.0,0.38781002,0.61219,-5.0733304,-12.099713,-1.9674884,-7.407324,-9.374812,8.482696e-05
5,378,281,0.0,0.38781002,0.61219,-3.6267877,-10.826936,-1.4065046,-6.628142,-8.034647,0.00032393393
5,387,360,0.0,0.38781002,0.61219,-7.295057,-17.739952,-2.829096,-10.860222,-13.689318,1.1344996e-06
5,260,373,0.0,0.38781002,0.61219,-1.3661187,-2.602389,-0.5297945,-1.5931566,-2.122951,0.10688603
5,222,380,0.0,0.38781002,0.61219,-10.315248,-17.118958,-4.000356,-10.480055,-14.480412,5.143242e-07
5,374,509,0.0,0.38781002,0.61219,-7.2332416,-11.55684,-2.8051236,-7.074982,-9.880106,5.1180235e-05
5,114,82,0.0,0.38781002,0.61219,-7.0082426,-16.425455,-2.7178667,-10.055499,-12.773366,2.8352829e-06
5,34,607,0.0,0.38781002,0.61219,-5.805346,-6.597226,-2.2513714,-4.038756,-6.2901273,0.0018510909
5,189,427,0.0,0.38781002,0.61219,-14.340107,-16.791168,-5.5612373,-10.279386,-15.840623,1.31979e-07
5,126,97,0.0,0.38781002,0.61219,-3.7413359,-9.220468,-1.4509275,-5.644678,-7.095606,0.0008280523
5,248,536,0.0,0.38781002,0.61219,-8.632555,-18.6094,-3.3477914,-11.3924885,-14.74028,3.966226e-07
5,69,571,0.0,0.38781002,0.61219,-3.885742,-4.4090943,-1.5069296,-2.6992035,-4.206133,0.014685028
5,220,413,0.0,0.38781002,0.61219,-13.102413,-14.450711,-5.0812473,-8.846581,-13.927829,8.9375897e-07
5,319,529,0.0,0.38781002,0.61219,-9.758465,-14.422976,-3.7844305,-8.829601,-12.614032,3.325019e-06
5,157,340,0.0,0.38781002,0.61219,-2.584464,-19.556534,-1.0022811,-11.972315,-12.974596,2.318481e-06
5,93,493,0.0,0.38781002,0.61219,-3.622652,-18.263842,-1.4049008,-11.180942,-12.585842,3.4200837e-06
5,52,579,0.0,0.38781002,0.61219,-10.506317,-21.17859,-4.0744553,-12.965322,-17.039776,3.9785e-08
5,403,613,0.0,0.38781002,0.61219,-11.5005665,-17.697971,-4.460035,-10.834521,-15.294556,2.2785511e-07
5,9,146,0.0,0.38781002,0.61219,-6.201692,-1.5832523,-2.4050784,-0.9692512,-3.3743296,0.033107433
5,110,396,0.0,0.38781002,0.61219,-2.3652387,-10.906413,-0.91726327,-6.676797,-7.59406,0.0005031797
5,158,489,0.0,0.38781002,0.61219,-10.326635,-17.03889,-4.0047727,-10.431039,-14.435812,5.37782e-07
5,71,572,0.0,0.38781002,0.61219,-8.7428875,-15.131853,-3.3905795,-9.263569,-12.654148,3.194272e-06
5,13,389,0.0,0.38781002,0.61219,1.9266629,2.8513083,0.7471792,1.7455425,2.4927218,0.92363
5,215,44,0.0,0.38781002,0.61219,-6.7856226,-20.180592,-2.6315324,-12.354357,-14.985889,3.1024928e-07
5,335,90,0.0,0.38781002,0.61219,-9.144665,-22.946764,-3.5463927,-14.04778,-17.594173,2.2853229e-08
5,326,542,0.0,0.38781002,0.61219,-8.782652,-19.050192,-3.4060004,-11.662337,-15.068337,2.8569593e-07
5,139,553,0.0,0.38781002,0.61219,-5.2310557,-11.76957,-2.0286558,-7.2052135,-9.23387,9.7665004e-05
5,93,290,0.0,0.38781002,0.61219,-5.578855,-12.448032,-2.1635358,-7.620561,-9.784097,5.6337332e-05
5,413,24,0.0,0.38781002,0.61219,-10.092416,-18.515318,-3.91394,-11.334892,-15.248833,2.3851516e-07
5,56,404,0.0,0.38781002,0.61219,-8.006832,-23.708302,-3.1051297,-14.513986,-17.619116,2.2290264e-08
5,373,324,0.0,0.38781002,0.61219,-2.263242,-11.754783,-0.87770796,-7.1961603,-8.073868,0.0003114788
5,296,283,0.0,0.38781002,0.61219,-12.071702,-17.656221,-4.681527,-10.808962,-15.490489,1.8731218e-07
5,176,94,0.0,0.38781002,0.61219,0.96936333,-9.689313,0.37592882,-5.9317007,-5.555772,0.0038502025
5,338,194,0.0,0.38781002,0.61219,-4.45958,-2.604284,-1.7294698,-1.5943167,-3.3237865,0.034764126
5,386,282,0.0,0.38781002,0.61219,-2.2310088,-1.0440673,-0.86520755,-0.63916755,-1.5043751,0.1817739
5,356,422,0.0,0.38781002,0.61219,-11.356921,-19.248652,-4.404328,-11.783833,-16.18816,9.3233375e-08
5,124,616,0.0,0.38781002,0.61219,-1.7249582,-8.763017,-0.66895604,-5.364631,-6.0335875,0.0023911486
5,49,348,0.0,0.38781002,0.61219,-8.711601,-10.252542,-3.3784463,-6.2765036,-9.65495,6.410333e-05
5,360,224,0.0,0.38781002,0.61219,-11.029766,-19.954664,-4.277454,-12.216046,-16.4935,6.8701155e-08
5,303,227,0.0,0.38781002,0.61219,-13.489338,-18.047918,-5.2313004,-11.048756,-16.280056,8.504749e-08
5,90,435,0.0,0.38781002,0.61219,-1.8311458,-12.662415,-0.71013665,-7.751804,-8.461941,0.0002113168
5,44,373,0.0,0.38781002,0.61219,-2.635251,-9.046828,-1.0219767,-5.538378,-6.560354,0.0014133838
5,306,635,0.0,0.38781002,0.61219,-9.564795,-17.091,-3.7093232,-10.462939,-14.172262,6.999458e-07
5,56,55,0.0,0.38781002,0.61219,-0.09745712,-15.8859,-0.037794847,-9.725189,-9.762984,5.7539328e-05
5,308,43,0.0,0.38781002,0.61219,-12.59103,-19.825132,-4.882928,-12.136748,-17.019676,4.0592752e-08
5,288,402,0.0,0.38781002,0.61219,-7.2619557,-20.315413,-2.8162591,-12.4368925,-15.253152,2.3748719e-07
5,249,93,0.0,0.38781002,0.61219,-10.361481,-12.633865,-4.018286,-7.7343264,-11.752613,7.868674e-06
5,322,111,0.0,0.38781002,0.61219,-9.150997,-6.7289677,-3.5488484,-4.1194067,-7.668255,0.0004672144
5,395,247,0.0,0.38781002,0.61219,-3.7851071,-19.649185,-1.4679024,-12.029035,-13.496937,1.3751632e-06
5,98,219,0.0,0.38781002,0.61219,-5.178775,-13.923854,-2.008381,-8.524044,-10.532425,2.6657191e-05
5,7,316,0.0,0.38781002,0.61219,4.6488156,-4.391033,1.8028573,-2.6881466,-0.8852893,0.2920829
5,314,581,0.0,0.38781002,0.61219,-7.782916,-22.479912,-3.018293,-13.761977,-16.78027,5.157289e-08
5,266,556,0.0,0.38781002,0.61219,-6.0205016,-11.669274,-2.334811,-7.143813,-9.478624,7.646321e-05
5,338,157,0.0,0.38781002,0.61219,-5.9182487,-20.050583,-2.2951562,-12.274767,-14.569923,4.702864e-07
5,55,262,0.0,0.38781002,0.61219,-0.62205017,-18.142885,-0.24123728,-11.106893,-11.34813,1.1791378e-05
5,14,118,0.0,0.38781002,0.61219,3.247829,1.8459328,1.2595407,1.1300616,2.3896022,0.916031
5,308,318,0.0,0.38781002,0.61219,-11.077186,-21.916603,-4.2958436,-13.417126,-17.712969,2.0293427e-08
5,60,464,0.0,0.38781002,0.61219,-4.294433,-9.2659235,-1.6654242,-5.672506,-7.33793,0.0006499726
5,10,43,0.0,0.38781002,0.61219,-2.9200075,-11.515969,-1.1324081,-7.049961,-8.182369,0.00027946074
5,280,370,0.0,0.38781002,0.61219,-3.4136417,-14.731715,-1.3238444,-9.018609,-10.342453,3.2234115e-05
5,293,514,0.0,0.38781002,0.61219,-7.448985,-15.930249,-2.888791,-9.752339,-12.64113,3.2361258e-06
5,54,265,0.0,0.38781002,0.61219,-3.43127,-18.806442,-1.3306808,-11.513116,-12.843797,2.6424623e-06
5,269,391,0.0,0.38781002,0.61219,-12.153381,-20.365965,-4.713203,-12.46784,-17.181044,3.45436e-08
5,306,520,0.0,0.38781002,0.61219,-17.730179,-22.065397,-6.875941,-13.508216,-20.384157,1.4036959e-09
5,251,605,0.0,0.38781002,0.61219,-6.576545,-17.700998,-2.5504498,-10.836374,-13.386824,1.535238e-06
5,338,415,0.0,0.38781002,0.61219,-5.2057853,-5.667746,-2.0188558,-3.4697375,-5.488593,0.0041166386
5,144,508,0.0,0.38781002,0.61219,-3.6763964,-13.2870455,-1.4257433,-8.134196,-9.559939,7.0492104e-05
5,331,585,0.0,0.38781002,0.61219,-7.801666,-23.914457,-3.0255642,-14.640192,-17.665756,2.127451e-08
5,22,74,0.0,0.38781002,0.61219,-0.25088546,1.1578146,-0.097295895,0.7088025,0.61150664,0.6482844
5,151,412,0.0,0.38781002,0.61219,-6.5095305,-15.663272,-2.5244613,-9.588899,-12.113359,5.485705e-06
5,122,363,0.0,0.38781002,0.61219,-7.0453944,-18.854063,-2.7322745,-11.542269,-14.274544,6.3189384e-07
5,316,601,0.0,0.38781002,0.61219,-8.225648,-10.747333,-3.1899886,-6.5794096,-9.769398,5.7171506e-05
5,375,401,0.0,0.38781002,0.61219,-4.9940534,-17.930925,-1.936744,-10.977134,-12.9138775,2.463617e-06
5,281,588,0.0,0.38781002,0.61219,0.00967639,-15.213836,0.003752601,-9.313758,-9.310005,9.050588e-05
5,1,441,0.0,0.38781002,0.61219,-6.3619533,-18.657537,-2.4672291,-11.421958,-13.889187,9.289714e-07
5,257,317,0.0,0.38781002,0.61219,-0.98031557,-8.491975,-0.3801762,-5.1987023,-5.5788784,0.003762589
5,117,246,0.0,0.38781002,0.61219,-3.0235963,-9.863374,-1.172581,-6.038259,-7.21084,0.0007379913
5,331,381,0.0,0.38781002,0.61219,-9.530806,-18.818779,-3.696142,-11.520668,-15.21681,2.462766e-07
5,35,517,0.0,0.38781002,0.61219,-0.86162686,-12.550591,-0.33414754,-7.6833467,-8.017494,0.00032953636
5,326,0,0.0,0.38781002,0.61219,-8.252676,-16.028769,-3.2004704,-9.812652,-13.013123,2.2308568e-06
5,24,570,0.0,0.38781002,0.61219,0.96086466,-2.638991,0.37263295,-1.615564,-1.242931,0.22392623
5,88,209,0.0,0.38781002,0.61219,-2.0973501,-12.053758,-0.8133734,-7.37919,-8.192563,0.00027662722
5,253,305,0.0,0.38781002,0.61219,-4.016216,-10.476863,-1.5575287,-6.4138308,-7.9713593,0.00034509032
5,83,13,0.0,0.38781002,0.61219,-4.0798254,-17.198343,-1.5821972,-10.528654,-12.110851,5.499481e-06
5,325,375,0.0,0.38781002,0.61219,-7.2120376,-18.844736,-2.7969005,-11.536559,-14.33346,5.9574063e-07
5,89,278,0.0,0.38781002,0.61219,-4.089953,-8.929679,-1.5861248,-5.46666,-7.052785,0.0008642491
5,342,95,0.0,0.38781002,0.61219,-6.9406114,-17.895655,-2.6916387,-10.955541,-13.64718,1.1833267e-06
5,258,632,0.0,0.38781002,0.61219,-11.655201,-14.1323595,-4.520004,-8.65169,-13.171694,1.9037294e-06
5,266,284,0.0,0.38781002,0.61219,-4.5767407,-17.85115,-1.7749059,-10.928296,-12.703202,3.0413614e-06
5,181,170,0.0,0.38781002,0.61219,0.84110034,-10.021661,0.32618713,-6.1351604,-5.8089733,0.002991533
5,44,47,0.0,0.38781002,0.61219,3.4867036,-8.297874,1.3521786,-5.079876,-3.7276974,0.023483414
5,185,378,0.0,0.38781002,0.61219,-7.3287873,-8.058211,-2.8421772,-4.9331565,-7.7753334,0.00041979115
5,369,202,0.0,0.38781002,0.61219,-6.1113524,-16.090355,-2.3700438,-9.850354,-12.220398,4.92886e-06
5,400,443,0.0,0.38781002,0.61219,-4.6845956,-18.738207,-1.8167331,-11.471343,-13.288076,1.6945758e-06
5,355,10,0.0,0.38781002,0.61219,-7.3647647,-14.630033,-2.8561296,-8.95636,-11.8124895,7.4113577e-06
5,323,552,0.0,0.38781002,0.61219,-9.186518,-17.787226,-3.5626237,-10.889162,-14.451786,5.292597e-07
5,399,54,0.0,0.38781002,0.61219,-6.325339,-7.4686546,-2.4530299,-4.5722356,-7.0252657,0.0008883414
5,300,326,0.0,0.38781002,0.61219,-10.247294,-21.666712,-3.9740036,-13.264145,-17.238148,3.262628e-08
5,395,225,0.0,0.38781002,0.61219,-5.7716165,-17.812586,-2.2382908,-10.904687,-13.142978,1.9591896e-06
5,273,178,0.0,0.38781002,0.61219,-2.777227,-9.712359,-1.0770364,-5.9458094,-7.0228457,0.0008904918
5,311,435,0.0,0.38781002,0.61219,-8.049943,-21.885675,-3.1218486,-13.398191,-16.52004,6.690176e-08
5,63,543,0.0,0.38781002,0.61219,-0.18141031,-10.56085,-0.07035274,-6.465247,-6.5355997,0.0014487568
5,397,456,0.0,0.38781002,0.61219,-5.372276,-12.639268,-2.0834224,-7.7376337,-9.821056,5.429325e-05
5,92,393,0.0,0.38781002,0.61219,0.8142873,-9.59799,0.31578878,-5.8757935,-5.5600047,0.0038340024
5,33,27,0.0,0.38781002,0.61219,-5.1374946,-12.104623,-1.9923719,-7.4103293,-9.402701,8.2494094e-05
5,52,601,0.0,0.38781002,0.61219,-7.6251388,-14.514966,-2.9571052,-8.885917,-11.843021,7.188496e-06
5,265,366,0.0,0.38781002,0.61219,-14.441004,-18.491484,-5.600366,-11.320302,-16.920668,4.4817476e-08
5,161,286,0.0,0.38781002,0.61219,-6.023173,-15.768896,-2.335847,-9.653561,-11.989408,6.209602e-06
5,282,505,0.0,0.38781002,0.61219,-6.763513,-20.947914,-2.6229582,-12.824103,-15.447062,1.9562589e-07
5,282,638,0.0,0.38781002,0.61219,-3.9398127,-19.713142,-1.5278988,-12.068189,-13.596087,1.2453565e-06
5,46,584,0.0,0.38781002,0.61219,-3.5539799,-10.157354,-1.378269,-6.2182307,-7.5964994,0.0005019543
5,83,104,0.0,0.38781002,0.61219,-7.897008,-14.89573,-3.0625389,-9.119017,-12.181556,5.1240736e-06
5,407,489,0.0,0.38781002,0.61219,-7.0472865,-11.078286,-2.7330084,-6.7820163,-9.515024,7.373021e-05
5,113,533,0.0,0.38781002,0.61219,-4.7275023,-13.609052,-1.8333728,-8.331326,-10.164699,3.8504437e-05
5,186,600,0.0,0.38781002,0.61219,-4.203704,-11.397837,-1.6302385,-6.9776416,-8.60788,0.00018262744
5,44,556,0.0,0.38781002,0.61219,0.23139605,-3.4979281,0.089737706,-2.1413968,-2.051659,0.113884844
5,376,380,0.0,0.38781002,0.61219,-10.407751,-21.038221,-4.03623,-12.879389,-16.915619,4.5044324e-08
5,144,345,0.0,0.38781002,0.61219,-5.862906,-17.66408,-2.2736938,-10.813773,-13.087467,2.0710202e-06
5,238,0,0.0,0.38781002,0.61219,-7.105917,-11.592403,-2.755746,-7.0967536,-9.852499,5.2612773e-05
5,257,189,0.0,0.38781002,0.61219,-3.5303314,-14.371305,-1.3690978,-8.79797,-10.167068,3.8413335e-05
5,327,443,0.0,0.38781002,0.61219,-6.007683,-20.40051,-2.3298397,-12.488989,-14.818829,3.666607e-07
5,241,334,0.0,0.38781002,0.61219,-14.489663,-21.250288,-5.6192365,-13.009214,-18.62845,8.1239415e-09
5,93,628,0.0,0.38781002,0.61219,-5.213693,-17.081799,-2.0219223,-10.457307,-12.479229,3.8048547e-06
5,240,66,0.0,0.38781002,0.61219,-4.9954534,-14.524524,-1.9372869,-8.891768,-10.829056,1.9814916e-05
5,102,297,0.0,0.38781002,0.61219,1.164855,-10.108229,0.45174244,-6.1881566,-5.736414,0.0032159416
5,391,374,0.0,0.38781002,0.61219,-2.0515864,-9.3387,-0.79562575,-5.717059,-6.512685,0.0014822884
5,58,280,0.0,0.38781002,0.61219,-0.7798079,-3.7818153,-0.30241734,-2.3151896,-2.6176069,0.06801383
5,20,224,0.0,0.38781002,0.61219,-3.953651,-15.846656,-1.5332655,-9.701164,-11.234429,1.3211239e-05
5,232,646,0.0,0.38781002,0.61219,-8.417873,-15.248094,-3.2645357,-9.33473,-12.599266,3.3744798e-06
5,222,289,0.0,0.38781002,0.61219,-8.804211,-10.526618,-3.4143612,-6.44429,-9.858651,5.2290103e-05
5,260,470,0.0,0.38781002,0.61219,4.5144544,5.2207184,1.7507507,3.1960716,4.946822,0.9929442
5,333,51,0.0,0.38781002,0.61219,-7.059098,-16.840755,-2.737589,-10.309742,-13.047331,2.155834e-06
5,400,586,0.0,0.38781002,0.61219,-5.256807,-14.982989,-2.0386424,-9.172437,-11.211079,1.3523358e-05
5,336,517,0.0,0.38781002,0.61219,-13.066695,-19.873724,-5.067395,-12.166495,-17.23389,3.2765474e-08
5,232,531,0.0,0.38781002,0.61219,-5.2329535,-10.275106,-2.0293918,-6.2903175,-8.31971,0.00024360721
5,264,165,0.0,0.38781002,0.61219,-8.931067,-15.592221,-3.4635575,-9.545403,-13.00896,2.2401628e-06
5,207,130,0.0,0.38781002,0.61219,-6.508615,-14.661517,-2.524106,-8.975635,-11.499741,1.0132619e-05
5,376,561,0.0,0.38781002,0.61219,-11.357067,-19.43591,-4.4043846,-11.89847,-16.302855,8.313046e-08
5,216,531,0.0,0.38781002,0.61219,-6.2144094,-10.882916,-2.4100103,-6.6624126,-9.072423,0.00011477489
5,180,619,0.0,0.38781002,0.61219,-4.1632624,-15.14177,-1.6145549,-9.269641,-10.884195,1.8751925e-05
5,339,218,0.0,0.38781002,0.61219,-12.696337,-19.506931,-4.9237666,-11.941949,-16.865715,4.734924e-08
5,67,307,0.0,0.38781002,0.61219,-5.7116556,-20.703112,-2.2150373,-12.674238,-14.889276,3.417194e-07
5,295,644,0.0,0.38781002,0.61219,-8.932218,-17.541574,-3.4640036,-10.738776,-14.20278,6.7890784e-07
5,109,56,0.0,0.38781002,0.61219,3.1577523,-7.0446253,1.224608,-4.3126493,-3.0880413,0.04360324
5,223,241,0.0,0.38781002,0.61219,-10.342143,-18.825552,-4.0107865,-11.524815,-15.535601,1.7904999e-07
5,4,102,0.0,0.38781002,0.61219,4.458361,1.5997912,1.7289971,0.9793762,2.7083733,0.9375189
5,286,419,0.0,0.38781002,0.61219,-12.368801,-16.672537,-4.796745,-10.20676,-15.003506,3.0483173e-07
5,96,94,0.0,0.38781002,0.61219,0.6507735,-16.455158,0.2523765,-10.073684,-9.821307,5.4279637e-05
5,97,328,0.0,0.38781002,0.61219,1.5733918,3.9241035,0.6101771,2.402297,3.012474,0.9531345
5,272,371,0.0,0.38781002,0.61219,-6.6839123,-15.837673,-2.5920882,-9.695665,-12.287754,4.607806e-06
5,213,601,0.0,0.38781002,0.61219,-8.29208,-12.892205,-3.2157516,-7.8924794,-11.108231,1.4988225e-05
5,279,616,0.0,0.38781002,0.61219,-4.7138586,-14.785077,-1.8280816,-9.051276,-10.879358,1.8842848e-05
5,281,179,0.0,0.38781002,0.61219,-5.869643,-18.469967,-2.2763064,-11.307129,-13.583435,1.2612134e-06
5,188,438,0.0,0.38781002,0.61219,-4.343304,-19.535683,-1.6843768,-11.95955,-13.643927,1.1871824e-06
5,88,198,0.0,0.38781002,0.61219,-0.47441727,-9.148271,-0.18398377,-5.60048,-5.784464,0.003065532
5,403,67,0.0,0.38781002,0.61219,-10.110361,-19.420765,-3.9208994,-11.889198,-15.810098,1.360698e-07
5,24,29,0.0,0.38781002,0.61219,1.5641718,-10.6362915,0.6066015,-6.511431,-5.90483,0.002718833
5,402,203,0.0,0.38781002,0.61219,-10.094685,-20.176134,-3.91482,-12.351627,-16.266447,8.62128e-08
5,82,157,0.0,0.38781002,0.61219,-3.5268388,-18.984566,-1.3677434,-11.622162,-12.989905,2.2832571e-06
5,78,637,0.0,0.38781002,0.61219,-4.31721,-9.675051,-1.6742574,-5.9229693,-7.5972266,0.00050158956
5,24,475,0.0,0.38781002,0.61219,0.3569945,-2.8736556,0.13844605,-1.7592232,-1.6207771,0.16509773
5,134,47,0.0,0.38781002,0.61219,-3.2633302,-15.563149,-1.2655522,-9.527605,-10.793158,2.0539142e-05
5,190,281,0.0,0.38781002,0.61219,-5.3985863,-17.912107,-2.0936258,-10.965613,-13.059239,2.1303133e-06
5,297,434,0.0,0.38781002,0.61219,-7.781122,-16.914062,-3.0175972,-10.35462,-13.372217,1.5578269e-06
5,253,636,0.0,0.38781002,0.61219,-8.1690235,-15.298966,-3.168029,-9.365874,-12.533903,3.602413e-06
5,22,332,0.0,0.38781002,0.61219,-1.4587872,-9.259035,-0.5657323,-5.6682887,-6.234021,0.001957708
5,276,457,0.0,0.38781002,0.61219,4.5827394,-16.080713,1.7772323,-9.844452,-8.06722,0.00031355573
5,298,132,0.0,0.38781002,0.61219,-4.815719,-5.7740483,-1.8675841,-3.5348146,-5.4023986,0.0044855494
5,238,90,0.0,0.38781002,0.61219,-4.399362,-17.479826,-1.7061167,-10.700974,-12.407091,4.0894697e-06
5,345,330,0.0,0.38781002,0.61219,-5.7356358,-19.380867,-2.224337,-11.864773,-14.089109,7.606365e-07
5,151,642,0.0,0.38781002,0.61219,-7.94318,-16.021662,-3.0804448,-9.808301,-12.888746,2.526315e-06
5,272,431,0.0,0.38781002,0.61219,-7.6115713,-15.494506,-2.9518437,-9.485581,-12.437426,3.967281e-06
5,336,448,0.0,0.38781002,0.61219,-9.312515,-19.797298,-3.6114867,-12.119708,-15.7311945,1.4724108e-07
5,304,255,0.0,0.38781002,0.61219,-9.079802,-10.300405,-3.521238,-6.3058047,-9.827043,5.396923e-05
5,342,318,0.0,0.38781002,0.61219,-11.363301,-19.875902,-4.406802,-12.167829,-16.57463,6.334747e-08
5,152,436,0.0,0.38781002,0.61219,-14.871821,-13.838492,-5.7674413,-8.4717865,-14.239227,6.546088e-07
5,88,421,0.0,0.38781002,0.61219,-7.1121373,-13.169074,-2.7581582,-8.0619755,-10.820133,1.9992503e-05
5,280,472,0.0,0.38781002,0.61219,-5.5169063,-19.93521,-2.1395116,-12.204136,-14.343647,5.8970255e-07
5,290,242,0.0,0.38781002,0.61219,-9.979359,-17.382433,-3.8700953,-10.641352,-14.511447,4.9860705e-07
5,126,495,0.0,0.38781002,0.61219,-7.7582316,-9.565829,-3.00872,-5.8561053,-8.864825,0.00014125179
5,376,526,0.0,0.38781002,0.61219,-12.734629,-25.070953,-4.9386168,-15.348187,-20.286804,1.5472229e-09
5,238,283,0.0,0.38781002,0.61219,-8.100466,-19.387678,-3.1414418,-11.868943,-15.0103855,3.027417e-07
5,245,23,0.0,0.38781002,0.61219,-5.85745,-23.932133,-2.2715778,-14.651012,-16.92259,4.4731394e-08
5,44,546,0.0,0.38781002,0.61219,1.2922392,-15.212526,0.50114334,-9.312957,-8.811813,0.0001489407
5,221,640,0.0,0.38781002,0.61219,-8.528839,-16.251873,-3.3075693,-9.949234,-13.2568035,1.7484073e-06
5,230,90,0.0,0.38781002,0.61219,-4.437647,-22.054277,-1.720964,-13.501409,-15.222372,2.4491067e-07
5,410,187,0.0,0.38781002,0.61219,-4.1731334,-17.68942,-1.6183829,-10.829287,-12.44767,3.926846e-06
5,177,565,0.0,0.38781002,0.61219,-3.648018,-17.434492,-1.4147379,-10.673222,-12.087959,5.626827e-06
5,363,68,0.0,0.38781002,0.61219,-11.765072,-14.924411,-4.562613,-9.136575,-13.699188,1.1233566e-06
5,409,318,0.0,0.38781002,0.61219,-0.8963339,-23.123585,-0.34760725,-14.156028,-14.503635,5.0251725e-07
5,319,478,0.0,0.38781002,0.61219,-8.454754,-20.618433,-3.2788384,-12.622398,-15.901237,1.242169e-07
5,230,283,0.0,0.38781002,0.61219,-10.220037,-16.760769,-3.963433,-10.260776,-14.224209,6.6451423e-07
5,301,160,0.0,0.38781002,0.61219,-7.948766,-17.18913,-3.0826113,-10.523014,-13.605625,1.2335352e-06
5,142,547,0.0,0.38781002,0.61219,-6.3679676,-7.6629586,-2.4695616,-4.691187,-7.1607485,0.00077587063
5,10,262,0.0,0.38781002,0.61219,-0.44553295,-4.3559647,-0.17278214,-2.666678,-2.8394601,0.055228703
5,44,286,0.0,0.38781002,0.61219,-1.3333436,-1.4576336,-0.517084,-0.8923487,-1.4094326,0.19632356
5,322,550,0.0,0.38781002,0.61219,-10.865897,-19.9695,-4.213904,-12.225128,-16.439032,7.254697e-08
5,32,232,0.0,0.38781002,0.61219,-1.2837353,-11.834752,-0.4978454,-7.245117,-7.742963,0.00043359635
5,126,483,0.0,0.38781002,0.61219,-5.135818,-6.2001905,-1.9917217,-3.7956946,-5.7874165,0.003056522
5,327,244,0.0,0.38781002,0.61219,-10.678175,-23.27097,-4.1411033,-14.246255,-18.387358,1.03388444e-08
5,46,346,0.0,0.38781002,0.61219,-1.9685965,-17.869253,-0.76344144,-10.939378,-11.702819,8.270405e-06
5,352,263,0.0,0.38781002,0.61219,-5.0557036,-11.420141,-1.9606526,-6.9912963,-8.951949,0.00012946776
5,327,398,0.0,0.38781002,0.61219,-8.3480425,-18.969734,-3.2374547,-11.613082,-14.850536,3.5521708e-07
5,210,612,0.0,0.38781002,0.61219,-8.465241,-9.100708,-3.2829056,-5.5713625,-8.854268,0.0001427507
5,116,176,0.0,0.38781002,0.61219,-6.9059296,-18.681509,-2.6781888,-11.436633,-14.114822,7.4132765e-07
5,145,468,0.0,0.38781002,0.61219,-7.3588405,-4.8928947,-2.853832,-2.9953814,-5.8492136,0.0028738817
5,204,197,0.0,0.38781002,0.61219,-1.0216942,-6.844994,-0.39622325,-4.190437,-4.58666,0.010084101
5,109,107,0.0,0.38781002,0.61219,3.347515,1.0584946,1.2981999,0.6479998,1.9461997,0.87503165
5,284,284,0.0,0.38781002,0.61219,-8.185234,-19.590765,-3.1743157,-11.993271,-15.167586,2.587026e-07
5,160,608,0.0,0.38781002,0.61219,-5.035399,-10.637095,-1.9527782,-6.5119233,-8.464702,0.0002107343
5,311,295,0.0,0.38781002,0.61219,-10.754995,-18.542505,-4.170895,-11.351537,-15.522432,1.8142337e-07
5,247,42,0.0,0.38781002,0.61219,-4.407163,-13.664552,-1.7091421,-8.365302,-10.074444,4.214115e-05
5,362,28,0.0,0.38781002,0.61219,-6.661694,-7.4250984,-2.5834718,-4.545571,-7.1290426,0.00080084446
5,155,17,0.0,0.38781002,0.61219,-2.9568036,-6.2283554,-1.1466781,-3.812937,-4.959615,0.0069667506
5,243,619,0.0,0.38781002,0.61219,-7.662335,-17.473963,-2.9715302,-10.697386,-13.668916,1.1578834e-06
5,166,231,0.0,0.38781002,0.61219,-8.628054,-17.01228,-3.3460457,-10.414747,-13.760793,1.0562414e-06
5,389,630,0.0,0.38781002,0.61219,-2.1085205,-17.278631,-0.8177054,-10.5778055,-11.395511,1.1245732e-05
5,313,211,0.0,0.38781002,0.61219,-4.6586413,-11.7762985,-1.8066678,-7.2093325,-9.016001,0.00012143612
5,61,471,0.0,0.38781002,0.61219,-6.9032216,-10.959665,-2.6771386,-6.709398,-9.386537,8.383831e-05
5,54,428,0.0,0.38781002,0.61219,-4.7347813,-17.719782,-1.8361956,-10.847874,-12.68407,3.1001107e-06
5,59,82,0.0,0.38781002,0.61219,-3.6980019,-1.0370921,-1.4341222,-0.6348974,-2.0690196,0.11214463
5,372,504,0.0,0.38781002,0.61219,-0.66291153,-8.02073,-0.25708374,-4.9102106,-5.1672945,0.005667664
5,294,340,0.0,0.38781002,0.61219,-3.024199,-20.26216,-1.1728147,-12.404291,-13.5771055,1.2692216e-06
5,153,587,0.0,0.38781002,0.61219,-10.342333,-16.966871,-4.0108604,-10.386949,-14.397809,5.586126e-07
5,251,635,0.0,0.38781002,0.61219,-9.185085,-21.32321,-3.5620682,-13.053856,-16.615925,6.078487e-08
5,58,257,0.0,0.38781002,0.61219,-5.8164577,-4.5319953,-2.2556806,-2.7744422,-5.0301228,0.00649554
5,153,374,0.0,0.38781002,0.61219,-6.793823,-10.975741,-2.6347125,-6.719239,-9.353951,8.661496e-05
5,64,568,0.0,0.38781002,0.61219,-11.646686,-17.41555,-4.516701,-10.661626,-15.178328,2.5593872e-07
5,208,0,0.0,0.38781002,0.61219,-2.674757,-12.496493,-1.0372976,-7.6502285,-8.687526,0.0001686484
5,81,212,0.0,0.38781002,0.61219,-0.92756164,-13.266925,-0.3597177,-8.121879,-8.481596,0.00020720474
5,199,34,0.0,0.38781002,0.61219,-11.236784,-19.210161,-4.3577375,-11.760269,-16.118008,1.0000879e-07
5,249,130,0.0,0.38781002,0.61219,-12.74314,-9.436424,-4.9419174,-5.7768846,-10.7188015,2.2124528e-05
5,278,547,0.0,0.38781002,0.61219,-2.6848085,-17.70664,-1.0411956,-10.8398285,-11.881024,6.9204393e-06
5,8,163,0.0,0.38781002,0.61219,0.7134993,0.9888488,0.2767022,0.60536337,0.88206553,0.70725006
5,146,521,0.0,0.38781002,0.61219,-4.957828,-5.873282,-1.9226954,-3.5955646,-5.51826,0.0039967857
5,412,241,0.0,0.38781002,0.61219,-10.17511,-18.270132,-3.9460096,-11.1847925,-15.130802,2.6839598e-07
5,314,548,0.0,0.38781002,0.61219,-5.5059743,-19.518436,-2.135272,-11.948992,-14.084264,7.643313e-07
5,106,296,0.0,0.38781002,0.61219,-3.05775,-4.0035577,-1.1858261,-2.450938,-3.636764,0.025661573
5,295,49,0.0,0.38781002,0.61219,-11.853462,-15.494942,-4.5968914,-9.485848,-14.08274,7.6549696e-07
5,381,580,0.0,0.38781002,0.61219,-13.877572,-19.35316,-5.3818617,-11.847812,-17.229673,3.2903937e-08
5,103,396,0.0,0.38781002,0.61219,-1.2932441,-7.9280043,-0.50153303,-4.853445,-5.354978,0.004702356
5,383,575,0.0,0.38781002,0.61219,-11.604091,-23.31648,-4.5001826,-14.2741165,-18.7743,7.021425e-09
5,298,207,0.0,0.38781002,0.61219,-8.310807,-17.972328,-3.2230144,-11.00248,-14.225494,6.636605e-07
5,51,132,0.0,0.38781002,0.61219,-1.9027244,-7.9469633,-0.7378956,-4.8650517,-5.602947,0.0036734375
5,67,512,0.0,0.38781002,0.61219,-4.143643,-6.205123,-1.6069462,-3.7987142,-5.4056606,0.004471007
5,220,268,0.0,0.38781002,0.61219,-12.25383,-14.60464,-4.752158,-8.940815,-13.692973,1.1303601e-06
5,14,643,0.0,0.38781002,0.61219,2.2132735,4.293684,0.85832965,2.6285505,3.4868803,0.9703122
5,370,99,0.0,0.38781002,0.61219,-3.3591163,-5.575138,-1.302699,-3.4130437,-4.7157426,0.008873766
5,65,66,0.0,0.38781002,0.61219,-5.4929333,-15.860203,-2.1302145,-9.709457,-11.839672,7.2126127e-06
5,383,553,0.0,0.38781002,0.61219,-7.057922,-17.977266,-2.7371328,-11.005503,-13.742636,1.0755947e-06
5,144,635,0.0,0.38781002,0.61219,-5.355734,-13.055505,-2.0770073,-7.9924498,-10.069457,4.2351807e-05
5,169,279,0.0,0.38781002,0.61219,-3.0655575,-20.586512,-1.1888539,-12.602857,-13.791711,1.0240841e-06
5,244,29,0.0,0.38781002,0.61219,-7.651216,-5.41224,-2.9672182,-3.3133192,-6.2805376,0.0018688943
5,146,278,0.0,0.38781002,0.61219,-0.14262092,-8.637231,-0.05530982,-5.2876263,-5.342936,0.0047590537
5,301,177,0.0,0.38781002,0.61219,-10.976884,-22.239164,-4.2569456,-13.614594,-17.87154,1.731764e-08
5,179,155,0.0,0.38781002,0.61219,-0.055383854,-6.1354485,-0.021478413,-3.7560601,-3.7775385,0.022367202
5,147,391,0.0,0.38781002,0.61219,-6.2442703,-20.571363,-2.4215906,-12.593583,-15.015174,3.0129553e-07
5,155,591,0.0,0.38781002,0.61219,-6.50448,-18.33625,-2.5225024,-11.225269,-13.747772,1.0700841e-06
5,31,71,0.0,0.38781002,0.61219,0.98081994,-8.962066,0.3803718,-5.486487,-5.1061153,0.006023079
5,260,643,0.0,0.38781002,0.61219,-5.7634954,-13.763278,-2.2351413,-8.425741,-10.660883,2.3443756e-05
5,195,398,0.0,0.38781002,0.61219,-6.6564026,-15.927161,-2.5814197,-9.750449,-12.331869,4.408952e-06
5,65,479,0.0,0.38781002,0.61219,-4.157335,-16.066229,-1.612256,-9.835585,-11.447841,1.0672381e-05
5,7,460,0.0,0.38781002,0.61219,-1.3024018,-0.028714612,-0.50508446,-0.0175788,-0.52266324,0.3722297
5,405,393,0.0,0.38781002,0.61219,-6.579051,-14.019374,-2.5514219,-8.5825205,-11.133943,1.4607766e-05
5,86,56,0.0,0.38781002,0.61219,-0.9344151,-16.590376,-0.36237553,-10.156463,-10.518838,2.7021846e-05
5,140,50,0.0,0.38781002,0.61219,-8.969023,-13.447609,-3.478277,-8.2324915,-11.710769,8.204917e-06
5,52,377,0.0,0.38781002,0.61219,-2.911806,-8.61356,-1.1292276,-5.273135,-6.402363,0.0016548927
5,34,563,0.0,0.38781002,0.61219,-3.2021809,-8.210751,-1.2418379,-5.0265393,-6.2683773,0.0018917164
5,302,312,0.0,0.38781002,0.61219,-5.7371182,-16.805513,-2.224912,-10.288167,-12.513079,3.6782171e-06
5,29,592,0.0,0.38781002,0.61219,-2.1753604,-13.918673,-0.84362656,-8.520872,-9.364499,8.570625e-05
5,7,509,0.0,0.38781002,0.61219,-1.4868267,0.26789647,-0.5766063,0.16400355,-0.41260272,0.3982882
5,60,617,0.0,0.38781002,0.61219,-8.588104,-6.4523964,-3.3305528,-3.9500926,-7.2806454,0.00068826694
5,24,30,0.0,0.38781002,0.61219,-1.10653,-6.318947,-0.4291234,-3.868396,-4.2975197,0.013419716
5,292,463,0.0,0.38781002,0.61219,-4.210701,-20.322472,-1.6329521,-12.441214,-14.074165,7.720889e-07
5,330,112,0.0,0.38781002,0.61219,-8.503393,-22.5208,-3.2977011,-13.787008,-17.08471,3.8036895e-08
5,195,254,0.0,0.38781002,0.61219,-8.067023,-14.286062,-3.1284726,-8.745785,-11.874257,6.967431e-06
5,350,97,0.0,0.38781002,0.61219,-4.4155374,-15.960631,-1.7123896,-9.770939,-11.483329,1.0300284e-05
5,177,221,0.0,0.38781002,0.61219,-1.8920126,-14.389668,-0.73374146,-8.809212,-9.5429535,7.169961e-05
5,174,254,0.0,0.38781002,0.61219,-2.1594243,-13.496345,-0.8374464,-8.262327,-9.099773,0.000111678644
5,282,65,0.0,0.38781002,0.61219,-0.17364854,-19.165236,-0.06734264,-11.732766,-11.800109,7.5036846e-06
5,32,435,0.0,0.38781002,0.61219,-0.94823784,-13.974421,-0.36773613,-8.555,-8.922736,0.00013330518
5,270,530,0.0,0.38781002,0.61219,-9.091011,-14.232995,-3.5255852,-8.713297,-12.238882,4.8385914e-06
5,143,629,0.0,0.38781002,0.61219,-5.2678466,-16.70113,-2.0429237,-10.224265,-12.267189,4.7035464e-06
5,143,479,0.0,0.38781002,0.61219,-4.6484556,-16.613043,-1.8027177,-10.170339,-11.973057,6.311968e-06
5,346,633,0.0,0.38781002,0.61219,-7.900135,-16.649088,-3.0637515,-10.192406,-13.256157,1.7495383e-06
5,333,117,0.0,0.38781002,0.61219,-4.1700463,-7.790682,-1.6171857,-4.7693777,-6.3865633,0.0016812026
5,92,614,0.0,0.38781002,0.61219,-7.1173244,-19.873684,-2.7601697,-12.166471,-14.9266405,3.291867e-07
5,14,468,0.0,0.38781002,0.61219,0.2436162,-6.7174273,0.094476804,-4.112342,-4.017865,0.017673366
5,318,314,0.0,0.38781002,0.61219,1.3739265,-20.313824,0.5328225,-12.43592,-11.903097,6.76936e-06
5,134,307,0.0,0.38781002,0.61219,-6.7265778,-9.798469,-2.6086342,-5.9985247,-8.607159,0.00018275915
5,157,249,0.0,0.38781002,0.61219,-14.231892,-20.373669,-5.5192704,-12.472556,-17.991827,1.5354964e-08
5,166,397,0.0,0.38781002,0.61219,-4.054563,-11.101882,-1.5724002,-6.796461,-8.368861,0.00023192579
5,53,217,0.0,0.38781002,0.61219,-8.797777,-13.785297,-3.4118662,-8.439221,-11.851088,7.130746e-06
5,118,588,0.0,0.38781002,0.61219,-3.0351481,-1.3286289,-1.1770608,-0.8133733,-1.9904342,0.12021093
5,192,592,0.0,0.38781002,0.61219,-2.664485,-13.216826,-1.033314,-8.091209,-9.124523,0.000108948836
5,195,424,0.0,0.38781002,0.61219,-1.8470478,-5.2161617,-0.71630365,-3.1932821,-3.9095857,0.01965475
5,82,116,0.0,0.38781002,0.61219,-2.3953836,-6.192579,-0.92895377,-3.791035,-4.719989,0.008836498
5,356,351,0.0,0.38781002,0.61219,-7.6749635,-18.26474,-2.9764278,-11.181491,-14.157919,7.1005763e-07
5,57,76,0.0,0.38781002,0.61219,-0.5482932,-23.85196,-0.21263358,-14.601932,-14.814565,3.6822743e-07
5,141,259,0.0,0.38781002,0.61219,-6.5525575,-8.674892,-2.5411475,-5.3106823,-7.8518295,0.00038888823
5,320,140,0.0,0.38781002,0.61219,-8.439745,-21.875963,-3.2730176,-13.392246,-16.665264,5.785857e-08
5,36,191,0.0,0.38781002,0.61219,-1.928004,-17.91226,-0.74769926,-10.965707,-11.713406,8.1833105e-06
5,211,410,0.0,0.38781002,0.61219,-5.3485494,-15.390233,-2.0742211,-9.421747,-11.495968,1.0170918e-05
5,141,267,0.0,0.38781002,0.61219,3.5830283,-2.6927981,1.3895342,-1.6485041,-0.2589699,0.43561697
5,377,456,0.0,0.38781002,0.61219,-8.265246,-18.955988,-3.2053454,-11.604667,-14.810012,3.6990772e-07
5,76,82,0.0,0.38781002,0.61219,-1.6677002,-10.1173935,-0.64675087,-6.193767,-6.840518,0.0010684065
5,206,88,0.0,0.38781002,0.61219,0.297616,-8.487796,0.11541847,-5.1961436,-5.080725,0.0061770077
5,172,180,0.0,0.38781002,0.61219,-5.54762,-6.5051727,-2.1514225,-3.9824018,-6.1338243,0.0021635816
5,70,413,0.0,0.38781002,0.61219,-5.5958667,-9.925338,-2.170133,-6.076193,-8.246326,0.00026215133
5,123,83,0.0,0.38781002,0.61219,-0.9072834,-9.819535,-0.3518536,-6.011421,-6.3632746,0.0017207471
5,409,109,0.0,0.38781002,0.61219,-1.5406023,-13.201153,-0.59746104,-8.081614,-8.679074,0.00017007953
5,388,601,0.0,0.38781002,0.61219,-4.1904054,-13.574185,-1.6250812,-8.30998,-9.935061,4.844362e-05
5,290,85,0.0,0.38781002,0.61219,-8.23667,-11.42161,-3.194263,-6.9921956,-10.186459,3.767566e-05
5,276,421,0.0,0.38781002,0.61219,-3.0275402,-18.42032,-1.1741104,-11.276736,-12.450847,3.914392e-06
5,117,313,0.0,0.38781002,0.61219,-5.3482404,-7.295062,-2.0741012,-4.4659643,-6.540066,0.0014423103
5,78,445,0.0,0.38781002,0.61219,-6.6830783,-4.4357367,-2.5917647,-2.7155137,-5.3072786,0.004930959
5,251,160,0.0,0.38781002,0.61219,-0.5422428,-9.453027,-0.2102872,-5.7870483,-5.9973354,0.002479204
5,384,409,0.0,0.38781002,0.61219,-6.3616233,-17.332815,-2.4671013,-10.610976,-13.078077,2.0905584e-06
5,28,432,0.0,0.38781002,0.61219,1.4126401,1.0991226,0.547836,0.6728719,1.2207079,0.77218807
5,378,517,0.0,0.38781002,0.61219,-6.8455586,-14.136569,-2.6547763,-8.654266,-11.309043,1.226139e-05
5,215,282,0.0,0.38781002,0.61219,-3.1605582,-7.294592,-1.2256962,-4.4656763,-5.6913724,0.0033636058
5,333,576,0.0,0.38781002,0.61219,-9.901155,-21.668234,-3.8397672,-13.265077,-17.104843,3.727872e-08
5,163,512,0.0,0.38781002,0.61219,-7.3910604,-12.696418,-2.8663273,-7.77262,-10.6389475,2.3963674e-05
5,157,641,0.0,0.38781002,0.61219,-11.779753,-17.680788,-4.568306,-10.824001,-15.392307,2.066359e-07
5,186,319,0.0,0.38781002,0.61219,-0.7126426,-4.1882353,-0.27636996,-2.5639958,-2.840366,0.055181455
5,304,164,0.0,0.38781002,0.61219,-9.285896,-18.382017,-3.6011636,-11.253287,-14.854451,3.538292e-07
5,267,82,0.0,0.38781002,0.61219,-16.295948,-14.724507,-6.319732,-9.014196,-15.333929,2.1905801e-07
5,404,425,0.0,0.38781002,0.61219,-11.147835,-15.8529215,-4.323242,-9.705,-14.028242,8.083724e-07
5,272,295,0.0,0.38781002,0.61219,-5.0740104,-11.621686,-1.9677521,-7.11468,-9.082432,0.000113632
5,385,162,0.0,0.38781002,0.61219,-4.0744967,-14.021019,-1.5801307,-8.583528,-10.163658,3.854452e-05
5,311,527,0.0,0.38781002,0.61219,-13.52438,-24.120552,-5.24489,-14.766361,-20.011251,2.0380928e-09
5,330,620,0.0,0.38781002,0.61219,-6.73447,-20.01645,-2.6116948,-12.253871,-14.865566,3.499181e-07
5,403,55,0.0,0.38781002,0.61219,-3.3776128,-16.467428,-1.3098722,-10.081195,-11.3910675,1.1295809e-05
5,154,119,0.0,0.38781002,0.61219,-4.8206725,-18.032352,-1.8695052,-11.039226,-12.9087305,2.4763299e-06
5,151,91,0.0,0.38781002,0.61219,-2.901038,-15.26085,-1.1250516,-9.34254,-10.467591,2.844268e-05
5,332,312,0.0,0.38781002,0.61219,-5.7994475,-16.345404,-2.2490838,-10.006493,-12.255576,4.7584863e-06
5,297,268,0.0,0.38781002,0.61219,-11.288969,-17.1879,-4.3779755,-10.522261,-14.900236,3.3799438e-07
5,108,455,0.0,0.38781002,0.61219,-6.67381,-13.96148,-2.5881703,-8.547079,-11.135249,1.4588693e-05
5,111,444,0.0,0.38781002,0.61219,-2.084247,-14.341443,-0.8082919,-8.779688,-9.58798,6.854303e-05
5,207,547,0.0,0.38781002,0.61219,-4.5753202,-13.503705,-1.774355,-8.266833,-10.041188,4.3566073e-05
5,303,64,0.0,0.38781002,0.61219,-12.468972,-14.933372,-4.8355923,-9.142061,-13.9776535,8.503189e-07
5,400,329,0.0,0.38781002,0.61219,-2.0001183,-17.078098,-0.7756659,-10.455041,-11.230707,1.32605055e-05
5,197,145,0.0,0.38781002,0.61219,-7.0565286,-17.36837,-2.7365925,-10.632743,-13.369335,1.5623231e-06
5,336,231,0.0,0.38781002,0.61219,-10.791077,-19.48485,-4.184888,-11.928431,-16.11332,1.0047875e-07
5,215,618,0.0,0.38781002,0.61219,-8.13333,-20.016653,-3.154187,-12.253995,-15.408182,2.033815e-07
5,175,115,0.0,0.38781002,0.61219,-6.2141833,-2.8260176,-2.4099226,-1.7300597,-4.139982,0.015673563
5,155,244,0.0,0.38781002,0.61219,-10.110884,-20.824375,-3.921102,-12.748474,-16.669577,5.7609594e-08
5,367,101,0.0,0.38781002,0.61219,-0.66503906,-11.821956,-0.25790882,-7.237283,-7.495192,0.0005554413
5,204,479,0.0,0.38781002,0.61219,-4.129621,-13.073643,-1.6015084,-8.003553,-9.605062,6.738225e-05
5,48,430,0.0,0.38781002,0.61219,-10.225421,-11.585394,-3.9655206,-7.0924625,-11.057983,1.5760572e-05
5,246,285,0.0,0.38781002,0.61219,-7.927638,-19.025526,-3.0744176,-11.647237,-14.721655,4.0407906e-07
5,89,20,0.0,0.38781002,0.61219,-3.8755865,-13.564623,-1.5029913,-8.304127,-9.807118,5.5055243e-05
5,2,602,0.0,0.38781002,0.61219,-5.729977,-11.79825,-2.2221425,-7.2227707,-9.444913,7.9084624e-05
5,8,219,0.0,0.38781002,0.61219,1.1891906,-0.12200676,0.46118003,-0.07469132,0.3864887,0.59543717
5,324,167,0.0,0.38781002,0.61219,-5.8198333,-22.43204,-2.2569897,-13.73267,-15.989659,1.137049e-07
5,258,309,0.0,0.38781002,0.61219,-3.0510657,-6.8013506,-1.1832339,-4.1637187,-5.3469524,0.0047400678
5,98,209,0.0,0.38781002,0.61219,-4.708671,-16.76621,-1.8260698,-10.264107,-12.090177,5.614364e-06
5,53,253,0.0,0.38781002,0.61219,-5.697517,-7.5388284,-2.2095542,-4.6151953,-6.8247495,0.0010853688
5,290,143,0.0,0.38781002,0.61219,-6.731985,-11.3377695,-2.6107314,-6.9408693,-9.5516,7.1082344e-05
5,299,415,0.0,0.38781002,0.61219,-8.073574,-8.146428,-3.131013,-4.987162,-8.1181755,0.00029798318
5,5,284,0.0,0.38781002,0.61219,-4.533129,-10.096138,-1.757993,-6.1807547,-7.9387474,0.0003565258
5,134,462,0.0,0.38781002,0.61219,-1.579176,-10.016828,-0.61242026,-6.1322017,-6.7446218,0.0011758098
5,225,328,0.0,0.38781002,0.61219,-1.1187468,-2.3364165,-0.4338612,-1.4303309,-1.864192,0.13421519
5,169,95,0.0,0.38781002,0.61219,-3.9205124,-18.316671,-1.520414,-11.213284,-12.733698,2.9500136e-06
5,377,413,0.0,0.38781002,0.61219,-6.1194816,-16.843355,-2.3731964,-10.311334,-12.68453,3.098683e-06
5,363,100,0.0,0.38781002,0.61219,-5.310925,-12.645413,-2.05963,-7.741396,-9.801025,5.53917e-05
5,305,214,0.0,0.38781002,0.61219,-7.0443373,-11.375417,-2.7318647,-6.9639163,-9.695781,6.153883e-05
5,140,35,0.0,0.38781002,0.61219,-7.4768724,-18.680075,-2.899606,-11.435755,-14.335361,5.946094e-07
5,374,109,0.0,0.38781002,0.61219,1.2675846,-8.310572,0.491582,-5.087649,-4.596067,0.009990628
5,203,292,0.0,0.38781002,0.61219,0.49506512,-16.244795,0.19199121,-9.944901,-9.752911,5.812186e-05
5,42,45,0.0,0.38781002,0.61219,-2.4530568,-11.36663,-0.95132,-6.958537,-7.9098573,0.0003669723
5,29,248,0.0,0.38781002,0.61219,-1.5496948,-12.559014,-0.60098714,-7.6885033,-8.289491,0.0002510793
5,90,159,0.0,0.38781002,0.61219,-4.746918,-17.299023,-1.8409024,-10.590289,-12.431191,3.992091e-06
5,198,636,0.0,0.38781002,0.61219,-6.694901,-17.090206,-2.5963497,-10.462454,-13.058804,2.131242e-06
5,64,86,0.0,0.38781002,0.61219,-4.0156794,-6.428878,-1.5573207,-3.9356947,-5.4930153,0.004098549
5,119,401,0.0,0.38781002,0.61219,-6.195164,-20.263575,-2.402547,-12.405158,-14.807705,3.7076208e-07
5,255,536,0.0,0.38781002,0.61219,-5.1483674,-15.425725,-1.9965885,-9.443475,-11.440063,1.0755705e-05
5,220,596,0.0,0.38781002,0.61219,-7.18925,-13.856706,-2.7880633,-8.482937,-11.271,1.2736832e-05
5,323,90,0.0,0.38781002,0.61219,-8.020095,-22.68503,-3.1102731,-13.887548,-16.997822,4.1489653e-08
5,411,204,0.0,0.38781002,0.61219,-11.969114,-20.432976,-4.6417427,-12.508863,-17.150606,3.561118e-08
5,239,625,0.0,0.38781002,0.61219,-8.656325,-19.624153,-3.3570096,-12.01371,-15.37072,2.1114512e-07
5,123,288,0.0,0.38781002,0.61219,-6.605589,-13.504445,-2.5617137,-8.267286,-10.829,1.981601e-05
5,46,151,0.0,0.38781002,0.61219,-3.5301201,-9.735532,-1.3690159,-5.9599953,-7.329011,0.00065579196
5,35,219,0.0,0.38781002,0.61219,-0.37585664,-8.056869,-0.14576097,-4.9323344,-5.0780954,0.006193172
5,20,7,0.0,0.38781002,0.61219,-6.0173817,-19.20704,-2.333601,-11.758358,-14.091959,7.5847214e-07
5,324,605,0.0,0.38781002,0.61219,-7.125691,-20.466158,-2.7634144,-12.529178,-15.292592,2.2830297e-07
5,85,324,0.0,0.38781002,0.61219,-0.07833887,-4.1045837,-0.0303806,-2.5127852,-2.5431657,0.07288696
5,88,108,0.0,0.38781002,0.61219,-4.9721303,-16.606901,-1.928242,-10.166579,-12.094821,5.5883497e-06
5,167,10,0.0,0.38781002,0.61219,-7.2954903,-12.442201,-2.8292642,-7.616991,-10.446255,2.9056051e-05
5,234,111,0.0,0.38781002,0.61219,-4.56846,-11.861429,-1.7716945,-7.2614484,-9.033143,0.0001193724
5,60,371,0.0,0.38781002,0.61219,-0.8753631,-11.597568,-0.3394746,-7.099915,-7.4393897,0.0005872986
5,313,401,0.0,0.38781002,0.61219,-4.7494125,-20.808321,-1.8418698,-12.7386465,-14.580517,4.6533083e-07
5,50,203,0.0,0.38781002,0.61219,-7.630811,-18.548735,-2.959305,-11.3553505,-14.314655,6.0704923e-07
5,100,143,0.0,0.38781002,0.61219,-6.505611,-7.0406256,-2.522941,-4.3102007,-6.833142,0.001076308
5,54,20,0.0,0.38781002,0.61219,-3.361464,-21.411367,-1.3036095,-13.107825,-14.411435,5.510525e-07
5,376,392,0.0,0.38781002,0.61219,-9.297575,-10.215123,-3.6056929,-6.2535963,-9.859289,5.2256757e-05
5,121,98,0.0,0.38781002,0.61219,-4.4487786,-3.3186371,-1.7252809,-2.0316365,-3.7569175,0.022822589
5,265,450,0.0,0.38781002,0.61219,-14.821709,-12.135369,-5.7480073,-7.429152,-13.177159,1.8933529e-06
5,152,159,0.0,0.38781002,0.61219,-12.993542,-21.014423,-5.039026,-12.8648205,-17.903847,1.6767109e-08
5,202,26,0.0,0.38781002,0.61219,-5.001512,-10.49306,-1.9396365,-6.4237466,-8.363383,0.00023319945
5,98,511,0.0,0.38781002,0.61219,-7.857882,-13.179954,-3.0473654,-8.068636,-11.116001,1.4872212e-05
5,141,263,0.0,0.38781002,0.61219,2.3996572,-0.57275087,0.93061113,-0.35063237,0.57997876,0.6410625
5,99,253,0.0,0.38781002,0.61219,-1.0932314,-17.881735,-0.4239661,-10.94702,-11.370986,1.1524937e-05
5,366,636,0.0,0.38781002,0.61219,-5.902802,-19.604982,-2.2891657,-12.001974,-14.29114,6.2149354e-07
5,126,122,0.0,0.38781002,0.61219,-1.4312936,-6.286458,-0.55507,-3.8485067,-4.403577,0.012085654
5,296,114,0.0,0.38781002,0.61219,-8.19975,-12.415886,-3.1799452,-7.600881,-10.780827,2.0793972e-05
