fold,epoch,local_weight,global_weight,train_loss,val_auc,val_aupr,learning_rate,is_best_epoch
1,1,0.5000100135803223,0.4999900162220001,1.949155569076538,0.5367019628099173,0.5423240824119349,4e-05,False
1,2,0.5000298619270325,0.4999701678752899,1.9348504543304443,0.5618181818181818,0.5687164841862853,6e-05,False
1,3,0.5000596642494202,0.49994030594825745,1.9117008447647095,0.5915960743801653,0.598134928896931,8e-05,False
1,4,0.5000997185707092,0.49990028142929077,1.876410722732544,0.6194860537190083,0.6265981866508598,0.0001,False
1,5,0.5001494884490967,0.4998505413532257,1.8331760168075562,0.6435872933884297,0.6519240528770767,0.00012,False
1,6,0.5001961588859558,0.4998038411140442,1.793269157409668,0.6616322314049587,0.6725274538127273,0.00014000000000000001,False
1,7,0.500234842300415,0.4997651278972626,1.7502334117889404,0.6737939049586776,0.6869778642462021,0.00016,False
1,8,0.5002471804618835,0.49975284934043884,1.7148528099060059,0.6818801652892562,0.6977167845932423,0.00017999999999999998,False
1,9,0.5002392530441284,0.4997607171535492,1.6838371753692627,0.6873243801652893,0.7068632125720107,0.0002,False
1,10,0.5002067685127258,0.4997931718826294,1.6529414653778076,0.6928822314049586,0.715341715242942,0.00022,False
1,11,0.5001474618911743,0.49985256791114807,1.625734806060791,0.6975878099173554,0.7217084591696953,0.00024,False
1,12,0.5000654458999634,0.49993452429771423,1.6052271127700806,0.70286673553719,0.7272482376736031,0.00026000000000000003,False
1,13,0.4999638497829437,0.5000361800193787,1.575638771057129,0.7084400826446281,0.7344355767354721,0.00028000000000000003,False
1,14,0.49984413385391235,0.5001558661460876,1.5527979135513306,0.7157128099173553,0.742682654503599,0.0003,False
1,15,0.4997071921825409,0.5002928376197815,1.5331584215164185,0.7230630165289256,0.7513327687153387,0.00032,False
1,16,0.499553382396698,0.500446617603302,1.5101256370544434,0.7314462809917355,0.7597167862891911,0.00034,False
1,17,0.4993833601474762,0.5006166696548462,1.4843144416809082,0.740914256198347,0.769030162274851,0.00035999999999999997,False
1,18,0.49919745326042175,0.5008025765419006,1.4704161882400513,0.7513223140495868,0.7787665841109275,0.00038,False
1,19,0.4989962577819824,0.5010037422180176,1.4439036846160889,0.7617665289256198,0.7881194353291652,0.0004,False
1,20,0.4987800419330597,0.5012199282646179,1.4225224256515503,0.7720919421487603,0.7961155161692892,0.00042,False
1,21,0.4985477328300476,0.5014522671699524,1.396996021270752,0.7810847107438017,0.8018932472452335,0.00044,False
1,22,0.4982995390892029,0.5017004609107971,1.371597170829773,0.7896022727272727,0.8071944166831593,0.00046,False
1,23,0.49803468585014343,0.5019652843475342,1.347425937652588,0.7981146694214877,0.8134579971676575,0.00048,False
1,24,0.4977540075778961,0.5022460222244263,1.3189680576324463,0.8057851239669421,0.8173875179707695,0.0005,False
1,25,0.4974564015865326,0.5025436282157898,1.2924480438232422,0.8134814049586776,0.8227807271160358,0.0005200000000000001,False
1,26,0.49714142084121704,0.5028586387634277,1.2667502164840698,0.821301652892562,0.8260071010559666,0.00054,False
1,27,0.49680885672569275,0.5031911730766296,1.253135323524475,0.8306456611570248,0.8321762168687457,0.0005600000000000001,False
1,28,0.4964585602283478,0.5035414099693298,1.2311903238296509,0.8389927685950413,0.8379190082333532,0.00058,False
1,29,0.4960903525352478,0.5039096474647522,1.20963716506958,0.847603305785124,0.8456199814285774,0.0006,False
1,30,0.49570396542549133,0.504296064376831,1.1865280866622925,0.8555785123966942,0.8508458690648648,0.00062,False
1,31,0.4952991008758545,0.5047009587287903,1.1657921075820923,0.8644576446280992,0.8582939146172679,0.00064,False
1,32,0.49487626552581787,0.5051237344741821,1.1496950387954712,0.8729752066115702,0.8664662929982248,0.00066,False
1,33,0.4944365322589874,0.505563497543335,1.1373722553253174,0.881353305785124,0.8730957862788143,0.00068,False
1,34,0.4939785897731781,0.5060213804244995,1.1167606115341187,0.8891064049586777,0.8787009375290213,0.0007,False
1,35,0.49350300431251526,0.5064970254898071,1.094947338104248,0.894659090909091,0.8832484454769494,0.0007199999999999999,False
1,36,0.49300986528396606,0.5069901347160339,1.0806019306182861,0.8991115702479338,0.8871057889991045,0.00074,False
1,37,0.49249985814094543,0.507500171661377,1.0622196197509766,0.9017200413223142,0.8898673018473697,0.00076,False
1,38,0.49197202920913696,0.508027970790863,1.0481281280517578,0.9033832644628099,0.8921153526708756,0.0007800000000000001,False
1,39,0.4914258122444153,0.5085741877555847,1.0360338687896729,0.904478305785124,0.8951753297191825,0.0008,False
1,40,0.490865558385849,0.5091344118118286,1.0196324586868286,0.9075981404958676,0.8975459652301251,0.00082,False
1,41,0.4902910590171814,0.5097089409828186,1.0045239925384521,0.9116322314049587,0.9026972388285912,0.00084,False
1,42,0.48970136046409607,0.5102986693382263,0.9962378740310669,0.9153977272727274,0.9071699274791716,0.00086,False
1,43,0.4890986382961273,0.5109013915061951,0.9827887415885925,0.9180371900826447,0.9094904168362569,0.00088,False
1,44,0.4884813725948334,0.511518657207489,0.9713705778121948,0.9199173553719009,0.9107773726119333,0.0009000000000000001,False
1,45,0.4878523051738739,0.5121477246284485,0.9511724710464478,0.9219111570247933,0.9127098128670745,0.00092,False
1,46,0.4872094392776489,0.5127905607223511,0.948130190372467,0.9224741735537189,0.9128398261295428,0.00094,False
1,47,0.4865533113479614,0.5134466886520386,0.92952561378479,0.9243233471074379,0.9141178689158982,0.00096,False
1,48,0.4858853220939636,0.5141146779060364,0.9172588586807251,0.9255578512396694,0.9145245409883347,0.00098,False
1,49,0.4852069318294525,0.5147930979728699,0.909338116645813,0.9272985537190083,0.9148915668860896,0.001,False
1,50,0.484517365694046,0.5154826641082764,0.8932517766952515,0.9291838842975206,0.9157195025985578,0.0009990526315789474,False
1,51,0.48383060097694397,0.5161693692207336,0.8833194971084595,0.9307489669421488,0.9175278425864358,0.0009981052631578948,False
1,52,0.4831503927707672,0.5168496370315552,0.8780537843704224,0.9325981404958679,0.9191975962702401,0.000997157894736842,False
1,53,0.4824824035167694,0.517517626285553,0.8715126514434814,0.934555785123967,0.921591418174387,0.0009962105263157895,False
1,54,0.48182085156440735,0.518179178237915,0.8589411377906799,0.9350258264462811,0.9223806488790672,0.0009952631578947367,False
1,55,0.4811708927154541,0.5188291072845459,0.8492627143859863,0.9350568181818182,0.9223152662907137,0.0009943157894736843,False
1,56,0.4805334508419037,0.5194665789604187,0.8430582284927368,0.9379235537190083,0.9249790159126664,0.0009933684210526315,False
1,57,0.4799070954322815,0.5200929045677185,0.8340914845466614,0.9406973140495867,0.9296772106483367,0.0009924210526315788,False
1,58,0.47928932309150696,0.5207106471061707,0.8245036005973816,0.9427169421487605,0.9322124467542215,0.0009914736842105262,False
1,59,0.4786774516105652,0.5213225483894348,0.8123317956924438,0.9440702479338844,0.932704257683605,0.0009905263157894736,False
1,60,0.4780726730823517,0.5219272971153259,0.8142374157905579,0.9457696280991735,0.9363014448040959,0.000989578947368421,False
1,61,0.4774734675884247,0.5225265026092529,0.8082101345062256,0.9480940082644628,0.9414568245970117,0.0009886315789473684,False
1,62,0.4768780469894409,0.5231219530105591,0.8064389824867249,0.9478150826446282,0.9411289765516783,0.0009876842105263157,False
1,63,0.47629040479660034,0.5237096548080444,0.7990803718566895,0.9467768595041322,0.9414037298780262,0.0009867368421052631,False
1,64,0.4757072627544403,0.5242927670478821,0.79190993309021,0.9462861570247932,0.9417013422023987,0.0009857894736842105,False
1,65,0.47512975335121155,0.5248702168464661,0.7817782759666443,0.9473295454545454,0.9430002196078912,0.0009848421052631579,False
1,66,0.4745614230632782,0.5254386067390442,0.7793707251548767,0.9485588842975206,0.9437598781910178,0.0009838947368421053,False
1,67,0.47400233149528503,0.5259976387023926,0.7792275547981262,0.949323347107438,0.9437768558693659,0.0009829473684210526,False
1,68,0.47344982624053955,0.5265501737594604,0.765635073184967,0.9497675619834711,0.9439420183546797,0.000982,False
1,69,0.47290366888046265,0.5270963907241821,0.7684349417686462,0.950025826446281,0.9425677646943496,0.0009810526315789474,False
1,70,0.4723697602748871,0.5276302695274353,0.7622848749160767,0.9504648760330578,0.9410887201282372,0.0009801052631578948,False
1,71,0.4718378186225891,0.5281621217727661,0.7530603408813477,0.9510330578512396,0.9411344589395582,0.000979157894736842,False
1,72,0.47131291031837463,0.528687059879303,0.7511430382728577,0.9514101239669421,0.9413125503925761,0.0009782105263157895,False
1,73,0.47078588604927063,0.5292141437530518,0.7461028099060059,0.9512861570247935,0.943545818502945,0.0009772631578947367,False
1,74,0.47026944160461426,0.529730498790741,0.7417501211166382,0.951327479338843,0.943799441210756,0.0009763157894736843,False
1,75,0.4697658121585846,0.530234158039093,0.7448893785476685,0.9519318181818182,0.9441848414352283,0.0009753684210526316,False
1,76,0.4692743420600891,0.5307256579399109,0.7340004444122314,0.9532283057851241,0.9454879339606428,0.000974421052631579,False
1,77,0.4687950909137726,0.531204879283905,0.7392495274543762,0.9543078512396695,0.9471487344541408,0.0009734736842105263,False
1,78,0.46832555532455444,0.5316744446754456,0.7300856709480286,0.9542975206611571,0.9474911096740543,0.0009725263157894737,False
1,79,0.46786361932754517,0.5321364402770996,0.7173089981079102,0.9532489669421488,0.9473716024252681,0.0009715789473684211,False
1,80,0.46740832924842834,0.5325916409492493,0.7175906896591187,0.9528873966942148,0.9475651436324664,0.0009706315789473685,False
1,81,0.4669554531574249,0.5330445766448975,0.7170643210411072,0.9530681818181819,0.9476195714361187,0.0009696842105263158,False
1,82,0.46650615334510803,0.5334938168525696,0.7135952711105347,0.9534865702479339,0.9471098736247429,0.0009687368421052631,False
1,83,0.4660579562187195,0.5339420437812805,0.7079697251319885,0.952732438016529,0.9453476858006042,0.0009677894736842106,False
1,84,0.4656144976615906,0.5343855023384094,0.7084625959396362,0.9527272727272726,0.9469512031572558,0.0009668421052631579,False
1,85,0.46516871452331543,0.5348312854766846,0.7038184404373169,0.9533729338842976,0.9481820843798859,0.0009658947368421053,False
1,86,0.4647260010242462,0.5352739691734314,0.7076025605201721,0.9541322314049587,0.9493828192378877,0.0009649473684210526,False
1,87,0.46428632736206055,0.5357136726379395,0.7015402317047119,0.9545196280991735,0.9497165794186615,0.000964,False
1,88,0.4638445973396301,0.5361554026603699,0.6964166164398193,0.9546797520661158,0.9502462859835131,0.0009630526315789474,False
1,89,0.46340733766555786,0.5365926623344421,0.6975009441375732,0.9552221074380165,0.9505696541479424,0.0009621052631578948,False
1,90,0.462973415851593,0.5370265245437622,0.6838926076889038,0.9549793388429751,0.9517207476559849,0.0009611578947368422,False
1,91,0.4625476896762848,0.5374522805213928,0.6805667281150818,0.9545816115702479,0.9519761936558265,0.0009602105263157895,False
1,92,0.46212753653526306,0.5378724932670593,0.684058666229248,0.9554442148760331,0.9531561076590337,0.0009592631578947368,False
1,93,0.4617145359516144,0.5382854342460632,0.6825358271598816,0.9560743801652892,0.9535523205390122,0.0009583157894736843,False
1,94,0.4613083004951477,0.5386917591094971,0.6818757653236389,0.956539256198347,0.9539978778533726,0.0009573684210526316,False
1,95,0.4609098434448242,0.5390901565551758,0.6862698793411255,0.9568801652892562,0.9543064512173873,0.0009564210526315789,False
1,96,0.4605192542076111,0.5394807457923889,0.676059365272522,0.9570196280991735,0.9546237675459368,0.0009554736842105263,False
1,97,0.46013057231903076,0.5398694276809692,0.6760299205780029,0.9560175619834711,0.9536632031794259,0.0009545263157894737,False
1,98,0.45975160598754883,0.5402483344078064,0.6712409853935242,0.9552840909090909,0.9527155074943846,0.0009535789473684211,False
1,99,0.45937827229499817,0.5406217575073242,0.6703846454620361,0.9556508264462811,0.9532502956630902,0.0009526315789473685,False
1,100,0.45900624990463257,0.5409937500953674,0.6662614345550537,0.9573140495867769,0.9547580703533207,0.0009516842105263158,False
1,101,0.4586389362812042,0.5413610339164734,0.6596891283988953,0.9585072314049586,0.9545549893289533,0.0009507368421052631,False
1,102,0.45827218890190125,0.5417277812957764,0.6627134680747986,0.9591270661157024,0.955541042983232,0.0009497894736842106,False
1,103,0.45791545510292053,0.5420845150947571,0.6596795916557312,0.9594886363636365,0.9553471548169076,0.0009488421052631579,False
1,104,0.4575614333152771,0.5424385666847229,0.651944100856781,0.9596332644628098,0.9561489264347544,0.0009478947368421054,False
1,105,0.45721298456192017,0.5427870154380798,0.6618027091026306,0.9591528925619834,0.955805682102038,0.0009469473684210526,False
1,106,0.4568687975406647,0.5431311726570129,0.6610408425331116,0.9587035123966943,0.956098606209544,0.000946,False
1,107,0.45652225613594055,0.5434777736663818,0.6479699611663818,0.9594111570247934,0.9569331229964539,0.0009450526315789474,False
1,108,0.4561760425567627,0.5438238978385925,0.6513596773147583,0.9596590909090909,0.9575929317183832,0.0009441052631578948,False
1,109,0.4558296799659729,0.5441703796386719,0.6433888673782349,0.9594163223140497,0.957236621020267,0.0009431578947368421,False
1,110,0.4554918706417084,0.544508159160614,0.6447159647941589,0.9597055785123967,0.9571628088582537,0.0009422105263157895,False
1,111,0.4551545977592468,0.5448454022407532,0.6440790891647339,0.9602737603305785,0.956292758584695,0.0009412631578947369,False
1,112,0.4548163115978241,0.5451836585998535,0.6399094462394714,0.9599380165289256,0.9559827577648135,0.0009403157894736842,False
1,113,0.45448049902915955,0.5455194711685181,0.6366246938705444,0.9593285123966941,0.9553183025118784,0.0009393684210526317,False
1,114,0.45414721965789795,0.545852780342102,0.6341926455497742,0.9593595041322314,0.9552781042551091,0.0009384210526315789,False
1,115,0.45381486415863037,0.5461851358413696,0.6356920599937439,0.958775826446281,0.9555546951452571,0.0009374736842105263,False
1,116,0.45348143577575684,0.5465185642242432,0.635067343711853,0.9586466942148759,0.9553598998641435,0.0009365263157894737,False
1,117,0.45314866304397583,0.5468513369560242,0.6329351663589478,0.9581869834710744,0.9551812909426971,0.0009355789473684211,False
1,118,0.4528198540210724,0.54718017578125,0.6259926557540894,0.9578047520661157,0.9561623981233993,0.0009346315789473685,False
1,119,0.4524919092655182,0.5475081205368042,0.6260024309158325,0.9583419421487603,0.9577594658188308,0.0009336842105263158,False
1,120,0.45217034220695496,0.5478296875953674,0.630297064781189,0.9587293388429752,0.9586467671295661,0.0009327368421052631,False
1,121,0.451850026845932,0.5481499433517456,0.6253656148910522,0.9590340909090909,0.9575515376742154,0.0009317894736842106,False
1,122,0.4515198767185211,0.5484800934791565,0.6111757755279541,0.9591942148760331,0.9558504380061311,0.0009308421052631579,False
1,123,0.45119786262512207,0.5488021373748779,0.6279628872871399,0.9597210743801652,0.9560824899291753,0.0009298947368421054,False
1,124,0.45088431239128113,0.5491156578063965,0.6234158277511597,0.9596074380165289,0.9561451375906357,0.0009289473684210526,False
1,125,0.4505728483200073,0.5494270920753479,0.6176660060882568,0.9592097107438016,0.9562841001930723,0.000928,False
1,126,0.45025816559791565,0.549741804599762,0.6178666353225708,0.9583522727272727,0.9558096328908725,0.0009270526315789474,False
1,127,0.4499434530735016,0.5500565767288208,0.6158624291419983,0.9578564049586777,0.9543533781698106,0.0009261052631578948,False
1,128,0.4496331810951233,0.5503667593002319,0.6170485615730286,0.9580320247933884,0.9539550926436074,0.0009251578947368421,False
1,129,0.4493199586868286,0.5506800413131714,0.6148506999015808,0.9589101239669421,0.9551860329585646,0.0009242105263157894,False
1,130,0.44900017976760864,0.5509998202323914,0.6072596907615662,0.9598269628099173,0.9563323450735682,0.0009232631578947369,False
1,131,0.4486820101737976,0.5513180494308472,0.6034712791442871,0.9604597107438017,0.9569909694170258,0.0009223157894736842,False
1,132,0.4483649432659149,0.5516350269317627,0.6076428890228271,0.9609969008264462,0.95751412956842,0.0009213684210526317,False
1,133,0.44804847240448,0.55195152759552,0.6071165800094604,0.9611880165289256,0.9579157923554407,0.0009204210526315789,False
1,134,0.44773709774017334,0.5522629022598267,0.6045424342155457,0.960960743801653,0.9571351624943707,0.0009194736842105263,False
1,135,0.4474309980869293,0.5525690317153931,0.6074651479721069,0.9605940082644627,0.9569961178864069,0.0009185263157894737,False
1,136,0.447128564119339,0.5528714656829834,0.6004995703697205,0.9601291322314051,0.9565193152711972,0.0009175789473684211,False
1,137,0.4468269944190979,0.5531730651855469,0.6046191453933716,0.9598037190082643,0.9559623721937823,0.0009166315789473685,False
1,138,0.4465220272541046,0.5534780025482178,0.6018032431602478,0.9596332644628098,0.9545207086973326,0.0009156842105263158,False
1,139,0.44622284173965454,0.5537772178649902,0.6016963720321655,0.9603460743801652,0.9536608994474317,0.0009147368421052632,False
1,140,0.44592994451522827,0.5540700554847717,0.5996513962745667,0.961301652892562,0.9547524573597399,0.0009137894736842106,False
1,141,0.4456401765346527,0.5543597936630249,0.5979557633399963,0.9617768595041323,0.9562610461435576,0.000912842105263158,False
1,142,0.4453502297401428,0.5546497106552124,0.5990428924560547,0.961745867768595,0.9571520380853693,0.0009118947368421052,False
1,143,0.44506165385246277,0.5549383759498596,0.5917034149169922,0.9609659090909091,0.9568108651860853,0.0009109473684210526,False
1,144,0.4447818100452423,0.5552182197570801,0.5878355503082275,0.9611880165289257,0.9575744894506932,0.00091,False
1,145,0.44450390338897705,0.555496096611023,0.5952047109603882,0.9617871900826446,0.9586524894214052,0.0009090526315789474,False
1,146,0.44423261284828186,0.5557673573493958,0.5921337604522705,0.9621487603305785,0.9581495231762761,0.0009081052631578948,False
1,147,0.4439517557621002,0.5560482144355774,0.5824252367019653,0.961353305785124,0.9566756665866618,0.0009071578947368421,False
1,148,0.4436781108379364,0.5563218593597412,0.5898706316947937,0.9599638429752066,0.9552315535969169,0.0009062105263157894,False
1,149,0.4434085488319397,0.5565914511680603,0.5847152471542358,0.9594421487603305,0.9548332961876984,0.0009052631578947369,False
1,150,0.4431421160697937,0.5568578839302063,0.5828667283058167,0.9602221074380166,0.9560637493990265,0.0009043157894736842,False
1,151,0.442885160446167,0.5571147799491882,0.5834640264511108,0.9612086776859504,0.9551109755314153,0.0009033684210526317,False
1,152,0.44263243675231934,0.5573675632476807,0.5846217274665833,0.9616787190082645,0.9556823662947634,0.0009024210526315789,False
1,153,0.44238877296447754,0.5576112866401672,0.5879639983177185,0.9613119834710743,0.9550715334751213,0.0009014736842105264,False
1,154,0.44214558601379395,0.5578544735908508,0.5748460292816162,0.9606301652892563,0.9541864838976443,0.0009005263157894737,False
1,155,0.4418969750404358,0.5581030249595642,0.5722057819366455,0.9606921487603306,0.9540902846191359,0.0008995789473684212,False
1,156,0.44165170192718506,0.5583482980728149,0.5868371725082397,0.9602995867768594,0.9536982036501253,0.0008986315789473684,False
1,157,0.4414058327674866,0.5585941076278687,0.5802722573280334,0.9598657024793389,0.9533362883087958,0.0008976842105263158,False
1,158,0.44115856289863586,0.5588414669036865,0.5813102722167969,0.9593904958677685,0.9514631860914718,0.0008967368421052632,False
1,159,0.4409169554710388,0.5590830445289612,0.5731884837150574,0.9589359504132231,0.952507155626323,0.0008957894736842105,False
1,160,0.4406801462173462,0.5593198537826538,0.5739871859550476,0.959189049586777,0.954430043105343,0.000894842105263158,False
1,161,0.4404396712779999,0.5595603585243225,0.5695774555206299,0.9600309917355372,0.9539321010342745,0.0008938947368421052,False
1,162,0.440200537443161,0.5597994327545166,0.5670956969261169,0.9603047520661157,0.9525488648234727,0.0008929473684210526,False
1,163,0.4399619996547699,0.5600379705429077,0.5677666664123535,0.9597675619834711,0.951683505459266,0.000892,False
1,164,0.43972495198249817,0.5602750182151794,0.5670610666275024,0.9595919421487603,0.9529782786787941,0.0008910526315789474,False
1,165,0.43948817253112793,0.5605118274688721,0.5636994242668152,0.9595196280991735,0.9544822752634574,0.0008901052631578948,False
1,166,0.4392528235912323,0.5607472062110901,0.5705933570861816,0.9598088842975208,0.9560476859929331,0.0008891578947368421,False
1,167,0.4390152096748352,0.56098473072052,0.5662702918052673,0.9597675619834711,0.9581009244126006,0.0008882105263157895,False
1,168,0.43877771496772766,0.56122225522995,0.5751925706863403,0.9598760330578513,0.9586493089649234,0.0008872631578947369,False
1,169,0.4385406970977783,0.5614592432975769,0.5674793720245361,0.9594731404958677,0.9602677680311612,0.0008863157894736843,False
1,170,0.4383114278316498,0.5616886019706726,0.5691388249397278,0.9597314049586778,0.9602268795541068,0.0008853684210526317,False
1,171,0.43808692693710327,0.5619130730628967,0.5653972029685974,0.9595299586776859,0.9571681871727267,0.0008844210526315789,False
1,172,0.43785741925239563,0.562142550945282,0.5604047179222107,0.9592768595041322,0.9548929952247671,0.0008834736842105263,False
1,173,0.4376243054866791,0.5623757243156433,0.5589656829833984,0.9593130165289256,0.9549269555495843,0.0008825263157894737,False
1,174,0.4373886287212372,0.5626113414764404,0.5564962029457092,0.959612603305785,0.9562165243214238,0.0008815789473684211,False
1,175,0.4371550381183624,0.5628449320793152,0.5612892508506775,0.9602169421487603,0.9589183492724264,0.0008806315789473684,False
1,176,0.4369249641895294,0.5630750060081482,0.5609683990478516,0.9602892561983472,0.9554303779578265,0.0008796842105263157,False
1,177,0.43670281767845154,0.5632971525192261,0.5684157013893127,0.9603202479338843,0.9546951524662336,0.0008787368421052632,False
1,178,0.4364778697490692,0.5635221004486084,0.55543053150177,0.9601342975206613,0.9546645336488191,0.0008777894736842106,False
1,179,0.43625253438949585,0.5637474656105042,0.5583752989768982,0.9595816115702479,0.9548417072116155,0.000876842105263158,False
1,180,0.43602800369262695,0.563971996307373,0.5578311681747437,0.9592045454545455,0.9581436023022122,0.0008758947368421052,False
1,181,0.43580561876296997,0.56419438123703,0.5633341073989868,0.9588171487603305,0.9589338441773896,0.0008749473684210527,False
1,182,0.4355912506580353,0.5644087791442871,0.5582805275917053,0.9593388429752067,0.959253503902217,0.000874,False
1,183,0.43537843227386475,0.5646215677261353,0.5577967762947083,0.9603254132231405,0.9588706636375418,0.0008730526315789475,False
1,184,0.43515968322753906,0.5648402571678162,0.550110936164856,0.96125,0.9570754146985119,0.0008721052631578948,False
1,185,0.434933066368103,0.5650669932365417,0.5510715246200562,0.9620867768595043,0.9580393693160668,0.0008711578947368421,False
1,186,0.43470755219459534,0.565292477607727,0.5557334423065186,0.9624896694214876,0.9585359532137105,0.0008702105263157895,False
1,187,0.43448400497436523,0.56551593542099,0.5526748895645142,0.9619731404958678,0.961572338402643,0.0008692631578947369,False
1,188,0.4342634975910187,0.5657365322113037,0.547207772731781,0.9611776859504132,0.9608834959281636,0.0008683157894736843,False
1,189,0.43404918909072876,0.5659508109092712,0.553888201713562,0.9613171487603306,0.9607404343334122,0.0008673684210526315,False
1,190,0.433835506439209,0.566164493560791,0.5451332330703735,0.9618543388429751,0.960553838583473,0.0008664210526315789,False
1,191,0.4336203932762146,0.5663796067237854,0.5429600477218628,0.9613842975206611,0.9608571827328632,0.0008654736842105263,False
1,192,0.4334065318107605,0.5665934681892395,0.5433536767959595,0.9609090909090908,0.9592808804011743,0.0008645263157894738,False
1,193,0.4331933856010437,0.5668066143989563,0.5480445623397827,0.9604752066115702,0.9559454395748742,0.0008635789473684211,False
1,194,0.43298205733299255,0.5670179128646851,0.543979823589325,0.9593956611570247,0.9539671261348646,0.0008626315789473684,False
1,195,0.43276965618133545,0.5672304034233093,0.5393868684768677,0.958930785123967,0.9553118099598435,0.0008616842105263158,False
1,196,0.4325571656227112,0.5674428939819336,0.5432600378990173,0.95911673553719,0.9565178787947926,0.0008607368421052632,False
1,197,0.43234601616859436,0.567654013633728,0.5540751218795776,0.9598243801652893,0.9577456344796237,0.0008597894736842106,False
1,198,0.4321417510509491,0.5678582787513733,0.5430037379264832,0.9605113636363637,0.9570283886852231,0.000858842105263158,False
1,199,0.43193596601486206,0.5680640339851379,0.5423407554626465,0.9605681818181818,0.959472553544292,0.0008578947368421052,False
1,200,0.4317263662815094,0.5682736039161682,0.5404841899871826,0.9616115702479339,0.9592821542429131,0.0008569473684210527,False
1,201,0.4315207302570343,0.5684792399406433,0.5343989729881287,0.9624070247933885,0.9601057975788424,0.000856,False
1,202,0.4313109219074249,0.5686891078948975,0.5360802412033081,0.9618698347107438,0.9599491241655745,0.0008550526315789474,False
1,203,0.431100994348526,0.5688989758491516,0.540038526058197,0.9610278925619834,0.9596267011155487,0.0008541052631578947,False
1,204,0.430898517370224,0.5691014528274536,0.5343592762947083,0.9602685950413222,0.9575964074713227,0.000853157894736842,False
1,205,0.4306909739971161,0.5693090558052063,0.5465881824493408,0.9603254132231405,0.9582553153948862,0.0008522105263157895,False
1,206,0.43048933148384094,0.5695106983184814,0.5366649627685547,0.9598760330578513,0.9586295167621018,0.0008512631578947369,False
1,207,0.43028318881988525,0.5697168111801147,0.5366424322128296,0.9588842975206612,0.957788064457674,0.0008503157894736843,False
1,208,0.4300767779350281,0.5699231624603271,0.5350663065910339,0.9588842975206612,0.9549494952063464,0.0008493684210526315,False
1,209,0.4298689365386963,0.5701311230659485,0.5353009104728699,0.9598192148760331,0.9519632159020386,0.000848421052631579,False
1,210,0.42966631054878235,0.5703336596488953,0.5328964591026306,0.960077479338843,0.9520724703636209,0.0008474736842105263,False
1,211,0.42946287989616394,0.5705370903015137,0.5237695574760437,0.9601859504132232,0.9562201191333419,0.0008465263157894738,False
1,212,0.4292696416378021,0.5707303881645203,0.5384965538978577,0.9600878099173552,0.956372800799242,0.0008455789473684211,False
1,213,0.4290757179260254,0.5709242820739746,0.5273349285125732,0.9599173553719008,0.9581491763021731,0.0008446315789473684,False
1,214,0.42888113856315613,0.5711188316345215,0.5338872075080872,0.9601859504132231,0.9590248397166039,0.0008436842105263158,False
1,215,0.4286874234676361,0.5713126063346863,0.5405814051628113,0.9601652892561983,0.958581988329522,0.0008427368421052632,False
1,216,0.42849618196487427,0.571503758430481,0.5305787324905396,0.9599070247933885,0.9580000279918955,0.0008417894736842106,False
1,217,0.42830753326416016,0.5716924667358398,0.5294845104217529,0.959659090909091,0.9584164609147872,0.000840842105263158,False
1,218,0.42811843752861023,0.5718815326690674,0.5269531607627869,0.9588068181818181,0.9581454904433694,0.0008398947368421052,False
1,219,0.4279302954673767,0.5720697045326233,0.5250211358070374,0.9584245867768595,0.9572563861524134,0.0008389473684210526,False
1,220,0.42774441838264465,0.5722556114196777,0.5316808819770813,0.9582489669421488,0.9551428226291137,0.0008380000000000001,False
1,221,0.4275577664375305,0.5724422931671143,0.5262991189956665,0.958279958677686,0.9525035862137742,0.0008370526315789474,False
1,222,0.4273706376552582,0.5726293921470642,0.5219703316688538,0.9583626033057852,0.953065875486151,0.0008361052631578947,False
1,223,0.42718562483787537,0.5728143453598022,0.5295847058296204,0.9582386363636364,0.9552452666095356,0.0008351578947368421,False
1,224,0.42700034379959106,0.5729996562004089,0.5248447060585022,0.958176652892562,0.9575121791855328,0.0008342105263157895,False
1,225,0.426813542842865,0.573186457157135,0.5220242738723755,0.9583471074380165,0.9532800951173087,0.0008332631578947369,False
1,226,0.42662614583969116,0.5733738541603088,0.5183912515640259,0.9584710743801653,0.9515078210582265,0.0008323157894736843,False
1,227,0.4264378249645233,0.5735621452331543,0.5204464793205261,0.9587396694214876,0.954705590979981,0.0008313684210526315,False
1,228,0.4262474775314331,0.5737525224685669,0.527187705039978,0.9590599173553719,0.9541993462025842,0.000830421052631579,False
1,229,0.4260631203651428,0.573936939239502,0.5248149633407593,0.9593956611570248,0.9547735539263376,0.0008294736842105263,False
1,230,0.42588117718696594,0.5741187930107117,0.5216537714004517,0.9594679752066115,0.9546307559497837,0.0008285263157894738,False
1,231,0.42569872736930847,0.5743012428283691,0.5221379399299622,0.9594111570247935,0.9543182522827152,0.000827578947368421,False
1,232,0.42552244663238525,0.57447749376297,0.5220289826393127,0.958724173553719,0.9544339819302223,0.0008266315789473684,False
1,233,0.4253496527671814,0.5746503472328186,0.5249676704406738,0.9582438016528926,0.9552175742742838,0.0008256842105263158,False
1,234,0.4251774549484253,0.5748225450515747,0.5238187313079834,0.95775826446281,0.9568665510735185,0.0008247368421052632,False
1,235,0.4250069558620453,0.5749930143356323,0.5171988010406494,0.957763429752066,0.9576950415565795,0.0008237894736842106,False
1,236,0.42483794689178467,0.5751621127128601,0.5206238031387329,0.9585330578512397,0.9590744569783707,0.0008228421052631578,False
1,237,0.42466801404953003,0.5753320455551147,0.516831636428833,0.9592665289256198,0.9594804275676566,0.0008218947368421053,False
1,238,0.42449480295181274,0.5755051970481873,0.5168414115905762,0.9599276859504132,0.9595158595664927,0.0008209473684210526,False
1,239,0.42432868480682373,0.5756713151931763,0.5177063941955566,0.9608367768595042,0.9582950046230078,0.0008200000000000001,False
1,240,0.42415952682495117,0.5758404731750488,0.5148844718933105,0.9616012396694216,0.9598338652965352,0.0008190526315789474,False
1,241,0.4239901006221771,0.5760098695755005,0.5205638408660889,0.9618904958677685,0.9612973624730359,0.0008181052631578947,False
1,242,0.42382100224494934,0.576179027557373,0.5147018432617188,0.9616528925619835,0.9621753295111563,0.0008171578947368421,False
1,243,0.42365723848342896,0.576342761516571,0.510700523853302,0.961353305785124,0.9621438962699143,0.0008162105263157895,False
1,244,0.42349669337272644,0.576503336429596,0.5154728293418884,0.9612035123966942,0.9624745716237478,0.0008152631578947369,False
1,245,0.4233378767967224,0.5766621232032776,0.5083432793617249,0.9608574380165288,0.9626294221094019,0.0008143157894736843,False
1,246,0.42317861318588257,0.5768214464187622,0.5180759429931641,0.9610382231404959,0.9603180835186598,0.0008133684210526315,False
1,247,0.4230192303657532,0.5769807696342468,0.5164378881454468,0.9611208677685951,0.9589928637238616,0.000812421052631579,False
1,248,0.42286217212677,0.57713782787323,0.5211937427520752,0.9610898760330578,0.9593633142693441,0.0008114736842105264,False
1,249,0.4227015972137451,0.5772984027862549,0.5122759342193604,0.960599173553719,0.9592554514494135,0.0008105263157894737,False
1,250,0.4225316643714905,0.5774683356285095,0.5149727463722229,0.9607799586776861,0.9605668123132236,0.000809578947368421,False
1,251,0.4223596453666687,0.5776403546333313,0.5070095062255859,0.960728305785124,0.9610487795337338,0.0008086315789473684,False
1,252,0.4221852123737335,0.5778148174285889,0.5038924813270569,0.9607386363636363,0.9611667603856496,0.0008076842105263158,False
1,253,0.422012597322464,0.5779873728752136,0.5100096464157104,0.9608419421487604,0.9613397333376297,0.0008067368421052632,False
1,254,0.4218437075614929,0.5781562924385071,0.5082871913909912,0.9616528925619835,0.9623606153036441,0.0008057894736842106,False
1,255,0.4216800630092621,0.5783199071884155,0.5110502243041992,0.9621229338842975,0.9629668635817451,0.0008048421052631578,False
1,256,0.4215065538883209,0.5784934759140015,0.5154439210891724,0.96275826446281,0.9608128765933601,0.0008038947368421053,False
1,257,0.4213358163833618,0.5786641836166382,0.5106970071792603,0.962815082644628,0.9607623179314009,0.0008029473684210526,False
1,258,0.4211651682853699,0.5788347721099854,0.50937420129776,0.9625154958677684,0.9603692977116983,0.0008020000000000001,False
1,259,0.4209997355937958,0.5790002942085266,0.5124397277832031,0.9623605371900826,0.9600975473685333,0.0008010526315789474,False
1,260,0.42082875967025757,0.5791712999343872,0.5073913931846619,0.9618233471074379,0.9618994171303206,0.0008001052631578947,False
1,261,0.4206605553627014,0.5793394446372986,0.5012434720993042,0.9615340909090908,0.9630535592784022,0.0007991578947368421,False
1,262,0.4204927384853363,0.5795072317123413,0.5052493214607239,0.9609400826446282,0.9637962335748527,0.0007982105263157896,False
1,263,0.42032814025878906,0.5796718597412109,0.5012391805648804,0.9606404958677687,0.9641906043217717,0.0007972631578947369,False
1,264,0.4201706051826477,0.5798293948173523,0.5060572028160095,0.9609245867768594,0.96460413652131,0.0007963157894736843,False
1,265,0.4200120270252228,0.5799880027770996,0.5060468316078186,0.9615289256198348,0.9649246334060964,0.0007953684210526316,False
1,266,0.4198524057865143,0.5801475644111633,0.5070947408676147,0.9617871900826446,0.9649174862798401,0.0007944210526315789,False
1,267,0.41969454288482666,0.5803054571151733,0.5083486437797546,0.9618904958677685,0.964624728878003,0.0007934736842105264,False
1,268,0.41953909397125244,0.5804609656333923,0.5047493577003479,0.962236570247934,0.9640778042171746,0.0007925263157894737,False
1,269,0.4193853735923767,0.5806145668029785,0.49684688448905945,0.9624276859504133,0.9637055553194501,0.000791578947368421,False
1,270,0.4192333221435547,0.5807666778564453,0.49721723794937134,0.9622314049586776,0.9629716538950255,0.0007906315789473684,False
1,271,0.41907796263694763,0.58092200756073,0.49996012449264526,0.9616322314049586,0.9627363607068914,0.0007896842105263158,False
1,272,0.4189300239086151,0.5810700058937073,0.5010719895362854,0.961095041322314,0.9621646680405465,0.0007887368421052632,False
1,273,0.41878411173820496,0.5812159180641174,0.5028589963912964,0.960573347107438,0.9620011324638152,0.0007877894736842106,False
1,274,0.4186396300792694,0.5813603401184082,0.4960423707962036,0.9600619834710744,0.9618653196864865,0.0007868421052631579,False
1,275,0.41849836707115173,0.5815016627311707,0.49790725111961365,0.9603719008264463,0.9622807673468793,0.0007858947368421053,False
1,276,0.41835397481918335,0.5816460251808167,0.49495798349380493,0.9607592975206611,0.9624823964405872,0.0007849473684210527,False
1,277,0.41821348667144775,0.5817865133285522,0.4935675859451294,0.9608780991735537,0.9624264416767787,0.0007840000000000001,False
1,278,0.41807088255882263,0.581929087638855,0.4985601305961609,0.9612603305785122,0.9622631792413592,0.0007830526315789474,False
1,279,0.4179316461086273,0.5820683836936951,0.4969767928123474,0.9612499999999998,0.9619410710513803,0.0007821052631578947,False
1,280,0.4177890121936798,0.5822110176086426,0.49533337354660034,0.9613688016528925,0.9621145750570774,0.0007811578947368421,False
1,281,0.4176473617553711,0.5823526382446289,0.4987185001373291,0.9618595041322313,0.9628423689124223,0.0007802105263157895,False
1,282,0.41750603914260864,0.5824940204620361,0.4955443739891052,0.9625000000000001,0.9636361917159124,0.0007792631578947369,False
1,283,0.4173645079135895,0.5826354622840881,0.4887300133705139,0.9628822314049587,0.9639825406438777,0.0007783157894736841,False
1,284,0.4172205924987793,0.5827794075012207,0.49567756056785583,0.9625981404958678,0.9636456934350678,0.0007773684210526316,False
1,285,0.41708138585090637,0.5829185843467712,0.49703389406204224,0.9622417355371901,0.9633094410048825,0.0007764210526315789,False
1,286,0.4169433116912842,0.5830566883087158,0.49481654167175293,0.9620041322314049,0.9636706865075375,0.0007754736842105264,False
1,287,0.41680389642715454,0.5831961035728455,0.4944843351840973,0.9616787190082644,0.9635324709808003,0.0007745263157894737,False
1,288,0.4166596829891205,0.5833403468132019,0.4895496964454651,0.9614824380165289,0.9628312874247755,0.000773578947368421,False
1,289,0.4165242612361908,0.5834757685661316,0.5002171993255615,0.9611363636363636,0.9611074584235486,0.0007726315789473684,False
1,290,0.4163876175880432,0.5836123824119568,0.4956974387168884,0.9609969008264463,0.9592412309394235,0.0007716842105263159,False
1,291,0.41624823212623596,0.5837517380714417,0.4884676933288574,0.9608677685950413,0.957074876327342,0.0007707368421052632,False
1,292,0.41611340641975403,0.5838866233825684,0.48982498049736023,0.961120867768595,0.9575401278409497,0.0007697894736842106,False
1,293,0.4159873425960541,0.5840126276016235,0.4954105317592621,0.9611570247933884,0.9578326116747244,0.0007688421052631579,False
1,294,0.4158596396446228,0.5841403603553772,0.4892355799674988,0.9615495867768594,0.9583803267622755,0.0007678947368421053,False
1,295,0.4157272279262543,0.5842728018760681,0.48434293270111084,0.9611053719008265,0.959234797329059,0.0007669473684210527,False
1,296,0.4155961573123932,0.5844038724899292,0.48760664463043213,0.9607128099173554,0.9604278058617592,0.000766,False
1,297,0.41546061635017395,0.5845394134521484,0.4832090139389038,0.9604390495867768,0.9608337433397227,0.0007650526315789474,False
1,298,0.4153255820274353,0.5846744179725647,0.4879227876663208,0.9603873966942149,0.9625832369680488,0.0007641052631578947,False
1,299,0.415193647146225,0.5848063826560974,0.4920932650566101,0.9604287190082644,0.9633195212819429,0.0007631578947368422,False
1,300,0.41506221890449524,0.5849378108978271,0.4826733469963074,0.9602892561983472,0.9636005783449484,0.0007622105263157895,False
1,301,0.4149262309074402,0.5850738286972046,0.4877738356590271,0.9609090909090909,0.9643949826323329,0.0007612631578947369,False
1,302,0.41478630900382996,0.5852137207984924,0.48630082607269287,0.9610123966942148,0.9640020781622023,0.0007603157894736841,False
1,303,0.4146442711353302,0.5853557586669922,0.4859931468963623,0.960831611570248,0.9626806850603206,0.0007593684210526316,False
1,304,0.414502888917923,0.5854971408843994,0.48486512899398804,0.9608367768595042,0.9616882077830305,0.000758421052631579,False
1,305,0.414363294839859,0.5856367349624634,0.489263653755188,0.9606198347107439,0.9607858705301392,0.0007574736842105264,False
1,306,0.41423144936561584,0.5857685804367065,0.4838821589946747,0.9605165289256198,0.9605151025629874,0.0007565263157894737,False
1,307,0.41409796476364136,0.5859020352363586,0.4852272868156433,0.9597882231404959,0.9603227076216239,0.0007555789473684211,False
1,308,0.4139634072780609,0.5860365629196167,0.48638981580734253,0.9597830578512396,0.9610621832845813,0.0007546315789473684,False
1,309,0.413836807012558,0.5861631631851196,0.4906562566757202,0.9601497933884298,0.9619834404978034,0.0007536842105263158,False
1,310,0.41370946168899536,0.5862904787063599,0.485001802444458,0.9600981404958678,0.9619467891357301,0.0007527368421052632,False
1,311,0.41358381509780884,0.5864162445068359,0.4806220531463623,0.9602995867768594,0.9626254568122825,0.0007517894736842104,False
1,312,0.4134604334831238,0.5865395665168762,0.4866308867931366,0.9603925619834711,0.9630734030168675,0.0007508421052631579,False
1,313,0.4133337140083313,0.5866662859916687,0.4850577116012573,0.9603409090909092,0.9631980884108846,0.0007498947368421053,False
1,314,0.4132089614868164,0.5867910385131836,0.4921960234642029,0.9595661157024793,0.962162848413439,0.0007489473684210527,False
1,315,0.4130783975124359,0.5869215726852417,0.4799872636795044,0.9594266528925619,0.9614819321325406,0.000748,False
1,316,0.4129452109336853,0.5870547890663147,0.48288798332214355,0.959504132231405,0.9607985203250907,0.0007470526315789473,False
1,317,0.41281554102897644,0.587184488773346,0.4874042272567749,0.9595712809917356,0.9601881994719591,0.0007461052631578947,False
1,318,0.4126887619495392,0.5873112678527832,0.4830792546272278,0.9593698347107438,0.9600641875593201,0.0007451578947368422,False
1,319,0.4125610888004303,0.5874389410018921,0.48092132806777954,0.9594731404958678,0.9606624578223677,0.0007442105263157895,False
1,320,0.4124288558959961,0.5875710844993591,0.4822596609592438,0.9595867768595042,0.9610077541661434,0.0007432631578947369,False
1,321,0.4122968912124634,0.5877030491828918,0.48541387915611267,0.9596694214876033,0.9615270368186236,0.0007423157894736842,False
1,322,0.4121577739715576,0.5878421664237976,0.48578953742980957,0.9593595041322315,0.9617826870636502,0.0007413684210526316,False
1,323,0.4120256006717682,0.5879744291305542,0.4835699796676636,0.9597778925619834,0.9619459500140796,0.000740421052631579,False
1,324,0.41189953684806824,0.5881004333496094,0.4802519381046295,0.9601394628099174,0.9620669309873082,0.0007394736842105264,False
1,325,0.41176918148994446,0.5882308483123779,0.481636106967926,0.9604390495867768,0.9608636116746684,0.0007385263157894737,False
1,326,0.41163718700408936,0.5883628129959106,0.48086056113243103,0.960392561983471,0.9596422687592032,0.000737578947368421,False
1,327,0.41150176525115967,0.5884982347488403,0.47916069626808167,0.9602066115702479,0.9590965050715814,0.0007366315789473685,False
1,328,0.4113619327545166,0.5886380672454834,0.4752318859100342,0.9598502066115702,0.9588108599940903,0.0007356842105263158,False
1,329,0.41121891140937805,0.5887811183929443,0.4776948094367981,0.9590960743801652,0.958373256776783,0.0007347368421052632,False
1,330,0.4110790193080902,0.5889209508895874,0.47841954231262207,0.9585072314049585,0.9576233361900652,0.0007337894736842104,False
1,331,0.4109437167644501,0.5890563130378723,0.47547221183776855,0.9586157024793387,0.9572124313855626,0.0007328421052631579,False
1,332,0.4108143746852875,0.5891855955123901,0.4795365333557129,0.9589204545454547,0.9573294636398615,0.0007318947368421053,False
1,333,0.4106840491294861,0.5893160104751587,0.48062893748283386,0.9595506198347107,0.9572615539534602,0.0007309473684210527,False
1,334,0.41055336594581604,0.5894466042518616,0.48398125171661377,0.9599638429752065,0.9580352533702142,0.00073,False
1,335,0.41043171286582947,0.5895682573318481,0.48153388500213623,0.9595351239669422,0.9576765606045116,0.0007290526315789475,False
1,336,0.4103127717971802,0.5896872282028198,0.4747782349586487,0.9589204545454546,0.9571484193710204,0.0007281052631578948,False
1,337,0.41019725799560547,0.5898027420043945,0.48268648982048035,0.9588946280991737,0.9577690684095745,0.0007271578947368422,False
1,338,0.4100733697414398,0.5899266004562378,0.47719457745552063,0.9589772727272727,0.9577642723231787,0.0007262105263157895,False
1,339,0.40995562076568604,0.590044379234314,0.48397141695022583,0.9594938016528926,0.9580328773702149,0.0007252631578947369,False
1,340,0.40983903408050537,0.5901609659194946,0.47996819019317627,0.9596384297520661,0.9574652178497749,0.0007243157894736842,False
1,341,0.4097203314304352,0.5902796983718872,0.4764539897441864,0.9593078512396693,0.9574646674085319,0.0007233684210526316,False
1,342,0.40960609912872314,0.5903939008712769,0.47881439328193665,0.9588997933884296,0.9571484722401725,0.000722421052631579,False
1,343,0.4094889461994171,0.5905110836029053,0.4724080264568329,0.9583987603305782,0.9568470172552906,0.0007214736842105263,False
1,344,0.4093685448169708,0.5906314253807068,0.4741165339946747,0.9583316115702479,0.9577317200227923,0.0007205263157894737,False
1,345,0.40924617648124695,0.5907538533210754,0.48620161414146423,0.9584865702479338,0.9568143576904526,0.000719578947368421,False
1,346,0.40912869572639465,0.590871274471283,0.48200172185897827,0.9588481404958676,0.9573608308709184,0.0007186315789473685,False
1,347,0.409004271030426,0.5909957885742188,0.47618433833122253,0.9587758264462809,0.9579493214726069,0.0007176842105263158,False
1,348,0.4088851809501648,0.59111487865448,0.4843549132347107,0.9588326446280993,0.9581445097166317,0.0007167368421052632,False
1,349,0.4087621867656708,0.5912378430366516,0.477689266204834,0.9588171487603306,0.9595922499128634,0.0007157894736842105,False
1,350,0.40863898396492004,0.5913610458374023,0.4744918942451477,0.9589669421487604,0.9614361767137173,0.000714842105263158,False
1,351,0.4085198938846588,0.5914800763130188,0.48243093490600586,0.9588894628099174,0.962098230865318,0.0007138947368421053,False
1,352,0.4084015488624573,0.5915984511375427,0.4740387201309204,0.959189049586777,0.9621778477448063,0.0007129473684210527,False
1,353,0.4082872271537781,0.5917127728462219,0.4770664572715759,0.9599070247933883,0.9627593786155304,0.000712,False
1,354,0.4081772267818451,0.5918228030204773,0.47507721185684204,0.9607696280991737,0.9631859950691349,0.0007110526315789474,False
1,355,0.40806761384010315,0.5919324159622192,0.4684063196182251,0.9614359504132232,0.9635377065526165,0.0007101052631578948,False
1,356,0.4079535901546478,0.5920464396476746,0.4723118543624878,0.961952479338843,0.9641754950316882,0.0007091578947368421,False
1,357,0.40784120559692383,0.5921587944030762,0.4738011956214905,0.9621177685950413,0.9639359482255119,0.0007082105263157895,False
1,358,0.40772926807403564,0.5922707319259644,0.4672328233718872,0.9620506198347107,0.9634007914506091,0.0007072631578947367,False
1,359,0.4076119661331177,0.5923880338668823,0.4726109504699707,0.9616064049586776,0.9626203641569033,0.0007063157894736842,False
1,360,0.407490611076355,0.592509388923645,0.47087931632995605,0.960779958677686,0.9622296414382079,0.0007053684210526316,False
1,361,0.40736818313598633,0.5926318168640137,0.468105673789978,0.960444214876033,0.9622794641296696,0.000704421052631579,False
1,362,0.40724390745162964,0.5927560925483704,0.4728214740753174,0.9601394628099172,0.9624830085734587,0.0007034736842105263,False
1,363,0.40712374448776245,0.5928763151168823,0.4696710407733917,0.9601962809917356,0.9629998968641094,0.0007025263157894738,False
1,364,0.40699759125709534,0.5930023789405823,0.46771788597106934,0.9603925619834711,0.9628731856994981,0.0007015789473684211,False
1,365,0.40688472986221313,0.5931152701377869,0.467471182346344,0.9605216942148761,0.9625780869646191,0.0007006315789473685,False
1,366,0.4067694842815399,0.5932304859161377,0.46748510003089905,0.9607076446280991,0.9621451062963543,0.0006996842105263158,False
1,367,0.40665552020072937,0.5933444499969482,0.470403254032135,0.9606973140495868,0.9618508605508833,0.0006987368421052632,False
1,368,0.4065409004688263,0.5934591293334961,0.47217151522636414,0.9608109504132232,0.9616902075818096,0.0006977894736842105,False
1,369,0.4064314067363739,0.5935685634613037,0.46740788221359253,0.9605785123966942,0.9618660967659549,0.000696842105263158,False
1,370,0.40632471442222595,0.5936752557754517,0.46641796827316284,0.9602427685950413,0.9616713347367518,0.0006958947368421053,False
1,371,0.4062192738056183,0.5937806963920593,0.4654483199119568,0.9596590909090909,0.9611487499167173,0.0006949473684210527,False
1,372,0.406114786863327,0.5938851833343506,0.4659612774848938,0.9596797520661158,0.9612250705414038,0.000694,False
1,373,0.4060077965259552,0.5939922332763672,0.46671420335769653,0.9600464876033058,0.9613238028495039,0.0006930526315789473,False
1,374,0.40590304136276245,0.5940969586372375,0.470880389213562,0.9603822314049587,0.9618390122565704,0.0006921052631578948,False
1,375,0.40580087900161743,0.5941991209983826,0.4674152731895447,0.9606921487603306,0.9625235434643218,0.0006911578947368421,False
1,376,0.4056951403617859,0.5943048596382141,0.46560293436050415,0.9609504132231405,0.9628813737281418,0.0006902105263157895,False
1,377,0.4055849015712738,0.5944150686264038,0.46729880571365356,0.9609090909090909,0.9627861504329385,0.0006892631578947369,False
1,378,0.4054754376411438,0.5945245623588562,0.4714406728744507,0.9612345041322314,0.962822167164177,0.0006883157894736843,False
1,379,0.4053601622581482,0.5946398377418518,0.46409308910369873,0.9612345041322313,0.962436143643677,0.0006873684210526316,False
1,380,0.40524595975875854,0.5947540402412415,0.4685207009315491,0.9611105371900825,0.9618325374467815,0.000686421052631579,False
1,381,0.40513163805007935,0.5948683619499207,0.46407854557037354,0.9609039256198347,0.96117529267545,0.0006854736842105263,False
1,382,0.4050098657608032,0.5949901342391968,0.4646058678627014,0.9607179752066115,0.9605089674345773,0.0006845263157894738,False
1,383,0.40489131212234497,0.595108687877655,0.45966243743896484,0.9604132231404958,0.9603438396530323,0.0006835789473684211,False
1,384,0.40478140115737915,0.5952186584472656,0.4661152958869934,0.9594576446280992,0.9590561030126679,0.0006826315789473685,False
1,385,0.40467071533203125,0.5953292846679688,0.4643096923828125,0.9581973140495869,0.9577464062164546,0.0006816842105263158,False
1,386,0.4045611023902893,0.5954389572143555,0.4662764072418213,0.9574948347107437,0.9579947431889331,0.0006807368421052632,False
1,387,0.404456228017807,0.5955437421798706,0.46849939227104187,0.9569989669421487,0.9585955634591085,0.0006797894736842105,False
1,388,0.40435677766799927,0.5956432223320007,0.4655917286872864,0.9567613636363637,0.9592924407370464,0.0006788421052631579,False
1,389,0.40425533056259155,0.5957446694374084,0.4602518379688263,0.9567923553719009,0.9597697401679725,0.0006778947368421053,False
1,390,0.40415772795677185,0.5958422422409058,0.46077144145965576,0.9571487603305785,0.960523877541209,0.0006769473684210526,False
1,391,0.40406280755996704,0.5959372520446777,0.4626723825931549,0.957577479338843,0.9608733439417887,0.0006760000000000001,False
1,392,0.4039681553840637,0.5960318446159363,0.4563145637512207,0.9579080578512397,0.9608171772382293,0.0006750526315789474,False
1,393,0.40387511253356934,0.5961249470710754,0.4626185894012451,0.9581146694214877,0.9605582535359984,0.0006741052631578948,False
1,394,0.4037775695323944,0.596222460269928,0.4651585817337036,0.9582644628099173,0.9604817194892763,0.0006731578947368421,False
1,395,0.40368154644966125,0.5963184237480164,0.45753851532936096,0.9585898760330579,0.9605170380123211,0.0006722105263157895,False
1,396,0.40358468890190125,0.5964152812957764,0.461252361536026,0.9589927685950412,0.960941887722784,0.0006712631578947368,False
1,397,0.40348121523857117,0.5965188145637512,0.4583846926689148,0.9591580578512396,0.9609640951977388,0.0006703157894736843,False
1,398,0.4033818542957306,0.596618115901947,0.4559729993343353,0.9593388429752067,0.9613041353289234,0.0006693684210526316,False
1,399,0.4032922089099884,0.596707820892334,0.46195754408836365,0.9593904958677686,0.9614334856058584,0.000668421052631579,False
1,400,0.4032032787799835,0.5967966914176941,0.4552617073059082,0.9598915289256198,0.9620657146440147,0.0006674736842105263,False
1,401,0.4031140208244324,0.5968859791755676,0.46274882555007935,0.9604855371900826,0.9624569998400376,0.0006665263157894737,False
1,402,0.40302351117134094,0.5969765186309814,0.4610130488872528,0.9605578512396694,0.962299346173743,0.0006655789473684211,False
1,403,0.40292713046073914,0.5970728397369385,0.45785248279571533,0.9608419421487603,0.9626176515097893,0.0006646315789473684,False
1,404,0.402828186750412,0.5971717834472656,0.4624885320663452,0.9608316115702479,0.9627035468030642,0.0006636842105263158,False
1,405,0.40273183584213257,0.5972682237625122,0.4627230763435364,0.9605113636363637,0.9624100216749005,0.0006627368421052632,False
1,406,0.40263938903808594,0.5973606109619141,0.46755450963974,0.9600619834710744,0.962081942491737,0.0006617894736842106,False
1,407,0.40254610776901245,0.5974538922309875,0.46606987714767456,0.9599845041322314,0.9619929038019798,0.0006608421052631579,False
1,408,0.4024600684642792,0.5975399613380432,0.4649198651313782,0.9598502066115702,0.9614128204550646,0.0006598947368421053,False
1,409,0.4023703336715698,0.597629725933075,0.45753806829452515,0.9598760330578513,0.9608795143319648,0.0006589473684210526,False
1,410,0.4022712707519531,0.5977287888526917,0.45717257261276245,0.960180785123967,0.960667790625137,0.0006580000000000001,False
1,411,0.40217679738998413,0.5978232026100159,0.4594137668609619,0.9601394628099174,0.9606842850179321,0.0006570526315789474,False
1,412,0.4020850956439972,0.5979149341583252,0.4553941786289215,0.9601394628099174,0.9605691722365289,0.0006561052631578948,False
1,413,0.40198978781700134,0.598010241985321,0.4606214165687561,0.9600723140495868,0.9611809344394068,0.0006551578947368421,False
1,414,0.4018910229206085,0.5981090068817139,0.45761165022850037,0.9601136363636362,0.9612710371480613,0.0006542105263157896,False
1,415,0.40179336071014404,0.598206639289856,0.4562966525554657,0.9602582644628099,0.9614310861118556,0.0006532631578947368,False
1,416,0.4016999304294586,0.598300039768219,0.46075356006622314,0.96,0.9609048128888242,0.0006523157894736842,False
1,417,0.4016047716140747,0.5983952283859253,0.45643991231918335,0.9597727272727272,0.9610115496624041,0.0006513684210526316,False
1,418,0.4015105664730072,0.5984894037246704,0.45554018020629883,0.9595971074380165,0.9610919166947189,0.0006504210526315789,False
1,419,0.40141692757606506,0.5985831022262573,0.460665762424469,0.9595454545454545,0.9615133091757375,0.0006494736842105264,False
1,420,0.40132322907447815,0.5986768007278442,0.4640577733516693,0.9597520661157025,0.9623302298685306,0.0006485263157894737,False
1,421,0.4012318253517151,0.5987681746482849,0.45635783672332764,0.959220041322314,0.9620914190061751,0.0006475789473684211,False
1,422,0.4011436104774475,0.5988563895225525,0.4594871997833252,0.9588533057851241,0.9615450597163246,0.0006466315789473684,False
1,423,0.40104958415031433,0.5989504456520081,0.4573279619216919,0.9585847107438016,0.9607879134212886,0.0006456842105263158,False
1,424,0.4009576439857483,0.5990423560142517,0.4531252384185791,0.9584297520661157,0.9599081725292505,0.0006447368421052632,False
1,425,0.400862455368042,0.599137544631958,0.4587586224079132,0.9586673553719008,0.9592474054189677,0.0006437894736842106,False
1,426,0.40076932311058044,0.5992306470870972,0.4577925205230713,0.9590805785123967,0.9587650141005286,0.0006428421052631579,False
1,427,0.4006807804107666,0.5993192195892334,0.45801016688346863,0.9596797520661158,0.9588995283767754,0.0006418947368421053,False
1,428,0.4005975127220154,0.5994024872779846,0.4502866864204407,0.9597159090909091,0.9584782805128257,0.0006409473684210527,False
1,429,0.4005133807659149,0.5994866490364075,0.45274993777275085,0.9598243801652893,0.9590243946386088,0.00064,False
1,430,0.4004344046115875,0.5995656251907349,0.4538742005825043,0.9594679752066115,0.9587211225624384,0.0006390526315789474,False
1,431,0.400358110666275,0.5996418595314026,0.45435187220573425,0.9591838842975207,0.9593731448864068,0.0006381052631578948,False
1,432,0.4002808630466461,0.5997191667556763,0.4513203203678131,0.9589721074380165,0.9597289532597212,0.0006371578947368421,False
1,433,0.4002018868923187,0.5997981429100037,0.45110782980918884,0.9587396694214876,0.9599485365889002,0.0006362105263157895,False
1,434,0.4001229405403137,0.5998770594596863,0.45550140738487244,0.9587964876033058,0.9600669935969621,0.000635263157894737,False
1,435,0.40004482865333557,0.599955141544342,0.45374858379364014,0.9589669421487603,0.9597384504443935,0.0006343157894736842,False
1,436,0.39996886253356934,0.6000311374664307,0.44944924116134644,0.9592716942148761,0.9583322128428785,0.0006333684210526316,False
1,437,0.3998912274837494,0.600108802318573,0.44852837920188904,0.9597107438016529,0.9585174157549815,0.0006324210526315789,False
1,438,0.39981314539909363,0.6001868844032288,0.4526655077934265,0.960056818181818,0.9582394908618433,0.0006314736842105264,False
1,439,0.399732768535614,0.6002671718597412,0.4541912376880646,0.960077479338843,0.9590404720572001,0.0006305263157894737,False
1,440,0.3996516466140747,0.6003482937812805,0.4537583887577057,0.960051652892562,0.9590294242800042,0.0006295789473684211,False
1,441,0.399566650390625,0.600433349609375,0.45065030455589294,0.9597727272727273,0.9597719980098975,0.0006286315789473684,False
1,442,0.39947831630706787,0.6005216836929321,0.45244166254997253,0.9596022727272727,0.9608518027058749,0.0006276842105263159,False
1,443,0.39939698576927185,0.6006030440330505,0.45630162954330444,0.9594214876033058,0.9617131533347841,0.0006267368421052632,False
1,444,0.3993211090564728,0.6006788611412048,0.4524119794368744,0.9589307851239669,0.9617849775916255,0.0006257894736842106,False
1,445,0.3992493152618408,0.600750744342804,0.4577717185020447,0.958853305785124,0.9614158082985377,0.0006248421052631579,False
1,446,0.3991793096065521,0.6008206605911255,0.4502686858177185,0.9591270661157024,0.9615459713668794,0.0006238947368421053,False
1,447,0.3991120755672455,0.6008878946304321,0.4539985954761505,0.9597004132231405,0.9617081385400889,0.0006229473684210527,False
1,448,0.3990429639816284,0.6009570360183716,0.45622771978378296,0.9601136363636364,0.9619889891568472,0.000622,False
1,449,0.39897212386131287,0.6010278463363647,0.4541410803794861,0.9602014462809917,0.9620155169937464,0.0006210526315789474,False
1,450,0.39889833331108093,0.6011016368865967,0.44769561290740967,0.9598553719008264,0.9617748735231786,0.0006201052631578947,False
1,451,0.3988247811794281,0.6011752486228943,0.4524807929992676,0.9592148760330579,0.9616678471382706,0.0006191578947368421,False
1,452,0.3987492322921753,0.6012508273124695,0.4489766061306,0.9589256198347107,0.9619383367739505,0.0006182105263157895,False
1,453,0.3986746668815613,0.6013253331184387,0.4526654779911041,0.9590754132231404,0.9623254804054697,0.000617263157894737,False
1,454,0.39859795570373535,0.6014020442962646,0.4523842930793762,0.9593078512396693,0.9626041288734094,0.0006163157894736842,False
1,455,0.39852216839790344,0.6014778017997742,0.4548127055168152,0.9595092975206612,0.9627445236614008,0.0006153684210526316,False
1,456,0.39844217896461487,0.6015577912330627,0.45550668239593506,0.9598398760330579,0.9623309950614958,0.000614421052631579,False
1,457,0.3983595073223114,0.6016404628753662,0.45064735412597656,0.9602582644628099,0.9618738444847109,0.0006134736842105264,False
1,458,0.39827853441238403,0.601721465587616,0.4520391523838043,0.9606611570247933,0.9616281882698536,0.0006125263157894737,False
1,459,0.3981971740722656,0.6018028259277344,0.4512207806110382,0.9609090909090908,0.961619553454566,0.0006115789473684211,False
1,460,0.39812034368515015,0.6018796563148499,0.4497264325618744,0.9609814049586777,0.9618755119269613,0.0006106315789473684,False
1,461,0.3980484902858734,0.6019514799118042,0.4541526138782501,0.9606456611570248,0.9621338718960748,0.0006096842105263159,False
1,462,0.39797770977020264,0.6020223498344421,0.4543569087982178,0.9605888429752065,0.9625916997636241,0.0006087368421052633,False
1,463,0.3979029655456543,0.6020969748497009,0.44661569595336914,0.9601911157024794,0.9623256893541787,0.0006077894736842105,False
1,464,0.3978252410888672,0.6021748185157776,0.45651066303253174,0.9600361570247935,0.9623873490805164,0.0006068421052631579,False
1,465,0.397745281457901,0.6022547483444214,0.4477747976779938,0.9600878099173554,0.9627111305064144,0.0006058947368421052,False
1,466,0.39766278862953186,0.6023371815681458,0.45335298776626587,0.9601497933884298,0.9628985340150187,0.0006049473684210527,False
1,467,0.39758187532424927,0.602418065071106,0.4510001838207245,0.9604132231404958,0.9631343185867143,0.000604,False
1,468,0.397503525018692,0.6024965047836304,0.45534029603004456,0.9610537190082645,0.9633702849820144,0.0006030526315789474,False
1,469,0.39742976427078247,0.6025702357292175,0.45065876841545105,0.9613636363636364,0.9634738733165291,0.0006021052631578947,False
1,470,0.3973575234413147,0.6026425361633301,0.44345909357070923,0.9614152892561983,0.9636165225794503,0.0006011578947368422,False
1,471,0.39727964997291565,0.602720320224762,0.4526684880256653,0.9611518595041323,0.963209878218393,0.0006002105263157895,False
1,472,0.39720794558525085,0.6027920842170715,0.45649418234825134,0.9608212809917355,0.962717804981851,0.0005992631578947369,False
1,473,0.3971308171749115,0.6028692126274109,0.4513932764530182,0.9604597107438017,0.9624059212361109,0.0005983157894736842,False
1,474,0.3970530927181244,0.602946937084198,0.4529789984226227,0.9599070247933884,0.9615750397590695,0.0005973684210526316,False
1,475,0.39697638154029846,0.6030236482620239,0.45115697383880615,0.959349173553719,0.9609623903675211,0.000596421052631579,False
1,476,0.3968990743160248,0.6031009554862976,0.45483994483947754,0.9587654958677685,0.9600920911337664,0.0005954736842105265,False
1,477,0.3968205749988556,0.603179395198822,0.4439988136291504,0.9588842975206612,0.9605637683635356,0.0005945263157894737,False
1,478,0.39674046635627747,0.6032595634460449,0.4445870518684387,0.9591064049586777,0.9610312424394247,0.0005935789473684211,False
1,479,0.3966609239578247,0.6033390760421753,0.4489979147911072,0.9593285123966941,0.9614162345441147,0.0005926315789473684,False
1,480,0.39657989144325256,0.6034201383590698,0.446435809135437,0.9599535123966942,0.9621011745582289,0.0005916842105263158,False
1,481,0.39650052785873413,0.6034994721412659,0.450889527797699,0.9605113636363637,0.9629093845883901,0.0005907368421052633,False
1,482,0.39642173051834106,0.6035782694816589,0.44646355509757996,0.9607747933884297,0.9633920997740881,0.0005897894736842105,False
1,483,0.3963416814804077,0.6036583185195923,0.4493334889411926,0.9608780991735536,0.9635399306794433,0.0005888421052631579,False
1,484,0.39625921845436096,0.6037408113479614,0.4436494708061218,0.9611673553719008,0.9638306159239599,0.0005878947368421053,False
1,485,0.3961791694164276,0.6038208603858948,0.4438875913619995,0.9614049586776858,0.9641390135467411,0.0005869473684210527,False
1,486,0.3960987627506256,0.603901207447052,0.44518569111824036,0.9614049586776859,0.9641687074164624,0.000586,False
1,487,0.3960266709327698,0.603973388671875,0.4448273777961731,0.9613584710743801,0.9643018701540997,0.0005850526315789473,False
1,488,0.3959554433822632,0.6040445566177368,0.44677141308784485,0.9611673553719008,0.9643719680986278,0.0005841052631578947,False
1,489,0.39589330554008484,0.6041067242622375,0.44370946288108826,0.9608212809917356,0.9640933771634139,0.0005831578947368421,False
1,490,0.3958323001861572,0.6041677594184875,0.4461343586444855,0.9604442148760333,0.9637604474756366,0.0005822105263157896,False
1,491,0.3957667648792267,0.6042332053184509,0.44794154167175293,0.9603305785123968,0.9636256372028197,0.0005812631578947368,False
1,492,0.395698606967926,0.6043014526367188,0.44338560104370117,0.9601136363636364,0.9633956970239266,0.0005803157894736842,False
1,493,0.3956346809864044,0.6043652892112732,0.4471406936645508,0.9602995867768594,0.9635146480745287,0.0005793684210526315,False
1,494,0.3955695927143097,0.6044304370880127,0.4451758563518524,0.9605371900826447,0.963676343860139,0.000578421052631579,False
1,495,0.39550402760505676,0.6044960021972656,0.4427027702331543,0.9608109504132232,0.9639765434907578,0.0005774736842105263,False
1,496,0.3954354524612427,0.6045645475387573,0.4411105811595917,0.9609194214876033,0.9639286629437223,0.0005765263157894737,False
1,497,0.39537158608436584,0.6046283841133118,0.4406534731388092,0.9611260330578512,0.9640114482907319,0.000575578947368421,False
1,498,0.3953099250793457,0.6046900749206543,0.444479763507843,0.9611157024793389,0.9640079268048595,0.0005746315789473685,False
1,499,0.39524996280670166,0.6047500967979431,0.4352942407131195,0.9607799586776858,0.9637379632024677,0.0005736842105263159,False
1,500,0.39519068598747253,0.6048093438148499,0.44041457772254944,0.960495867768595,0.9634596786540413,0.0005727368421052632,False
1,501,0.39512690901756287,0.6048731207847595,0.4497130811214447,0.9601188016528924,0.962934378773469,0.0005717894736842105,False
1,502,0.39506521821022034,0.604934811592102,0.4443775713443756,0.9601394628099172,0.9628093169515947,0.0005708421052631579,False
1,503,0.39500200748443604,0.604997992515564,0.44469574093818665,0.9597572314049586,0.962469554339956,0.0005698947368421053,False
1,504,0.3949401080608368,0.6050598621368408,0.44419825077056885,0.9594628099173554,0.9621322465949088,0.0005689473684210527,False
1,505,0.3948788642883301,0.6051211357116699,0.4426102638244629,0.9594163223140495,0.9622004020297396,0.000568,False
1,506,0.3948175311088562,0.6051824688911438,0.4423324465751648,0.9596332644628099,0.9622610703614808,0.0005670526315789473,False
1,507,0.3947572112083435,0.6052427887916565,0.44594863057136536,0.9597830578512396,0.9622627602775136,0.0005661052631578947,False
1,508,0.3946954607963562,0.6053045392036438,0.4462844431400299,0.959793388429752,0.9622281265657169,0.0005651578947368421,False
1,509,0.39463576674461365,0.6053642630577087,0.44060298800468445,0.9599690082644629,0.9624055001573156,0.0005642105263157896,False
1,510,0.39458170533180237,0.6054182648658752,0.4411700665950775,0.9605371900826446,0.9628886008421315,0.0005632631578947368,False
1,511,0.39452704787254333,0.605472981929779,0.4487988352775574,0.9609659090909092,0.9634064411600043,0.0005623157894736842,False
1,512,0.39446794986724854,0.6055319905281067,0.4402770698070526,0.9611880165289256,0.963906122565692,0.0005613684210526316,False
1,513,0.3944108188152313,0.6055891513824463,0.44756829738616943,0.9614101239669423,0.9643393053692965,0.0005604210526315791,False
1,514,0.3943515419960022,0.6056484580039978,0.4431106448173523,0.9615444214876033,0.9643546779419235,0.0005594736842105263,False
1,515,0.394287645816803,0.605712354183197,0.44617360830307007,0.9612913223140497,0.9643350929186499,0.0005585263157894737,False
1,516,0.3942238986492157,0.6057760715484619,0.4418257474899292,0.9608522727272727,0.9640826395712666,0.000557578947368421,False
1,517,0.3941579759120941,0.6058419942855835,0.44265425205230713,0.9604287190082644,0.9638855846508748,0.0005566315789473684,False
1,518,0.3940914571285248,0.6059085130691528,0.440838485956192,0.960340909090909,0.9637973656756961,0.0005556842105263159,False
1,519,0.39403000473976135,0.6059699654579163,0.44097384810447693,0.9606146694214877,0.964039504653016,0.0005547368421052631,False
1,520,0.39397090673446655,0.6060291528701782,0.44254663586616516,0.9610588842975208,0.9643452117191395,0.0005537894736842105,False
1,521,0.39391398429870605,0.6060860753059387,0.4443151652812958,0.9614514462809919,0.9647087601582882,0.0005528421052631578,False
1,522,0.39385491609573364,0.6061450839042664,0.4338139295578003,0.9616373966942149,0.96493763442153,0.0005518947368421053,False
1,523,0.39379599690437317,0.6062040328979492,0.44362178444862366,0.9613429752066116,0.9649398803163987,0.0005509473684210527,False
1,524,0.3937390446662903,0.6062610149383545,0.4457619786262512,0.9612964876033058,0.9651748787061678,0.00055,False
1,525,0.3936806619167328,0.6063193082809448,0.43728336691856384,0.9607076446280991,0.9646328924005765,0.0005490526315789473,False
1,526,0.39362868666648865,0.6063713431358337,0.4460690915584564,0.9600723140495867,0.9640056399122016,0.0005481052631578948,False
1,527,0.3935765326023102,0.6064234972000122,0.4416343867778778,0.9594783057851239,0.963335895126749,0.0005471578947368421,False
1,528,0.39352723956108093,0.6064727306365967,0.44193771481513977,0.9590444214876033,0.9626243804634234,0.0005462105263157896,False
1,529,0.3934844434261322,0.6065155267715454,0.44711172580718994,0.959168388429752,0.9625775049552415,0.0005452631578947368,False
1,530,0.39344024658203125,0.606559693813324,0.44090479612350464,0.9594059917355372,0.9625983804048456,0.0005443157894736843,False
1,531,0.393397718667984,0.6066022515296936,0.4403509795665741,0.9599276859504133,0.9630759783653139,0.0005433684210526316,False
1,532,0.39335259795188904,0.6066473722457886,0.43949174880981445,0.9604080578512396,0.9636545972696562,0.000542421052631579,False
1,533,0.3933054804801941,0.6066944599151611,0.4388507604598999,0.9606714876033058,0.9640305536177873,0.0005414736842105263,False
1,534,0.3932594358921051,0.6067405343055725,0.43722355365753174,0.960934917355372,0.9644760480171278,0.0005405263157894736,False
1,535,0.39321085810661316,0.6067891120910645,0.43793943524360657,0.961043388429752,0.9647610811917668,0.0005395789473684211,False
1,536,0.39315834641456604,0.6068416833877563,0.4384426176548004,0.9611363636363636,0.9649676255379364,0.0005386315789473684,False
1,537,0.3931041955947876,0.6068958044052124,0.4406071603298187,0.9611880165289256,0.9649770488907637,0.0005376842105263159,False
1,538,0.3930489122867584,0.606951117515564,0.4362030625343323,0.961198347107438,0.9650206546051401,0.0005367368421052631,False
1,539,0.39299291372299194,0.6070070862770081,0.4348035454750061,0.9611466942148761,0.9649803910560011,0.0005357894736842105,False
1,540,0.3929397463798523,0.6070603132247925,0.44750672578811646,0.9611311983471074,0.9648868016973464,0.0005348421052631579,False
1,541,0.3928816318511963,0.6071183681488037,0.44583651423454285,0.9612448347107438,0.964786938054694,0.0005338947368421053,False
1,542,0.3928179144859314,0.6071820855140686,0.43692511320114136,0.9612035123966942,0.9646683000279875,0.0005329473684210526,False
1,543,0.3927554488182068,0.6072445511817932,0.43863365054130554,0.9612138429752067,0.9643950702395545,0.000532,False
1,544,0.39269161224365234,0.6073083281517029,0.43190526962280273,0.9609555785123967,0.9639803891698449,0.0005310526315789474,False
1,545,0.39262840151786804,0.6073715686798096,0.43616101145744324,0.9611105371900827,0.9642323311491213,0.0005301052631578948,False
1,546,0.39257341623306274,0.6074265837669373,0.44270581007003784,0.9610847107438016,0.9639789972770973,0.0005291578947368421,False
1,547,0.39251798391342163,0.6074819564819336,0.43368780612945557,0.9610898760330578,0.963842286820765,0.0005282105263157894,False
1,548,0.3924611210823059,0.6075388789176941,0.43909239768981934,0.9609917355371901,0.9636096818343814,0.0005272631578947368,False
1,549,0.39240384101867676,0.6075960993766785,0.43647295236587524,0.9609607438016529,0.9635148887157208,0.0005263157894736842,False
1,550,0.39234432578086853,0.6076557040214539,0.43589329719543457,0.9610072314049587,0.9635373989834104,0.0005253684210526316,False
1,551,0.39229172468185425,0.6077082753181458,0.43986713886260986,0.9606663223140496,0.9631530829208886,0.000524421052631579,False
1,552,0.39223712682724,0.60776287317276,0.43952620029449463,0.9606095041322313,0.9630750178169551,0.0005234736842105263,False
1,553,0.3921855390071869,0.6078144907951355,0.43929314613342285,0.9607438016528926,0.963215405354784,0.0005225263157894736,False
1,554,0.3921315670013428,0.6078684329986572,0.4367080330848694,0.9611621900826447,0.9637064139368017,0.0005215789473684211,False
1,555,0.39207977056503296,0.6079202890396118,0.4315393269062042,0.9614256198347108,0.9639089969790058,0.0005206315789473684,False
1,556,0.3920339345932007,0.6079660654067993,0.43634000420570374,0.9617820247933885,0.9642600779055215,0.0005196842105263159,False
1,557,0.3919842839241028,0.6080157160758972,0.4357171356678009,0.9618956611570247,0.9644817750658136,0.0005187368421052631,False
1,558,0.3919340968132019,0.6080658435821533,0.43524032831192017,0.9620971074380165,0.9646554529308573,0.0005177894736842106,False
1,559,0.39188629388809204,0.608113706111908,0.43402111530303955,0.9621384297520661,0.9646943826435359,0.0005168421052631579,False
1,560,0.3918389081954956,0.6081610918045044,0.44066253304481506,0.9618336776859505,0.9642866068690608,0.0005158947368421053,False
1,561,0.3917904496192932,0.6082096099853516,0.4332212209701538,0.9617303719008263,0.9640103210692418,0.0005149473684210526,False
1,562,0.39174121618270874,0.6082587838172913,0.4334014356136322,0.9616270661157025,0.9637996654683898,0.000514,False
1,563,0.39169880747795105,0.6083011627197266,0.4360831677913666,0.9616477272727273,0.9636513395131535,0.0005130526315789474,False
1,564,0.39165931940078735,0.6083406805992126,0.43362200260162354,0.9616270661157025,0.9634448404915219,0.0005121052631578947,False
1,565,0.3916204273700714,0.608379602432251,0.4328727126121521,0.9614256198347108,0.9633675921740883,0.0005111578947368422,False
1,566,0.39157965779304504,0.6084203720092773,0.43566393852233887,0.9614411157024794,0.9640277485838001,0.0005102105263157894,False
1,567,0.39153242111206055,0.6084675788879395,0.4346694350242615,0.9609814049586777,0.9640199141139253,0.0005092631578947368,False
1,568,0.3914828300476074,0.6085171699523926,0.4387477934360504,0.9605578512396694,0.9639223995598014,0.0005083157894736842,False
1,569,0.391432523727417,0.6085674166679382,0.4320623278617859,0.960206611570248,0.9634154261522039,0.0005073684210526316,False
1,570,0.391381174325943,0.6086188554763794,0.43162277340888977,0.9602530991735537,0.9633457657810587,0.000506421052631579,False
1,571,0.3913296163082123,0.6086703538894653,0.43205153942108154,0.9600413223140496,0.9630716248627087,0.0005054736842105263,False
1,572,0.39127761125564575,0.6087223887443542,0.43379560112953186,0.9597727272727273,0.9629654817207851,0.0005045263157894737,False
1,573,0.3912261426448822,0.6087738871574402,0.43573859333992004,0.959659090909091,0.9629495541708422,0.0005035789473684211,False
1,574,0.3911724090576172,0.6088275909423828,0.43668437004089355,0.9594576446280992,0.9628546699084852,0.0005026315789473684,False
1,575,0.39112597703933716,0.6088740229606628,0.4386976361274719,0.9597107438016529,0.9635144993984753,0.0005016842105263159,False
1,576,0.39107832312583923,0.6089217066764832,0.436430424451828,0.9598811983471075,0.9640172828455784,0.0005007368421052631,False
1,577,0.3910290598869324,0.6089709401130676,0.43320760130882263,0.9603667355371901,0.9646744003236108,0.0004997894736842106,False
1,578,0.3909725844860077,0.6090273857116699,0.4325622320175171,0.9609400826446282,0.965180421496777,0.0004988421052631579,False
1,579,0.3909178376197815,0.6090821623802185,0.4372137188911438,0.9614307851239671,0.9654709528659318,0.0004978947368421053,False
1,580,0.3908635079860687,0.6091365218162537,0.4381478428840637,0.9616942148760331,0.9657272919712896,0.0004969473684210526,False
1,581,0.3908097445964813,0.6091902256011963,0.43954718112945557,0.9619059917355373,0.9655365206990022,0.0004959999999999999,False
1,582,0.39075663685798645,0.6092433333396912,0.4313998520374298,0.962060950413223,0.9653109454313032,0.0004950526315789474,False
1,583,0.3907039165496826,0.6092960834503174,0.43337520956993103,0.9620402892561983,0.9652005736987684,0.0004941052631578947,False
1,584,0.3906526267528534,0.609347403049469,0.43525537848472595,0.9619886363636364,0.9651150424242044,0.0004931578947368422,False
1,585,0.3906020224094391,0.6093979477882385,0.431845098733902,0.9617355371900825,0.9648773415672443,0.0004922105263157894,False
1,586,0.3905471861362457,0.6094527840614319,0.4346848726272583,0.9614462809917355,0.9645076905874385,0.0004912631578947369,False
1,587,0.3904911279678345,0.6095088124275208,0.43154212832450867,0.9610640495867769,0.9641220725213657,0.0004903157894736842,False
1,588,0.3904406428337097,0.6095593571662903,0.43235915899276733,0.9609555785123967,0.9638822320063465,0.0004893684210526316,False
1,589,0.3903926908969879,0.6096072793006897,0.4344737231731415,0.9605113636363637,0.9633288519103332,0.000488421052631579,False
1,590,0.39034348726272583,0.6096565127372742,0.43788695335388184,0.9603409090909091,0.963298590702897,0.0004874736842105263,False
1,591,0.39029520750045776,0.6097047924995422,0.43599802255630493,0.9603822314049587,0.9633999822371702,0.0004865263157894737,False
1,592,0.3902464509010315,0.6097535490989685,0.4305753707885742,0.960335743801653,0.9631998011519765,0.00048557894736842103,False
1,593,0.3901978135108948,0.6098021864891052,0.43034136295318604,0.9603512396694216,0.9629361240920863,0.0004846315789473684,False
1,594,0.39014992117881775,0.6098501086235046,0.43281593918800354,0.9606095041322316,0.9633738058253544,0.00048368421052631574,False
1,595,0.3900984525680542,0.6099015474319458,0.432246595621109,0.9606146694214877,0.9637779397886602,0.00048273684210526307,False
1,596,0.39004889130592346,0.6099511384963989,0.4371604323387146,0.9604493801652892,0.9638760411732685,0.0004817894736842105,False
1,597,0.38999566435813904,0.6100043654441833,0.4312923550605774,0.9605165289256199,0.9642053940431352,0.0004808421052631578,False
1,598,0.3899479806423187,0.6100519895553589,0.43502336740493774,0.9606146694214877,0.9642328895764148,0.00047989473684210526,False
1,599,0.38989928364753723,0.6101007461547852,0.4278697669506073,0.9605061983471075,0.9641023289481655,0.0004789473684210526,False
1,600,0.38985082507133484,0.6101492047309875,0.4305809736251831,0.9603460743801654,0.9639139651403292,0.000478,False
1,601,0.3898026645183563,0.6101973652839661,0.43015551567077637,0.9602737603305785,0.963827419780295,0.00047705263157894734,False
1,602,0.38975071907043457,0.6102493405342102,0.4270119369029999,0.9603460743801653,0.9640013148582247,0.00047610526315789467,False
1,603,0.38969749212265015,0.6103025078773499,0.42724472284317017,0.9603409090909092,0.9642012384837854,0.0004751578947368421,False
1,604,0.3896429240703583,0.6103570461273193,0.42628803849220276,0.9605010330578511,0.9645029780282569,0.00047421052631578943,False
1,605,0.38958480954170227,0.6104151606559753,0.42680925130844116,0.9605940082644628,0.9647202076469327,0.00047326315789473686,False
1,606,0.38952693343162537,0.6104730367660522,0.437591552734375,0.9607438016528925,0.964781276854809,0.0004723157894736842,False
1,607,0.3894706666469574,0.6105293035507202,0.4297318756580353,0.9608316115702479,0.9647779827966153,0.0004713684210526316,False
1,608,0.38942059874534607,0.6105794310569763,0.43503713607788086,0.9610640495867769,0.9647229279092178,0.00047042105263157895,False
1,609,0.3893786072731018,0.6106213927268982,0.43683192133903503,0.9610020661157025,0.9643941193018337,0.0004694736842105263,False
1,610,0.3893338441848755,0.6106660962104797,0.43735837936401367,0.9609762396694215,0.9643774603258759,0.00046852631578947365,False
1,611,0.3892887830734253,0.6107112169265747,0.42506641149520874,0.9606921487603307,0.964168500385504,0.000467578947368421,False
1,612,0.3892439007759094,0.6107560992240906,0.43520352244377136,0.9602479338842975,0.9636729005194993,0.0004666315789473684,False
1,613,0.38919392228126526,0.6108061075210571,0.42965567111968994,0.9597675619834711,0.9631890887991313,0.00046568421052631574,False
1,614,0.38914787769317627,0.610852062702179,0.43378421664237976,0.9596590909090909,0.9630900249374899,0.00046473684210526317,False
1,615,0.3891007602214813,0.6108992099761963,0.4224841594696045,0.9597469008264464,0.963218070338502,0.0004637894736842105,False
1,616,0.38905373215675354,0.6109462380409241,0.428064227104187,0.9600413223140497,0.963630858543907,0.00046284210526315793,False
1,617,0.38900139927864075,0.6109985709190369,0.4244401454925537,0.9601239669421489,0.9637799054177142,0.00046189473684210525,False
1,618,0.3889535367488861,0.6110464334487915,0.4313949644565582,0.9603977272727273,0.9644501971595381,0.0004609473684210526,False
1,619,0.3889026343822479,0.6110973358154297,0.4261384904384613,0.9606559917355373,0.9649402367525385,0.00046,False
1,620,0.3888522982597351,0.6111477017402649,0.4320977032184601,0.96099173553719,0.9652315036962986,0.00045905263157894734,False
1,621,0.38880544900894165,0.6111945509910583,0.43547046184539795,0.9614721074380166,0.9658387267492821,0.0004581052631578948,False
1,622,0.3887580633163452,0.6112419962882996,0.42924395203590393,0.9618440082644628,0.9661079652242275,0.0004571578947368421,False
1,623,0.38870900869369507,0.6112909913063049,0.4374829828739166,0.9620454545454546,0.9661354832289083,0.0004562105263157895,False
1,624,0.3886621594429016,0.6113378405570984,0.42691129446029663,0.962448347107438,0.9662394976059149,0.0004552631578947368,False
1,625,0.3886144459247589,0.6113855242729187,0.4263920783996582,0.9626652892561983,0.9662666054851993,0.00045431578947368413,True
1,626,0.3885679244995117,0.6114320755004883,0.42733609676361084,0.9623863636363637,0.9658837215505829,0.00045336842105263156,False
1,627,0.3885228931903839,0.6114770770072937,0.42830389738082886,0.9621487603305785,0.9656172752402982,0.0004524210526315789,False
1,628,0.3884871304035187,0.6115128397941589,0.4325173795223236,0.9618388429752066,0.965351682626791,0.0004514736842105263,False
1,629,0.38845354318618774,0.6115463972091675,0.42002174258232117,0.9615340909090909,0.9651137749246644,0.00045052631578947365,False
1,630,0.3884148597717285,0.6115851402282715,0.42674487829208374,0.9612809917355372,0.9648914213585983,0.0004495789473684211,False
1,631,0.3883779048919678,0.6116220951080322,0.4283621311187744,0.9611673553719008,0.9648391657638983,0.0004486315789473684,False
1,632,0.3883412480354309,0.6116587519645691,0.427565336227417,0.9608419421487603,0.9646325343300722,0.00044768421052631573,False
1,633,0.3883027136325836,0.6116973161697388,0.4296979010105133,0.9605681818181818,0.9643433434584355,0.00044673684210526317,False
1,634,0.3882640302181244,0.6117359399795532,0.42722949385643005,0.9605836776859504,0.9642764705259385,0.0004457894736842105,False
1,635,0.38822510838508606,0.6117748618125916,0.4309631288051605,0.9605320247933885,0.9640354533226417,0.0004448421052631579,False
1,636,0.38818359375,0.6118164658546448,0.42563313245773315,0.9607128099173553,0.964108900772616,0.00044389473684210525,False
1,637,0.3881383538246155,0.6118615865707397,0.4206792116165161,0.9609555785123965,0.9642496957291209,0.0004429473684210527,False
1,638,0.3880941569805145,0.6119058132171631,0.425138920545578,0.9613842975206611,0.964495288666271,0.000442,False
1,639,0.38804829120635986,0.6119517087936401,0.4291030168533325,0.9614256198347108,0.9645155713177784,0.00044105263157894734,False
1,640,0.3880005180835724,0.6119994521141052,0.4263268709182739,0.9611466942148761,0.9643950089165637,0.0004401052631578947,False
1,641,0.3879503905773163,0.6120496392250061,0.4249722361564636,0.9606456611570249,0.9639245306211889,0.00043915789473684204,False
1,642,0.38789743185043335,0.6121025681495667,0.4243986904621124,0.9605578512396694,0.9638728888433677,0.0004382105263157895,False
1,643,0.3878445625305176,0.6121554374694824,0.42373010516166687,0.960051652892562,0.9635889248330998,0.0004372631578947368,False
1,644,0.3877965211868286,0.6122034788131714,0.4260988235473633,0.9597675619834712,0.9633614657050218,0.00043631578947368423,False
1,645,0.3877464830875397,0.6122535467147827,0.41912251710891724,0.959870867768595,0.9634698857290984,0.00043536842105263156,False
1,646,0.38769808411598206,0.6123018860816956,0.4210536479949951,0.9599380165289256,0.9636789597926734,0.0004344210526315789,False
1,647,0.3876546323299408,0.6123453378677368,0.4214526116847992,0.9600981404958678,0.9639480246214662,0.0004334736842105263,False
1,648,0.38760921359062195,0.6123908162117004,0.42485976219177246,0.9600826446280991,0.9638890818957799,0.00043252631578947364,False
1,649,0.3875643312931061,0.6124356985092163,0.43229153752326965,0.9599896694214877,0.9639971041042741,0.0004315789473684211,False
1,650,0.3875218331813812,0.6124781966209412,0.4270514249801636,0.9599328512396694,0.9638382103407005,0.0004306315789473684,False
1,651,0.3874814212322235,0.6125186085700989,0.42485305666923523,0.9597055785123967,0.9634944025952286,0.00042968421052631584,False
1,652,0.3874424993991852,0.6125574707984924,0.4252578616142273,0.959478305785124,0.9632918977118631,0.00042873684210526316,False
1,653,0.3874092996120453,0.6125907301902771,0.4263761341571808,0.9592820247933884,0.9630473890650649,0.0004277894736842105,False
1,654,0.3873746991157532,0.6126253008842468,0.4259912371635437,0.9591270661157025,0.9628477551260065,0.00042684210526315787,False
1,655,0.38734152913093567,0.6126584410667419,0.4199756979942322,0.9591167355371901,0.9628743582027209,0.0004258947368421052,False
1,656,0.3873116672039032,0.6126883625984192,0.42859601974487305,0.9592768595041323,0.9629203947164204,0.0004249473684210526,False
1,657,0.38728150725364685,0.6127184629440308,0.42803359031677246,0.9594989669421488,0.9631070096747859,0.00042399999999999995,False
1,658,0.38725027441978455,0.6127496957778931,0.4281909465789795,0.9596745867768596,0.963193477559218,0.0004230526315789474,False
1,659,0.38721755146980286,0.6127824187278748,0.4249899387359619,0.9597856404958677,0.9632221311015151,0.0004221052631578947,False
1,660,0.38718608021736145,0.6128139495849609,0.4278222322463989,0.9599948347107438,0.9634889588967404,0.00042115789473684204,False
1,661,0.3871527910232544,0.6128472089767456,0.42460036277770996,0.960418388429752,0.963900116789397,0.00042021052631578947,False
1,662,0.3871195614337921,0.6128804683685303,0.4257831871509552,0.9609013429752067,0.9643237298960745,0.0004192631578947368,False
1,663,0.387086421251297,0.6129136085510254,0.42063456773757935,0.9612809917355373,0.9645792437321916,0.00041831578947368423,False
1,664,0.3870513141155243,0.6129486560821533,0.42167598009109497,0.961539256198347,0.9646769475700333,0.00041736842105263156,False
1,665,0.3870154917240143,0.6129844784736633,0.42052730917930603,0.9617407024793391,0.9647583452586441,0.000416421052631579,False
1,666,0.38697877526283264,0.613021194934845,0.4260052442550659,0.9615237603305784,0.9643739606547963,0.0004154736842105263,False
1,667,0.38694214820861816,0.6130578517913818,0.42100757360458374,0.9615289256198347,0.9643127272369801,0.00041452631578947364,False
1,668,0.3869084417819977,0.6130915284156799,0.42419224977493286,0.9612448347107437,0.9642171141714962,0.0004135789473684211,False
1,669,0.3868753910064697,0.6131246089935303,0.4221092462539673,0.9609710743801653,0.9638111599408886,0.0004126315789473684,False
1,670,0.38684046268463135,0.6131595373153687,0.42543452978134155,0.9608574380165289,0.9634982429352148,0.0004116842105263158,False
1,671,0.3868069350719452,0.6131930351257324,0.42941975593566895,0.9609865702479339,0.9633872949920594,0.0004107368421052631,False
1,672,0.38677796721458435,0.613222062587738,0.42761528491973877,0.9612190082644627,0.9634384907875099,0.00040978947368421054,False
1,673,0.3867492079734802,0.6132507920265198,0.424274742603302,0.9613997933884296,0.9634846643911268,0.00040884210526315786,False
1,674,0.38672077655792236,0.6132791638374329,0.42103010416030884,0.9617252066115701,0.9639423186235886,0.0004078947368421052,False
1,675,0.3866964280605316,0.613303542137146,0.42548564076423645,0.9619524793388429,0.9643051857929521,0.0004069473684210526,False
1,676,0.3866710364818573,0.6133289337158203,0.42743411660194397,0.9618440082644628,0.9643011831075846,0.00040599999999999995,False
1,677,0.38664424419403076,0.6133557558059692,0.4229580760002136,0.9618440082644628,0.9644122952374224,0.0004050526315789474,False
1,678,0.386614590883255,0.6133853793144226,0.4309546947479248,0.9619938016528926,0.9646082291133172,0.0004041052631578947,False
1,679,0.3865806460380554,0.6134193539619446,0.42695584893226624,0.9620661157024794,0.9644850375403997,0.00040315789473684214,False
1,680,0.38654693961143494,0.6134530305862427,0.4231281578540802,0.9620092975206611,0.9642921441393112,0.00040221052631578947,False
1,681,0.3865149915218353,0.6134850382804871,0.4248552620410919,0.9617768595041323,0.9640232481697543,0.0004012631578947368,False
1,682,0.3864859640598297,0.6135140061378479,0.42685556411743164,0.961456611570248,0.9636848790055763,0.0004003157894736842,False
1,683,0.3864576518535614,0.613542377948761,0.41989532113075256,0.96125,0.9633505212367625,0.00039936842105263155,False
1,684,0.3864293694496155,0.6135706901550293,0.4219512641429901,0.9610898760330578,0.9631055055220141,0.000398421052631579,False
1,685,0.3863992989063263,0.6136007308959961,0.4243621826171875,0.9609194214876032,0.9629835752508263,0.0003974736842105263,False
1,686,0.38636940717697144,0.6136306524276733,0.4304652810096741,0.9607541322314049,0.9629932208667956,0.0003965263157894737,False
1,687,0.3863409161567688,0.6136590838432312,0.42431044578552246,0.9606611570247934,0.9630305600504078,0.000395578947368421,False
1,688,0.3863122761249542,0.6136877536773682,0.414501816034317,0.9603409090909091,0.9630989767579532,0.00039463157894736834,False
1,689,0.3862846791744232,0.6137152910232544,0.4252064824104309,0.9599121900826447,0.9628173200619152,0.0003936842105263158,False
1,690,0.38625574111938477,0.6137441992759705,0.4232417941093445,0.9596074380165289,0.96255373723841,0.0003927368421052631,False
1,691,0.3862243592739105,0.6137756705284119,0.419454962015152,0.9594059917355372,0.9623083562754006,0.00039178947368421053,False
1,692,0.3861945867538452,0.6138054132461548,0.4151186943054199,0.9594421487603306,0.9624322079546341,0.00039084210526315786,False
1,693,0.3861600458621979,0.6138399839401245,0.41880306601524353,0.9594576446280992,0.9625492654647596,0.0003898947368421053,False
1,694,0.38612478971481323,0.613875150680542,0.4217500388622284,0.9595247933884298,0.9626693252305515,0.0003889473684210526,False
1,695,0.38609108328819275,0.6139089465141296,0.4256901443004608,0.9597778925619835,0.9627005395428173,0.00038799999999999994,False
1,696,0.38605478405952454,0.6139451861381531,0.42617711424827576,0.9596900826446282,0.9623503582692332,0.0003870526315789474,False
1,697,0.386017382144928,0.613982617855072,0.42628514766693115,0.9598605371900827,0.9624110438795453,0.0003861052631578947,False
1,698,0.3859836757183075,0.6140162944793701,0.42467063665390015,0.9598502066115703,0.9624047855469602,0.00038515789473684214,False
1,699,0.38594889640808105,0.614051103591919,0.4233277440071106,0.9597623966942148,0.9624330095687705,0.00038421052631578946,False
1,700,0.38591381907463074,0.6140862107276917,0.42266806960105896,0.9596849173553719,0.9623913414207268,0.00038326315789473684,False
1,701,0.38587841391563416,0.6141216158866882,0.42497238516807556,0.9598657024793389,0.962599779186453,0.00038231578947368417,False
1,702,0.38584378361701965,0.614156186580658,0.42241525650024414,0.9599483471074379,0.9628175507697845,0.0003813684210526315,False
1,703,0.38580915331840515,0.6141908764839172,0.41959425806999207,0.9601446280991736,0.96323137239373,0.00038042105263157893,False
1,704,0.3857758641242981,0.6142241358757019,0.4189135432243347,0.9606869834710743,0.9637426443161266,0.00037947368421052625,False
1,705,0.38574251532554626,0.6142575144767761,0.41942012310028076,0.9610175619834711,0.9638765631256763,0.0003785263157894737,False
1,706,0.38570716977119446,0.6142928600311279,0.41935786604881287,0.9613946280991736,0.9642652941517672,0.000377578947368421,False
1,707,0.3856731355190277,0.6143268346786499,0.4205685257911682,0.9616270661157025,0.9643822362986566,0.00037663157894736845,False
1,708,0.38563409447669983,0.6143659353256226,0.4198108911514282,0.9619369834710745,0.9648561592329905,0.00037568421052631577,False
1,709,0.38559234142303467,0.6144076585769653,0.4218807518482208,0.9621280991735537,0.9650526040551646,0.0003747368421052631,False
1,710,0.38555049896240234,0.6144495010375977,0.4216754734516144,0.9619421487603307,0.964861005137888,0.00037378947368421053,False
1,711,0.38550838828086853,0.6144915819168091,0.4165838062763214,0.9616632231404958,0.9643426730700788,0.00037284210526315786,False
1,712,0.3854633569717407,0.6145366430282593,0.4174785017967224,0.9615444214876034,0.9640744230379303,0.0003718947368421053,False
1,713,0.38542109727859497,0.614578902721405,0.41820940375328064,0.961430785123967,0.96385776996151,0.0003709473684210526,False
1,714,0.385378360748291,0.614621639251709,0.4238276779651642,0.9610950413223139,0.9635604073254775,0.00037000000000000005,False
1,715,0.3853311240673065,0.6146688461303711,0.426839143037796,0.9609039256198346,0.9635387316106194,0.0003690526315789474,False
1,716,0.3852878510951996,0.6147121787071228,0.42113518714904785,0.9607592975206611,0.9635734124764272,0.0003681052631578947,False
1,717,0.38524743914604187,0.6147525906562805,0.4207073152065277,0.960335743801653,0.9633213532863016,0.0003671578947368421,False
1,718,0.3852095901966095,0.6147903800010681,0.4213249087333679,0.9597572314049586,0.9627196535208297,0.0003662105263157894,False
1,719,0.38517192006111145,0.6148281097412109,0.4230974316596985,0.9596332644628098,0.9626208393442081,0.00036526315789473684,False
1,720,0.3851337730884552,0.6148662567138672,0.4188232123851776,0.9594834710743801,0.962306186813618,0.00036431578947368416,False
1,721,0.38509443402290344,0.6149055361747742,0.41855692863464355,0.9594473140495867,0.9620851267335631,0.0003633684210526316,False
1,722,0.3850574493408203,0.6149424910545349,0.41452884674072266,0.9594369834710744,0.9620053227945382,0.0003624210526315789,False
1,723,0.3850221335887909,0.6149778366088867,0.4165324568748474,0.9595712809917356,0.9621686465330817,0.00036147368421052625,False
1,724,0.38498562574386597,0.615014374256134,0.42358842492103577,0.9596694214876033,0.962187155538802,0.0003605263157894737,False
1,725,0.3849484324455261,0.6150515675544739,0.419413685798645,0.9596952479338843,0.9623771271829553,0.000359578947368421,False
1,726,0.3849117159843445,0.6150882244110107,0.4200938045978546,0.9597882231404958,0.9625065486518102,0.00035863157894736844,False
1,727,0.3848813772201538,0.6151186227798462,0.4207029640674591,0.9601239669421487,0.9630550984808891,0.00035768421052631577,False
1,728,0.3848540484905243,0.6151459813117981,0.42183536291122437,0.9604700413223141,0.963327190802005,0.0003567368421052632,False
1,729,0.3848273754119873,0.6151726245880127,0.417011559009552,0.9605113636363635,0.9631112416280392,0.0003557894736842105,False
1,730,0.38480132818222046,0.6151986718177795,0.4205964505672455,0.9606198347107437,0.9630530546456966,0.00035484210526315785,False
1,731,0.38477322459220886,0.6152268052101135,0.414315789937973,0.9605888429752065,0.9628428150938461,0.00035389473684210523,False
1,732,0.3847443759441376,0.61525559425354,0.4199713468551636,0.9605371900826448,0.9626289196544131,0.00035294736842105256,False
1,733,0.38471680879592896,0.6152831315994263,0.42417261004447937,0.9604648760330579,0.9625121549717351,0.000352,False
1,734,0.3846915662288666,0.615308403968811,0.42751258611679077,0.9603460743801653,0.9624925631673993,0.0003510526315789473,False
1,735,0.38466426730155945,0.6153357028961182,0.42126327753067017,0.9603202479338844,0.9624189482498983,0.00035010526315789475,False
1,736,0.38463714718818665,0.6153628826141357,0.42040279507637024,0.9599018595041321,0.9620237912913597,0.0003491578947368421,False
1,737,0.3846093714237213,0.6153905987739563,0.4158996045589447,0.9596074380165289,0.9618670807641571,0.0003482105263157894,False
1,738,0.3845805823802948,0.6154194474220276,0.4201250374317169,0.9594628099173553,0.9619134689540161,0.00034726315789473683,False
1,739,0.3845502436161041,0.6154497265815735,0.41944921016693115,0.9596694214876033,0.9622391424538809,0.00034631578947368416,False
1,740,0.3845173716545105,0.6154825687408447,0.41611868143081665,0.9597572314049586,0.9624751041155114,0.0003453684210526316,False
1,741,0.3844870924949646,0.6155129671096802,0.41869205236434937,0.9600826446280992,0.9628762886842752,0.0003444210526315789,False
1,742,0.384460985660553,0.615539014339447,0.4167197346687317,0.9605940082644627,0.9633322947306414,0.00034347368421052635,False
1,743,0.38443562388420105,0.6155644059181213,0.41944777965545654,0.9608832644628099,0.9633828377572978,0.0003425263157894737,False
1,744,0.3844096064567566,0.6155903339385986,0.4227551519870758,0.9609090909090909,0.9631776647901363,0.000341578947368421,False
1,745,0.3843838572502136,0.6156160831451416,0.41665521264076233,0.9607696280991735,0.9629436554636125,0.00034063157894736844,False
1,746,0.38435837626457214,0.6156415939331055,0.41573354601860046,0.9605010330578513,0.9627665790919895,0.00033968421052631576,False
1,747,0.3843286335468292,0.6156713366508484,0.4151228666305542,0.9603822314049586,0.9626801302643818,0.0003387368421052632,False
1,748,0.3842991292476654,0.615700900554657,0.4141996502876282,0.9603150826446281,0.962821659335175,0.0003377894736842105,False
1,749,0.3842678964138031,0.6157320737838745,0.41974198818206787,0.9604132231404959,0.9629871092565814,0.00033684210526315796,False
1,750,0.38423553109169006,0.6157644391059875,0.42230916023254395,0.9605991735537192,0.9632490914496246,0.0003358947368421053,False
1,751,0.3842035233974457,0.6157965064048767,0.41788408160209656,0.9606818181818182,0.9633958951233521,0.0003349473684210526,False
1,752,0.38417017459869385,0.6158298254013062,0.41498732566833496,0.960986570247934,0.9637978655454464,0.000334,False
1,753,0.38414114713668823,0.6158588528633118,0.42112791538238525,0.9610640495867768,0.9639657557235982,0.0003330526315789473,False
1,754,0.3841089606285095,0.6158910393714905,0.4171906113624573,0.961017561983471,0.9639270791321115,0.00033210526315789475,False
1,755,0.3840789198875427,0.615921139717102,0.42027390003204346,0.9608987603305785,0.9639417827407176,0.00033115789473684207,False
1,756,0.3840474486351013,0.6159524917602539,0.4222164750099182,0.9605681818181818,0.9636646069281052,0.0003302105263157895,False
1,757,0.38401687145233154,0.6159831285476685,0.4111871123313904,0.9604493801652892,0.963422713790652,0.00032926315789473683,False
1,758,0.38398247957229614,0.6160175204277039,0.4202483892440796,0.9601704545454546,0.9631192466169154,0.00032831578947368416,False
1,759,0.383948415517807,0.6160515546798706,0.41719940304756165,0.9598811983471074,0.9627244513581822,0.0003273684210526316,False
1,760,0.38391515612602234,0.6160848736763,0.41693490743637085,0.9598037190082644,0.9625317675601233,0.0003264210526315789,False
1,761,0.383883535861969,0.616116464138031,0.4185594916343689,0.9597417355371901,0.9623816435679178,0.00032547368421052635,False
1,762,0.3838510513305664,0.6161489486694336,0.4177393615245819,0.959504132231405,0.9621289909553337,0.0003245263157894737,False
1,763,0.3838259279727936,0.6161741018295288,0.4232316315174103,0.9595351239669421,0.9621915232701838,0.0003235789473684211,False
1,764,0.38380002975463867,0.6162000298500061,0.41718268394470215,0.9594524793388429,0.9622812849128012,0.00032263157894736843,False
1,765,0.38377517461776733,0.6162248253822327,0.41742461919784546,0.9591064049586777,0.9618343336727566,0.0003216842105263158,False
1,766,0.3837535083293915,0.6162464618682861,0.4198230504989624,0.9590599173553719,0.9616518115362377,0.00032073684210526314,False
1,767,0.3837276101112366,0.6162724494934082,0.4172610342502594,0.9591632231404958,0.9615175796947889,0.00031978947368421046,False
1,768,0.38370034098625183,0.6162996888160706,0.42080676555633545,0.959090909090909,0.9612948220600606,0.0003188421052631579,False
1,769,0.3836752474308014,0.616324782371521,0.4194738268852234,0.9590702479338843,0.9611836674159604,0.0003178947368421052,False
1,770,0.3836499750614166,0.6163500547409058,0.4193965792655945,0.9588997933884297,0.9609988665767571,0.00031694736842105266,False
1,771,0.3836221694946289,0.6163778305053711,0.41117966175079346,0.9588739669421487,0.9609967651435011,0.000316,False
1,772,0.38359200954437256,0.6164079904556274,0.41757410764694214,0.9588429752066115,0.9610382430801521,0.0003150526315789474,False
1,773,0.38355910778045654,0.6164408922195435,0.41619277000427246,0.9587758264462809,0.9607816799517179,0.00031410526315789474,False
1,774,0.3835252523422241,0.6164746880531311,0.41572028398513794,0.9589617768595041,0.9610779432498298,0.00031315789473684207,False
1,775,0.3834920823574066,0.616507887840271,0.41955792903900146,0.9591270661157025,0.9610040354995696,0.0003122105263157895,False
1,776,0.3834581971168518,0.6165418028831482,0.4142588675022125,0.9591580578512396,0.9611067247647637,0.00031126315789473683,False
1,777,0.3834247291088104,0.616575300693512,0.42142146825790405,0.9589462809917354,0.9608225830022736,0.00031031578947368426,False
1,778,0.3833903968334198,0.6166095733642578,0.41657885909080505,0.9589462809917355,0.9607239776683436,0.0003093684210526316,False
1,779,0.3833570182323456,0.6166430115699768,0.41852957010269165,0.9587913223140496,0.9606646121145859,0.000308421052631579,False
1,780,0.38332366943359375,0.616676390171051,0.4204881191253662,0.9589101239669422,0.9608845363621968,0.00030747368421052635,False
1,781,0.3832921087741852,0.6167078614234924,0.415393590927124,0.9590702479338844,0.961131908185284,0.00030652631578947367,False
1,782,0.38326045870780945,0.6167395114898682,0.4140676259994507,0.9592768595041322,0.961430284978608,0.00030557894736842105,False
1,783,0.3832280933856964,0.616771936416626,0.41751471161842346,0.9595971074380165,0.9618245888887382,0.0003046315789473684,False
1,784,0.38319507241249084,0.6168048977851868,0.41073301434516907,0.9597623966942148,0.9619000758641604,0.0003036842105263158,False
1,785,0.38316255807876587,0.6168374419212341,0.4189121127128601,0.9598605371900827,0.9620239039723782,0.00030273684210526314,False
1,786,0.3831314444541931,0.6168685555458069,0.41148504614830017,0.9599948347107439,0.9622137853698336,0.00030178947368421057,False
1,787,0.3831011950969696,0.6168988347053528,0.41869863867759705,0.9600309917355371,0.9623172001689599,0.0003008421052631579,False
1,788,0.38307294249534607,0.6169270873069763,0.4212292730808258,0.960263429752066,0.9621257173215912,0.0002998947368421052,False
1,789,0.3830450475215912,0.6169549226760864,0.413107693195343,0.9603822314049587,0.9622157063122144,0.00029894736842105265,False
1,790,0.3830130696296692,0.616986870765686,0.41794896125793457,0.9604648760330579,0.9621683117419746,0.000298,False
1,791,0.3829800486564636,0.6170199513435364,0.41193509101867676,0.9604545454545453,0.9620802817372757,0.0002970526315789474,False
1,792,0.3829462230205536,0.6170538067817688,0.4117833375930786,0.9602479338842975,0.9619612132209777,0.00029610526315789474,False
1,793,0.382915198802948,0.6170848608016968,0.4232102334499359,0.9604080578512396,0.9621017336428,0.00029515789473684217,False
1,794,0.38288408517837524,0.6171159148216248,0.4150659739971161,0.9605733471074381,0.9623060760472042,0.0002942105263157895,False
1,795,0.38285255432128906,0.6171475052833557,0.41522616147994995,0.9606456611570248,0.962298207408747,0.0002932631578947368,False
1,796,0.3828218877315521,0.6171780824661255,0.41309654712677,0.9606456611570248,0.9623683697846599,0.0002923157894736842,False
1,797,0.3827916383743286,0.6172083616256714,0.4105215072631836,0.960728305785124,0.9625252368251773,0.00029136842105263153,False
1,798,0.38276156783103943,0.617238461971283,0.41032758355140686,0.96073347107438,0.9625436228927291,0.00029042105263157896,False
1,799,0.38273486495018005,0.6172651052474976,0.4158894121646881,0.9608419421487603,0.9627250057712983,0.0002894736842105263,False
1,800,0.382708877325058,0.6172910928726196,0.4134814441204071,0.9609865702479339,0.96297799140959,0.0002885263157894737,False
1,801,0.38268256187438965,0.6173174381256104,0.42159000039100647,0.960960743801653,0.9629709806532969,0.00028757894736842105,False
1,802,0.3826545476913452,0.6173455119132996,0.41311338543891907,0.9607592975206611,0.9628158550285089,0.00028663157894736837,False
1,803,0.38262754678726196,0.6173725128173828,0.41361021995544434,0.960857438016529,0.9631940201641178,0.0002856842105263158,False
1,804,0.38260337710380554,0.6173965930938721,0.4168953001499176,0.9610898760330577,0.9636393615502181,0.00028473684210526313,False
1,805,0.3825781047344208,0.6174218654632568,0.410395085811615,0.9612345041322314,0.9639646608479431,0.00028378947368421057,False
1,806,0.38255369663238525,0.6174463033676147,0.4148671627044678,0.9614514462809918,0.964191558241139,0.0002828421052631579,False
1,807,0.3825282156467438,0.6174718141555786,0.411764919757843,0.9616787190082645,0.9644744391305321,0.0002818947368421053,False
1,808,0.38250303268432617,0.6174969673156738,0.4166617691516876,0.961849173553719,0.9646905371063638,0.00028094736842105265,False
1,809,0.38247576355934143,0.617524266242981,0.4113003611564636,0.9619989669421488,0.9647903751297855,0.00028,False
1,810,0.3824482262134552,0.6175517439842224,0.4142801761627197,0.962164256198347,0.9650522395741722,0.0002790526315789474,False
1,811,0.3824220895767212,0.6175779104232788,0.4128807783126831,0.9621022727272728,0.9648592535644017,0.00027810526315789473,False
1,812,0.382396936416626,0.617603063583374,0.415001779794693,0.9620764462809918,0.9646367815232414,0.0002771578947368421,False
1,813,0.38237032294273376,0.6176297068595886,0.41614046692848206,0.9620712809917354,0.9645615260676214,0.00027621052631578944,False
1,814,0.38234269618988037,0.6176573038101196,0.4120793640613556,0.9619731404958678,0.9643691089508318,0.0002752631578947369,False
1,815,0.3823186457157135,0.6176813244819641,0.4189452528953552,0.9618233471074379,0.9643097426138604,0.0002743157894736842,False
1,816,0.3822968006134033,0.6177031993865967,0.41841328144073486,0.9617665289256199,0.9641110639690832,0.0002733684210526315,False
1,817,0.38227465748786926,0.6177253723144531,0.41862961649894714,0.9619679752066115,0.9643255756546039,0.00027242105263157896,False
1,818,0.38225245475769043,0.6177475452423096,0.41412144899368286,0.9621487603305786,0.9643512970161044,0.0002714736842105263,False
1,819,0.38223153352737427,0.6177684664726257,0.4131080210208893,0.9622262396694214,0.9643942600584082,0.0002705263157894737,False
1,820,0.38220930099487305,0.617790699005127,0.4167730212211609,0.9622985537190083,0.9643150768595524,0.00026957894736842104,False
1,821,0.3821873366832733,0.6178126335144043,0.4100779891014099,0.962474173553719,0.9643351961987507,0.0002686315789473685,False
1,822,0.3821641206741333,0.6178358793258667,0.4128720462322235,0.9624276859504131,0.9643162092171483,0.0002676842105263158,False
1,823,0.3821426331996918,0.6178573369979858,0.41174575686454773,0.9622985537190082,0.9641591070811785,0.00026673684210526313,False
1,824,0.38212069869041443,0.6178792715072632,0.4157627820968628,0.9619628099173553,0.9638999754437894,0.00026578947368421056,False
1,825,0.3821015954017639,0.6178984045982361,0.41252872347831726,0.9617768595041323,0.9637363894033812,0.0002648421052631579,False
1,826,0.3820827603340149,0.6179172396659851,0.41314223408699036,0.9615030991735536,0.963408000387384,0.00026389473684210527,False
1,827,0.38206225633621216,0.6179377436637878,0.4151754379272461,0.9611983471074379,0.9632156371782985,0.0002629473684210526,False
1,828,0.3820408582687378,0.6179591417312622,0.41044917702674866,0.9610847107438016,0.9631255621933851,0.000262,False
1,829,0.3820224404335022,0.6179775595664978,0.4165247678756714,0.9609452479338844,0.9630118109212276,0.00026105263157894735,False
1,830,0.3820028603076935,0.6179971694946289,0.40760332345962524,0.9609142561983471,0.9630426129172921,0.0002601052631578947,False
1,831,0.3819853365421295,0.6180146932601929,0.41098394989967346,0.9607696280991734,0.962906999691509,0.0002591578947368421,False
1,832,0.38196873664855957,0.6180313229560852,0.4118470549583435,0.960754132231405,0.9630007806697501,0.00025821052631578944,False
1,833,0.3819502592086792,0.618049681186676,0.41103091835975647,0.960759297520661,0.963060290085378,0.00025726315789473687,False
1,834,0.38193032145500183,0.6180697083473206,0.4111630618572235,0.9605630165289256,0.962943509193791,0.0002563157894736842,False
1,835,0.38190844655036926,0.6180915832519531,0.41023966670036316,0.9603305785123967,0.962745967531928,0.00025536842105263163,False
1,836,0.3818875849246979,0.6181124448776245,0.4155067205429077,0.9599845041322314,0.9623824638052934,0.00025442105263157895,False
1,837,0.38186711072921753,0.6181328296661377,0.4164840579032898,0.9597985537190082,0.9622104998374761,0.0002534736842105263,False
1,838,0.38184478878974915,0.6181552410125732,0.41567379236221313,0.9596022727272727,0.9620789824719036,0.0002525263157894737,False
1,839,0.38182395696640015,0.6181760430335999,0.41261565685272217,0.9595661157024793,0.9620941380002077,0.00025157894736842104,False
1,840,0.3818027675151825,0.6181972026824951,0.4132513999938965,0.9597469008264464,0.9623081672798617,0.0002506315789473685,False
1,841,0.3817824721336365,0.6182175278663635,0.4108197093009949,0.96,0.9626042956210358,0.0002496842105263158,False
1,842,0.38176432251930237,0.61823570728302,0.4176206886768341,0.9600981404958677,0.9627983804392265,0.0002487368421052632,False
1,843,0.3817453682422638,0.6182546615600586,0.41229578852653503,0.9603977272727272,0.9632188720206167,0.0002477894736842105,False
1,844,0.38172540068626404,0.6182745695114136,0.4103091061115265,0.960573347107438,0.9635178259394536,0.00024684210526315783,False
1,845,0.3817029893398285,0.6182970404624939,0.4100779592990875,0.9607489669421488,0.9637663901550514,0.00024589473684210526,False
1,846,0.38168004155158997,0.6183199286460876,0.4132574796676636,0.9608419421487604,0.963953391178657,0.0002449473684210526,False
1,847,0.38165631890296936,0.6183436512947083,0.4149748980998993,0.9609659090909091,0.9641179320722194,0.00024400000000000002,False
1,848,0.3816380798816681,0.6183619499206543,0.4101547300815582,0.9609917355371901,0.9641616275846849,0.00024305263157894735,False
1,849,0.3816192150115967,0.6183808445930481,0.4133915603160858,0.9610640495867769,0.9642652300964473,0.00024210526315789478,False
1,850,0.38160213828086853,0.6183978915214539,0.4162883460521698,0.9610382231404959,0.9641911438373815,0.0002411578947368421,False
1,851,0.381585031747818,0.6184149980545044,0.41017380356788635,0.9609659090909092,0.9640283962893715,0.00024021052631578943,False
1,852,0.3815683424472809,0.6184316873550415,0.40950849652290344,0.9608935950413224,0.963719201404297,0.00023926315789473687,False
1,853,0.3815516531467438,0.6184483766555786,0.409903883934021,0.9609504132231405,0.9636682771927928,0.0002383157894736842,False
1,854,0.38153669238090515,0.6184633374214172,0.4118052124977112,0.960857438016529,0.9635077421429569,0.00023736842105263163,False
1,855,0.3815213739871979,0.6184785962104797,0.4100587069988251,0.9608780991735538,0.9634780857639352,0.00023642105263157895,False
1,856,0.3815065920352936,0.6184934377670288,0.4150162637233734,0.9607076446280992,0.9632449571792063,0.00023547368421052638,False
1,857,0.3814888298511505,0.6185111999511719,0.41163405776023865,0.9604700413223141,0.9629934408399758,0.0002345263157894737,False
1,858,0.38147082924842834,0.618529200553894,0.41148269176483154,0.9603305785123967,0.9627154560194056,0.00023357894736842104,False
1,859,0.38145554065704346,0.6185443997383118,0.41219374537467957,0.9602376033057851,0.9625202367049546,0.00023263157894736841,False
1,860,0.38143691420555115,0.6185630559921265,0.407715767621994,0.9600103305785124,0.9621805079629079,0.00023168421052631574,False
1,861,0.38141632080078125,0.6185836791992188,0.4131681025028229,0.9597675619834711,0.9618410806543342,0.00023073684210526317,False
1,862,0.38139477372169495,0.6186052560806274,0.41350793838500977,0.9597262396694215,0.9617714856999958,0.0002297894736842105,False
1,863,0.3813733160495758,0.6186266541481018,0.4122595191001892,0.9596229338842974,0.9616908173867209,0.00022884210526315793,False
1,864,0.3813517987728119,0.6186481714248657,0.4077966809272766,0.9594008264462809,0.9615237749296472,0.00022789473684210526,False
1,865,0.38133153319358826,0.6186684370040894,0.4119917154312134,0.9592097107438017,0.9614368169079548,0.00022694736842105258,False
1,866,0.3813117444515228,0.6186882257461548,0.4142906963825226,0.9591115702479339,0.9613633621470303,0.00022600000000000002,False
1,867,0.3812929391860962,0.618707001209259,0.4175094664096832,0.9589669421487603,0.9611482175817642,0.00022505263157894734,False
1,868,0.38127386569976807,0.6187260746955872,0.4088921546936035,0.9591012396694215,0.96117399349934,0.00022410526315789478,False
1,869,0.38125595450401306,0.6187440156936646,0.4096890985965729,0.9591787190082645,0.9611709814014638,0.0002231578947368421,False
1,870,0.38123711943626404,0.6187629103660583,0.4092697203159332,0.959189049586777,0.9610262841282905,0.00022221052631578954,False
1,871,0.38121917843818665,0.618780791759491,0.41636162996292114,0.9593388429752067,0.9610954692772915,0.00022126315789473683,False
1,872,0.3812010884284973,0.6187989115715027,0.4078861474990845,0.9595661157024793,0.9611910528531119,0.00022031578947368416,False
1,873,0.38118255138397217,0.6188174486160278,0.4082646369934082,0.9598863636363636,0.9613771085693104,0.0002193684210526316,False
1,874,0.3811631202697754,0.6188369393348694,0.4106910228729248,0.9601652892561984,0.9616492746298783,0.00021842105263157892,False
1,875,0.3811435401439667,0.6188564896583557,0.41029009222984314,0.9604545454545454,0.9618746472726045,0.00021747368421052633,False
1,876,0.3811229467391968,0.6188770532608032,0.4071574807167053,0.9605526859504132,0.9620068782023634,0.00021652631578947365,False
1,877,0.38110294938087463,0.6188970804214478,0.4132044315338135,0.9606095041322315,0.9621296743155399,0.00021557894736842109,False
1,878,0.3810805380344391,0.6189194917678833,0.4059281647205353,0.9607851239669423,0.9624578667521235,0.0002146315789473684,False
1,879,0.38105812668800354,0.6189418435096741,0.4126315712928772,0.9608780991735537,0.9626577378417385,0.00021368421052631574,False
1,880,0.38103562593460083,0.6189643740653992,0.40677762031555176,0.9609297520661156,0.9627250562712026,0.00021273684210526317,False
1,881,0.38101351261138916,0.6189864873886108,0.41022008657455444,0.9609090909090909,0.9627267312245607,0.0002117894736842105,False
1,882,0.3809933364391327,0.6190066933631897,0.4040457606315613,0.9608832644628099,0.9627473527760154,0.00021084210526315793,False
1,883,0.3809759318828583,0.6190240383148193,0.408288836479187,0.9609090909090908,0.9629072534794055,0.00020989473684210526,False
1,884,0.3809559643268585,0.6190440058708191,0.4057227373123169,0.9608471074380165,0.9629663699476575,0.0002089473684210527,False
1,885,0.3809354901313782,0.6190645098686218,0.41170141100883484,0.9606404958677687,0.9629027646201219,0.00020800000000000001,False
1,886,0.3809152841567993,0.6190847158432007,0.40956589579582214,0.9604752066115703,0.96269646609826,0.00020705263157894734,False
1,887,0.3808939456939697,0.6191059947013855,0.4122564494609833,0.9603357438016529,0.9624317622309466,0.00020610526315789475,False
1,888,0.38087552785873413,0.6191244721412659,0.41372454166412354,0.9603357438016528,0.9623669998726021,0.00020515789473684207,False
1,889,0.3808562755584717,0.6191437244415283,0.4074738323688507,0.9603925619834712,0.9623964802677389,0.0002042105263157895,False
1,890,0.380837082862854,0.619162917137146,0.41103509068489075,0.9604338842975206,0.9624356866610516,0.00020326315789473683,False
1,891,0.38081926107406616,0.6191806793212891,0.40719300508499146,0.9605940082644627,0.9626541452121705,0.00020231578947368424,False
1,892,0.3808031678199768,0.619196891784668,0.410356342792511,0.9607334710743802,0.962763838245255,0.00020136842105263156,False
1,893,0.38078680634498596,0.6192131638526917,0.40909475088119507,0.9608006198347109,0.9628800203620551,0.0002004210526315789,False
1,894,0.38076916337013245,0.6192308664321899,0.41199061274528503,0.9608057851239669,0.9628857130290995,0.00019947368421052632,False
1,895,0.3807501196861267,0.6192498803138733,0.41206082701683044,0.9608367768595042,0.9628384061093316,0.00019852631578947365,False
1,896,0.38073158264160156,0.6192684769630432,0.41630321741104126,0.9607128099173554,0.9626976111655281,0.00019757894736842108,False
1,897,0.3807123303413391,0.6192876696586609,0.4064646065235138,0.9606611570247935,0.9625728737523233,0.0001966315789473684,False
1,898,0.3806941509246826,0.6193058490753174,0.40986546874046326,0.9605888429752066,0.9624220861841271,0.00019568421052631584,False
1,899,0.38067489862442017,0.6193251013755798,0.4074890911579132,0.9605578512396693,0.9624782294403283,0.00019473684210526317,False
1,900,0.38065531849861145,0.6193446516990662,0.4175964593887329,0.9605578512396695,0.9625059264761531,0.0001937894736842105,False
1,901,0.3806363046169281,0.6193636655807495,0.41125625371932983,0.9605578512396694,0.9625512716436707,0.00019284210526315793,False
1,902,0.38061925768852234,0.6193807721138,0.4122590124607086,0.9605320247933884,0.9625247149368384,0.00019189473684210525,False
1,903,0.38060009479522705,0.619399905204773,0.4079648554325104,0.9605320247933884,0.9626735688972589,0.00019094736842105266,False
1,904,0.38057973980903625,0.6194202899932861,0.40965536236763,0.9606973140495867,0.962857705089394,0.00018999999999999998,False
1,905,0.3805594742298126,0.619440495967865,0.4051749110221863,0.9607747933884297,0.9628805146114663,0.0001890526315789474,False
1,906,0.3805396556854248,0.6194603443145752,0.4107712209224701,0.9608935950413223,0.963011274332144,0.00018810526315789472,False
1,907,0.3805215060710907,0.6194784641265869,0.40392887592315674,0.9609762396694215,0.9631134895040256,0.00018715789473684204,False
1,908,0.380503386259079,0.6194966435432434,0.4098528027534485,0.9610743801652893,0.9632486266054893,0.00018621052631578947,False
1,909,0.3804866373538971,0.6195133924484253,0.4111851751804352,0.961198347107438,0.9633715100140642,0.0001852631578947368,False
1,910,0.3804709017276764,0.619529128074646,0.41643232107162476,0.9612964876033059,0.9633465094386618,0.00018431578947368423,False
1,911,0.38045448064804077,0.6195455193519592,0.40745440125465393,0.9614204545454546,0.9634547981642985,0.00018336842105263156,False
1,912,0.38043713569641113,0.6195629239082336,0.4086805284023285,0.9614876033057852,0.9635279741811204,0.000182421052631579,False
1,913,0.38042110204696655,0.6195789575576782,0.40730488300323486,0.96150826446281,0.9635594251424828,0.00018147368421052632,False
1,914,0.3804055452346802,0.6195945143699646,0.41023868322372437,0.9615495867768595,0.9635621450935815,0.00018052631578947364,False
1,915,0.38038891553878784,0.6196110844612122,0.4105863869190216,0.9616064049586778,0.963529657330061,0.00017957894736842108,False
1,916,0.38037168979644775,0.6196283102035522,0.4070494771003723,0.9616838842975208,0.9635329578669525,0.0001786315789473684,False
1,917,0.3803557753562927,0.6196442246437073,0.4108488857746124,0.9616580578512397,0.9633853162587479,0.0001776842105263158,False
1,918,0.38033872842788696,0.6196612119674683,0.40470996499061584,0.9614359504132232,0.9630642437436199,0.00017673684210526314,False
1,919,0.3803211450576782,0.6196788549423218,0.4100942611694336,0.9614049586776859,0.9627940577737715,0.00017578947368421057,False
1,920,0.3803004324436188,0.6196995973587036,0.4071098864078522,0.9613842975206612,0.9627061909821899,0.0001748421052631579,False
1,921,0.38028040528297424,0.6197196245193481,0.40697556734085083,0.9612448347107438,0.9625311133911458,0.0001738947368421053,False
1,922,0.3802589476108551,0.6197410821914673,0.40809255838394165,0.9610278925619835,0.9622239316945835,0.00017294736842105263,False
1,923,0.38024014234542847,0.6197598576545715,0.4128592610359192,0.9607592975206611,0.9619642253424645,0.00017199999999999995,False
1,924,0.38022178411483765,0.6197782158851624,0.4057181179523468,0.9606766528925621,0.9619526186665122,0.00017105263157894739,False
1,925,0.38020092248916626,0.6197990775108337,0.40222060680389404,0.9605526859504132,0.961886793067702,0.0001701052631578947,False
1,926,0.380182147026062,0.619817852973938,0.4108729064464569,0.9607334710743801,0.9621118440599145,0.00016915789473684215,False
1,927,0.38016387820243835,0.619836151599884,0.40951991081237793,0.9608264462809918,0.9621934323644953,0.00016821052631578947,False
1,928,0.38014644384384155,0.6198535561561584,0.4073623716831207,0.960934917355372,0.9622984461431059,0.0001672631578947369,False
1,929,0.3801302909851074,0.6198697686195374,0.40325576066970825,0.961095041322314,0.9625607371779447,0.00016631578947368423,False
1,930,0.38011491298675537,0.6198851466178894,0.41466689109802246,0.9611828512396694,0.9626852115436572,0.00016536842105263156,False
1,931,0.38009971380233765,0.6199002265930176,0.4093751311302185,0.9612190082644628,0.9627045155328695,0.000164421052631579,False
1,932,0.3800843060016632,0.6199156641960144,0.40954503417015076,0.9611621900826446,0.9626255659739157,0.00016347368421052631,False
1,933,0.3800698518753052,0.6199301481246948,0.4099074602127075,0.9611363636363637,0.9626129340971925,0.00016252631578947372,False
1,934,0.38005608320236206,0.6199439167976379,0.40563416481018066,0.9611260330578513,0.9626200394182874,0.00016157894736842105,False
1,935,0.3800407946109772,0.6199592351913452,0.40568387508392334,0.9611311983471074,0.9625810327638317,0.00016063157894736848,False
1,936,0.38002631068229675,0.6199737191200256,0.4034327268600464,0.961043388429752,0.9625552856948572,0.0001596842105263158,False
1,937,0.38001200556755066,0.619987964630127,0.4107913374900818,0.961043388429752,0.9624981735022845,0.00015873684210526313,False
1,938,0.37999844551086426,0.620001494884491,0.4080754816532135,0.9608832644628098,0.9624425722224325,0.00015778947368421054,False
1,939,0.3799869120121002,0.6200131177902222,0.41097787022590637,0.9607076446280992,0.9622987913830349,0.00015684210526315786,False
1,940,0.3799772262573242,0.6200227737426758,0.40383368730545044,0.960702479338843,0.9623646711552273,0.0001558947368421053,False
1,941,0.37996768951416016,0.6200323104858398,0.40663689374923706,0.9607489669421487,0.9625756185309444,0.00015494736842105262,False
1,942,0.37995803356170654,0.6200419664382935,0.4088819622993469,0.9608729338842975,0.9627456333705132,0.00015400000000000006,False
1,943,0.37994834780693054,0.6200516223907471,0.41230645775794983,0.9609710743801653,0.9629687091698853,0.00015305263157894738,False
1,944,0.379938542842865,0.620061457157135,0.4055904150009155,0.9611053719008263,0.9630008433311058,0.0001521052631578947,False
1,945,0.3799302577972412,0.620069682598114,0.4084170162677765,0.9612345041322314,0.9632234698347567,0.00015115789473684214,False
1,946,0.3799231946468353,0.6200768351554871,0.406236857175827,0.9612138429752066,0.9632468521740994,0.00015021052631578947,False
1,947,0.3799140155315399,0.6200860142707825,0.4053417444229126,0.9613016528925621,0.963329874368935,0.00014926315789473687,False
1,948,0.37990444898605347,0.6200955510139465,0.4060256779193878,0.9613068181818182,0.9633500413965148,0.0001483157894736842,False
1,949,0.37989604473114014,0.6201040148735046,0.4064723551273346,0.9613378099173554,0.9633543285535838,0.00014736842105263163,False
1,950,0.3798861801624298,0.6201137900352478,0.4064904451370239,0.9613378099173554,0.963157742409748,0.00014642105263157896,False
1,951,0.3798741400241852,0.6201258897781372,0.40557536482810974,0.961435950413223,0.9631473382771861,0.00014547368421052628,False
1,952,0.37986132502555847,0.6201386451721191,0.40738725662231445,0.9615960743801653,0.9631892425526917,0.0001445263157894737,False
1,953,0.3798486590385437,0.6201514005661011,0.406979501247406,0.9616838842975206,0.9632223653978874,0.00014357894736842102,False
1,954,0.37983497977256775,0.6201649904251099,0.40374287962913513,0.9617768595041322,0.9631802327063902,0.00014263157894736845,False
1,955,0.3798219859600067,0.6201779842376709,0.4068375527858734,0.9617458677685952,0.9630042827523305,0.00014168421052631578,False
1,956,0.37981006503105164,0.6201899647712708,0.40935730934143066,0.9618078512396695,0.9629389710310975,0.0001407368421052632,False
1,957,0.3797967731952667,0.6202031970024109,0.4079321324825287,0.9619059917355371,0.9630092897938463,0.00013978947368421053,False
1,958,0.37978246808052063,0.620217502117157,0.4028584957122803,0.9619473140495868,0.9630732482866274,0.00013884210526315786,False
1,959,0.37976786494255066,0.6202321648597717,0.4074466824531555,0.9619731404958678,0.9631558937665917,0.0001378947368421053,False
1,960,0.3797549307346344,0.6202450394630432,0.40513917803764343,0.9619576446280991,0.963177650528484,0.00013694736842105262,False
1,961,0.3797432780265808,0.6202566623687744,0.4056767523288727,0.9619266528925621,0.9631307242538626,0.00013600000000000003,False
1,962,0.3797316253185272,0.6202683448791504,0.40782150626182556,0.9619266528925621,0.9631577045858158,0.00013505263157894735,False
1,963,0.3797198534011841,0.6202801465988159,0.4052923917770386,0.9619163223140496,0.9631354518023189,0.00013410526315789479,False
1,964,0.37970981001853943,0.6202901601791382,0.406147837638855,0.9618956611570247,0.9631629386039966,0.0001331578947368421,False
1,965,0.3796995282173157,0.6203004717826843,0.40821635723114014,0.961797520661157,0.9630767195672622,0.00013221052631578944,False
1,966,0.37968942523002625,0.6203105449676514,0.4053680896759033,0.9616658057851241,0.9628875164849575,0.00013126315789473687,False
1,967,0.37968000769615173,0.6203199625015259,0.4111575186252594,0.9615289256198347,0.9627000684141634,0.0001303157894736842,False
1,968,0.37966880202293396,0.6203311681747437,0.4118247330188751,0.9615134297520662,0.9626785317273391,0.0001293684210526316,False
1,969,0.3796575963497162,0.6203423738479614,0.40696981549263,0.9615134297520661,0.9626401608165847,0.00012842105263157893,False
1,970,0.3796464204788208,0.6203535795211792,0.4073586165904999,0.9616115702479339,0.9626769932625507,0.00012747368421052636,False
1,971,0.37963512539863586,0.6203649044036865,0.40775981545448303,0.9616890495867768,0.9627475582629724,0.0001265263157894737,False
1,972,0.37962448596954346,0.6203755140304565,0.4072321057319641,0.961875,0.9628224697020606,0.000125578947368421,False
1,973,0.3796142339706421,0.6203857660293579,0.40350133180618286,0.9619369834710745,0.9628283569031058,0.00012463157894736845,False
1,974,0.3796052038669586,0.620394766330719,0.4093230366706848,0.9619731404958678,0.9628578856341808,0.00012368421052631577,False
1,975,0.3795953094959259,0.6204046607017517,0.41047433018684387,0.9620092975206611,0.9629770543083209,0.0001227368421052632,False
1,976,0.37958547472953796,0.6204144954681396,0.40408629179000854,0.9620764462809918,0.9630824437090336,0.00012178947368421052,False
1,977,0.37957435846328735,0.6204257011413574,0.39957261085510254,0.962164256198347,0.9630905403441606,0.00012084210526315794,False
1,978,0.3795645534992218,0.6204354166984558,0.4089401960372925,0.9621539256198347,0.9631035087263032,0.00011989473684210526,False
1,979,0.3795557916164398,0.6204442381858826,0.4096026122570038,0.962267561983471,0.9632631681134954,0.00011894736842105259,False
1,980,0.3795497715473175,0.6204501986503601,0.4088519811630249,0.9623243801652893,0.9634095343944251,0.00011800000000000002,False
1,981,0.37954437732696533,0.6204555630683899,0.4042857885360718,0.9624638429752067,0.9635912738347223,0.00011705263157894735,False
1,982,0.3795372247695923,0.6204627752304077,0.4088076949119568,0.9625258264462809,0.9636767384582683,0.00011610526315789477,False
1,983,0.37953054904937744,0.6204694509506226,0.4053243398666382,0.9627530991735538,0.9639998885764749,0.0001151578947368421,False
1,984,0.3795231580734253,0.6204768419265747,0.4034520983695984,0.9627737603305786,0.9640984108195794,0.00011421052631578953,False
1,985,0.3795156478881836,0.6204842925071716,0.406940221786499,0.9628047520661157,0.964179403142916,0.00011326315789473685,False
1,986,0.3795086443424225,0.6204913854598999,0.4078330397605896,0.9628305785123968,0.9641749271831649,0.00011231578947368418,False
1,987,0.3795008957386017,0.6204990744590759,0.40225833654403687,0.9627892561983471,0.9641769072353953,0.0001113684210526316,False
1,988,0.37949350476264954,0.6205065250396729,0.4071164131164551,0.962706611570248,0.9641319417733627,0.00011042105263157892,False
1,989,0.3794859051704407,0.6205140352249146,0.4038381576538086,0.962603305785124,0.9641040882279046,0.00010947368421052634,False
1,990,0.3794778883457184,0.620522141456604,0.4114183485507965,0.9625103305785124,0.9640182162920526,0.00010852631578947367,False
1,991,0.37946969270706177,0.6205303072929382,0.40905237197875977,0.9623760330578512,0.963955520069983,0.0001075789473684211,False
1,992,0.3794611394405365,0.6205388307571411,0.40353137254714966,0.9622778925619835,0.9638593958667152,0.00010663157894736843,False
1,993,0.37945330142974854,0.6205466985702515,0.40742233395576477,0.9622004132231404,0.9638179835554999,0.00010568421052631575,False
1,994,0.3794454038143158,0.6205545663833618,0.4078682065010071,0.9621126033057851,0.9637254590072396,0.00010473684210526317,False
1,995,0.3794375956058502,0.6205623745918274,0.40289193391799927,0.9620247933884298,0.9636393077350689,0.0001037894736842105,False
1,996,0.3794304430484772,0.6205695867538452,0.40330028533935547,0.961849173553719,0.9634559256077619,0.00010284210526315793,False
1,997,0.37942254543304443,0.6205774545669556,0.4053919315338135,0.9617923553719009,0.9634840742297565,0.00010189473684210526,False
1,998,0.37941524386405945,0.6205847859382629,0.40948301553726196,0.9617510330578514,0.9634743216651548,0.00010094736842105268,False
1,999,0.37940868735313416,0.6205912828445435,0.4084360599517822,0.9617045454545455,0.9635185470060038,0.0001,False
1,1000,0.3794017434120178,0.6205982565879822,0.4015401303768158,0.9616942148760331,0.9635939783196303,0.0001,False
2,1,0.4999900162220001,0.5000100135803223,1.8979920148849487,0.5401136363636363,0.5753274288857962,4e-05,False
2,2,0.49997004866600037,0.500029981136322,1.875432014465332,0.5661337809917355,0.5929103969871163,6e-05,False
2,3,0.49994000792503357,0.5000600218772888,1.8538827896118164,0.6011363636363636,0.6143027902794869,8e-05,False
2,4,0.49989986419677734,0.5001000761985779,1.819150447845459,0.6396565082644627,0.6386369379713157,0.0001,False
2,5,0.4998505413532257,0.5001494884490967,1.776659369468689,0.6719576446280991,0.6603729968959916,0.00012,False
2,6,0.49979138374328613,0.5002086162567139,1.7401405572891235,0.6909865702479339,0.6776133601329917,0.00014000000000000001,False
2,7,0.4997216761112213,0.5002783536911011,1.7009446620941162,0.7036596074380165,0.6893364894888929,0.00016,False
2,8,0.49964141845703125,0.5003585815429688,1.6649770736694336,0.7128667355371902,0.6985398113473763,0.00017999999999999998,False
2,9,0.4995506703853607,0.5004492998123169,1.6315786838531494,0.7192200413223141,0.7066175439625071,0.0002,False
2,10,0.4994488060474396,0.500551164150238,1.6056615114212036,0.7234039256198347,0.7124967745255535,0.00022,False
2,11,0.49933525919914246,0.5006647109985352,1.577663779258728,0.7273088842975207,0.7190358164582714,0.00024,False
2,12,0.49921008944511414,0.5007898807525635,1.551247000694275,0.7303873966942149,0.7237468089504112,0.00026000000000000003,False
2,13,0.49907273054122925,0.5009272694587708,1.5317745208740234,0.7344163223140496,0.73018238490242,0.00028000000000000003,False
2,14,0.49892333149909973,0.5010766386985779,1.504518985748291,0.737840909090909,0.7357615780068872,0.0003,False
2,15,0.4987618327140808,0.5012381672859192,1.4812984466552734,0.7418388429752066,0.7419252444290411,0.00032,False
2,16,0.4985891282558441,0.5014109015464783,1.4624736309051514,0.7459452479338844,0.7474146864118936,0.00034,False
2,17,0.4984031021595001,0.5015968680381775,1.4372655153274536,0.7505836776859505,0.7535384918519048,0.00035999999999999997,False
2,18,0.4982036352157593,0.5017963647842407,1.4124497175216675,0.756120867768595,0.7614270737515532,0.00038,False
2,19,0.49799075722694397,0.5020092129707336,1.3905717134475708,0.7627892561983471,0.7702265278857685,0.0004,False
2,20,0.4977637231349945,0.5022363066673279,1.3719828128814697,0.7699896694214876,0.7799446612454719,0.00042,False
2,21,0.49752262234687805,0.5024773478507996,1.3460026979446411,0.7777479338842975,0.7895433171465591,0.00044,False
2,22,0.49726659059524536,0.5027334094047546,1.3221237659454346,0.7849999999999999,0.7978604489887374,0.00046,False
2,23,0.4969954192638397,0.5030045509338379,1.2970027923583984,0.7919886363636364,0.8048580574656896,0.00048,False
2,24,0.49670878052711487,0.5032911896705627,1.2755526304244995,0.7987293388429753,0.8114257687156172,0.0005,False
2,25,0.49640583992004395,0.5035941004753113,1.2571717500686646,0.8054132231404958,0.8173978971271332,0.0005200000000000001,False
2,26,0.49608737230300903,0.503912627696991,1.2328641414642334,0.8135175619834709,0.8244562028317861,0.00054,False
2,27,0.49575167894363403,0.5042483806610107,1.2113983631134033,0.8218750000000001,0.8315091713328866,0.0005600000000000001,False
2,28,0.49539855122566223,0.5046014785766602,1.1959155797958374,0.831275826446281,0.8395576639249716,0.00058,False
2,29,0.49502772092819214,0.5049722790718079,1.1697280406951904,0.8411466942148759,0.8474577055832448,0.0006,False
2,30,0.49463894963264465,0.505361020565033,1.153292179107666,0.8507902892561985,0.8545080720357534,0.00062,False
2,31,0.4942319393157959,0.5057680606842041,1.1365749835968018,0.8608626033057851,0.8615444522261835,0.00064,False
2,32,0.4938066601753235,0.5061933398246765,1.1101919412612915,0.8700464876033058,0.8679856252641887,0.00066,False
2,33,0.4933631420135498,0.5066368579864502,1.0949050188064575,0.8771229338842976,0.8723107143077786,0.00068,False
2,34,0.4929012954235077,0.5070986747741699,1.0827012062072754,0.8834245867768595,0.8771885538016729,0.0007,False
2,35,0.4924212098121643,0.5075788497924805,1.060780644416809,0.8884917355371901,0.8813605954402153,0.0007199999999999999,False
2,36,0.49192237854003906,0.5080776214599609,1.0451397895812988,0.8938481404958678,0.886245370454513,0.00074,False
2,37,0.49140721559524536,0.5085927844047546,1.0337623357772827,0.8985227272727272,0.8902586111918296,0.00076,False
2,38,0.4908764064311981,0.5091235637664795,1.018623948097229,0.9033729338842975,0.8955799150828112,0.0007800000000000001,False
2,39,0.4903281331062317,0.5096718668937683,1.0037143230438232,0.9070402892561984,0.9007603118887787,0.0008,False
2,40,0.489764541387558,0.5102354884147644,0.9921574592590332,0.9103357438016528,0.9055151033768881,0.00082,False
2,41,0.4891859292984009,0.5108140707015991,0.9803954362869263,0.9137500000000001,0.911172030685206,0.00084,False
2,42,0.4885918200016022,0.5114082098007202,0.9662597179412842,0.9175258264462809,0.9169603064249384,0.00086,False
2,43,0.48798301815986633,0.5120169520378113,0.9494195580482483,0.9219731404958678,0.9234067113382333,0.00088,False
2,44,0.48735979199409485,0.5126401782035828,0.9323030114173889,0.9251342975206611,0.9276194127875786,0.0009000000000000001,False
2,45,0.4867229163646698,0.5132771134376526,0.9261507391929626,0.9265960743801653,0.9290700561920838,0.00092,False
2,46,0.48607197403907776,0.5139280557632446,0.9076073169708252,0.9282618801652893,0.9311294915009131,0.00094,False
2,47,0.48540955781936646,0.5145904421806335,0.9102620482444763,0.9315030991735537,0.9344586129486666,0.00096,False
2,48,0.48473578691482544,0.5152642130851746,0.8928871750831604,0.9331146694214876,0.9358475755701745,0.00098,False
2,49,0.48405271768569946,0.5159472823143005,0.8805186152458191,0.934297520661157,0.9361083820294833,0.001,False
2,50,0.48336032032966614,0.5166396498680115,0.8771941661834717,0.9352944214876033,0.9363887372221423,0.0009990526315789474,False
2,51,0.4826752841472626,0.517324686050415,0.857342004776001,0.9366787190082645,0.9374104551729543,0.0009981052631578948,False
2,52,0.48199939727783203,0.5180006623268127,0.8475832343101501,0.939194214876033,0.9411868847856445,0.000997157894736842,False
2,53,0.4813363552093506,0.5186637043952942,0.8514016270637512,0.9406714876033057,0.942319765741147,0.0009962105263157895,False
2,54,0.48067888617515564,0.519321084022522,0.8418216705322266,0.9407954545454544,0.9428581960806438,0.0009952631578947367,False
2,55,0.48002690076828003,0.5199731588363647,0.8310300707817078,0.9438997933884297,0.9476160516051384,0.0009943157894736843,False
2,56,0.4793773591518402,0.5206226110458374,0.8197086453437805,0.945470041322314,0.9498633701994555,0.0009933684210526315,False
2,57,0.47873666882514954,0.5212633609771729,0.8130922317504883,0.9458677685950413,0.9493467731088266,0.0009924210526315788,False
2,58,0.47810864448547363,0.5218913555145264,0.8091997504234314,0.9471229338842976,0.9497976003466967,0.0009914736842105262,False
2,59,0.47749048471450806,0.5225095152854919,0.8012399077415466,0.9481404958677686,0.9505262378623748,0.0009905263157894736,False
2,60,0.4768790602684021,0.5231209993362427,0.7934105396270752,0.9482747933884297,0.9499088203965207,0.000989578947368421,False
2,61,0.4762767255306244,0.523723304271698,0.792137861251831,0.9484659090909092,0.9503558600258962,0.0009886315789473684,False
2,62,0.47568103671073914,0.5243189334869385,0.7913747429847717,0.9479545454545455,0.9497553180433389,0.0009876842105263157,False
2,63,0.4751003384590149,0.5248996615409851,0.783297061920166,0.947262396694215,0.9482749094888779,0.0009867368421052631,False
2,64,0.47452467679977417,0.5254753232002258,0.7810498476028442,0.9494989669421486,0.9510597388230612,0.0009857894736842105,False
2,65,0.47395703196525574,0.5260429382324219,0.777735710144043,0.9514462809917357,0.9529246123169088,0.0009848421052631579,False
2,66,0.4733980894088745,0.5266019105911255,0.7629951238632202,0.9527376033057852,0.953486573287552,0.0009838947368421053,False
2,67,0.47284847497940063,0.5271515250205994,0.7577441930770874,0.9523915289256198,0.9528818207878451,0.0009829473684210526,False
2,68,0.47230982780456543,0.5276902318000793,0.7613486647605896,0.9535020661157024,0.9539270959958486,0.000982,False
2,69,0.4717792868614197,0.5282206535339355,0.7561415433883667,0.9538068181818182,0.9538343746971242,0.0009810526315789474,False
2,70,0.47125962376594543,0.528740406036377,0.7484010457992554,0.9541735537190082,0.9542525302550913,0.0009801052631578948,False
2,71,0.4707522988319397,0.5292477011680603,0.7485159635543823,0.9537913223140496,0.9534675232644145,0.000979157894736842,False
2,72,0.470252126455307,0.5297478437423706,0.743613064289093,0.9523140495867768,0.9518952960961995,0.0009782105263157895,False
2,73,0.46975672245025635,0.5302432775497437,0.7354897260665894,0.9525619834710745,0.9514556698512328,0.0009772631578947367,False
2,74,0.46925994753837585,0.5307400226593018,0.7403473258018494,0.9541683884297519,0.9530132407422962,0.0009763157894736843,False
2,75,0.4687660038471222,0.5312339663505554,0.7254817485809326,0.9557128099173554,0.9553743341196812,0.0009753684210526316,False
2,76,0.4682823419570923,0.5317177176475525,0.733599066734314,0.9568388429752066,0.9568917136942113,0.000974421052631579,False
2,77,0.46781277656555176,0.5321872234344482,0.7294083833694458,0.9563223140495869,0.9572572383009132,0.0009734736842105263,False
2,78,0.4673474431037903,0.5326525568962097,0.7215693593025208,0.9554855371900826,0.9567281763612464,0.0009725263157894737,False
2,79,0.4668898284435272,0.5331102013587952,0.7194422483444214,0.9553099173553719,0.9572752357717148,0.0009715789473684211,False
2,80,0.46644288301467896,0.533557116985321,0.7154810428619385,0.9552685950413222,0.9575840162716169,0.0009706315789473685,False
2,81,0.4659976661205292,0.5340023636817932,0.7106370329856873,0.9562913223140496,0.9585936557042349,0.0009696842105263158,False
2,82,0.46555933356285095,0.5344406962394714,0.7087612152099609,0.957840909090909,0.9598662877388244,0.0009687368421052631,False
2,83,0.4651230275630951,0.5348769426345825,0.7040935754776001,0.9593801652892562,0.9613769483581465,0.0009677894736842106,False
2,84,0.46468260884284973,0.5353173613548279,0.7017228007316589,0.9602014462809918,0.9619998903369472,0.0009668421052631579,False
2,85,0.4642447829246521,0.5357552170753479,0.6990095376968384,0.9605681818181818,0.9626630292265407,0.0009658947368421053,False
2,86,0.46380341053009033,0.5361965894699097,0.6981430649757385,0.9614979338842976,0.9640658602010928,0.0009649473684210526,False
2,87,0.4633660316467285,0.5366339683532715,0.6924256086349487,0.9613119834710744,0.9641215616892518,0.000964,False
2,88,0.4629322290420532,0.5370677709579468,0.6916391849517822,0.9613274793388429,0.9642638706376969,0.0009630526315789474,False
2,89,0.46250230073928833,0.5374977588653564,0.6886276006698608,0.9612190082644627,0.9638929510399386,0.0009621052631578948,False
2,90,0.46207770705223083,0.5379222631454468,0.6850488781929016,0.960702479338843,0.9632641209110983,0.0009611578947368422,False
2,91,0.4616510272026062,0.5383490324020386,0.6903820037841797,0.9602221074380165,0.9625367868119665,0.0009602105263157895,False
2,92,0.4612237215042114,0.5387762784957886,0.684929609298706,0.959612603305785,0.9612331934999097,0.0009592631578947368,False
2,93,0.4608035981655121,0.5391964316368103,0.6758378744125366,0.9585692148760331,0.9595501566831939,0.0009583157894736843,False
2,94,0.4603900909423828,0.5396099090576172,0.6762740612030029,0.9585640495867769,0.9595485304372999,0.0009573684210526316,False
2,95,0.4599798321723938,0.5400201082229614,0.6777966618537903,0.9587913223140496,0.960468266128799,0.0009564210526315789,False
2,96,0.4595744013786316,0.5404255986213684,0.6706169247627258,0.9587809917355372,0.9608095684497665,0.0009554736842105263,False
2,97,0.45916980504989624,0.5408302545547485,0.6636110544204712,0.9591528925619835,0.9612921843347362,0.0009545263157894737,False
2,98,0.45876869559288025,0.5412313342094421,0.6674761772155762,0.9594059917355371,0.961653794364933,0.0009535789473684211,False
2,99,0.4583708345890045,0.5416291356086731,0.6646069288253784,0.9600723140495867,0.9628994284227324,0.0009526315789473685,False
2,100,0.4579741060733795,0.5420259237289429,0.6561334133148193,0.9603925619834711,0.963785877579127,0.0009516842105263158,False
2,101,0.4575729966163635,0.5424269437789917,0.656619668006897,0.9607954545454546,0.9643025314037978,0.0009507368421052631,False
2,102,0.4571804702281952,0.5428194999694824,0.6591302156448364,0.9612448347107438,0.9647164011396925,0.0009497894736842106,False
2,103,0.45679157972335815,0.5432084202766418,0.6527365446090698,0.9619059917355371,0.9652071807786229,0.0009488421052631579,False
2,104,0.45639845728874207,0.5436015725135803,0.6499183177947998,0.9614721074380165,0.9645359483491674,0.0009478947368421054,False
2,105,0.4560094475746155,0.5439905524253845,0.658408522605896,0.9611880165289255,0.9640186386761728,0.0009469473684210526,False
2,106,0.45561978220939636,0.544380247592926,0.6548994183540344,0.9602117768595042,0.9622862982243509,0.000946,False
2,107,0.4552314877510071,0.5447685122489929,0.649239182472229,0.959922520661157,0.9614222113681676,0.0009450526315789474,False
2,108,0.45484718680381775,0.5451527833938599,0.6427067518234253,0.9611002066115703,0.9625503498688845,0.0009441052631578948,False
2,109,0.45446768403053284,0.5455323457717896,0.6380102634429932,0.9618233471074379,0.963458502792853,0.0009431578947368421,False
2,110,0.45409131050109863,0.5459086894989014,0.6396743059158325,0.9619369834710745,0.9641042075722821,0.0009422105263157895,False
2,111,0.4537220299243927,0.5462779402732849,0.644446611404419,0.961745867768595,0.9637379126587128,0.0009412631578947369,False
2,112,0.4533560872077942,0.5466439127922058,0.6415401697158813,0.9609452479338843,0.9634712158999694,0.0009403157894736842,False
2,113,0.45299389958381653,0.5470061302185059,0.631645143032074,0.9607489669421488,0.9633598161373718,0.0009393684210526317,False
2,114,0.45263534784317017,0.5473646521568298,0.63727205991745,0.9618388429752066,0.9651041178452548,0.0009384210526315789,False
2,115,0.45228680968284607,0.5477131605148315,0.6267065405845642,0.9634400826446281,0.9672562120478698,0.0009374736842105263,False
2,116,0.45193299651145935,0.5480669736862183,0.6321527361869812,0.9638894628099173,0.9678331857229832,0.0009365263157894737,False
2,117,0.45157596468925476,0.5484240651130676,0.625296413898468,0.9641167355371901,0.9680194830866903,0.0009355789473684211,False
2,118,0.45121753215789795,0.5487824082374573,0.635772168636322,0.9634349173553719,0.9674483296263885,0.0009346315789473685,False
2,119,0.450863242149353,0.549136757850647,0.6264533400535583,0.962840909090909,0.9667281229872792,0.0009336842105263158,False
2,120,0.45051664113998413,0.5494833588600159,0.627861499786377,0.9629028925619835,0.9667047994529081,0.0009327368421052631,False
2,121,0.4501759111881256,0.5498241186141968,0.624366044998169,0.9624173553719008,0.9664798443427585,0.0009317894736842106,False
2,122,0.44983580708503723,0.5501641631126404,0.6209608316421509,0.9625103305785123,0.9665867866925512,0.0009308421052631579,False
2,123,0.4494995176792145,0.5505005121231079,0.6146889925003052,0.9625774793388431,0.9665376437355883,0.0009298947368421054,False
2,124,0.44916799664497375,0.5508320331573486,0.6174982786178589,0.9617665289256199,0.9656122368798127,0.0009289473684210526,False
2,125,0.4488435983657837,0.5511564016342163,0.6129717826843262,0.9610950413223142,0.964314493334665,0.000928,False
2,126,0.44851452112197876,0.5514854788780212,0.6210847496986389,0.9608780991735538,0.9636568921026469,0.0009270526315789474,False
2,127,0.44818443059921265,0.5518155097961426,0.6122449040412903,0.9615857438016528,0.9648478813105977,0.0009261052631578948,False
2,128,0.4478612542152405,0.5521386861801147,0.6135925650596619,0.9633316115702479,0.9674845972178869,0.0009251578947368421,False
2,129,0.4475463628768921,0.5524536371231079,0.6090899705886841,0.9638171487603305,0.968338891045856,0.0009242105263157894,False
2,130,0.44723445177078247,0.5527655482292175,0.6124029755592346,0.9640805785123967,0.9685877658326261,0.0009232631578947369,False
2,131,0.44692227244377136,0.553077757358551,0.6064278483390808,0.9641373966942148,0.9686045040809734,0.0009223157894736842,False
2,132,0.44661077857017517,0.5533891916275024,0.6025247573852539,0.9633780991735537,0.9675452131423796,0.0009213684210526317,False
2,133,0.44630399346351624,0.5536959767341614,0.6087058782577515,0.9631043388429752,0.9666806856922777,0.0009204210526315789,False
2,134,0.44599857926368713,0.5540013909339905,0.6046008467674255,0.963125,0.9665097315902462,0.0009194736842105263,False
2,135,0.44569072127342224,0.5543093085289001,0.6044194102287292,0.9636311983471074,0.9668799202391569,0.0009185263157894737,False
2,136,0.44538551568984985,0.5546145439147949,0.6049132347106934,0.9638016528925619,0.9670019592597574,0.0009175789473684211,False
2,137,0.4450788199901581,0.5549211502075195,0.6000840067863464,0.9646229338842975,0.9680499666565491,0.0009166315789473685,False
2,138,0.4447735548019409,0.5552264451980591,0.5949023962020874,0.9649276859504132,0.9686874903487267,0.0009156842105263158,False
2,139,0.44447800517082214,0.5555219650268555,0.603950023651123,0.9641477272727272,0.9683421878905759,0.0009147368421052632,False
2,140,0.44418710470199585,0.5558128952980042,0.5981867909431458,0.9634814049586776,0.9680709560995044,0.0009137894736842106,False
2,141,0.44389936327934265,0.5561006665229797,0.5949879288673401,0.9623657024793388,0.9670126814516795,0.000912842105263158,False
2,142,0.4436124265193939,0.5563875436782837,0.5932212471961975,0.961955061983471,0.9659514219553987,0.0009118947368421052,False
2,143,0.44332441687583923,0.5566756129264832,0.5907465815544128,0.9622727272727273,0.9655647818398772,0.0009109473684210526,False
2,144,0.4430384337902069,0.5569615364074707,0.5917145013809204,0.9624431818181818,0.9649735523977048,0.00091,False
2,145,0.442747563123703,0.5572524070739746,0.5966243743896484,0.9630010330578512,0.9653222544630549,0.0009090526315789474,False
2,146,0.44245660305023193,0.5575433969497681,0.5877330899238586,0.964013429752066,0.9665970884792806,0.0009081052631578948,False
2,147,0.4421641528606415,0.5578358173370361,0.5819532871246338,0.9647417355371901,0.967552929469969,0.0009071578947368421,False
2,148,0.44187024235725403,0.5581297874450684,0.58506178855896,0.9649018595041322,0.9680601703004557,0.0009062105263157894,False
2,149,0.4415796399116516,0.5584203600883484,0.5885460376739502,0.9647314049586777,0.9685203608060681,0.0009052631578947369,False
2,150,0.44129183888435364,0.5587081909179688,0.581701934337616,0.9642200413223141,0.9683669168759584,0.0009043157894736842,False
2,151,0.44100695848464966,0.5589929819107056,0.5761823058128357,0.9633161157024792,0.9673229654291983,0.0009033684210526317,False
2,152,0.4407206177711487,0.5592793822288513,0.5780377984046936,0.9631973140495868,0.9668684808377453,0.0009024210526315789,False
2,153,0.44043809175491333,0.5595619082450867,0.5817764401435852,0.9645402892561983,0.9679631354821123,0.0009014736842105264,False
2,154,0.440151572227478,0.559848427772522,0.5826933979988098,0.9658729338842974,0.9689317892009857,0.0009005263157894737,False
2,155,0.4398680627346039,0.5601319074630737,0.5793644785881042,0.9657283057851241,0.968119025947908,0.0008995789473684212,False
2,156,0.43958839774131775,0.5604115724563599,0.5750083923339844,0.9654132231404959,0.9675231788336822,0.0008986315789473684,False
2,157,0.4393145740032196,0.5606854557991028,0.575647234916687,0.9654028925619834,0.9673234291874548,0.0008976842105263158,False
2,158,0.43904590606689453,0.5609540939331055,0.5720693469047546,0.9655010330578513,0.967863296663912,0.0008967368421052632,False
2,159,0.4387737512588501,0.5612262487411499,0.5746938586235046,0.9656973140495868,0.9682852392449007,0.0008957894736842105,False
2,160,0.438497394323349,0.5615026354789734,0.5660142302513123,0.9658987603305784,0.9684894591210572,0.000894842105263158,False
2,161,0.43822014331817627,0.5617798566818237,0.5739248991012573,0.9658729338842976,0.9683634310606913,0.0008938947368421052,False
2,162,0.4379439949989319,0.5620560050010681,0.5695961713790894,0.9659607438016529,0.9683938205836498,0.0008929473684210526,False
2,163,0.4376664459705353,0.5623335242271423,0.5703665018081665,0.9665495867768594,0.9692007144990995,0.000892,False
2,164,0.43739649653434753,0.5626034736633301,0.5623244047164917,0.9668646694214877,0.9697812848558152,0.0008910526315789474,False
2,165,0.4371236264705658,0.5628764033317566,0.5681478381156921,0.9671229338842975,0.970087040590052,0.0008901052631578948,False
2,166,0.43685609102249146,0.5631438493728638,0.5668797492980957,0.966482438016529,0.9689819985708079,0.0008891578947368421,False
2,167,0.436593234539032,0.563406765460968,0.5625976920127869,0.966559917355372,0.9688040833967642,0.0008882105263157895,False
2,168,0.43633466958999634,0.5636653304100037,0.5662263631820679,0.9666838842975207,0.9687851740638431,0.0008872631578947369,False
2,169,0.43608570098876953,0.5639142990112305,0.5719922184944153,0.9672572314049587,0.9696295957517254,0.0008863157894736843,False
2,170,0.4358348250389099,0.5641651749610901,0.5663313269615173,0.9674483471074381,0.969812491022774,0.0008853684210526317,False
2,171,0.435600221157074,0.564399778842926,0.5648947954177856,0.967474173553719,0.970225672851732,0.0008844210526315789,False
2,172,0.43536892533302307,0.5646310448646545,0.5620323419570923,0.9678047520661157,0.9705722709510406,0.0008834736842105263,False
2,173,0.43513837456703186,0.5648616552352905,0.5636819005012512,0.9683212809917355,0.9712113914470607,0.0008825263157894737,False
2,174,0.4349074363708496,0.5650925636291504,0.5640735626220703,0.96875,0.9717316031948032,0.0008815789473684211,False
2,175,0.4346783757209778,0.565321683883667,0.5662038326263428,0.9682851239669422,0.9712276240611873,0.0008806315789473684,False
2,176,0.4344543516635895,0.5655456185340881,0.5605924725532532,0.9683677685950413,0.9712771821720887,0.0008796842105263157,False
2,177,0.43423259258270264,0.5657674670219421,0.5540826320648193,0.9682954545454545,0.9712408285443971,0.0008787368421052632,False
2,178,0.43400484323501587,0.5659952163696289,0.5555233359336853,0.968543388429752,0.9715542560801121,0.0008777894736842106,False
2,179,0.43377989530563354,0.5662201046943665,0.5566433668136597,0.9686415289256199,0.9716923482373157,0.000876842105263158,False
2,180,0.43355029821395874,0.5664497017860413,0.5547491908073425,0.9688119834710744,0.9720106625086077,0.0008758947368421052,False
2,181,0.4333164691925049,0.5666835308074951,0.5580512285232544,0.9689721074380165,0.9723238011280982,0.0008749473684210527,False
2,182,0.43308135867118835,0.566918671131134,0.5526827573776245,0.9686105371900827,0.971803334708738,0.000874,False
2,183,0.4328504204750061,0.5671495795249939,0.5498666763305664,0.967737603305785,0.9706450246155256,0.0008730526315789475,False
2,184,0.4326237142086029,0.5673763155937195,0.5509253740310669,0.9670971074380165,0.9698599787614849,0.0008721052631578948,False
2,185,0.4323889911174774,0.567611038684845,0.5528783798217773,0.9662086776859504,0.9689597155902411,0.0008711578947368421,False
2,186,0.4321579039096832,0.5678420662879944,0.5474595427513123,0.965284090909091,0.9679196243411825,0.0008702105263157895,False
2,187,0.4319395422935486,0.5680604577064514,0.5537834763526917,0.9639721074380165,0.966251192707388,0.0008692631578947369,False
2,188,0.43172094225883484,0.5682790279388428,0.5427730083465576,0.963569214876033,0.9658057974597618,0.0008683157894736843,False
2,189,0.4315010905265808,0.568498969078064,0.5570623278617859,0.9630578512396694,0.9648230630284909,0.0008673684210526315,False
2,190,0.431286096572876,0.568713903427124,0.5444378852844238,0.9628719008264464,0.9641441849836223,0.0008664210526315789,False
2,191,0.43107202649116516,0.5689279437065125,0.544567346572876,0.963021694214876,0.9643195111434508,0.0008654736842105263,False
2,192,0.43086349964141846,0.5691365003585815,0.5502051115036011,0.9637861570247933,0.9651868307422559,0.0008645263157894738,False
2,193,0.43065372109413147,0.5693462491035461,0.541895866394043,0.9654287190082644,0.9678438375899612,0.0008635789473684211,False
2,194,0.43044617772102356,0.5695538520812988,0.5399402976036072,0.9672262396694215,0.97063294439973,0.0008626315789473684,False
2,195,0.4302445650100708,0.5697554349899292,0.5374594330787659,0.9683884297520662,0.9722423609443038,0.0008616842105263158,False
2,196,0.4300389587879181,0.5699610710144043,0.5482660531997681,0.9687861570247934,0.9728430779800955,0.0008607368421052632,False
2,197,0.42983224987983704,0.5701677799224854,0.544573187828064,0.9677995867768595,0.9720857786239433,0.0008597894736842106,False
2,198,0.42962580919265747,0.5703741908073425,0.5378634333610535,0.967577479338843,0.9719687346998288,0.000858842105263158,False
2,199,0.4294147193431854,0.570585310459137,0.5401293039321899,0.9684142561983471,0.9728096552172928,0.0008578947368421052,False
2,200,0.42920243740081787,0.5707975625991821,0.5455235838890076,0.9690340909090908,0.973371979409025,0.0008569473684210527,False
2,201,0.4289930462837219,0.5710069537162781,0.5405030250549316,0.9690495867768594,0.9734263473966965,0.000856,False
2,202,0.42876726388931274,0.5712327361106873,0.5464464426040649,0.9679442148760331,0.9720045547906,0.0008550526315789474,False
2,203,0.4285462498664856,0.5714538097381592,0.5438413619995117,0.9662809917355373,0.969856119733326,0.0008541052631578947,False
2,204,0.42832791805267334,0.5716720223426819,0.5475020408630371,0.9649070247933886,0.9676126555029971,0.000853157894736842,False
2,205,0.4281051456928253,0.5718948841094971,0.5381696820259094,0.9642510330578512,0.9666690379709627,0.0008522105263157895,False
2,206,0.42788583040237427,0.5721141695976257,0.5394858121871948,0.9646797520661158,0.9676529772418642,0.0008512631578947369,False
2,207,0.4276689291000366,0.5723310708999634,0.5372658371925354,0.9654493801652893,0.9688990201583014,0.0008503157894736843,False
2,208,0.42744866013526917,0.5725513696670532,0.5276598930358887,0.9666064049586778,0.9704105504269362,0.0008493684210526315,False
2,209,0.42722317576408386,0.5727767944335938,0.5351367592811584,0.9677892561983471,0.9719320662484378,0.000848421052631579,False
2,210,0.4269964098930359,0.5730035901069641,0.531996488571167,0.9688223140495867,0.9731219418699931,0.0008474736842105263,False
2,211,0.426765501499176,0.573234498500824,0.5260741114616394,0.9694989669421488,0.9737596122322512,0.0008465263157894738,False
2,212,0.42654263973236084,0.5734573602676392,0.530510663986206,0.9694938016528927,0.9738092848910402,0.0008455789473684211,False
2,213,0.42632436752319336,0.5736755728721619,0.5306121110916138,0.9692613636363636,0.9735850908346176,0.0008446315789473684,False
2,214,0.42610907554626465,0.5738909244537354,0.5370014309883118,0.9686983471074381,0.9728634144512432,0.0008436842105263158,False
2,215,0.4258905351161957,0.5741094350814819,0.5265855193138123,0.9682902892561983,0.9722901716192415,0.0008427368421052632,False
2,216,0.42567718029022217,0.5743227601051331,0.5243541598320007,0.9681146694214876,0.9719698191530779,0.0008417894736842106,False
2,217,0.4254620373249054,0.5745379328727722,0.5181909799575806,0.9679752066115703,0.9716462932297858,0.000840842105263158,False
2,218,0.42525070905685425,0.574749231338501,0.5288783311843872,0.9680630165289256,0.9716281117336236,0.0008398947368421052,False
2,219,0.4250440299510956,0.5749559998512268,0.5247901082038879,0.9678202479338843,0.971555886630266,0.0008389473684210526,False
2,220,0.4248313903808594,0.5751686692237854,0.515555202960968,0.9673657024793388,0.9712720091626101,0.0008380000000000001,False
2,221,0.42462432384490967,0.5753756761550903,0.5231344699859619,0.966978305785124,0.9708381688588866,0.0008370526315789474,False
2,222,0.4244242012500763,0.5755757689476013,0.522915780544281,0.9667355371900825,0.9703612703218627,0.0008361052631578947,False
2,223,0.42421841621398926,0.5757815837860107,0.529693067073822,0.9673915289256197,0.9701736120672011,0.0008351578947368421,False
2,224,0.424014151096344,0.575985848903656,0.5271517038345337,0.9680010330578512,0.9702195189971634,0.0008342105263157895,False
2,225,0.4238109588623047,0.5761890411376953,0.5211637020111084,0.9682644628099173,0.9701687156363143,0.0008332631578947369,False
2,226,0.42360934615135193,0.5763906240463257,0.5288196802139282,0.9683626033057852,0.9704930763719616,0.0008323157894736843,False
2,227,0.42340728640556335,0.5765926837921143,0.5276246070861816,0.9683471074380167,0.970748084011752,0.0008313684210526315,False
2,228,0.42320960760116577,0.5767903923988342,0.5191113948822021,0.9683780991735538,0.9712379610853311,0.000830421052631579,False
2,229,0.4230141043663025,0.5769858956336975,0.5138438940048218,0.9687138429752067,0.9716875030324568,0.0008294736842105263,False
2,230,0.4228174686431885,0.5771825313568115,0.5210884213447571,0.96900826446281,0.9719962069384435,0.0008285263157894738,False
2,231,0.4226228594779968,0.5773770809173584,0.5199474692344666,0.9694989669421488,0.9725821233413507,0.000827578947368421,False
2,232,0.42242440581321716,0.5775755643844604,0.515654444694519,0.9695454545454545,0.972675285357634,0.0008266315789473684,False
2,233,0.42222851514816284,0.5777715444564819,0.5132302641868591,0.9695092975206612,0.9726328561610379,0.0008256842105263158,False
2,234,0.42203211784362793,0.5779679417610168,0.5127317905426025,0.9695041322314049,0.972638234948538,0.0008247368421052632,False
2,235,0.4218399226665497,0.5781601071357727,0.5198773145675659,0.9691735537190083,0.9723608284679,0.0008237894736842106,False
2,236,0.4216458797454834,0.5783541202545166,0.5123854279518127,0.9692716942148761,0.9725472777584491,0.0008228421052631578,False
2,237,0.42145660519599915,0.5785433650016785,0.5146888494491577,0.9697882231404958,0.9731858797219746,0.0008218947368421053,False
2,238,0.4212692677974701,0.5787307024002075,0.5164026021957397,0.9699793388429752,0.9733185350777478,0.0008209473684210526,False
2,239,0.4210873544216156,0.578912615776062,0.51487135887146,0.9699896694214876,0.9732493505615043,0.0008200000000000001,False
2,240,0.42089903354644775,0.5791009664535522,0.5186924338340759,0.9699276859504132,0.9731445461458381,0.0008190526315789474,False
2,241,0.4207187592983246,0.5792812705039978,0.5060372352600098,0.9694628099173555,0.9726399451584017,0.0008181052631578947,False
2,242,0.4205518662929535,0.5794481039047241,0.5195112228393555,0.9701807851239669,0.9731436354852576,0.0008171578947368421,False
2,243,0.42038047313690186,0.5796195268630981,0.5103184580802917,0.970940082644628,0.9735154711350779,0.0008162105263157895,False
2,244,0.42020508646965027,0.5797948837280273,0.5169390439987183,0.9705733471074381,0.9728255484359667,0.0008152631578947369,False
2,245,0.42002514004707336,0.579974889755249,0.5076009035110474,0.9703719008264461,0.9726141038424481,0.0008143157894736843,False
2,246,0.4198457896709442,0.5801542401313782,0.5146088600158691,0.9708677685950413,0.9733217199907945,0.0008133684210526315,False
2,247,0.41966718435287476,0.5803328156471252,0.5116358399391174,0.9707489669421486,0.9733311282490925,0.000812421052631579,False
2,248,0.4194936752319336,0.5805063247680664,0.5188927054405212,0.9706301652892562,0.9731735210717136,0.0008114736842105264,False
2,249,0.41932108998298645,0.5806788802146912,0.5087305307388306,0.9710278925619834,0.9735313506920946,0.0008105263157894737,False
2,250,0.4191436767578125,0.5808563828468323,0.5072652101516724,0.9710278925619834,0.9734323316695,0.000809578947368421,False
2,251,0.4189612865447998,0.5810387134552002,0.5115253329277039,0.9708729338842975,0.9733830504776919,0.0008086315789473684,False
2,252,0.418783962726593,0.581216037273407,0.513017475605011,0.9702995867768596,0.9729582265453347,0.0008076842105263158,False
2,253,0.4186115562915802,0.5813884735107422,0.5037190318107605,0.9700103305785125,0.972825791101062,0.0008067368421052632,False
2,254,0.4184361398220062,0.5815638303756714,0.49569016695022583,0.9699328512396694,0.9728571803532093,0.0008057894736842106,False
2,255,0.41826701164245605,0.581732988357544,0.5088270902633667,0.9693698347107438,0.9722918952995934,0.0008048421052631578,False
2,256,0.41810017824172974,0.581899881362915,0.5060310363769531,0.9684555785123967,0.9715680756026108,0.0008038947368421053,False
2,257,0.4179319143295288,0.5820680856704712,0.5061604380607605,0.9674070247933885,0.9705457686167673,0.0008029473684210526,False
2,258,0.41776415705680847,0.5822358131408691,0.5079424381256104,0.9668336776859504,0.9698722465761905,0.0008020000000000001,False
2,259,0.4175945222377777,0.5824055075645447,0.5053425431251526,0.9661828512396694,0.9690686127767272,0.0008010526315789474,False
2,260,0.4174281358718872,0.5825718641281128,0.5061793327331543,0.9662654958677686,0.9688165967394459,0.0008001052631578947,False
2,261,0.4172593653202057,0.5827406048774719,0.5071820020675659,0.9666167355371901,0.9693239575173688,0.0007991578947368421,False
2,262,0.4171004593372345,0.5828995704650879,0.5048062801361084,0.9671590909090908,0.9700051990835963,0.0007982105263157896,False
2,263,0.41694214940071106,0.5830578804016113,0.5084543824195862,0.9673140495867768,0.9701897894514151,0.0007972631578947369,False
2,264,0.41678643226623535,0.5832135677337646,0.4996950626373291,0.9677169421487603,0.970667750505933,0.0007963157894736843,False
2,265,0.41663429141044617,0.5833656787872314,0.5096690058708191,0.9682334710743802,0.9708903872588497,0.0007953684210526316,False
2,266,0.41648662090301514,0.5835133790969849,0.50841224193573,0.9680526859504132,0.9704205480630494,0.0007944210526315789,False
2,267,0.4163338541984558,0.583666205406189,0.5031172037124634,0.9679338842975207,0.9704161171037506,0.0007934736842105264,False
2,268,0.4161829948425293,0.5838170647621155,0.502241849899292,0.9684142561983471,0.9712862754264363,0.0007925263157894737,False
2,269,0.41603413224220276,0.5839658975601196,0.4987521171569824,0.967995867768595,0.9714305075627168,0.000791578947368421,False
2,270,0.4158872961997986,0.5841127038002014,0.5034729838371277,0.9677117768595042,0.9713810296337047,0.0007906315789473684,False
2,271,0.41574081778526306,0.5842591524124146,0.5102324485778809,0.9678719008264463,0.9714716009439841,0.0007896842105263158,False
2,272,0.4155934154987335,0.5844065546989441,0.5035567283630371,0.9682386363636363,0.9716423747898125,0.0007887368421052632,False
2,273,0.4154469966888428,0.5845530033111572,0.5021284818649292,0.9684142561983471,0.9715577375981264,0.0007877894736842106,False
2,274,0.41530337929725647,0.5846965909004211,0.49454250931739807,0.9687809917355373,0.9719512497456835,0.0007868421052631579,False
2,275,0.4151611924171448,0.5848388075828552,0.4970223903656006,0.9687758264462811,0.972088023716618,0.0007858947368421053,False
2,276,0.41502392292022705,0.584976077079773,0.49814385175704956,0.9688842975206612,0.9723094199624405,0.0007849473684210527,False
2,277,0.4148833155632019,0.5851166844367981,0.4972803294658661,0.9688688016528926,0.9723929420347098,0.0007840000000000001,False
2,278,0.4147399365901947,0.5852600336074829,0.4993012845516205,0.968879132231405,0.9722098545822703,0.0007830526315789474,False
2,279,0.4145931601524353,0.5854068398475647,0.494383841753006,0.9688997933884297,0.971887878062925,0.0007821052631578947,False
2,280,0.41444435715675354,0.5855556130409241,0.4926922917366028,0.9688636363636364,0.9716985337701922,0.0007811578947368421,False
2,281,0.41428667306900024,0.5857133269309998,0.5073275566101074,0.9683884297520662,0.971369932073902,0.0007802105263157895,False
2,282,0.4141286015510559,0.5858713388442993,0.48809516429901123,0.9681714876033057,0.9709916206044348,0.0007792631578947369,False
2,283,0.4139748811721802,0.5860251188278198,0.4941710829734802,0.9682644628099173,0.9710832947210795,0.0007783157894736841,False
2,284,0.4138219952583313,0.5861780047416687,0.49214449524879456,0.9685227272727273,0.9710848520372978,0.0007773684210526316,False
2,285,0.41367101669311523,0.5863289833068848,0.4955088198184967,0.9685227272727273,0.9707312736828805,0.0007764210526315789,False
2,286,0.41351214051246643,0.5864878296852112,0.49487847089767456,0.9682024793388431,0.9703799723113077,0.0007754736842105264,False
2,287,0.41335293650627136,0.5866470336914062,0.5010588765144348,0.9677840909090909,0.9698966636516769,0.0007745263157894737,False
2,288,0.4131943881511688,0.5868055820465088,0.49578967690467834,0.9673347107438017,0.9693617011305314,0.000773578947368421,False
2,289,0.4130364954471588,0.5869635343551636,0.494091659784317,0.9677427685950413,0.9696394928103265,0.0007726315789473684,False
2,290,0.4128763973712921,0.5871235728263855,0.4873005449771881,0.9683109504132231,0.9701958896028376,0.0007716842105263159,False
2,291,0.4127182960510254,0.5872817635536194,0.49266618490219116,0.9685485537190083,0.9705759657450309,0.0007707368421052632,False
2,292,0.41256076097488403,0.587439239025116,0.4900261461734772,0.9685227272727273,0.9708181582391758,0.0007697894736842106,False
2,293,0.4124038517475128,0.5875961184501648,0.4947367310523987,0.9685123966942148,0.9712179794025184,0.0007688421052631579,False
2,294,0.4122456908226013,0.5877543091773987,0.4907955527305603,0.9683419421487602,0.9714174612871369,0.0007678947368421053,False
2,295,0.4120907783508301,0.5879092216491699,0.4909997582435608,0.9682128099173554,0.9715155798334654,0.0007669473684210527,False
2,296,0.41193887591362,0.5880611538887024,0.4896272122859955,0.9679597107438016,0.9713715183964187,0.000766,False
2,297,0.4117881953716278,0.5882117748260498,0.49154970049858093,0.9678977272727273,0.9713519927367662,0.0007650526315789474,False
2,298,0.41163724660873413,0.5883627533912659,0.5000230073928833,0.9680526859504133,0.9718632952341546,0.0007641052631578947,False
2,299,0.41148582100868225,0.5885141491889954,0.496683269739151,0.9680785123966943,0.972029045181816,0.0007631578947368422,False
2,300,0.4113345444202423,0.5886654853820801,0.4958946108818054,0.9678564049586778,0.9720387131440503,0.0007622105263157895,False
2,301,0.4111890196800232,0.5888109803199768,0.4881674647331238,0.9679700413223141,0.972152183977947,0.0007612631578947369,False
2,302,0.4110495448112488,0.5889503955841064,0.4910720884799957,0.9682902892561983,0.9724159462106545,0.0007603157894736841,False
2,303,0.4109121561050415,0.5890877842903137,0.48519861698150635,0.9684297520661157,0.972447005719878,0.0007593684210526316,False
2,304,0.41077721118927,0.58922278881073,0.48683595657348633,0.9687551652892563,0.9725795509640524,0.000758421052631579,False
2,305,0.4106408357620239,0.5893591642379761,0.4882109463214874,0.9693595041322314,0.9729618065603299,0.0007574736842105264,False
2,306,0.4104984998703003,0.5895015597343445,0.48227182030677795,0.9695661157024794,0.9729255525139637,0.0007565263157894737,False
2,307,0.4103585183620453,0.5896415114402771,0.4822704792022705,0.9696487603305786,0.9726680732848532,0.0007555789473684211,False
2,308,0.4102219045162201,0.5897781252861023,0.4882441759109497,0.9699225206611569,0.9729542194785556,0.0007546315789473684,False
2,309,0.4100862741470337,0.5899137854576111,0.48732465505599976,0.9701859504132231,0.9734432134996607,0.0007536842105263158,False
2,310,0.40995490550994873,0.5900450944900513,0.490886926651001,0.9702789256198346,0.9737758494811505,0.0007527368421052632,False
2,311,0.4098183214664459,0.5901816487312317,0.48378458619117737,0.9700774793388429,0.973673046410061,0.0007517894736842104,False
2,312,0.40967613458633423,0.5903238654136658,0.4825866222381592,0.9701704545454545,0.9738195239325955,0.0007508421052631579,False
2,313,0.4095352590084076,0.5904647707939148,0.4863332211971283,0.970051652892562,0.9738676890990706,0.0007498947368421053,False
2,314,0.4093945026397705,0.5906055569648743,0.4830735921859741,0.9698140495867769,0.97382534254397,0.0007489473684210527,False
2,315,0.4092538356781006,0.5907461643218994,0.482594758272171,0.9693595041322315,0.9734063864592623,0.000748,False
2,316,0.40911605954170227,0.5908839702606201,0.48995333909988403,0.9684142561983471,0.9724643577878651,0.0007470526315789473,False
2,317,0.4089731276035309,0.5910269021987915,0.48050153255462646,0.9680268595041323,0.9721287452710621,0.0007461052631578947,False
2,318,0.40882977843284607,0.5911701917648315,0.48504769802093506,0.9679493801652893,0.9720458744181054,0.0007451578947368422,False
2,319,0.40869420766830444,0.5913057923316956,0.4805760979652405,0.9681559917355372,0.9721445423887868,0.0007442105263157895,False
2,320,0.40855783224105835,0.5914421677589417,0.47951632738113403,0.9680578512396694,0.971770758362465,0.0007432631578947369,False
2,321,0.40841618180274963,0.5915838479995728,0.48214051127433777,0.9680165289256197,0.9714492366368949,0.0007423157894736842,False
2,322,0.4082809090614319,0.5917190909385681,0.48067426681518555,0.968150826446281,0.9712463874899782,0.0007413684210526316,False
2,323,0.40814197063446045,0.5918580889701843,0.48126739263534546,0.9682902892561984,0.9713065324518924,0.000740421052631579,False
2,324,0.4080047607421875,0.5919952392578125,0.48350095748901367,0.968440082644628,0.9717057746629327,0.0007394736842105264,False
2,325,0.40786662697792053,0.5921334028244019,0.476430743932724,0.9688171487603306,0.9723227664980715,0.0007385263157894737,False
2,326,0.407725989818573,0.592274010181427,0.48241204023361206,0.968646694214876,0.9723862410639191,0.000737578947368421,False
2,327,0.40758755803108215,0.5924124121665955,0.4761244058609009,0.9687551652892561,0.9727837937691778,0.0007366315789473685,False
2,328,0.40745583176612854,0.5925441384315491,0.4766618311405182,0.9690289256198347,0.9730597755847299,0.0007356842105263158,False
2,329,0.40732496976852417,0.592674970626831,0.4784623086452484,0.9688481404958679,0.9729934205131276,0.0007347368421052632,False
2,330,0.40719592571258545,0.5928040742874146,0.48017334938049316,0.9685020661157024,0.9726834921743027,0.0007337894736842104,False
2,331,0.40706461668014526,0.5929353833198547,0.4773139953613281,0.9681973140495866,0.9724302429824683,0.0007328421052631579,False
2,332,0.4069356322288513,0.5930643677711487,0.48069077730178833,0.9676291322314049,0.9718039744521048,0.0007318947368421053,False
2,333,0.40681084990501404,0.5931891202926636,0.47695106267929077,0.9676446280991736,0.9715199815425873,0.0007309473684210527,False
2,334,0.40668830275535583,0.5933116674423218,0.4801517724990845,0.9677634297520661,0.9714239910624988,0.00073,False
2,335,0.40656381845474243,0.5934362411499023,0.4786915183067322,0.968336776859504,0.9718064279202678,0.0007290526315789475,False
2,336,0.4064468443393707,0.5935531258583069,0.48030784726142883,0.9686673553719009,0.9722524250407912,0.0007281052631578948,False
2,337,0.4063270390033722,0.5936729907989502,0.48112720251083374,0.9688068181818181,0.972577842436349,0.0007271578947368422,False
2,338,0.406205952167511,0.593794047832489,0.4724240005016327,0.9686931818181819,0.9726358608352621,0.0007262105263157895,False
2,339,0.406084805727005,0.5939152240753174,0.4799332916736603,0.9684659090909091,0.9723652287904659,0.0007252631578947369,False
2,340,0.4059630334377289,0.5940369367599487,0.4805421829223633,0.9684039256198346,0.972115233920355,0.0007243157894736842,False
2,341,0.4058414697647095,0.5941585302352905,0.47837480902671814,0.9688119834710744,0.9723361247006582,0.0007233684210526316,False
2,342,0.40571364760398865,0.594286322593689,0.4875301718711853,0.9692820247933885,0.9725632895815434,0.000722421052631579,False
2,343,0.40559354424476624,0.5944064259529114,0.4735982120037079,0.9694163223140495,0.972579229601718,0.0007214736842105263,False
2,344,0.4054746627807617,0.5945253968238831,0.47251296043395996,0.9695919421487602,0.9726794030963821,0.0007205263157894737,False
2,345,0.4053502082824707,0.5946497917175293,0.4759581685066223,0.9698863636363637,0.9731418986013222,0.000719578947368421,False
2,346,0.40522536635398865,0.5947746634483337,0.4815558195114136,0.9702582644628099,0.9736324056675311,0.0007186315789473685,False
2,347,0.40509140491485596,0.594908595085144,0.4829409718513489,0.9702479338842975,0.9737407763950985,0.0007176842105263158,False
2,348,0.40496379137039185,0.5950362086296082,0.4807811379432678,0.9699276859504132,0.9735617685439262,0.0007167368421052632,False
2,349,0.4048386514186859,0.5951613783836365,0.47451716661453247,0.9696435950413222,0.973434852078097,0.0007157894736842105,False
2,350,0.4047178626060486,0.5952821969985962,0.47524702548980713,0.9694576446280991,0.9732981629029892,0.000714842105263158,False
2,351,0.4046030044555664,0.5953969955444336,0.47939303517341614,0.9691838842975206,0.9730914406068074,0.0007138947368421053,False
2,352,0.40448662638664246,0.5955133438110352,0.4722652733325958,0.9691012396694214,0.9732166164880959,0.0007129473684210527,False
2,353,0.4043724536895752,0.5956276059150696,0.47474512457847595,0.9689617768595041,0.9731341755102826,0.000712,False
2,354,0.4042520821094513,0.5957479476928711,0.4831549823284149,0.9686363636363637,0.9728331167139315,0.0007110526315789474,False
2,355,0.4041323661804199,0.5958676338195801,0.47096121311187744,0.9680526859504132,0.9723469328585028,0.0007101052631578948,False
2,356,0.40401551127433777,0.5959844589233398,0.4777575135231018,0.968021694214876,0.9723755600377182,0.0007091578947368421,False
2,357,0.4038989841938019,0.5961010456085205,0.4768927991390228,0.9681818181818181,0.9724699663044297,0.0007082105263157895,False
2,358,0.4037848711013794,0.5962150692939758,0.47173935174942017,0.9685227272727273,0.9727003861513279,0.0007072631578947367,False
2,359,0.40366825461387634,0.5963317155838013,0.47954756021499634,0.9684039256198347,0.9723371632114046,0.0007063157894736842,False
2,360,0.40355297923088074,0.5964469909667969,0.46682053804397583,0.9685382231404958,0.9723462550533011,0.0007053684210526316,False
2,361,0.4034358263015747,0.5965641140937805,0.4724239706993103,0.9692768595041322,0.9731811900188412,0.000704421052631579,False
2,362,0.40332192182540894,0.5966780781745911,0.4737948477268219,0.9696229338842974,0.9735823025656535,0.0007034736842105263,False
2,363,0.4032074809074402,0.5967925190925598,0.4657854735851288,0.9700309917355373,0.9741412198997528,0.0007025263157894738,False
2,364,0.40309232473373413,0.5969077348709106,0.46449965238571167,0.9698502066115703,0.9741693166465766,0.0007015789473684211,False
2,365,0.40298134088516235,0.5970186591148376,0.46844393014907837,0.9698037190082645,0.9743456832571977,0.0007006315789473685,False
2,366,0.40287238359451294,0.5971276164054871,0.4675889015197754,0.9697210743801653,0.974303841381389,0.0006996842105263158,False
2,367,0.40275973081588745,0.5972402095794678,0.47190237045288086,0.9694524793388429,0.9740794057286446,0.0006987368421052632,False
2,368,0.40264758467674255,0.5973523855209351,0.474370539188385,0.9687809917355372,0.9735071628553088,0.0006977894736842105,False
2,369,0.40253835916519165,0.5974616408348083,0.4757586121559143,0.9680733471074381,0.9729648158565894,0.000696842105263158,False
2,370,0.4024306535720825,0.5975693464279175,0.4699403941631317,0.9676033057851241,0.9725576202820362,0.0006958947368421053,False
2,371,0.40232110023498535,0.5976789593696594,0.4645686149597168,0.9677376033057851,0.9727164455913343,0.0006949473684210527,False
2,372,0.4022117257118225,0.5977882742881775,0.46684426069259644,0.9680371900826445,0.9730359200609392,0.000694,False
2,373,0.4021055996417999,0.5978944301605225,0.4650524854660034,0.9685485537190083,0.9735245643611876,0.0006930526315789473,False
2,374,0.4019954204559326,0.5980045199394226,0.46777108311653137,0.9689101239669421,0.9737574861115154,0.0006921052631578948,False
2,375,0.4018898010253906,0.5981101989746094,0.47101184725761414,0.9693336776859504,0.9741326444937826,0.0006911578947368421,False
2,376,0.4017839729785919,0.5982159972190857,0.4639829397201538,0.970154958677686,0.9747216840820665,0.0006902105263157895,False
2,377,0.4016820788383484,0.5983179211616516,0.4661632180213928,0.9707851239669422,0.975131511031422,0.0006892631578947369,False
2,378,0.40158289670944214,0.5984171628952026,0.47134914994239807,0.9711518595041323,0.9753328493264091,0.0006883157894736843,False
2,379,0.4014890491962433,0.5985109806060791,0.4691430926322937,0.9712861570247936,0.9754504279439421,0.0006873684210526316,False
2,380,0.40139302611351013,0.5986069440841675,0.4691885709762573,0.971275826446281,0.9755794264783665,0.000686421052631579,False
2,381,0.4012964069843292,0.5987036228179932,0.4664338231086731,0.9711053719008265,0.9755937947521692,0.0006854736842105263,False
2,382,0.4012015163898468,0.5987985134124756,0.4631080627441406,0.9712396694214875,0.975780509610996,0.0006845263157894738,False
2,383,0.40110331773757935,0.5988966822624207,0.46539151668548584,0.9714152892561984,0.9759187982162052,0.0006835789473684211,False
2,384,0.4010029137134552,0.5989971160888672,0.46651002764701843,0.9715805785123967,0.9758097315676394,0.0006826315789473685,False
2,385,0.4008985757827759,0.5991013646125793,0.46424469351768494,0.9710227272727272,0.9751954094055744,0.0006816842105263158,False
2,386,0.40079253911972046,0.5992074608802795,0.4686378240585327,0.9707592975206613,0.9747217112393046,0.0006807368421052632,False
2,387,0.40068191289901733,0.5993180871009827,0.46355777978897095,0.9707592975206611,0.97435680685791,0.0006797894736842105,False
2,388,0.4005648195743561,0.5994351506233215,0.46843260526657104,0.9706663223140495,0.9740005064855976,0.0006788421052631579,False
2,389,0.40045058727264404,0.599549412727356,0.4647832214832306,0.9703719008264463,0.9735757375222462,0.0006778947368421053,False
2,390,0.4003393352031708,0.5996606945991516,0.4645269215106964,0.9703770661157025,0.9735419593435577,0.0006769473684210526,False
2,391,0.40022382140159607,0.5997762084007263,0.4627392590045929,0.9705888429752065,0.9738265331994912,0.0006760000000000001,False
2,392,0.4001128375530243,0.5998871922492981,0.46809011697769165,0.9709039256198347,0.9739366193409617,0.0006750526315789474,False
2,393,0.400005042552948,0.5999950170516968,0.4609033167362213,0.970599173553719,0.973691399568732,0.0006741052631578948,False
2,394,0.399895042181015,0.6001049876213074,0.45692238211631775,0.9705165289256199,0.9736004200477627,0.0006731578947368421,False
2,395,0.399787575006485,0.6002123951911926,0.46535420417785645,0.9708832644628099,0.9739395670713809,0.0006722105263157895,False
2,396,0.39968714118003845,0.6003128290176392,0.463142454624176,0.9709814049586777,0.9742116734373855,0.0006712631578947368,False
2,397,0.39959219098091125,0.6004078388214111,0.46441322565078735,0.9713171487603306,0.9746779916413378,0.0006703157894736843,False
2,398,0.3994992673397064,0.6005007028579712,0.4655247926712036,0.9710898760330579,0.9746983879171437,0.0006693684210526316,False
2,399,0.3994024097919464,0.600597620010376,0.4634254574775696,0.971043388429752,0.9749935807396422,0.000668421052631579,False
2,400,0.3993102014064789,0.6006898283958435,0.46819064021110535,0.9709349173553719,0.9749468652736321,0.0006674736842105263,False
2,401,0.39922529458999634,0.6007747054100037,0.46192222833633423,0.9707541322314049,0.9748358833503215,0.0006665263157894737,False
2,402,0.399137943983078,0.6008620858192444,0.4627557098865509,0.9704183884297521,0.974392895718623,0.0006655789473684211,False
2,403,0.3990452289581299,0.6009547710418701,0.46062007546424866,0.9703512396694215,0.9742895778795767,0.0006646315789473684,False
2,404,0.3989548981189728,0.6010451316833496,0.46315863728523254,0.9706973140495868,0.9746404536830887,0.0006636842105263158,False
2,405,0.398872971534729,0.6011270880699158,0.4608703553676605,0.970495867768595,0.9745874802216478,0.0006627368421052632,False
2,406,0.3987968862056732,0.6012031435966492,0.45933911204338074,0.9703512396694216,0.9744106480417162,0.0006617894736842106,False
2,407,0.3987155258655548,0.6012844443321228,0.459175169467926,0.9703615702479339,0.9743860405346563,0.0006608421052631579,False
2,408,0.3986322581768036,0.6013677716255188,0.46657830476760864,0.9703719008264462,0.9743824142726375,0.0006598947368421053,False
2,409,0.39854395389556885,0.6014560461044312,0.45919346809387207,0.9704752066115702,0.9743722364774731,0.0006589473684210526,False
2,410,0.39844954013824463,0.6015504598617554,0.45746123790740967,0.9702892561983472,0.9742557910161628,0.0006580000000000001,False
2,411,0.3983534574508667,0.6016464829444885,0.45883673429489136,0.9697262396694214,0.9738068389771575,0.0006570526315789474,False
2,412,0.39825600385665894,0.6017439365386963,0.4642482399940491,0.969349173553719,0.973477544338182,0.0006561052631578948,False
2,413,0.3981597423553467,0.6018402576446533,0.4596821665763855,0.9694989669421489,0.9736298659335244,0.0006551578947368421,False
2,414,0.39806312322616577,0.6019368767738342,0.4593423008918762,0.9695041322314049,0.9736406924782495,0.0006542105263157896,False
2,415,0.39796730875968933,0.6020327210426331,0.46354424953460693,0.9695712809917355,0.9735862130792223,0.0006532631578947368,False
2,416,0.3978681266307831,0.6021318435668945,0.45492351055145264,0.9696022727272728,0.9735707944938685,0.0006523157894736842,False
2,417,0.3977716267108917,0.6022284030914307,0.4641648530960083,0.9694886363636365,0.9734077216704282,0.0006513684210526316,False
2,418,0.3976762592792511,0.6023237109184265,0.45249485969543457,0.9697727272727273,0.9736597319512849,0.0006504210526315789,False
2,419,0.3975793719291687,0.6024206280708313,0.4569053649902344,0.9695144628099174,0.973291201204032,0.0006494736842105264,False
2,420,0.39747732877731323,0.602522611618042,0.4562149941921234,0.9690495867768594,0.9727985035265988,0.0006485263157894737,False
2,421,0.39737656712532043,0.602623462677002,0.4585590362548828,0.9687500000000001,0.9723186076267166,0.0006475789473684211,False
2,422,0.3972809314727783,0.6027190685272217,0.453508585691452,0.9685382231404959,0.9719189138019304,0.0006466315789473684,False
2,423,0.397187739610672,0.6028122901916504,0.45451775193214417,0.9685175619834709,0.9718625007604104,0.0006456842105263158,False
2,424,0.39709243178367615,0.6029075384140015,0.45889291167259216,0.9686828512396694,0.9719216686130279,0.0006447368421052632,False
2,425,0.39700308442115784,0.6029968857765198,0.46003085374832153,0.9685640495867769,0.9718588925727815,0.0006437894736842106,False
2,426,0.39691662788391113,0.6030833125114441,0.45906028151512146,0.9683419421487603,0.9717413484083749,0.0006428421052631579,False
2,427,0.39683371782302856,0.6031663417816162,0.4583004117012024,0.968073347107438,0.9715260564979924,0.0006418947368421053,False
2,428,0.3967457413673401,0.6032542586326599,0.45950108766555786,0.9679338842975207,0.9713548096153737,0.0006409473684210527,False
2,429,0.39665400981903076,0.6033459901809692,0.4591485559940338,0.9676188016528925,0.971072639067071,0.00064,False
2,430,0.39656344056129456,0.6034365296363831,0.4574013948440552,0.9673811983471076,0.9707613475232865,0.0006390526315789474,False
2,431,0.3964722156524658,0.6035277843475342,0.46039652824401855,0.9676342975206612,0.9708870858473447,0.0006381052631578948,False
2,432,0.39638617634773254,0.6036138534545898,0.4581014811992645,0.9681818181818181,0.9714302659590466,0.0006371578947368421,False
2,433,0.39630329608917236,0.6036967039108276,0.4585649371147156,0.9685898760330578,0.9717332774346528,0.0006362105263157895,False
2,434,0.3962291479110718,0.6037708520889282,0.4609237313270569,0.9686260330578511,0.9718527716818571,0.000635263157894737,False
2,435,0.3961559236049652,0.6038441061973572,0.4619746506214142,0.9686621900826445,0.9719979663241165,0.0006343157894736842,False
2,436,0.3960873782634735,0.6039125919342041,0.4573279023170471,0.9691115702479339,0.9724667640743149,0.0006333684210526316,False
2,437,0.39601683616638184,0.6039831042289734,0.4574812054634094,0.9693956611570248,0.9728010416932531,0.0006324210526315789,False
2,438,0.3959421217441559,0.6040579080581665,0.45708248019218445,0.9694576446280992,0.9728695618522647,0.0006314736842105264,False
2,439,0.39586740732192993,0.6041325926780701,0.4616087079048157,0.9696642561983472,0.9731220413099801,0.0006305263157894737,False
2,440,0.39579930901527405,0.6042007207870483,0.457285612821579,0.9696642561983472,0.9731564951148567,0.0006295789473684211,False
2,441,0.3957308530807495,0.6042691469192505,0.4571641683578491,0.9694318181818182,0.9729415735231202,0.0006286315789473684,False
2,442,0.39565542340278625,0.6043445467948914,0.4547696113586426,0.9693130165289255,0.9728221198032576,0.0006276842105263159,False
2,443,0.3955775797367096,0.604422390460968,0.4535091817378998,0.9690392561983471,0.9727539311392573,0.0006267368421052632,False
2,444,0.39549681544303894,0.6045032143592834,0.45239710807800293,0.9692768595041322,0.9731629234338884,0.0006257894736842106,False
2,445,0.395419180393219,0.6045807600021362,0.4513944685459137,0.9694834710743802,0.9735904129826234,0.0006248421052631579,False
2,446,0.3953402042388916,0.6046598553657532,0.4490814507007599,0.9695041322314049,0.9736708232133642,0.0006238947368421053,False
2,447,0.39526084065437317,0.6047391891479492,0.4511350393295288,0.9696952479338843,0.9738735918506091,0.0006229473684210527,False
2,448,0.39518025517463684,0.6048197746276855,0.45677581429481506,0.969814049586777,0.9739988605595842,0.000622,False
2,449,0.39510229229927063,0.6048977375030518,0.45640236139297485,0.9696022727272728,0.97358752401337,0.0006210526315789474,False
2,450,0.3950216770172119,0.6049783229827881,0.4522842466831207,0.9692252066115702,0.9729716629857585,0.0006201052631578947,False
2,451,0.3949456810951233,0.6050542593002319,0.4526621103286743,0.9688636363636364,0.9727080298205334,0.0006191578947368421,False
2,452,0.39486438035964966,0.6051356196403503,0.45381873846054077,0.9683212809917355,0.9722857603734646,0.0006182105263157895,False
2,453,0.39478564262390137,0.6052143573760986,0.4541877508163452,0.9674896694214876,0.9714464205466193,0.000617263157894737,False
2,454,0.39470407366752625,0.6052959561347961,0.4548855721950531,0.9671539256198346,0.9710524690538005,0.0006163157894736842,False
2,455,0.3946187496185303,0.6053812503814697,0.4469870626926422,0.967190082644628,0.9710247446093567,0.0006153684210526316,False
2,456,0.3945314884185791,0.6054685115814209,0.4452991187572479,0.9672417355371901,0.971019794464869,0.000614421052631579,False
2,457,0.39444631338119507,0.6055536866188049,0.4497879147529602,0.9675154958677686,0.9712352379944521,0.0006134736842105264,False
2,458,0.3943640887737274,0.605635941028595,0.4495239853858948,0.9677892561983471,0.9714387660554794,0.0006125263157894737,False
2,459,0.3942808210849762,0.6057192087173462,0.4462535083293915,0.9678667355371902,0.971492708142023,0.0006115789473684211,False
2,460,0.3941963016986847,0.6058037281036377,0.44640761613845825,0.9680320247933885,0.9715045311259798,0.0006106315789473684,False
2,461,0.39411377906799316,0.6058862805366516,0.44847434759140015,0.9681559917355371,0.9717116968123581,0.0006096842105263159,False
2,462,0.39402705430984497,0.605972945690155,0.44871771335601807,0.9680578512396695,0.9716993277413084,0.0006087368421052633,False
2,463,0.393940269947052,0.606059730052948,0.45596641302108765,0.9677014462809918,0.9714518810382656,0.0006077894736842105,False
2,464,0.39384761452674866,0.606152355670929,0.44661960005760193,0.9678409090909091,0.9716808120135805,0.0006068421052631579,False
2,465,0.39375486969947815,0.6062451601028442,0.45302295684814453,0.9682438016528927,0.9721255456490359,0.0006058947368421052,False
2,466,0.39365771412849426,0.6063423156738281,0.4437723159790039,0.968305785123967,0.9721372280751096,0.0006049473684210527,False
2,467,0.39356258511543274,0.6064373850822449,0.45702818036079407,0.9681921487603304,0.9719808372630873,0.000604,False
2,468,0.39346471428871155,0.6065352559089661,0.4490310847759247,0.9678047520661156,0.9715146440481692,0.0006030526315789474,False
2,469,0.3933733105659485,0.6066266298294067,0.44556954503059387,0.9677272727272728,0.9713943176065752,0.0006021052631578947,False
2,470,0.3932841420173645,0.6067158579826355,0.44685620069503784,0.9677685950413223,0.9713889821667521,0.0006011578947368422,False
2,471,0.3931916356086731,0.6068084239959717,0.45074474811553955,0.967654958677686,0.9712805268427278,0.0006002105263157895,False
2,472,0.39309990406036377,0.6069000959396362,0.44958388805389404,0.967474173553719,0.9711189244478099,0.0005992631578947369,False
2,473,0.39300668239593506,0.6069933176040649,0.4479522109031677,0.9673966942148761,0.971083010540921,0.0005983157894736842,False
2,474,0.39291590452194214,0.6070840954780579,0.44624876976013184,0.9672469008264463,0.9710717871815652,0.0005973684210526316,False
2,475,0.3928294777870178,0.6071704626083374,0.45299890637397766,0.9674948347107437,0.9712379064470553,0.000596421052631579,False
2,476,0.39274173974990845,0.6072583198547363,0.44992220401763916,0.9678047520661157,0.9713231683013619,0.0005954736842105265,False
2,477,0.3926587402820587,0.6073412299156189,0.44576454162597656,0.9680320247933883,0.971419484324453,0.0005945263157894737,False
2,478,0.39257436990737915,0.6074256300926208,0.4477626085281372,0.9681404958677686,0.9718270797744747,0.0005935789473684211,False
2,479,0.3924904465675354,0.6075095534324646,0.44774845242500305,0.9683574380165287,0.9721228625470217,0.0005926315789473684,False
2,480,0.3924143314361572,0.607585608959198,0.4492315351963043,0.9683161157024792,0.9721024333859865,0.0005916842105263158,False
2,481,0.3923387825489044,0.607661247253418,0.451259970664978,0.9683729338842975,0.9720090177059205,0.0005907368421052633,False
2,482,0.39226090908050537,0.6077390909194946,0.4469473361968994,0.968279958677686,0.9718838511114565,0.0005897894736842105,False
2,483,0.3921818137168884,0.6078181862831116,0.4438576102256775,0.9684504132231404,0.9719784967181366,0.0005888421052631579,False
2,484,0.3920977711677551,0.6079022288322449,0.4466667175292969,0.9684865702479339,0.9721095650616767,0.0005878947368421053,False
2,485,0.39201006293296814,0.6079899072647095,0.44515281915664673,0.9684762396694214,0.9722192265051313,0.0005869473684210527,False
2,486,0.3919232189655304,0.608076810836792,0.45327579975128174,0.9688636363636364,0.9727906640267904,0.000586,False
2,487,0.3918372690677643,0.6081627607345581,0.4462890923023224,0.9694369834710744,0.9735541023441425,0.0005850526315789473,False
2,488,0.3917529582977295,0.6082471013069153,0.4437187612056732,0.9696952479338843,0.9739920316901348,0.0005841052631578947,False
2,489,0.3916652798652649,0.6083346605300903,0.4468143582344055,0.969638429752066,0.9742248515890156,0.0005831578947368421,False
2,490,0.3915782570838928,0.6084217429161072,0.4476058781147003,0.9699586776859503,0.9747366525240159,0.0005822105263157896,False
2,491,0.3914904296398163,0.6085095405578613,0.44426989555358887,0.9701394628099174,0.9749416513519483,0.0005812631578947368,False
2,492,0.391401082277298,0.6085989475250244,0.45333850383758545,0.970599173553719,0.9752345093726706,0.0005803157894736842,False
2,493,0.39131486415863037,0.6086851358413696,0.44957736134529114,0.9708832644628098,0.9753218722443229,0.0005793684210526315,False
2,494,0.3912276327610016,0.608772337436676,0.4440571665763855,0.9707438016528925,0.9749550680711111,0.000578421052631579,False
2,495,0.3911396563053131,0.6088603734970093,0.44743794202804565,0.9704287190082646,0.9744846582435205,0.0005774736842105263,False
2,496,0.39105406403541565,0.6089459657669067,0.4453864097595215,0.970051652892562,0.9739170377844456,0.0005765263157894737,False
2,497,0.3909704089164734,0.6090295910835266,0.44195854663848877,0.9696642561983471,0.9736226675096076,0.000575578947368421,False
2,498,0.39088112115859985,0.6091189384460449,0.4566763937473297,0.96963326446281,0.9737855412873124,0.0005746315789473685,False
2,499,0.3907962143421173,0.6092037558555603,0.4544074535369873,0.969297520661157,0.9734362730761408,0.0005736842105263159,False
2,500,0.3907192647457123,0.6092807650566101,0.4487282931804657,0.9688429752066114,0.972912444394364,0.0005727368421052632,False
2,501,0.3906387388706207,0.6093612313270569,0.4426443576812744,0.9684245867768594,0.9724054100437807,0.0005717894736842105,False
2,502,0.39056649804115295,0.6094334721565247,0.4495219588279724,0.9676704545454545,0.9718913074377361,0.0005708421052631579,False
2,503,0.39049288630485535,0.609507143497467,0.44348806142807007,0.96739152892562,0.9718181850615053,0.0005698947368421053,False
2,504,0.39041927456855774,0.6095807552337646,0.44475385546684265,0.9675516528925621,0.9721568938172849,0.0005689473684210527,False
2,505,0.3903419077396393,0.6096581220626831,0.44366201758384705,0.9676446280991736,0.9721183737986903,0.000568,False
2,506,0.39025643467903137,0.6097435355186462,0.4495546519756317,0.967861570247934,0.9721547023972598,0.0005670526315789473,False
2,507,0.3901735544204712,0.6098264455795288,0.4431779384613037,0.9681301652892562,0.9722092817497718,0.0005661052631578947,False
2,508,0.39009368419647217,0.6099063158035278,0.44839000701904297,0.9683109504132231,0.9723921094844732,0.0005651578947368421,False
2,509,0.39001795649528503,0.6099820733070374,0.43915724754333496,0.9685588842975207,0.9724775586198559,0.0005642105263157896,False
2,510,0.38994839787483215,0.6100515723228455,0.44858449697494507,0.9685123966942148,0.9724399317189651,0.0005632631578947368,False
2,511,0.3898780047893524,0.61012202501297,0.44165197014808655,0.9684039256198347,0.9722431119293453,0.0005623157894736842,False
2,512,0.38981208205223083,0.6101878881454468,0.44565773010253906,0.968228305785124,0.9720440823846861,0.0005613684210526316,False
2,513,0.3897484242916107,0.6102515459060669,0.4406680464744568,0.9683471074380166,0.9721165723340505,0.0005604210526315791,False
2,514,0.38968613743782043,0.610313892364502,0.44240468740463257,0.96849173553719,0.9722729325417238,0.0005594736842105263,False
2,515,0.38962522149086,0.6103748083114624,0.44519007205963135,0.9687809917355372,0.9724056078106318,0.0005585263157894737,False
2,516,0.3895632326602936,0.610436737537384,0.4451894462108612,0.9691425619834712,0.9728512331368567,0.000557578947368421,False
2,517,0.38950619101524353,0.6104937791824341,0.4441300630569458,0.969297520661157,0.97315354280969,0.0005566315789473684,False
2,518,0.3894457519054413,0.6105542182922363,0.44318193197250366,0.9694318181818181,0.9735470218114666,0.0005556842105263159,False
2,519,0.38939371705055237,0.6106062531471252,0.4452921748161316,0.9694369834710744,0.9737617936965849,0.0005547368421052631,False
2,520,0.38934266567230225,0.6106573343276978,0.44502437114715576,0.9694369834710745,0.9738305872566418,0.0005537894736842105,False
2,521,0.38928937911987305,0.6107106804847717,0.4446806311607361,0.969375,0.9738921819833626,0.0005528421052631578,False
2,522,0.38923540711402893,0.6107646226882935,0.43994641304016113,0.9691580578512395,0.9737350260534007,0.0005518947368421053,False
2,523,0.3891804814338684,0.6108195185661316,0.4399801790714264,0.9692200413223141,0.9738561880091775,0.0005509473684210527,False
2,524,0.38912340998649597,0.6108765602111816,0.43893954157829285,0.9690754132231405,0.9736645120631605,0.00055,False
2,525,0.38906726241111755,0.6109327077865601,0.44416624307632446,0.96875,0.9733681762077098,0.0005490526315789473,False
2,526,0.389006108045578,0.6109939217567444,0.440639853477478,0.9682954545454546,0.9729272569150328,0.0005481052631578948,False
2,527,0.3889482617378235,0.6110517382621765,0.4466724991798401,0.9682334710743802,0.9726688335573855,0.0005471578947368421,False
2,528,0.3888867497444153,0.6111133098602295,0.4441288113594055,0.9679390495867769,0.9721979825322524,0.0005462105263157896,False
2,529,0.3888244926929474,0.6111754775047302,0.443020224571228,0.968042355371901,0.9720184566596761,0.0005452631578947368,False
2,530,0.38876011967658997,0.6112399101257324,0.4416578710079193,0.9687913223140494,0.972421231617007,0.0005443157894736843,False
2,531,0.3886951506137848,0.6113048195838928,0.43779730796813965,0.9696126033057851,0.9728516091448526,0.0005433684210526316,False
2,532,0.38862890005111694,0.6113710999488831,0.44072452187538147,0.9702427685950412,0.9730704675207685,0.000542421052631579,False
2,533,0.3885643482208252,0.61143559217453,0.4395463168621063,0.9707851239669422,0.9733400113203544,0.0005414736842105263,False
2,534,0.3884955644607544,0.6115044355392456,0.43884652853012085,0.9711776859504132,0.9735691205615126,0.0005405263157894736,False
2,535,0.38842469453811646,0.6115753054618835,0.44638165831565857,0.9716890495867769,0.9741037222092196,0.0005395789473684211,False
2,536,0.3883569538593292,0.6116430759429932,0.44192591309547424,0.9716942148760331,0.9743076132079247,0.0005386315789473684,False
2,537,0.38828977942466736,0.611710250377655,0.4483591318130493,0.9713842975206611,0.9742406646997127,0.0005376842105263159,False
2,538,0.38822251558303833,0.6117774844169617,0.43819886445999146,0.9711931818181818,0.9742068456031996,0.0005367368421052631,False
2,539,0.3881590962409973,0.6118409037590027,0.44759076833724976,0.9709865702479339,0.9741951613011521,0.0005357894736842105,False
2,540,0.3880968391895294,0.6119031310081482,0.4362393915653229,0.9708212809917355,0.9740842794986617,0.0005348421052631579,False
2,541,0.3880480229854584,0.6119519472122192,0.443484902381897,0.970289256198347,0.973587947904324,0.0005338947368421053,False
2,542,0.3880003094673157,0.6119997501373291,0.4398905634880066,0.9696280991735537,0.9729812564145808,0.0005329473684210526,False
2,543,0.3879478871822357,0.6120520830154419,0.4337212145328522,0.9694421487603307,0.9727206065304811,0.000532,False
2,544,0.3878956437110901,0.6121043562889099,0.4381122291088104,0.9689876033057852,0.9723343841019623,0.0005310526315789474,False
2,545,0.38784193992614746,0.6121580600738525,0.4405224323272705,0.9686518595041322,0.97162390677981,0.0005301052631578948,False
2,546,0.3877814710140228,0.6122185587882996,0.451358824968338,0.9683884297520661,0.9710778026907263,0.0005291578947368421,False
2,547,0.38772353529930115,0.6122764945030212,0.43711209297180176,0.9683832644628099,0.9709045472691267,0.0005282105263157894,False
2,548,0.3876577615737915,0.6123422384262085,0.4430381655693054,0.9686363636363636,0.9711273512666165,0.0005272631578947368,False
2,549,0.3875958025455475,0.6124042272567749,0.43462878465652466,0.9689772727272727,0.9715120215550468,0.0005263157894736842,False
2,550,0.38752874732017517,0.6124712228775024,0.4327680468559265,0.9693956611570248,0.9722687435277348,0.0005253684210526316,False
2,551,0.387464702129364,0.612535297870636,0.4491505026817322,0.96963326446281,0.9726009708481655,0.000524421052631579,False
2,552,0.3873990774154663,0.6126009225845337,0.43742358684539795,0.969948347107438,0.9730780596134018,0.0005234736842105263,False
2,553,0.38733285665512085,0.6126671433448792,0.4353622794151306,0.9697830578512397,0.9730929539694385,0.0005225263157894736,False
2,554,0.38726750016212463,0.612732470035553,0.43892011046409607,0.9695712809917355,0.9730886732505355,0.0005215789473684211,False
2,555,0.38719668984413147,0.6128032803535461,0.43310073018074036,0.9694266528925619,0.9731235954902829,0.0005206315789473684,False
2,556,0.3871297836303711,0.6128702163696289,0.4375927448272705,0.9696074380165289,0.9732617650214718,0.0005196842105263159,False
2,557,0.3870614469051361,0.6129385232925415,0.43319427967071533,0.9697830578512395,0.9734173646562556,0.0005187368421052631,False
2,558,0.38699960708618164,0.6130003929138184,0.43380579352378845,0.9698966942148759,0.9734080600101179,0.0005177894736842106,False
2,559,0.3869355618953705,0.6130644679069519,0.4393923282623291,0.970154958677686,0.9735614530940924,0.0005168421052631579,False
2,560,0.3868744373321533,0.6131256222724915,0.4361328184604645,0.9703925619834711,0.9735401145827094,0.0005158947368421053,False
2,561,0.38680770993232727,0.6131923198699951,0.4367446303367615,0.9704080578512397,0.9733771202102128,0.0005149473684210526,False
2,562,0.3867466151714325,0.6132534146308899,0.4357101023197174,0.9701497933884297,0.9730300122759239,0.000514,False
2,563,0.3866870701313019,0.6133129000663757,0.44142866134643555,0.9699638429752068,0.9728712758221921,0.0005130526315789474,False
2,564,0.38662758469581604,0.6133724451065063,0.4371252655982971,0.9698088842975207,0.9728692857612905,0.0005121052631578947,False
2,565,0.3865671157836914,0.6134329438209534,0.4384375214576721,0.9697004132231406,0.9728006279329648,0.0005111578947368422,False
2,566,0.3865099847316742,0.6134900450706482,0.4353335499763489,0.9700258264462811,0.9731679956337317,0.0005102105263157894,False
2,567,0.38645312190055847,0.6135468482971191,0.4421342611312866,0.9702582644628099,0.9734684167757698,0.0005092631578947368,False
2,568,0.38639816641807556,0.613601803779602,0.44153091311454773,0.9704803719008265,0.9737803750649991,0.0005083157894736842,False
2,569,0.38634446263313293,0.6136555671691895,0.43091022968292236,0.9702789256198348,0.9735071048351841,0.0005073684210526316,False
2,570,0.3862924873828888,0.6137075424194336,0.4290676414966583,0.9700309917355372,0.97314501443285,0.000506421052631579,False
2,571,0.38623473048210144,0.6137652397155762,0.4378799498081207,0.9700309917355372,0.973082121556203,0.0005054736842105263,False
2,572,0.38617926836013794,0.6138207316398621,0.4341645836830139,0.9700723140495867,0.9730767437276217,0.0005045263157894737,False
2,573,0.38612234592437744,0.6138777136802673,0.4344399869441986,0.9699690082644628,0.9727601604012258,0.0005035789473684211,False
2,574,0.3860686719417572,0.6139313578605652,0.4370134472846985,0.9699483471074379,0.9725142433882872,0.0005026315789473684,False
2,575,0.38601210713386536,0.6139878630638123,0.4389563798904419,0.9701497933884298,0.9725814568438073,0.0005016842105263159,False
2,576,0.3859582543373108,0.6140417456626892,0.44052040576934814,0.970129132231405,0.9724471893316725,0.0005007368421052631,False
2,577,0.38590413331985474,0.6140958666801453,0.4349295198917389,0.9701704545454545,0.9724610606582706,0.0004997894736842106,False
2,578,0.3858475089073181,0.6141524910926819,0.43243467807769775,0.9704855371900826,0.9727645433676717,0.0004988421052631579,False
2,579,0.38579127192497253,0.6142086982727051,0.43241822719573975,0.9708161157024794,0.9731266503951719,0.0004978947368421053,False
2,580,0.38573387265205383,0.6142661571502686,0.43374133110046387,0.9709452479338843,0.9734551391036479,0.0004969473684210526,False
2,581,0.3856789171695709,0.6143210530281067,0.4346993863582611,0.9709452479338844,0.9736241867508217,0.0004959999999999999,False
2,582,0.38562312722206116,0.6143768429756165,0.4356616735458374,0.9707644628099172,0.9734041761765564,0.0004950526315789474,False
2,583,0.3855723440647125,0.6144276261329651,0.43795135617256165,0.9705681818181818,0.9732595799431198,0.0004941052631578947,False
2,584,0.3855179250240326,0.614482045173645,0.43523693084716797,0.9699638429752065,0.9726595843619545,0.0004931578947368422,False
2,585,0.3854672610759735,0.6145327687263489,0.4365663528442383,0.9693801652892562,0.9721196588008391,0.0004922105263157894,False
2,586,0.3854168653488159,0.6145830750465393,0.434673547744751,0.9692923553719008,0.9721042711882583,0.0004912631578947369,False
2,587,0.38536345958709717,0.6146366000175476,0.43268725275993347,0.9692355371900826,0.9720635718349536,0.0004903157894736842,False
2,588,0.38530635833740234,0.6146935820579529,0.4290131628513336,0.9693130165289255,0.9721505481881217,0.0004893684210526316,False
2,589,0.38525131344795227,0.6147487163543701,0.43256065249443054,0.9696229338842975,0.9724882773289147,0.000488421052631579,False
2,590,0.3852006494998932,0.6147993803024292,0.4331304728984833,0.9697572314049587,0.9726398107688229,0.0004874736842105263,False
2,591,0.38515037298202515,0.6148496866226196,0.43176698684692383,0.9696590909090909,0.9728304223079411,0.0004865263157894737,False
2,592,0.38510099053382874,0.6148990392684937,0.4330303966999054,0.969581611570248,0.9729930795414305,0.00048557894736842103,False
2,593,0.38505175709724426,0.6149482727050781,0.4314594268798828,0.9694938016528926,0.9734120535217152,0.0004846315789473684,False
2,594,0.3850032389163971,0.6149967312812805,0.4326600730419159,0.9693440082644628,0.9734426905663957,0.00048368421052631574,False
2,595,0.3849499523639679,0.6150500774383545,0.43132099509239197,0.9693904958677685,0.973498471476172,0.00048273684210526307,False
2,596,0.38489431142807007,0.6151056885719299,0.4354291558265686,0.9695609504132231,0.9736222911922829,0.0004817894736842105,False
2,597,0.384835422039032,0.615164577960968,0.4335479140281677,0.9697882231404957,0.9736942155521341,0.0004808421052631578,False
2,598,0.38477590680122375,0.6152241230010986,0.43750834465026855,0.9698553719008265,0.9736732753525027,0.00047989473684210526,False
2,599,0.38471823930740356,0.6152818202972412,0.4359542727470398,0.9699121900826446,0.9737194981857578,0.0004789473684210526,False
2,600,0.38466426730155945,0.6153357028961182,0.4327408969402313,0.9700516528925619,0.9736850441269262,0.000478,False
2,601,0.38461172580718994,0.6153883337974548,0.43715450167655945,0.9702221074380165,0.9738735793863101,0.00047705263157894734,False
2,602,0.3845595419406891,0.6154404878616333,0.4321652948856354,0.9701497933884298,0.9737420647799908,0.00047610526315789467,False
2,603,0.38451212644577026,0.6154878735542297,0.43501004576683044,0.9703977272727272,0.9739519362870307,0.0004751578947368421,False
2,604,0.3844638764858246,0.615536093711853,0.4301632046699524,0.9703254132231405,0.9738358147021169,0.00047421052631578943,False
2,605,0.3844131529331207,0.6155868172645569,0.4338177442550659,0.9702221074380165,0.9736837862580312,0.00047326315789473686,False
2,606,0.38436082005500793,0.6156391501426697,0.43885618448257446,0.9703667355371901,0.9736485913269042,0.0004723157894736842,False
2,607,0.3843075633049011,0.6156924366950989,0.43150851130485535,0.9707024793388429,0.9737401220531182,0.0004713684210526316,False
2,608,0.3842569589614868,0.6157430410385132,0.4351927638053894,0.9706921487603305,0.9736524344869694,0.00047042105263157895,False
2,609,0.38420823216438293,0.6157917976379395,0.43949928879737854,0.9707076446280992,0.9736607708464158,0.0004694736842105263,False
2,610,0.3841562271118164,0.6158438324928284,0.4351230263710022,0.9707438016528925,0.9736321261090042,0.00046852631578947365,False
2,611,0.38410985469818115,0.6158901453018188,0.42997220158576965,0.9707231404958677,0.9736486804940059,0.000467578947368421,False
2,612,0.38406264781951904,0.615937352180481,0.43118366599082947,0.9706198347107438,0.9736015720233494,0.0004666315789473684,False
2,613,0.38401636481285095,0.6159836053848267,0.4347943365573883,0.9706611570247933,0.9734550667782358,0.00046568421052631574,False
2,614,0.38396981358528137,0.616030216217041,0.433758020401001,0.9705061983471075,0.9732009542838697,0.00046473684210526317,False
2,615,0.3839213252067566,0.6160787343978882,0.4331967234611511,0.9706301652892563,0.9731846198725582,0.0004637894736842105,False
2,616,0.3838711380958557,0.6161288619041443,0.43587809801101685,0.9704958677685951,0.9729970063169526,0.00046284210526315793,False
2,617,0.38382017612457275,0.6161798238754272,0.4288768768310547,0.9705578512396693,0.9731725333376542,0.00046189473684210525,False
2,618,0.3837725520133972,0.6162274479866028,0.42987287044525146,0.970470041322314,0.973035052062594,0.0004609473684210526,False
2,619,0.38372349739074707,0.6162765026092529,0.431788831949234,0.9705785123966943,0.9731783324488382,0.00046,False
2,620,0.38367441296577454,0.6163256168365479,0.4242441654205322,0.9706818181818181,0.9733579824379127,0.00045905263157894734,False
2,621,0.38362905383110046,0.6163709759712219,0.43439385294914246,0.9705888429752066,0.9734643433846606,0.0004581052631578948,False
2,622,0.38358423113822937,0.6164157390594482,0.42970961332321167,0.9705371900826446,0.9735041987833755,0.0004571578947368421,False
2,623,0.3835410177707672,0.6164589524269104,0.4304397702217102,0.970418388429752,0.9735290848006222,0.0004562105263157895,False
2,624,0.3835013210773468,0.6164986491203308,0.4277461767196655,0.970418388429752,0.9735895099434493,0.0004552631578947368,False
2,625,0.3834613561630249,0.6165386438369751,0.42855656147003174,0.9703357438016529,0.9736688431976268,0.00045431578947368413,False
2,626,0.38341811299324036,0.616581916809082,0.43439024686813354,0.9702221074380165,0.9736628184561529,0.00045336842105263156,False
2,627,0.38337424397468567,0.6166257858276367,0.4313264489173889,0.9703305785123968,0.9737612605350432,0.0004524210526315789,False
2,628,0.3833315372467041,0.6166684627532959,0.4263779819011688,0.9704855371900827,0.9737828444354552,0.0004514736842105263,False
2,629,0.3832895755767822,0.6167104840278625,0.4344956576824188,0.9705113636363635,0.9735775458818272,0.00045052631578947365,False
2,630,0.38324686884880066,0.6167531609535217,0.4288744628429413,0.9705475206611571,0.9735084283663861,0.0004495789473684211,False
2,631,0.3832041919231415,0.6167957782745361,0.4285540282726288,0.9703667355371901,0.9734909888102902,0.0004486315789473684,False
2,632,0.3831646740436554,0.616835355758667,0.424832284450531,0.9699535123966943,0.9732802048761179,0.00044768421052631573,False
2,633,0.3831247389316559,0.6168752908706665,0.42721956968307495,0.9699431818181817,0.9735575954091729,0.00044673684210526317,False
2,634,0.3830846846103668,0.6169152855873108,0.4275038242340088,0.969845041322314,0.9736894253953698,0.0004457894736842105,False
2,635,0.38304403424263,0.6169559359550476,0.4281243085861206,0.9697830578512396,0.973771882258495,0.0004448421052631579,False
2,636,0.3830035924911499,0.6169964075088501,0.43152832984924316,0.9696797520661158,0.9736346795966261,0.00044389473684210525,False
2,637,0.3829621374607086,0.617037832736969,0.4239463210105896,0.9696487603305786,0.9735730978759044,0.0004429473684210527,False
2,638,0.38291701674461365,0.617082953453064,0.4339638352394104,0.969690082644628,0.9735537245013322,0.000442,False
2,639,0.38287025690078735,0.6171297430992126,0.4257729947566986,0.9700361570247935,0.9737983533562067,0.00044105263157894734,False
2,640,0.3828204870223999,0.6171795129776001,0.4255923628807068,0.9703615702479339,0.973992630817457,0.0004401052631578947,False
2,641,0.382770836353302,0.617229163646698,0.42434147000312805,0.9707128099173554,0.9742921201919663,0.00043915789473684204,False
2,642,0.38272324204444885,0.6172767877578735,0.42994093894958496,0.9708884297520661,0.9744369602308782,0.0004382105263157895,False
2,643,0.38267645239830017,0.6173235774040222,0.4301724433898926,0.971095041322314,0.9746694034006839,0.0004372631578947368,False
2,644,0.3826293349266052,0.6173706650733948,0.42892321944236755,0.9711260330578513,0.9748010950552349,0.00043631578947368423,False
2,645,0.38258856534957886,0.6174114942550659,0.4319673776626587,0.9712654958677686,0.9749780683877862,0.00043536842105263156,False
2,646,0.3825463354587555,0.6174536347389221,0.42806944251060486,0.971404958677686,0.9751486384815039,0.0004344210526315789,False
2,647,0.3825039267539978,0.617496132850647,0.4226636290550232,0.9712913223140495,0.9749033976474,0.0004334736842105263,False
2,648,0.38246017694473267,0.6175398230552673,0.42409175634384155,0.9712241735537189,0.9746319862890728,0.00043252631578947364,False
2,649,0.3824126720428467,0.6175873279571533,0.4235362708568573,0.9712654958677687,0.9744943004927672,0.0004315789473684211,False
2,650,0.3823647201061249,0.6176352500915527,0.42690804600715637,0.9712035123966942,0.9745082572588155,0.0004306315789473684,False
2,651,0.38231515884399414,0.6176849007606506,0.42928874492645264,0.9710433884297521,0.9744178553269984,0.00042968421052631584,False
2,652,0.3822680115699768,0.6177319884300232,0.43056192994117737,0.9709090909090909,0.9744232182329133,0.00042873684210526316,False
2,653,0.38222038745880127,0.6177796125411987,0.42687180638313293,0.9710382231404959,0.9747584246385721,0.0004277894736842105,False
2,654,0.3821756839752197,0.6178242564201355,0.4334702491760254,0.9712500000000001,0.9750050223911505,0.00042684210526315787,False
2,655,0.38212862610816956,0.6178714036941528,0.4300113022327423,0.9715185950413223,0.9753399237282002,0.0004258947368421052,False
2,656,0.3820802867412567,0.6179197430610657,0.42542311549186707,0.971565082644628,0.975293027170989,0.0004249473684210526,False
2,657,0.38202574849128723,0.6179742813110352,0.43112432956695557,0.971430785123967,0.9750544678043963,0.00042399999999999995,False
2,658,0.3819710314273834,0.618028998374939,0.430980920791626,0.9711311983471074,0.9746907564567548,0.0004230526315789474,False
2,659,0.38191863894462585,0.6180813908576965,0.4341314733028412,0.9708212809917356,0.9743559362553249,0.0004221052631578947,False
2,660,0.38186517357826233,0.6181348562240601,0.4256196916103363,0.9707386363636364,0.9743010058103695,0.00042115789473684204,False
2,661,0.3818107545375824,0.61818927526474,0.4320773780345917,0.9704493801652893,0.9739230703602056,0.00042021052631578947,False
2,662,0.38175979256629944,0.6182401776313782,0.42512112855911255,0.9703822314049586,0.9738430975457434,0.0004192631578947368,False
2,663,0.3817109167575836,0.618289053440094,0.4241749942302704,0.9705578512396695,0.9739757785424914,0.00041831578947368423,False
2,664,0.3816670775413513,0.6183329820632935,0.4285143315792084,0.9708109504132231,0.9742835063252852,0.00041736842105263156,False
2,665,0.3816206753253937,0.6183792948722839,0.4291660189628601,0.9710020661157025,0.974443553452064,0.000416421052631579,False
2,666,0.3815770149230957,0.6184229850769043,0.42418643832206726,0.970934917355372,0.9743970163206044,0.0004154736842105263,False
2,667,0.38153794407844543,0.618462085723877,0.4307514429092407,0.9709659090909091,0.9746054991623758,0.00041452631578947364,False
2,668,0.3814976215362549,0.6185023784637451,0.42055267095565796,0.9709245867768594,0.9746850486946236,0.0004135789473684211,False
2,669,0.3814544081687927,0.6185455918312073,0.42744073271751404,0.9707128099173554,0.9746292964284237,0.0004126315789473684,False
2,670,0.381413072347641,0.6185869574546814,0.4295133352279663,0.9707334710743801,0.97472999483613,0.0004116842105263158,False
2,671,0.3813766837120056,0.6186233162879944,0.4309926927089691,0.9708884297520661,0.9749790601550344,0.0004107368421052631,False
2,672,0.3813382089138031,0.6186617612838745,0.421496719121933,0.9711518595041323,0.9752263476605345,0.00040978947368421054,False
2,673,0.381295382976532,0.618704617023468,0.42756640911102295,0.9714669421487603,0.9754777125076175,0.00040884210526315786,False
2,674,0.38125601410865784,0.6187440156936646,0.4301533102989197,0.9715547520661157,0.975403118973116,0.0004078947368421052,False
2,675,0.3812173306941986,0.6187826991081238,0.42419952154159546,0.9715702479338842,0.9752580177623897,0.0004069473684210526,False
2,676,0.38117849826812744,0.6188215017318726,0.42438358068466187,0.9715547520661157,0.9751482568396606,0.00040599999999999995,False
2,677,0.3811403810977936,0.6188596487045288,0.42121535539627075,0.9716270661157024,0.9750439402154514,0.0004050526315789474,False
2,678,0.3811063766479492,0.6188936233520508,0.4286341369152069,0.9716322314049587,0.9750649225029104,0.0004041052631578947,False
2,679,0.3810679614543915,0.6189320087432861,0.4258829355239868,0.971198347107438,0.9746281516680806,0.00040315789473684214,False
2,680,0.3810282349586487,0.6189717650413513,0.42126354575157166,0.970805785123967,0.9743987594513464,0.00040221052631578947,False
2,681,0.3809874951839447,0.6190125346183777,0.4276497960090637,0.9707438016528925,0.9745104335757809,0.0004012631578947368,False
2,682,0.3809484839439392,0.6190515160560608,0.4225935637950897,0.9708574380165289,0.9746499952158398,0.0004003157894736842,False
2,683,0.38090887665748596,0.6190911531448364,0.4213980436325073,0.9710537190082645,0.9748708728815109,0.00039936842105263155,False
2,684,0.3808711767196655,0.6191288232803345,0.42671626806259155,0.9711363636363637,0.9749534742026682,0.000398421052631579,False
2,685,0.38083261251449585,0.6191674470901489,0.4237109124660492,0.9714101239669422,0.9752100052063163,0.0003974736842105263,False
2,686,0.3807949423789978,0.6192049980163574,0.4197574853897095,0.9715444214876032,0.9753934972893289,0.0003965263157894737,False
2,687,0.38075441122055054,0.6192455887794495,0.42947253584861755,0.9713739669421487,0.9752628421820777,0.000395578947368421,False
2,688,0.3807123899459839,0.6192876696586609,0.4228387475013733,0.9713688016528926,0.9752309068920747,0.00039463157894736834,False
2,689,0.38067102432250977,0.6193289756774902,0.42851948738098145,0.971275826446281,0.9751066404869188,0.0003936842105263158,False
2,690,0.38063400983810425,0.6193660497665405,0.4230574667453766,0.9711208677685951,0.974757124696765,0.0003927368421052631,False
2,691,0.38059699535369873,0.6194030046463013,0.4260525107383728,0.9711363636363637,0.9746273930796496,0.00039178947368421053,False
2,692,0.38056203722953796,0.6194379925727844,0.4227003753185272,0.9712345041322314,0.9745919630304756,0.00039084210526315786,False
2,693,0.3805268108844757,0.6194732189178467,0.42421209812164307,0.9713171487603304,0.9746126769589418,0.0003898947368421053,False
2,694,0.38049039244651794,0.6195096373558044,0.4204728603363037,0.9711415289256199,0.9743928136752982,0.0003889473684210526,False
2,695,0.3804541528224945,0.6195458769798279,0.4243296980857849,0.9711725206611569,0.9744984554512023,0.00038799999999999994,False
2,696,0.3804251551628113,0.619574785232544,0.4275418817996979,0.9708729338842975,0.9743897819169708,0.0003870526315789474,False
2,697,0.38040071725845337,0.6195992827415466,0.42505359649658203,0.970418388429752,0.9740295106710295,0.0003861052631578947,False
2,698,0.3803758919239044,0.6196240782737732,0.42001426219940186,0.9699638429752065,0.9737243550424479,0.00038515789473684214,False
2,699,0.3803502321243286,0.6196497678756714,0.42508503794670105,0.9696384297520662,0.9735025835554534,0.00038421052631578946,False
2,700,0.38032203912734985,0.6196779608726501,0.42069581151008606,0.9696229338842975,0.9735635344309186,0.00038326315789473684,False
2,701,0.38029542565345764,0.61970454454422,0.4267638921737671,0.9695867768595041,0.9735170505091659,0.00038231578947368417,False
2,702,0.3802662193775177,0.6197337508201599,0.4221801161766052,0.9698553719008264,0.9736398534512093,0.0003813684210526315,False
2,703,0.38023969531059265,0.619760274887085,0.42774698138237,0.970284090909091,0.9739599604394524,0.00038042105263157893,False
2,704,0.38021108508110046,0.6197888851165771,0.42313721776008606,0.9706456611570249,0.9743130146627085,0.00037947368421052625,False
2,705,0.38018181920051575,0.6198181509971619,0.42561691999435425,0.9707334710743802,0.9742783060589937,0.0003785263157894737,False
2,706,0.38015034794807434,0.6198496222496033,0.4234158992767334,0.9708987603305785,0.9743115262557605,0.000377578947368421,False
2,707,0.38011637330055237,0.61988365650177,0.4254971444606781,0.9707747933884298,0.9741586189522486,0.00037663157894736845,False
2,708,0.38008633255958557,0.619913637638092,0.42057323455810547,0.9706250000000001,0.9741085447564812,0.00037568421052631577,False
2,709,0.38005343079566956,0.6199465394020081,0.4218340516090393,0.9706559917355372,0.9741996306473567,0.0003747368421052631,False
2,710,0.3800241947174072,0.6199758052825928,0.42300742864608765,0.9706766528925619,0.9742489004618063,0.00037378947368421053,False
2,711,0.37999171018600464,0.6200082898139954,0.42406517267227173,0.9708935950413223,0.9744743183190545,0.00037284210526315786,False
2,712,0.3799574077129364,0.6200425624847412,0.4213178753852844,0.9710072314049587,0.9746069700237542,0.0003718947368421053,False
2,713,0.3799203038215637,0.6200796961784363,0.4240817129611969,0.9709814049586777,0.9746092978752141,0.0003709473684210526,False
2,714,0.3798815608024597,0.6201184988021851,0.4268661439418793,0.9709090909090909,0.9743475848388515,0.00037000000000000005,False
2,715,0.37984561920166016,0.6201543807983398,0.4256918728351593,0.9707644628099174,0.9740665915084583,0.0003690526315789474,False
2,716,0.3798080384731293,0.6201919913291931,0.4238390028476715,0.9705630165289255,0.9738161829035121,0.0003681052631578947,False
2,717,0.37977486848831177,0.6202251315116882,0.42619580030441284,0.9704597107438017,0.9736613496069592,0.0003671578947368421,False
2,718,0.3797403872013092,0.6202595829963684,0.4201776385307312,0.970206611570248,0.9735840756887081,0.0003662105263157894,False
2,719,0.37970465421676636,0.6202953457832336,0.4210759401321411,0.970051652892562,0.97371936706597,0.00036526315789473684,False
2,720,0.3796690106391907,0.6203309893608093,0.42092838883399963,0.9700981404958677,0.9741267827351147,0.00036431578947368416,False
2,721,0.37963420152664185,0.6203657984733582,0.4240521192550659,0.9700413223140496,0.9742364062822959,0.0003633684210526316,False
2,722,0.37959617376327515,0.6204038262367249,0.4236546754837036,0.9699690082644629,0.9741610162608577,0.0003624210526315789,False
2,723,0.3795601427555084,0.620439887046814,0.42300260066986084,0.9701342975206612,0.9743169653980016,0.00036147368421052625,False
2,724,0.37952229380607605,0.6204777359962463,0.4216415286064148,0.9703460743801653,0.9743682506835322,0.0003605263157894737,False
2,725,0.3794811964035034,0.6205188632011414,0.41941720247268677,0.9705113636363636,0.9744430028181338,0.000359578947368421,False
2,726,0.37944090366363525,0.6205591559410095,0.4301018714904785,0.9707592975206613,0.9744925504143535,0.00035863157894736844,False
2,727,0.37940657138824463,0.6205934286117554,0.4178193509578705,0.971172520661157,0.974897503130914,0.00035768421052631577,False
2,728,0.37937280535697937,0.6206271648406982,0.41927504539489746,0.9714876033057851,0.9751770432983105,0.0003567368421052632,False
2,729,0.3793385922908783,0.6206614375114441,0.4203951954841614,0.9714927685950413,0.9752087711546209,0.0003557894736842105,False
2,730,0.37930601835250854,0.6206939220428467,0.4228805899620056,0.9716012396694215,0.9754027953340225,0.00035484210526315785,False
2,731,0.3792725205421448,0.6207274794578552,0.4201463460922241,0.9715289256198346,0.9752560892977267,0.00035389473684210523,False
2,732,0.37924033403396606,0.6207596063613892,0.4248042404651642,0.9713533057851239,0.9750622512877574,0.00035294736842105256,False
2,733,0.3792095482349396,0.6207904815673828,0.41740164160728455,0.9711002066115701,0.974753704354249,0.000352,False
2,734,0.3791784942150116,0.6208215355873108,0.41964006423950195,0.9708006198347107,0.9744268532389282,0.0003510526315789473,False
2,735,0.379149466753006,0.6208505034446716,0.41872331500053406,0.9704287190082644,0.9739416311806811,0.00035010526315789475,False
2,736,0.37911704182624817,0.6208829283714294,0.4187332093715668,0.9702995867768595,0.973606640867143,0.0003491578947368421,False
2,737,0.3790827989578247,0.6209172010421753,0.4239639341831207,0.9702685950413221,0.9734134084691014,0.0003482105263157894,False
2,738,0.37904876470565796,0.620951235294342,0.4248001277446747,0.9705165289256198,0.9733579714165893,0.00034726315789473683,False
2,739,0.3790179193019867,0.6209821105003357,0.4238417446613312,0.9707851239669422,0.9733579983581595,0.00034631578947368416,False
2,740,0.37898656725883484,0.6210134029388428,0.4212992489337921,0.9708987603305785,0.9732718246484556,0.0003453684210526316,False
2,741,0.37895357608795166,0.6210464239120483,0.4200518727302551,0.9710382231404958,0.9731844692192748,0.0003444210526315789,False
2,742,0.3789171278476715,0.6210829019546509,0.4224538505077362,0.9710743801652894,0.973157352462303,0.00034347368421052635,False
2,743,0.37888261675834656,0.6211174130439758,0.41906294226646423,0.9709400826446282,0.9732084935429868,0.0003425263157894737,False
2,744,0.37884649634361267,0.6211534738540649,0.41915544867515564,0.9709039256198346,0.9733795331127344,0.000341578947368421,False
2,745,0.3788048028945923,0.6211951971054077,0.4224313497543335,0.9708574380165289,0.9736035157550121,0.00034063157894736844,False
2,746,0.378766804933548,0.6212332248687744,0.4204643666744232,0.9707334710743801,0.973702512270682,0.00033968421052631576,False
2,747,0.37872982025146484,0.6212701797485352,0.4193696975708008,0.9706559917355373,0.973794586762782,0.0003387368421052632,False
2,748,0.3786945641040802,0.6213054060935974,0.4224514961242676,0.9706249999999998,0.9740935036348402,0.0003377894736842105,False
2,749,0.37865790724754333,0.621342122554779,0.42362186312675476,0.9708729338842975,0.974519409059007,0.00033684210526315796,False
2,750,0.3786194324493408,0.6213805675506592,0.4215284585952759,0.9708626033057852,0.9745490575029432,0.0003358947368421053,False
2,751,0.3785838484764099,0.6214161515235901,0.4245627224445343,0.9710072314049588,0.9747939455140572,0.0003349473684210526,False
2,752,0.3785504698753357,0.6214495301246643,0.4218495786190033,0.9708832644628098,0.9747807752485351,0.000334,False
2,753,0.37851855158805847,0.6214814782142639,0.42032551765441895,0.9706869834710745,0.9746516167968752,0.0003330526315789473,False
2,754,0.37848928570747375,0.6215107440948486,0.4172212481498718,0.9705113636363637,0.9744422543795943,0.00033210526315789475,False
2,755,0.3784642219543457,0.6215357780456543,0.41823092103004456,0.9704958677685951,0.9743827166063843,0.00033115789473684207,False
2,756,0.37843528389930725,0.6215647459030151,0.415990948677063,0.9704132231404959,0.9742142106028333,0.0003302105263157895,False
2,757,0.37840592861175537,0.6215940117835999,0.4197576344013214,0.9702376033057851,0.9740406716431111,0.00032926315789473683,False
2,758,0.37837663292884827,0.6216233372688293,0.41751205921173096,0.9701033057851239,0.973853956975225,0.00032831578947368416,False
2,759,0.3783469498157501,0.6216530203819275,0.4199277460575104,0.9702582644628099,0.9739298326410303,0.0003273684210526316,False
2,760,0.3783182203769684,0.6216817498207092,0.42612794041633606,0.9704958677685951,0.9740439882174599,0.0003264210526315789,False
2,761,0.3782888948917389,0.6217111349105835,0.4229554533958435,0.970573347107438,0.9740588202994077,0.00032547368421052635,False
2,762,0.3782612979412079,0.6217387318611145,0.4191873371601105,0.9706095041322313,0.9739126435406927,0.0003245263157894737,False
2,763,0.3782367408275604,0.621763288974762,0.42652150988578796,0.9706198347107438,0.9739049737673179,0.0003235789473684211,False
2,764,0.378212034702301,0.6217880249023438,0.41950809955596924,0.9708109504132232,0.9740849129932116,0.00032263157894736843,False
2,765,0.37818455696105957,0.6218153834342957,0.4209904074668884,0.9707438016528924,0.9740432405995746,0.0003216842105263158,False
2,766,0.3781563937664032,0.6218435764312744,0.4221755862236023,0.9707851239669422,0.9740825870663516,0.00032073684210526314,False
2,767,0.37812885642051697,0.6218711733818054,0.42106661200523376,0.9706611570247935,0.9740082627346756,0.00031978947368421046,False
2,768,0.3780980408191681,0.6219019889831543,0.42489200830459595,0.9706301652892563,0.9740871762615696,0.0003188421052631579,False
2,769,0.3780658543109894,0.621934175491333,0.41323426365852356,0.9705888429752066,0.9740960570029736,0.0003178947368421052,False
2,770,0.37803125381469727,0.6219687461853027,0.4222145080566406,0.9707128099173553,0.974295189689642,0.00031694736842105266,False
2,771,0.37799903750419617,0.6220009922981262,0.41327014565467834,0.9706611570247934,0.9742608194739392,0.000316,False
2,772,0.37796688079833984,0.6220331192016602,0.41824647784233093,0.9709194214876034,0.9743929917375267,0.0003150526315789474,False
2,773,0.37793824076652527,0.6220617294311523,0.4231337010860443,0.971064049586777,0.9745367101026264,0.00031410526315789474,False
2,774,0.3779088258743286,0.6220911741256714,0.4231506884098053,0.9712603305785125,0.974855879881055,0.00031315789473684207,False
2,775,0.3778785467147827,0.6221214532852173,0.4246906340122223,0.9713636363636364,0.9750187473777078,0.0003122105263157895,False
2,776,0.37784701585769653,0.6221529841423035,0.41800814867019653,0.9713274793388431,0.9750144662156481,0.00031126315789473683,False
2,777,0.3778141438961029,0.6221858263015747,0.41597533226013184,0.9714152892561985,0.975043742409354,0.00031031578947368426,False
2,778,0.37778186798095703,0.622218132019043,0.4144822359085083,0.9713894628099174,0.9749749724441972,0.0003093684210526316,False
2,779,0.3777499794960022,0.6222500205039978,0.4188859462738037,0.9714721074380165,0.9749936015702175,0.000308421052631579,False
2,780,0.3777164816856384,0.6222835183143616,0.41722404956817627,0.9716064049586778,0.9751065003810755,0.00030747368421052635,False
2,781,0.3776821196079254,0.622317910194397,0.4201200008392334,0.9717303719008263,0.975139566116376,0.00030652631578947367,False
2,782,0.3776455819606781,0.6223543882369995,0.42138975858688354,0.972236570247934,0.9755502471351912,0.00030557894736842105,False
2,783,0.37760838866233826,0.6223916411399841,0.4184071719646454,0.9724948347107438,0.9757358535671055,0.0003046315789473684,False
2,784,0.37757211923599243,0.6224278211593628,0.4130512773990631,0.9726084710743803,0.9758258059319347,0.0003036842105263158,False
2,785,0.3775366544723511,0.6224634051322937,0.4186817705631256,0.9726601239669422,0.9758994633993591,0.00030273684210526314,False
2,786,0.37750038504600525,0.6224995851516724,0.4182164669036865,0.9725051652892561,0.9759047662023028,0.00030178947368421057,False
2,787,0.37746357917785645,0.6225364208221436,0.4128923714160919,0.9724070247933884,0.9759537147804282,0.0003008421052631579,True
2,788,0.3774288296699524,0.6225712299346924,0.41436538100242615,0.9723192148760331,0.9759616189460104,0.0002998947368421052,False
2,789,0.3773893713951111,0.6226106882095337,0.4135182499885559,0.9720454545454545,0.975873586573597,0.00029894736842105265,False
2,790,0.3773532509803772,0.6226467490196228,0.418149471282959,0.9717458677685952,0.9757769315257505,0.000298,False
2,791,0.3773179054260254,0.6226821541786194,0.41292500495910645,0.9715185950413223,0.9756644287102845,0.0002970526315789474,False
2,792,0.37728482484817505,0.622715175151825,0.42125362157821655,0.9715599173553718,0.9756849564851086,0.00029610526315789474,False
2,793,0.37725335359573364,0.6227466464042664,0.4175863564014435,0.9713946280991735,0.9755985946980043,0.00029515789473684217,False
2,794,0.3772239685058594,0.6227760314941406,0.4175628125667572,0.9714411157024794,0.97563341333439,0.0002942105263157895,False
2,795,0.37719443440437317,0.6228055357933044,0.4128173291683197,0.9713171487603305,0.9755760678547022,0.0002932631578947368,False
2,796,0.37716686725616455,0.6228331327438354,0.42022430896759033,0.9710485537190083,0.9753350971155242,0.0002923157894736842,False
2,797,0.37713900208473206,0.6228610277175903,0.41997119784355164,0.9708522727272726,0.9750555030529677,0.00029136842105263153,False
2,798,0.3771105706691742,0.6228894591331482,0.4216020405292511,0.9706921487603305,0.9749251532665898,0.00029042105263157896,False
2,799,0.3770815432071686,0.622918426990509,0.4169254004955292,0.9705113636363637,0.9746151554137112,0.0002894736842105263,False
2,800,0.3770526349544525,0.6229473948478699,0.4136132597923279,0.9703615702479339,0.9744047504627651,0.0002885263157894737,False
2,801,0.37702372670173645,0.6229763031005859,0.4134143590927124,0.9702272727272727,0.9741162246722408,0.00028757894736842105,False
2,802,0.37699511647224426,0.6230048537254333,0.42256298661231995,0.9701084710743801,0.9738263363291346,0.00028663157894736837,False
2,803,0.3769652247428894,0.6230347752571106,0.4206845462322235,0.969896694214876,0.973451388242951,0.0002856842105263158,False
2,804,0.37693849205970764,0.62306147813797,0.4209231436252594,0.9698553719008264,0.9732272677378531,0.00028473684210526313,False
2,805,0.37691184878349304,0.6230881214141846,0.408701628446579,0.9697675619834711,0.973024300365577,0.00028378947368421057,False
2,806,0.3768821060657501,0.6231178641319275,0.41568487882614136,0.9695196280991735,0.9728116297525716,0.0002828421052631579,False
2,807,0.3768515884876251,0.6231483817100525,0.41549521684646606,0.9694163223140496,0.9727008240995961,0.0002818947368421053,False
2,808,0.3768209218978882,0.6231790781021118,0.41946253180503845,0.9693543388429753,0.9726482177327476,0.00028094736842105265,False
2,809,0.3767925798892975,0.6232073903083801,0.4154253304004669,0.9692613636363636,0.9725478317181153,0.00028,False
2,810,0.37676629424095154,0.6232337355613708,0.4189073145389557,0.9690805785123968,0.9724133245119977,0.0002790526315789474,False
2,811,0.37674036622047424,0.6232596635818481,0.42093104124069214,0.9690082644628099,0.9723326937796479,0.00027810526315789473,False
2,812,0.3767123520374298,0.6232876777648926,0.41558319330215454,0.9691322314049586,0.9726075576757538,0.0002771578947368421,False
2,813,0.37668654322624207,0.6233134269714355,0.41124680638313293,0.9689256198347107,0.9724565124824704,0.00027621052631578944,False
2,814,0.37666162848472595,0.6233383417129517,0.4159582257270813,0.9686983471074381,0.9723173314608891,0.0002752631578947369,False
2,815,0.37663501501083374,0.6233649849891663,0.41530081629753113,0.968465909090909,0.9720752056757045,0.0002743157894736842,False
2,816,0.37660732865333557,0.623392641544342,0.4159998297691345,0.9684194214876033,0.972141094047059,0.0002733684210526315,False
2,817,0.37658101320266724,0.6234189867973328,0.41466087102890015,0.9683212809917355,0.9720408245525416,0.00027242105263157896,False
2,818,0.37655508518218994,0.6234448552131653,0.418352335691452,0.968465909090909,0.9721806278513861,0.0002714736842105263,False
2,819,0.37652862071990967,0.6234713792800903,0.4201441705226898,0.9685330578512396,0.9720808958181497,0.0002705263157894737,False
2,820,0.37650641798973083,0.6234936118125916,0.41894784569740295,0.9687293388429751,0.9722256891593093,0.00026957894736842104,False
2,821,0.376482218503952,0.6235177516937256,0.41407400369644165,0.9688326446280993,0.9723199856511061,0.0002686315789473685,False
2,822,0.3764578402042389,0.6235421895980835,0.4151615500450134,0.9687551652892562,0.9722147277073057,0.0002676842105263158,False
2,823,0.37643393874168396,0.6235660910606384,0.4243347644805908,0.9686518595041324,0.9721828270711881,0.00026673684210526313,False
2,824,0.3764123320579529,0.6235877275466919,0.4190651774406433,0.9687035123966942,0.9723154565196845,0.00026578947368421056,False
2,825,0.3763904571533203,0.6236095428466797,0.41253527998924255,0.9687448347107438,0.9724275514890056,0.0002648421052631579,False
2,826,0.3763684630393982,0.6236315369606018,0.4180777072906494,0.968724173553719,0.9724419724542622,0.00026389473684210527,False
2,827,0.37634676694869995,0.6236532330513,0.4198712110519409,0.9688739669421488,0.9725856769362592,0.0002629473684210526,False
2,828,0.3763267993927002,0.6236732006072998,0.41601380705833435,0.9690392561983471,0.9727056430328024,0.000262,False
2,829,0.37630707025527954,0.6236929297447205,0.4198431074619293,0.9693026859504132,0.972927808584356,0.00026105263157894735,False
2,830,0.37628671526908875,0.6237132549285889,0.41173842549324036,0.9695351239669421,0.9731518359043912,0.0002601052631578947,False
2,831,0.37626469135284424,0.6237353682518005,0.4195900857448578,0.9697262396694215,0.9732794217521092,0.0002591578947368421,False
2,832,0.37624457478523254,0.6237554550170898,0.41546663641929626,0.9698657024793388,0.9735599185649038,0.00025821052631578944,False
2,833,0.37622588872909546,0.6237741112709045,0.415738970041275,0.9699793388429752,0.9739027122638417,0.00025726315789473687,False
2,834,0.3762076497077942,0.6237923502922058,0.4140757620334625,0.9700103305785124,0.9740725044655906,0.0002563157894736842,False
2,835,0.3761892020702362,0.6238107681274414,0.4157518744468689,0.969896694214876,0.9740535354997393,0.00025536842105263163,False
2,836,0.3761696219444275,0.6238303184509277,0.41913414001464844,0.9697675619834711,0.9739107280708126,0.00025442105263157895,False
2,837,0.37614965438842773,0.6238503456115723,0.41411444544792175,0.9697882231404958,0.9739199228638525,0.0002534736842105263,False
2,838,0.37613072991371155,0.6238692402839661,0.41243451833724976,0.9697830578512396,0.9738664492187136,0.0002525263157894737,False
2,839,0.37611258029937744,0.6238874197006226,0.4095706343650818,0.9698192148760331,0.973841630731579,0.00025157894736842104,False
2,840,0.37609565258026123,0.6239044070243835,0.415147602558136,0.9698088842975207,0.9737406456144255,0.0002506315789473685,False
2,841,0.37607893347740173,0.6239210963249207,0.4190102219581604,0.9697107438016528,0.9736172979078909,0.0002496842105263158,False
2,842,0.376059353351593,0.623940646648407,0.4153957664966583,0.9695816115702479,0.9734450587010617,0.0002487368421052632,False
2,843,0.37603941559791565,0.623960554599762,0.4144558012485504,0.9695092975206611,0.9732983421938312,0.0002477894736842105,False
2,844,0.3760160803794861,0.6239839196205139,0.4191591143608093,0.9695041322314049,0.9732914475929504,0.00024684210526315783,False
2,845,0.3759900629520416,0.624009907245636,0.41580063104629517,0.9695661157024793,0.9732921600428914,0.00024589473684210526,False
2,846,0.3759634792804718,0.6240365505218506,0.4172435402870178,0.9695196280991736,0.9732128614818003,0.0002449473684210526,False
2,847,0.3759368062019348,0.62406325340271,0.4138520658016205,0.9695764462809917,0.9731800406454144,0.00024400000000000002,False
2,848,0.3759083151817322,0.6240916848182678,0.4193421006202698,0.9695764462809917,0.9730496865606197,0.00024305263157894735,False
2,849,0.37588220834732056,0.6241178512573242,0.4163508117198944,0.9695971074380164,0.9729044775511037,0.00024210526315789478,False
2,850,0.3758545517921448,0.6241453886032104,0.4177093207836151,0.9696229338842975,0.9727975115309637,0.0002411578947368421,False
2,851,0.3758285641670227,0.6241714358329773,0.41361212730407715,0.9696487603305785,0.9728488577636896,0.00024021052631578943,False
2,852,0.3758031129837036,0.6241968870162964,0.41068294644355774,0.9697314049586777,0.972963856912898,0.00023926315789473687,False
2,853,0.3757782578468323,0.6242217421531677,0.41144993901252747,0.9697572314049586,0.9730352131164376,0.0002383157894736842,False
2,854,0.3757542669773102,0.6242457628250122,0.4159591495990753,0.9697210743801654,0.9730928150012473,0.00023736842105263163,False
2,855,0.37572968006134033,0.6242703795433044,0.41986629366874695,0.9695196280991736,0.973025373073792,0.00023642105263157895,False
2,856,0.3757050633430481,0.6242948770523071,0.41126516461372375,0.9696487603305786,0.9732050828899821,0.00023547368421052638,False
2,857,0.3756794035434723,0.6243206262588501,0.413937509059906,0.9698398760330579,0.9734180461314021,0.0002345263157894737,False
2,858,0.375655859708786,0.6243441700935364,0.41443055868148804,0.9700361570247934,0.97361495120028,0.00023357894736842104,False
2,859,0.3756357431411743,0.6243641972541809,0.41205060482025146,0.9704287190082644,0.9740094534402703,0.00023263157894736841,False
2,860,0.3756152093410492,0.6243847608566284,0.41298094391822815,0.9705940082644627,0.9742416228373999,0.00023168421052631574,False
2,861,0.375594824552536,0.6244051456451416,0.4169386625289917,0.9706766528925621,0.9742916324016911,0.00023073684210526317,False
2,862,0.375573992729187,0.624426007270813,0.4142075777053833,0.9707747933884298,0.9744234317916746,0.0002297894736842105,False
2,863,0.37555235624313354,0.6244475841522217,0.4122832417488098,0.9708264462809917,0.9744547600622363,0.00022884210526315793,False
2,864,0.3755320906639099,0.6244679689407349,0.41851186752319336,0.9709245867768596,0.974495560102589,0.00022789473684210526,False
2,865,0.3755106031894684,0.6244893670082092,0.4121188223361969,0.9708574380165289,0.9744082403200188,0.00022694736842105258,False
2,866,0.3754894435405731,0.6245105266571045,0.42213013768196106,0.9708677685950413,0.9743669580790838,0.00022600000000000002,False
2,867,0.3754698932170868,0.6245300769805908,0.4120215177536011,0.9708522727272727,0.9743257870604715,0.00022505263157894734,False
2,868,0.37545138597488403,0.624548614025116,0.41705912351608276,0.9707954545454545,0.9742123309495285,0.00022410526315789478,False
2,869,0.37543368339538574,0.6245663166046143,0.41237008571624756,0.9708419421487603,0.9742460967733502,0.0002231578947368421,False
2,870,0.3754159212112427,0.6245840787887573,0.4096902310848236,0.9709142561983471,0.9743352337852651,0.00022221052631578954,False
2,871,0.3753993511199951,0.6246006488800049,0.4137684404850006,0.971064049586777,0.9744717502774176,0.00022126315789473683,False
2,872,0.37538254261016846,0.6246174573898315,0.4120946228504181,0.9711260330578513,0.9745686852795955,0.00022031578947368416,False
2,873,0.37536486983299255,0.6246351599693298,0.4160931706428528,0.9710537190082645,0.9746283081960926,0.0002193684210526316,False
2,874,0.375346839427948,0.6246531009674072,0.41321074962615967,0.9710485537190084,0.9747124761920044,0.00021842105263157892,False
2,875,0.3753303587436676,0.6246696710586548,0.4132714867591858,0.9708729338842974,0.9746094140500603,0.00021747368421052633,False
2,876,0.37531381845474243,0.6246861815452576,0.41248804330825806,0.97099173553719,0.9747619391698507,0.00021652631578947365,False
2,877,0.3752972185611725,0.6247028112411499,0.41307881474494934,0.9709400826446282,0.9747441857558556,0.00021557894736842109,False
2,878,0.3752787113189697,0.6247212886810303,0.41317397356033325,0.9709865702479339,0.9748337075305091,0.0002146315789473684,False
2,879,0.3752616047859192,0.624738335609436,0.4155809283256531,0.9710898760330579,0.9749333521905826,0.00021368421052631574,False
2,880,0.3752429485321045,0.6247570514678955,0.41616448760032654,0.9711105371900828,0.9749118346324274,0.00021273684210526317,False
2,881,0.37522661685943604,0.624773383140564,0.4126669764518738,0.9712603305785124,0.9751031255632014,0.0002117894736842105,False
2,882,0.37520986795425415,0.6247901320457458,0.41299644112586975,0.9713584710743802,0.975198141384979,0.00021084210526315793,False
2,883,0.3751924932003021,0.6248074769973755,0.41553550958633423,0.9715289256198347,0.9753657171783903,0.00020989473684210526,False
2,884,0.3751739263534546,0.6248260736465454,0.40986502170562744,0.9714721074380165,0.9753550357599255,0.0002089473684210527,False
2,885,0.3751571774482727,0.6248428821563721,0.4133204221725464,0.9714256198347108,0.9753966843280295,0.00020800000000000001,False
2,886,0.3751406967639923,0.6248593330383301,0.4071670472621918,0.9713894628099174,0.9753973530392136,0.00020705263157894734,False
2,887,0.3751235008239746,0.6248764991760254,0.41442981362342834,0.9713274793388431,0.9753503794073749,0.00020610526315789475,False
2,888,0.3751068711280823,0.6248931288719177,0.41437098383903503,0.9712706611570249,0.9752978194013779,0.00020515789473684207,False
2,889,0.3750886619091034,0.6249113082885742,0.41463136672973633,0.9711828512396694,0.9750779013613958,0.0002042105263157895,False
2,890,0.3750722110271454,0.6249277591705322,0.41294315457344055,0.9711002066115701,0.9749223084688746,0.00020326315789473683,False
2,891,0.37505778670310974,0.6249421834945679,0.4128146469593048,0.9709452479338843,0.9746262225828447,0.00020231578947368424,False
2,892,0.3750437796115875,0.6249562501907349,0.4174036383628845,0.9709504132231405,0.9746031710373881,0.00020136842105263156,False
2,893,0.375028133392334,0.624971866607666,0.4083044230937958,0.9710072314049587,0.9745822552464448,0.0002004210526315789,False
2,894,0.37501174211502075,0.6249882578849792,0.4085390865802765,0.9711053719008265,0.9746549142493993,0.00019947368421052632,False
2,895,0.3749960958957672,0.6250038743019104,0.4097565710544586,0.9709659090909092,0.9745429451948691,0.00019852631578947365,False
2,896,0.3749799430370331,0.6250200867652893,0.417620450258255,0.9709349173553719,0.9745756350590563,0.00019757894736842108,False
2,897,0.3749638497829437,0.6250361800193787,0.4094585180282593,0.970934917355372,0.9746069604928389,0.0001966315789473684,False
2,898,0.37495067715644836,0.6250492930412292,0.41406288743019104,0.9708109504132232,0.9746471282694535,0.00019568421052631584,False
2,899,0.37493667006492615,0.6250633001327515,0.4112358093261719,0.9708057851239669,0.9746252732287044,0.00019473684210526317,False
2,900,0.37492063641548157,0.625079333782196,0.4080250561237335,0.9706973140495867,0.97451855012757,0.0001937894736842105,False
2,901,0.3749045431613922,0.6250954866409302,0.41252702474594116,0.9707851239669423,0.974586769628738,0.00019284210526315793,False
2,902,0.3748900890350342,0.6251099705696106,0.4136362373828888,0.9707489669421487,0.9745237292678739,0.00019189473684210525,False
2,903,0.3748757243156433,0.6251242756843567,0.4148348271846771,0.9708419421487603,0.9745782508727204,0.00019094736842105266,False
2,904,0.3748621642589569,0.6251378059387207,0.41612106561660767,0.9709762396694215,0.9746058617993874,0.00018999999999999998,False
2,905,0.3748486340045929,0.6251513957977295,0.4114285111427307,0.9710227272727273,0.974647248986997,0.0001890526315789474,False
2,906,0.3748357892036438,0.6251641511917114,0.40987440943717957,0.9709659090909091,0.9745816764770603,0.00018810526315789472,False
2,907,0.37482067942619324,0.6251793503761292,0.41287046670913696,0.9709142561983471,0.9745102996470383,0.00018715789473684204,False
2,908,0.37480419874191284,0.6251958012580872,0.4141392111778259,0.9708109504132232,0.9744896314372632,0.00018621052631578947,False
2,909,0.3747890889644623,0.6252109408378601,0.4128320813179016,0.9708161157024794,0.9745160210644629,0.0001852631578947368,False
2,910,0.374773234128952,0.6252267360687256,0.4096503257751465,0.9706714876033059,0.9743919407430134,0.00018431578947368423,False
2,911,0.3747562766075134,0.6252437829971313,0.4124927520751953,0.9705785123966943,0.9743889882127424,0.00018336842105263156,False
2,912,0.37474024295806885,0.6252598166465759,0.4127162992954254,0.9704390495867768,0.9742880102340168,0.000182421052631579,False
2,913,0.3747245967388153,0.6252753734588623,0.4094569981098175,0.9704080578512397,0.9743347568319489,0.00018147368421052632,False
2,914,0.37471070885658264,0.625289261341095,0.4151729345321655,0.9705113636363636,0.9744775510879127,0.00018052631578947364,False
2,915,0.37469708919525146,0.6253029108047485,0.4087327718734741,0.9704493801652893,0.9744239630394664,0.00017957894736842108,False
2,916,0.3746821880340576,0.6253177523612976,0.41372665762901306,0.970444214876033,0.9744483256095995,0.0001786315789473684,False
2,917,0.3746660351753235,0.6253339648246765,0.40664294362068176,0.9706456611570248,0.9746537991396227,0.0001776842105263158,False
2,918,0.37465113401412964,0.6253488063812256,0.4198285937309265,0.9707954545454545,0.9747711945280736,0.00017673684210526314,False
2,919,0.37463444471359253,0.6253654956817627,0.4173358082771301,0.9709090909090909,0.9748738316886499,0.00017578947368421057,False
2,920,0.3746160566806793,0.6253839731216431,0.410514771938324,0.9708574380165289,0.974834819828534,0.0001748421052631579,False
2,921,0.37459760904312134,0.6254023909568787,0.4071371853351593,0.9709039256198346,0.9748734784305484,0.0001738947368421053,False
2,922,0.37458014488220215,0.6254198551177979,0.40829503536224365,0.9709194214876032,0.9749249378851644,0.00017294736842105263,False
2,923,0.3745655417442322,0.6254344582557678,0.41533562541007996,0.9707592975206611,0.9748432207732551,0.00017199999999999995,False
2,924,0.37455037236213684,0.6254496574401855,0.4097994267940521,0.9705681818181818,0.9746993141325789,0.00017105263157894739,False
2,925,0.3745344281196594,0.6254655718803406,0.41509175300598145,0.9704752066115703,0.9745581950842426,0.0001701052631578947,False
2,926,0.37451860308647156,0.6254814267158508,0.4116460978984833,0.9703512396694215,0.9744162469292685,0.00016915789473684215,False
2,927,0.3745036721229553,0.6254963874816895,0.4169013500213623,0.9703409090909092,0.974353831130541,0.00016821052631578947,False
2,928,0.3744884729385376,0.6255115866661072,0.40928271412849426,0.9702221074380165,0.9741537072465105,0.0001672631578947369,False
2,929,0.3744736313819885,0.6255263686180115,0.41530197858810425,0.9702479338842975,0.9740626179202811,0.00016631578947368423,False
2,930,0.37446072697639465,0.625539243221283,0.4077790081501007,0.9702685950413223,0.9740197641513666,0.00016536842105263156,False
2,931,0.3744473457336426,0.6255525946617126,0.4141150414943695,0.9703150826446281,0.9740485922819903,0.000164421052631579,False
2,932,0.3744332492351532,0.6255667805671692,0.4084357023239136,0.9703512396694215,0.9740108062333878,0.00016347368421052631,False
2,933,0.3744184076786041,0.6255816221237183,0.41312238574028015,0.9704028925619834,0.974011461599132,0.00016252631578947372,False
2,934,0.37440311908721924,0.625596821308136,0.41773173213005066,0.9704132231404958,0.9739707947747615,0.00016157894736842105,False
2,935,0.37438926100730896,0.6256107687950134,0.4085243344306946,0.9704287190082644,0.9739595423149323,0.00016063157894736848,False
2,936,0.3743739128112793,0.6256260275840759,0.4166828691959381,0.970444214876033,0.9740974913243939,0.0001596842105263158,False
2,937,0.3743581771850586,0.6256418228149414,0.4082491993904114,0.970340909090909,0.9740803965761204,0.00015873684210526313,False
2,938,0.37434303760528564,0.6256569623947144,0.4105226695537567,0.9702840909090908,0.9740876333710328,0.00015778947368421054,False
2,939,0.3743278980255127,0.6256721615791321,0.412180632352829,0.9703409090909091,0.9741213663510456,0.00015684210526315786,False
2,940,0.3743107318878174,0.6256892085075378,0.41227513551712036,0.9705526859504132,0.9743424606822557,0.0001558947368421053,False
2,941,0.37429383397102356,0.6257061958312988,0.4102989733219147,0.970779958677686,0.9745634561050145,0.00015494736842105262,False
2,942,0.37427669763565063,0.6257233023643494,0.40877681970596313,0.9709865702479339,0.9747485274893647,0.00015400000000000006,False
2,943,0.37426063418388367,0.625739336013794,0.4104727804660797,0.9712319214876033,0.9749506066168312,0.00015305263157894738,False
2,944,0.37424594163894653,0.6257541179656982,0.40680575370788574,0.9713791322314049,0.9750347231129173,0.0001521052631578947,False
2,945,0.3742311894893646,0.6257688403129578,0.40858104825019836,0.9715547520661159,0.9751333948875979,0.00015115789473684214,False
2,946,0.374215692281723,0.6257842779159546,0.40594282746315,0.9716477272727273,0.975158396846886,0.00015021052631578947,False
2,947,0.37419986724853516,0.6258001327514648,0.40742266178131104,0.9716580578512398,0.9751676163373058,0.00014926315789473687,False
2,948,0.3741840422153473,0.6258159279823303,0.4132472574710846,0.9717303719008265,0.9752588036946803,0.0001483157894736842,False
2,949,0.3741680681705475,0.6258319020271301,0.40939566493034363,0.9717458677685951,0.9752578256150299,0.00014736842105263163,False
2,950,0.3741548955440521,0.6258450746536255,0.41277050971984863,0.9716012396694216,0.9751317119589621,0.00014642105263157896,False
2,951,0.37414079904556274,0.6258591413497925,0.41314753890037537,0.9714566115702479,0.9750366407503539,0.00014547368421052628,False
2,952,0.3741289973258972,0.6258710026741028,0.4108774662017822,0.9712500000000001,0.9748402012005508,0.0001445263157894737,False
2,953,0.3741162419319153,0.6258836984634399,0.4061291217803955,0.9710072314049587,0.9746464881214386,0.00014357894736842102,False
2,954,0.37410271167755127,0.6258972883224487,0.4102219045162201,0.9709710743801653,0.9746481106736875,0.00014263157894736845,False
2,955,0.37408939003944397,0.6259106397628784,0.40761810541152954,0.9709039256198347,0.9746080600513761,0.00014168421052631578,False
2,956,0.3740745782852173,0.6259254217147827,0.4052795469760895,0.9708780991735537,0.9745429888090761,0.0001407368421052632,False
2,957,0.3740619719028473,0.6259380578994751,0.41534897685050964,0.9708574380165289,0.9745221425352828,0.00013978947368421053,False
2,958,0.37404897809028625,0.6259510517120361,0.4082877039909363,0.9708316115702479,0.9745103491025947,0.00013884210526315786,False
2,959,0.3740353584289551,0.6259645819664001,0.412949800491333,0.9707799586776859,0.9744381470122978,0.0001378947368421053,False
2,960,0.3740207552909851,0.6259792447090149,0.40352922677993774,0.9708471074380166,0.9744714799053239,0.00013694736842105262,False
2,961,0.3740059435367584,0.6259940266609192,0.413196861743927,0.9708522727272728,0.9744253517709781,0.00013600000000000003,False
2,962,0.37399306893348694,0.6260069012641907,0.41219207644462585,0.9708367768595041,0.9743638453720221,0.00013505263157894735,False
2,963,0.37398087978363037,0.6260191202163696,0.40366047620773315,0.9708626033057851,0.9743790117047312,0.00013410526315789479,False
2,964,0.37396925687789917,0.6260307431221008,0.4107714891433716,0.9709710743801653,0.9744412755755423,0.0001331578947368421,False
2,965,0.37395817041397095,0.6260417699813843,0.4143578112125397,0.9711363636363636,0.9745380652850332,0.00013221052631578944,False
2,966,0.3739471137523651,0.6260529160499573,0.40578436851501465,0.9712396694214875,0.9745510909636661,0.00013126315789473687,False
2,967,0.37393471598625183,0.6260652542114258,0.41014528274536133,0.9712809917355372,0.9745480055372259,0.0001303157894736842,False
2,968,0.37392228841781616,0.6260777115821838,0.4103415608406067,0.9712758264462811,0.9745146297097074,0.0001293684210526316,False
2,969,0.3739100992679596,0.6260899305343628,0.40547725558280945,0.9713378099173554,0.9745022095847239,0.00012842105263157893,False
2,970,0.3738994896411896,0.626100480556488,0.4062882363796234,0.9713584710743802,0.9745150448144091,0.00012747368421052636,False
2,971,0.3738887310028076,0.6261112689971924,0.41945165395736694,0.9713739669421487,0.9745030432015547,0.0001265263157894737,False
2,972,0.3738781213760376,0.6261218786239624,0.4093853831291199,0.9713791322314048,0.9745272060822113,0.000125578947368421,False
2,973,0.37386754155158997,0.6261324286460876,0.40640950202941895,0.9715392561983471,0.9746557680225598,0.00012463157894736845,False
2,974,0.3738582730293274,0.6261417269706726,0.40367546677589417,0.971456611570248,0.9745414412019868,0.00012368421052631577,False
2,975,0.37384897470474243,0.6261510252952576,0.41090038418769836,0.9714772727272727,0.9745541451516545,0.0001227368421052632,False
2,976,0.37383928894996643,0.6261606812477112,0.4069853127002716,0.971482438016529,0.9744843092018924,0.00012178947368421052,False
2,977,0.3738306760787964,0.6261693835258484,0.41113075613975525,0.9716064049586777,0.9746232152864049,0.00012084210526315794,False
2,978,0.3738206923007965,0.6261792778968811,0.4130127727985382,0.9717252066115702,0.9747355871092431,0.00011989473684210526,False
2,979,0.3738101124763489,0.6261899471282959,0.4088388979434967,0.9718181818181817,0.9748280426127409,0.00011894736842105259,False
2,980,0.37379899621009827,0.6262009739875793,0.41769373416900635,0.9717923553719007,0.9748158648111502,0.00011800000000000002,False
2,981,0.3737887144088745,0.6262113451957703,0.4075278639793396,0.9716890495867768,0.9747744947627913,0.00011705263157894735,False
2,982,0.3737786114215851,0.6262214183807373,0.4114302098751068,0.9716632231404957,0.974803125486692,0.00011610526315789477,False
2,983,0.37376731634140015,0.6262326836585999,0.4074782133102417,0.9716580578512396,0.9748561004250594,0.0001151578947368421,False
2,984,0.3737558424472809,0.6262441277503967,0.41075944900512695,0.9715340909090909,0.9748331653070772,0.00011421052631578953,False
2,985,0.3737446665763855,0.6262553334236145,0.40555140376091003,0.9714772727272727,0.9748431282669665,0.00011326315789473685,False
2,986,0.3737347424030304,0.626265287399292,0.40543076395988464,0.9715030991735537,0.974944623090912,0.00011231578947368418,False
2,987,0.3737248480319977,0.6262751221656799,0.41115373373031616,0.9715392561983471,0.975061540043646,0.0001113684210526316,False
2,988,0.37371551990509033,0.6262844800949097,0.411165714263916,0.9715134297520661,0.975112366813737,0.00011042105263157892,False
2,989,0.3737052381038666,0.626294732093811,0.4066290557384491,0.9715237603305785,0.9752133761261347,0.00010947368421052634,False
2,990,0.37369441986083984,0.6263055801391602,0.40597742795944214,0.9714617768595042,0.9751759830638961,0.00010852631578947367,False
2,991,0.37368306517601013,0.6263169050216675,0.4044734239578247,0.9715185950413223,0.9752706519486929,0.0001075789473684211,False
2,992,0.3736717402935028,0.6263282895088196,0.40974465012550354,0.971534090909091,0.9753187177941027,0.00010663157894736843,False
2,993,0.3736603558063507,0.6263396143913269,0.41059476137161255,0.9715650826446282,0.9753882103204529,0.00010568421052631575,False
2,994,0.373649001121521,0.6263510584831238,0.4066046476364136,0.971694214876033,0.9754843940819243,0.00010473684210526317,False
2,995,0.37363800406455994,0.6263619661331177,0.4099779725074768,0.9717045454545454,0.9754412890336336,0.0001037894736842105,False
2,996,0.3736288249492645,0.6263711452484131,0.403764009475708,0.9718336776859505,0.9755078442148236,0.00010284210526315793,False
2,997,0.37361955642700195,0.6263803839683533,0.4090152978897095,0.9719214876033059,0.9755671886319796,0.00010189473684210526,False
2,998,0.3736110329627991,0.6263889670372009,0.4115222096443176,0.972055785123967,0.9756778443721069,0.00010094736842105268,False
2,999,0.3736024796962738,0.6263975501060486,0.41183528304100037,0.9720247933884297,0.9756271862488103,0.0001,False
2,1000,0.37359464168548584,0.6264054179191589,0.408667653799057,0.9719059917355372,0.9755015858206795,0.0001,False
3,1,0.4999900162220001,0.5000100135803223,1.9131760597229004,0.4675206611570248,0.45609066625794137,4e-05,False
3,2,0.4999898374080658,0.5000101923942566,1.9007045030593872,0.4920945247933884,0.47008600974128295,6e-05,False
3,3,0.49998345971107483,0.5000165700912476,1.8715747594833374,0.524323347107438,0.4908704254522485,8e-05,False
3,4,0.4999743402004242,0.5000256299972534,1.8404619693756104,0.5586053719008265,0.5184799511381046,0.0001,False
3,5,0.4999540150165558,0.5000459551811218,1.7965338230133057,0.5912784090909091,0.5520816507129194,0.00012,False
3,6,0.49991708993911743,0.5000829100608826,1.76174795627594,0.6208161157024793,0.5915671245934397,0.00014000000000000001,False
3,7,0.4998655915260315,0.5001344084739685,1.7224960327148438,0.6434814049586778,0.6291802161061327,0.00016,False
3,8,0.49980026483535767,0.5001997351646423,1.684586524963379,0.661771694214876,0.6576690587442953,0.00017999999999999998,False
3,9,0.49972161650657654,0.5002784132957458,1.6534852981567383,0.6743362603305786,0.6758854159508227,0.0002,False
3,10,0.499630331993103,0.500369668006897,1.6244491338729858,0.6833264462809917,0.6869531962081888,0.00022,False
3,11,0.49952611327171326,0.5004739165306091,1.5998646020889282,0.6898708677685951,0.6966972276268106,0.00024,False
3,12,0.49940910935401917,0.5005909204483032,1.572493553161621,0.6955061983471074,0.7046598578553493,0.00026000000000000003,False
3,13,0.49928009510040283,0.5007199048995972,1.5476844310760498,0.7008677685950414,0.7096769070310105,0.00028000000000000003,False
3,14,0.4991384446620941,0.5008615255355835,1.5199443101882935,0.7056456611570248,0.7156642800262853,0.0003,False
3,15,0.4989843964576721,0.5010156035423279,1.4994078874588013,0.7113946280991735,0.7214770033001071,0.00032,False
3,16,0.49881699681282043,0.5011829733848572,1.4762762784957886,0.716720041322314,0.7257992416823944,0.00034,False
3,17,0.4986357092857361,0.5013642907142639,1.4544799327850342,0.7230888429752066,0.7305468040146369,0.00035999999999999997,False
3,18,0.49844110012054443,0.5015588998794556,1.436767339706421,0.73025826446281,0.7357716640118133,0.00038,False
3,19,0.498232364654541,0.501767635345459,1.4117528200149536,0.7374431818181818,0.7426536458065863,0.0004,False
3,20,0.49800896644592285,0.5019910335540771,1.3898637294769287,0.7444111570247933,0.7485384023328254,0.00042,False
3,21,0.4977720081806183,0.5022279620170593,1.361677885055542,0.7521332644628099,0.7554577030023657,0.00044,False
3,22,0.49751952290534973,0.5024804472923279,1.340126872062683,0.7609297520661158,0.7629189875791614,0.00046,False
3,23,0.4972515404224396,0.502748429775238,1.3202166557312012,0.7693801652892561,0.7687157600212412,0.00048,False
3,24,0.4969683885574341,0.5030316114425659,1.3005294799804688,0.7777221074380166,0.7749740397523821,0.0005,False
3,25,0.4966687858104706,0.5033312439918518,1.279680848121643,0.7868388429752066,0.7815663764873254,0.0005200000000000001,False
3,26,0.49635228514671326,0.5036477446556091,1.2507120370864868,0.7936415289256198,0.7872521405094559,0.00054,False
3,27,0.4960188567638397,0.5039811730384827,1.2290507555007935,0.8005888429752066,0.7931128748099923,0.0005600000000000001,False
3,28,0.4956677556037903,0.5043322443962097,1.2123231887817383,0.8079028925619836,0.7993074901770052,0.00058,False
3,29,0.49529868364334106,0.5047013759613037,1.192630648612976,0.8145454545454546,0.8052429321066301,0.0006,False
3,30,0.4949115812778473,0.5050884485244751,1.172888159751892,0.8213171487603306,0.8115545870478468,0.00062,False
3,31,0.494506299495697,0.505493700504303,1.1504089832305908,0.8274070247933883,0.8164240393322489,0.00064,False
3,32,0.4940839409828186,0.5059160590171814,1.1349890232086182,0.833698347107438,0.8215481214556717,0.00066,False
3,33,0.49364301562309265,0.506356954574585,1.1098473072052002,0.8394318181818181,0.8252639447409119,0.00068,False
3,34,0.49318429827690125,0.5068156719207764,1.0960713624954224,0.847763429752066,0.8310196938189386,0.0007,False
3,35,0.4927078187465668,0.5072922110557556,1.0786917209625244,0.8552376033057852,0.836311327638225,0.0007199999999999999,False
3,36,0.4922140836715698,0.5077859163284302,1.0523179769515991,0.8608471074380166,0.8409055018539638,0.00074,False
3,37,0.4917042851448059,0.5082957148551941,1.0384361743927002,0.8653305785123967,0.845065433946714,0.00076,False
3,38,0.4911782443523407,0.5088217258453369,1.0202277898788452,0.8674690082644628,0.8465194548167239,0.0007800000000000001,False
3,39,0.49063631892204285,0.5093636512756348,1.0074492692947388,0.8687964876033059,0.8466644813109877,0.0008,False
3,40,0.4900776743888855,0.5099223256111145,0.9951870441436768,0.8726911157024793,0.8500842245861032,0.00082,False
3,41,0.4895046651363373,0.5104953050613403,0.9747375249862671,0.8769008264462811,0.8548486667840351,0.00084,False
3,42,0.4889187514781952,0.5110812187194824,0.968582034111023,0.8801342975206612,0.8578771349099006,0.00086,False
3,43,0.48832011222839355,0.5116798877716064,0.9549702405929565,0.8828822314049586,0.8616259745386234,0.00088,False
3,44,0.48770594596862793,0.5122940540313721,0.9420610666275024,0.8831353305785125,0.8608669175647824,0.0009000000000000001,False
3,45,0.48707738518714905,0.5129226446151733,0.9322732090950012,0.8863688016528926,0.8659889999484411,0.00092,False
3,46,0.4864354133605957,0.5135645866394043,0.9223029613494873,0.8940960743801653,0.8786442861417239,0.00094,False
3,47,0.4857798218727112,0.5142201781272888,0.909717857837677,0.8978099173553719,0.8849307047504145,0.00096,False
3,48,0.48511454463005066,0.5148854851722717,0.9034284949302673,0.9003719008264461,0.8877737834011016,0.00098,False
3,49,0.4844372272491455,0.5155628323554993,0.8881305456161499,0.9008780991735537,0.8860152894507266,0.001,False
3,50,0.4837472140789032,0.5162527561187744,0.8843894004821777,0.9068904958677685,0.8940075033708549,0.0009990526315789474,False
3,51,0.48306146264076233,0.5169385671615601,0.8690156936645508,0.9102066115702478,0.8978524803880229,0.0009981052631578948,False
3,52,0.4823811650276184,0.5176188349723816,0.8590245246887207,0.9099586776859504,0.8975992558275181,0.000997157894736842,False
3,53,0.48170989751815796,0.518290102481842,0.852847695350647,0.9133987603305784,0.9030924740807634,0.0009962105263157895,False
3,54,0.4810541272163391,0.5189459323883057,0.8482019305229187,0.9176342975206612,0.9101431818866879,0.0009952631578947367,False
3,55,0.4804154336452484,0.5195845365524292,0.8387045860290527,0.9190909090909092,0.9117879078203869,0.0009943157894736843,False
3,56,0.47978103160858154,0.5202189683914185,0.8281691074371338,0.9200464876033058,0.9120410274576058,0.0009933684210526315,False
3,57,0.47914963960647583,0.5208503007888794,0.8247143626213074,0.9215754132231404,0.9138678790361368,0.0009924210526315788,False
3,58,0.4785205125808716,0.5214794278144836,0.8137896060943604,0.9253512396694216,0.9189444955643365,0.0009914736842105262,False
3,59,0.477896124124527,0.5221038460731506,0.8054383397102356,0.9277117768595042,0.9217281792897644,0.0009905263157894736,False
3,60,0.4772780239582062,0.5227220058441162,0.7960362434387207,0.9289927685950412,0.9230893709878567,0.000989578947368421,False
3,61,0.4766690731048584,0.5233308672904968,0.7933774590492249,0.9290702479338843,0.9229985728064076,0.0009886315789473684,False
3,62,0.4760676622390747,0.5239323377609253,0.7812319993972778,0.9284917355371901,0.9215600156055063,0.0009876842105263157,False
3,63,0.4754687547683716,0.5245312452316284,0.7845422029495239,0.9297159090909091,0.9226604464473389,0.0009867368421052631,False
3,64,0.4748721718788147,0.5251278281211853,0.7754619717597961,0.9317407024793388,0.9261923717504625,0.0009857894736842105,False
3,65,0.4742858409881592,0.5257141590118408,0.7771427631378174,0.9339927685950412,0.9301414306093059,0.0009848421052631579,False
3,66,0.47371095418930054,0.5262890458106995,0.7742247581481934,0.9347365702479338,0.9321242861124643,0.0009838947368421053,False
3,67,0.47315099835395813,0.5268490314483643,0.7647310495376587,0.9358264462809918,0.9344089820811636,0.0009829473684210526,False
3,68,0.4725991487503052,0.5274008512496948,0.7592968344688416,0.9374380165289257,0.9367053085502626,0.000982,False
3,69,0.47205305099487305,0.527946949005127,0.7584517002105713,0.9388946280991736,0.9385700509746349,0.0009810526315789474,False
3,70,0.47151345014572144,0.5284865498542786,0.7487075924873352,0.9380991735537192,0.9376129992253901,0.0009801052631578948,False
3,71,0.47098034620285034,0.5290196537971497,0.7454659938812256,0.9373863636363637,0.9360785309829723,0.000979157894736842,False
3,72,0.4704570472240448,0.5295429825782776,0.7414496541023254,0.9384245867768595,0.9368097220523481,0.0009782105263157895,False
3,73,0.46993711590766907,0.5300629138946533,0.7376818656921387,0.9392871900826446,0.9377463153595244,0.0009772631578947367,False
3,74,0.46942633390426636,0.5305736660957336,0.7395966649055481,0.9398295454545453,0.9381260691209883,0.0009763157894736843,False
3,75,0.4689205586910248,0.5310794711112976,0.7264801263809204,0.9395661157024794,0.9379992620963516,0.0009753684210526316,False
3,76,0.4684257507324219,0.5315743088722229,0.7245888710021973,0.9391632231404957,0.9377638197395957,0.000974421052631579,False
3,77,0.467947781085968,0.532052218914032,0.7294403910636902,0.9397623966942148,0.9392608315646415,0.0009734736842105263,False
3,78,0.46747127175331116,0.5325286984443665,0.7234439849853516,0.9402479338842975,0.9410749739115716,0.0009725263157894737,False
3,79,0.4670063853263855,0.5329935550689697,0.7174264788627625,0.9406818181818181,0.942562285179148,0.0009715789473684211,False
3,80,0.4665478467941284,0.5334521532058716,0.7139209508895874,0.9414669421487603,0.9438326932200842,0.0009706315789473685,False
3,81,0.4660966396331787,0.5339034199714661,0.7079960107803345,0.941823347107438,0.9441173573599508,0.0009696842105263158,False
3,82,0.46564412117004395,0.534355878829956,0.7078741192817688,0.9417768595041323,0.9436204435302583,0.0009687368421052631,False
3,83,0.4652005434036255,0.5347994565963745,0.7048660516738892,0.9415444214876033,0.9426695780502825,0.0009677894736842106,False
3,84,0.4647643566131592,0.5352356433868408,0.7020941972732544,0.9414514462809915,0.9418372357030003,0.0009668421052631579,False
3,85,0.4643285572528839,0.5356714725494385,0.7000442743301392,0.941534090909091,0.9410427870367831,0.0009658947368421053,False
3,86,0.4639013707637787,0.5360985994338989,0.6970120072364807,0.9419524793388427,0.9420115960549342,0.0009649473684210526,False
3,87,0.46347811818122864,0.536521852016449,0.6945158243179321,0.9422004132231405,0.9432426923284892,0.000964,False
3,88,0.46305638551712036,0.5369436144828796,0.6912534832954407,0.9420351239669421,0.9438062974132924,0.0009630526315789474,False
3,89,0.4626409709453583,0.5373590588569641,0.6934029459953308,0.942081611570248,0.9443181760625048,0.0009621052631578948,False
3,90,0.4622246325016022,0.5377753376960754,0.6846815943717957,0.9418853305785124,0.943392315223815,0.0009611578947368422,False
3,91,0.46181368827819824,0.5381863117218018,0.6847579479217529,0.9418130165289256,0.942375742858397,0.0009602105263157895,False
3,92,0.4614020586013794,0.5385979413986206,0.6803815960884094,0.9426394628099174,0.9430744929343782,0.0009592631578947368,False
3,93,0.4609925448894501,0.5390074253082275,0.6837511658668518,0.9446126033057851,0.9463543302729343,0.0009583157894736843,False
3,94,0.46059057116508484,0.5394094586372375,0.6814365386962891,0.9454235537190083,0.9480709480573155,0.0009573684210526316,False
3,95,0.46018707752227783,0.5398128628730774,0.674954891204834,0.9456869834710744,0.9486716337341089,0.0009564210526315789,False
3,96,0.4597865343093872,0.5402134656906128,0.6772748231887817,0.9461570247933886,0.9492876231406173,0.0009554736842105263,False
3,97,0.45939403772354126,0.5406059622764587,0.6724363565444946,0.9466890495867768,0.9501905886744869,0.0009545263157894737,False
3,98,0.4590089023113251,0.5409911274909973,0.665432333946228,0.9470196280991736,0.9502110238304475,0.0009535789473684211,False
3,99,0.4586252272129059,0.5413748025894165,0.6628313660621643,0.9471642561983471,0.9503683209023492,0.0009526315789473685,False
3,100,0.45824316143989563,0.5417568683624268,0.6653174161911011,0.9467871900826444,0.9500326758388229,0.0009516842105263158,False
3,101,0.4578650891780853,0.5421349406242371,0.6712714433670044,0.9465134297520662,0.9502438245340356,0.0009507368421052631,False
3,102,0.45749202370643616,0.5425080060958862,0.657386839389801,0.9460847107438015,0.9503128845401416,0.0009497894736842106,False
3,103,0.45712578296661377,0.5428741574287415,0.6547957062721252,0.9460382231404959,0.9505427893818938,0.0009488421052631579,False
3,104,0.4567633867263794,0.5432365536689758,0.6592560410499573,0.9461673553719008,0.9506267645802121,0.0009478947368421054,False
3,105,0.45640212297439575,0.5435978770256042,0.6540951132774353,0.9478564049586777,0.9517074417075236,0.0009469473684210526,False
3,106,0.4560418128967285,0.5439581871032715,0.6481531858444214,0.9479132231404958,0.9513449019845179,0.000946,False
3,107,0.4556888937950134,0.5443111062049866,0.6528475284576416,0.9479958677685951,0.9516144203676962,0.0009450526315789474,False
3,108,0.45533692836761475,0.5446630716323853,0.6452707648277283,0.9476756198347107,0.9514807244686424,0.0009441052631578948,False
3,109,0.4549858272075653,0.5450142025947571,0.6446831226348877,0.9471126033057852,0.9511466406101519,0.0009431578947368421,False
3,110,0.45462852716445923,0.5453714728355408,0.6460120677947998,0.9464256198347107,0.9508093048739563,0.0009422105263157895,False
3,111,0.4542773365974426,0.5457226634025574,0.6438035368919373,0.9460072314049588,0.9506808934476084,0.0009412631578947369,False
3,112,0.4539282023906708,0.5460718274116516,0.6361207962036133,0.9459349173553719,0.9508034631210907,0.0009403157894736842,False
3,113,0.45357605814933777,0.5464239120483398,0.6438334584236145,0.9463688016528925,0.9511939988627193,0.0009393684210526317,False
3,114,0.45321768522262573,0.5467823147773743,0.6371524930000305,0.9469473140495867,0.9511770503724524,0.0009384210526315789,False
3,115,0.4528612792491913,0.5471386909484863,0.6360734105110168,0.947654958677686,0.9510576726978551,0.0009374736842105263,False
3,116,0.4525071084499359,0.5474928617477417,0.6344596147537231,0.9478357438016528,0.9507437611700739,0.0009365263157894737,False
3,117,0.4521583616733551,0.5478416085243225,0.6313936114311218,0.947603305785124,0.9502583084409896,0.0009355789473684211,False
3,118,0.451810359954834,0.548189640045166,0.6247507333755493,0.9472727272727273,0.9499731919178587,0.0009346315789473685,False
3,119,0.45146164298057556,0.5485383868217468,0.6269541382789612,0.9472985537190083,0.9506699583142976,0.0009336842105263158,False
3,120,0.4511182904243469,0.5488817095756531,0.6204192042350769,0.9477324380165291,0.9517264436098701,0.0009327368421052631,False
3,121,0.45078322291374207,0.5492168068885803,0.6298882961273193,0.9474121900826447,0.9515457310408183,0.0009317894736842106,False
3,122,0.4504542946815491,0.5495456457138062,0.6176872849464417,0.9469214876033059,0.9515252584810052,0.0009308421052631579,False
3,123,0.4501315951347351,0.5498684048652649,0.625789225101471,0.9467510330578512,0.9517119720977298,0.0009298947368421054,False
3,124,0.4498087465763092,0.5501912832260132,0.6174432635307312,0.9466838842975207,0.9512285256863589,0.0009289473684210526,False
3,125,0.4494906961917877,0.5505093336105347,0.6226618885993958,0.9471849173553719,0.9510952149272557,0.000928,False
3,126,0.4491722583770752,0.55082768201828,0.6106714010238647,0.9476342975206612,0.9510247302672696,0.0009270526315789474,False
3,127,0.4488624036312103,0.5511376261711121,0.6098188757896423,0.9478460743801653,0.951118468250151,0.0009261052631578948,False
3,128,0.448553204536438,0.551446795463562,0.6198665499687195,0.9480371900826446,0.9513972721634076,0.0009251578947368421,False
3,129,0.4482435882091522,0.5517564415931702,0.6100801825523376,0.9475981404958678,0.9507682721223333,0.0009242105263157894,False
3,130,0.44794657826423645,0.5520533919334412,0.6110657453536987,0.9472675619834711,0.9508653587397278,0.0009232631578947369,False
3,131,0.4476526081562042,0.5523473620414734,0.6066077947616577,0.946875,0.9504099232480838,0.0009223157894736842,False
3,132,0.44736039638519287,0.5526396036148071,0.6161543130874634,0.9464152892561983,0.9499810221441827,0.0009213684210526317,False
3,133,0.4470641613006592,0.5529358386993408,0.5943804383277893,0.9463739669421488,0.9499316320866429,0.0009204210526315789,False
3,134,0.4467664361000061,0.5532335638999939,0.603389322757721,0.9464669421487603,0.9499125283544275,0.0009194736842105263,False
3,135,0.4464726746082306,0.553527295589447,0.5963971614837646,0.9465030991735538,0.9497914618727292,0.0009185263157894737,False
3,136,0.44617509841918945,0.5538249015808105,0.603057861328125,0.9474018595041322,0.9508399878635357,0.0009175789473684211,False
3,137,0.445878803730011,0.554121196269989,0.6002582311630249,0.9473088842975206,0.9511912349777232,0.0009166315789473685,False
3,138,0.44558918476104736,0.5544108152389526,0.5976805686950684,0.9465599173553719,0.9504307369212733,0.0009156842105263158,False
3,139,0.4453028440475464,0.5546970963478088,0.6060731410980225,0.9469318181818183,0.9506609924611249,0.0009147368421052632,False
3,140,0.4450170397758484,0.5549829602241516,0.5948882699012756,0.9474793388429752,0.9510567501071443,0.0009137894736842106,False
3,141,0.4447355568408966,0.5552644729614258,0.5984334945678711,0.9480681818181818,0.9512705774873838,0.000912842105263158,False
3,142,0.4444536566734314,0.5555463433265686,0.5862492322921753,0.9476601239669422,0.9508663892750162,0.0009118947368421052,False
3,143,0.4441741406917572,0.5558258295059204,0.5880793929100037,0.9463894628099173,0.9500097728843848,0.0009109473684210526,False
3,144,0.44389861822128296,0.556101381778717,0.5944674015045166,0.9452892561983471,0.9493856925402271,0.00091,False
3,145,0.44362303614616394,0.5563769936561584,0.5859400629997253,0.945387396694215,0.9494578737944287,0.0009090526315789474,False
3,146,0.4433460831642151,0.5566539168357849,0.585557222366333,0.9453977272727273,0.9493946440198852,0.0009081052631578948,False
3,147,0.44307300448417664,0.556926965713501,0.5852899551391602,0.9454907024793389,0.9488150323374015,0.0009071578947368421,False
3,148,0.4428046643733978,0.5571953058242798,0.5811454057693481,0.9460072314049587,0.9487957824036348,0.0009062105263157894,False
3,149,0.44253796339035034,0.5574619770050049,0.5851010680198669,0.9469938016528925,0.9495398738244264,0.0009052631578947369,False
3,150,0.44227465987205505,0.5577253699302673,0.5780631303787231,0.948021694214876,0.9505847932702027,0.0009043157894736842,False
3,151,0.4420132637023926,0.5579867362976074,0.5800259113311768,0.9483522727272726,0.95168474683331,0.0009033684210526317,False
3,152,0.44175103306770325,0.5582489967346191,0.5784553289413452,0.9482179752066116,0.9521765691990259,0.0009024210526315789,False
3,153,0.44149249792099,0.55850750207901,0.583200216293335,0.947629132231405,0.9519157751179225,0.0009014736842105264,False
3,154,0.4412321448326111,0.5587679147720337,0.5759750008583069,0.9473424586776859,0.9517952882160163,0.0009005263157894737,False
3,155,0.4409785568714142,0.5590214133262634,0.587565541267395,0.9475103305785125,0.9516004844954558,0.0008995789473684212,False
3,156,0.44072282314300537,0.5592771768569946,0.5736067891120911,0.9479028925619836,0.9517361068105965,0.0008986315789473684,False
3,157,0.4404633939266205,0.5595366358757019,0.5774210691452026,0.9481249999999999,0.9518848949899041,0.0008976842105263158,False
3,158,0.44020888209342957,0.5597911477088928,0.5773487091064453,0.9483316115702478,0.9521389956203441,0.0008967368421052632,False
3,159,0.43995317816734314,0.5600468516349792,0.5663875937461853,0.948207644628099,0.9521499629321714,0.0008957894736842105,False
3,160,0.43969687819480896,0.5603031516075134,0.5690134763717651,0.9482024793388429,0.9522162029808316,0.000894842105263158,False
3,161,0.4394412040710449,0.5605587959289551,0.5696120262145996,0.9483006198347108,0.951918326254638,0.0008938947368421052,False
3,162,0.4391900300979614,0.5608099699020386,0.5701826810836792,0.9486105371900827,0.9520349393843248,0.0008929473684210526,False
3,163,0.43894392251968384,0.5610560774803162,0.5679032206535339,0.9483161157024793,0.9517121132593149,0.000892,False
3,164,0.4386972188949585,0.5613027811050415,0.5736663937568665,0.9478615702479338,0.9513573288579203,0.0008910526315789474,False
3,165,0.4384530484676361,0.5615469813346863,0.5622442960739136,0.9474276859504132,0.9507785872231762,0.0008901052631578948,False
3,166,0.4382100999355316,0.561789870262146,0.5687761902809143,0.9472262396694214,0.950429609563149,0.0008891578947368421,False
3,167,0.43796974420547485,0.5620302557945251,0.5672082304954529,0.9479183884297521,0.9509055436788266,0.0008882105263157895,False
3,168,0.4377351999282837,0.5622648000717163,0.5660361647605896,0.9484245867768595,0.9516507935391723,0.0008872631578947369,False
3,169,0.43750545382499695,0.5624945163726807,0.5600528120994568,0.9486260330578512,0.9521191598896994,0.0008863157894736843,False
3,170,0.4372718930244446,0.5627281069755554,0.5645914673805237,0.9488739669421488,0.9526924419520798,0.0008853684210526317,False
3,171,0.4370344877243042,0.5629655122756958,0.5515597462654114,0.9494421487603305,0.9537876348493376,0.0008844210526315789,False
3,172,0.43679988384246826,0.5632001161575317,0.5620999336242676,0.9497572314049586,0.9541268353239207,0.0008834736842105263,False
3,173,0.4365677237510681,0.5634322166442871,0.5561510920524597,0.9503409090909092,0.954487535686736,0.0008825263157894737,False
3,174,0.4363349974155426,0.5636650323867798,0.5541813373565674,0.9509659090909091,0.9545423834635652,0.0008815789473684211,False
3,175,0.43610450625419617,0.5638954639434814,0.5565222501754761,0.9512861570247934,0.9544738766761689,0.0008806315789473684,False
3,176,0.4358710050582886,0.5641289949417114,0.5578741431236267,0.9516270661157025,0.9543869011157914,0.0008796842105263157,False
3,177,0.4356386661529541,0.5643613338470459,0.5587520599365234,0.9520247933884298,0.9545936157646199,0.0008787368421052632,False
3,178,0.4354032874107361,0.5645966529846191,0.5550862550735474,0.9520299586776859,0.955482320701404,0.0008777894736842106,False
3,179,0.4351751506328583,0.5648248195648193,0.5522892475128174,0.9517768595041323,0.9555259628022355,0.000876842105263158,False
3,180,0.43495064973831177,0.5650492906570435,0.5527486801147461,0.9517613636363637,0.9552514985623275,0.0008758947368421052,False
3,181,0.43472880125045776,0.5652711987495422,0.5498729348182678,0.9520661157024795,0.9549942637732788,0.0008749473684210527,False
3,182,0.4345114529132843,0.5654885768890381,0.5540293455123901,0.9524896694214876,0.9549856885166331,0.000874,False
3,183,0.4342937171459198,0.5657062530517578,0.5509896874427795,0.9520454545454545,0.9541708712348062,0.0008730526315789475,False
3,184,0.43408268690109253,0.5659173130989075,0.5484827160835266,0.9514256198347107,0.9538902127079005,0.0008721052631578948,False
3,185,0.4338773488998413,0.5661227107048035,0.5556686520576477,0.9510898760330577,0.9539791496988409,0.0008711578947368421,False
3,186,0.4336746335029602,0.5663253664970398,0.5483725070953369,0.9507799586776859,0.9544735908306159,0.0008702105263157895,False
3,187,0.43347373604774475,0.5665262937545776,0.5496951341629028,0.950573347107438,0.9550490370027631,0.0008692631578947369,False
3,188,0.43326839804649353,0.5667315721511841,0.5475574731826782,0.9502427685950414,0.9550066031431905,0.0008683157894736843,False
3,189,0.43306592106819153,0.5669341087341309,0.5472001433372498,0.9497107438016528,0.9545751909563467,0.0008673684210526315,False
3,190,0.4328717291355133,0.5671283006668091,0.5420544147491455,0.949349173553719,0.954155355680113,0.0008664210526315789,False
3,191,0.43267887830734253,0.5673211216926575,0.5408352613449097,0.9491735537190084,0.9536934394872385,0.0008654736842105263,False
3,192,0.4324896037578583,0.5675103664398193,0.5458577871322632,0.9494938016528924,0.9533772346606194,0.0008645263157894738,False
3,193,0.43230140209198,0.5676986575126648,0.5417802333831787,0.9503460743801653,0.9532724851113409,0.0008635789473684211,False
3,194,0.43210235238075256,0.567897617816925,0.5524317622184753,0.9510537190082645,0.9539057990311046,0.0008626315789473684,False
3,195,0.43190065026283264,0.568099319934845,0.5480710864067078,0.9511363636363637,0.9536935921180129,0.0008616842105263158,False
3,196,0.43170297145843506,0.5682970285415649,0.5452372431755066,0.9510537190082644,0.9531321887432529,0.0008607368421052632,False
3,197,0.4315079152584076,0.5684921145439148,0.5467671751976013,0.951353305785124,0.9529886738273876,0.0008597894736842106,False
3,198,0.43131279945373535,0.5686872005462646,0.5366936326026917,0.9515237603305785,0.953457724890673,0.000858842105263158,False
3,199,0.43111738562583923,0.5688825845718384,0.5420037508010864,0.9517045454545455,0.954371612714596,0.0008578947368421052,False
3,200,0.4309265613555908,0.5690734386444092,0.5369040369987488,0.9513533057851241,0.954664831074009,0.0008569473684210527,False
3,201,0.43073976039886475,0.5692601799964905,0.536146342754364,0.9508832644628099,0.9545966078496609,0.000856,False
3,202,0.4305502474308014,0.5694497227668762,0.5366239547729492,0.9508729338842975,0.9545775115926514,0.0008550526315789474,False
3,203,0.43035614490509033,0.5696437954902649,0.5314504504203796,0.9507076446280992,0.9543844960991453,0.0008541052631578947,False
3,204,0.430160790681839,0.5698391795158386,0.5435754656791687,0.9504958677685951,0.9551812229478294,0.000853157894736842,False
3,205,0.42996689677238464,0.570033073425293,0.5370258092880249,0.9503357438016529,0.9555174170104639,0.0008522105263157895,False
3,206,0.4297730624675751,0.5702269673347473,0.5318199992179871,0.9503099173553718,0.9555965402054112,0.0008512631578947369,False
3,207,0.4295857846736908,0.5704142451286316,0.5350669622421265,0.9505371900826446,0.955729361909393,0.0008503157894736843,False
3,208,0.42939648032188416,0.5706035494804382,0.5319435596466064,0.9503564049586777,0.9550864793568073,0.0008493684210526315,False
3,209,0.4292069673538208,0.5707930326461792,0.5279960036277771,0.9503202479338841,0.9547850282958328,0.000848421052631579,False
3,210,0.4290119707584381,0.5709880590438843,0.5308061242103577,0.950599173553719,0.9550210965288286,0.0008474736842105263,False
3,211,0.4288182556629181,0.5711817145347595,0.527644693851471,0.9511053719008264,0.9554162033035027,0.0008465263157894738,False
3,212,0.4286235570907593,0.5713764429092407,0.5316553115844727,0.9508832644628098,0.9545264761465655,0.0008455789473684211,False
3,213,0.4284297525882721,0.5715702176094055,0.5306314826011658,0.95088326446281,0.95393165019739,0.0008446315789473684,False
3,214,0.428235799074173,0.5717641711235046,0.5336036086082458,0.9506353305785123,0.9534779962809734,0.0008436842105263158,False
3,215,0.42804402112960815,0.5719559788703918,0.528622031211853,0.950103305785124,0.9531074586262082,0.0008427368421052632,False
3,216,0.4278530180454254,0.572147011756897,0.525408923625946,0.9494834710743801,0.9527558048373791,0.0008417894736842106,False
3,217,0.4276649057865143,0.5723351240158081,0.5290594100952148,0.9494111570247935,0.9527787421908203,0.000840842105263158,False
3,218,0.42747578024864197,0.5725242495536804,0.5310773849487305,0.9488481404958676,0.951901562174763,0.0008398947368421052,False
3,219,0.42728957533836365,0.5727104544639587,0.5303612947463989,0.9496487603305785,0.9524564347276029,0.0008389473684210526,False
3,220,0.4271085858345032,0.5728914141654968,0.5261632800102234,0.9505578512396695,0.9530585985224511,0.0008380000000000001,False
3,221,0.42693009972572327,0.5730699300765991,0.5266847610473633,0.950702479338843,0.9526709903976739,0.0008370526315789474,False
3,222,0.42674848437309265,0.5732515454292297,0.5254238843917847,0.9514462809917354,0.9531537572286463,0.0008361052631578947,False
3,223,0.4265638291835785,0.5734362006187439,0.5168519616127014,0.9518904958677686,0.9536130354948196,0.0008351578947368421,False
3,224,0.4263768494129181,0.5736231207847595,0.5161068439483643,0.951823347107438,0.9539462686418105,0.0008342105263157895,False
3,225,0.42618992924690247,0.5738100409507751,0.5216573476791382,0.9517303719008265,0.9544480748811663,0.0008332631578947369,False
3,226,0.4260062873363495,0.5739936828613281,0.5239534378051758,0.9509452479338844,0.9545428913017417,0.0008323157894736843,False
3,227,0.4258192479610443,0.5741807222366333,0.5134127140045166,0.9507541322314049,0.954909012900611,0.0008313684210526315,False
3,228,0.42563334107398987,0.5743666887283325,0.5253790020942688,0.9509194214876033,0.9558862064896534,0.000830421052631579,False
3,229,0.42545053362846375,0.5745494961738586,0.5209026336669922,0.951043388429752,0.9563571540776413,0.0008294736842105263,False
3,230,0.42527180910110474,0.57472825050354,0.5204671621322632,0.9514669421487604,0.9562772891264552,0.0008285263157894738,False
3,231,0.4250929057598114,0.574907124042511,0.524094820022583,0.9516064049586778,0.9562163287707122,0.000827578947368421,False
3,232,0.42492130398750305,0.5750786662101746,0.5269529819488525,0.9516167355371901,0.9558737998237138,0.0008266315789473684,False
3,233,0.4247521162033081,0.5752479434013367,0.5190726518630981,0.9517045454545455,0.9550336469007435,0.0008256842105263158,False
3,234,0.4245850443840027,0.5754148960113525,0.5178456902503967,0.9515495867768595,0.9540805436989757,0.0008247368421052632,False
3,235,0.42442506551742554,0.5755749344825745,0.5226912498474121,0.9512861570247935,0.9529958724360458,0.0008237894736842106,False
3,236,0.4242633581161499,0.5757366418838501,0.5188527703285217,0.9511673553719008,0.9522953605248184,0.0008228421052631578,False
3,237,0.42410707473754883,0.5758929252624512,0.5230615139007568,0.9511931818181818,0.9524873340770296,0.0008218947368421053,False
3,238,0.4239512085914612,0.5760487914085388,0.5175915360450745,0.9510227272727273,0.9528688624239113,0.0008209473684210526,False
3,239,0.42379361391067505,0.5762063264846802,0.5099425315856934,0.9514617768595042,0.9538463215930892,0.0008200000000000001,False
3,240,0.42363858222961426,0.5763614177703857,0.522980272769928,0.9519059917355372,0.9543487614425168,0.0008190526315789474,False
3,241,0.4234781563282013,0.5765218734741211,0.513554036617279,0.95213326446281,0.9545572366802602,0.0008181052631578947,False
3,242,0.42332082986831665,0.5766791701316833,0.5151447653770447,0.9525929752066117,0.9556700772612207,0.0008171578947368421,False
3,243,0.42316094040870667,0.576839029788971,0.5142925381660461,0.9530371900826446,0.9563539997102846,0.0008162105263157895,False
3,244,0.42299985885620117,0.5770001411437988,0.5148453116416931,0.953228305785124,0.956305239131494,0.0008152631578947369,False
3,245,0.4228356182575226,0.577164351940155,0.5170978903770447,0.9532696280991736,0.9566219388903852,0.0008143157894736843,False
3,246,0.42267391085624695,0.5773260593414307,0.5204142928123474,0.9530888429752067,0.956222895847894,0.0008133684210526315,False
3,247,0.4225102961063385,0.5774897336959839,0.5120080709457397,0.9527479338842975,0.955883663040018,0.000812421052631579,False
3,248,0.4223494827747345,0.5776505470275879,0.5098618865013123,0.9523502066115702,0.9554882939232779,0.0008114736842105264,False
3,249,0.4221896529197693,0.5778103470802307,0.508377730846405,0.9529080578512396,0.955830711182781,0.0008105263157894737,False
3,250,0.4220280647277832,0.5779719352722168,0.5105463862419128,0.9537603305785124,0.956509804283977,0.000809578947368421,False
3,251,0.42186498641967773,0.5781350135803223,0.5160219669342041,0.9544318181818181,0.9566339932887145,0.0008086315789473684,False
3,252,0.4217027425765991,0.5782972574234009,0.5042393207550049,0.9545661157024793,0.9562198330465604,0.0008076842105263158,False
3,253,0.42153990268707275,0.5784600973129272,0.5072492957115173,0.9546487603305785,0.956577058426819,0.0008067368421052632,False
3,254,0.421375572681427,0.578624427318573,0.5090432167053223,0.9545351239669421,0.9571385058078447,0.0008057894736842106,False
3,255,0.4212118983268738,0.578788161277771,0.5045693516731262,0.9544731404958678,0.9576641976444938,0.0008048421052631578,False
3,256,0.42104873061180115,0.5789512991905212,0.5082712769508362,0.954504132231405,0.9578642155838614,0.0008038947368421053,False
3,257,0.4208860993385315,0.5791139006614685,0.5128925442695618,0.9543440082644628,0.9577782263791427,0.0008029473684210526,False
3,258,0.42072793841362,0.5792720913887024,0.5096657276153564,0.9541373966942148,0.9572539410438428,0.0008020000000000001,False
3,259,0.4205703139305115,0.5794297456741333,0.5107974410057068,0.9539204545454545,0.9572355935281841,0.0008010526315789474,False
3,260,0.4204118847846985,0.5795881152153015,0.5058878064155579,0.9534969008264462,0.9570669054460478,0.0008001052631578947,False
3,261,0.4202585220336914,0.5797414779663086,0.5099406838417053,0.9528615702479339,0.956699019522624,0.0007991578947368421,False
3,262,0.4201079308986664,0.5798920392990112,0.5011764764785767,0.9532438016528926,0.9571404389028283,0.0007982105263157896,False
3,263,0.41995713114738464,0.5800428986549377,0.5004628896713257,0.9534762396694213,0.9572407216612777,0.0007972631578947369,False
3,264,0.41980233788490295,0.5801976323127747,0.5056858062744141,0.9538739669421488,0.9569019091967311,0.0007963157894736843,False
3,265,0.41964149475097656,0.5803584456443787,0.5093973875045776,0.9539927685950413,0.9569807852470633,0.0007953684210526316,False
3,266,0.41948655247688293,0.5805134773254395,0.4995795786380768,0.9536880165289257,0.9561108082326432,0.0007944210526315789,False
3,267,0.4193275570869446,0.5806724429130554,0.5000868439674377,0.9538688016528926,0.9565783612030458,0.0007934736842105264,False
3,268,0.41917532682418823,0.5808246731758118,0.5018623471260071,0.9537086776859505,0.9564499416950138,0.0007925263157894737,False
3,269,0.4190283715724945,0.5809716582298279,0.5036970376968384,0.9531404958677686,0.9554563177432457,0.000791578947368421,False
3,270,0.41888096928596497,0.5811190605163574,0.5000225901603699,0.9525051652892562,0.9543037251339895,0.0007906315789473684,False
3,271,0.41872137784957886,0.5812785625457764,0.5073322653770447,0.952215909090909,0.9539910971269276,0.0007896842105263158,False
3,272,0.41856124997138977,0.5814387798309326,0.5042163133621216,0.9522985537190083,0.9541423827565239,0.0007887368421052632,False
3,273,0.4184023439884186,0.5815976858139038,0.5053774118423462,0.9526859504132231,0.9544643189555413,0.0007877894736842106,False
3,274,0.4182434380054474,0.5817565321922302,0.49850645661354065,0.9530888429752067,0.9542256463861364,0.0007868421052631579,False
3,275,0.41808411478996277,0.5819158554077148,0.4956461191177368,0.9535640495867768,0.9544610010677669,0.0007858947368421053,False
3,276,0.41792938113212585,0.5820706486701965,0.49729859828948975,0.953775826446281,0.9545029251373658,0.0007849473684210527,False
3,277,0.4177722930908203,0.5822277665138245,0.4955107271671295,0.9535485537190082,0.9541670085746315,0.0007840000000000001,False
3,278,0.4176153838634491,0.5823845863342285,0.4990430474281311,0.9533057851239669,0.9545946227220703,0.0007830526315789474,False
3,279,0.417466402053833,0.5825335383415222,0.5012682676315308,0.9521797520661155,0.9538530396274834,0.0007821052631578947,False
3,280,0.41731563210487366,0.582684338092804,0.4986332356929779,0.9513842975206612,0.9532105188056036,0.0007811578947368421,False
3,281,0.4171692430973053,0.5828307867050171,0.5062016844749451,0.9509659090909091,0.9523708735476513,0.0007802105263157895,False
3,282,0.4170173406600952,0.5829827189445496,0.49444353580474854,0.9506456611570249,0.9517993846461105,0.0007792631578947369,False
3,283,0.4168691039085388,0.5831308960914612,0.4922667443752289,0.9499173553719007,0.9510618285051399,0.0007783157894736841,False
3,284,0.41672638058662415,0.5832736492156982,0.498148113489151,0.949504132231405,0.9506079692446981,0.0007773684210526316,False
3,285,0.4165862202644348,0.5834137797355652,0.49531930685043335,0.9493026859504133,0.9508822624740672,0.0007764210526315789,False
3,286,0.4164387881755829,0.5835611820220947,0.497611403465271,0.949581611570248,0.9511578714618051,0.0007754736842105264,False
3,287,0.41629332304000854,0.5837066769599915,0.49327632784843445,0.9497520661157025,0.9513919952858921,0.0007745263157894737,False
3,288,0.41614726185798645,0.5838527083396912,0.4951649308204651,0.9502221074380164,0.9521118925729167,0.000773578947368421,False
3,289,0.41600659489631653,0.5839933753013611,0.4921567440032959,0.9506353305785123,0.952712444295865,0.0007726315789473684,False
3,290,0.41586747765541077,0.5841325521469116,0.4890546202659607,0.9512861570247932,0.9534780120914765,0.0007716842105263159,False
3,291,0.4157297611236572,0.5842702388763428,0.49314001202583313,0.9515857438016528,0.9532031991776178,0.0007707368421052632,False
3,292,0.41559332609176636,0.5844066143035889,0.4909941554069519,0.9517871900826446,0.9531658089278396,0.0007697894736842106,False
3,293,0.41545218229293823,0.5845478177070618,0.49588876962661743,0.9520971074380167,0.9538014208699617,0.0007688421052631579,False
3,294,0.4153091609477997,0.5846908688545227,0.4830127954483032,0.9521384297520662,0.9537740096829552,0.0007678947368421053,False
3,295,0.415166974067688,0.5848329663276672,0.4935349225997925,0.9527324380165287,0.9545048935680096,0.0007669473684210527,False
3,296,0.41502243280410767,0.5849775671958923,0.4872800409793854,0.9529545454545456,0.9552655926428959,0.000766,False
3,297,0.41487857699394226,0.5851214528083801,0.49512988328933716,0.9529183884297521,0.9562024852856461,0.0007650526315789474,False
3,298,0.41473308205604553,0.5852669477462769,0.4904971718788147,0.9523347107438017,0.9563068762646842,0.0007641052631578947,False
3,299,0.41458889842033386,0.5854110717773438,0.48782458901405334,0.9521384297520662,0.9564021877009219,0.0007631578947368422,False
3,300,0.4144464433193207,0.5855535268783569,0.4872343838214874,0.9523811983471074,0.9561650606730948,0.0007622105263157895,False
3,301,0.4143064618110657,0.5856935977935791,0.490476131439209,0.9527376033057852,0.9555077116505933,0.0007612631578947369,False
3,302,0.41416746377944946,0.5858325362205505,0.48975488543510437,0.9528667355371899,0.9540921833834303,0.0007603157894736841,False
3,303,0.4140222668647766,0.5859777331352234,0.4907482862472534,0.9532541322314049,0.9541097076441198,0.0007593684210526316,False
3,304,0.4138798117637634,0.5861201882362366,0.48934316635131836,0.9530940082644626,0.9546585091593836,0.000758421052631579,False
3,305,0.41374149918556213,0.5862585306167603,0.4811916947364807,0.9526601239669421,0.9545365807501822,0.0007574736842105264,False
3,306,0.41360437870025635,0.5863956212997437,0.48708051443099976,0.9527427685950414,0.955046937183669,0.0007565263157894737,False
3,307,0.4134614169597626,0.5865386128425598,0.48482978343963623,0.9532283057851241,0.9551168722138599,0.0007555789473684211,False
3,308,0.41332271695137024,0.5866772532463074,0.4868866801261902,0.9536311983471074,0.9551220376907829,0.0007546315789473684,False
3,309,0.41317999362945557,0.5868200063705444,0.48661354184150696,0.9532179752066117,0.9552819084535638,0.0007536842105263158,False
3,310,0.41303929686546326,0.5869607329368591,0.4878685772418976,0.9526807851239669,0.9552464981358217,0.0007527368421052632,False
3,311,0.41290366649627686,0.5870963335037231,0.4886894226074219,0.9522107438016529,0.955408753293541,0.0007517894736842104,False
3,312,0.41276705265045166,0.5872329473495483,0.48662710189819336,0.9523760330578512,0.9555761217276016,0.0007508421052631579,False
3,313,0.41262537240982056,0.5873746275901794,0.48568904399871826,0.9526084710743801,0.9555566004940061,0.0007498947368421053,False
3,314,0.4124869704246521,0.5875130295753479,0.4809643626213074,0.9527840909090909,0.9555223932566416,0.0007489473684210527,False
3,315,0.4123574495315552,0.5876425504684448,0.4888392686843872,0.9527117768595041,0.9550857401580889,0.000748,False
3,316,0.41222286224365234,0.5877771377563477,0.492695152759552,0.9522830578512397,0.9548418188320295,0.0007470526315789473,False
3,317,0.41209232807159424,0.5879076719284058,0.485324501991272,0.9523605371900826,0.9546498865172282,0.0007461052631578947,False
3,318,0.41196003556251526,0.5880399942398071,0.48020434379577637,0.9523811983471073,0.9542323381287491,0.0007451578947368422,False
3,319,0.41183239221572876,0.5881676077842712,0.48998501896858215,0.9526446280991734,0.9541060141318078,0.0007442105263157895,False
3,320,0.4117070436477661,0.5882929563522339,0.4839603900909424,0.9531456611570248,0.9540569097157874,0.0007432631578947369,False
3,321,0.41158685088157654,0.5884131789207458,0.49005794525146484,0.9532128099173554,0.9539239418554153,0.0007423157894736842,False
3,322,0.41146835684776306,0.5885316729545593,0.48018622398376465,0.9532024793388431,0.954167301892016,0.0007413684210526316,False
3,323,0.4113520681858063,0.5886479616165161,0.4829438030719757,0.9531404958677687,0.9546380350683288,0.000740421052631579,False
3,324,0.4112345576286316,0.5887654423713684,0.47849392890930176,0.9534090909090909,0.9556456109684823,0.0007394736842105264,False
3,325,0.4111190736293793,0.5888808965682983,0.4841477572917938,0.9536828512396693,0.9565710223776777,0.0007385263157894737,False
3,326,0.4110015332698822,0.5889984369277954,0.4804335832595825,0.9540702479338843,0.9574785268079378,0.000737578947368421,False
3,327,0.4108928442001343,0.5891071557998657,0.4808255434036255,0.954736570247934,0.958361246824019,0.0007366315789473685,False
3,328,0.41078197956085205,0.589218020439148,0.4847325086593628,0.9556250000000002,0.9592171049488432,0.0007356842105263158,False
3,329,0.41066351532936096,0.5893364548683167,0.4804554581642151,0.9559659090909092,0.9592579514303715,0.0007347368421052632,False
3,330,0.41054755449295044,0.5894524455070496,0.4771261513233185,0.9561466942148761,0.9593993110539903,0.0007337894736842104,False
3,331,0.41042953729629517,0.5895704627037048,0.4796217978000641,0.9562396694214876,0.9593373695619182,0.0007328421052631579,False
3,332,0.41030964255332947,0.5896903276443481,0.4774959683418274,0.9560123966942148,0.9589954127299896,0.0007318947368421053,False
3,333,0.4101892113685608,0.5898107886314392,0.4748813509941101,0.9561053719008265,0.9585792695957391,0.0007309473684210527,False
3,334,0.41006502509117126,0.5899350047111511,0.4811703562736511,0.9559142561983471,0.9582242911560728,0.00073,False
3,335,0.4099418520927429,0.5900581479072571,0.48006948828697205,0.955650826446281,0.9582746150740937,0.0007290526315789475,False
3,336,0.40982046723365784,0.5901795625686646,0.4753304719924927,0.9552789256198347,0.958131498114068,0.0007281052631578948,False
3,337,0.4097021520137787,0.5902978181838989,0.4732216000556946,0.9550826446280993,0.9582178138684724,0.0007271578947368422,False
3,338,0.40959203243255615,0.5904079079627991,0.47782763838768005,0.9551859504132231,0.958499086798055,0.0007262105263157895,False
3,339,0.4094782769680023,0.5905217528343201,0.4713885188102722,0.9551291322314049,0.9585199579051812,0.0007252631578947369,False
3,340,0.40935763716697693,0.5906423926353455,0.4746086597442627,0.9550051652892562,0.9581915257888818,0.0007243157894736842,False
3,341,0.40924257040023804,0.590757429599762,0.4774433374404907,0.9553254132231404,0.9581958706789147,0.0007233684210526316,False
3,342,0.4091256856918335,0.5908743143081665,0.47704392671585083,0.9552995867768594,0.9578647165438651,0.000722421052631579,False
3,343,0.4090082347393036,0.590991735458374,0.47692251205444336,0.955154958677686,0.9573996244609314,0.0007214736842105263,False
3,344,0.40889307856559753,0.5911068916320801,0.4701187312602997,0.9552221074380165,0.9568291494430126,0.0007205263157894737,False
3,345,0.4087778627872467,0.5912221670150757,0.4710119664669037,0.955160123966942,0.9564389559619692,0.000719578947368421,False
3,346,0.4086624085903168,0.5913376212120056,0.475085586309433,0.9549173553719008,0.9563543712707915,0.0007186315789473685,False
3,347,0.4085443317890167,0.5914556384086609,0.47892990708351135,0.9546797520661157,0.956892096149737,0.0007176842105263158,False
3,348,0.4084356427192688,0.5915643572807312,0.4825561046600342,0.9547055785123966,0.9570537577240672,0.0007167368421052632,False
3,349,0.40832799673080444,0.5916720032691956,0.46761971712112427,0.9547882231404958,0.9570897263980338,0.0007157894736842105,False
3,350,0.4082258939743042,0.591774046421051,0.4735828936100006,0.9555785123966941,0.9574932249405683,0.000714842105263158,False
3,351,0.40811723470687866,0.5918827652931213,0.47629064321517944,0.9558935950413224,0.9575208284521124,0.0007138947368421053,False
3,352,0.408015638589859,0.5919843912124634,0.47389930486679077,0.9561311983471075,0.9579989534578763,0.0007129473684210527,False
3,353,0.4079183042049408,0.5920817255973816,0.48235177993774414,0.9558677685950414,0.9584079753371071,0.000712,False
3,354,0.4078252911567688,0.5921747088432312,0.47751909494400024,0.9557541322314049,0.9590659121311026,0.0007110526315789474,False
3,355,0.40773338079452515,0.5922666788101196,0.47407275438308716,0.9554287190082644,0.959361392261876,0.0007101052631578948,False
3,356,0.4076429009437561,0.5923570990562439,0.4767580032348633,0.9554028925619834,0.9594123367338874,0.0007091578947368421,False
3,357,0.4075550138950348,0.5924449563026428,0.48020458221435547,0.9561518595041322,0.9598924498940893,0.0007082105263157895,False
3,358,0.4074699282646179,0.5925300717353821,0.4701957106590271,0.9567975206611571,0.9596814865348218,0.0007072631578947367,False
3,359,0.4073876738548279,0.5926123261451721,0.4779790937900543,0.9574638429752067,0.9597951623837876,0.0007063157894736842,False
3,360,0.4072954058647156,0.5927046537399292,0.47081083059310913,0.9575154958677685,0.9596861769120495,0.0007053684210526316,False
3,361,0.4072038531303406,0.5927961468696594,0.4719845950603485,0.9572159090909091,0.959408540985623,0.000704421052631579,False
3,362,0.4071148931980133,0.5928850769996643,0.47090014815330505,0.9565857438016527,0.9591801090594252,0.0007034736842105263,False
3,363,0.4070226550102234,0.5929772853851318,0.46796783804893494,0.9559039256198347,0.9591918566386265,0.0007025263157894738,False
3,364,0.4069342017173767,0.5930657386779785,0.47205686569213867,0.9552685950413223,0.9587467263830065,0.0007015789473684211,False
3,365,0.4068394899368286,0.5931605100631714,0.46677500009536743,0.9549121900826445,0.9582825562137688,0.0007006315789473685,False
3,366,0.40674495697021484,0.5932550430297852,0.46610525250434875,0.9549380165289255,0.9584211676669371,0.0006996842105263158,False
3,367,0.4066556394100189,0.5933443903923035,0.47164326906204224,0.9545092975206613,0.9583666470282686,0.0006987368421052632,False
3,368,0.4065684378147125,0.5934315919876099,0.4735008180141449,0.9548450413223141,0.9588271609350393,0.0006977894736842105,False
3,369,0.4064845144748688,0.5935155153274536,0.4653436541557312,0.9551859504132232,0.9591311695843218,0.000696842105263158,False
3,370,0.4063975214958191,0.5936024785041809,0.4678632318973541,0.9558832644628098,0.9597193839884404,0.0006958947368421053,False
3,371,0.40631014108657837,0.5936898589134216,0.46969082951545715,0.9560898760330578,0.9596976293303939,0.0006949473684210527,False
3,372,0.406231552362442,0.5937684774398804,0.47642993927001953,0.9560020661157025,0.9592066171179329,0.000694,False
3,373,0.4061472713947296,0.593852698802948,0.46537119150161743,0.956069214876033,0.9588739410694005,0.0006930526315789473,False
3,374,0.40606600046157837,0.5939339995384216,0.4690539538860321,0.9566735537190083,0.9592021371412085,0.0006921052631578948,False
3,375,0.4059804677963257,0.5940195322036743,0.47027909755706787,0.9571126033057851,0.9598076414137875,0.0006911578947368421,False
3,376,0.4058935344219208,0.5941064357757568,0.46938297152519226,0.9577014462809917,0.9603658443966783,0.0006902105263157895,False
3,377,0.405811071395874,0.594188928604126,0.4675183594226837,0.9580423553719009,0.9606412395391496,0.0006892631578947369,False
3,378,0.4057270288467407,0.5942729115486145,0.46786564588546753,0.9583522727272727,0.9609077419673272,0.0006883157894736843,False
3,379,0.40564435720443726,0.5943556427955627,0.4618578553199768,0.9584090909090909,0.9609400544910701,0.0006873684210526316,False
3,380,0.4055598974227905,0.5944401025772095,0.4659234285354614,0.9578254132231405,0.9604307828053498,0.000686421052631579,False
3,381,0.40546903014183044,0.5945309400558472,0.4640960991382599,0.9574793388429752,0.9599912698458842,0.0006854736842105263,False
3,382,0.4053748846054077,0.5946251153945923,0.4666394591331482,0.957138429752066,0.9592941605639094,0.0006845263157894738,False
3,383,0.4052795469760895,0.5947204232215881,0.4644906520843506,0.9571849173553718,0.9589121274014052,0.0006835789473684211,False
3,384,0.40518298745155334,0.594817042350769,0.46849775314331055,0.9567561983471073,0.9586435416938608,0.0006826315789473685,False
3,385,0.4050822854042053,0.5949176549911499,0.47378450632095337,0.956275826446281,0.9580170674613725,0.0006816842105263158,False
3,386,0.4049817621707916,0.595018208026886,0.4664984941482544,0.9557541322314049,0.957557027237881,0.0006807368421052632,False
3,387,0.40488722920417786,0.5951127409934998,0.46801942586898804,0.9554287190082644,0.9569879532624295,0.0006797894736842105,False
3,388,0.40479162335395813,0.5952083468437195,0.46217235922813416,0.9555681818181818,0.9565665097001819,0.0006788421052631579,False
3,389,0.40469926595687866,0.5953007340431213,0.46864283084869385,0.9557799586776858,0.9566978676035077,0.0006778947368421053,False
3,390,0.4046093821525574,0.5953906178474426,0.46147286891937256,0.9560950413223142,0.9568801343445659,0.0006769473684210526,False
3,391,0.40451470017433167,0.595485270023346,0.4655282497406006,0.9564152892561983,0.9571844539176498,0.0006760000000000001,False
3,392,0.4044167697429657,0.5955832600593567,0.46535202860832214,0.9568698347107437,0.9577616742406385,0.0006750526315789474,False
3,393,0.40431880950927734,0.5956811904907227,0.45993727445602417,0.957107438016529,0.957563232755033,0.0006741052631578948,False
3,394,0.4042203426361084,0.5957795977592468,0.45816320180892944,0.957267561983471,0.9574691799434674,0.0006731578947368421,False
3,395,0.40412697196006775,0.5958730578422546,0.4655318856239319,0.9571074380165289,0.9573440769882974,0.0006722105263157895,False
3,396,0.4040418863296509,0.5959581732749939,0.46341514587402344,0.9570661157024793,0.9573693101357069,0.0006712631578947368,False
3,397,0.40394818782806396,0.596051812171936,0.46512463688850403,0.9571280991735538,0.9576374623559738,0.0006703157894736843,False
3,398,0.40384936332702637,0.5961506962776184,0.4621668756008148,0.9570092975206612,0.9579384136631801,0.0006693684210526316,False
3,399,0.4037533402442932,0.5962466597557068,0.46074798703193665,0.9568440082644629,0.9586053978824898,0.000668421052631579,False
3,400,0.40365999937057495,0.5963400602340698,0.46270230412483215,0.9570506198347108,0.9590942241396575,0.0006674736842105263,False
3,401,0.403572142124176,0.596427857875824,0.4653194546699524,0.9569473140495868,0.9591396750731379,0.0006665263157894737,False
3,402,0.4034850299358368,0.5965149998664856,0.46196433901786804,0.956823347107438,0.9591550218187468,0.0006655789473684211,False
3,403,0.40339744091033936,0.5966025590896606,0.4570709466934204,0.9566890495867768,0.9590156641695816,0.0006646315789473684,False
3,404,0.4033063054084778,0.596693754196167,0.4613141119480133,0.9565030991735537,0.9588478566767766,0.0006636842105263158,False
3,405,0.4032120704650879,0.5967879295349121,0.4679460823535919,0.9564411157024792,0.958953285444125,0.0006627368421052632,False
3,406,0.4031190872192383,0.5968809723854065,0.4598008096218109,0.9566219008264463,0.9595527522380279,0.0006617894736842106,False
3,407,0.4030302166938782,0.5969698429107666,0.46968045830726624,0.956926652892562,0.9601497291689952,0.0006608421052631579,False
3,408,0.40294644236564636,0.597053587436676,0.45578187704086304,0.9571126033057851,0.9602887889551208,0.0006598947368421053,False
3,409,0.40286490321159363,0.5971351265907288,0.46027886867523193,0.9574535123966942,0.960488471939924,0.0006589473684210526,False
3,410,0.40278303623199463,0.5972169637680054,0.4564496576786041,0.9576239669421488,0.9604394773409972,0.0006580000000000001,False
3,411,0.40270617604255676,0.5972937941551208,0.45886969566345215,0.957345041322314,0.9600765821537188,0.0006570526315789474,False
3,412,0.4026285707950592,0.5973713994026184,0.4564238488674164,0.956952479338843,0.9591950828504032,0.0006561052631578948,False
3,413,0.4025481939315796,0.5974518060684204,0.46195995807647705,0.9573347107438016,0.9591768873802402,0.0006551578947368421,False
3,414,0.4024747908115387,0.5975251793861389,0.4665564298629761,0.9578564049586775,0.9596415521729532,0.0006542105263157896,False
3,415,0.4023969769477844,0.5976030826568604,0.450582891702652,0.9581611570247933,0.9603061328021991,0.0006532631578947368,False
3,416,0.4023198187351227,0.5976801514625549,0.4576857089996338,0.9582438016528925,0.9607148922581259,0.0006523157894736842,False
3,417,0.40224307775497437,0.5977569818496704,0.46245551109313965,0.9585588842975206,0.9610912253143894,0.0006513684210526316,False
3,418,0.40216895937919617,0.5978310108184814,0.46142226457595825,0.9583780991735538,0.960664070688952,0.0006504210526315789,False
3,419,0.4020960032939911,0.5979039669036865,0.4597617983818054,0.9581921487603305,0.9601248917661327,0.0006494736842105264,False
3,420,0.40202072262763977,0.5979793071746826,0.4578978419303894,0.9580785123966942,0.9596524995754194,0.0006485263157894737,False
3,421,0.4019426703453064,0.5980573296546936,0.45506447553634644,0.9579597107438016,0.9590058303486676,0.0006475789473684211,False
3,422,0.40186357498168945,0.5981364250183105,0.46163123846054077,0.957603305785124,0.9584336897294925,0.0006466315789473684,False
3,423,0.401782363653183,0.5982176065444946,0.4562245309352875,0.9574586776859504,0.9583238938888837,0.0006456842105263158,False
3,424,0.40169477462768555,0.5983052253723145,0.4584512710571289,0.9572107438016529,0.9581724972995886,0.0006447368421052632,False
3,425,0.4016079902648926,0.5983920097351074,0.4602190852165222,0.9571745867768595,0.9586989157307113,0.0006437894736842106,False
3,426,0.4015217423439026,0.5984782576560974,0.45710402727127075,0.956900826446281,0.9588116159395267,0.0006428421052631579,False
3,427,0.4014381766319275,0.5985618233680725,0.45708250999450684,0.956875,0.9587230520584165,0.0006418947368421053,False
3,428,0.4013616144657135,0.5986383557319641,0.4597054123878479,0.9569938016528927,0.9585821105914993,0.0006409473684210527,False
3,429,0.4012816250324249,0.5987183451652527,0.4543229341506958,0.9569163223140496,0.958272858846187,0.00064,False
3,430,0.401206910610199,0.5987931489944458,0.4531046748161316,0.9569731404958677,0.9577627327104165,0.0006390526315789474,False
3,431,0.40112730860710144,0.5988726615905762,0.45471107959747314,0.956926652892562,0.9574042036084569,0.0006381052631578948,False
3,432,0.401043564081192,0.5989564657211304,0.462058961391449,0.9568801652892562,0.9570209450557015,0.0006371578947368421,False
3,433,0.40095871686935425,0.5990412831306458,0.45720571279525757,0.9567407024793388,0.957089872244846,0.0006362105263157895,False
3,434,0.4008733332157135,0.5991266369819641,0.45335739850997925,0.9567975206611571,0.9573534161827217,0.000635263157894737,False
3,435,0.40078431367874146,0.5992157459259033,0.4525148868560791,0.9568285123966941,0.9576203734462304,0.0006343157894736842,False
3,436,0.40069466829299927,0.5993053317070007,0.4532054364681244,0.9569834710743802,0.9580467373499058,0.0006333684210526316,False
3,437,0.40060746669769287,0.5993925333023071,0.45087507367134094,0.956642561983471,0.957845733079697,0.0006324210526315789,False
3,438,0.400521457195282,0.599478542804718,0.45974454283714294,0.9563481404958678,0.9572963389711882,0.0006314736842105264,False
3,439,0.4004325866699219,0.5995674133300781,0.45390862226486206,0.9565134297520661,0.9571475829231184,0.0006305263157894737,False
3,440,0.4003446400165558,0.5996553897857666,0.45530784130096436,0.956694214876033,0.9569885969766576,0.0006295789473684211,False
3,441,0.40025970339775085,0.5997402667999268,0.4520018398761749,0.9566064049586777,0.9568277338601702,0.0006286315789473684,False
3,442,0.4001757502555847,0.5998242497444153,0.45513007044792175,0.9567665289256199,0.9570799227556601,0.0006276842105263159,False
3,443,0.4000995457172394,0.599900484085083,0.46089038252830505,0.9566787190082645,0.9575678660522627,0.0006267368421052632,False
3,444,0.4000250995159149,0.5999749302864075,0.4525081515312195,0.9565392561983471,0.957358148475501,0.0006257894736842106,False
3,445,0.39995184540748596,0.6000481843948364,0.4521387815475464,0.956823347107438,0.9571276332383524,0.0006248421052631579,False
3,446,0.3998775780200958,0.6001223921775818,0.46114325523376465,0.9568595041322314,0.9565761875591419,0.0006238947368421053,False
3,447,0.39980465173721313,0.6001954078674316,0.45290130376815796,0.956482438016529,0.9556537182838432,0.0006229473684210527,False
3,448,0.399732768535614,0.6002672910690308,0.4520069360733032,0.9563997933884297,0.9554205595228685,0.000622,False
3,449,0.39965954422950745,0.6003404855728149,0.4512958526611328,0.9562035123966942,0.9558042424603486,0.0006210526315789474,False
3,450,0.39958736300468445,0.6004126667976379,0.4524783790111542,0.9561828512396694,0.9562542318826258,0.0006201052631578947,False
3,451,0.39951062202453613,0.6004893183708191,0.45289820432662964,0.9560588842975207,0.9558536846531304,0.0006191578947368421,False
3,452,0.3994320333003998,0.6005679965019226,0.4505551755428314,0.95625,0.956027696605289,0.0006182105263157895,False
3,453,0.3993556499481201,0.6006444096565247,0.4500885605812073,0.9566942148760331,0.956229004999824,0.000617263157894737,False
3,454,0.39928099513053894,0.6007189750671387,0.4527392089366913,0.9568026859504133,0.9560564251255965,0.0006163157894736842,False
3,455,0.39921069145202637,0.6007892489433289,0.4441680908203125,0.9568904958677685,0.9553028890906123,0.0006153684210526316,False
3,456,0.3991434574127197,0.6008565425872803,0.4495752155780792,0.9567665289256198,0.9545329203634334,0.000614421052631579,False
3,457,0.3990718722343445,0.6009281277656555,0.45835402607917786,0.9565185950413223,0.9543467886294102,0.0006134736842105264,False
3,458,0.39899563789367676,0.6010043025016785,0.44770383834838867,0.9563636363636362,0.9545586554783677,0.0006125263157894737,False
3,459,0.3989182710647583,0.6010817289352417,0.45323336124420166,0.9562809917355372,0.9545091730462911,0.0006115789473684211,False
3,460,0.39884430170059204,0.601155698299408,0.4543379247188568,0.9560743801652892,0.9544595630241887,0.0006106315789473684,False
3,461,0.3987680971622467,0.6012318730354309,0.4516422748565674,0.956017561983471,0.9544369864983502,0.0006096842105263159,False
3,462,0.39868974685668945,0.6013102531433105,0.45112189650535583,0.9562241735537189,0.9544177679932887,0.0006087368421052633,False
3,463,0.39861035346984863,0.6013897061347961,0.4495123028755188,0.9563791322314049,0.9544887878214299,0.0006077894736842105,False
3,464,0.3985283374786377,0.6014716625213623,0.452298641204834,0.9563894628099172,0.9545278189547963,0.0006068421052631579,False
3,465,0.3984502851963043,0.6015496850013733,0.4558321237564087,0.9564927685950414,0.954641167732398,0.0006058947368421052,False
3,466,0.39837196469306946,0.6016280651092529,0.4498811364173889,0.9568388429752065,0.9549532330904289,0.0006049473684210527,False
3,467,0.39829692244529724,0.6017031073570251,0.4552119970321655,0.9570506198347107,0.9558790463075917,0.000604,False
3,468,0.3982175886631012,0.6017824411392212,0.4465892016887665,0.9572727272727272,0.9570043402248412,0.0006030526315789474,False
3,469,0.3981386423110962,0.6018613576889038,0.45097020268440247,0.9574121900826446,0.9579589595866552,0.0006021052631578947,False
3,470,0.3980579972267151,0.6019420027732849,0.4495582580566406,0.9573605371900827,0.9577855165698549,0.0006011578947368422,False
3,471,0.3979830741882324,0.6020168662071228,0.4497566223144531,0.9574793388429751,0.9577368380240612,0.0006002105263157895,False
3,472,0.397909015417099,0.6020910143852234,0.44887498021125793,0.9577530991735537,0.9579153730887477,0.0005992631578947369,False
3,473,0.3978400230407715,0.6021599769592285,0.44877949357032776,0.9578357438016529,0.9581635469309278,0.0005983157894736842,False
3,474,0.39777302742004395,0.602226972579956,0.45340996980667114,0.95801652892562,0.9582416553248362,0.0005973684210526316,False
3,475,0.3977036774158478,0.6022963523864746,0.45457637310028076,0.9580010330578512,0.9579962388142202,0.000596421052631579,False
3,476,0.3976324498653412,0.6023675799369812,0.45033660531044006,0.957913223140496,0.9581497661293588,0.0005954736842105265,False
3,477,0.39756059646606445,0.6024394035339355,0.44561293721199036,0.9576756198347108,0.957919058701629,0.0005945263157894737,False
3,478,0.3974842429161072,0.6025158166885376,0.44909998774528503,0.957629132231405,0.9579129074363459,0.0005935789473684211,False
3,479,0.3974081873893738,0.6025918126106262,0.4460065960884094,0.9575826446280993,0.9576182541439489,0.0005926315789473684,False
3,480,0.3973330557346344,0.602666974067688,0.44122183322906494,0.9575516528925619,0.957339231004944,0.0005916842105263158,False
3,481,0.3972737789154053,0.6027262806892395,0.45847460627555847,0.9572469008264463,0.9572096678498754,0.0005907368421052633,False
3,482,0.3972111642360687,0.6027888059616089,0.44798189401626587,0.9569369834710744,0.9569395569387104,0.0005897894736842105,False
3,483,0.3971475660800934,0.6028524041175842,0.4460592567920685,0.956668388429752,0.9567489492450375,0.0005888421052631579,False
3,484,0.39708757400512695,0.602912425994873,0.4457080662250519,0.9563171487603306,0.956540073555546,0.0005878947368421053,False
3,485,0.3970297873020172,0.6029701828956604,0.4492649435997009,0.956430785123967,0.9567409003933134,0.0005869473684210527,False
3,486,0.3969676196575165,0.6030324101448059,0.4527900815010071,0.9568388429752065,0.9570297138730967,0.000586,False
3,487,0.3968973457813263,0.6031026840209961,0.44634172320365906,0.9572469008264463,0.9573839911519715,0.0005850526315789473,False
3,488,0.39682871103286743,0.6031712889671326,0.4489637613296509,0.957577479338843,0.9575998040939433,0.0005841052631578947,False
3,489,0.3967660665512085,0.6032338738441467,0.44802749156951904,0.9577892561983472,0.9579041724478609,0.0005831578947368421,False
3,490,0.39670318365097046,0.6032968163490295,0.4400533437728882,0.9579080578512397,0.9580386428548338,0.0005822105263157896,False
3,491,0.3966374099254608,0.6033625602722168,0.44493573904037476,0.9579287190082645,0.9580542929482138,0.0005812631578947368,False
3,492,0.3965645432472229,0.6034353971481323,0.4468432068824768,0.9581404958677687,0.9580663551224952,0.0005803157894736842,False
3,493,0.39648911356925964,0.603510856628418,0.44756895303726196,0.9586828512396695,0.958997814147108,0.0005793684210526315,False
3,494,0.39641273021698,0.60358726978302,0.44144123792648315,0.9591683884297519,0.9598571804311039,0.000578421052631579,False
3,495,0.3963310122489929,0.6036689877510071,0.44524702429771423,0.9592820247933884,0.9603008087107259,0.0005774736842105263,False
3,496,0.3962467610836029,0.6037532687187195,0.4501890540122986,0.959297520661157,0.9606087942788877,0.0005765263157894737,False
3,497,0.3961651027202606,0.603834867477417,0.4470764398574829,0.9589359504132232,0.9604969305164823,0.000575578947368421,False
3,498,0.3960863947868347,0.6039136052131653,0.44031262397766113,0.9584452479338844,0.9602959050643973,0.0005746315789473685,False
3,499,0.39600875973701477,0.6039912104606628,0.45231685042381287,0.9585485537190084,0.9604284290004014,0.0005736842105263159,False
3,500,0.3959288001060486,0.6040711402893066,0.4419461488723755,0.9585382231404957,0.9600797149933258,0.0005727368421052632,False
3,501,0.3958533704280853,0.6041466593742371,0.4447886347770691,0.9583419421487602,0.959410785314603,0.0005717894736842105,False
3,502,0.39578020572662354,0.6042197942733765,0.44893720746040344,0.9579855371900827,0.9587413084909944,0.0005708421052631579,False
3,503,0.39570748805999756,0.6042924523353577,0.439852774143219,0.9575929752066116,0.958096317052213,0.0005698947368421053,False
3,504,0.3956315219402313,0.6043685078620911,0.44286054372787476,0.9571229338842975,0.9575724186632575,0.0005689473684210527,False
3,505,0.3955567479133606,0.6044431924819946,0.43702077865600586,0.9568956611570248,0.9571758188627211,0.000568,False
3,506,0.3954780697822571,0.6045219302177429,0.44628599286079407,0.9567768595041322,0.9569614810569648,0.0005670526315789473,False
3,507,0.3953995108604431,0.6046004891395569,0.44559764862060547,0.956720041322314,0.9566199207174378,0.0005661052631578947,False
3,508,0.3953212797641754,0.604678750038147,0.44097840785980225,0.9564307851239671,0.9562501551054611,0.0005651578947368421,False
3,509,0.3952428698539734,0.6047571301460266,0.44371914863586426,0.956198347107438,0.9560283639916,0.0005642105263157896,False
3,510,0.39517155289649963,0.6048284769058228,0.4461607336997986,0.9560898760330578,0.9560126489878497,0.0005632631578947368,False
3,511,0.3950977623462677,0.6049022674560547,0.4410577118396759,0.9558677685950413,0.9562473829604166,0.0005623157894736842,False
3,512,0.3950192928314209,0.6049807071685791,0.44230300188064575,0.9558987603305784,0.956633870934287,0.0005613684210526316,False
3,513,0.39494889974594116,0.6050511002540588,0.44238486886024475,0.9559090909090909,0.9569191467734174,0.0005604210526315791,False
3,514,0.3948800563812256,0.6051199436187744,0.4442760944366455,0.9560588842975206,0.9570140444346389,0.0005594736842105263,False
3,515,0.39481422305107117,0.6051857471466064,0.4409886598587036,0.9560847107438015,0.9565802877872394,0.0005585263157894737,False
3,516,0.3947489559650421,0.6052510738372803,0.44387638568878174,0.9563688016528924,0.9565887169531201,0.000557578947368421,False
3,517,0.39468085765838623,0.6053191423416138,0.444211483001709,0.9564256198347107,0.9566094150432798,0.0005566315789473684,False
3,518,0.3946097195148468,0.6053903102874756,0.43911364674568176,0.9562345041322314,0.9561562725633709,0.0005556842105263159,False
3,519,0.3945375680923462,0.6054624319076538,0.4482383131980896,0.9560898760330581,0.9560829285893908,0.0005547368421052631,False
3,520,0.3944660723209381,0.6055338978767395,0.4450286328792572,0.9558884297520662,0.955524426840807,0.0005537894736842105,False
3,521,0.39439451694488525,0.6056054830551147,0.4369548261165619,0.9558780991735538,0.9546759624346961,0.0005528421052631578,False
3,522,0.3943232297897339,0.6056767702102661,0.44734010100364685,0.9559710743801653,0.9546219555453765,0.0005518947368421053,False
3,523,0.3942563533782959,0.6057436466217041,0.4364931285381317,0.9561002066115702,0.9550018097270035,0.0005509473684210527,False
3,524,0.39419034123420715,0.6058096289634705,0.44089680910110474,0.9561053719008265,0.9556220992164376,0.00055,False
3,525,0.3941217362880707,0.6058782935142517,0.4397113621234894,0.9562190082644627,0.9562431078233273,0.0005490526315789473,False
3,526,0.3940551280975342,0.6059448719024658,0.43685877323150635,0.956115702479339,0.9563658284223175,0.0005481052631578948,False
3,527,0.39399152994155884,0.6060084700584412,0.4406138062477112,0.9561931818181818,0.9564655156284929,0.0005471578947368421,False
3,528,0.39392879605293274,0.6060712337493896,0.442055344581604,0.9562035123966943,0.9565249519224434,0.0005462105263157896,False
3,529,0.3938678503036499,0.6061321496963501,0.44214683771133423,0.9561415289256199,0.9564966179080179,0.0005452631578947368,False
3,530,0.3938051760196686,0.6061948537826538,0.4363102912902832,0.9560382231404958,0.9564331621114894,0.0005443157894736843,False
3,531,0.39374083280563354,0.6062591671943665,0.44231635332107544,0.9562809917355372,0.9571111241757059,0.0005433684210526316,False
3,532,0.39368054270744324,0.6063194870948792,0.43967753648757935,0.9563068181818182,0.9571812952713928,0.000542421052631579,False
3,533,0.3936178386211395,0.6063821315765381,0.43577468395233154,0.9564669421487604,0.9576132771027499,0.0005414736842105263,False
3,534,0.39355897903442383,0.606441080570221,0.4382646977901459,0.9566012396694215,0.957822920355798,0.0005405263157894736,False
3,535,0.39350035786628723,0.6064996123313904,0.4385301172733307,0.9565134297520661,0.9576705273106503,0.0005395789473684211,False
3,536,0.39344388246536255,0.6065561175346375,0.4322565197944641,0.9565185950413223,0.9575409082722639,0.0005386315789473684,False
3,537,0.39338281750679016,0.6066171526908875,0.4410105049610138,0.9566322314049587,0.957450833858623,0.0005376842105263159,False
3,538,0.39332669973373413,0.6066733002662659,0.4360995590686798,0.9566322314049587,0.9573710502061784,0.0005367368421052631,False
3,539,0.393275648355484,0.6067243218421936,0.4390273690223694,0.9567252066115702,0.957307502855009,0.0005357894736842105,False
3,540,0.3932277262210846,0.606772243976593,0.44320809841156006,0.9568698347107437,0.9577862914724964,0.0005348421052631579,False
3,541,0.3931792974472046,0.6068207025527954,0.43643635511398315,0.9570247933884297,0.9583510914841866,0.0005338947368421053,False
3,542,0.39313018321990967,0.6068698763847351,0.43618515133857727,0.9571745867768594,0.9586762319335069,0.0005329473684210526,False
3,543,0.393078476190567,0.6069214940071106,0.44135725498199463,0.9570299586776859,0.958342268809552,0.000532,False
3,544,0.3930283784866333,0.6069716215133667,0.4408852756023407,0.9569628099173553,0.9579838196871548,0.0005310526315789474,False
3,545,0.3929774761199951,0.6070225238800049,0.43810272216796875,0.9565289256198348,0.9570305590814137,0.0005301052631578948,False
3,546,0.3929271697998047,0.6070728302001953,0.43520164489746094,0.9565289256198347,0.956826989363593,0.0005291578947368421,False
3,547,0.39287617802619934,0.607123851776123,0.4355997145175934,0.9566373966942148,0.9566367017335877,0.0005282105263157894,False
3,548,0.39282578229904175,0.6071741580963135,0.44012486934661865,0.9568543388429752,0.9568450873584795,0.0005272631578947368,False
3,549,0.392775297164917,0.607224702835083,0.4384756088256836,0.9569834710743801,0.9577226278063143,0.0005263157894736842,False
3,550,0.3927266001701355,0.6072733998298645,0.43949460983276367,0.9568336776859504,0.9580944441014443,0.0005253684210526316,False
3,551,0.3926771283149719,0.6073228716850281,0.43446940183639526,0.9567200413223139,0.9583106783903624,0.000524421052631579,False
3,552,0.3926262855529785,0.6073736548423767,0.43689584732055664,0.9567148760330578,0.9584922812788691,0.0005234736842105263,False
3,553,0.39257991313934326,0.6074201464653015,0.43492910265922546,0.9567820247933884,0.9585322837725562,0.0005225263157894736,False
3,554,0.3925306499004364,0.6074693202972412,0.4370841979980469,0.9568543388429751,0.9584847163790541,0.0005215789473684211,False
3,555,0.3924812078475952,0.6075187921524048,0.4354885220527649,0.9570764462809918,0.9584783129611257,0.0005206315789473684,False
3,556,0.39243271946907043,0.607567310333252,0.43160977959632874,0.9567613636363637,0.9577630359323525,0.0005196842105263159,False
3,557,0.3923836946487427,0.6076162457466125,0.4385085701942444,0.9568026859504132,0.9577163323641955,0.0005187368421052631,False
3,558,0.3923375606536865,0.6076624989509583,0.438220739364624,0.9571900826446281,0.9582845949176767,0.0005177894736842106,False
3,559,0.39228764176368713,0.6077123880386353,0.43452635407447815,0.9577221074380166,0.9588590759748753,0.0005168421052631579,False
3,560,0.39223340153694153,0.6077666282653809,0.4329304099082947,0.9581095041322314,0.9592870807671692,0.0005158947368421053,False
3,561,0.39217624068260193,0.6078237891197205,0.4361903667449951,0.9586002066115702,0.9597219399379765,0.0005149473684210526,False
3,562,0.3921174705028534,0.6078824996948242,0.43646562099456787,0.9588791322314049,0.9598779878516799,0.000514,False
3,563,0.39205923676490784,0.6079407334327698,0.43940794467926025,0.9587654958677685,0.9596904258668297,0.0005130526315789474,False
3,564,0.3919980823993683,0.6080019474029541,0.4321907162666321,0.9586337809917356,0.959642142105406,0.0005121052631578947,False
3,565,0.39194419980049133,0.608055830001831,0.4319330155849457,0.957995867768595,0.9588317567430514,0.0005111578947368422,False
3,566,0.39189413189888,0.6081058979034424,0.4348011314868927,0.957990702479339,0.9585288206834476,0.0005102105263157894,False
3,567,0.3918415307998657,0.6081584692001343,0.43252095580101013,0.9577840909090909,0.9581359756529161,0.0005092631578947368,False
3,568,0.39178889989852905,0.608211100101471,0.43549126386642456,0.9579028925619835,0.9579814563079841,0.0005083157894736842,False
3,569,0.39173728227615356,0.6082627177238464,0.4363240897655487,0.9580526859504133,0.9580487913411319,0.0005073684210526316,False
3,570,0.39168474078178406,0.6083152890205383,0.4426485002040863,0.958254132231405,0.9581072463918023,0.000506421052631579,False
3,571,0.39162930846214294,0.6083706617355347,0.43446028232574463,0.9581301652892562,0.9577219694186748,0.0005054736842105263,False
3,572,0.39157533645629883,0.6084246635437012,0.4323385953903198,0.9579855371900826,0.9574478918699846,0.0005045263157894737,False
3,573,0.39151933789253235,0.6084806323051453,0.4360511600971222,0.9576446280991736,0.9575492610933095,0.0005035789473684211,False
3,574,0.39146411418914795,0.608535885810852,0.4403415322303772,0.9570402892561982,0.9573107824422757,0.0005026315789473684,False
3,575,0.39140886068344116,0.6085911393165588,0.43664827942848206,0.9569628099173554,0.957475494688778,0.0005016842105263159,False
3,576,0.39135366678237915,0.6086462736129761,0.43654611706733704,0.9571280991735538,0.9577123667943812,0.0005007368421052631,False
3,577,0.3913021385669708,0.6086978912353516,0.43689292669296265,0.957448347107438,0.9579641532740732,0.0004997894736842106,False
3,578,0.39124923944473267,0.6087507605552673,0.43190038204193115,0.9578770661157024,0.9582242978683756,0.0004988421052631579,False
3,579,0.3911939263343811,0.6088060140609741,0.43374550342559814,0.9582438016528926,0.9584611044636037,0.0004978947368421053,False
3,580,0.3911379873752594,0.6088619828224182,0.4352724552154541,0.95849173553719,0.9587417748418541,0.0004969473684210526,False
3,581,0.39108309149742126,0.6089168787002563,0.4381178021430969,0.9585072314049586,0.9593940972067188,0.0004959999999999999,False
3,582,0.39102819561958313,0.6089718341827393,0.43702593445777893,0.9582799586776859,0.9596488161114233,0.0004950526315789474,False
3,583,0.3909759819507599,0.6090240478515625,0.4353947043418884,0.9580268595041322,0.959635117918474,0.0004941052631578947,False
3,584,0.3909249007701874,0.6090750694274902,0.4415942430496216,0.9577582644628099,0.9596025377721078,0.0004931578947368422,False
3,585,0.3908769488334656,0.6091230511665344,0.43086493015289307,0.9573502066115702,0.9591555996618131,0.0004922105263157894,False
3,586,0.39082926511764526,0.6091707348823547,0.43441691994667053,0.9572314049586776,0.9590516821807789,0.0004912631578947369,False
3,587,0.39078250527381897,0.6092174649238586,0.4308599829673767,0.9573037190082646,0.9587467561793281,0.0004903157894736842,False
3,588,0.3907357454299927,0.6092642545700073,0.43358418345451355,0.9573863636363638,0.9585741270258061,0.0004893684210526316,False
3,589,0.3906886875629425,0.6093112826347351,0.43182051181793213,0.9575929752066116,0.9586004907009558,0.000488421052631579,False
3,590,0.3906460106372833,0.6093539595603943,0.43418440222740173,0.9580681818181819,0.959293112216305,0.0004874736842105263,False
3,591,0.39060473442077637,0.6093952059745789,0.43180108070373535,0.9584504132231405,0.9597581586658814,0.0004865263157894737,False
3,592,0.3905644118785858,0.6094356179237366,0.4336504638195038,0.9585795454545454,0.9603061371669136,0.00048557894736842103,False
3,593,0.3905206024646759,0.6094794273376465,0.4337376654148102,0.9588171487603305,0.9607400072020016,0.0004846315789473684,False
3,594,0.39047542214393616,0.6095246076583862,0.433097779750824,0.9587964876033058,0.9608616116721974,0.00048368421052631574,False
3,595,0.39042791724205017,0.6095721125602722,0.4395535886287689,0.9585072314049586,0.9605637480921143,0.00048273684210526307,False
3,596,0.39037927985191345,0.6096207499504089,0.4318634271621704,0.9582541322314049,0.9602454200622867,0.0004817894736842105,False
3,597,0.3903336822986603,0.6096662878990173,0.4346829652786255,0.9580630165289257,0.9602909237003765,0.0004808421052631578,False
3,598,0.390282541513443,0.6097174286842346,0.4336544871330261,0.9577789256198347,0.9599092197964367,0.00047989473684210526,False
3,599,0.39022669196128845,0.6097733378410339,0.43346965312957764,0.9574328512396694,0.9595133643997745,0.0004789473684210526,False
3,600,0.39017120003700256,0.609828770160675,0.4301992654800415,0.957262396694215,0.9593981996385857,0.000478,False
3,601,0.39011529088020325,0.6098846793174744,0.4343734383583069,0.9571642561983471,0.9592337588576646,0.00047705263157894734,False
3,602,0.39006322622299194,0.6099367737770081,0.4340696930885315,0.9570196280991736,0.9591006644198661,0.00047610526315789467,False
3,603,0.3900112807750702,0.6099887490272522,0.4336695969104767,0.9571435950413223,0.9591066274721656,0.0004751578947368421,False
3,604,0.3899620473384857,0.6100379824638367,0.43206900358200073,0.9575103305785124,0.9593762619798818,0.00047421052631578943,False
3,605,0.38991451263427734,0.6100854873657227,0.4325706958770752,0.9576136363636365,0.9591365768686172,0.00047326315789473686,False
3,606,0.38986581563949585,0.6101341843605042,0.4354456067085266,0.9577685950413223,0.9589877614740266,0.0004723157894736842,False
3,607,0.38982200622558594,0.6101779937744141,0.43501096963882446,0.9580320247933884,0.9589856090822321,0.0004713684210526316,False
3,608,0.3897795081138611,0.6102204918861389,0.4295327961444855,0.9580423553719007,0.9585590599658628,0.00047042105263157895,False
3,609,0.3897368311882019,0.6102631688117981,0.4324234426021576,0.9582696280991736,0.9585874166984263,0.0004694736842105263,False
3,610,0.3896951377391815,0.6103048920631409,0.4301724135875702,0.958538223140496,0.9584472986009185,0.00046852631578947365,False
3,611,0.3896554410457611,0.6103445887565613,0.4317159652709961,0.9586311983471074,0.9584572279893233,0.000467578947368421,False
3,612,0.3896138668060303,0.6103861331939697,0.4282977283000946,0.9588378099173553,0.9586390323586926,0.0004666315789473684,False
3,613,0.3895726203918457,0.6104273796081543,0.435711532831192,0.9589256198347108,0.9588240147663107,0.00046568421052631574,False
3,614,0.3895336091518402,0.6104664206504822,0.4317787289619446,0.9587190082644628,0.9587365557933142,0.00046473684210526317,False
3,615,0.3894919753074646,0.6105080246925354,0.42689627408981323,0.9583522727272727,0.9582032879218297,0.0004637894736842105,False
3,616,0.38945144414901733,0.6105485558509827,0.4292709529399872,0.9580681818181818,0.9580299733184092,0.00046284210526315793,False
3,617,0.38941124081611633,0.610588788986206,0.4307038486003876,0.9578099173553719,0.9579966361774818,0.00046189473684210525,False
3,618,0.38936421275138855,0.6106358170509338,0.4240296483039856,0.957603305785124,0.9577316948611457,0.0004609473684210526,False
3,619,0.3893173038959503,0.6106826663017273,0.430447518825531,0.9575826446280993,0.9578585550555239,0.00046,False
3,620,0.3892732560634613,0.6107267737388611,0.43648165464401245,0.9577376033057852,0.9580524357416049,0.00045905263157894734,False
3,621,0.389227956533432,0.6107720136642456,0.42894822359085083,0.9579442148760331,0.9588171884943518,0.0004581052631578948,False
3,622,0.38918471336364746,0.6108152270317078,0.4275071918964386,0.958150826446281,0.9591334018156842,0.0004571578947368421,False
3,623,0.3891449570655823,0.6108550429344177,0.42982032895088196,0.958176652892562,0.9592495241092557,0.0004562105263157895,False
3,624,0.38910767436027527,0.6108923554420471,0.4337255656719208,0.9581249999999998,0.9592987202682539,0.0004552631578947368,False
3,625,0.3890666365623474,0.6109333634376526,0.43231871724128723,0.9581198347107438,0.9593630321899502,0.00045431578947368413,False
3,626,0.3890250027179718,0.6109750270843506,0.4296118915081024,0.9581301652892562,0.9594494461246429,0.00045336842105263156,False
3,627,0.3889833390712738,0.6110166907310486,0.4360722303390503,0.9579597107438016,0.9593070556741324,0.0004524210526315789,False
3,628,0.38894006609916687,0.6110599040985107,0.42597028613090515,0.9581663223140494,0.9593709006434554,0.0004514736842105263,False
3,629,0.3888935148715973,0.6111065149307251,0.4308237135410309,0.9583522727272726,0.9593118929995296,0.00045052631578947365,False
3,630,0.3888458013534546,0.6111541390419006,0.42984405159950256,0.9583677685950414,0.9591295054096113,0.0004495789473684211,False
3,631,0.3888032138347626,0.611196756362915,0.42799288034439087,0.9582128099173554,0.958864436944761,0.0004486315789473684,False
3,632,0.3887603282928467,0.6112396717071533,0.42677003145217896,0.9579803719008264,0.9588220027416224,0.00044768421052631573,False
3,633,0.3887156546115875,0.6112843155860901,0.43521618843078613,0.9577685950413224,0.9585519839465239,0.00044673684210526317,False
3,634,0.388673335313797,0.6113266944885254,0.4334290027618408,0.9577066115702478,0.9584230122808142,0.0004457894736842105,False
3,635,0.3886282444000244,0.6113718152046204,0.42888349294662476,0.9578047520661156,0.9583464711899765,0.0004448421052631579,False
3,636,0.3885835111141205,0.6114165186882019,0.431770384311676,0.9580836776859505,0.9584343650782047,0.00044389473684210525,False
3,637,0.3885420560836792,0.611457884311676,0.4340793192386627,0.9581818181818181,0.9582862058983356,0.0004429473684210527,False
3,638,0.3884965181350708,0.6115034818649292,0.4281724989414215,0.9584917355371901,0.9586734178134602,0.000442,False
3,639,0.3884522318840027,0.6115477681159973,0.4271702170372009,0.9583987603305786,0.9587963874868862,0.00044105263157894734,False
3,640,0.38841331005096436,0.6115867495536804,0.426896333694458,0.9583522727272726,0.9587705578842951,0.0004401052631578947,False
3,641,0.38836976885795593,0.6116302609443665,0.4263512194156647,0.9584090909090909,0.9589200507187805,0.00043915789473684204,False
3,642,0.3883252739906311,0.6116747260093689,0.43015798926353455,0.9583264462809917,0.9589464418300684,0.0004382105263157895,False
3,643,0.38828280568122864,0.6117172241210938,0.4255571961402893,0.9584865702479338,0.9592984342993836,0.0004372631578947368,False
3,644,0.3882378041744232,0.6117621660232544,0.4296937882900238,0.9585588842975208,0.9593377849068938,0.00043631578947368423,False
3,645,0.38819706439971924,0.611802875995636,0.42789894342422485,0.958724173553719,0.9595250711028176,0.00043536842105263156,False
3,646,0.38815805315971375,0.6118419766426086,0.4293377697467804,0.9591477272727272,0.9601012308083313,0.0004344210526315789,False
3,647,0.38812169432640076,0.6118782758712769,0.4288446307182312,0.9595247933884298,0.9605495823985362,0.0004334736842105263,False
3,648,0.3880803883075714,0.611919641494751,0.42415228486061096,0.9596590909090909,0.9605855626422455,0.00043252631578947364,False
3,649,0.38803666830062866,0.6119633913040161,0.42409396171569824,0.9597004132231405,0.9607438782603368,0.0004315789473684211,False
3,650,0.38799750804901123,0.6120024919509888,0.43179166316986084,0.9598192148760332,0.9610116493336701,0.0004306315789473684,False
3,651,0.387956827878952,0.6120431423187256,0.42966750264167786,0.9599121900826446,0.961215959407866,0.00042968421052631584,False
3,652,0.3879149258136749,0.6120850443840027,0.42823758721351624,0.9600929752066115,0.9612348235296451,0.00042873684210526316,False
3,653,0.3878706395626068,0.6121293306350708,0.4335136413574219,0.9603202479338843,0.9613744375112256,0.0004277894736842105,False
3,654,0.3878275752067566,0.6121724247932434,0.4247550964355469,0.9604855371900826,0.9615892558923913,0.00042684210526315787,False
3,655,0.3877847194671631,0.6122152805328369,0.4276995062828064,0.9608471074380165,0.9619543553626417,0.0004258947368421052,False
3,656,0.3877406120300293,0.6122594475746155,0.4254395365715027,0.9612551652892563,0.962393962965954,0.0004249473684210526,False
3,657,0.3876972496509552,0.6123027801513672,0.4251845180988312,0.961379132231405,0.9625401983846493,0.00042399999999999995,False
3,658,0.38765400648117065,0.6123459935188293,0.42444130778312683,0.9610330578512397,0.9623032294718061,0.0004230526315789474,False
3,659,0.38761189579963684,0.6123881340026855,0.43113458156585693,0.9607747933884297,0.9619928111981902,0.0004221052631578947,False
3,660,0.38757410645484924,0.6124258637428284,0.4264868497848511,0.960573347107438,0.9616102279009723,0.00042115789473684204,False
3,661,0.38753679394721985,0.6124632358551025,0.4278230369091034,0.9603564049586777,0.9612944327381129,0.00042021052631578947,False
3,662,0.3874978721141815,0.6125020980834961,0.42498254776000977,0.9601962809917355,0.9609844002546195,0.0004192631578947368,False
3,663,0.3874589204788208,0.6125410795211792,0.4281761646270752,0.960289256198347,0.9611334820273532,0.00041831578947368423,False
3,664,0.3874164819717407,0.6125835180282593,0.425850510597229,0.9605681818181818,0.9616401126845521,0.00041736842105263156,False
3,665,0.3873745799064636,0.6126254200935364,0.42632484436035156,0.9603564049586777,0.9616956055770586,0.000416421052631579,False
3,666,0.38733425736427307,0.6126657128334045,0.42571407556533813,0.9602634297520661,0.9618720408917383,0.0004154736842105263,False
3,667,0.38729795813560486,0.6127020716667175,0.4205124080181122,0.9602221074380164,0.9620974848044558,0.00041452631578947364,False
3,668,0.38726434111595154,0.6127356290817261,0.4279814660549164,0.9603564049586777,0.9623454874168546,0.0004135789473684211,False
3,669,0.3872300684452057,0.6127699017524719,0.42616191506385803,0.9606611570247934,0.9626951475948873,0.0004126315789473684,False
3,670,0.3871980905532837,0.6128019690513611,0.42671674489974976,0.9607696280991734,0.962746714991283,0.0004116842105263158,True
3,671,0.3871653974056244,0.6128345727920532,0.4297035336494446,0.9607128099173554,0.9625058401097206,0.0004107368421052631,False
3,672,0.3871360421180725,0.6128639578819275,0.42532047629356384,0.9607592975206611,0.9623689323538269,0.00040978947368421054,False
3,673,0.3871082663536072,0.6128917336463928,0.42794787883758545,0.9606611570247934,0.962151285544905,0.00040884210526315786,False
3,674,0.3870832920074463,0.6129167675971985,0.42899036407470703,0.9606301652892563,0.962025834168688,0.0004078947368421052,False
3,675,0.3870562016963959,0.6129438281059265,0.4224325120449066,0.9605578512396694,0.9618160427254965,0.0004069473684210526,False
3,676,0.3870299756526947,0.6129700541496277,0.4285662770271301,0.9605371900826447,0.9617436812440646,0.00040599999999999995,False
3,677,0.38700205087661743,0.6129978895187378,0.4263955056667328,0.9605991735537189,0.9617184618431686,0.0004050526315789474,False
3,678,0.3869675397872925,0.6130324602127075,0.42542245984077454,0.9605681818181818,0.9615395465548223,0.0004041052631578947,False
3,679,0.38693565130233765,0.6130644083023071,0.42095157504081726,0.9604235537190082,0.9611527019309642,0.00040315789473684214,False
3,680,0.3869044780731201,0.6130955219268799,0.42459866404533386,0.9604907024793389,0.9609364603120052,0.00040221052631578947,False
3,681,0.38687190413475037,0.613128125667572,0.42411932349205017,0.9604080578512396,0.9606383525213682,0.0004012631578947368,False
3,682,0.3868386745452881,0.6131613254547119,0.4204869568347931,0.9603564049586777,0.9605024734579837,0.0004003157894736842,False
3,683,0.3868027925491333,0.6131972074508667,0.42717570066452026,0.9600206611570248,0.9600581775746625,0.00039936842105263155,False
3,684,0.38676443696022034,0.6132355332374573,0.4213067889213562,0.9597469008264463,0.9597081300247376,0.000398421052631579,False
3,685,0.38672977685928345,0.6132702231407166,0.4322424530982971,0.9595661157024793,0.9594327352685008,0.0003974736842105263,False
3,686,0.38669416308403015,0.6133058071136475,0.41670936346054077,0.9595712809917355,0.9594373821119989,0.0003965263157894737,False
3,687,0.38666415214538574,0.6133358478546143,0.42150411009788513,0.9595351239669421,0.9595188561585372,0.000395578947368421,False
3,688,0.3866371810436249,0.6133628487586975,0.4272485077381134,0.9595816115702479,0.9596873135582777,0.00039463157894736834,False
3,689,0.38661181926727295,0.6133881211280823,0.42848560214042664,0.9596229338842975,0.959964174967053,0.0003936842105263158,False
3,690,0.3865886628627777,0.6134113073348999,0.4244229793548584,0.9593440082644626,0.9596851934786808,0.0003927368421052631,False
3,691,0.3865646719932556,0.6134353280067444,0.41829413175582886,0.9590547520661157,0.9592943347813541,0.00039178947368421053,False
3,692,0.38653644919395447,0.6134635210037231,0.4250805079936981,0.9589307851239669,0.958999810299453,0.00039084210526315786,False
3,693,0.38650891184806824,0.6134911179542542,0.4208511710166931,0.9589979338842973,0.9590112355150838,0.0003898947368421053,False
3,694,0.38647955656051636,0.6135205030441284,0.4249146580696106,0.9587964876033057,0.9587101401774474,0.0003889473684210526,False
3,695,0.38645312190055847,0.6135468482971191,0.42211198806762695,0.9588274793388428,0.9589790192207038,0.00038799999999999994,False
3,696,0.38642409443855286,0.6135758757591248,0.4244115352630615,0.9588584710743802,0.9592048105096908,0.0003870526315789474,False
3,697,0.3863852620124817,0.6136147379875183,0.426957368850708,0.9589256198347108,0.9598026880208512,0.0003861052631578947,False
3,698,0.38634544610977173,0.6136544942855835,0.42335373163223267,0.9590702479338843,0.9601087148350299,0.00038515789473684214,False
3,699,0.3863030672073364,0.6136969923973083,0.4270859360694885,0.9592510330578511,0.9605780993329813,0.00038421052631578946,False
3,700,0.38626012206077576,0.6137399077415466,0.4288666546344757,0.9590237603305785,0.960456930689872,0.00038326315789473684,False
3,701,0.3862190842628479,0.6137809157371521,0.42075854539871216,0.958853305785124,0.9603768706465439,0.00038231578947368417,False
3,702,0.38617682456970215,0.6138231754302979,0.42374324798583984,0.9585072314049586,0.9600106152209757,0.0003813684210526315,False
3,703,0.3861372768878937,0.6138627529144287,0.4288442134857178,0.9582644628099174,0.9594955104316529,0.00038042105263157893,False
3,704,0.38610225915908813,0.6138977408409119,0.4228653609752655,0.9582592975206612,0.9594539768365832,0.00037947368421052625,False
3,705,0.3860696852207184,0.613930344581604,0.4260551929473877,0.9582954545454545,0.95926183721373,0.0003785263157894737,False
3,706,0.3860367238521576,0.6139633059501648,0.4267358183860779,0.9584142561983471,0.9594774710527713,0.000377578947368421,False
3,707,0.38600319623947144,0.6139968633651733,0.42153915762901306,0.9585433884297521,0.9597195357794254,0.00037663157894736845,False
3,708,0.3859681487083435,0.6140317916870117,0.4219958484172821,0.958646694214876,0.9598118214233281,0.00037568421052631577,False
3,709,0.38593387603759766,0.6140661239624023,0.4217912256717682,0.9586621900826446,0.9596715151849238,0.0003747368421052631,False
3,710,0.38589876890182495,0.614101231098175,0.4243464469909668,0.9587086776859504,0.9595134595098854,0.00037378947368421053,False
3,711,0.3858640193939209,0.6141359806060791,0.4260033369064331,0.9584659090909091,0.9592718554010217,0.00037284210526315786,False
3,712,0.3858296871185303,0.6141703128814697,0.4246220588684082,0.9585020661157024,0.9591378786866723,0.0003718947368421053,False
3,713,0.3857940435409546,0.6142060160636902,0.425911009311676,0.9587603305785125,0.9592753453394485,0.0003709473684210526,False
3,714,0.3857610821723938,0.6142389178276062,0.4242416322231293,0.9592768595041323,0.9597547020468111,0.00037000000000000005,False
3,715,0.3857240676879883,0.6142758727073669,0.4228249490261078,0.9595712809917355,0.9601073889801747,0.0003690526315789474,False
3,716,0.38568899035453796,0.6143109798431396,0.42195072770118713,0.9599638429752066,0.9605810848899792,0.0003681052631578947,False
3,717,0.3856503665447235,0.6143496632575989,0.42218461632728577,0.9602737603305785,0.961065335516418,0.0003671578947368421,False
3,718,0.3856128752231598,0.6143870949745178,0.4223858118057251,0.9603254132231406,0.9610784864465074,0.0003662105263157894,False
3,719,0.38557082414627075,0.6144291162490845,0.42147141695022583,0.960573347107438,0.9613844208074299,0.00036526315789473684,False
3,720,0.38552913069725037,0.614470899105072,0.43214210867881775,0.9608367768595042,0.9615889784904639,0.00036431578947368416,False
3,721,0.3854880928993225,0.6145118474960327,0.42648375034332275,0.9607902892561984,0.9614134277678412,0.0003633684210526316,False
3,722,0.38544708490371704,0.614552915096283,0.4217507839202881,0.9606456611570249,0.9614195393509555,0.0003624210526315789,False
3,723,0.3854106366634369,0.6145893931388855,0.4294925034046173,0.9606250000000001,0.9614120236904807,0.00036147368421052625,False
3,724,0.385378360748291,0.614621639251709,0.42333170771598816,0.9604287190082644,0.9611251972522263,0.0003605263157894737,False
3,725,0.38534751534461975,0.6146524548530579,0.4210937023162842,0.9603564049586777,0.9609755087547821,0.000359578947368421,False
3,726,0.3853190541267395,0.6146810054779053,0.42302095890045166,0.9602944214876032,0.9606824239923923,0.00035863157894736844,False
3,727,0.3852955102920532,0.6147044897079468,0.4251549243927002,0.9601239669421489,0.960399126508597,0.00035768421052631577,False
3,728,0.38527345657348633,0.6147266030311584,0.4175763726234436,0.9597417355371901,0.9600693738680827,0.0003567368421052632,False
3,729,0.38525158166885376,0.614748477935791,0.4208217263221741,0.9594989669421488,0.9602104929628448,0.0003557894736842105,False
3,730,0.38523054122924805,0.614769458770752,0.4260171353816986,0.9594214876033057,0.9604271094076671,0.00035484210526315785,False
3,731,0.38520634174346924,0.6147937178611755,0.4210001826286316,0.9594731404958677,0.9606073173082154,0.00035389473684210523,False
3,732,0.38518261909484863,0.6148173809051514,0.42385873198509216,0.9596177685950413,0.9608819738142558,0.00035294736842105256,False
3,733,0.38516104221343994,0.6148389577865601,0.4224601686000824,0.9596694214876034,0.9608970767696918,0.000352,False
3,734,0.38514289259910583,0.6148570775985718,0.42056798934936523,0.9601342975206612,0.9612837893109207,0.0003510526315789473,False
3,735,0.3851263225078583,0.6148736476898193,0.41762882471084595,0.9603202479338843,0.9614201680956087,0.00035010526315789475,False
3,736,0.3851096034049988,0.6148903965950012,0.4192287027835846,0.9604390495867768,0.9614078468881025,0.0003491578947368421,False
3,737,0.38508880138397217,0.6149111986160278,0.4221355617046356,0.9604700413223142,0.9612602314110026,0.0003482105263157894,False
3,738,0.3850661814212799,0.6149337887763977,0.4160630702972412,0.9605423553719008,0.9612935125529182,0.00034726315789473683,False
3,739,0.3850434720516205,0.6149565577507019,0.42082104086875916,0.9606095041322313,0.9613266947587121,0.00034631578947368416,False
3,740,0.38502201437950134,0.614978015422821,0.42406603693962097,0.9606921487603305,0.9614720288210287,0.0003453684210526316,False
3,741,0.38499715924263,0.6150028705596924,0.4151500165462494,0.9605475206611571,0.9614233449788159,0.0003444210526315789,False
3,742,0.3849716782569885,0.6150283217430115,0.41707393527030945,0.9602272727272728,0.9612710102615123,0.00034347368421052635,False
3,743,0.38495153188705444,0.6150484681129456,0.4261801838874817,0.9599586776859504,0.9610269291566427,0.0003425263157894737,False
3,744,0.3849349617958069,0.6150650978088379,0.4239874482154846,0.9598553719008264,0.9612064126009174,0.000341578947368421,False
3,745,0.38491758704185486,0.6150823831558228,0.4211348295211792,0.9596177685950412,0.9609661559213154,0.00034063157894736844,False
3,746,0.3848957419395447,0.6151041984558105,0.42201799154281616,0.9596642561983469,0.9607801030275153,0.00033968421052631576,False
3,747,0.3848721981048584,0.6151278614997864,0.41616207361221313,0.9597210743801652,0.9607026644238648,0.0003387368421052632,False
3,748,0.38485050201416016,0.6151494979858398,0.4217730760574341,0.9596849173553719,0.960478556379029,0.0003377894736842105,False
3,749,0.3848293423652649,0.6151707172393799,0.4244530200958252,0.9597314049586776,0.9602839617387899,0.00033684210526315796,False
3,750,0.38480812311172485,0.6151918768882751,0.4254221022129059,0.9593388429752066,0.9595811088412143,0.0003358947368421053,False
3,751,0.3847881853580475,0.6152117848396301,0.42402881383895874,0.958904958677686,0.959032354328441,0.0003349473684210526,False
3,752,0.38476642966270447,0.6152336001396179,0.42717087268829346,0.95875,0.959060596178309,0.000334,False
3,753,0.3847457766532898,0.615254282951355,0.418639212846756,0.9587241735537191,0.9592017257914474,0.0003330526315789473,False
3,754,0.38472601771354675,0.6152739524841309,0.41856861114501953,0.9585743801652893,0.9593882807680157,0.00033210526315789475,False
3,755,0.3847070634365082,0.6152929067611694,0.4198210537433624,0.958595041322314,0.9593594821627307,0.00033115789473684207,False
3,756,0.3846885561943054,0.6153113842010498,0.41728559136390686,0.9586725206611569,0.9595690754973437,0.0003302105263157895,False
3,757,0.3846685588359833,0.6153314113616943,0.4182019829750061,0.9589204545454546,0.9596835047587521,0.00032926315789473683,False
3,758,0.3846500813961029,0.6153499484062195,0.4174710214138031,0.9591477272727273,0.9598447989265457,0.00032831578947368416,False
3,759,0.3846335709095001,0.6153664588928223,0.42395681142807007,0.9593285123966943,0.9597546810189258,0.0003273684210526316,False
3,760,0.3846149742603302,0.6153849959373474,0.42549556493759155,0.9593130165289256,0.9594287425464249,0.0003264210526315789,False
3,761,0.38459450006484985,0.6154054999351501,0.42179232835769653,0.9591528925619834,0.9588687090679625,0.00032547368421052635,False
3,762,0.384574294090271,0.615425705909729,0.4229852259159088,0.9588688016528925,0.9585232425933928,0.0003245263157894737,False
3,763,0.38455286622047424,0.6154471039772034,0.4236994981765747,0.9584917355371901,0.9581517006373458,0.0003235789473684211,False
3,764,0.38452956080436707,0.6154704093933105,0.424108624458313,0.9585847107438016,0.958337776426689,0.00032263157894736843,False
3,765,0.384502112865448,0.615497887134552,0.4221532940864563,0.9588171487603306,0.9586609995019566,0.0003216842105263158,False
3,766,0.38447242975234985,0.6155275702476501,0.41805094480514526,0.9592200413223141,0.9592256710862546,0.00032073684210526314,False
3,767,0.3844442069530487,0.6155557632446289,0.4200616478919983,0.9594163223140495,0.959544277113136,0.00031978947368421046,False
3,768,0.38441723585128784,0.6155827641487122,0.42019960284233093,0.9596435950413222,0.9598663284033239,0.0003188421052631579,False
3,769,0.3843918740749359,0.6156081557273865,0.42397284507751465,0.9598295454545455,0.960282873791307,0.0003178947368421052,False
3,770,0.3843690752983093,0.6156309247016907,0.4244312644004822,0.9599070247933885,0.960503613807487,0.00031694736842105266,False
3,771,0.38434359431266785,0.6156564354896545,0.43050339818000793,0.9600051652892563,0.9609382788971292,0.000316,False
3,772,0.3843160569667816,0.615683913230896,0.42101383209228516,0.9600206611570248,0.9611534803384243,0.0003150526315789474,False
3,773,0.38428935408592224,0.6157106161117554,0.4172302186489105,0.9598553719008263,0.9612209509879509,0.00031410526315789474,False
3,774,0.3842657208442688,0.6157342791557312,0.4180752635002136,0.9596332644628098,0.9610587373946811,0.00031315789473684207,False
3,775,0.3842412829399109,0.6157587170600891,0.42149510979652405,0.9595867768595042,0.9610365921257893,0.0003122105263157895,False
3,776,0.3842152953147888,0.6157847046852112,0.4119514226913452,0.9597314049586777,0.9610648580328407,0.00031126315789473683,False
3,777,0.3841886520385742,0.6158113479614258,0.416829377412796,0.9598502066115703,0.9610456257996878,0.00031031578947368426,False
3,778,0.3841610550880432,0.6158389449119568,0.42353522777557373,0.959922520661157,0.9610301993921073,0.0003093684210526316,False
3,779,0.3841291069984436,0.6158709526062012,0.4165525436401367,0.9602479338842975,0.9611808823010132,0.000308421052631579,False
3,780,0.3840979337692261,0.6159020662307739,0.42130810022354126,0.9601136363636363,0.9609227521765679,0.00030747368421052635,False
3,781,0.38407015800476074,0.6159297823905945,0.4187694787979126,0.9599638429752066,0.9604397975083412,0.00030652631578947367,False
3,782,0.38404175639152527,0.6159582138061523,0.417565256357193,0.9598037190082644,0.9599158135532735,0.00030557894736842105,False
3,783,0.38400906324386597,0.615990936756134,0.4081026315689087,0.9596952479338842,0.9594047301512881,0.0003046315789473684,False
3,784,0.38397425413131714,0.6160258054733276,0.4194452166557312,0.9593904958677686,0.9589610500692283,0.0003036842105263158,False
3,785,0.3839419484138489,0.6160579919815063,0.41826769709587097,0.9592407024793388,0.9588036904849562,0.00030273684210526314,False
3,786,0.38391122221946716,0.6160887479782104,0.4179422855377197,0.9590340909090909,0.9586154954177716,0.00030178947368421057,False
3,787,0.38388100266456604,0.6161189675331116,0.4147390127182007,0.9588946280991735,0.9585912684894883,0.0003008421052631579,False
3,788,0.38385245203971863,0.6161475777626038,0.4147597849369049,0.9588997933884298,0.9588248853022017,0.0002998947368421052,False
3,789,0.38382402062416077,0.6161759495735168,0.41822531819343567,0.9590650826446281,0.9592667074458529,0.00029894736842105265,False
3,790,0.38379502296447754,0.6162049770355225,0.41783949732780457,0.9592045454545455,0.9593968244288166,0.000298,False
3,791,0.38376590609550476,0.6162340641021729,0.41333112120628357,0.9594679752066115,0.9597544617663252,0.0002970526315789474,False
3,792,0.3837363123893738,0.6162636876106262,0.41820913553237915,0.959375,0.9596612788930754,0.00029610526315789474,False
3,793,0.38370582461357117,0.6162941455841064,0.41635894775390625,0.9594008264462811,0.9596634923830564,0.00029515789473684217,False
3,794,0.3836769759654999,0.6163229942321777,0.417440265417099,0.9594938016528926,0.959660942271342,0.0002942105263157895,False
3,795,0.3836483657360077,0.6163516044616699,0.41596370935440063,0.9595764462809917,0.9597489246247414,0.0002932631578947368,False
3,796,0.38362041115760803,0.6163795590400696,0.41801655292510986,0.959426652892562,0.9595794840779373,0.0002923157894736842,False
3,797,0.38359129428863525,0.6164087653160095,0.4189669191837311,0.9592407024793389,0.9593582673497724,0.00029136842105263153,False
3,798,0.38356274366378784,0.6164372563362122,0.41509124636650085,0.959168388429752,0.9591522780752824,0.00029042105263157896,False
3,799,0.38353487849235535,0.6164650917053223,0.4182400107383728,0.9591373966942149,0.9589948777904023,0.0002894736842105263,False
3,800,0.38350871205329895,0.6164912581443787,0.4201168417930603,0.9592407024793388,0.9591342372257411,0.0002885263157894737,False
3,801,0.3834804892539978,0.616519570350647,0.41657063364982605,0.9592458677685951,0.9592476842136146,0.00028757894736842105,False
3,802,0.3834511637687683,0.6165488362312317,0.4203900992870331,0.959220041322314,0.9594255465784837,0.00028663157894736837,False
3,803,0.3834220767021179,0.6165779232978821,0.41949254274368286,0.9591735537190083,0.9594951653864052,0.0002856842105263158,False
3,804,0.38339605927467346,0.6166039109230042,0.4155416190624237,0.9591993801652892,0.9595642829313396,0.00028473684210526313,False
3,805,0.3833693563938141,0.6166306138038635,0.4110259711742401,0.959085743801653,0.9594285082047952,0.00028378947368421057,False
3,806,0.3833475112915039,0.6166524887084961,0.41999661922454834,0.9589256198347108,0.9591730558600754,0.0002828421052631579,False
3,807,0.3833276033401489,0.6166723966598511,0.416973739862442,0.9586570247933883,0.958950209842311,0.0002818947368421053,False
3,808,0.38330626487731934,0.6166936755180359,0.41427507996559143,0.9585692148760331,0.9588555607757989,0.00028094736842105265,False
3,809,0.3832840621471405,0.6167159080505371,0.418101042509079,0.9586157024793388,0.9588442876238716,0.00028,False
3,810,0.38326066732406616,0.6167393326759338,0.4186561405658722,0.9587654958677686,0.9589202225320657,0.0002790526315789474,False
3,811,0.38323837518692017,0.6167616248130798,0.41576477885246277,0.9589101239669421,0.9588843737834956,0.00027810526315789473,False
3,812,0.38321444392204285,0.6167855858802795,0.41545361280441284,0.9589566115702479,0.958890498599619,0.0002771578947368421,False
3,813,0.3831902742385864,0.6168097257614136,0.4145616888999939,0.9591115702479339,0.9589845852257788,0.00027621052631578944,False
3,814,0.383170485496521,0.616829514503479,0.41693127155303955,0.9592355371900826,0.95914587373817,0.0002752631578947369,False
3,815,0.3831464350223541,0.6168535947799683,0.416872501373291,0.9593181818181817,0.9592129041046508,0.0002743157894736842,False
3,816,0.38312360644340515,0.6168764233589172,0.4182029068470001,0.9593026859504132,0.9592749748414325,0.0002733684210526315,False
3,817,0.38310182094573975,0.6168981790542603,0.4231916666030884,0.959142561983471,0.9592057105821666,0.00027242105263157896,False
3,818,0.38308119773864746,0.6169188022613525,0.4252315163612366,0.9590960743801653,0.959202050525821,0.0002714736842105263,False
3,819,0.3830600082874298,0.6169399619102478,0.4205106794834137,0.9591322314049586,0.9594065059449449,0.0002705263157894737,False
3,820,0.38303619623184204,0.6169638633728027,0.41934511065483093,0.9590702479338844,0.9596095461990686,0.00026957894736842104,False
3,821,0.38301268219947815,0.6169873476028442,0.41552430391311646,0.9590754132231405,0.959670281123527,0.0002686315789473685,False
3,822,0.3829866945743561,0.6170132756233215,0.4168452322483063,0.9592148760330578,0.9600511367926011,0.0002676842105263158,False
3,823,0.38296234607696533,0.6170376539230347,0.4134313464164734,0.9592665289256198,0.9602182870040075,0.00026673684210526313,False
3,824,0.3829393982887268,0.6170606017112732,0.41776347160339355,0.959375,0.9603293846732229,0.00026578947368421056,False
3,825,0.38291484117507935,0.6170852184295654,0.419090211391449,0.9595557851239669,0.9606111282803328,0.0002648421052631579,False
3,826,0.382891982793808,0.6171079874038696,0.4074968099594116,0.9595919421487604,0.9607864099419381,0.00026389473684210527,False
3,827,0.3828698992729187,0.6171301603317261,0.41705870628356934,0.9596849173553718,0.9610569360211382,0.0002629473684210526,False
3,828,0.38284629583358765,0.6171537637710571,0.41853761672973633,0.9597107438016529,0.9612291057797218,0.000262,False
3,829,0.38282105326652527,0.6171789765357971,0.4113452434539795,0.9598863636363636,0.9614972388674152,0.00026105263157894735,False
3,830,0.3827967047691345,0.6172032952308655,0.4142535626888275,0.960123966942149,0.9617947457963044,0.0002601052631578947,False
3,831,0.3827741742134094,0.6172258257865906,0.4114603102207184,0.9602892561983472,0.9619509642199621,0.0002591578947368421,False
3,832,0.3827522099018097,0.6172478199005127,0.41671958565711975,0.9602840909090908,0.9618591714556306,0.00025821052631578944,False
3,833,0.3827306926250458,0.6172692775726318,0.4141848385334015,0.9602737603305784,0.9617483545643573,0.00025726315789473687,False
3,834,0.3827112317085266,0.6172887086868286,0.417553573846817,0.9601239669421489,0.9614910115482981,0.0002563157894736842,False
3,835,0.3826916813850403,0.6173083186149597,0.41570329666137695,0.9599793388429751,0.9612632407637494,0.00025536842105263163,False
3,836,0.3826718032360077,0.6173281669616699,0.4148728847503662,0.9599380165289256,0.961267061466877,0.00025442105263157895,False
3,837,0.38265207409858704,0.6173479557037354,0.4162799119949341,0.9598708677685951,0.961215961064696,0.0002534736842105263,False
3,838,0.3826316297054291,0.6173683404922485,0.4104439914226532,0.9598347107438017,0.9611591177599622,0.0002525263157894737,False
3,839,0.3826129734516144,0.617387056350708,0.4177913963794708,0.9597675619834711,0.9610430794235246,0.00025157894736842104,False
3,840,0.38259610533714294,0.6174039244651794,0.41551968455314636,0.9597262396694215,0.9609660479385195,0.0002506315789473685,False
3,841,0.3825804889202118,0.6174195408821106,0.4222102165222168,0.9597081611570248,0.9608827168263097,0.0002496842105263158,False
3,842,0.38256341218948364,0.6174365878105164,0.41070401668548584,0.9598088842975206,0.9610234982842392,0.0002487368421052632,False
3,843,0.3825477659702301,0.6174522042274475,0.4171275496482849,0.9597778925619835,0.9608940656174396,0.0002477894736842105,False
3,844,0.3825342357158661,0.6174657344818115,0.41474369168281555,0.9597985537190082,0.9609191597305708,0.00024684210526315783,False
3,845,0.38252052664756775,0.6174794435501099,0.41711241006851196,0.9597520661157024,0.960877327542921,0.00024589473684210526,False
3,846,0.382504940032959,0.6174950003623962,0.41342923045158386,0.9598450413223141,0.960939943246917,0.0002449473684210526,False
3,847,0.38248857855796814,0.6175114512443542,0.40825480222702026,0.9598398760330578,0.9608711120726593,0.00024400000000000002,False
3,848,0.3824698030948639,0.6175301671028137,0.420192688703537,0.9598502066115702,0.9608201036227824,0.00024305263157894735,False
3,849,0.38245275616645813,0.6175472140312195,0.41972166299819946,0.9598811983471074,0.9608504799858701,0.00024210526315789478,False
3,850,0.3824370801448822,0.6175629496574402,0.41987916827201843,0.9597830578512397,0.9608177262457412,0.0002411578947368421,False
3,851,0.3824231028556824,0.6175769567489624,0.41266128420829773,0.9596849173553719,0.9606705168558112,0.00024021052631578943,False
3,852,0.3824077844619751,0.6175922155380249,0.41187483072280884,0.9597159090909092,0.9607677922501145,0.00023926315789473687,False
3,853,0.38239020109176636,0.6176097989082336,0.4168526828289032,0.9594473140495867,0.9604568885031981,0.0002383157894736842,False
3,854,0.382373183965683,0.6176268458366394,0.41460078954696655,0.9592613636363636,0.9602417585101221,0.00023736842105263163,False
3,855,0.3823564946651459,0.6176434755325317,0.4128134548664093,0.9590805785123968,0.9601269079588142,0.00023642105263157895,False
3,856,0.3823385238647461,0.6176614761352539,0.41389524936676025,0.9590909090909091,0.9600870293422005,0.00023547368421052638,False
3,857,0.3823188543319702,0.6176811456680298,0.41433292627334595,0.9591528925619834,0.9600405140179316,0.0002345263157894737,False
3,858,0.3822988271713257,0.6177011728286743,0.4127730131149292,0.959085743801653,0.9598315151324891,0.00023357894736842104,False
3,859,0.38227877020835876,0.6177211999893188,0.41326504945755005,0.9592097107438018,0.9598326320211582,0.00023263157894736841,False
3,860,0.3822585642337799,0.6177414059638977,0.41661015152931213,0.9592097107438017,0.959865783373531,0.00023168421052631574,False
3,861,0.38223910331726074,0.6177608370780945,0.41222652792930603,0.9593078512396694,0.9599154557545776,0.00023073684210526317,False
3,862,0.3822210729122162,0.6177788972854614,0.41016286611557007,0.9591683884297522,0.9597354821063933,0.0002297894736842105,False
3,863,0.3822040557861328,0.6177959442138672,0.41219499707221985,0.9590547520661158,0.9596652882715563,0.00022884210526315793,False
3,864,0.38218605518341064,0.6178140044212341,0.4093707203865051,0.9590495867768595,0.9597382812798075,0.00022789473684210526,False
3,865,0.3821643888950348,0.6178355813026428,0.4078102707862854,0.9591115702479338,0.9598430950651206,0.00022694736842105258,False
3,866,0.3821432292461395,0.6178567409515381,0.412472128868103,0.9591993801652892,0.9600217386042744,0.00022600000000000002,False
3,867,0.3821186125278473,0.6178814172744751,0.4070052206516266,0.9595092975206612,0.9604293236307001,0.00022505263157894734,False
3,868,0.3820943832397461,0.6179056763648987,0.41702786087989807,0.9596849173553719,0.9605806745767819,0.00022410526315789478,False
3,869,0.3820681869983673,0.6179318428039551,0.4147305190563202,0.9598295454545455,0.9607762409384901,0.0002231578947368421,False
3,870,0.3820442855358124,0.61795574426651,0.41215914487838745,0.959870867768595,0.9609244285519987,0.00022221052631578954,False
3,871,0.38201919198036194,0.6179807782173157,0.41388165950775146,0.9600103305785124,0.9610553900655616,0.00022126315789473683,False
3,872,0.38199669122695923,0.6180033683776855,0.41533058881759644,0.9601394628099174,0.9612130735067024,0.00022031578947368416,False
3,873,0.38197535276412964,0.6180246472358704,0.4070470929145813,0.960263429752066,0.9612256181078002,0.0002193684210526316,False
3,874,0.38195645809173584,0.6180434823036194,0.4126652777194977,0.9602737603305784,0.9611604216127992,0.00021842105263157892,False
3,875,0.38193878531455994,0.6180612444877625,0.4105333387851715,0.9602995867768593,0.961217829363795,0.00021747368421052633,False
3,876,0.38192319869995117,0.6180768013000488,0.41478002071380615,0.9603564049586777,0.9612841452121147,0.00021652631578947365,False
3,877,0.38190507888793945,0.6180949807167053,0.41512012481689453,0.9603357438016528,0.9614250938729187,0.00021557894736842109,False
3,878,0.3818856477737427,0.6181143522262573,0.41285771131515503,0.9604545454545454,0.9616552418916324,0.0002146315789473684,False
3,879,0.3818686306476593,0.6181313991546631,0.4171306788921356,0.9603977272727272,0.9616600990427264,0.00021368421052631574,False
3,880,0.381852924823761,0.618147075176239,0.40873414278030396,0.9604674586776858,0.9618309594368808,0.00021273684210526317,False
3,881,0.3818349540233612,0.6181650161743164,0.4107653796672821,0.9604028925619833,0.9615811726289888,0.0002117894736842105,False
3,882,0.38181573152542114,0.6181842088699341,0.4133380949497223,0.9603409090909091,0.9614380557786361,0.00021084210526315793,False
3,883,0.3817966878414154,0.618203341960907,0.4162699580192566,0.9603047520661157,0.9613091229641311,0.00020989473684210526,False
3,884,0.38177940249443054,0.6182205677032471,0.4082488417625427,0.9602272727272726,0.9610514160399313,0.0002089473684210527,False
3,885,0.3817605972290039,0.6182394623756409,0.4132600426673889,0.9601342975206612,0.9608847450025148,0.00020800000000000001,False
3,886,0.38174182176589966,0.6182582378387451,0.4079923629760742,0.9601497933884298,0.9607866379825837,0.00020705263157894734,False
3,887,0.3817223906517029,0.6182776689529419,0.41252830624580383,0.960103305785124,0.9605947866723987,0.00020610526315789475,False
3,888,0.3817029893398285,0.6182969808578491,0.40863513946533203,0.9600206611570247,0.9603959324609356,0.00020515789473684207,False
3,889,0.38168367743492126,0.6183163523674011,0.4166719615459442,0.9597055785123967,0.9599614087416523,0.0002042105263157895,False
3,890,0.38166543841362,0.6183345913887024,0.40831589698791504,0.9595351239669422,0.9596600871142621,0.00020326315789473683,False
3,891,0.3816450238227844,0.6183550357818604,0.41198068857192993,0.9594938016528926,0.9595656827860951,0.00020231578947368424,False
3,892,0.38162761926651,0.6183723211288452,0.41914746165275574,0.9594214876033058,0.9595342587573892,0.00020136842105263156,False
3,893,0.38161301612854004,0.61838698387146,0.41311895847320557,0.9594731404958676,0.959497995853167,0.0002004210526315789,False
3,894,0.38159990310668945,0.6184000968933105,0.41341307759284973,0.9596694214876034,0.9596075870974403,0.00019947368421052632,False
3,895,0.38158437609672546,0.6184156537055969,0.4086778163909912,0.9598863636363635,0.9596189472850783,0.00019852631578947365,False
3,896,0.3815697431564331,0.6184302568435669,0.4142700433731079,0.9599431818181818,0.9596004379277479,0.00019757894736842108,False
3,897,0.38155457377433777,0.6184453964233398,0.4093270003795624,0.9600154958677686,0.9594493268779289,0.0001966315789473684,False
3,898,0.3815402686595917,0.6184597015380859,0.41105619072914124,0.9600361570247934,0.959429909040123,0.00019568421052631584,False
3,899,0.3815254867076874,0.6184744834899902,0.41243329644203186,0.9600878099173554,0.9594285183523217,0.00019473684210526317,False
3,900,0.38151007890701294,0.6184898614883423,0.40954893827438354,0.9599690082644629,0.9593196263838535,0.0001937894736842105,False
3,901,0.3814952075481415,0.6185047626495361,0.41085153818130493,0.9599896694214876,0.95942725951389,0.00019284210526315793,False
3,902,0.38148170709609985,0.6185183525085449,0.4092838168144226,0.960103305785124,0.9598192381567296,0.00019189473684210525,False
3,903,0.3814682066440582,0.6185318231582642,0.4116593599319458,0.9600464876033057,0.9597746316083987,0.00019094736842105266,False
3,904,0.3814527690410614,0.618547260761261,0.4131731390953064,0.960051652892562,0.959794955147593,0.00018999999999999998,False
3,905,0.3814381957054138,0.6185617446899414,0.4136902689933777,0.9600206611570248,0.9599278340549079,0.0001890526315789474,False
3,906,0.3814214766025543,0.6185785531997681,0.41944026947021484,0.9599896694214876,0.9600588463939768,0.00018810526315789472,False
3,907,0.3814048171043396,0.6185951828956604,0.4063173532485962,0.9598605371900828,0.9601137934729115,0.00018715789473684204,False
3,908,0.3813875913619995,0.6186124086380005,0.40818941593170166,0.9595454545454545,0.9599250236117534,0.00018621052631578947,False
3,909,0.38136976957321167,0.6186302900314331,0.4125423729419708,0.9595454545454546,0.9600003513649226,0.0001852631578947368,False
3,910,0.3813530206680298,0.6186469793319702,0.41255393624305725,0.9594214876033058,0.9598817590546719,0.00018431578947368423,False
3,911,0.3813374638557434,0.6186625361442566,0.4105899930000305,0.959375,0.9597840713231458,0.00018336842105263156,False
3,912,0.381320595741272,0.618679404258728,0.4092243015766144,0.959034090909091,0.9593745196861078,0.000182421052631579,False
3,913,0.38130488991737366,0.6186951398849487,0.4118660092353821,0.9590289256198348,0.9592407704074061,0.00018147368421052632,False
3,914,0.38128891587257385,0.6187111139297485,0.41279336810112,0.9591322314049586,0.9592967787605011,0.00018052631578947364,False
3,915,0.381273478269577,0.6187265515327454,0.4110192656517029,0.9593078512396693,0.9594938516398005,0.00017957894736842108,False
3,916,0.38125789165496826,0.618742048740387,0.41390058398246765,0.9595867768595041,0.9598026022929467,0.0001786315789473684,False
3,917,0.3812413513660431,0.6187586188316345,0.4092967212200165,0.9597623966942149,0.959988567025246,0.0001776842105263158,False
3,918,0.3812248408794403,0.6187751889228821,0.41059181094169617,0.9599328512396693,0.9601830202561111,0.00017673684210526314,False
3,919,0.38120877742767334,0.6187911629676819,0.4158672094345093,0.9601394628099174,0.9603098270832472,0.00017578947368421057,False
3,920,0.381195068359375,0.6188049912452698,0.41041573882102966,0.9602324380165288,0.9602996133325256,0.0001748421052631579,False
3,921,0.38118213415145874,0.6188178658485413,0.4102018475532532,0.9602169421487603,0.9603909095033543,0.0001738947368421053,False
3,922,0.38117125630378723,0.6188287138938904,0.4090515673160553,0.9602944214876032,0.9605293879062293,0.00017294736842105263,False
3,923,0.38115984201431274,0.618840217590332,0.4118134677410126,0.9603460743801653,0.9607037795113037,0.00017199999999999995,False
3,924,0.381147563457489,0.618852436542511,0.41103512048721313,0.9603873966942149,0.9609634186299331,0.00017105263157894739,False
3,925,0.3811354339122772,0.6188645958900452,0.4140787720680237,0.9603615702479339,0.9610707769833418,0.0001701052631578947,False
3,926,0.3811223804950714,0.618877649307251,0.4086797535419464,0.9603719008264463,0.9611557217053479,0.00016915789473684215,False
3,927,0.3811092972755432,0.6188907027244568,0.41329655051231384,0.9603719008264462,0.9611958353808192,0.00016821052631578947,False
3,928,0.3810981810092926,0.6189018487930298,0.4138471484184265,0.96036673553719,0.9610854568662953,0.0001672631578947369,False
3,929,0.38108697533607483,0.6189130544662476,0.41314804553985596,0.9602427685950413,0.9607892069828877,0.00016631578947368423,False
3,930,0.38107627630233765,0.6189236640930176,0.41265034675598145,0.9602272727272727,0.9607631847285868,0.00016536842105263156,False
3,931,0.3810643255710602,0.6189357042312622,0.41187161207199097,0.9602789256198346,0.9607647465520864,0.000164421052631579,False
3,932,0.3810528814792633,0.6189471483230591,0.41041117906570435,0.9601652892561983,0.9606124904390226,0.00016347368421052631,False
3,933,0.38104212284088135,0.6189579367637634,0.41720205545425415,0.9601807851239669,0.9606647600091766,0.00016252631578947372,False
3,934,0.3810296058654785,0.6189703941345215,0.4109710454940796,0.960129132231405,0.9605984189519237,0.00016157894736842105,False
3,935,0.38101786375045776,0.6189821362495422,0.41298702359199524,0.9599845041322315,0.9605169095806921,0.00016063157894736848,False
3,936,0.3810036778450012,0.6189963221549988,0.4116610884666443,0.9600154958677686,0.9605101827420612,0.0001596842105263158,False
3,937,0.38098767399787903,0.6190123558044434,0.4088484048843384,0.9599328512396694,0.9603984111013848,0.00015873684210526313,False
3,938,0.3809729814529419,0.6190270185470581,0.41113990545272827,0.9598966942148761,0.9603199537953637,0.00015778947368421054,False
3,939,0.3809596300125122,0.619040310382843,0.4086853861808777,0.959948347107438,0.9602443686334703,0.00015684210526315786,False
3,940,0.38094672560691833,0.619053304195404,0.4094200134277344,0.9599741735537191,0.9602783239458259,0.0001558947368421053,False
3,941,0.3809337615966797,0.6190662980079651,0.40859347581863403,0.9600000000000001,0.9601895605301748,0.00015494736842105262,False
3,942,0.38092154264450073,0.6190784573554993,0.40556514263153076,0.9600413223140496,0.9602083926582395,0.00015400000000000006,False
3,943,0.38090837001800537,0.6190916895866394,0.40846651792526245,0.9600103305785125,0.9601530520106674,0.00015305263157894738,False
3,944,0.3808957040309906,0.619104266166687,0.40852275490760803,0.96,0.9601367534316774,0.0001521052631578947,False
3,945,0.3808837831020355,0.6191161870956421,0.4082309901714325,0.9598605371900826,0.9599953584641133,0.00015115789473684214,False
3,946,0.3808708190917969,0.6191291809082031,0.4112730026245117,0.9598811983471074,0.96002427539383,0.00015021052631578947,False
3,947,0.3808583915233612,0.6191415786743164,0.4073335826396942,0.9598140495867767,0.959948533047211,0.00014926315789473687,False
3,948,0.3808489739894867,0.6191510558128357,0.40691301226615906,0.9598295454545454,0.9599476529907978,0.0001483157894736842,False
3,949,0.3808421194553375,0.6191578507423401,0.42053738236427307,0.9596745867768596,0.9597666686349152,0.00014736842105263163,False
3,950,0.3808359205722809,0.6191640496253967,0.4116341471672058,0.9596177685950412,0.9596636904313298,0.00014642105263157896,False
3,951,0.38083142042160034,0.6191685199737549,0.40886688232421875,0.9596126033057851,0.9596226354389569,0.00014547368421052628,False
3,952,0.3808271288871765,0.6191729307174683,0.41028904914855957,0.9595661157024793,0.9595180072112621,0.0001445263157894737,False
3,953,0.38082176446914673,0.6191782355308533,0.4060864746570587,0.9596280991735537,0.9595902018008603,0.00014357894736842102,False
3,954,0.38081690669059753,0.6191830635070801,0.4098142981529236,0.9595299586776859,0.9595691892803808,0.00014263157894736845,False
3,955,0.38081076741218567,0.6191892027854919,0.4130263924598694,0.9596487603305786,0.9596974449522995,0.00014168421052631578,False
3,956,0.38080471754074097,0.6191953420639038,0.41537532210350037,0.9597314049586778,0.9598389014774276,0.0001407368421052632,False
3,957,0.3807981014251709,0.6192018985748291,0.40656161308288574,0.959767561983471,0.9598991190552048,0.00013978947368421053,False
3,958,0.38079187273979187,0.6192080974578857,0.4125617742538452,0.9597520661157024,0.9599964301439017,0.00013884210526315786,False
3,959,0.38078731298446655,0.6192126870155334,0.4082808494567871,0.9598760330578513,0.960238787188525,0.0001378947368421053,False
3,960,0.3807847797870636,0.6192152500152588,0.4157206118106842,0.9600154958677686,0.9604166403035633,0.00013694736842105262,False
3,961,0.3807801306247711,0.6192198991775513,0.41312524676322937,0.9599896694214877,0.9604153409252543,0.00013600000000000003,False
3,962,0.38077518343925476,0.6192248463630676,0.409790575504303,0.959922520661157,0.9603962153826218,0.00013505263157894735,False
3,963,0.38076937198638916,0.6192306280136108,0.4114053249359131,0.959845041322314,0.960261073456035,0.00013410526315789479,False
3,964,0.3807629346847534,0.6192370653152466,0.40578213334083557,0.9598192148760331,0.9601139387996014,0.0001331578947368421,False
3,965,0.38075536489486694,0.6192446947097778,0.4073883891105652,0.9598243801652894,0.9601060140076225,0.00013221052631578944,False
3,966,0.3807468116283417,0.6192531585693359,0.4080618619918823,0.9599380165289255,0.9601880405459249,0.00013126315789473687,False
3,967,0.38073888421058655,0.6192611455917358,0.41351526975631714,0.9599276859504132,0.9601806470731606,0.0001303157894736842,False
3,968,0.38073036074638367,0.6192696690559387,0.4092593789100647,0.9600309917355372,0.9602100985966892,0.0001293684210526316,False
3,969,0.3807208836078644,0.619279146194458,0.40491315722465515,0.9601394628099174,0.960299175633425,0.00012842105263157893,False
3,970,0.3807111978530884,0.6192888021469116,0.40788307785987854,0.9601084710743801,0.960266100093662,0.00012747368421052636,False
3,971,0.3807026147842407,0.6192973256111145,0.41441407799720764,0.9601601239669422,0.9603161082408017,0.0001265263157894737,False
3,972,0.38069263100624084,0.6193073987960815,0.4086533486843109,0.9601962809917355,0.9603652757951212,0.000125578947368421,False
3,973,0.3806837797164917,0.6193162202835083,0.4066460430622101,0.9602376033057851,0.9603565156647997,0.00012463157894736845,False
3,974,0.38067471981048584,0.6193253397941589,0.41330453753471375,0.9602892561983472,0.9604566563170429,0.00012368421052631577,False
3,975,0.3806653916835785,0.6193346381187439,0.40655040740966797,0.9602479338842975,0.9604026931015152,0.0001227368421052632,False
3,976,0.380654513835907,0.6193454265594482,0.411702424287796,0.9602376033057851,0.9604197749772571,0.00012178947368421052,False
3,977,0.3806440234184265,0.6193559765815735,0.41248825192451477,0.9602582644628098,0.9604534631379086,0.00012084210526315794,False
3,978,0.3806333839893341,0.6193666458129883,0.4071544408798218,0.9602685950413223,0.9604946077301921,0.00011989473684210526,False
3,979,0.3806237280368805,0.6193762421607971,0.4160034656524658,0.9602530991735537,0.9605195529190904,0.00011894736842105259,False
3,980,0.3806137144565582,0.6193863153457642,0.4068780243396759,0.960211776859504,0.9605612422050728,0.00011800000000000002,False
3,981,0.38060325384140015,0.6193967461585999,0.4045601189136505,0.9601446280991737,0.9605110950316951,0.00011705263157894735,False
3,982,0.38059478998184204,0.619405210018158,0.41349053382873535,0.9601084710743801,0.9605528741400096,0.00011610526315789477,False
3,983,0.380586177110672,0.6194137930870056,0.4123679995536804,0.9601962809917356,0.9607627401633255,0.0001151578947368421,False
3,984,0.3805761933326721,0.6194238066673279,0.41327187418937683,0.9600671487603306,0.9606583279281466,0.00011421052631578953,False
3,985,0.3805660009384155,0.6194339990615845,0.40888145565986633,0.9601239669421486,0.9607707411293642,0.00011326315789473685,False
3,986,0.3805558979511261,0.6194440722465515,0.4060370922088623,0.9602892561983472,0.9609442000014949,0.00011231578947368418,False
3,987,0.3805450201034546,0.6194550395011902,0.4081346094608307,0.9604390495867768,0.9611075034787923,0.0001113684210526316,False
3,988,0.38053521513938904,0.6194647550582886,0.41605088114738464,0.9605526859504131,0.9612529237621452,0.00011042105263157892,False
3,989,0.3805254399776459,0.6194745302200317,0.40814799070358276,0.9605888429752065,0.9613361763266287,0.00010947368421052634,False
3,990,0.3805157244205475,0.6194842457771301,0.4087948799133301,0.9606095041322315,0.961323907798369,0.00010852631578947367,False
3,991,0.3805057108402252,0.6194942593574524,0.40725255012512207,0.9606198347107439,0.9613890432033118,0.0001075789473684211,False
3,992,0.38049474358558655,0.6195052862167358,0.40881094336509705,0.9605423553719009,0.9612938501587438,0.00010663157894736843,False
3,993,0.3804832100868225,0.6195167899131775,0.4075450301170349,0.9605423553719009,0.9612279994417998,0.00010568421052631575,False
3,994,0.3804732859134674,0.6195266842842102,0.40324878692626953,0.9605010330578513,0.9612312389472637,0.00010473684210526317,False
3,995,0.3804631233215332,0.6195369362831116,0.41374102234840393,0.9605681818181817,0.9612813874099422,0.0001037894736842105,False
3,996,0.38045331835746765,0.6195467114448547,0.40567606687545776,0.9605836776859504,0.961311123962925,0.00010284210526315793,False
3,997,0.38044294714927673,0.6195570826530457,0.4046376347541809,0.9606146694214877,0.9613696083540483,0.00010189473684210526,False
3,998,0.38043245673179626,0.6195675730705261,0.4056660830974579,0.9607231404958678,0.9614751833161714,0.00010094736842105268,False
3,999,0.3804221749305725,0.6195778250694275,0.4075751304626465,0.9607489669421486,0.961568759337615,0.0001,False
3,1000,0.38041186332702637,0.6195881366729736,0.4079055190086365,0.9607489669421487,0.9615677305117076,0.0001,False
4,1,0.5000100135803223,0.4999900162220001,1.9698846340179443,0.4828357438016529,0.49488721229125776,4e-05,False
4,2,0.5000270009040833,0.49997302889823914,1.9516892433166504,0.5176756198347108,0.5210677328033048,6e-05,False
4,3,0.5000542402267456,0.4999457895755768,1.9265391826629639,0.5645635330578512,0.5604856582094238,8e-05,False
4,4,0.5000851154327393,0.49991485476493835,1.8817671537399292,0.6100774793388429,0.6060430978196362,0.0001,False
4,5,0.5001144409179688,0.49988555908203125,1.8337275981903076,0.6449431818181819,0.6495032740524008,0.00012,False
4,6,0.500131368637085,0.49986863136291504,1.7891135215759277,0.6677272727272727,0.680545702059085,0.00014000000000000001,False
4,7,0.5001242756843567,0.4998757541179657,1.7518936395645142,0.681875,0.704002563069426,0.00016,False
4,8,0.5000936388969421,0.4999063313007355,1.7119804620742798,0.6911931818181819,0.716777130373712,0.00017999999999999998,False
4,9,0.5000409483909607,0.4999590814113617,1.6821962594985962,0.697732438016529,0.7256094384284371,0.0002,False
4,10,0.49997058510780334,0.500029444694519,1.654793620109558,0.7025413223140496,0.73126246804487,0.00022,False
4,11,0.4998835027217865,0.5001164674758911,1.6304678916931152,0.7068801652892562,0.7357056614150452,0.00024,False
4,12,0.49978041648864746,0.5002196431159973,1.6064491271972656,0.7099483471074379,0.7386796408367319,0.00026000000000000003,False
4,13,0.49966272711753845,0.5003373026847839,1.5791910886764526,0.7135537190082644,0.7428149492682192,0.00028000000000000003,False
4,14,0.499530553817749,0.500469446182251,1.5576332807540894,0.7177427685950413,0.7472587851777382,0.0003,False
4,15,0.4993842840194702,0.5006157755851746,1.5350488424301147,0.722215909090909,0.7518643800724057,0.00032,False
4,16,0.49922290444374084,0.5007771253585815,1.5098438262939453,0.727055785123967,0.7567925809440635,0.00034,False
4,17,0.4990473985671997,0.5009526014328003,1.4909549951553345,0.7326756198347107,0.7619732440935723,0.00035999999999999997,False
4,18,0.498857319355011,0.501142680644989,1.4607515335083008,0.7384504132231406,0.7670730559938439,0.00038,False
4,19,0.49865207076072693,0.5013479590415955,1.442371129989624,0.7450929752066116,0.7722456877200048,0.0004,False
4,20,0.4984320402145386,0.5015679597854614,1.417073369026184,0.7512706611570248,0.7770403161895467,0.00042,False
4,21,0.498196542263031,0.5018035173416138,1.3924106359481812,0.7577789256198347,0.7807598201980104,0.00044,False
4,22,0.497945100069046,0.5020549297332764,1.3570449352264404,0.7639669421487604,0.7851407580553104,0.00046,False
4,23,0.49767807126045227,0.5023218989372253,1.3378117084503174,0.7703977272727272,0.7890532223613712,0.00048,False
4,24,0.4973946213722229,0.5026054382324219,1.3085702657699585,0.7779235537190081,0.7948528808717608,0.0005,False
4,25,0.49709439277648926,0.5029056668281555,1.2883105278015137,0.7863016528925619,0.7996927901695886,0.0005200000000000001,False
4,26,0.49677762389183044,0.5032224059104919,1.2660396099090576,0.795965909090909,0.8057510729802154,0.00054,False
4,27,0.4964434504508972,0.5035565495491028,1.2399351596832275,0.8058780991735537,0.8128925028528843,0.0005600000000000001,False
4,28,0.49609190225601196,0.503908097743988,1.221396803855896,0.8173708677685951,0.8231351076362542,0.00058,False
4,29,0.49572253227233887,0.5042775273323059,1.2008495330810547,0.8317510330578513,0.8346064227353978,0.0006,False
4,30,0.4953348934650421,0.5046651363372803,1.1799042224884033,0.847892561983471,0.8492149275037284,0.00062,False
4,31,0.49492886662483215,0.5050711035728455,1.1605720520019531,0.8617820247933884,0.8619090346860054,0.00064,False
4,32,0.4945048689842224,0.5054951310157776,1.142754077911377,0.8729235537190084,0.8716566263277404,0.00066,False
4,33,0.49406275153160095,0.5059372186660767,1.130362868309021,0.8813068181818183,0.8784610390869639,0.00068,False
4,34,0.49360281229019165,0.5063971877098083,1.1119062900543213,0.8891580578512397,0.8843889250893662,0.0007,False
4,35,0.49312466382980347,0.5068753957748413,1.0971055030822754,0.8953202479338842,0.8896333057312305,0.0007199999999999999,False
4,36,0.4926281273365021,0.5073718428611755,1.0775237083435059,0.9002634297520661,0.894471050583867,0.00074,False
4,37,0.4921123683452606,0.5078876614570618,1.0638951063156128,0.9046487603305785,0.8988765571746674,0.00076,False
4,38,0.4915795624256134,0.508420467376709,1.0457146167755127,0.9081353305785124,0.9026097461649116,0.0007800000000000001,False
4,39,0.4910321533679962,0.5089678168296814,1.0326812267303467,0.9098243801652892,0.9040330991500114,0.0008,False
4,40,0.49046942591667175,0.5095306038856506,1.0237321853637695,0.9114152892561984,0.9052912731494035,0.00082,False
4,41,0.48989394307136536,0.510106086730957,1.012589931488037,0.9138429752066115,0.9073706014157588,0.00084,False
4,42,0.489303320646286,0.5106967091560364,0.9930264949798584,0.9165960743801653,0.9096638883578783,0.00086,False
4,43,0.4887005090713501,0.5112994313240051,0.9824179410934448,0.9198088842975207,0.9124461123061497,0.00088,False
4,44,0.48808664083480835,0.5119133591651917,0.9766125679016113,0.9234194214876033,0.9161092008309882,0.0009000000000000001,False
4,45,0.48746025562286377,0.5125397443771362,0.9569870233535767,0.9253254132231405,0.9169824745781069,0.00092,False
4,46,0.48682302236557007,0.5131769776344299,0.9498450756072998,0.9281353305785125,0.9189742148252147,0.00094,False
4,47,0.48617109656333923,0.5138289332389832,0.9369004964828491,0.9318285123966943,0.9223313465056756,0.00096,False
4,48,0.48550835251808167,0.5144916772842407,0.9321632981300354,0.9349845041322313,0.925441272692269,0.00098,False
4,49,0.4848373532295227,0.5151626467704773,0.9235047698020935,0.937629132231405,0.9284806097198466,0.001,False
4,50,0.48415565490722656,0.5158443450927734,0.911171555519104,0.9399225206611571,0.9318966740935677,0.0009990526315789474,False
4,51,0.4834752082824707,0.5165248513221741,0.8929702043533325,0.9411983471074379,0.9341433720190458,0.0009981052631578948,False
4,52,0.4827934503555298,0.5172065496444702,0.8770325779914856,0.9435072314049587,0.9374217693473936,0.000997157894736842,False
4,53,0.48211467266082764,0.5178853273391724,0.8696759939193726,0.9457644628099173,0.9405826019374735,0.0009962105263157895,False
4,54,0.4814433157444,0.5185567140579224,0.8658876419067383,0.9464721074380167,0.9417572777734872,0.0009952631578947367,False
4,55,0.48078030347824097,0.519219696521759,0.8585418462753296,0.9462964876033058,0.9414371061932922,0.0009943157894736843,False
4,56,0.4801301956176758,0.5198698043823242,0.8547085523605347,0.9475103305785124,0.9432940291740096,0.0009933684210526315,False
4,57,0.4794926047325134,0.5205073952674866,0.8438342809677124,0.9487345041322315,0.9448696105857244,0.0009924210526315788,False
4,58,0.4788653254508972,0.5211346745491028,0.8440551161766052,0.9497778925619834,0.9461915143294641,0.0009914736842105262,False
4,59,0.4782367944717407,0.5217632055282593,0.8262462615966797,0.9509814049586777,0.9473725834280163,0.0009905263157894736,False
4,60,0.4776168465614319,0.5223831534385681,0.8209270238876343,0.953021694214876,0.9491654291510071,0.000989578947368421,False
4,61,0.4770025908946991,0.5229973793029785,0.8199331760406494,0.9538688016528926,0.949932989489381,0.0009886315789473684,False
4,62,0.47639667987823486,0.5236033201217651,0.810232400894165,0.9544731404958677,0.9507949402257679,0.0009876842105263157,False
4,63,0.47579753398895264,0.5242024660110474,0.8003790378570557,0.954297520661157,0.9509173890430563,0.0009867368421052631,False
4,64,0.4751998782157898,0.5248001217842102,0.8023182153701782,0.9546590909090908,0.9508178017170601,0.0009857894736842105,False
4,65,0.4746105670928955,0.5253894925117493,0.7951521873474121,0.955025826446281,0.95052698720556,0.0009848421052631579,False
4,66,0.47402918338775635,0.5259707570075989,0.792798638343811,0.9555320247933885,0.9510883811478735,0.0009838947368421053,False
4,67,0.4734589755535126,0.526540994644165,0.7818761467933655,0.9556921487603306,0.9514789738323951,0.0009829473684210526,False
4,68,0.47289571166038513,0.5271043181419373,0.7843766808509827,0.956745867768595,0.9533543749873411,0.000982,False
4,69,0.4723391532897949,0.5276608467102051,0.7752596139907837,0.958021694214876,0.9551269437666821,0.0009810526315789474,False
4,70,0.4717984199523926,0.5282015800476074,0.768835186958313,0.9589462809917355,0.9558947047257113,0.0009801052631578948,False
4,71,0.4712766706943512,0.5287232995033264,0.7729159593582153,0.9593130165289256,0.9556798044733703,0.000979157894736842,False
4,72,0.4707607924938202,0.5292391777038574,0.7604885101318359,0.9595402892561984,0.9552625795300718,0.0009782105263157895,False
4,73,0.470254123210907,0.529745876789093,0.7608333826065063,0.9595196280991736,0.9554364305030217,0.0009772631578947367,False
4,74,0.46974897384643555,0.5302510261535645,0.752355694770813,0.9602685950413223,0.9565973626113011,0.0009763157894736843,False
4,75,0.4692497253417969,0.5307502746582031,0.745101273059845,0.9609090909090909,0.957961583282136,0.0009753684210526316,False
4,76,0.46876397728919983,0.5312360525131226,0.744624137878418,0.9610123966942148,0.9574864806610532,0.000974421052631579,False
4,77,0.46828046441078186,0.5317195653915405,0.739271879196167,0.9602995867768596,0.9569433579121263,0.0009734736842105263,False
4,78,0.467798113822937,0.532201886177063,0.7390213012695312,0.960573347107438,0.95771479781188,0.0009725263157894737,False
4,79,0.46732282638549805,0.5326771140098572,0.7374556064605713,0.9601497933884298,0.9577466802293098,0.0009715789473684211,False
4,80,0.46685075759887695,0.5331493020057678,0.736055850982666,0.9615547520661157,0.9603024036998254,0.0009706315789473685,False
4,81,0.46637940406799316,0.5336205959320068,0.7351102232933044,0.9622778925619835,0.9614870059544469,0.0009696842105263158,False
4,82,0.46591612696647644,0.5340838432312012,0.7341190576553345,0.962732438016529,0.9620326019382235,0.0009687368421052631,False
4,83,0.46546629071235657,0.534533679485321,0.7270432710647583,0.9623915289256199,0.9616444112376255,0.0009677894736842106,False
4,84,0.46502578258514404,0.534974217414856,0.7165033221244812,0.961689049586777,0.9608562844892843,0.0009668421052631579,False
4,85,0.4645886719226837,0.5354113578796387,0.7110393643379211,0.9611363636363636,0.9602115757219334,0.0009658947368421053,False
4,86,0.46415653824806213,0.5358434915542603,0.7146668434143066,0.9602737603305784,0.9593803462353243,0.0009649473684210526,False
4,87,0.46371906995773315,0.5362809300422668,0.7089172601699829,0.9606353305785125,0.9597939263215379,0.000964,False
4,88,0.46328672766685486,0.5367133021354675,0.701127827167511,0.9621384297520661,0.9616206901057904,0.0009630526315789474,False
4,89,0.462856262922287,0.5371437072753906,0.709079384803772,0.9636002066115702,0.9633528154595323,0.0009621052631578948,False
4,90,0.46243155002593994,0.5375685095787048,0.7026675939559937,0.9646229338842974,0.9641366240154656,0.0009611578947368422,False
4,91,0.4620150625705719,0.5379849672317505,0.6960123777389526,0.9648450413223141,0.96387909599806,0.0009602105263157895,False
4,92,0.46159669756889343,0.538403332233429,0.6965901851654053,0.9654752066115703,0.964753807318695,0.0009592631578947368,False
4,93,0.46118420362472534,0.5388157367706299,0.6957994103431702,0.9657954545454546,0.9650810845456145,0.0009583157894736843,False
4,94,0.46077725291252136,0.539222776889801,0.694342851638794,0.9663584710743801,0.9654846324197836,0.0009573684210526316,False
4,95,0.4603780210018158,0.5396219491958618,0.6871384382247925,0.9669989669421487,0.9664626799324021,0.0009564210526315789,False
4,96,0.45998793840408325,0.5400120615959167,0.6906681060791016,0.9666580578512397,0.9662187943414423,0.0009554736842105263,False
4,97,0.45959848165512085,0.5404015183448792,0.6853861808776855,0.9656921487603305,0.9652807821077217,0.0009545263157894737,False
4,98,0.4592190384864807,0.5407809615135193,0.6835170388221741,0.965051652892562,0.964615623767981,0.0009535789473684211,False
4,99,0.45884230732917786,0.5411577224731445,0.6750519275665283,0.9650981404958677,0.9645318427627999,0.0009526315789473685,False
4,100,0.4584658145904541,0.5415341854095459,0.679872453212738,0.9654803719008264,0.964945285116508,0.0009516842105263158,False
4,101,0.45809364318847656,0.5419064164161682,0.675597071647644,0.9661415289256199,0.9657459595719612,0.0009507368421052631,False
4,102,0.45772308111190796,0.5422768592834473,0.6758009791374207,0.966301652892562,0.9660139661741506,0.0009497894736842106,False
4,103,0.4573569893836975,0.5426430106163025,0.670309841632843,0.9658780991735538,0.9657786565467156,0.0009488421052631579,False
4,104,0.45699185132980347,0.5430081486701965,0.6654536128044128,0.9657954545454546,0.9656244374390552,0.0009478947368421054,False
4,105,0.4566272497177124,0.5433727502822876,0.6647009253501892,0.9660950413223139,0.965337674564095,0.0009469473684210526,False
4,106,0.45626100897789,0.5437389612197876,0.6652386784553528,0.9660485537190082,0.9650425607188997,0.000946,False
4,107,0.455897718667984,0.5441023111343384,0.6611617803573608,0.9661208677685951,0.9649500410047286,0.0009450526315789474,False
4,108,0.45552828907966614,0.5444716811180115,0.6575717329978943,0.9659452479338844,0.9647263558802823,0.0009441052631578948,False
4,109,0.4551633596420288,0.5448366403579712,0.6583950519561768,0.9666322314049586,0.9648438296041018,0.0009431578947368421,False
4,110,0.45480412244796753,0.5451958775520325,0.6564221382141113,0.9669059917355372,0.9643787704206294,0.0009422105263157895,False
4,111,0.4544440805912018,0.5455559492111206,0.6456518769264221,0.9663119834710744,0.9625662557468722,0.0009412631578947369,False
4,112,0.45407649874687195,0.5459234714508057,0.6566545963287354,0.9665340909090909,0.9632045021639553,0.0009403157894736842,False
4,113,0.45371341705322266,0.5462865233421326,0.6493947505950928,0.9667355371900826,0.963847469715172,0.0009393684210526317,False
4,114,0.45335593819618225,0.5466440916061401,0.6456916928291321,0.9661311983471075,0.9635370926862469,0.0009384210526315789,False
4,115,0.4530083239078522,0.5469916462898254,0.6504428386688232,0.9665857438016529,0.9646504743258387,0.0009374736842105263,False
4,116,0.4526631534099579,0.5473368167877197,0.6445354223251343,0.9665444214876033,0.9649954234732855,0.0009365263157894737,False
4,117,0.4523213505744934,0.5476786494255066,0.6437948346138,0.9657128099173553,0.9639892249392472,0.0009355789473684211,False
4,118,0.4519836902618408,0.5480163097381592,0.6399341225624084,0.9649896694214876,0.9632733447247579,0.0009346315789473685,False
4,119,0.45164787769317627,0.5483521223068237,0.6435132026672363,0.9647469008264464,0.9628715852898648,0.0009336842105263158,False
4,120,0.4513116478919983,0.5486882925033569,0.6377516388893127,0.9648657024793389,0.96289477876057,0.0009327368421052631,False
4,121,0.4509780704975128,0.5490218997001648,0.6327744722366333,0.9651962809917356,0.9633952075063554,0.0009317894736842106,False
4,122,0.450645387172699,0.5493545532226562,0.6325280666351318,0.9656766528925619,0.964107315401439,0.0009308421052631579,False
4,123,0.45030567049980164,0.549694299697876,0.6265187859535217,0.9667613636363637,0.965260819168523,0.0009298947368421054,False
4,124,0.4499691128730774,0.5500308871269226,0.6207389831542969,0.9681559917355371,0.9666606692950783,0.0009289473684210526,False
4,125,0.44964399933815,0.5503559708595276,0.6338132619857788,0.9688378099173554,0.9673008937507656,0.000928,False
4,126,0.44932055473327637,0.5506794452667236,0.6272901296615601,0.9686260330578512,0.9668774481300473,0.0009270526315789474,False
4,127,0.44900184869766235,0.5509980916976929,0.623474657535553,0.9678925619834711,0.9659956256222618,0.0009261052631578948,False
4,128,0.44868528842926025,0.5513147115707397,0.6263943910598755,0.9668440082644628,0.9649060932964356,0.0009251578947368421,False
4,129,0.4483705461025238,0.5516294240951538,0.614529550075531,0.9664462809917356,0.9649532879751583,0.0009242105263157894,False
4,130,0.4480573534965515,0.5519426465034485,0.6125196814537048,0.9663894628099173,0.9650450890966811,0.0009232631578947369,False
4,131,0.44774195551872253,0.5522580742835999,0.6176174879074097,0.9667510330578512,0.9654158060360983,0.0009223157894736842,False
4,132,0.44742560386657715,0.5525743365287781,0.6236239671707153,0.9663429752066115,0.9644676106614914,0.0009213684210526317,False
4,133,0.44710639119148254,0.5528936386108398,0.6168936491012573,0.965444214876033,0.9627619655617078,0.0009204210526315789,False
4,134,0.44679003953933716,0.5532099604606628,0.6179817914962769,0.9645919421487604,0.960548610725972,0.0009194736842105263,False
4,135,0.44648200273513794,0.5535179972648621,0.6166839003562927,0.9643543388429753,0.9599109451508919,0.0009185263157894737,False
4,136,0.4461803138256073,0.5538196563720703,0.6127708554267883,0.9647778925619834,0.9603533537997305,0.0009175789473684211,False
4,137,0.44587811827659607,0.5541219115257263,0.6015123128890991,0.9657334710743802,0.9618618770944041,0.0009166315789473685,False
4,138,0.44557085633277893,0.5544291138648987,0.6106429696083069,0.9666064049586777,0.9634846526737637,0.0009156842105263158,False
4,139,0.4452659487724304,0.5547340512275696,0.5989623069763184,0.9669576446280992,0.9641677745573598,0.0009147368421052632,False
4,140,0.4449634253978729,0.5550366044044495,0.6056623458862305,0.9669473140495868,0.9640894291674579,0.0009137894736842106,False
4,141,0.44465991854667664,0.555340051651001,0.604428231716156,0.9670506198347107,0.9641424110965147,0.000912842105263158,False
4,142,0.4443626403808594,0.5556373596191406,0.6085580587387085,0.9676911157024792,0.9651104026976116,0.0009118947368421052,False
4,143,0.44406452775001526,0.5559354424476624,0.6009640693664551,0.9682128099173555,0.9658787855085698,0.0009109473684210526,False
4,144,0.44377121329307556,0.556228756904602,0.6037476658821106,0.9688636363636365,0.9665711861389905,0.00091,False
4,145,0.44347357749938965,0.5565264225006104,0.5950581431388855,0.9691425619834712,0.9670731264889731,0.0009090526315789474,False
4,146,0.44317692518234253,0.5568230748176575,0.5986036062240601,0.9687913223140496,0.9666648671706255,0.0009081052631578948,False
4,147,0.44288283586502075,0.5571171641349792,0.5937634706497192,0.9678719008264463,0.9653649025323092,0.0009071578947368421,False
4,148,0.44259336590766907,0.5574066042900085,0.5945906639099121,0.9672314049586777,0.9647172261273268,0.0009062105263157894,False
4,149,0.4423080384731293,0.5576919913291931,0.598276674747467,0.967060950413223,0.9646755800425525,0.0009052631578947369,False
4,150,0.4420168399810791,0.5579831600189209,0.5854059457778931,0.9669111570247935,0.9647556173271705,0.0009043157894736842,False
4,151,0.44172805547714233,0.5582719445228577,0.5929870009422302,0.9668646694214877,0.9646836970548971,0.0009033684210526317,False
4,152,0.4414367973804474,0.5585631728172302,0.5884703397750854,0.966875,0.9646061662788369,0.0009024210526315789,False
4,153,0.44114935398101807,0.5588506460189819,0.5887348651885986,0.9669524793388431,0.9647748328104945,0.0009014736842105264,False
4,154,0.44086557626724243,0.5591344237327576,0.5875552892684937,0.9666580578512396,0.9646752221113708,0.0009005263157894737,False
4,155,0.44058600068092346,0.5594140291213989,0.5959468483924866,0.9663223140495868,0.9644416919224624,0.0008995789473684212,False
4,156,0.4403080940246582,0.5596919655799866,0.584722101688385,0.966379132231405,0.964603283373929,0.0008986315789473684,False
4,157,0.44003617763519287,0.5599638819694519,0.5847471356391907,0.9668904958677687,0.9651851723171987,0.0008976842105263158,False
4,158,0.43976280093193054,0.5602371692657471,0.5863717794418335,0.9682438016528925,0.9668795923493181,0.0008967368421052632,False
4,159,0.43949395418167114,0.5605061054229736,0.580153226852417,0.9691064049586777,0.9683663394999047,0.0008957894736842105,False
4,160,0.43923208117485046,0.5607678890228271,0.5847768783569336,0.9691993801652893,0.9684393236783309,0.000894842105263158,False
4,161,0.438966304063797,0.5610336661338806,0.5797001719474792,0.968543388429752,0.9669530654342338,0.0008938947368421052,False
4,162,0.4387000501155853,0.5612999200820923,0.5814796090126038,0.968150826446281,0.9659032805821808,0.0008929473684210526,False
4,163,0.4384366571903229,0.5615633130073547,0.5818468928337097,0.9672830578512397,0.9645336255297514,0.000892,False
4,164,0.4381793141365051,0.5618206858634949,0.5732402801513672,0.9666890495867768,0.963362136877374,0.0008910526315789474,False
4,165,0.4379265010356903,0.5620734691619873,0.5767405033111572,0.96599173553719,0.9618596912255767,0.0008901052631578948,False
4,166,0.43768423795700073,0.5623157620429993,0.5830416083335876,0.9667613636363637,0.9632915086624955,0.0008891578947368421,False
4,167,0.43743959069252014,0.5625603795051575,0.5731024146080017,0.9674690082644628,0.9637543489794673,0.0008882105263157895,False
4,168,0.43719619512557983,0.5628037452697754,0.5755544900894165,0.967345041322314,0.9628412369110878,0.0008872631578947369,False
4,169,0.4369576871395111,0.5630422830581665,0.5667218565940857,0.9666167355371901,0.9615433460177077,0.0008863157894736843,False
4,170,0.4367176294326782,0.5632823705673218,0.5714640021324158,0.9667923553719007,0.9610652397371635,0.0008853684210526317,False
4,171,0.4364815652370453,0.5635184645652771,0.5737215280532837,0.9672675619834712,0.961215566685083,0.0008844210526315789,False
4,172,0.43624287843704224,0.5637571215629578,0.5735011100769043,0.9675568181818182,0.9623165312225591,0.0008834736842105263,False
4,173,0.4360043406486511,0.5639956593513489,0.5695294737815857,0.9674276859504133,0.9627784134066364,0.0008825263157894737,False
4,174,0.4357618987560272,0.5642381310462952,0.5690901279449463,0.967345041322314,0.963028054592013,0.0008815789473684211,False
4,175,0.43551793694496155,0.5644820332527161,0.5650196075439453,0.9667665289256199,0.9626422939653154,0.0008806315789473684,False
4,176,0.43527740240097046,0.5647226572036743,0.5706140398979187,0.965857438016529,0.961124409648804,0.0008796842105263157,False
4,177,0.4350396990776062,0.5649603605270386,0.5683740377426147,0.9652685950413223,0.9605421518186178,0.0008787368421052632,False
4,178,0.4348108470439911,0.5651891231536865,0.5614416599273682,0.9658987603305785,0.9617947703269989,0.0008777894736842106,False
4,179,0.4345800578594208,0.5654199123382568,0.5643658638000488,0.966745867768595,0.9630844518863174,0.000876842105263158,False
4,180,0.4343471825122833,0.5656527876853943,0.5606961846351624,0.9674380165289257,0.9638180773420609,0.0008758947368421052,False
4,181,0.4341162443161011,0.5658837556838989,0.5610368251800537,0.9677789256198347,0.9639210322954946,0.0008749473684210527,False
4,182,0.4338914752006531,0.5661085844039917,0.5636529922485352,0.9678099173553719,0.9635186323135438,0.000874,False
4,183,0.4336690306663513,0.5663309097290039,0.5588036179542542,0.9685072314049586,0.9643713886019047,0.0008730526315789475,False
4,184,0.43344593048095703,0.566554069519043,0.5617218017578125,0.9689101239669422,0.9655188419200591,0.0008721052631578948,False
4,185,0.4332248270511627,0.5667751431465149,0.5570290088653564,0.9688946280991736,0.9659069828043356,0.0008711578947368421,False
4,186,0.43299680948257446,0.5670031905174255,0.5542311072349548,0.9687706611570248,0.9662196358358907,0.0008702105263157895,False
4,187,0.4327714145183563,0.5672286152839661,0.5554012060165405,0.9690237603305786,0.9668215791663619,0.0008692631578947369,False
4,188,0.4325447976589203,0.5674552321434021,0.5612419843673706,0.9688533057851239,0.9667905541808377,0.0008683157894736843,False
4,189,0.4323173761367798,0.5676825642585754,0.5558210611343384,0.9690134297520661,0.9669678246394046,0.0008673684210526315,False
4,190,0.43208977580070496,0.5679101943969727,0.5499160289764404,0.9687396694214875,0.9665660865649986,0.0008664210526315789,False
4,191,0.43185484409332275,0.5681450963020325,0.5491885542869568,0.9685743801652892,0.9660598718257007,0.0008654736842105263,False
4,192,0.43161872029304504,0.5683813095092773,0.5476732850074768,0.967629132231405,0.9645868179414029,0.0008645263157894738,False
4,193,0.43138521909713745,0.5686147809028625,0.5519849061965942,0.9670506198347107,0.9635096652661229,0.0008635789473684211,False
4,194,0.4311550557613373,0.5688449740409851,0.5483971238136292,0.9662035123966942,0.9620073715280032,0.0008626315789473684,False
4,195,0.43092411756515503,0.569075882434845,0.5541982054710388,0.965650826446281,0.9615264745944176,0.0008616842105263158,False
4,196,0.4306909739971161,0.5693090558052063,0.5436897277832031,0.9657231404958677,0.962367017330227,0.0008607368421052632,False
4,197,0.43045932054519653,0.5695406198501587,0.5473461747169495,0.9661673553719008,0.9628451928917232,0.0008597894736842106,False
4,198,0.4302324652671814,0.5697675347328186,0.5514041185379028,0.966585743801653,0.9624879004776412,0.000858842105263158,False
4,199,0.43001237511634827,0.5699875950813293,0.5445543527603149,0.9671952479338842,0.9632831908523694,0.0008578947368421052,False
4,200,0.4297913610935211,0.5702086687088013,0.5449041724205017,0.9678873966942149,0.963258198126109,0.0008569473684210527,False
4,201,0.42956963181495667,0.570430338382721,0.540216863155365,0.9682902892561983,0.962725885528836,0.000856,False
4,202,0.42935264110565186,0.5706473588943481,0.5417218208312988,0.968646694214876,0.9638914461856268,0.0008550526315789474,False
4,203,0.42914313077926636,0.5708568692207336,0.549972653388977,0.9686002066115702,0.9642915860117989,0.0008541052631578947,False
4,204,0.42893725633621216,0.5710627436637878,0.5479387640953064,0.9685072314049585,0.9650279071683135,0.000853157894736842,False
4,205,0.42873093485832214,0.5712690353393555,0.5371397137641907,0.9680630165289256,0.9652704854598452,0.0008522105263157895,False
4,206,0.4285326898097992,0.5714673399925232,0.537834107875824,0.9679338842975207,0.9653721451801944,0.0008512631578947369,False
4,207,0.42834004759788513,0.5716599822044373,0.5387991070747375,0.9682851239669421,0.9661059437939858,0.0008503157894736843,False
4,208,0.42815065383911133,0.5718493461608887,0.5385723114013672,0.9689514462809917,0.9668690672433162,0.0008493684210526315,False
4,209,0.42796164751052856,0.5720383524894714,0.543748140335083,0.968853305785124,0.9666948755163447,0.000848421052631579,False
4,210,0.4277729392051697,0.5722270607948303,0.5408533215522766,0.9682954545454546,0.9659688408164803,0.0008474736842105263,False
4,211,0.42758381366729736,0.5724161863327026,0.535169243812561,0.9668904958677688,0.9641346460619608,0.0008465263157894738,False
4,212,0.4273955523967743,0.5726044178009033,0.542192816734314,0.9659504132231406,0.9636013499651637,0.0008455789473684211,False
4,213,0.4272046387195587,0.5727953314781189,0.531726062297821,0.9659710743801654,0.9642060788451109,0.0008446315789473684,False
4,214,0.4270256459712982,0.5729743242263794,0.5308073163032532,0.9670196280991736,0.9655410299599692,0.0008436842105263158,False
4,215,0.426838219165802,0.573161780834198,0.5326026678085327,0.9675103305785123,0.9653596267599284,0.0008427368421052632,False
4,216,0.42664894461631775,0.5733510255813599,0.5335890650749207,0.9675258264462809,0.9647121641363292,0.0008417894736842106,False
4,217,0.42645537853240967,0.5735445618629456,0.5294325947761536,0.9677169421487603,0.9647614595710475,0.000840842105263158,False
4,218,0.42626631259918213,0.5737337470054626,0.5315048098564148,0.9682851239669422,0.9654837220901118,0.0008398947368421052,False
4,219,0.4260822534561157,0.5739177465438843,0.5344181656837463,0.9686311983471074,0.9658192642390373,0.0008389473684210526,False
4,220,0.42589256167411804,0.5741074681282043,0.5303235054016113,0.9685020661157024,0.9653974232690139,0.0008380000000000001,False
4,221,0.42570367455482483,0.5742963552474976,0.5292757153511047,0.9683264462809917,0.9648029964929471,0.0008370526315789474,False
4,222,0.42551663517951965,0.574483335018158,0.5282827615737915,0.9680371900826445,0.9641771906324879,0.0008361052631578947,False
4,223,0.42533227801322937,0.5746676921844482,0.5363621711730957,0.9676291322314049,0.9641093418999246,0.0008351578947368421,False
4,224,0.4251503348350525,0.5748497247695923,0.5276389718055725,0.967370867768595,0.965040016630472,0.0008342105263157895,False
4,225,0.42496606707572937,0.575033962726593,0.5404748916625977,0.9676497933884297,0.9660553901394571,0.0008332631578947369,False
4,226,0.4247705936431885,0.5752294063568115,0.5307282209396362,0.9684245867768596,0.966594674979899,0.0008323157894736843,False
4,227,0.4245775043964386,0.575422465801239,0.5288492441177368,0.9694421487603306,0.9680142900330528,0.0008313684210526315,False
4,228,0.42438483238220215,0.5756151676177979,0.5267791748046875,0.9700464876033058,0.968826674913658,0.000830421052631579,False
4,229,0.42420077323913574,0.5757992267608643,0.5276165008544922,0.9699793388429752,0.9690601932812499,0.0008294736842105263,False
4,230,0.42401373386383057,0.5759862661361694,0.529463529586792,0.9697675619834711,0.9687091234631143,0.0008285263157894738,False
4,231,0.4238286316394806,0.576171338558197,0.5350483059883118,0.9696384297520662,0.9688668394310597,0.000827578947368421,False
4,232,0.42364323139190674,0.5763567686080933,0.5178202390670776,0.969349173553719,0.9686698112247525,0.0008266315789473684,False
4,233,0.42345374822616577,0.576546311378479,0.5216034054756165,0.9692665289256199,0.968622970984702,0.0008256842105263158,False
4,234,0.4232633411884308,0.5767366290092468,0.5261252522468567,0.9700464876033058,0.9694082276153161,0.0008247368421052632,False
4,235,0.4230725169181824,0.5769275426864624,0.521588146686554,0.9704700413223141,0.969800178448803,0.0008237894736842106,False
4,236,0.42288023233413696,0.577119767665863,0.5198990702629089,0.9704855371900827,0.9699692502247654,0.0008228421052631578,False
4,237,0.4226851761341095,0.5773148536682129,0.5211926698684692,0.9700361570247934,0.9691397530202268,0.0008218947368421053,False
4,238,0.42249158024787903,0.5775084495544434,0.5205969214439392,0.9691528925619834,0.9673094556401857,0.0008209473684210526,False
4,239,0.4222998321056366,0.577700138092041,0.5159028172492981,0.9689359504132231,0.9664599914332098,0.0008200000000000001,False
4,240,0.4221177101135254,0.5778823494911194,0.5213529467582703,0.9684555785123966,0.9651258698572666,0.0008190526315789474,False
4,241,0.4219353199005127,0.5780646800994873,0.5179312825202942,0.9681508264462809,0.9642663681620959,0.0008181052631578947,False
4,242,0.4217563569545746,0.578243613243103,0.5207183957099915,0.9679958677685949,0.9642905864138899,0.0008171578947368421,False
4,243,0.4215717613697052,0.5784282088279724,0.5207348465919495,0.9684504132231404,0.9639423938088524,0.0008162105263157895,False
4,244,0.42139294743537903,0.5786070227622986,0.5119528770446777,0.9694111570247934,0.9652119351733636,0.0008152631578947369,False
4,245,0.4212131202220917,0.5787868499755859,0.5254093408584595,0.9700594008264463,0.9665792235063366,0.0008143157894736843,False
4,246,0.42104026675224304,0.5789597630500793,0.5173482298851013,0.9697882231404958,0.9665889314685072,0.0008133684210526315,False
4,247,0.4208681285381317,0.5791318416595459,0.5164738893508911,0.9697727272727272,0.9665869682430187,0.000812421052631579,False
4,248,0.42070668935775757,0.5792932510375977,0.5160279870033264,0.9698037190082645,0.9667999349174485,0.0008114736842105264,False
4,249,0.42054325342178345,0.5794567465782166,0.5161940455436707,0.969922520661157,0.9672237308205741,0.0008105263157894737,False
4,250,0.4203815162181854,0.5796184539794922,0.515289843082428,0.9702582644628099,0.9677115701925427,0.000809578947368421,False
4,251,0.4202258288860321,0.5797741413116455,0.5091890692710876,0.9702944214876033,0.9675050348716363,0.0008086315789473684,False
4,252,0.4200689494609833,0.5799310207366943,0.5106626152992249,0.9697210743801653,0.9661325571753028,0.0008076842105263158,False
4,253,0.4199106991291046,0.580089271068573,0.5118665099143982,0.9690599173553719,0.9649880367237215,0.0008067368421052632,False
4,254,0.4197542667388916,0.5802457332611084,0.5104024410247803,0.9685898760330578,0.9641107189801579,0.0008057894736842106,False
4,255,0.4195960462093353,0.5804039835929871,0.5080897808074951,0.9690185950413223,0.9649664557934258,0.0008048421052631578,False
4,256,0.41943636536598206,0.5805636048316956,0.5095636248588562,0.9691735537190083,0.9655577795802939,0.0008038947368421053,False
4,257,0.4192703366279602,0.5807296633720398,0.5066947340965271,0.9692871900826446,0.9657659255237452,0.0008029473684210526,False
4,258,0.41910436749458313,0.5808956027030945,0.5084124803543091,0.9694266528925619,0.9657476279915894,0.0008020000000000001,False
4,259,0.4189421236515045,0.5810578465461731,0.5141837000846863,0.9694369834710743,0.9656340759989448,0.0008010526315789474,False
4,260,0.41877517104148865,0.5812248587608337,0.5135062336921692,0.9691683884297521,0.9655742932572976,0.0008001052631578947,False
4,261,0.4186089336872101,0.5813910961151123,0.5102030634880066,0.969586776859504,0.966250970583975,0.0007991578947368421,False
4,262,0.4184505343437195,0.5815494656562805,0.5119525790214539,0.9691064049586777,0.9664686039394701,0.0007982105263157896,False
4,263,0.4182893931865692,0.5817106366157532,0.5070894360542297,0.9685485537190083,0.9663439074365733,0.0007972631578947369,False
4,264,0.4181321859359741,0.5818678140640259,0.5014455318450928,0.9680630165289256,0.9663405877496559,0.0007963157894736843,False
4,265,0.4179671108722687,0.5820328593254089,0.5042856335639954,0.9677970041322314,0.9663312052460219,0.0007953684210526316,False
4,266,0.4178011417388916,0.5821988582611084,0.5061371922492981,0.9676342975206611,0.9662929428079903,0.0007944210526315789,False
4,267,0.4176344573497772,0.5823655128479004,0.5060024261474609,0.9676549586776859,0.9664584139491527,0.0007934736842105264,False
4,268,0.41746631264686584,0.5825337171554565,0.5123214721679688,0.9676704545454545,0.9665487347532533,0.0007925263157894737,False
4,269,0.417296439409256,0.5827035307884216,0.5058640241622925,0.9678512396694214,0.9669037759562507,0.000791578947368421,False
4,270,0.4171258211135864,0.5828741788864136,0.5063837170600891,0.9678254132231404,0.96680224330119,0.0007906315789473684,False
4,271,0.416952908039093,0.5830471515655518,0.50327467918396,0.9674948347107438,0.9660781431113377,0.0007896842105263158,False
4,272,0.4167812764644623,0.5832186937332153,0.503043532371521,0.967345041322314,0.964985219206115,0.0007887368421052632,False
4,273,0.416613906621933,0.5833861231803894,0.5015106797218323,0.9672004132231405,0.9637317345302763,0.0007877894736842106,False
4,274,0.41644665598869324,0.5835533142089844,0.4959332048892975,0.9677995867768595,0.963783310819506,0.0007868421052631579,False
4,275,0.41628536581993103,0.5837146639823914,0.501150906085968,0.9685227272727273,0.9645096135399422,0.0007858947368421053,False
4,276,0.41612696647644043,0.5838730335235596,0.5023919343948364,0.9694163223140496,0.9659572717864294,0.0007849473684210527,False
4,277,0.4159694314002991,0.5840305685997009,0.5008846521377563,0.9697365702479339,0.9663704414578032,0.0007840000000000001,False
4,278,0.4158130884170532,0.5841869115829468,0.5009504556655884,0.9698295454545454,0.9654945139549832,0.0007830526315789474,False
4,279,0.41565975546836853,0.5843402147293091,0.49936556816101074,0.9698088842975207,0.965230743903049,0.0007821052631578947,False
4,280,0.4155075252056122,0.5844925045967102,0.5021196603775024,0.9696590909090909,0.9647280652606607,0.0007811578947368421,False
4,281,0.4153570830821991,0.5846428871154785,0.4992485046386719,0.9693595041322314,0.9645527232319406,0.0007802105263157895,False
4,282,0.4152020812034607,0.5847979187965393,0.5075280666351318,0.9703770661157025,0.9669159347700901,0.0007792631578947369,False
4,283,0.4150455594062805,0.5849544405937195,0.5029869079589844,0.9705165289256198,0.967645278376168,0.0007783157894736841,False
4,284,0.41489213705062866,0.5851078629493713,0.5071768164634705,0.9702324380165288,0.9676846658453769,0.0007773684210526316,False
4,285,0.41473573446273804,0.585264265537262,0.5035287141799927,0.9701704545454546,0.9672725159922209,0.0007764210526315789,False
4,286,0.4145764708518982,0.5854235291481018,0.4966828525066376,0.9699896694214876,0.9667622379316625,0.0007754736842105264,False
4,287,0.4144178330898285,0.5855821967124939,0.4937461018562317,0.9693595041322315,0.9662183884007044,0.0007745263157894737,False
4,288,0.4142630696296692,0.5857369303703308,0.49619969725608826,0.9685795454545455,0.9653142374129728,0.000773578947368421,False
4,289,0.4141075313091278,0.5858924984931946,0.4985755383968353,0.9685227272727274,0.9650622394212485,0.0007726315789473684,False
4,290,0.4139563739299774,0.5860435962677002,0.4951194226741791,0.9687809917355372,0.965583108156159,0.0007716842105263159,False
4,291,0.41381123661994934,0.586188793182373,0.4982577860355377,0.9694576446280991,0.9664645943433138,0.0007707368421052632,False
4,292,0.41366636753082275,0.5863335728645325,0.49506449699401855,0.9701962809917355,0.9680080024017533,0.0007697894736842106,False
4,293,0.41352027654647827,0.5864797234535217,0.4971943795681,0.9700774793388429,0.9681704508116353,0.0007688421052631579,False
4,294,0.4133826196193695,0.5866174101829529,0.49524950981140137,0.9696849173553719,0.9678318614732269,0.0007678947368421053,False
4,295,0.4132431149482727,0.5867568254470825,0.4990101754665375,0.9697004132231405,0.9681379458244197,0.0007669473684210527,False
4,296,0.4131075441837311,0.5868924856185913,0.5026450157165527,0.970309917355372,0.9689311489775216,0.000766,False
4,297,0.4129731357097626,0.587026834487915,0.5007372498512268,0.9701497933884299,0.9686883399398921,0.0007650526315789474,False
4,298,0.4128413498401642,0.5871586799621582,0.4977492094039917,0.9698915289256198,0.9681269520242656,0.0007641052631578947,False
4,299,0.4127073585987091,0.5872926712036133,0.4895354211330414,0.9696590909090909,0.9675227940530905,0.0007631578947368422,False
4,300,0.41257113218307495,0.587428867816925,0.49122709035873413,0.9693078512396694,0.9668756783536834,0.0007622105263157895,False
4,301,0.4124450981616974,0.5875548720359802,0.4987478256225586,0.9690909090909091,0.9666394970350995,0.0007612631578947369,False
4,302,0.4123181402683258,0.5876818299293518,0.4880704879760742,0.968512396694215,0.9654282755480725,0.0007603157894736841,False
4,303,0.412190705537796,0.5878093242645264,0.4878644347190857,0.9684814049586777,0.9654789909151665,0.0007593684210526316,False
4,304,0.4120592176914215,0.5879407525062561,0.49140819907188416,0.9685795454545455,0.9652794300668699,0.000758421052631579,False
4,305,0.4119313657283783,0.5880686044692993,0.49660176038742065,0.9696022727272726,0.9668161495132087,0.0007574736842105264,False
4,306,0.411799818277359,0.5882002115249634,0.4952400326728821,0.9706456611570248,0.9685461185127999,0.0007565263157894737,False
4,307,0.41166481375694275,0.5883352160453796,0.48460090160369873,0.9711363636363637,0.9693772627589781,0.0007555789473684211,False
4,308,0.4115287959575653,0.5884711742401123,0.48876580595970154,0.9711053719008265,0.9694430013877984,0.0007546315789473684,False
4,309,0.411395788192749,0.588604211807251,0.49062269926071167,0.9708884297520661,0.9691287811222845,0.0007536842105263158,False
4,310,0.4112618863582611,0.5887381434440613,0.4885914921760559,0.9709039256198346,0.969170522706393,0.0007527368421052632,False
4,311,0.4111252427101135,0.5888747572898865,0.4872998595237732,0.9712190082644628,0.9694353584485085,0.0007517894736842104,False
4,312,0.4109865725040436,0.5890134572982788,0.4954243004322052,0.9711570247933884,0.9691019644944199,0.0007508421052631579,False
4,313,0.41085004806518555,0.5891499519348145,0.48538005352020264,0.9705423553719007,0.9681597529648601,0.0007498947368421053,False
4,314,0.41071587800979614,0.5892841219902039,0.478433221578598,0.9696642561983471,0.9667608031940681,0.0007489473684210527,False
4,315,0.4105795621871948,0.5894204378128052,0.48784926533699036,0.9690082644628099,0.9655849697165428,0.000748,False
4,316,0.41044431924819946,0.5895556807518005,0.48379385471343994,0.9686415289256198,0.9646391236844836,0.0007470526315789473,False
4,317,0.4103180766105652,0.5896819233894348,0.4877282679080963,0.9682231404958679,0.9638425509258053,0.0007461052631578947,False
4,318,0.41019245982170105,0.5898075103759766,0.4889684021472931,0.9684452479338842,0.9637670248864334,0.0007451578947368422,False
4,319,0.41006535291671753,0.5899347066879272,0.48839420080184937,0.9688997933884297,0.9645977084018917,0.0007442105263157895,False
4,320,0.40994012355804443,0.5900598764419556,0.48412615060806274,0.9692252066115702,0.9655399279501138,0.0007432631578947369,False
4,321,0.4098130464553833,0.5901869535446167,0.4856595993041992,0.9697727272727272,0.9667726348386483,0.0007423157894736842,False
4,322,0.40969040989875793,0.5903095602989197,0.48327791690826416,0.9709710743801653,0.9685729292312547,0.0007413684210526316,False
4,323,0.4095682203769684,0.590431809425354,0.4934210479259491,0.9721332644628099,0.9701448864922257,0.000740421052631579,False
4,324,0.40944740176200867,0.590552568435669,0.4825093746185303,0.9732024793388431,0.9715569176434056,0.0007394736842105264,False
4,325,0.40932655334472656,0.5906733870506287,0.481929749250412,0.9737035123966943,0.9719835965809427,0.0007385263157894737,False
4,326,0.40920528769493103,0.5907947421073914,0.49026817083358765,0.9736673553719009,0.9718281159092649,0.000737578947368421,False
4,327,0.40908581018447876,0.5909141898155212,0.483760267496109,0.9732128099173555,0.9709921503103526,0.0007366315789473685,False
4,328,0.4089686870574951,0.5910313129425049,0.48964235186576843,0.9724690082644628,0.9701600190356446,0.0007356842105263158,False
4,329,0.40885481238365173,0.5911452174186707,0.4866985082626343,0.9718904958677687,0.9695917462093536,0.0007347368421052632,False
4,330,0.408744215965271,0.591255784034729,0.4805218279361725,0.9718904958677687,0.9694775504271522,0.0007337894736842104,False
4,331,0.40863460302352905,0.591365396976471,0.48851802945137024,0.971611570247934,0.9689652626325579,0.0007328421052631579,False
4,332,0.4085233211517334,0.5914766192436218,0.4810147285461426,0.9711880165289256,0.9673380137037546,0.0007318947368421053,False
4,333,0.4084126949310303,0.591587245464325,0.48023316264152527,0.9706921487603306,0.9666921198316083,0.0007309473684210527,False
4,334,0.4083028733730316,0.5916971564292908,0.47876495122909546,0.9703202479338843,0.9660029955140762,0.00073,False
4,335,0.40818706154823303,0.5918129086494446,0.47644415497779846,0.9697314049586776,0.9650880850484974,0.0007290526315789475,False
4,336,0.40807023644447327,0.5919297337532043,0.482686311006546,0.9693285123966943,0.9639706204900569,0.0007281052631578948,False
4,337,0.40795525908470154,0.5920447707176208,0.47539910674095154,0.9690702479338844,0.9631299554166738,0.0007271578947368422,False
4,338,0.40784457325935364,0.5921554565429688,0.47903919219970703,0.9691838842975207,0.9633561130023433,0.0007262105263157895,False
4,339,0.40773773193359375,0.5922622680664062,0.48169034719467163,0.9694111570247934,0.9640370019804396,0.0007252631578947369,False
4,340,0.4076288044452667,0.5923712253570557,0.47917407751083374,0.9697004132231405,0.964518810721476,0.0007243157894736842,False
4,341,0.40751945972442627,0.592480480670929,0.4765625596046448,0.9700413223140495,0.9652982619673438,0.0007233684210526316,False
4,342,0.4074108898639679,0.5925891399383545,0.4731486141681671,0.9706301652892563,0.9666803406364013,0.000722421052631579,False
4,343,0.4072953760623932,0.5927046537399292,0.4800513982772827,0.9713997933884297,0.9679253105094862,0.0007214736842105263,False
4,344,0.4071776568889618,0.5928223133087158,0.475790798664093,0.9720402892561983,0.9689089411582764,0.0007205263157894737,False
4,345,0.40705543756484985,0.5929445028305054,0.4834367334842682,0.9723243801652893,0.9693478696890517,0.000719578947368421,False
4,346,0.40693601965904236,0.59306401014328,0.47711777687072754,0.9723140495867768,0.9693331642715922,0.0007186315789473685,False
4,347,0.4068225622177124,0.5931774973869324,0.4809613823890686,0.9718801652892562,0.9684607864762682,0.0007176842105263158,False
4,348,0.4067092835903168,0.5932906866073608,0.4745827317237854,0.9715392561983471,0.9681189132099077,0.0007167368421052632,False
4,349,0.4065934419631958,0.593406617641449,0.47869065403938293,0.971482438016529,0.9678918930640309,0.0007157894736842105,False
4,350,0.40648066997528076,0.593519389629364,0.4745134115219116,0.9714359504132232,0.9674859409040807,0.000714842105263158,False
4,351,0.4063705503940582,0.5936294198036194,0.47528618574142456,0.9714462809917355,0.9670461237219463,0.0007138947368421053,False
4,352,0.4062570333480835,0.5937429070472717,0.47835010290145874,0.9715805785123968,0.9671759936864616,0.0007129473684210527,False
4,353,0.40613865852355957,0.5938614010810852,0.48018014430999756,0.9716167355371901,0.9679490685824496,0.000712,False
4,354,0.4060203433036804,0.5939796566963196,0.47107911109924316,0.9717097107438016,0.9688389214777946,0.0007110526315789474,False
4,355,0.4059029519557953,0.5940970778465271,0.4735439121723175,0.9718853305785125,0.969709410117018,0.0007101052631578948,False
4,356,0.4057886600494385,0.5942112803459167,0.4745616912841797,0.971849173553719,0.9698552689951068,0.0007091578947368421,False
4,357,0.40567734837532043,0.5943226218223572,0.48039060831069946,0.971849173553719,0.9701578359650606,0.0007082105263157895,False
4,358,0.4055628776550293,0.5944370627403259,0.4751241207122803,0.9718285123966942,0.9703226836919934,0.0007072631578947367,False
4,359,0.40544983744621277,0.5945501327514648,0.4783567190170288,0.9718698347107438,0.9704804108367674,0.0007063157894736842,False
4,360,0.40533629059791565,0.594663679599762,0.4666672646999359,0.9717871900826447,0.9704662221825551,0.0007053684210526316,False
4,361,0.4052236080169678,0.5947763919830322,0.4693264663219452,0.9714824380165289,0.9700396305792016,0.000704421052631579,False
4,362,0.4051154553890228,0.5948845744132996,0.4746808111667633,0.9709090909090909,0.9692887477263297,0.0007034736842105263,False
4,363,0.40500229597091675,0.5949977040290833,0.47097402811050415,0.9706921487603307,0.9690654668464475,0.0007025263157894738,False
4,364,0.40488842129707336,0.5951115489006042,0.46604377031326294,0.9706559917355372,0.9691898142199262,0.0007015789473684211,False
4,365,0.40477436780929565,0.5952256321907043,0.4712846875190735,0.9708006198347107,0.9693952410352751,0.0007006315789473685,False
4,366,0.4046594798564911,0.5953404903411865,0.4713089168071747,0.9715185950413223,0.9703877376618963,0.0006996842105263158,False
4,367,0.40454959869384766,0.5954504013061523,0.472870409488678,0.9719421487603306,0.970896280809319,0.0006987368421052632,False
4,368,0.4044378399848938,0.5955621004104614,0.47037220001220703,0.9721126033057852,0.9710120080971228,0.0006977894736842105,False
4,369,0.40432581305503845,0.5956742167472839,0.46971654891967773,0.9721229338842975,0.9709497333909761,0.000696842105263158,False
4,370,0.40421053767204285,0.5957894325256348,0.46611297130584717,0.9722417355371902,0.9710671039089227,0.0006958947368421053,False
4,371,0.4040946364402771,0.5959054231643677,0.4648585617542267,0.9723088842975206,0.9712755731980145,0.0006949473684210527,False
4,372,0.4039847254753113,0.596015214920044,0.47116920351982117,0.9721435950413222,0.9711402381002818,0.000694,False
4,373,0.4038750231266022,0.5961249470710754,0.48026832938194275,0.9719473140495869,0.9710356360568727,0.0006930526315789473,False
4,374,0.40376853942871094,0.5962314605712891,0.46757379174232483,0.9719628099173554,0.9711259080743455,0.0006921052631578948,False
4,375,0.40365663170814514,0.5963433384895325,0.4679057002067566,0.9719421487603306,0.9712124888438787,0.0006911578947368421,False
4,376,0.40354493260383606,0.5964550971984863,0.4734843075275421,0.9718801652892562,0.971212645651153,0.0006902105263157895,False
4,377,0.40343642234802246,0.5965635776519775,0.4652822017669678,0.9720712809917356,0.9714353904646141,0.0006892631578947369,False
4,378,0.4033277928829193,0.5966722369194031,0.46622976660728455,0.9721849173553719,0.9715110342386195,0.0006883157894736843,False
4,379,0.4032214879989624,0.5967785120010376,0.46741294860839844,0.9722107438016528,0.9715437173712431,0.0006873684210526316,False
4,380,0.40312057733535767,0.5968794226646423,0.46524226665496826,0.9723192148760331,0.9714805370093561,0.000686421052631579,False
4,381,0.40302222967147827,0.5969778299331665,0.4691900908946991,0.9724483471074381,0.9713121654481692,0.0006854736842105263,False
4,382,0.4029216170310974,0.5970783829689026,0.46954411268234253,0.9724018595041323,0.9711110989301537,0.0006845263157894738,False
4,383,0.40281960368156433,0.5971804261207581,0.47425198554992676,0.9721487603305785,0.9706933486654628,0.0006835789473684211,False
4,384,0.402713805437088,0.5972862243652344,0.46672308444976807,0.971565082644628,0.9698643066191077,0.0006826315789473685,False
4,385,0.4026110768318176,0.5973889231681824,0.46326708793640137,0.971482438016529,0.9695660057334651,0.0006816842105263158,False
4,386,0.40250688791275024,0.5974931716918945,0.4685061275959015,0.9714514462809918,0.9692058539514058,0.0006807368421052632,False
4,387,0.4024059474468231,0.5975940227508545,0.47486913204193115,0.9715392561983471,0.9690714059067758,0.0006797894736842105,False
4,388,0.4023067057132721,0.5976932644844055,0.4626927971839905,0.971353305785124,0.9687448931359369,0.0006788421052631579,False
4,389,0.4022049605846405,0.5977950692176819,0.47026392817497253,0.9709969008264463,0.9680486622906297,0.0006778947368421053,False
4,390,0.40210530161857605,0.5978946685791016,0.46773773431777954,0.970676652892562,0.9675567690192605,0.0006769473684210526,False
4,391,0.4020093083381653,0.5979907512664795,0.4680519104003906,0.9704648760330578,0.9672950118414538,0.0006760000000000001,False
4,392,0.4019111692905426,0.5980888605117798,0.4636869430541992,0.9704855371900826,0.9674101135054002,0.0006750526315789474,False
4,393,0.40181416273117065,0.5981858372688293,0.4657368063926697,0.970676652892562,0.9677255163019499,0.0006741052631578948,False
4,394,0.4017181694507599,0.5982818603515625,0.4641248881816864,0.9710278925619835,0.9681909755083261,0.0006731578947368421,False
4,395,0.4016209840774536,0.5983790159225464,0.4619334638118744,0.9712861570247934,0.9685790829011911,0.0006722105263157895,False
4,396,0.40152695775032043,0.598473072052002,0.46114227175712585,0.9716270661157025,0.9690364685399435,0.0006712631578947368,False
4,397,0.4014340937137604,0.598565936088562,0.467185378074646,0.9713068181818183,0.968833157254564,0.0006703157894736843,False
4,398,0.40134602785110474,0.5986539721488953,0.4642634093761444,0.9715185950413223,0.9691385484857857,0.0006693684210526316,False
4,399,0.4012533128261566,0.598746657371521,0.4622095823287964,0.9716270661157026,0.9695622003974618,0.000668421052631579,False
4,400,0.4011644124984741,0.5988355875015259,0.469515323638916,0.97161673553719,0.969873719204633,0.0006674736842105263,False
4,401,0.4010770320892334,0.5989229083061218,0.4608330726623535,0.971720041322314,0.9702691713518069,0.0006665263157894737,False
4,402,0.4009885787963867,0.5990114212036133,0.461468905210495,0.9720092975206611,0.9705736503155981,0.0006655789473684211,False
4,403,0.40090593695640564,0.599094033241272,0.46115994453430176,0.9721177685950413,0.9707776960682777,0.0006646315789473684,False
4,404,0.40082693099975586,0.5991731286048889,0.4699164628982544,0.972293388429752,0.9711184838107335,0.0006636842105263158,False
4,405,0.40074920654296875,0.599250853061676,0.45864972472190857,0.9723605371900826,0.9711957716566926,0.0006627368421052632,False
4,406,0.4006619453430176,0.5993380546569824,0.4587440490722656,0.9725206611570247,0.9711909064550224,0.0006617894736842106,False
4,407,0.40057650208473206,0.5994234681129456,0.46470385789871216,0.972551652892562,0.971066930721444,0.0006608421052631579,False
4,408,0.4004914462566376,0.5995085835456848,0.45709025859832764,0.9725309917355371,0.9710262692622382,0.0006598947368421053,False
4,409,0.4004063010215759,0.5995936989784241,0.46018239855766296,0.9725103305785123,0.9708345465314361,0.0006589473684210526,False
4,410,0.4003206193447113,0.5996794104576111,0.4605877697467804,0.9724948347107438,0.9706688874525872,0.0006580000000000001,False
4,411,0.40024226903915405,0.599757730960846,0.4621976613998413,0.9726394628099173,0.9704384875204004,0.0006570526315789474,False
4,412,0.4001670479774475,0.5998329520225525,0.4617113471031189,0.9726188016528925,0.9702747485258201,0.0006561052631578948,False
4,413,0.40009161829948425,0.5999084115028381,0.45822858810424805,0.9727995867768594,0.9705747062847848,0.0006551578947368421,False
4,414,0.4000115394592285,0.5999884605407715,0.4602452218532562,0.9730165289256197,0.9706599860012246,0.0006542105263157896,False
4,415,0.39992937445640564,0.600070595741272,0.45264220237731934,0.9730785123966942,0.9708383393608424,0.0006532631578947368,False
4,416,0.39984622597694397,0.6001538038253784,0.46329057216644287,0.9731611570247933,0.9709930687039054,0.0006523157894736842,False
4,417,0.39975857734680176,0.6002414226531982,0.45777925848960876,0.9732231404958678,0.9712658072871296,0.0006513684210526316,False
4,418,0.39967119693756104,0.600328803062439,0.4555847644805908,0.973125,0.9710989278940352,0.0006504210526315789,False
4,419,0.39959096908569336,0.6004090905189514,0.46641016006469727,0.9729287190082645,0.9707865569869139,0.0006494736842105264,False
4,420,0.3995048999786377,0.6004951000213623,0.459564745426178,0.9728977272727273,0.9709153687569646,0.0006485263157894737,False
4,421,0.3994196057319641,0.6005803942680359,0.46211695671081543,0.9724586776859505,0.9705187039104564,0.0006475789473684211,False
4,422,0.39933010935783386,0.6006699204444885,0.45797252655029297,0.9721487603305784,0.9702193625573086,0.0006466315789473684,False
4,423,0.3992350399494171,0.6007649898529053,0.4654093384742737,0.9720661157024794,0.97056854364698,0.0006456842105263158,False
4,424,0.39914101362228394,0.6008589863777161,0.4525853395462036,0.9720919421487604,0.9705651520293569,0.0006447368421052632,False
4,425,0.3990517258644104,0.6009482741355896,0.45652034878730774,0.9718956611570249,0.9702734247184124,0.0006437894736842106,False
4,426,0.3989546298980713,0.6010454297065735,0.45969802141189575,0.9717045454545454,0.9700750561515064,0.0006428421052631579,False
4,427,0.39886394143104553,0.6011360883712769,0.4599456191062927,0.9712345041322313,0.9695607262064216,0.0006418947368421053,False
4,428,0.3987709581851959,0.6012290716171265,0.46410101652145386,0.9707076446280991,0.9689124372544775,0.0006409473684210527,False
4,429,0.39867958426475525,0.6013203859329224,0.45485568046569824,0.9704545454545455,0.9685625922812122,0.00064,False
4,430,0.3985860347747803,0.6014140248298645,0.457477331161499,0.9706921487603305,0.9687625531896313,0.0006390526315789474,False
4,431,0.39849764108657837,0.6015023589134216,0.46001121401786804,0.9708884297520661,0.968902170266007,0.0006381052631578948,False
4,432,0.3984162211418152,0.6015837788581848,0.45898330211639404,0.9714256198347107,0.9694647647700652,0.0006371578947368421,False
4,433,0.3983401656150818,0.6016597747802734,0.46028363704681396,0.9717820247933885,0.970114052981333,0.0006362105263157895,False
4,434,0.39826861023902893,0.6017314195632935,0.45646387338638306,0.9720247933884297,0.9703462732988649,0.000635263157894737,False
4,435,0.3981994390487671,0.6018005609512329,0.4564884305000305,0.9720092975206612,0.9700969879332035,0.0006343157894736842,False
4,436,0.3981251120567322,0.6018748879432678,0.4501815438270569,0.9717303719008263,0.9695788722964429,0.0006333684210526316,False
4,437,0.3980450928211212,0.6019549369812012,0.4595564305782318,0.9713739669421487,0.9689748909313166,0.0006324210526315789,False
4,438,0.39796561002731323,0.6020343899726868,0.45874521136283875,0.9710847107438016,0.9684048501817636,0.0006314736842105264,False
4,439,0.3978862762451172,0.6021137237548828,0.4579887390136719,0.9707076446280991,0.9677989134018046,0.0006305263157894737,False
4,440,0.3978084325790405,0.6021915674209595,0.4524327218532562,0.9704855371900826,0.9674670507188331,0.0006295789473684211,False
4,441,0.39772891998291016,0.6022710800170898,0.45203033089637756,0.9705165289256198,0.9675167367884313,0.0006286315789473684,False
4,442,0.3976486623287201,0.6023513674736023,0.45376208424568176,0.9709504132231405,0.9680667434120624,0.0006276842105263159,False
4,443,0.39757242798805237,0.6024275422096252,0.4647367000579834,0.971565082644628,0.9687219467235203,0.0006267368421052632,False
4,444,0.3974926471710205,0.6025074124336243,0.4570077657699585,0.9720196280991735,0.9695988871514527,0.0006257894736842106,False
4,445,0.3974135220050812,0.6025864481925964,0.46053534746170044,0.9721875000000001,0.9702319823213541,0.0006248421052631579,False
4,446,0.39733755588531494,0.6026624441146851,0.462562620639801,0.9722107438016528,0.9707503836131908,0.0006238947368421053,False
4,447,0.3972639739513397,0.6027359962463379,0.4565207064151764,0.9724121900826447,0.9711603833779535,0.0006229473684210527,False
4,448,0.39718806743621826,0.6028119325637817,0.45280927419662476,0.9724070247933885,0.9711229490792082,0.000622,False
4,449,0.3971090018749237,0.6028910279273987,0.46264785528182983,0.9724380165289257,0.9710666031766464,0.0006210526315789474,False
4,450,0.39703065156936646,0.6029693484306335,0.4490325152873993,0.9723760330578511,0.9708118972547485,0.0006201052631578947,False
4,451,0.39695167541503906,0.6030482649803162,0.4565019905567169,0.972448347107438,0.9706243830645617,0.0006191578947368421,False
4,452,0.3968721032142639,0.6031278967857361,0.45589500665664673,0.9723966942148761,0.9706100965716138,0.0006182105263157895,False
4,453,0.3967931270599365,0.6032068729400635,0.45401623845100403,0.9721126033057851,0.9703461981432221,0.000617263157894737,False
4,454,0.39670851826667786,0.6032914519309998,0.4648374319076538,0.971875,0.9698335153484561,0.0006163157894736842,False
4,455,0.39662668108940125,0.6033733487129211,0.45649537444114685,0.9719628099173554,0.9697270636174462,0.0006153684210526316,False
4,456,0.3965410888195038,0.6034589409828186,0.4514593183994293,0.9722055785123966,0.9696303152207931,0.000614421052631579,False
4,457,0.39646199345588684,0.6035379767417908,0.46044766902923584,0.972577479338843,0.9700946795096813,0.0006134736842105264,False
4,458,0.3963812589645386,0.6036187410354614,0.4516347646713257,0.9731301652892562,0.9706176779891406,0.0006125263157894737,False
4,459,0.3962973356246948,0.6037026643753052,0.45356184244155884,0.9734297520661157,0.9709304186717794,0.0006115789473684211,False
4,460,0.3962096869945526,0.603790283203125,0.45204341411590576,0.9734865702479338,0.970904946911994,0.0006106315789473684,False
4,461,0.39612215757369995,0.6038777828216553,0.4543609023094177,0.9731921487603307,0.9706726115070071,0.0006096842105263159,False
4,462,0.3960369825363159,0.6039630174636841,0.4534553289413452,0.9730010330578512,0.9705049035555475,0.0006087368421052633,False
4,463,0.3959476053714752,0.6040524244308472,0.4484134912490845,0.9730320247933884,0.9705396385702634,0.0006077894736842105,False
4,464,0.395862340927124,0.604137659072876,0.4493953585624695,0.972706611570248,0.9700192031915831,0.0006068421052631579,False
4,465,0.39577507972717285,0.6042249202728271,0.4466818869113922,0.9726136363636363,0.9699838847855027,0.0006058947368421052,False
4,466,0.3956892788410187,0.6043107509613037,0.4482836425304413,0.972629132231405,0.9701419969233096,0.0006049473684210527,False
4,467,0.3955966830253601,0.6044033169746399,0.451793372631073,0.9725206611570247,0.9702876147112028,0.000604,False
4,468,0.39550790190696716,0.6044920682907104,0.4528108835220337,0.9725619834710744,0.9706755774430842,0.0006030526315789474,False
4,469,0.3954220414161682,0.604577898979187,0.44941020011901855,0.9723863636363637,0.9706190383827097,0.0006021052631578947,False
4,470,0.395335853099823,0.6046642065048218,0.45184803009033203,0.9723657024793388,0.9707861858254034,0.0006011578947368422,False
4,471,0.3952554762363434,0.6047444939613342,0.4505968689918518,0.9721022727272728,0.9702836459791462,0.0006002105263157895,False
4,472,0.3951731026172638,0.6048269271850586,0.443617045879364,0.9719111570247934,0.9699463965359468,0.0005992631578947369,False
4,473,0.3950927257537842,0.604907214641571,0.4463464021682739,0.9717303719008265,0.969695638117136,0.0005983157894736842,False
4,474,0.3950135409832001,0.6049864888191223,0.44930851459503174,0.9717613636363636,0.9694642666731568,0.0005973684210526316,False
4,475,0.394939124584198,0.6050609350204468,0.44722694158554077,0.9719576446280992,0.9697083267039529,0.000596421052631579,False
4,476,0.3948693573474884,0.605130672454834,0.4481326639652252,0.9722675619834711,0.9702131026054394,0.0005954736842105265,False
4,477,0.39480090141296387,0.6051990985870361,0.4447236657142639,0.9726239669421488,0.9705228959855198,0.0005945263157894737,False
4,478,0.3947330713272095,0.6052668690681458,0.44416990876197815,0.9724173553719008,0.9703107977662048,0.0005935789473684211,False
4,479,0.39466625452041626,0.6053337454795837,0.4494962990283966,0.9724328512396694,0.970349744865405,0.0005926315789473684,False
4,480,0.3946012258529663,0.6053987741470337,0.45455241203308105,0.9724535123966942,0.9703548092873423,0.0005916842105263158,False
4,481,0.39453125,0.6054686903953552,0.4495081305503845,0.9723192148760331,0.9700754733924795,0.0005907368421052633,False
4,482,0.3944613039493561,0.6055386662483215,0.44559693336486816,0.9721177685950413,0.9698342484481406,0.0005897894736842105,False
4,483,0.39438819885253906,0.6056118011474609,0.45339810848236084,0.9724896694214876,0.9702697795677014,0.0005888421052631579,False
4,484,0.39431846141815186,0.6056815385818481,0.4566453695297241,0.9731198347107438,0.9709403643287935,0.0005878947368421053,False
4,485,0.3942437767982483,0.6057562232017517,0.44259148836135864,0.9733057851239669,0.9711114790587649,0.0005869473684210527,False
4,486,0.39416730403900146,0.6058326959609985,0.44807249307632446,0.9734710743801652,0.9713445489692667,0.000586,False
4,487,0.3940926790237427,0.6059073805809021,0.4439829885959625,0.9736105371900826,0.971627089015234,0.0005850526315789473,False
4,488,0.3940199613571167,0.6059800386428833,0.44594451785087585,0.9732179752066117,0.9713175492880795,0.0005841052631578947,False
4,489,0.39394479990005493,0.6060552000999451,0.44942745566368103,0.9731663223140496,0.971462132858035,0.0005831578947368421,False
4,490,0.39386922121047974,0.606130838394165,0.44948774576187134,0.9731818181818181,0.9718314085468378,0.0005822105263157896,False
4,491,0.39379844069480896,0.6062015891075134,0.44511011242866516,0.973228305785124,0.9718786287361214,0.0005812631578947368,False
4,492,0.3937261700630188,0.6062737703323364,0.4404936134815216,0.9732954545454545,0.9718664338489691,0.0005803157894736842,False
4,493,0.3936559557914734,0.6063441038131714,0.446611225605011,0.9732438016528926,0.9716671550139673,0.0005793684210526315,False
4,494,0.39358270168304443,0.6064172983169556,0.4486226737499237,0.9734452479338842,0.9719443391592231,0.000578421052631579,False
4,495,0.39351049065589905,0.6064894795417786,0.44686686992645264,0.9736776859504133,0.9722705889019246,0.0005774736842105263,False
4,496,0.39343470335006714,0.6065652966499329,0.4468228220939636,0.9736260330578512,0.9722775876686913,0.0005765263157894737,False
4,497,0.3933541774749756,0.6066458225250244,0.447591096162796,0.9734710743801652,0.9719790152889259,0.000575578947368421,False
4,498,0.39327698945999146,0.6067230105400085,0.4512931704521179,0.9736002066115703,0.9720517003265651,0.0005746315789473685,False
4,499,0.3931939899921417,0.6068060398101807,0.43967217206954956,0.9736828512396695,0.9720626401193553,0.0005736842105263159,False
4,500,0.39311665296554565,0.6068834066390991,0.44856250286102295,0.9736621900826445,0.9720117805964525,0.0005727368421052632,False
4,501,0.3930453360080719,0.6069546937942505,0.4473811388015747,0.9736363636363636,0.9717711470352368,0.0005717894736842105,False
4,502,0.39297810196876526,0.6070218682289124,0.44870877265930176,0.9738429752066116,0.972032390458588,0.0005708421052631579,False
4,503,0.3929104804992676,0.6070895195007324,0.44678395986557007,0.9739979338842976,0.9721505350135452,0.0005698947368421053,False
4,504,0.3928477168083191,0.6071522831916809,0.443621963262558,0.9745041322314049,0.9727305927560579,0.0005689473684210527,False
4,505,0.3927830755710602,0.6072168946266174,0.44330713152885437,0.9747107438016529,0.9731793457697205,0.000568,False
4,506,0.39271387457847595,0.6072860956192017,0.45005959272384644,0.9746745867768595,0.9732538741369344,0.0005670526315789473,False
4,507,0.39264237880706787,0.6073576211929321,0.4382266402244568,0.9745764462809918,0.9731245194489884,0.0005661052631578947,False
4,508,0.3925705552101135,0.6074294447898865,0.44517895579338074,0.9745351239669421,0.9729293938508076,0.0005651578947368421,False
4,509,0.39249491691589355,0.6075051426887512,0.4418525695800781,0.9744938016528926,0.9726604003624443,0.0005642105263157896,False
4,510,0.3924218416213989,0.6075781583786011,0.4432361125946045,0.9747469008264463,0.9728835138958926,0.0005632631578947368,False
4,511,0.392348974943161,0.6076510548591614,0.4435444176197052,0.975,0.9732027140945644,0.0005623157894736842,False
4,512,0.3922746479511261,0.6077253222465515,0.44255465269088745,0.9748140495867769,0.9728793975242209,0.0005613684210526316,False
4,513,0.3922048509120941,0.6077951192855835,0.44045722484588623,0.9747107438016528,0.9725609411987133,0.0005604210526315791,False
4,514,0.3921394646167755,0.6078605651855469,0.44434627890586853,0.9747210743801653,0.9725809137901659,0.0005594736842105263,False
4,515,0.3920786678791046,0.6079213619232178,0.4495067298412323,0.9746590909090909,0.9726610668571732,0.0005585263157894737,False
4,516,0.3920212686061859,0.6079787015914917,0.4444989562034607,0.974375,0.9723687620108754,0.000557578947368421,False
4,517,0.39196527004241943,0.6080347299575806,0.4417751729488373,0.9740444214876034,0.9721930125114095,0.0005566315789473684,False
4,518,0.3919120132923126,0.6080880165100098,0.44877520203590393,0.9735020661157024,0.9717760997164837,0.0005556842105263159,False
4,519,0.39185577630996704,0.608144223690033,0.44842225313186646,0.9727995867768595,0.9712442857704549,0.0005547368421052631,False
4,520,0.3917958438396454,0.6082041263580322,0.44009914994239807,0.9725309917355371,0.9710196236002766,0.0005537894736842105,False
4,521,0.3917335569858551,0.6082664728164673,0.44359004497528076,0.9721590909090909,0.970555166165073,0.0005528421052631578,False
4,522,0.391675740480423,0.6083242893218994,0.4451102018356323,0.9721849173553719,0.9703478508596252,0.0005518947368421053,False
4,523,0.3916206359863281,0.6083793640136719,0.44446077942848206,0.9721900826446281,0.969869639414302,0.0005509473684210527,False
4,524,0.39156273007392883,0.6084372997283936,0.4384477138519287,0.9722830578512396,0.969586463865372,0.00055,False
4,525,0.39150580763816833,0.608494222164154,0.44193822145462036,0.9722933884297521,0.9694040555260411,0.0005490526315789473,False
4,526,0.39144301414489746,0.6085569858551025,0.4492231011390686,0.9723192148760331,0.9692977458790472,0.0005481052631578948,False
4,527,0.3913813829421997,0.6086186170578003,0.44255200028419495,0.9728822314049587,0.9701769157292902,0.0005471578947368421,False
4,528,0.3913196325302124,0.6086803674697876,0.4367372691631317,0.973125,0.9707469880780645,0.0005462105263157896,False
4,529,0.3912598788738251,0.6087400913238525,0.44332587718963623,0.9731921487603306,0.9708461220079984,0.0005452631578947368,False
4,530,0.39119940996170044,0.6088005900382996,0.44486793875694275,0.9732644628099174,0.9711382736200996,0.0005443157894736843,False
4,531,0.3911392390727997,0.6088607311248779,0.4489680528640747,0.9736363636363636,0.9715013181699714,0.0005433684210526316,False
4,532,0.39107799530029297,0.608922004699707,0.443645179271698,0.9738119834710744,0.9715897528695977,0.000542421052631579,False
4,533,0.3910178542137146,0.6089820861816406,0.4394867420196533,0.9739514462809917,0.9717519314269536,0.0005414736842105263,False
4,534,0.3909570872783661,0.6090429425239563,0.4468318223953247,0.9741683884297521,0.9721265656360452,0.0005405263157894736,False
4,535,0.39089784026145935,0.6091021299362183,0.4439372718334198,0.9743336776859504,0.9725894552129927,0.0005395789473684211,False
4,536,0.3908371925354004,0.6091628074645996,0.4388975203037262,0.9741528925619835,0.9725187449219538,0.0005386315789473684,False
4,537,0.3907817602157593,0.609218180179596,0.44974327087402344,0.9739772727272729,0.9724177425689053,0.0005376842105263159,False
4,538,0.3907281756401062,0.6092718243598938,0.44442451000213623,0.9736621900826447,0.9719197110248189,0.0005367368421052631,False
4,539,0.3906700611114502,0.6093299984931946,0.4380072355270386,0.9735330578512397,0.9715840663701457,0.0005357894736842105,False
4,540,0.3906066119670868,0.6093933582305908,0.44064977765083313,0.9736260330578512,0.9714167781431586,0.0005348421052631579,False
4,541,0.3905472755432129,0.6094527244567871,0.4461054503917694,0.9738636363636364,0.9716509857040153,0.0005338947368421053,False
4,542,0.39048996567726135,0.6095100045204163,0.4456561207771301,0.9740392561983472,0.9716977835838863,0.0005329473684210526,False
4,543,0.39043352007865906,0.6095665097236633,0.44078323245048523,0.9738068181818181,0.9715542141633774,0.000532,False
4,544,0.3903767764568329,0.6096231937408447,0.4380103647708893,0.9737654958677686,0.971720291485283,0.0005310526315789474,False
4,545,0.39031746983528137,0.6096825003623962,0.4397657811641693,0.9736363636363636,0.9717422125462091,0.0005301052631578948,False
4,546,0.3902517855167389,0.6097481846809387,0.44254425168037415,0.9732489669421488,0.9712925941565586,0.0005291578947368421,False
4,547,0.3901834487915039,0.6098164916038513,0.4336129128932953,0.9731404958677686,0.9711169367367567,0.0005282105263157894,False
4,548,0.39011237025260925,0.6098876595497131,0.44146469235420227,0.9732128099173554,0.971167023685408,0.0005272631578947368,False
4,549,0.3900441527366638,0.6099558472633362,0.43823468685150146,0.9733626033057851,0.9710677544144534,0.0005263157894736842,False
4,550,0.3899746835231781,0.6100252866744995,0.43503236770629883,0.9734504132231405,0.9709758588910524,0.0005253684210526316,False
4,551,0.38990941643714905,0.6100906133651733,0.43858563899993896,0.9738068181818181,0.9714594453014416,0.000524421052631579,False
4,552,0.38984712958335876,0.6101528406143188,0.43370774388313293,0.9742355371900827,0.9719713763146667,0.0005234736842105263,False
4,553,0.38978269696235657,0.610217273235321,0.4392414093017578,0.9744163223140495,0.9722200460496484,0.0005225263157894736,False
4,554,0.3897186815738678,0.6102812886238098,0.4347878396511078,0.974638429752066,0.9726720396758946,0.0005215789473684211,False
4,555,0.3896561861038208,0.6103438138961792,0.4380272626876831,0.9748088842975207,0.972906963673465,0.0005206315789473684,False
4,556,0.38959622383117676,0.6104037761688232,0.43607714772224426,0.9750826446280991,0.9732816149100458,0.0005196842105263159,False
4,557,0.38953787088394165,0.6104621291160583,0.4340422451496124,0.9751549586776859,0.9733478543439451,0.0005187368421052631,False
4,558,0.3894800543785095,0.6105200052261353,0.43290627002716064,0.9751239669421488,0.9735286730879336,0.0005177894736842106,False
4,559,0.38942041993141174,0.6105795502662659,0.4461318850517273,0.9748811983471074,0.9732266513235722,0.0005168421052631579,False
4,560,0.38936224579811096,0.6106377243995667,0.4387896955013275,0.9744628099173553,0.9727296710725091,0.0005158947368421053,False
4,561,0.3893032371997833,0.6106967926025391,0.43690937757492065,0.9742561983471074,0.9725736271183171,0.0005149473684210526,False
4,562,0.3892487585544586,0.6107512712478638,0.43893054127693176,0.9743155991735537,0.97257657861429,0.000514,False
4,563,0.38919833302497864,0.610801637172699,0.44342654943466187,0.9741528925619835,0.9724696823851309,0.0005130526315789474,False
4,564,0.3891499638557434,0.6108500361442566,0.43673595786094666,0.973853305785124,0.9722880400760393,0.0005121052631578947,False
4,565,0.38910678029060364,0.6108932495117188,0.4351723790168762,0.9736363636363636,0.972059934532793,0.0005111578947368422,False
4,566,0.3890658915042877,0.6109341382980347,0.44214144349098206,0.9733212809917355,0.971774445314781,0.0005102105263157894,False
4,567,0.3890238404273987,0.6109762191772461,0.43488389253616333,0.9731818181818181,0.9716714617866081,0.0005092631578947368,False
4,568,0.38897866010665894,0.6110213398933411,0.43720537424087524,0.9731973140495868,0.9717015371873143,0.0005083157894736842,False
4,569,0.38893401622772217,0.6110659837722778,0.43211644887924194,0.9736260330578512,0.9722459477094572,0.0005073684210526316,False
4,570,0.38888731598854065,0.611112654209137,0.43891847133636475,0.973904958677686,0.9726956800028119,0.000506421052631579,False
4,571,0.3888440728187561,0.6111559271812439,0.43916264176368713,0.9741735537190083,0.9730815185167767,0.0005054736842105263,False
4,572,0.38879716396331787,0.6112028956413269,0.43391114473342896,0.9743956611570247,0.9734420528867208,0.0005045263157894737,False
4,573,0.3887512981891632,0.6112486720085144,0.44322675466537476,0.9743698347107438,0.9734960448634244,0.0005035789473684211,False
4,574,0.3887122571468353,0.6112877726554871,0.43735471367836,0.9743130165289257,0.9734839342871955,0.0005026315789473684,False
4,575,0.3886707127094269,0.6113293170928955,0.43969929218292236,0.9742768595041322,0.9734679654657497,0.0005016842105263159,False
4,576,0.38862478733062744,0.6113752126693726,0.4355837106704712,0.9741270661157024,0.9732600840264352,0.0005007368421052631,False
4,577,0.38857707381248474,0.6114229559898376,0.42855918407440186,0.97400826446281,0.9730123904631975,0.0004997894736842106,False
4,578,0.38853198289871216,0.6114680767059326,0.4346827268600464,0.9739927685950414,0.9730055923280707,0.0004988421052631579,False
4,579,0.38848721981048584,0.6115128397941589,0.4288049042224884,0.9740547520661157,0.9729099819633145,0.0004978947368421053,False
4,580,0.3884461224079132,0.6115538477897644,0.4356147050857544,0.9741942148760331,0.9728353947765516,0.0004969473684210526,False
4,581,0.3883999288082123,0.6116001009941101,0.43752604722976685,0.9738739669421488,0.9720237797889992,0.0004959999999999999,False
4,582,0.3883519470691681,0.6116480827331543,0.43285587430000305,0.973620867768595,0.9716695667424177,0.0004950526315789474,False
4,583,0.38830217719078064,0.611697793006897,0.4280988276004791,0.9734504132231404,0.97130128522365,0.0004941052631578947,False
4,584,0.388253390789032,0.611746609210968,0.43502277135849,0.9735072314049587,0.9713927042343722,0.0004931578947368422,False
4,585,0.388207346200943,0.6117926836013794,0.4402531683444977,0.9737448347107439,0.9716831764554045,0.0004922105263157894,False
4,586,0.38815587759017944,0.6118441224098206,0.4384322464466095,0.9741115702479339,0.9718567923796964,0.0004912631578947369,False
4,587,0.38810840249061584,0.6118916273117065,0.4362812936306,0.9744059917355372,0.9719586807345169,0.0004903157894736842,False
4,588,0.38806527853012085,0.6119347214698792,0.4408416450023651,0.9743595041322314,0.9715844476787916,0.0004893684210526316,False
4,589,0.3880203366279602,0.6119796633720398,0.4341335892677307,0.974297520661157,0.9713134687847816,0.000488421052631579,False
4,590,0.38797569274902344,0.6120243072509766,0.4364728629589081,0.9742613636363637,0.9710974167058158,0.0004874736842105263,False
4,591,0.3879285156726837,0.6120715141296387,0.43579477071762085,0.9739772727272727,0.9709529652027059,0.0004865263157894737,False
4,592,0.3878840208053589,0.6121159791946411,0.4373900592327118,0.9738636363636365,0.9708578245932673,0.00048557894736842103,False
4,593,0.38783591985702515,0.6121640801429749,0.4363419711589813,0.9738739669421488,0.9709628020004454,0.0004846315789473684,False
4,594,0.387787789106369,0.6122122406959534,0.43438205122947693,0.9736002066115703,0.9708669145766015,0.00048368421052631574,False
4,595,0.38774070143699646,0.6122593283653259,0.4375128149986267,0.9734297520661156,0.970677795149027,0.00048273684210526307,False
4,596,0.3876935839653015,0.6123064160346985,0.43976616859436035,0.9732438016528925,0.9706087058007551,0.0004817894736842105,False
4,597,0.3876522183418274,0.6123477220535278,0.4380636215209961,0.9729907024793387,0.9703534686533598,0.0004808421052631578,False
4,598,0.3876066207885742,0.6123933792114258,0.43682822585105896,0.9728977272727273,0.970172010206003,0.00047989473684210526,False
4,599,0.38755926489830017,0.6124407052993774,0.4350301921367645,0.9725723140495868,0.9698091723634983,0.0004789473684210526,False
4,600,0.38751232624053955,0.6124876737594604,0.43796205520629883,0.9720092975206612,0.9689972874411766,0.000478,False
4,601,0.38746845722198486,0.6125314831733704,0.4360883831977844,0.9716270661157024,0.9686979671096483,0.00047705263157894734,False
4,602,0.3874245285987854,0.6125754117965698,0.43972641229629517,0.971559917355372,0.9686347354022707,0.00047610526315789467,False
4,603,0.38738006353378296,0.6126198768615723,0.4357236325740814,0.9716528925619835,0.968912693759404,0.0004751578947368421,False
4,604,0.3873368799686432,0.6126631498336792,0.4311322867870331,0.9721229338842975,0.969690431828444,0.00047421052631578943,False
4,605,0.3872961401939392,0.6127038598060608,0.43572932481765747,0.9726601239669421,0.9705058269126152,0.00047326315789473686,False
4,606,0.3872472941875458,0.6127527356147766,0.43964090943336487,0.973202479338843,0.971634532007728,0.0004723157894736842,False
4,607,0.3871953785419464,0.612804651260376,0.43079859018325806,0.9736776859504133,0.9724233441608987,0.0004713684210526316,False
4,608,0.38714665174484253,0.6128533482551575,0.43685126304626465,0.9737551652892562,0.9725801186394848,0.00047042105263157895,False
4,609,0.38709646463394165,0.6129035353660583,0.43269431591033936,0.9734400826446281,0.9723164741491517,0.0004694736842105263,False
4,610,0.38704827427864075,0.6129516959190369,0.4346765875816345,0.9731559917355372,0.9721080387043011,0.00046852631578947365,False
4,611,0.3870050013065338,0.6129950284957886,0.4382731020450592,0.973150826446281,0.9719000103379943,0.000467578947368421,False
4,612,0.3869626522064209,0.6130373477935791,0.43136608600616455,0.9729855371900826,0.9716109501748744,0.0004666315789473684,False
4,613,0.386921763420105,0.613078236579895,0.4359516203403473,0.97286673553719,0.9714857763060643,0.00046568421052631574,False
4,614,0.38688337802886963,0.6131166219711304,0.43049439787864685,0.9732283057851239,0.9720924099142675,0.00046473684210526317,False
4,615,0.3868393898010254,0.6131605505943298,0.4348808228969574,0.9733574380165291,0.9724638113406779,0.0004637894736842105,False
4,616,0.38679108023643494,0.6132088899612427,0.43071749806404114,0.9735950413223141,0.9729458217081597,0.00046284210526315793,False
4,617,0.386741042137146,0.6132590174674988,0.432717889547348,0.973538223140496,0.9730832410042924,0.00046189473684210525,False
4,618,0.386691153049469,0.613308846950531,0.4344463050365448,0.9736621900826447,0.9733207068791883,0.0004609473684210526,False
4,619,0.3866433799266815,0.6133566498756409,0.42899197340011597,0.9739411157024794,0.9736317620545637,0.00046,False
4,620,0.3865923285484314,0.6134077310562134,0.4234234690666199,0.9740754132231405,0.9737209107918917,0.00045905263157894734,False
4,621,0.3865421712398529,0.6134578585624695,0.4296349883079529,0.9742407024793388,0.9738070560813598,0.0004581052631578948,False
4,622,0.38649284839630127,0.6135071516036987,0.4382207989692688,0.9742923553719008,0.9738804029152531,0.0004571578947368421,False
4,623,0.38644447922706604,0.6135554909706116,0.43645980954170227,0.9740754132231404,0.9736812570741262,0.0004562105263157895,False
4,624,0.3863959014415741,0.6136040687561035,0.42846447229385376,0.9741580578512397,0.9737519866601695,0.0004552631578947368,False
4,625,0.3863520920276642,0.6136478781700134,0.4360872209072113,0.9741787190082645,0.9737769593398169,0.00045431578947368413,False
4,626,0.3863087296485901,0.6136912703514099,0.4280208349227905,0.974271694214876,0.9738011980210113,0.00045336842105263156,False
4,627,0.3862645626068115,0.6137354373931885,0.43016910552978516,0.9742923553719007,0.973748863867037,0.0004524210526315789,False
4,628,0.38621947169303894,0.6137804985046387,0.4263637363910675,0.9741580578512397,0.9735411936716134,0.0004514736842105263,False
4,629,0.386175274848938,0.613824725151062,0.4348719120025635,0.9739566115702479,0.9732318193458085,0.00045052631578947365,False
4,630,0.38613298535346985,0.6138669848442078,0.4262952506542206,0.9737913223140495,0.9729899429853522,0.0004495789473684211,False
4,631,0.38608649373054504,0.6139134764671326,0.4322267770767212,0.9736157024793388,0.9726930973217369,0.0004486315789473684,False
4,632,0.3860400319099426,0.6139600276947021,0.43234992027282715,0.9732644628099174,0.9722961783746478,0.00044768421052631573,False
4,633,0.3859981596469879,0.6140018105506897,0.43343114852905273,0.9729338842975206,0.9719297974024033,0.00044673684210526317,False
4,634,0.3859626352787018,0.6140373945236206,0.43032777309417725,0.9729028925619835,0.9718856472273273,0.0004457894736842105,False
4,635,0.38592344522476196,0.6140766143798828,0.43022018671035767,0.9729597107438017,0.9719301198845228,0.0004448421052631579,False
4,636,0.3858896791934967,0.6141102910041809,0.4349583685398102,0.9730578512396694,0.9720779971931333,0.00044389473684210525,False
4,637,0.38585782051086426,0.6141422390937805,0.43327903747558594,0.9731404958677685,0.9721655662126968,0.0004429473684210527,False
4,638,0.38582417368888855,0.6141758561134338,0.42759260535240173,0.9732231404958678,0.9722729560054962,0.000442,False
4,639,0.38579005002975464,0.6142099499702454,0.4336927533149719,0.9731973140495868,0.9721128179796569,0.00044105263157894734,False
4,640,0.38575616478919983,0.6142438650131226,0.42798441648483276,0.9732231404958678,0.9720745804330525,0.0004401052631578947,False
4,641,0.3857223391532898,0.6142776608467102,0.4331698417663574,0.9733522727272728,0.9720143332125779,0.00043915789473684204,False
4,642,0.3856794536113739,0.6143205165863037,0.4286429286003113,0.9734452479338843,0.9720141933487869,0.0004382105263157895,False
4,643,0.3856351375579834,0.6143648624420166,0.4335392713546753,0.9735847107438016,0.9721476653824326,0.0004372631578947368,False
4,644,0.38558971881866455,0.6144103407859802,0.42741963267326355,0.9735640495867769,0.9722131831818556,0.00043631578947368423,False
4,645,0.385542094707489,0.614457905292511,0.42734137177467346,0.9736157024793388,0.9723128922047773,0.00043536842105263156,False
4,646,0.3854934275150299,0.6145065426826477,0.4254479706287384,0.9735072314049587,0.9722326875308318,0.0004344210526315789,False
4,647,0.38544657826423645,0.6145533919334412,0.4261641800403595,0.9735640495867769,0.9723956381904812,0.0004334736842105263,False
4,648,0.3853990435600281,0.6146008968353271,0.42849671840667725,0.9735123966942149,0.9723365880499791,0.00043252631578947364,False
4,649,0.3853532075881958,0.6146467328071594,0.4287363290786743,0.9735743801652892,0.9724480249448348,0.0004315789473684211,False
4,650,0.3853088915348053,0.6146911382675171,0.4262000322341919,0.973698347107438,0.9726064055582224,0.0004306315789473684,False
4,651,0.3852616548538208,0.614738404750824,0.42317095398902893,0.9736776859504133,0.9726085387686959,0.00042968421052631584,False
4,652,0.3852164149284363,0.6147835850715637,0.42942196130752563,0.9735072314049587,0.97227508037133,0.00042873684210526316,False
4,653,0.3851698040962219,0.6148301959037781,0.42947226762771606,0.9733212809917355,0.9720627239165794,0.0004277894736842105,False
4,654,0.38512325286865234,0.6148766875267029,0.4321882426738739,0.9728357438016529,0.9715095725936937,0.00042684210526315787,False
4,655,0.38507968187332153,0.6149203181266785,0.4294266998767853,0.9724328512396695,0.9710709235054193,0.0004258947368421052,False
4,656,0.38503724336624146,0.6149628162384033,0.4278368055820465,0.9720144628099174,0.9705126328353734,0.0004249473684210526,False
4,657,0.3849960267543793,0.6150039434432983,0.42619168758392334,0.971900826446281,0.9703793399627524,0.00042399999999999995,False
4,658,0.38495349884033203,0.615046501159668,0.42615342140197754,0.9720661157024792,0.9704498153618972,0.0004230526315789474,False
4,659,0.3849180042743683,0.6150819659233093,0.42622488737106323,0.9722727272727273,0.970560121790986,0.0004221052631578947,False
4,660,0.38488271832466125,0.6151173114776611,0.4312920570373535,0.9725826446280991,0.9707991487020404,0.00042115789473684204,False
4,661,0.38485175371170044,0.6151482462882996,0.4250241219997406,0.9729028925619835,0.971090597975936,0.00042021052631578947,False
4,662,0.38482239842414856,0.6151776313781738,0.4291123151779175,0.973099173553719,0.9713025532588433,0.0004192631578947368,False
4,663,0.3847939670085907,0.6152060031890869,0.4241373836994171,0.9730940082644629,0.9711842821274281,0.00041831578947368423,False
4,664,0.3847651779651642,0.6152347922325134,0.42796099185943604,0.9733471074380164,0.9714184054114902,0.00041736842105263156,False
4,665,0.3847329318523407,0.6152670979499817,0.42845699191093445,0.9735743801652892,0.9715375439085133,0.000416421052631579,False
4,666,0.38470181822776794,0.6152981519699097,0.4259008467197418,0.973646694214876,0.9716243053252617,0.0004154736842105263,False
4,667,0.38466978073120117,0.6153302788734436,0.4256449341773987,0.9735795454545454,0.9715779542637979,0.00041452631578947364,False
4,668,0.3846425712108612,0.6153574585914612,0.4308488667011261,0.9734607438016529,0.9715311086010565,0.0004135789473684211,False
4,669,0.3846145272254944,0.6153854131698608,0.4262595474720001,0.9733832644628099,0.9715455293591195,0.0004126315789473684,False
4,670,0.38457998633384705,0.6154199838638306,0.42652079463005066,0.9732231404958678,0.9714968719041521,0.0004116842105263158,False
4,671,0.3845452666282654,0.6154547333717346,0.4194200932979584,0.973099173553719,0.9715127604259921,0.0004107368421052631,False
4,672,0.3845076560974121,0.6154923439025879,0.422197163105011,0.97286673553719,0.9711945272173256,0.00040978947368421054,False
4,673,0.38447025418281555,0.6155297160148621,0.42308250069618225,0.9727840909090909,0.9710175249310405,0.00040884210526315786,False
4,674,0.3844342529773712,0.6155657172203064,0.4251401722431183,0.9730371900826446,0.9712187524686683,0.0004078947368421052,False
4,675,0.38439396023750305,0.6156060099601746,0.43365687131881714,0.9731611570247933,0.9714660236200712,0.0004069473684210526,False
4,676,0.38435590267181396,0.615644097328186,0.4272581934928894,0.9731818181818181,0.9715808694086878,0.00040599999999999995,False
4,677,0.38431262969970703,0.6156874299049377,0.41882121562957764,0.973465909090909,0.9719427909573474,0.0004050526315789474,False
4,678,0.3842703402042389,0.6157296895980835,0.42633524537086487,0.9737086776859504,0.9722476243153596,0.0004041052631578947,False
4,679,0.38423100113868713,0.6157690286636353,0.4268108308315277,0.9743026859504131,0.9728787796613263,0.00040315789473684214,False
4,680,0.3841920495033264,0.6158078908920288,0.42224425077438354,0.9745402892561983,0.9732499557063224,0.00040221052631578947,False
4,681,0.38415437936782837,0.6158456206321716,0.4226939082145691,0.9750154958677686,0.9738061202506404,0.0004012631578947368,False
4,682,0.38411641120910645,0.6158835887908936,0.4252038598060608,0.9751188016528926,0.9739975678285167,0.0004003157894736842,False
4,683,0.38407787680625916,0.6159220933914185,0.42606982588768005,0.9751446280991735,0.9741186584480765,0.00039936842105263155,False
4,684,0.38403910398483276,0.6159608960151672,0.42975929379463196,0.9750981404958677,0.974148862800347,0.000398421052631579,False
4,685,0.38399532437324524,0.6160046458244324,0.4261571764945984,0.9749690082644629,0.9741458790815292,0.0003974736842105263,False
4,686,0.3839558959007263,0.6160441040992737,0.42615482211112976,0.9746642561983471,0.9740055924155429,0.0003965263157894737,False
4,687,0.38391968607902527,0.6160802841186523,0.43285953998565674,0.9745764462809918,0.9741163405602115,0.000395578947368421,False
4,688,0.3838861882686615,0.6161138415336609,0.4273563027381897,0.9745299586776859,0.9741615063732245,0.00039463157894736834,False
4,689,0.3838516175746918,0.6161484122276306,0.43183186650276184,0.9745919421487603,0.9742804406681543,0.0003936842105263158,False
4,690,0.38381797075271606,0.6161819696426392,0.4213210940361023,0.9745661157024793,0.9742370230050892,0.0003927368421052631,False
4,691,0.3837842047214508,0.6162158250808716,0.42705294489860535,0.9746487603305785,0.9743381755765546,0.00039178947368421053,False
4,692,0.3837515413761139,0.6162484288215637,0.42663517594337463,0.9746229338842975,0.9743713622974011,0.00039084210526315786,False
4,693,0.3837185502052307,0.6162814497947693,0.42464280128479004,0.9746177685950413,0.9744079621156503,0.0003898947368421053,False
4,694,0.38368383049964905,0.6163161993026733,0.4247639775276184,0.974659090909091,0.9746336506681512,0.0003889473684210526,False
4,695,0.38364899158477783,0.6163510680198669,0.42010724544525146,0.9746177685950412,0.9747543665701907,0.00038799999999999994,False
4,696,0.38361412286758423,0.616385817527771,0.42346686124801636,0.9742665289256199,0.9744427868251104,0.0003870526315789474,False
4,697,0.3835793435573578,0.6164206266403198,0.42116761207580566,0.9740547520661157,0.9742441331413627,0.0003861052631578947,False
4,698,0.383545458316803,0.616454541683197,0.4253987669944763,0.9738119834710743,0.9739228614404808,0.00038515789473684214,False
4,699,0.38351210951805115,0.6164878606796265,0.42663338780403137,0.9734297520661157,0.9735233449071344,0.00038421052631578946,False
4,700,0.3834777772426605,0.6165221929550171,0.43147435784339905,0.9729338842975207,0.9728902545108686,0.00038326315789473684,False
4,701,0.38344159722328186,0.6165584325790405,0.4241282641887665,0.972629132231405,0.9723943170120373,0.00038231578947368417,False
4,702,0.38340118527412415,0.6165988445281982,0.42251065373420715,0.9723966942148761,0.9720932644730017,0.0003813684210526315,False
4,703,0.38336125016212463,0.616638720035553,0.42183631658554077,0.9723553719008264,0.9719905671641316,0.00038042105263157893,False
4,704,0.38331979513168335,0.6166802048683167,0.4293712377548218,0.9725154958677685,0.9723221369217012,0.00037947368421052625,False
4,705,0.38328269124031067,0.6167173385620117,0.4237886071205139,0.9725619834710744,0.9724105028317533,0.0003785263157894737,False
4,706,0.38324713706970215,0.6167528033256531,0.4212339222431183,0.9725671487603307,0.9725070205561743,0.000377578947368421,False
4,707,0.3832118511199951,0.6167881488800049,0.421654611825943,0.9723295454545454,0.9722741338386939,0.00037663157894736845,False
4,708,0.3831746280193329,0.6168254017829895,0.42487454414367676,0.9723657024793388,0.972358961419035,0.00037568421052631577,False
4,709,0.38313424587249756,0.6168657541275024,0.42027604579925537,0.9722314049586778,0.9722403007129428,0.0003747368421052631,False
4,710,0.38309410214424133,0.6169058680534363,0.42919617891311646,0.9720712809917355,0.9720813663630065,0.00037378947368421053,False
4,711,0.38305726647377014,0.6169427633285522,0.4295004606246948,0.9723140495867768,0.9723560656211313,0.00037284210526315786,False
4,712,0.3830235004425049,0.6169765591621399,0.42868855595588684,0.9727272727272727,0.972901797148288,0.0003718947368421053,False
4,713,0.38298988342285156,0.6170101165771484,0.4235326051712036,0.9730371900826447,0.9733698940985884,0.0003709473684210526,False
4,714,0.3829587996006012,0.6170412302017212,0.42793503403663635,0.9735020661157024,0.9739161372292436,0.00037000000000000005,False
4,715,0.38292819261550903,0.617071807384491,0.42527851462364197,0.9740289256198348,0.9745362272380296,0.0003690526315789474,False
4,716,0.3828962445259094,0.6171038150787354,0.41694796085357666,0.9743698347107438,0.9748919895651089,0.0003681052631578947,False
4,717,0.38286587595939636,0.617134153842926,0.4236423671245575,0.974504132231405,0.9750911563543481,0.0003671578947368421,False
4,718,0.3828315734863281,0.6171684861183167,0.4257570803165436,0.9744473140495867,0.9750734955260433,0.0003662105263157894,False
4,719,0.3827972412109375,0.6172027587890625,0.4220545291900635,0.9742716942148759,0.9748773938476807,0.00036526315789473684,False
4,720,0.38276514410972595,0.6172348260879517,0.4223882257938385,0.9741373966942148,0.9747244654744972,0.00036431578947368416,False
4,721,0.38273119926452637,0.6172688007354736,0.42723265290260315,0.974090909090909,0.9746421246806427,0.0003633684210526316,False
4,722,0.3826937973499298,0.6173062324523926,0.42272254824638367,0.9739979338842976,0.9744013635547641,0.0003624210526315789,False
4,723,0.3826567232608795,0.6173433065414429,0.4194473922252655,0.9738946280991735,0.974153937519012,0.00036147368421052625,False
4,724,0.38262301683425903,0.617376983165741,0.4147651493549347,0.9739101239669422,0.9740738336288146,0.0003605263157894737,False
4,725,0.3825864791870117,0.6174135208129883,0.4203464984893799,0.9743181818181819,0.9743681523344798,0.000359578947368421,False
4,726,0.38255438208580017,0.6174456477165222,0.4255146086215973,0.9745299586776859,0.9745663973430494,0.00035863157894736844,False
4,727,0.38252168893814087,0.6174783110618591,0.4242420196533203,0.9745712809917355,0.9746856308183862,0.00035768421052631577,False
4,728,0.3824929893016815,0.6175070405006409,0.4217403531074524,0.974612603305785,0.9747262257993725,0.0003567368421052632,False
4,729,0.3824654817581177,0.6175345182418823,0.4275323152542114,0.9746849173553719,0.9747071725195022,0.0003557894736842105,False
4,730,0.38243675231933594,0.6175631880760193,0.42176511883735657,0.9747262396694215,0.9747498978635732,0.00035484210526315785,False
4,731,0.3824077546596527,0.6175922751426697,0.4188540577888489,0.9748037190082645,0.9747372459167456,0.00035389473684210523,False
4,732,0.3823792636394501,0.6176207661628723,0.41729119420051575,0.9750258264462809,0.9749284417883036,0.00035294736842105256,False
4,733,0.3823508024215698,0.6176491975784302,0.4208146929740906,0.975025826446281,0.9748520653526231,0.000352,False
4,734,0.3823249936103821,0.6176749467849731,0.4306996464729309,0.975025826446281,0.9748419742444402,0.0003510526315789473,False
4,735,0.38229820132255554,0.6177018284797668,0.4194847047328949,0.9751136363636362,0.9749854749744643,0.00035010526315789475,False
4,736,0.3822711408138275,0.6177288889884949,0.41963744163513184,0.9752066115702479,0.9750670048072451,0.0003491578947368421,False
4,737,0.3822456896305084,0.6177542805671692,0.42476996779441833,0.9753305785123966,0.9752858964103729,0.0003482105263157894,True
4,738,0.3822222650051117,0.6177777051925659,0.4216856360435486,0.9752944214876033,0.9753796373416961,0.00034726315789473683,False
4,739,0.3821972608566284,0.6178027391433716,0.42232391238212585,0.9751342975206612,0.9752287177512454,0.00034631578947368416,False
4,740,0.3821766972541809,0.6178233027458191,0.4177738130092621,0.9749845041322314,0.9751346452071111,0.0003453684210526316,False
4,741,0.38215547800064087,0.6178445219993591,0.41688644886016846,0.9750413223140496,0.975183885453013,0.0003444210526315789,False
4,742,0.3821329176425934,0.6178670525550842,0.4269694983959198,0.974943181818182,0.9751023869331246,0.00034347368421052635,False
4,743,0.38210970163345337,0.6178902983665466,0.4220980703830719,0.9747882231404958,0.9749477858636629,0.0003425263157894737,False
4,744,0.38208848237991333,0.6179115176200867,0.42401349544525146,0.9747675619834709,0.9749110374761912,0.000341578947368421,False
4,745,0.3820653557777405,0.6179347038269043,0.42365893721580505,0.9745144628099174,0.97465198504682,0.00034063157894736844,False
4,746,0.3820401430130005,0.6179597973823547,0.4178176522254944,0.9743130165289257,0.9744136457804754,0.00033968421052631576,False
4,747,0.3820152282714844,0.6179847717285156,0.4180104732513428,0.9742355371900827,0.9742644390919155,0.0003387368421052632,False
4,748,0.38199087977409363,0.618009090423584,0.4157630503177643,0.9741373966942148,0.9740210628212291,0.0003377894736842105,False
4,749,0.3819693326950073,0.6180306673049927,0.4184073507785797,0.9741735537190083,0.9738153590503349,0.00033684210526315796,False
4,750,0.38194870948791504,0.6180513501167297,0.42498767375946045,0.9743078512396695,0.9737420691569664,0.0003358947368421053,False
4,751,0.3819302022457123,0.6180698275566101,0.417587548494339,0.9744989669421488,0.9738295661503852,0.0003349473684210526,False
4,752,0.38190901279449463,0.6180909872055054,0.4124126136302948,0.9744421487603305,0.973631511002745,0.000334,False
4,753,0.3818862736225128,0.6181136965751648,0.41844895482063293,0.9742768595041322,0.9732346035149109,0.0003330526315789473,False
4,754,0.38186150789260864,0.6181384921073914,0.4188765287399292,0.973982438016529,0.9727180946479269,0.00033210526315789475,False
4,755,0.38183605670928955,0.6181639432907104,0.42380791902542114,0.9737551652892561,0.9722528388108728,0.00033115789473684207,False
4,756,0.38181063532829285,0.6181893348693848,0.4263365864753723,0.9733006198347107,0.9715529287148903,0.0003302105263157895,False
4,757,0.38178199529647827,0.6182180047035217,0.4211825728416443,0.9727840909090909,0.9707552266371542,0.00032926315789473683,False
4,758,0.38175076246261597,0.618249237537384,0.4228436052799225,0.9725723140495868,0.9701162712127235,0.00032831578947368416,False
4,759,0.38171595335006714,0.6182840466499329,0.4149463176727295,0.9726188016528926,0.9700120560717377,0.0003273684210526316,False
4,760,0.38168275356292725,0.6183173060417175,0.4214716851711273,0.9727582644628099,0.9702304013059531,0.0003264210526315789,False
4,761,0.3816531300544739,0.6183468103408813,0.42206108570098877,0.9728925619834711,0.9703992095759666,0.00032547368421052635,False
4,762,0.38162168860435486,0.6183782815933228,0.4158530533313751,0.9731921487603306,0.9708754830886017,0.0003245263157894737,False
4,763,0.3815879225730896,0.6184120774269104,0.4171127676963806,0.9733367768595041,0.9709431969887455,0.0003235789473684211,False
4,764,0.3815535306930542,0.6184464693069458,0.4208108186721802,0.9735072314049587,0.9711849918838869,0.00032263157894736843,False
4,765,0.38152074813842773,0.6184792518615723,0.4220063090324402,0.9736673553719007,0.9716757538001062,0.0003216842105263158,False
4,766,0.38149547576904297,0.6185045838356018,0.41967910528182983,0.9736828512396695,0.9717640900334216,0.00032073684210526314,False
4,767,0.3814700245857239,0.6185300350189209,0.40915751457214355,0.9736415289256198,0.9717508963571458,0.00031978947368421046,False
4,768,0.38144275546073914,0.6185572147369385,0.419156551361084,0.9736621900826447,0.9719231554385485,0.0003188421052631579,False
4,769,0.38141685724258423,0.618583083152771,0.421356201171875,0.9737551652892562,0.972084942665405,0.0003178947368421052,False
4,770,0.3813885748386383,0.6186114549636841,0.4221540093421936,0.9737138429752066,0.9721015802591952,0.00031694736842105266,False
4,771,0.38135960698127747,0.6186404228210449,0.42048439383506775,0.973724173553719,0.9722061575522756,0.000316,False
4,772,0.3813263773918152,0.6186736226081848,0.4170149564743042,0.9739566115702479,0.9726805209182809,0.0003150526315789474,False
4,773,0.3812970519065857,0.6187028884887695,0.42161911725997925,0.9740909090909091,0.9728430030428886,0.00031410526315789474,False
4,774,0.38126853108406067,0.6187314987182617,0.41670361161231995,0.9740650826446281,0.9728396319036974,0.00031315789473684207,False
4,775,0.38124290108680725,0.6187570691108704,0.420396625995636,0.9740857438016529,0.9729585268997789,0.0003122105263157895,False
4,776,0.3812182545661926,0.6187817454338074,0.4185141623020172,0.9740960743801652,0.9730567865116685,0.00031126315789473683,False
4,777,0.3811969459056854,0.6188030242919922,0.41797950863838196,0.9741528925619836,0.9731378792205647,0.00031031578947368426,False
4,778,0.38117077946662903,0.6188291907310486,0.41861650347709656,0.9739152892561984,0.9728074847081764,0.0003093684210526316,False
4,779,0.38114356994628906,0.6188564896583557,0.4195411503314972,0.9737086776859505,0.9725250413059205,0.000308421052631579,False
4,780,0.38111427426338196,0.6188856959342957,0.41784539818763733,0.9735433884297521,0.9724078132658215,0.00030747368421052635,False
4,781,0.3810842037200928,0.6189157962799072,0.41804230213165283,0.973465909090909,0.9725247440958922,0.00030652631578947367,False
4,782,0.38105911016464233,0.6189409494400024,0.41691505908966064,0.9734710743801652,0.9726275087984413,0.00030557894736842105,False
4,783,0.38103508949279785,0.6189648509025574,0.4159267246723175,0.9735330578512397,0.9727017051435802,0.0003046315789473684,False
4,784,0.38101091980934143,0.6189890503883362,0.4161672592163086,0.973512396694215,0.9726942863306611,0.0003036842105263158,False
4,785,0.3809853792190552,0.6190146803855896,0.4160136282444,0.9734297520661157,0.972639335966627,0.00030273684210526314,False
4,786,0.38096052408218384,0.6190394759178162,0.41657984256744385,0.9734039256198347,0.9726759577421885,0.00030178947368421057,False
4,787,0.38093137741088867,0.6190686225891113,0.4183614253997803,0.9733006198347107,0.9726080686664845,0.0003008421052631579,False
4,788,0.38090312480926514,0.6190968751907349,0.41912776231765747,0.973279958677686,0.9725207408796928,0.0002998947368421052,False
4,789,0.3808717131614685,0.6191282868385315,0.4195367097854614,0.9732489669421488,0.972456186233941,0.00029894736842105265,False
4,790,0.3808410167694092,0.6191590428352356,0.4207429885864258,0.9733006198347107,0.9724739122249212,0.000298,False
4,791,0.3808118402957916,0.6191881895065308,0.4208662509918213,0.9734969008264464,0.9725817900866043,0.0002970526315789474,False
4,792,0.38078343868255615,0.6192165017127991,0.4207078814506531,0.9735433884297521,0.9725154230594955,0.00029610526315789474,False
4,793,0.38075390458106995,0.6192460656166077,0.416157603263855,0.9737138429752067,0.9726063984003721,0.00029515789473684217,False
4,794,0.38072508573532104,0.619274914264679,0.4157249331474304,0.973904958677686,0.9728359613685031,0.0002942105263157895,False
4,795,0.38069677352905273,0.6193032264709473,0.41844427585601807,0.9738533057851239,0.9727620084477069,0.0002932631578947368,False
4,796,0.38066887855529785,0.6193310618400574,0.4195309579372406,0.9738636363636364,0.972762196586967,0.0002923157894736842,False
4,797,0.38063931465148926,0.6193606853485107,0.4172287583351135,0.9738068181818182,0.9726083242636441,0.00029136842105263153,False
4,798,0.3806091845035553,0.6193907856941223,0.417860209941864,0.9736776859504133,0.9722993766124823,0.00029042105263157896,False
4,799,0.38057899475097656,0.6194210052490234,0.416001558303833,0.9736518595041322,0.9722511671137778,0.0002894736842105263,False
4,800,0.380552738904953,0.6194472312927246,0.4171842932701111,0.9737758264462809,0.9722934340848952,0.0002885263157894737,False
4,801,0.38052764534950256,0.6194723844528198,0.4193216860294342,0.9737913223140496,0.9724024202656845,0.00028757894736842105,False
4,802,0.38050219416618347,0.6194978356361389,0.41113609075546265,0.9739359504132231,0.9725677700311446,0.00028663157894736837,False
4,803,0.3804759383201599,0.6195240020751953,0.4110814929008484,0.9739049586776859,0.9725536469989853,0.0002856842105263158,False
4,804,0.380447655916214,0.6195523142814636,0.4163554310798645,0.9740030991735537,0.9727183821171492,0.00028473684210526313,False
4,805,0.38041868805885315,0.6195812821388245,0.4135981798171997,0.9740702479338843,0.9728998378862076,0.00028378947368421057,False
4,806,0.38038918375968933,0.6196108460426331,0.41116225719451904,0.9741890495867769,0.9730773509540552,0.0002828421052631579,False
4,807,0.3803616166114807,0.6196384429931641,0.41901272535324097,0.9742561983471074,0.9732045110009492,0.0002818947368421053,False
4,808,0.3803335726261139,0.6196664571762085,0.4141457974910736,0.9742768595041321,0.9732418896169112,0.00028094736842105265,False
4,809,0.38030797243118286,0.6196920871734619,0.41931164264678955,0.974297520661157,0.9733347863721609,0.00028,False
4,810,0.3802812397480011,0.6197187304496765,0.41488373279571533,0.9742768595041322,0.9733494976597403,0.0002790526315789474,False
4,811,0.3802552819252014,0.6197447180747986,0.4212874174118042,0.974142561983471,0.9732506761816758,0.00027810526315789473,False
4,812,0.38022759556770325,0.6197723746299744,0.4269401431083679,0.9738584710743801,0.9728972399392843,0.0002771578947368421,False
4,813,0.38020122051239014,0.6197987794876099,0.41791483759880066,0.9736570247933884,0.972679679527582,0.00027621052631578944,False
4,814,0.38018131256103516,0.6198187470436096,0.42036744952201843,0.9734452479338842,0.9725635087419733,0.0002752631578947369,False
4,815,0.3801620304584503,0.6198379397392273,0.41157758235931396,0.973254132231405,0.9723766292462035,0.0002743157894736842,False
4,816,0.3801446855068207,0.6198552846908569,0.4209703207015991,0.9733212809917355,0.9725281280299976,0.0002733684210526315,False
4,817,0.3801257908344269,0.6198742389678955,0.4157111346721649,0.9734194214876033,0.9725788608764756,0.00027242105263157896,False
4,818,0.3801056444644928,0.6198943853378296,0.41774699091911316,0.9734710743801652,0.9726629078744513,0.0002714736842105263,False
4,819,0.38008326292037964,0.6199167370796204,0.4153289794921875,0.9736518595041322,0.9728598596207471,0.0002705263157894737,False
4,820,0.38005974888801575,0.6199402809143066,0.4137718379497528,0.9737551652892561,0.9730347396330004,0.00026957894736842104,False
4,821,0.3800358474254608,0.6199641823768616,0.4149734675884247,0.9738533057851239,0.9731941356309477,0.0002686315789473685,False
4,822,0.38001108169555664,0.6199889779090881,0.4174884557723999,0.9737345041322314,0.973092887601773,0.0002676842105263158,False
4,823,0.37998345494270325,0.6200165152549744,0.4155496060848236,0.9735485537190082,0.9729657227754067,0.00026673684210526313,False
4,824,0.37995654344558716,0.6200434565544128,0.414763867855072,0.973486570247934,0.9729073007950036,0.00026578947368421056,False
4,825,0.37993350625038147,0.6200664639472961,0.4175172746181488,0.9736311983471074,0.9731367513238538,0.0002648421052631579,False
4,826,0.37991100549697876,0.6200889348983765,0.4159359931945801,0.9738068181818181,0.9733823470487362,0.00026389473684210527,False
4,827,0.3798917531967163,0.6201081871986389,0.42089834809303284,0.9738946280991736,0.9735227200707359,0.0002629473684210526,False
4,828,0.3798724114894867,0.6201276183128357,0.4160492718219757,0.973982438016529,0.973658010718736,0.000262,False
4,829,0.3798561692237854,0.6201438903808594,0.4155893325805664,0.9739307851239669,0.973641780984756,0.00026105263157894735,False
4,830,0.3798396587371826,0.6201603412628174,0.4146025776863098,0.9739152892561984,0.9737132192007941,0.0002601052631578947,False
4,831,0.37982508540153503,0.6201749444007874,0.40896472334861755,0.9739204545454545,0.9738098924295967,0.0002591578947368421,False
4,832,0.3798092305660248,0.6201907992362976,0.41988709568977356,0.9738894628099173,0.9738509205058176,0.00025821052631578944,False
4,833,0.37979355454444885,0.6202064156532288,0.41629624366760254,0.97375,0.9736748162691289,0.00025726315789473687,False
4,834,0.3797754645347595,0.6202245950698853,0.4128742814064026,0.9737086776859504,0.9736259285583292,0.0002563157894736842,False
4,835,0.37975916266441345,0.6202408671379089,0.42064082622528076,0.9739617768595041,0.9738495910546359,0.00025536842105263163,False
4,836,0.37974444031715393,0.6202555894851685,0.4123533368110657,0.9742768595041322,0.9742237082543419,0.00025442105263157895,False
4,837,0.37973207235336304,0.620267927646637,0.4188145697116852,0.9744059917355372,0.9744150471699404,0.0002534736842105263,False
4,838,0.3797198235988617,0.6202801465988159,0.4112783968448639,0.9745144628099174,0.9745081523490324,0.0002525263157894737,False
4,839,0.3797056972980499,0.6202942728996277,0.4152357876300812,0.9746565082644628,0.9746226579110823,0.00025157894736842104,False
4,840,0.37969186902046204,0.6203081607818604,0.4192228317260742,0.9745971074380165,0.9745035300900529,0.0002506315789473685,False
4,841,0.37967655062675476,0.6203234791755676,0.4129946529865265,0.9746487603305785,0.97446624287242,0.0002496842105263158,False
4,842,0.37966176867485046,0.6203382015228271,0.4142853021621704,0.9746539256198347,0.9744377582155044,0.0002487368421052632,False
4,843,0.3796456754207611,0.6203543543815613,0.4116174578666687,0.9746849173553719,0.9744482219309235,0.0002477894736842105,False
4,844,0.37962907552719116,0.6203708648681641,0.4151815176010132,0.9747727272727272,0.9745051205187805,0.00024684210526315783,False
4,845,0.37961292266845703,0.6203870177268982,0.4136607050895691,0.97474173553719,0.9744373628144924,0.00024589473684210526,False
4,846,0.3795943856239319,0.6204055547714233,0.4122081696987152,0.9747262396694215,0.9743415291478648,0.0002449473684210526,False
4,847,0.3795756697654724,0.6204243302345276,0.41573214530944824,0.9746694214876033,0.974298088577425,0.00024400000000000002,False
4,848,0.37955614924430847,0.6204438209533691,0.4201173782348633,0.9745867768595041,0.9742543574020593,0.00024305263157894735,False
4,849,0.3795359134674072,0.620464026927948,0.41125649213790894,0.97463326446281,0.974371885424573,0.00024210526315789478,False
4,850,0.3795166015625,0.6204833984375,0.4127540588378906,0.9746074380165289,0.9743768986884933,0.0002411578947368421,False
4,851,0.37949836254119873,0.6205016374588013,0.41452378034591675,0.9746435950413224,0.9743637256053764,0.00024021052631578943,False
4,852,0.3794848918914795,0.6205150485038757,0.41559934616088867,0.9746900826446281,0.9743781689335346,0.00023926315789473687,False
4,853,0.3794720470905304,0.6205279231071472,0.4158058166503906,0.9747778925619834,0.9745065476487788,0.0002383157894736842,False
4,854,0.3794594407081604,0.6205405592918396,0.41559720039367676,0.9748708677685951,0.9744917883231262,0.00023736842105263163,False
4,855,0.3794446587562561,0.6205554008483887,0.4119214713573456,0.9749690082644629,0.9744936536243268,0.00023642105263157895,False
4,856,0.3794301450252533,0.6205698847770691,0.41416770219802856,0.9749690082644629,0.974446399060696,0.00023547368421052638,False
4,857,0.3794154226779938,0.6205845475196838,0.4156138002872467,0.9750568181818181,0.9745723156466142,0.0002345263157894737,False
4,858,0.37939849495887756,0.6206014752388,0.4177147150039673,0.9750619834710744,0.9745880534246142,0.00023357894736842104,False
4,859,0.37938231229782104,0.620617687702179,0.41923820972442627,0.9750051652892562,0.9744303822072129,0.00023263157894736841,False
4,860,0.37936463952064514,0.6206353306770325,0.41129976511001587,0.974948347107438,0.9741972829285827,0.00023168421052631574,False
4,861,0.3793480694293976,0.6206519603729248,0.4098771810531616,0.974922520661157,0.974144714885155,0.00023073684210526317,False
4,862,0.3793298900127411,0.6206700801849365,0.4144814610481262,0.9747985537190083,0.9740978797687936,0.0002297894736842105,False
4,863,0.37931105494499207,0.6206889748573303,0.42096883058547974,0.9746952479338842,0.9740149498337809,0.00022884210526315793,False
4,864,0.37929242849349976,0.6207075715065002,0.41342824697494507,0.9745299586776859,0.9738310661965074,0.00022789473684210526,False
4,865,0.37927377223968506,0.6207261681556702,0.41417980194091797,0.9744421487603305,0.9736615549600747,0.00022694736842105258,False
4,866,0.37925469875335693,0.6207453012466431,0.412699431180954,0.9743543388429752,0.9736161872552908,0.00022600000000000002,False
4,867,0.3792364299297333,0.6207635998725891,0.41209912300109863,0.9744886363636364,0.9737778833494769,0.00022505263157894734,False
4,868,0.3792192339897156,0.6207807660102844,0.41155797243118286,0.9745196280991736,0.9738101904420242,0.00022410526315789478,False
4,869,0.3792024552822113,0.6207975149154663,0.4156722128391266,0.9744886363636364,0.9737548785384507,0.0002231578947368421,False
4,870,0.3791860044002533,0.6208139657974243,0.4118480384349823,0.9745299586776859,0.9737853009911275,0.00022221052631578954,False
4,871,0.37917065620422363,0.6208293437957764,0.4129932224750519,0.974504132231405,0.9737770959292076,0.00022126315789473683,False
4,872,0.37915730476379395,0.620842695236206,0.4141204059123993,0.9744318181818182,0.9737595131211116,0.00022031578947368416,False
4,873,0.3791436553001404,0.6208564043045044,0.4145544171333313,0.9743853305785123,0.9738171159463428,0.0002193684210526316,False
4,874,0.3791295886039734,0.6208703517913818,0.4150698482990265,0.9742355371900826,0.9736867599315308,0.00021842105263157892,False
4,875,0.37911468744277954,0.6208853125572205,0.4114134609699249,0.9740909090909091,0.9735236461415937,0.00021747368421052633,False
4,876,0.37910032272338867,0.6208996772766113,0.41434910893440247,0.9740495867768595,0.9734799244986678,0.00021652631578947365,False
4,877,0.3790857493877411,0.6209142804145813,0.4121921956539154,0.9739617768595041,0.973426367118785,0.00021557894736842109,False
4,878,0.37907424569129944,0.620925784111023,0.4187869131565094,0.9739721074380165,0.9734421670097225,0.0002146315789473684,False
4,879,0.37906166911125183,0.6209383606910706,0.4132382869720459,0.9740444214876033,0.9735629272765732,0.00021368421052631574,False
4,880,0.37904801964759827,0.6209520101547241,0.40892526507377625,0.97411673553719,0.9737101429432866,0.00021273684210526317,False
4,881,0.37903472781181335,0.6209652423858643,0.41563957929611206,0.9742303719008264,0.9737449238016427,0.0002117894736842105,False
4,882,0.37902194261550903,0.6209781169891357,0.41230544447898865,0.9743543388429752,0.9738506856460791,0.00021084210526315793,False
4,883,0.37900981307029724,0.6209901571273804,0.41613996028900146,0.9744524793388429,0.9738693857268285,0.00020989473684210526,False
4,884,0.37899941205978394,0.6210006475448608,0.4109961986541748,0.9744473140495868,0.9737241713235145,0.0002089473684210527,False
4,885,0.37898895144462585,0.6210110187530518,0.407748818397522,0.9745247933884297,0.9738235774514005,0.00020800000000000001,False
4,886,0.37897980213165283,0.6210201978683472,0.4167921841144562,0.9745402892561983,0.9738361223203837,0.00020705263157894734,False
4,887,0.3789718449115753,0.6210281848907471,0.41699710488319397,0.9744679752066115,0.9737051549397985,0.00020610526315789475,False
4,888,0.37896546721458435,0.621034562587738,0.4195670187473297,0.9742561983471074,0.9734218222438238,0.00020515789473684207,False
4,889,0.37895941734313965,0.6210405826568604,0.411720871925354,0.9741838842975207,0.9733729277453496,0.0002042105263157895,False
4,890,0.37895041704177856,0.6210495829582214,0.41437825560569763,0.9741838842975207,0.9734308590550034,0.00020326315789473683,False
4,891,0.3789422810077667,0.6210577487945557,0.4153943955898285,0.9740702479338843,0.9733153444445442,0.00020231578947368424,False
4,892,0.3789326846599579,0.6210672855377197,0.4128400683403015,0.9741115702479338,0.9733621496665515,0.00020136842105263156,False
4,893,0.37892356514930725,0.6210764646530151,0.4144548177719116,0.9742303719008264,0.9734806153837017,0.0002004210526315789,False
4,894,0.3789108693599701,0.6210891008377075,0.41631683707237244,0.9743336776859504,0.9735778812704979,0.00019947368421052632,False
4,895,0.3788999319076538,0.621100127696991,0.41528022289276123,0.9743904958677686,0.9735555800424526,0.00019852631578947365,False
4,896,0.3788891136646271,0.6211108565330505,0.4148676097393036,0.9745402892561983,0.9736779653184496,0.00019757894736842108,False
4,897,0.3788798749446869,0.6211200952529907,0.41137197613716125,0.9747365702479339,0.9737335223163976,0.0001966315789473684,False
4,898,0.37887299060821533,0.6211269497871399,0.41715237498283386,0.9749741735537191,0.9739315275730471,0.00019568421052631584,False
4,899,0.37886568903923035,0.621134340763092,0.4120042026042938,0.9751394628099174,0.9740482314336236,0.00019473684210526317,False
4,900,0.37885844707489014,0.6211414933204651,0.41234374046325684,0.9752324380165289,0.9740222487224292,0.0001937894736842105,False
4,901,0.37885040044784546,0.6211495995521545,0.4116663336753845,0.9752892561983472,0.9740959520474526,0.00019284210526315793,False
4,902,0.3788413405418396,0.6211587190628052,0.41144120693206787,0.9754080578512396,0.9741622057132289,0.00019189473684210525,False
4,903,0.37883251905441284,0.6211674213409424,0.41243627667427063,0.9754338842975206,0.9741661961516533,0.00019094736842105266,False
4,904,0.3788217008113861,0.6211783289909363,0.41745394468307495,0.9754958677685951,0.9741271918010289,0.00018999999999999998,False
4,905,0.3788108825683594,0.6211890578269958,0.41259172558784485,0.9754442148760331,0.9739975471839051,0.0001890526315789474,False
4,906,0.3787992596626282,0.6212007403373718,0.4080120623111725,0.9753977272727273,0.9739436965168213,0.00018810526315789472,False
4,907,0.37878623604774475,0.6212137341499329,0.40995103120803833,0.9754287190082644,0.9739361597907926,0.00018715789473684204,False
4,908,0.3787720501422882,0.6212279200553894,0.41030222177505493,0.9753254132231405,0.9737732262503153,0.00018621052631578947,False
4,909,0.3787580728530884,0.6212418675422668,0.4098319113254547,0.9752582644628099,0.9736474618933622,0.0001852631578947368,False
4,910,0.3787437081336975,0.6212563514709473,0.4114402234554291,0.9750103305785125,0.9733563136830314,0.00018431578947368423,False
4,911,0.37872710824012756,0.6212729215621948,0.4130341112613678,0.9748502066115703,0.9731625364525643,0.00018336842105263156,False
4,912,0.3787097632884979,0.6212902069091797,0.4110371768474579,0.9747778925619835,0.9730254514167473,0.000182421052631579,False
4,913,0.3786926865577698,0.6213073134422302,0.4157862365245819,0.9747469008264463,0.9729404350897086,0.00018147368421052632,False
4,914,0.3786759078502655,0.6213240623474121,0.4174419343471527,0.9748140495867768,0.9730256587594344,0.00018052631578947364,False
4,915,0.3786592483520508,0.6213406920433044,0.4119850993156433,0.9748605371900827,0.9730674289235683,0.00017957894736842108,False
4,916,0.3786442279815674,0.6213557720184326,0.41259345412254333,0.9750051652892562,0.9732028168694928,0.0001786315789473684,False
4,917,0.37863078713417053,0.6213691830635071,0.41181281208992004,0.9752169421487603,0.9734449766747508,0.0001776842105263158,False
4,918,0.3786173462867737,0.6213825941085815,0.40814223885536194,0.9754132231404958,0.9736994322029305,0.00017673684210526314,False
4,919,0.37860456109046936,0.621395468711853,0.4070581793785095,0.9754803719008264,0.9737903288079446,0.00017578947368421057,False
4,920,0.37859395146369934,0.6214060187339783,0.4107523560523987,0.9755371900826446,0.9738192133239012,0.0001748421052631579,False
4,921,0.37858232855796814,0.6214177012443542,0.40793052315711975,0.9755320247933884,0.9738433284082071,0.0001738947368421053,False
4,922,0.3785704970359802,0.621429443359375,0.41427385807037354,0.9755371900826446,0.9739128339422027,0.00017294736842105263,False
4,923,0.37855833768844604,0.6214417219161987,0.40950965881347656,0.9755785123966942,0.9740621225534136,0.00017199999999999995,False
4,924,0.3785456120967865,0.6214544177055359,0.4155429005622864,0.9755371900826445,0.9740799077925811,0.00017105263157894739,False
4,925,0.3785325586795807,0.6214674115180969,0.4078264534473419,0.9755371900826446,0.9741941828697784,0.0001701052631578947,False
4,926,0.378519207239151,0.6214808225631714,0.410232812166214,0.975495867768595,0.9741951608695347,0.00016915789473684215,False
4,927,0.3785053491592407,0.6214946508407593,0.4101678729057312,0.9754028925619834,0.9741019751936545,0.00016821052631578947,False
4,928,0.3784915804862976,0.6215083599090576,0.4100460112094879,0.9753925619834711,0.9741145057791898,0.0001672631578947369,False
4,929,0.37847700715065,0.6215229630470276,0.4128008186817169,0.9753822314049586,0.9741597759653,0.00016631578947368423,False
4,930,0.37846285104751587,0.6215370893478394,0.4126855731010437,0.9752840909090909,0.9741578059981209,0.00016536842105263156,False
4,931,0.3784492015838623,0.6215508580207825,0.40920424461364746,0.9752944214876033,0.9742128686780251,0.000164421052631579,False
4,932,0.37843629717826843,0.621563732624054,0.4091811776161194,0.9753150826446281,0.9743089791593079,0.00016347368421052631,False
4,933,0.37842294573783875,0.6215770840644836,0.41265422105789185,0.9753202479338843,0.9743828552200612,0.00016252631578947372,False
4,934,0.3784084916114807,0.6215914487838745,0.4131470024585724,0.9753047520661157,0.9743734487292015,0.00016157894736842105,False
4,935,0.37839287519454956,0.6216071248054504,0.4089718163013458,0.9752221074380165,0.9743111509332969,0.00016063157894736848,False
4,936,0.3783796429634094,0.6216204166412354,0.41326090693473816,0.9752014462809917,0.9743084473522772,0.0001596842105263158,False
4,937,0.3783658444881439,0.6216341257095337,0.4125973582267761,0.9752117768595041,0.9743322108106619,0.00015873684210526313,False
4,938,0.37835144996643066,0.6216486096382141,0.4102030098438263,0.9752014462809918,0.9744133222773237,0.00015778947368421054,False
4,939,0.3783379793167114,0.6216620206832886,0.41279056668281555,0.9753150826446281,0.97455301998061,0.00015684210526315786,False
4,940,0.37832364439964294,0.6216763854026794,0.40591299533843994,0.9752995867768596,0.9745488106873113,0.0001558947368421053,False
4,941,0.3783077299594879,0.6216922402381897,0.41118043661117554,0.9753460743801653,0.9746262635548821,0.00015494736842105262,False
4,942,0.3782918155193329,0.6217082142829895,0.4104446768760681,0.9753615702479339,0.9746726624314209,0.00015400000000000006,False
4,943,0.3782779276371002,0.6217220425605774,0.41171371936798096,0.9753719008264463,0.9747464726909691,0.00015305263157894738,False
4,944,0.37826457619667053,0.6217353940010071,0.41096025705337524,0.9753719008264462,0.9748494382767157,0.0001521052631578947,False
4,945,0.3782539665699005,0.6217460036277771,0.41086530685424805,0.9753822314049586,0.9749055960012531,0.00015115789473684214,False
4,946,0.3782432973384857,0.6217566728591919,0.4073925018310547,0.9753822314049587,0.9749319615047958,0.00015021052631578947,False
4,947,0.3782322108745575,0.6217678189277649,0.4129989743232727,0.9753409090909091,0.9749211291883322,0.00014926315789473687,False
4,948,0.3782203793525696,0.6217796206474304,0.41870197653770447,0.9752995867768595,0.9748673028233441,0.0001483157894736842,False
4,949,0.3782094120979309,0.6217905879020691,0.40972691774368286,0.9751807851239669,0.9747237514442046,0.00014736842105263163,False
4,950,0.3781983554363251,0.6218016743659973,0.41429853439331055,0.9750826446280992,0.9745751139364347,0.00014642105263157896,False
4,951,0.3781857490539551,0.6218143105506897,0.41121408343315125,0.9750878099173553,0.9744980630098959,0.00014547368421052628,False
4,952,0.3781750798225403,0.6218249201774597,0.414122998714447,0.9750361570247934,0.9744117650364215,0.0001445263157894737,False
4,953,0.37816372513771057,0.6218363046646118,0.405674010515213,0.9750413223140496,0.9743701171362527,0.00014357894736842102,False
4,954,0.37815314531326294,0.6218468546867371,0.4138006567955017,0.975025826446281,0.9743011493516971,0.00014263157894736845,False
4,955,0.37814170122146606,0.6218582391738892,0.41254645586013794,0.9749793388429752,0.9742685613501987,0.00014168421052631578,False
4,956,0.37813183665275574,0.6218681335449219,0.41518792510032654,0.974974173553719,0.9742540135079306,0.0001407368421052632,False
4,957,0.37812191247940063,0.6218780875205994,0.4131118059158325,0.9749483471074379,0.9742634840987391,0.00013978947368421053,False
4,958,0.3781118094921112,0.6218882203102112,0.4197883605957031,0.9750619834710743,0.9745021045193137,0.00013884210526315786,False
4,959,0.3781015872955322,0.6218984723091125,0.40856611728668213,0.9750981404958677,0.9746858757942112,0.0001378947368421053,False
4,960,0.3780922591686249,0.6219077110290527,0.41192835569381714,0.9749845041322315,0.9746065058757702,0.00013694736842105262,False
4,961,0.37808260321617126,0.6219174265861511,0.4096188247203827,0.9748708677685951,0.974556240623379,0.00013600000000000003,False
4,962,0.37807151675224304,0.6219284534454346,0.4115913510322571,0.9746952479338844,0.9744424831427236,0.00013505263157894735,False
4,963,0.3780614733695984,0.6219384670257568,0.41040143370628357,0.9746642561983471,0.9744091712012197,0.00013410526315789479,False
4,964,0.37805235385894775,0.6219475865364075,0.410491019487381,0.9746797520661158,0.9744744782789676,0.0001331578947368421,False
4,965,0.37804412841796875,0.6219558715820312,0.4051986038684845,0.974767561983471,0.9745418063788984,0.00013221052631578944,False
4,966,0.37803715467453003,0.62196284532547,0.41377583146095276,0.9748037190082645,0.9745296251554769,0.00013126315789473687,False
4,967,0.37802937626838684,0.6219706535339355,0.4141809344291687,0.9748243801652893,0.9745612307507824,0.0001303157894736842,False
4,968,0.3780219554901123,0.6219780445098877,0.41088196635246277,0.974767561983471,0.9743813139070405,0.0001293684210526316,False
4,969,0.37801530957221985,0.6219846606254578,0.41070109605789185,0.9747365702479339,0.9742996938107149,0.00012842105263157893,False
4,970,0.3780094385147095,0.6219905614852905,0.4118761420249939,0.9746745867768595,0.9741597359513425,0.00012747368421052636,False
4,971,0.3780040144920349,0.6219959259033203,0.40944668650627136,0.9746126033057853,0.9740371785342571,0.0001265263157894737,False
4,972,0.37799862027168274,0.6220014095306396,0.4081327021121979,0.9746022727272727,0.9739913280288118,0.000125578947368421,False
4,973,0.3779904544353485,0.6220095753669739,0.40366774797439575,0.9745867768595041,0.9739501003704203,0.00012463157894736845,False
4,974,0.3779803216457367,0.6220196485519409,0.4080866277217865,0.9745402892561984,0.9738553288493657,0.00012368421052631577,False
4,975,0.3779700696468353,0.6220299601554871,0.41005295515060425,0.9745299586776859,0.9738070096013025,0.0001227368421052632,False
4,976,0.377960205078125,0.622039794921875,0.41458019614219666,0.9744679752066115,0.9737031754882626,0.00012178947368421052,False
4,977,0.37794920802116394,0.6220507621765137,0.4108912944793701,0.9744524793388429,0.9736679196673703,0.00012084210526315794,False
4,978,0.3779378831386566,0.622062087059021,0.4057248830795288,0.9745661157024793,0.9737689830488525,0.00011989473684210526,False
4,979,0.37792643904685974,0.6220735311508179,0.4070330858230591,0.9746642561983472,0.9738935806264483,0.00011894736842105259,False
4,980,0.377915620803833,0.6220844388008118,0.4105373024940491,0.9745919421487603,0.9738129373719193,0.00011800000000000002,False
4,981,0.37790605425834656,0.622093915939331,0.41019734740257263,0.9745454545454545,0.9737348637460512,0.00011705263157894735,False
4,982,0.3778959810733795,0.6221039891242981,0.40954914689064026,0.9744989669421488,0.9736300229533773,0.00011610526315789477,False
4,983,0.3778859078884125,0.6221140623092651,0.40743520855903625,0.9744628099173553,0.9735595262928498,0.0001151578947368421,False
4,984,0.3778754472732544,0.6221245527267456,0.41083604097366333,0.9744266528925619,0.9735117315530183,0.00011421052631578953,False
4,985,0.37786534428596497,0.6221346259117126,0.4099944233894348,0.9744886363636364,0.9735248863806304,0.00011326315789473685,False
4,986,0.37785500288009644,0.6221449971199036,0.40710532665252686,0.9744473140495868,0.9734920743236274,0.00011231578947368418,False
4,987,0.3778443932533264,0.6221555471420288,0.40703049302101135,0.9744421487603306,0.9735088760092917,0.0001113684210526316,False
4,988,0.377834290266037,0.6221656799316406,0.4121333360671997,0.9744576446280991,0.9735139905021656,0.00011042105263157892,False
4,989,0.37782442569732666,0.6221755743026733,0.4120444059371948,0.9743904958677686,0.9734828081969911,0.00010947368421052634,False
4,990,0.37781524658203125,0.622184693813324,0.4071725904941559,0.9744008264462809,0.9734949149381349,0.00010852631578947367,False
4,991,0.37780600786209106,0.6221939325332642,0.41069191694259644,0.9743904958677686,0.9734939815018038,0.0001075789473684211,False
4,992,0.3777962327003479,0.6222037672996521,0.41112062335014343,0.9743595041322314,0.973493074578152,0.00010663157894736843,False
4,993,0.37778690457344055,0.6222131252288818,0.4107135534286499,0.9744576446280991,0.9736019057387413,0.00010568421052631575,False
4,994,0.37777867913246155,0.6222212910652161,0.4087226390838623,0.9744731404958678,0.9736002190939944,0.00010473684210526317,False
4,995,0.3777717053890228,0.6222282648086548,0.4127906560897827,0.9746177685950413,0.9737144344408846,0.0001037894736842105,False
4,996,0.37776288390159607,0.6222371459007263,0.406091570854187,0.9746797520661157,0.9738360569914739,0.00010284210526315793,False
4,997,0.3777537941932678,0.6222462058067322,0.40939950942993164,0.9746280991735538,0.9737867943665317,0.00010189473684210526,False
4,998,0.3777450621128082,0.6222549676895142,0.40945079922676086,0.9747572314049586,0.9739361428884732,0.00010094736842105268,False
4,999,0.37773579359054565,0.6222642064094543,0.40613916516304016,0.9748088842975207,0.9739926548073655,0.0001,False
4,1000,0.3777264356613159,0.6222735047340393,0.40767261385917664,0.9748037190082645,0.9740057516786725,0.0001,False
5,1,0.5000100135803223,0.4999900162220001,1.9223840236663818,0.4979734802369937,0.512792475104825,4e-05,False
5,2,0.500026524066925,0.49997344613075256,1.9060598611831665,0.5390517206395584,0.5492102596284674,6e-05,False
5,3,0.500026285648346,0.49997374415397644,1.8785400390625,0.586118212807402,0.5916799451223834,8e-05,False
5,4,0.5000149607658386,0.49998506903648376,1.84521484375,0.6304023618212807,0.630252299463531,0.0001,False
5,5,0.49998530745506287,0.5000147223472595,1.8008449077606201,0.6628013148283418,0.659431867725495,0.00012,False
5,6,0.49994245171546936,0.5000575184822083,1.7565827369689941,0.6856687768849932,0.6806194546313598,0.00014000000000000001,False
5,7,0.49988651275634766,0.5001134276390076,1.7237658500671387,0.7007370546221898,0.695805838121212,0.00016,False
5,8,0.4998182952404022,0.5001816749572754,1.6866724491119385,0.7109102345588832,0.707110641879248,0.00017999999999999998,False
5,9,0.49973756074905396,0.500262439250946,1.6577874422073364,0.7189097881665449,0.7153675406401729,0.0002,False
5,10,0.4996454119682312,0.5003545880317688,1.6265794038772583,0.7250781186591997,0.720749962329156,0.00022,False
5,11,0.4995414912700653,0.5004584789276123,1.6022282838821411,0.7301659767875983,0.7253221975294336,0.00024,False
5,12,0.49942466616630554,0.5005753040313721,1.5783876180648804,0.7359335687038389,0.7303334128860923,0.00026000000000000003,False
5,13,0.49929529428482056,0.5007047057151794,1.5549473762512207,0.7417544233422613,0.7349306788347616,0.00028000000000000003,False
5,14,0.49915286898612976,0.5008471608161926,1.5346965789794922,0.7478492005519033,0.7399687560228985,0.0003,False
5,15,0.4989975094795227,0.5010025501251221,1.5080286264419556,0.7545805941076211,0.7460345461062271,0.00032,False
5,16,0.49882882833480835,0.5011711716651917,1.4847238063812256,0.7614540215891566,0.752486999388764,0.00034,False
5,17,0.4986474812030792,0.5013525485992432,1.4628026485443115,0.7693673403132864,0.7603600899737508,0.00035999999999999997,False
5,18,0.49845221638679504,0.5015478134155273,1.4409795999526978,0.7783459134810486,0.7692697637151453,0.00038,False
5,19,0.4982440769672394,0.501755952835083,1.4199857711791992,0.788475975975976,0.7798829481006286,0.0004,False
5,20,0.49802082777023315,0.5019791722297668,1.3963427543640137,0.798185009333658,0.7904852449805337,0.00042,False
5,21,0.49778249859809875,0.5022174715995789,1.3809542655944824,0.8075389578767957,0.8000538074326426,0.00044,False
5,22,0.4975287616252899,0.5024712085723877,1.3525469303131104,0.816882761139518,0.8094342018833139,0.00046,False
5,23,0.497259259223938,0.502740740776062,1.3303533792495728,0.8252475448421395,0.8176765469492103,0.00048,False
5,24,0.4969745874404907,0.5030254125595093,1.3074313402175903,0.8329275221167114,0.8240995012483618,0.0005,False
5,25,0.4966733753681183,0.5033265948295593,1.284391164779663,0.8390248356464574,0.8295034457636226,0.0005200000000000001,False
5,26,0.49635523557662964,0.5036448240280151,1.2661161422729492,0.8452692557422288,0.8332556884508087,0.00054,False
5,27,0.49601995944976807,0.5039799809455872,1.2416796684265137,0.8518687606525445,0.8403832294757805,0.0005600000000000001,False
5,28,0.4956672787666321,0.5043327212333679,1.2181378602981567,0.8592240889538187,0.8463381831595662,0.00058,False
5,29,0.49529674649238586,0.5047032237052917,1.2004469633102417,0.866082298514731,0.8526628958711516,0.0006,False
5,30,0.49490824341773987,0.5050917267799377,1.174952745437622,0.8740412710007305,0.8595509333001912,0.00062,False
5,31,0.4945017099380493,0.5054982900619507,1.1465563774108887,0.8810110786462138,0.8656162302966186,0.00064,False
5,32,0.4940769672393799,0.5059230327606201,1.1286494731903076,0.8873823147471795,0.871218722727234,0.00066,False
5,33,0.49363377690315247,0.5063661932945251,1.1112991571426392,0.8927288775261748,0.8760580811330382,0.00068,False
5,34,0.4931727349758148,0.5068272948265076,1.089126706123352,0.896315234153072,0.8796532654795054,0.0007,False
5,35,0.49269261956214905,0.5073073506355286,1.0701274871826172,0.8990950409869329,0.8828333603033224,0.0007199999999999999,False
5,36,0.4921945035457611,0.5078054666519165,1.0436151027679443,0.9004342180017856,0.8843724717331659,0.00074,False
5,37,0.4916783273220062,0.5083217024803162,1.0299010276794434,0.9016465790114438,0.8872938988011808,0.00076,False
5,38,0.4911468029022217,0.5088531970977783,1.0216046571731567,0.9027118334550766,0.8878988833971209,0.0007800000000000001,False
5,39,0.49060001969337463,0.509399950504303,1.0137213468551636,0.9036249086924764,0.8897195385637798,0.0008,False
5,40,0.49004024267196655,0.5099597573280334,0.992975652217865,0.9038075237399562,0.8910110923466964,0.00082,False
5,41,0.4894639849662781,0.5105360150337219,0.972606897354126,0.9046850904959013,0.8922138626699336,0.00084,False
5,42,0.488874226808548,0.5111258029937744,0.9661296010017395,0.9070387955523092,0.895218294122507,0.00086,False
5,43,0.48827219009399414,0.5117278099060059,0.9516606330871582,0.9100215079944809,0.8979471947527543,0.00088,False
5,44,0.4876561462879181,0.5123438835144043,0.9425686001777649,0.9132477071666262,0.9001130133685086,0.0009000000000000001,False
5,45,0.4870290160179138,0.512971043586731,0.926010012626648,0.9169202986770554,0.903878749281598,0.00092,False
5,46,0.4863920509815216,0.513607919216156,0.9154665470123291,0.9202530232935638,0.9089537141496378,0.00094,False
5,47,0.48574212193489075,0.5142579078674316,0.9036310911178589,0.923479222465709,0.911978401579574,0.00096,False
5,48,0.4850766956806183,0.5149233341217041,0.8914321660995483,0.9268728187647107,0.9153289259477092,0.00098,False
5,49,0.48439836502075195,0.515601634979248,0.8880375027656555,0.9291808700592484,0.9165670293448568,0.001,False
5,50,0.483707070350647,0.516292929649353,0.8714095950126648,0.9314229770310851,0.919381453962561,0.0009990526315789474,False
5,51,0.48302051424980164,0.5169795155525208,0.8680402636528015,0.9326759191624056,0.9204231703754804,0.0009981052631578948,False
5,52,0.4823424518108368,0.5176575779914856,0.8612096309661865,0.9346796120444768,0.9231330705133309,0.000997157894736842,False
5,53,0.48166972398757935,0.5183302760124207,0.8421443104743958,0.934568013959906,0.9239443070523361,0.0009962105263157895,False
5,54,0.48100414872169495,0.5189958810806274,0.8400247097015381,0.9378449395341287,0.9295490786760723,0.0009952631578947367,False
5,55,0.48034676909446716,0.5196532011032104,0.8300164937973022,0.9397015258501744,0.9317338961040831,0.0009943157894736843,False
5,56,0.47969716787338257,0.5203028321266174,0.8202077150344849,0.9412436084733382,0.9321892388841991,0.0009933684210526315,False
5,57,0.4790566861629486,0.5209433436393738,0.8121771812438965,0.9417102913724535,0.9337411952875825,0.0009924210526315788,False
5,58,0.4784274399280548,0.5215725898742676,0.8126579523086548,0.9424914779644511,0.9350030946797149,0.0009914736842105262,False
5,59,0.4778096675872803,0.522190272808075,0.7998534440994263,0.9432523739956172,0.9342999418911772,0.0009905263157894736,False
5,60,0.4772038161754608,0.5227962136268616,0.7898253202438354,0.9433791900008117,0.9321737893525752,0.000989578947368421,False
5,61,0.4766060411930084,0.5233939290046692,0.7944273352622986,0.9445256066877687,0.9334933452037574,0.0009886315789473684,False
5,62,0.4760245084762573,0.5239754915237427,0.7803816199302673,0.9469300381462544,0.9380907301934931,0.0009876842105263157,False
5,63,0.47545018792152405,0.5245498418807983,0.7835347652435303,0.9486090820550281,0.9403428462884895,0.0009867368421052631,False
5,64,0.47488510608673096,0.5251148343086243,0.7722931504249573,0.9492735979222466,0.941065380718926,0.0009857894736842105,False
5,65,0.4743392765522003,0.5256606936454773,0.7771405577659607,0.9497047723399075,0.9425200190385201,0.0009848421052631579,False
5,66,0.47380152344703674,0.5261984467506409,0.7677222490310669,0.9505468306143982,0.9433739184645803,0.0009838947368421053,False
5,67,0.47327011823654175,0.526729941368103,0.7563719153404236,0.9512417823228635,0.9447766041481382,0.0009829473684210526,False
5,68,0.47274696826934814,0.5272530913352966,0.7522537112236023,0.9513939615290967,0.9449216195145607,0.000982,False
5,69,0.4722343981266022,0.5277656316757202,0.7453333735466003,0.9514015704894085,0.9454229194515701,0.0009810526315789474,False
5,70,0.4717298448085785,0.5282701849937439,0.7464408874511719,0.9504200146092037,0.9445975937319355,0.0009801052631578948,False
5,71,0.47123098373413086,0.5287690758705139,0.738766074180603,0.9490960555149744,0.9426418381322734,0.000979157894736842,False
5,72,0.47073495388031006,0.5292651057243347,0.7385231852531433,0.9501866731596461,0.9433120335634032,0.0009782105263157895,False
5,73,0.4702407419681549,0.5297592282295227,0.7326862812042236,0.9518555717880042,0.9457032649604149,0.0009772631578947367,False
5,74,0.4697558581829071,0.5302441716194153,0.7329571843147278,0.9533266374482591,0.9489648932737127,0.0009763157894736843,False
5,75,0.4692830741405487,0.5307168960571289,0.7222098112106323,0.9543969645320997,0.9506786462437972,0.0009753684210526316,False
5,76,0.46881869435310364,0.531181275844574,0.7177503108978271,0.9551426426426427,0.9509100396317112,0.000974421052631579,False
5,77,0.4683587849140167,0.5316411852836609,0.7133363485336304,0.9553201850499148,0.9513570550511046,0.0009734736842105263,False
5,78,0.4678969979286194,0.5321030020713806,0.7185425758361816,0.9555585991396803,0.9521948482302124,0.0009725263157894737,False
5,79,0.46743565797805786,0.5325643420219421,0.7000966668128967,0.9554977274571871,0.9524121561355261,0.0009715789473684211,False
5,80,0.4669721722602844,0.5330277681350708,0.7043906450271606,0.9559289018748478,0.9534759213515758,0.0009706315789473685,False
5,81,0.46651941537857056,0.5334805846214294,0.6981542706489563,0.9568825582339096,0.9546570994371875,0.0009696842105263158,False
5,82,0.4660681486129761,0.5339317917823792,0.7045202851295471,0.9578514325135946,0.9553183858997092,0.0009687368421052631,False
5,83,0.46561914682388306,0.5343808531761169,0.6973068118095398,0.9583434786137489,0.95555431514609,0.0009677894736842106,False
5,84,0.46517032384872437,0.5348296761512756,0.6915287375450134,0.9587188539891243,0.9565550515521545,0.0009668421052631579,False
5,85,0.46472710371017456,0.5352729558944702,0.6862515211105347,0.9591398831263697,0.9572071371979152,0.0009658947368421053,False
5,86,0.4642896056175232,0.5357103943824768,0.6833446025848389,0.9590790114438763,0.9570896400476296,0.0009649473684210526,False
5,87,0.4638615548610687,0.5361384153366089,0.6905995011329651,0.9586478370262154,0.955749668954134,0.000964,False
5,88,0.46343573927879333,0.5365642309188843,0.6798840165138245,0.9578970862754645,0.9545404403731812,0.0009630526315789474,False
5,89,0.46301335096359253,0.5369866490364075,0.6765583157539368,0.9571006817628439,0.9535866301677385,0.0009621052631578948,False
5,90,0.46260079741477966,0.537399172782898,0.6759434938430786,0.9579883937992045,0.9540961443234505,0.0009611578947368422,False
5,91,0.4621928036212921,0.5378071665763855,0.664115846157074,0.9591956821686551,0.9558887033493397,0.0009602105263157895,False
5,92,0.46178683638572693,0.5382131338119507,0.6802127957344055,0.960012377242107,0.9581045399838378,0.0009592631578947368,False
5,93,0.4613877832889557,0.5386121869087219,0.6676086783409119,0.9602203554906257,0.9587431711754586,0.0009583157894736843,False
5,94,0.460989385843277,0.5390105843544006,0.6625866889953613,0.9602000649297946,0.958314339656563,0.0009573684210526316,False
5,95,0.4606004059314728,0.5393995642662048,0.6703841686248779,0.9603522441360278,0.9582023407051792,0.0009564210526315789,False
5,96,0.46021950244903564,0.5397804975509644,0.6653558015823364,0.9611892297703107,0.959089757444798,0.0009554736842105263,False
5,97,0.4598475694656372,0.5401524305343628,0.665380597114563,0.9609558883207532,0.9587673450220442,0.0009545263157894737,False
5,98,0.4594784080982208,0.5405216217041016,0.6520258188247681,0.9604080431783134,0.9578492325991811,0.0009535789473684211,False
5,99,0.4591100215911865,0.5408899784088135,0.6554597616195679,0.9603420988556124,0.9576932874896905,0.0009526315789473685,False
5,100,0.4587424695491791,0.5412575602531433,0.6476701498031616,0.9608392175959743,0.958422393935617,0.0009516842105263158,False
5,101,0.45838090777397156,0.541619062423706,0.6428934335708618,0.9620566512458404,0.9599016744350629,0.0009507368421052631,False
5,102,0.45802801847457886,0.5419719219207764,0.6440732479095459,0.9630305981657333,0.9613472949920935,0.0009497894736842106,False
5,103,0.4576840102672577,0.5423160195350647,0.6498285531997681,0.9634516273029787,0.9617848027022435,0.0009488421052631579,False
5,104,0.45734748244285583,0.5426524877548218,0.6453447341918945,0.9635885885885886,0.9617465041418776,0.0009478947368421054,False
5,105,0.4570090174674988,0.5429909825325012,0.6366644501686096,0.9637001866731596,0.9621763076003711,0.0009469473684210526,False
5,106,0.4566715359687805,0.5433284640312195,0.6323927044868469,0.9642429591753915,0.9626398255920835,0.000946,False
5,107,0.45632827281951904,0.543671727180481,0.6387403011322021,0.9643139761383004,0.963343691765363,0.0009450526315789474,False
5,108,0.4559917747974396,0.5440082550048828,0.6367793679237366,0.9645929713497281,0.9636350555547433,0.0009441052631578948,False
5,109,0.4556604027748108,0.544339656829834,0.6385902166366577,0.9650089278467656,0.9639791785441941,0.0009431578947368421,False
5,110,0.45533350110054016,0.5446664690971375,0.6285621523857117,0.9647552958363769,0.963118621238737,0.0009422105263157895,False
5,111,0.4550054371356964,0.5449945330619812,0.6229923367500305,0.9639893271650029,0.9615820981761782,0.0009412631578947369,False
5,112,0.4546792805194855,0.5453206896781921,0.6258372664451599,0.9640451262072884,0.9621331400071407,0.0009403157894736842,False
5,113,0.454353392124176,0.545646607875824,0.6219810247421265,0.9636443876308741,0.962160015191927,0.0009393684210526317,False
5,114,0.45403143763542175,0.5459685325622559,0.63029944896698,0.9635682980277575,0.962130618885823,0.0009384210526315789,False
5,115,0.4537147581577301,0.5462852120399475,0.624671220779419,0.9637001866731596,0.9618457231281793,0.0009374736842105263,False
5,116,0.453397661447525,0.5466023683547974,0.6188575625419617,0.9636951140329518,0.9616550977886241,0.0009365263157894737,False
5,117,0.45308244228363037,0.5469176173210144,0.619621992111206,0.9638016394773152,0.9620040570516125,0.0009355789473684211,False
5,118,0.4527694880962372,0.5472304821014404,0.6176828145980835,0.9644052836620405,0.9630900376517985,0.0009346315789473685,False
5,119,0.45245668292045593,0.5475433468818665,0.6150194406509399,0.9650241457673889,0.9637987811142549,0.0009336842105263158,False
5,120,0.4521477520465851,0.5478522181510925,0.612014889717102,0.9652371966561155,0.9637101768798796,0.0009327368421052631,False
5,121,0.4518343508243561,0.5481656193733215,0.610683023929596,0.9653386494602711,0.963941435046851,0.0009317894736842106,False
5,122,0.4515233635902405,0.5484766364097595,0.6074162721633911,0.9655922814706599,0.9641976808930853,0.0009308421052631579,False
5,123,0.451215535402298,0.5487844944000244,0.6119967103004456,0.9662567973378785,0.9649708860155879,0.0009298947368421054,False
5,124,0.450911283493042,0.5490887761116028,0.6064087152481079,0.9669974028082137,0.9657802051077558,0.0009289473684210526,False
5,125,0.450607031583786,0.5493929386138916,0.5995151400566101,0.9669213132050971,0.9656118159540187,0.000928,False
5,126,0.45031002163887024,0.5496900081634521,0.607697606086731,0.9665104293482671,0.965500589355883,0.0009270526315789474,False
5,127,0.45001405477523804,0.549985945224762,0.597598135471344,0.9659220030841653,0.9652553098728727,0.0009261052631578948,False
5,128,0.44971707463264465,0.550282895565033,0.5937091112136841,0.9650393636880124,0.9643819402868663,0.0009251578947368421,False
5,129,0.44942405819892883,0.5505759119987488,0.6007028222084045,0.9656582257933609,0.9648816013070877,0.0009242105263157894,False
5,130,0.44913598895072937,0.550864040851593,0.6011620759963989,0.9667589887184481,0.9662684361680496,0.0009232631578947369,False
5,131,0.448848158121109,0.5511518120765686,0.5885834693908691,0.9676771365960555,0.9670674672436785,0.0009223157894736842,False
5,132,0.4485683739185333,0.5514316558837891,0.5971311330795288,0.9679307686064443,0.9670807217402201,0.0009213684210526317,False
5,133,0.448285847902298,0.5517141222953796,0.5905420184135437,0.967687281876471,0.9670682864715615,0.0009204210526315789,False
5,134,0.44800999760627747,0.5519899725914001,0.5956072807312012,0.9675756837919,0.9674125192508516,0.0009194736842105263,False
5,135,0.44774049520492554,0.5522595047950745,0.5887022018432617,0.967646700754809,0.9677170815435742,0.0009185263157894737,False
5,136,0.4474647641181946,0.5525352358818054,0.5838698744773865,0.9684684684684686,0.9684342535283061,0.0009175789473684211,False
5,137,0.4471905827522278,0.5528094172477722,0.5824514627456665,0.9685902118334552,0.9684715945099265,0.0009166315789473685,False
5,138,0.44691866636276245,0.5530813336372375,0.5819787383079529,0.968478613748884,0.9683865268063759,0.0009156842105263158,False
5,139,0.44664156436920166,0.5533584356307983,0.5843905210494995,0.9679662770878987,0.968086848475063,0.0009147368421052632,False
5,140,0.44636815786361694,0.5536317825317383,0.5872695446014404,0.967124218813408,0.966871570382765,0.0009137894736842106,False
5,141,0.44609999656677246,0.5539000034332275,0.5843413472175598,0.9671597272948624,0.9664632949774264,0.000912842105263158,False
5,142,0.44583117961883545,0.5541688799858093,0.5838394165039062,0.9668249330411492,0.9657073955369324,0.0009118947368421052,False
5,143,0.44556310772895813,0.5544368624687195,0.5762219429016113,0.9660894002110219,0.9646423303087543,0.0009109473684210526,False
5,144,0.4452938437461853,0.5547061562538147,0.5742803812026978,0.9664191218245272,0.9651446628858995,0.00091,False
5,145,0.4450266659259796,0.5549733638763428,0.5734269022941589,0.9670379839298758,0.9661788479052982,0.0009090526315789474,False
5,146,0.4447577893733978,0.5552421808242798,0.577397882938385,0.9673575602629656,0.9668280261570081,0.0009081052631578948,False
5,147,0.44448548555374146,0.5555145144462585,0.5760330557823181,0.9675452479506533,0.9672282499224086,0.0009071578947368421,False
5,148,0.44421035051345825,0.5557896494865417,0.5780258178710938,0.9678876511646781,0.9676016980291151,0.0009062105263157894,False
5,149,0.44395652413368225,0.5560435056686401,0.581067681312561,0.9682706355003653,0.9676467780763379,0.0009052631578947369,False
5,150,0.4437061548233032,0.5562939047813416,0.5674390196800232,0.967869896923951,0.9669670498828284,0.0009043157894736842,False
5,151,0.4434540867805481,0.5565459132194519,0.5674993395805359,0.9674539404269135,0.9665100219469613,0.0009033684210526317,False
5,152,0.443202942609787,0.5567970871925354,0.5753597021102905,0.9669771122473825,0.9663413617229638,0.0009024210526315789,False
5,153,0.4429508149623871,0.5570491552352905,0.5718421936035156,0.9668300056813571,0.9662829398083205,0.0009014736842105264,False
5,154,0.44270220398902893,0.5572977662086487,0.5631372332572937,0.9672865433000568,0.9668760264318599,0.0009005263157894737,False
5,155,0.4424569606781006,0.5575430989265442,0.5765512585639954,0.9671090008927846,0.9667711920823103,0.0008995789473684212,False
5,156,0.44221606850624084,0.5577839612960815,0.5635238885879517,0.9664495576657739,0.966256121196495,0.0008986315789473684,False
5,157,0.4419834315776825,0.5580165386199951,0.5656425952911377,0.9668097151205259,0.9670281267587122,0.0008976842105263158,False
5,158,0.4417511820793152,0.55824875831604,0.5625741481781006,0.9675401753104456,0.9682573664838778,0.0008967368421052632,False
5,159,0.4415200650691986,0.558479905128479,0.5598623752593994,0.9676416281146012,0.9685399030709162,0.0008957894736842105,False
5,160,0.4412885308265686,0.5587114691734314,0.5671147108078003,0.9673119065010957,0.9681851339573391,0.000894842105263158,False
5,161,0.4410662353038788,0.5589337348937988,0.5602566003799438,0.9666828991153315,0.9674060838523165,0.0008938947368421052,False
5,162,0.44084757566452026,0.5591524243354797,0.56312096118927,0.9663125963801641,0.9667309357381945,0.0008929473684210526,False
5,163,0.44063234329223633,0.5593677163124084,0.5641247034072876,0.9666372453534616,0.9669605767853677,0.000892,False
5,164,0.4404144883155823,0.5595855116844177,0.5612211227416992,0.9662618699780862,0.9660399919883427,0.0008910526315789474,False
5,165,0.44018957018852234,0.5598104000091553,0.5592378377914429,0.9660133106079052,0.965467406905197,0.0008901052631578948,False
5,166,0.43996673822402954,0.5600332617759705,0.5549159049987793,0.9662567973378784,0.965735113350898,0.0008891578947368421,False
5,167,0.4397439956665039,0.5602560043334961,0.5517134666442871,0.9668908773638504,0.9671142484005167,0.0008882105263157895,False
5,168,0.4395236670970917,0.5604763627052307,0.5561240911483765,0.9673423423423423,0.9677972298948008,0.0008872631578947369,False
5,169,0.43930143117904663,0.5606985688209534,0.5554054379463196,0.9679510591672754,0.9685904672320206,0.0008863157894736843,False
5,170,0.43907442688941956,0.5609255433082581,0.5511143803596497,0.9683517977436896,0.9691155756319941,0.0008853684210526317,False
5,171,0.4388379752635956,0.5611620545387268,0.5552155375480652,0.9684126694261829,0.9690821251891408,0.0008844210526315789,False
5,172,0.43860381841659546,0.5613962411880493,0.5530778169631958,0.9678546790033277,0.9687255681858351,0.0008834736842105263,False
5,173,0.43836793303489685,0.5616320371627808,0.5495609045028687,0.9676162649135623,0.9685664323330969,0.0008825263157894737,False
5,174,0.43813055753707886,0.5618694424629211,0.5500842332839966,0.9673727781835891,0.9681201675043573,0.0008815789473684211,False
5,175,0.4378950893878937,0.5621048808097839,0.5476840734481812,0.9673626329031735,0.9676524189017003,0.0008806315789473684,False
5,176,0.43765589594841003,0.5623441338539124,0.5523725152015686,0.9676162649135622,0.967858776511667,0.0008796842105263157,False
5,177,0.4374188184738159,0.5625811815261841,0.5407481789588928,0.9677938073208344,0.9678170953336752,0.0008787368421052632,False
5,178,0.4371851086616516,0.5628148317337036,0.5474460124969482,0.9678800422043664,0.9677119935593753,0.0008777894736842106,False
5,179,0.4369543790817261,0.5630456209182739,0.5455231666564941,0.9678090252414577,0.9675348716553668,0.000876842105263158,False
5,180,0.4367329776287079,0.5632669925689697,0.545563280582428,0.9675858290723155,0.9672954709078999,0.0008758947368421052,False
5,181,0.43651217222213745,0.5634878277778625,0.5430580377578735,0.9675452479506534,0.9672890358510764,0.0008749473684210527,False
5,182,0.43628567457199097,0.563714325428009,0.5556601285934448,0.9676365554743933,0.9677237066529593,0.000874,False
5,183,0.43606123328208923,0.5639387369155884,0.540063738822937,0.9673677055433811,0.9674868272262233,0.0008730526315789475,False
5,184,0.4358348250389099,0.5641651749610901,0.5378890633583069,0.9671419730541353,0.9670673889955345,0.0008721052631578948,False
5,185,0.4356134235858917,0.5643865466117859,0.5419447422027588,0.9677177177177178,0.9675075104906966,0.0008711578947368421,False
5,186,0.4353930354118347,0.5646069049835205,0.5374540686607361,0.9687322457592727,0.9686440581549116,0.0008702105263157895,False
5,187,0.4351659417152405,0.5648340582847595,0.5358824729919434,0.9695286502718935,0.9697501198605927,0.0008692631578947369,False
5,188,0.4349377155303955,0.5650622844696045,0.535489559173584,0.969290236182128,0.9695480664796102,0.0008683157894736843,False
5,189,0.4347059726715088,0.5652940273284912,0.5336110591888428,0.9682909260611963,0.9685104073913158,0.0008673684210526315,False
5,190,0.4344806671142578,0.5655193328857422,0.5360952019691467,0.9674995941887833,0.9674476394891748,0.0008664210526315789,False
5,191,0.43426448106765747,0.5657354593276978,0.5411940217018127,0.9678749695641587,0.967607357571469,0.0008654736842105263,False
5,192,0.434054434299469,0.565945565700531,0.5423231720924377,0.9686206476747018,0.9684472020893198,0.0008645263157894738,False
5,193,0.43384531140327454,0.5661546587944031,0.5368017554283142,0.9692040012985959,0.9689889677830782,0.0008635789473684211,False
5,194,0.4336334764957428,0.5663664937019348,0.5388073325157166,0.9691735654573491,0.968969005294445,0.0008626315789473684,False
5,195,0.43342676758766174,0.5665732026100159,0.5320228338241577,0.9690467494521549,0.9689324769516959,0.0008616842105263158,False
5,196,0.43321454524993896,0.566785454750061,0.5336152911186218,0.9689706598490383,0.9691322022351312,0.0008607368421052632,False
5,197,0.4329947233200073,0.5670052766799927,0.5325701832771301,0.9689706598490383,0.9695219145477029,0.0008597894736842106,False
5,198,0.43277716636657715,0.5672228336334229,0.5332362651824951,0.9686307929551172,0.9695339642308314,0.000858842105263158,False
5,199,0.43256303668022156,0.5674369931221008,0.5292435884475708,0.9684735411086762,0.96933840419246,0.0008578947368421052,False
5,200,0.43233972787857056,0.5676602721214294,0.5409517884254456,0.9683112166220275,0.9691901130610591,0.0008569473684210527,False
5,201,0.4321173429489136,0.5678826570510864,0.5311921834945679,0.9681742553364175,0.9688850117503034,0.000856,False
5,202,0.43189531564712524,0.5681046843528748,0.5289466977119446,0.9676111922733545,0.9681817016428254,0.0008550526315789474,False
5,203,0.43167832493782043,0.5683216452598572,0.5258826017379761,0.9677227903579254,0.9682018065985759,0.0008541052631578947,False
5,204,0.4314609467983246,0.568539023399353,0.5275246500968933,0.9683264345426508,0.9686217671196135,0.000853157894736842,False
5,205,0.4312461316585541,0.5687538981437683,0.5242815613746643,0.9687525363201038,0.9689844339025694,0.0008522105263157895,False
5,206,0.4310310482978821,0.5689689517021179,0.5248560309410095,0.968864134404675,0.9691274494753239,0.0008512631578947369,False
5,207,0.43081793189048767,0.5691820979118347,0.5263580083847046,0.9685394854313774,0.9686199021616039,0.0008503157894736843,False
5,208,0.43060824275016785,0.5693917274475098,0.5267413258552551,0.9685851391932473,0.9686129427855614,0.0008493684210526315,False
5,209,0.43040257692337036,0.5695974230766296,0.5250345468521118,0.9687170278386495,0.9688709534445682,0.000848421052631579,False
5,210,0.43020012974739075,0.5697998404502869,0.5253291726112366,0.9691279116954793,0.9694420901670179,0.0008474736842105263,False
5,211,0.4299975633621216,0.5700023770332336,0.5256986021995544,0.9693257446635826,0.969614290447961,0.0008465263157894738,False
5,212,0.42980173230171204,0.5701982378959656,0.5219132900238037,0.9692750182615048,0.9694945026922568,0.0008455789473684211,False
5,213,0.42961105704307556,0.5703889727592468,0.5153835415840149,0.9691634201769337,0.9694327786726504,0.0008446315789473684,False
5,214,0.4294258654117584,0.5705741047859192,0.5184156894683838,0.9693409625842059,0.9697262276320477,0.0008436842105263158,False
5,215,0.4292421042919159,0.5707578659057617,0.5220522880554199,0.9699902605308011,0.9706890956912273,0.0008427368421052632,False
5,216,0.42905816435813904,0.5709418058395386,0.5227622985839844,0.970441725509293,0.9713943484890798,0.0008417894736842106,False
5,217,0.42886707186698914,0.5711329579353333,0.516251802444458,0.9701069312555799,0.9712296210386082,0.000840842105263158,False
5,218,0.42867863178253174,0.5713213682174683,0.5161870718002319,0.9703250547845143,0.9714139448090389,0.0008398947368421052,False
5,219,0.4284888803958893,0.5715110898017883,0.5171803832054138,0.9702844736628521,0.9710239275742347,0.0008389473684210526,False
5,220,0.42830711603164673,0.571692943572998,0.5222338438034058,0.9697772096420745,0.9699207558295717,0.0008380000000000001,False
5,221,0.4281212389469147,0.5718787312507629,0.5158202052116394,0.9695286502718935,0.9695191504773547,0.0008370526315789474,False
5,222,0.4279400706291199,0.5720599293708801,0.5170866250991821,0.9695387955523092,0.9697047892127448,0.0008361052631578947,False
5,223,0.4277733862400055,0.5722266435623169,0.5229178667068481,0.969675756837919,0.9704080400988266,0.0008351578947368421,False
5,224,0.4276103377342224,0.5723897218704224,0.5110822916030884,0.9694728512296079,0.9706238046611904,0.0008342105263157895,False
5,225,0.427446573972702,0.5725534558296204,0.5057953596115112,0.9690619673727782,0.970480147130379,0.0008332631578947369,False
5,226,0.4272823631763458,0.5727176666259766,0.5128726959228516,0.9688286259232205,0.97023041382845,0.0008323157894736843,False
5,227,0.42711687088012695,0.572883129119873,0.5142674446105957,0.9688336985634284,0.9702468024755259,0.0008313684210526315,False
5,228,0.42695194482803345,0.5730479955673218,0.5141540765762329,0.9693561805048292,0.9706501467722767,0.000830421052631579,False
5,229,0.42678290605545044,0.5732170939445496,0.5130568742752075,0.9695438681925169,0.9708658363291629,0.0008294736842105263,False
5,230,0.42661112546920776,0.5733888745307922,0.5135981440544128,0.9696656115575035,0.9709401089034655,0.0008285263157894738,False
5,231,0.42643627524375916,0.5735636949539185,0.5076968669891357,0.9692141465790114,0.9703847773959318,0.000827578947368421,False
5,232,0.4262658357620239,0.5737341046333313,0.5081133842468262,0.9691380569758948,0.9700737169774412,0.0008266315789473684,False
5,233,0.4260950982570648,0.5739048719406128,0.5075934529304504,0.9692902361821282,0.9698221889981378,0.0008256842105263158,False
5,234,0.42592188715934753,0.5740781426429749,0.5067840218544006,0.9693308173037903,0.9695194831992309,0.0008247368421052632,False
5,235,0.4257514178752899,0.5742485523223877,0.5117555856704712,0.9691482022563103,0.9691753341630398,0.0008237894736842106,False
5,236,0.42558279633522034,0.574417233467102,0.5149551630020142,0.969138056975895,0.9690395163615083,0.0008228421052631578,False
5,237,0.4254191517829895,0.5745808482170105,0.503881573677063,0.9689909504098694,0.96876892406361,0.0008218947368421053,False
5,238,0.4252581298351288,0.5747418403625488,0.5116606950759888,0.9692090739388036,0.968920219797367,0.0008209473684210526,False
5,239,0.4250877797603607,0.5749121904373169,0.5077475309371948,0.9695945945945946,0.9693776167577082,0.0008200000000000001,False
5,240,0.4249172508716583,0.5750827789306641,0.5063822269439697,0.9698938803668533,0.9699122401330458,0.0008190526315789474,False
5,241,0.4247543215751648,0.5752456784248352,0.509449303150177,0.9702236019803588,0.9703798536334682,0.0008181052631578947,False
5,242,0.42458900809288025,0.5754110217094421,0.5038945078849792,0.9707257933609285,0.97111366864801,0.0008171578947368421,False
5,243,0.42442989349365234,0.5755701065063477,0.5018744468688965,0.971233057381706,0.9717764964625616,0.0008162105263157895,False
5,244,0.42425623536109924,0.5757437944412231,0.5133910179138184,0.9714562535508482,0.9721509079148752,0.0008152631578947369,False
5,245,0.42408645153045654,0.5759135484695435,0.5053958892822266,0.9713142196250304,0.9719168934918698,0.0008143157894736843,False
5,246,0.42391812801361084,0.5760818719863892,0.5017441511154175,0.9714156724291859,0.9718425404266798,0.0008133684210526315,False
5,247,0.42375046014785767,0.5762494802474976,0.5021710395812988,0.9714055271487704,0.9718696950814086,0.000812421052631579,False
5,248,0.4235841929912567,0.5764157772064209,0.4988376796245575,0.9708830452073696,0.9713124767686047,0.0008114736842105264,False
5,249,0.42342209815979004,0.57657790184021,0.507285475730896,0.9703199821443065,0.9705614753955055,0.0008105263157894737,False
5,250,0.423257052898407,0.5767428874969482,0.5018535852432251,0.9699293888483077,0.9696460064440351,0.000809578947368421,False
5,251,0.423088937997818,0.5769110918045044,0.49976611137390137,0.9698685171658145,0.9691551998980494,0.0008086315789473684,False
5,252,0.4229165017604828,0.5770834684371948,0.5013689994812012,0.9701170765359954,0.9692030104146039,0.0008076842105263158,False
5,253,0.42274561524391174,0.5772543549537659,0.5078467726707458,0.9704823066309554,0.9695914614588279,0.0008067368421052632,False
5,254,0.42258188128471375,0.5774180889129639,0.5016748905181885,0.9707055028000973,0.9700061088092274,0.0008057894736842106,False
5,255,0.4224211871623993,0.5775788426399231,0.5015351176261902,0.9708678272867463,0.9702779234452071,0.0008048421052631578,False
5,256,0.42225733399391174,0.5777426958084106,0.500164806842804,0.9710808781754728,0.9704876204749822,0.0008038947368421053,False
5,257,0.42209944128990173,0.5779005289077759,0.503716230392456,0.9713903092281471,0.9708026007183721,0.0008029473684210526,False
5,258,0.4219417870044708,0.5780582427978516,0.5006074905395508,0.971481616751887,0.9709794520631447,0.0008020000000000001,False
5,259,0.4217841625213623,0.5782157778739929,0.49440956115722656,0.971593214836458,0.9713757484222825,0.0008010526315789474,False
5,260,0.42163321375846863,0.5783668160438538,0.4936599135398865,0.971506979952926,0.9714924702050357,0.0008001052631578947,False
5,261,0.42148229479789734,0.578517735004425,0.4983746111392975,0.9715424884343803,0.9717920762727759,0.0007991578947368421,False
5,262,0.42133069038391113,0.5786693096160889,0.49507811665534973,0.9715577063550037,0.9717523349211015,0.0007982105263157896,False
5,263,0.42117834091186523,0.5788216590881348,0.4846254885196686,0.9711113140167195,0.9710361762455709,0.0007972631578947369,False
5,264,0.42102813720703125,0.5789719223976135,0.5031066536903381,0.9706446311176041,0.970162739720812,0.0007963157894736843,False
5,265,0.42088034749031067,0.5791196227073669,0.4946002662181854,0.9703047642236832,0.9691387887583388,0.0007953684210526316,False
5,266,0.420731782913208,0.579268217086792,0.4973995089530945,0.9703656359061764,0.9691592541596982,0.0007944210526315789,False
5,267,0.4205814599990845,0.5794185400009155,0.49431806802749634,0.9701525850174498,0.9692371702980083,0.0007934736842105264,False
5,268,0.4204337000846863,0.5795662999153137,0.490168035030365,0.9701678029380731,0.9695523751097936,0.0007925263157894737,False
5,269,0.420287549495697,0.5797123908996582,0.4872594177722931,0.9702033114195276,0.9696407904748171,0.000791578947368421,False
5,270,0.42013710737228394,0.5798628330230713,0.4968763291835785,0.9705127424722019,0.969779909476327,0.0007906315789473684,False
5,271,0.41998550295829773,0.5800144672393799,0.4921773374080658,0.9709794253713172,0.970310474263193,0.0007896842105263158,False
5,272,0.41982823610305786,0.5801717638969421,0.48492592573165894,0.9708830452073695,0.9707422939377746,0.0007887368421052632,False
5,273,0.4196723997592926,0.5803276300430298,0.48778992891311646,0.9706598490382273,0.9707892018081039,0.0007877894736842106,False
5,274,0.4195215106010437,0.5804784893989563,0.49027079343795776,0.9702996915834754,0.9706998503662376,0.0007868421052631579,False
5,275,0.41937071084976196,0.580629289150238,0.4876721501350403,0.9697772096420745,0.9701983934783734,0.0007858947368421053,False
5,276,0.41922083497047424,0.5807791352272034,0.4978492856025696,0.9694119795471148,0.9697285717400048,0.0007849473684210527,False
5,277,0.41907230019569397,0.5809276700019836,0.48605164885520935,0.9696148851554257,0.9699923371053207,0.0007840000000000001,False
5,278,0.41892796754837036,0.5810720324516296,0.49287527799606323,0.9694982144306469,0.9694949692565865,0.0007830526315789474,False
5,279,0.4187750220298767,0.5812250375747681,0.48133382201194763,0.9692496550604659,0.9688217682866256,0.0007821052631578947,False
5,280,0.418621301651001,0.5813786387443542,0.48924946784973145,0.9691583475367259,0.9684738057179494,0.0007811578947368421,False
5,281,0.41846925020217896,0.581530749797821,0.4893028736114502,0.9689858777696616,0.968132067189827,0.0007802105263157895,False
5,282,0.4183168411254883,0.5816832184791565,0.48787739872932434,0.9691634201769337,0.9683162802005428,0.0007792631578947369,False
5,283,0.4181562662124634,0.5818437337875366,0.4816071689128876,0.9697264832399968,0.9689665294458318,0.0007783157894736841,False
5,284,0.4179956912994385,0.5820043683052063,0.4834195077419281,0.970218529340151,0.969554185459865,0.0007773684210526316,False
5,285,0.4178358316421509,0.5821641683578491,0.485313355922699,0.9702895463030599,0.9695672482248157,0.0007764210526315789,False
5,286,0.41767555475234985,0.5823244452476501,0.4859870672225952,0.9705025971917864,0.9700892623028108,0.0007754736842105264,False
5,287,0.41751861572265625,0.5824813842773438,0.4906320571899414,0.9706091226361496,0.9702601662925324,0.0007745263157894737,False
5,288,0.4173629581928253,0.5826370716094971,0.47825875878334045,0.9705381056732408,0.9701228367108817,0.000773578947368421,False
5,289,0.41721251606941223,0.5827874541282654,0.48895567655563354,0.9705330330330331,0.9702072542894741,0.0007726315789473684,False
5,290,0.41706258058547974,0.5829374194145203,0.4889660179615021,0.9706446311176041,0.9703010768064636,0.0007716842105263159,False
5,291,0.41690945625305176,0.5830905437469482,0.4836982488632202,0.9708221735248763,0.9704681282048827,0.0007707368421052632,False
5,292,0.416760116815567,0.5832399129867554,0.4813978672027588,0.9709033357682006,0.9705477248339037,0.0007697894736842106,False
5,293,0.4166094660758972,0.583390474319458,0.4837653934955597,0.970918553688824,0.9706772829864379,0.0007688421052631579,False
5,294,0.4164653718471527,0.5835346579551697,0.4799972474575043,0.9705888320753185,0.9704016551264886,0.0007678947368421053,False
5,295,0.41632524132728577,0.5836747288703918,0.48585179448127747,0.970781592403214,0.97065957403872,0.0007669473684210527,False
5,296,0.4161853790283203,0.5838146209716797,0.48288971185684204,0.9704569434299164,0.9703171354032113,0.000766,False
5,297,0.4160425066947937,0.5839574933052063,0.48736387491226196,0.9701678029380733,0.9699922301022825,0.0007650526315789474,False
5,298,0.41590046882629395,0.5840995907783508,0.4867058992385864,0.9694779238698159,0.9691393295162417,0.0007641052631578947,False
5,299,0.41576191782951355,0.5842381119728088,0.4793025553226471,0.9691786380975571,0.9685381243500613,0.0007631578947368422,False
5,300,0.41562873125076294,0.5843713283538818,0.48105761408805847,0.9692902361821281,0.9685414428087862,0.0007622105263157895,False
5,301,0.41548892855644226,0.5845110416412354,0.4906090199947357,0.96974170116062,0.9692437867865376,0.0007612631578947369,False
5,302,0.4153478443622589,0.5846521854400635,0.482139527797699,0.9700764954143333,0.9696452122635371,0.0007603157894736841,False
5,303,0.41520336270332336,0.5847966074943542,0.47621023654937744,0.9706091226361496,0.9704059058411814,0.0007593684210526316,False
5,304,0.41505733132362366,0.5849426984786987,0.4734798073768616,0.9705228877526176,0.9704589535662276,0.000758421052631579,False
5,305,0.4149138629436493,0.5850861072540283,0.4759872555732727,0.9705279603928252,0.9705386486084302,0.0007574736842105264,False
5,306,0.4147757887840271,0.5852242112159729,0.4789620339870453,0.9705381056732407,0.9702884613424918,0.0007565263157894737,False
5,307,0.41463884711265564,0.585361123085022,0.47898364067077637,0.9704569434299164,0.9701055777194467,0.0007555789473684211,False
5,308,0.41450318694114685,0.5854968428611755,0.480307936668396,0.9706801395990586,0.9702616893865872,0.0007546315789473684,False
5,309,0.41436657309532166,0.5856334567070007,0.48299044370651245,0.9703554906257609,0.9699149376434595,0.0007536842105263158,False
5,310,0.41423994302749634,0.5857600569725037,0.4862699508666992,0.9702337472607744,0.9701057305294719,0.0007527368421052632,False
5,311,0.4141102731227875,0.5858897566795349,0.47322630882263184,0.9700714227741255,0.9702637530684671,0.0007517894736842104,False
5,312,0.4139813482761383,0.5860186815261841,0.478789746761322,0.9697112653193735,0.9699745894779592,0.0007508421052631579,False
5,313,0.4138505458831787,0.5861494541168213,0.48636335134506226,0.9697264832399967,0.9699043635767944,0.0007498947368421053,False
5,314,0.4137217700481415,0.5862782001495361,0.47685742378234863,0.969944606768931,0.9700604991035778,0.0007489473684210527,False
5,315,0.41359758377075195,0.5864024758338928,0.48141154646873474,0.96978735492249,0.9698550191876424,0.000748,False
5,316,0.41347652673721313,0.5865234732627869,0.47635942697525024,0.9695337229121013,0.9696507390687485,0.0007470526315789473,False
5,317,0.4133613705635071,0.5866385698318481,0.47610074281692505,0.9696605389172958,0.969982285901594,0.0007461052631578947,False
5,318,0.4132539927959442,0.5867460370063782,0.4843367040157318,0.9702996915834754,0.9709774405320734,0.0007451578947368422,False
5,319,0.4131437838077545,0.5868561863899231,0.47104892134666443,0.970330127424722,0.9711746403463895,0.0007442105263157895,False
5,320,0.4130282998085022,0.586971640586853,0.4776144027709961,0.9702540378216054,0.9710369494911142,0.0007432631578947369,False
5,321,0.4129076898097992,0.5870922803878784,0.4790305495262146,0.9702489651813976,0.9710722393162228,0.0007423157894736842,False
5,322,0.41279247403144836,0.5872074961662292,0.4724976718425751,0.9700967859751642,0.9709163672418406,0.0007413684210526316,False
5,323,0.4126853942871094,0.5873146653175354,0.47896263003349304,0.9699547520493467,0.970716498772787,0.000740421052631579,False
5,324,0.41257739067077637,0.5874226689338684,0.47540807723999023,0.9700308416524633,0.9707530427484261,0.0007394736842105264,False
5,325,0.4124733507633209,0.5875266790390015,0.47556057572364807,0.9698583718853989,0.970423348291823,0.0007385263157894737,False
5,326,0.41236498951911926,0.5876349806785583,0.47667667269706726,0.969767064361659,0.970004826745988,0.000737578947368421,False
5,327,0.4122617244720459,0.5877382159233093,0.4765489399433136,0.9693511078646214,0.969166228058328,0.0007366315789473685,False
5,328,0.41216638684272766,0.5878336429595947,0.47528114914894104,0.9688590617644672,0.9683735857181817,0.0007356842105263158,False
5,329,0.4120752811431885,0.5879247188568115,0.47424179315567017,0.9689605145686226,0.968449869676401,0.0007347368421052632,False
5,330,0.4119827449321747,0.5880172252655029,0.4745174050331116,0.9689808051294538,0.9686296703412158,0.0007337894736842104,False
5,331,0.4118843674659729,0.5881156325340271,0.4725040793418884,0.9695895219543869,0.9694444631124504,0.0007328421052631579,False
5,332,0.4117845594882965,0.5882154703140259,0.4765992760658264,0.9701931661391121,0.9700631119191349,0.0007318947368421053,False
5,333,0.4116765558719635,0.5883234143257141,0.4691670536994934,0.9708424640857074,0.9706845572919609,0.0007309473684210527,False
5,334,0.4115663170814514,0.5884336829185486,0.47382205724716187,0.9716540865189514,0.9713453937117078,0.00073,False
5,335,0.4114557206630707,0.5885443091392517,0.46807295083999634,0.9720345345345346,0.9714679106819022,0.0007290526315789475,False
5,336,0.4113452732563019,0.5886547565460205,0.4645926058292389,0.9718569921272624,0.9710496850171547,0.0007281052631578948,False
5,337,0.41123300790786743,0.5887669324874878,0.471579372882843,0.9716287233179124,0.9707884746673314,0.0007271578947368422,False
5,338,0.4111194610595703,0.5888805389404297,0.46286067366600037,0.9711721856992127,0.9705878328285472,0.0007262105263157895,False
5,339,0.41101330518722534,0.5889866948127747,0.4681868553161621,0.9706801395990585,0.9702036648770298,0.0007252631578947369,False
5,340,0.4109145998954773,0.5890854001045227,0.47655513882637024,0.9709489895300707,0.9707273661981801,0.0007243157894736842,False
5,341,0.4108211398124695,0.5891788601875305,0.4720659554004669,0.9711417498579661,0.9711472783468595,0.0007233684210526316,False
5,342,0.41072776913642883,0.5892722010612488,0.4650997519493103,0.9713294375456538,0.9714074528689588,0.000722421052631579,False
5,343,0.4106411635875702,0.5893588066101074,0.46781259775161743,0.9715323431539648,0.9716215630082307,0.0007214736842105263,False
5,344,0.4105433225631714,0.5894566774368286,0.4773011803627014,0.9717453940426913,0.9716927261028397,0.0007205263157894737,False
5,345,0.41044747829437256,0.5895525217056274,0.47026240825653076,0.9714866893920949,0.9712233003492259,0.000719578947368421,False
5,346,0.4103517234325409,0.5896482467651367,0.4732264578342438,0.9715982874766659,0.9713630892472349,0.0007186315789473685,False
5,347,0.4102567434310913,0.5897432565689087,0.4716028571128845,0.9720548250953657,0.9720325387394864,0.0007176842105263158,False
5,348,0.4101601243019104,0.5898398756980896,0.47010374069213867,0.9721765684603523,0.9722568297472576,0.0007167368421052632,False
5,349,0.4100659489631653,0.5899339914321899,0.4689292311668396,0.9723084571057544,0.9722403248320889,0.0007157894736842105,False
5,350,0.4099756181240082,0.5900244116783142,0.46373653411865234,0.9724454183913643,0.972430465713727,0.000714842105263158,False
5,351,0.4098876714706421,0.5901123285293579,0.4666963815689087,0.9723388929470012,0.9723269073681763,0.0007138947368421053,False
5,352,0.4097948968410492,0.5902051329612732,0.4684515595436096,0.971821483645808,0.9718290024294535,0.0007129473684210527,False
5,353,0.4097007215023041,0.5902992486953735,0.45996206998825073,0.9717859751643535,0.9718636640165542,0.000712,False
5,354,0.40959909558296204,0.5904009342193604,0.4649428129196167,0.9718214836458079,0.9720044587025712,0.0007110526315789474,False
5,355,0.4094933569431305,0.5905066132545471,0.46337929368019104,0.9718722100478857,0.9720646456413891,0.0007101052631578948,False
5,356,0.4093843996524811,0.5906156301498413,0.46213236451148987,0.9720903335768201,0.97221418395945,0.0007091578947368421,False
5,357,0.40927791595458984,0.5907220840454102,0.462280809879303,0.9718975732489246,0.9717985215363785,0.0007082105263157895,False
5,358,0.4091724157333374,0.5908275842666626,0.46387985348701477,0.9718519194870546,0.9714874454747571,0.0007072631578947367,False
5,359,0.4090639054775238,0.5909361243247986,0.4588499367237091,0.9715424884343803,0.9709459060248958,0.0007063157894736842,False
5,360,0.4089454710483551,0.5910544991493225,0.4733131527900696,0.9714105997889783,0.9708974237876236,0.0007053684210526316,False
5,361,0.40882259607315063,0.5911774635314941,0.4630369544029236,0.9716084327570814,0.9715205918361481,0.000704421052631579,False
5,362,0.40870344638824463,0.5912965536117554,0.46546489000320435,0.9716794497199902,0.9719267522436644,0.0007034736842105263,False
5,363,0.4085876941680908,0.5914123058319092,0.46473973989486694,0.9716135053972892,0.9721000713081617,0.0007025263157894738,False
5,364,0.4084675908088684,0.5915324687957764,0.45289739966392517,0.9716084327570815,0.9721388234875308,0.0007015789473684211,False
5,365,0.40834635496139526,0.5916537046432495,0.4609535038471222,0.9715881421962503,0.9720415958491038,0.0007006315789473685,False
5,366,0.40822315216064453,0.5917768478393555,0.4592670500278473,0.9716946676406135,0.9720173392991207,0.0006996842105263158,False
5,367,0.4081036448478699,0.5918964147567749,0.4592299163341522,0.9716743770797825,0.9719051838737333,0.0006987368421052632,False
5,368,0.4079808294773102,0.5920191407203674,0.4561192989349365,0.9715323431539646,0.9718009212169576,0.0006977894736842105,False
5,369,0.40785470604896545,0.5921453237533569,0.4757838845252991,0.9713750913075236,0.9719805440873187,0.000696842105263158,False
5,370,0.40773576498031616,0.5922642350196838,0.45941710472106934,0.9712939290641993,0.9719279290279258,0.0006958947368421053,False
5,371,0.40761828422546387,0.5923817753791809,0.46121060848236084,0.9709794253713173,0.9716622990374588,0.0006949473684210527,False
5,372,0.40749961137771606,0.5925003886222839,0.4637244939804077,0.9707359386413441,0.9713987925335947,0.000694,False
5,373,0.40737590193748474,0.5926240682601929,0.46154385805130005,0.9708830452073696,0.9712741052557912,0.0006930526315789473,False
5,374,0.4072558581829071,0.5927441716194153,0.4579886198043823,0.9712939290641993,0.9714281641275092,0.0006921052631578948,False
5,375,0.40714120864868164,0.5928587913513184,0.4591735005378723,0.9716337959581203,0.9713605951557822,0.0006911578947368421,False
5,376,0.4070287346839905,0.5929712653160095,0.4564255475997925,0.9719685902118335,0.9714738766675772,0.0006902105263157895,False
5,377,0.40691596269607544,0.5930840373039246,0.4670869708061218,0.9721359873386901,0.9717301516462624,0.0006892631578947369,False
5,378,0.40680283308029175,0.5931971669197083,0.4579521715641022,0.9722577307036767,0.972064553204276,0.0006883157894736843,False
5,379,0.4066922068595886,0.5933077931404114,0.46185025572776794,0.9720852609366122,0.9720013263026236,0.0006873684210526316,False
5,380,0.4065895080566406,0.5934104323387146,0.46104055643081665,0.9719635175716257,0.9719660500381847,0.000686421052631579,False
5,381,0.4064948558807373,0.5935051441192627,0.45960766077041626,0.9720954062170278,0.9721729819826493,0.0006854736842105263,False
5,382,0.40640097856521606,0.5935990214347839,0.46468546986579895,0.9724454183913644,0.9725259798866948,0.0006845263157894738,False
5,383,0.40630942583084106,0.5936905741691589,0.45883694291114807,0.9727827489651815,0.9729387315149943,0.0006835789473684211,False
5,384,0.4062172472476959,0.5937827825546265,0.4607813358306885,0.9728309390471553,0.9730449692673527,0.0006826315789473685,False
5,385,0.4061243534088135,0.5938756465911865,0.45559945702552795,0.9725265806346888,0.9726897264133564,0.0006816842105263158,False
5,386,0.4060274064540863,0.5939725637435913,0.46091872453689575,0.9721562778995211,0.972368586382237,0.0006807368421052632,False
5,387,0.4059288799762726,0.594071090221405,0.4599299132823944,0.9715526337147958,0.9717277856611414,0.0006797894736842105,False
5,388,0.4058338701725006,0.594166100025177,0.4600815773010254,0.9714511809106404,0.9715147999173412,0.0006788421052631579,False
5,389,0.4057389199733734,0.5942610502243042,0.45922359824180603,0.9712685658631606,0.9713255103600218,0.0006778947368421053,False
5,390,0.4056505858898163,0.5943493843078613,0.46337276697158813,0.9709642074506939,0.970829746595768,0.0006769473684210526,False
5,391,0.40556252002716064,0.5944374799728394,0.4537796080112457,0.9710504423342261,0.9709077131667582,0.0006760000000000001,False
5,392,0.40547558665275574,0.5945243835449219,0.4585954546928406,0.971370018667316,0.9712785940727463,0.0006750526315789474,False
5,393,0.40538862347602844,0.5946113467216492,0.4604847729206085,0.9718519194870547,0.9721572223245708,0.0006741052631578948,False
5,394,0.40529975295066833,0.594700276851654,0.45573246479034424,0.9720091713334957,0.9725571216999402,0.0006731578947368421,False
5,395,0.4052143692970276,0.5947856307029724,0.45622026920318604,0.9718265562860158,0.9725120480410667,0.0006722105263157895,False
5,396,0.405136376619339,0.5948636531829834,0.4632071554660797,0.9721410599788979,0.9728111691203708,0.0006712631578947368,False
5,397,0.40506210923194885,0.5949378609657288,0.45905959606170654,0.9724454183913643,0.973023146110047,0.0006703157894736843,False
5,398,0.40498003363609314,0.5950199365615845,0.45497533679008484,0.9726229607986364,0.9730308660709889,0.0006693684210526316,False
5,399,0.40489786863327026,0.595102071762085,0.45382946729660034,0.9728207937667398,0.9730156445095615,0.000668421052631579,False
5,400,0.40481388568878174,0.5951861143112183,0.4594663381576538,0.9726229607986364,0.972789681098062,0.0006674736842105263,False
5,401,0.40472492575645447,0.5952750444412231,0.4523335099220276,0.9724504910315721,0.9726981273034285,0.0006665263157894737,False
5,402,0.40463700890541077,0.5953629612922668,0.45013102889060974,0.9718975732489247,0.9722096987251094,0.0006655789473684211,False
5,403,0.40455424785614014,0.5954457521438599,0.4567607045173645,0.9713852365879392,0.971773148396073,0.0006646315789473684,False
5,404,0.40447378158569336,0.5955262780189514,0.45613110065460205,0.9708171008846684,0.9713558317858482,0.0006636842105263158,False
5,405,0.4043942987918854,0.5956056714057922,0.4548757076263428,0.970264183102021,0.9709042881030632,0.0006627368421052632,False
5,406,0.40432339906692505,0.5956765413284302,0.45723000168800354,0.96996996996997,0.9706720032734594,0.0006617894736842106,False
5,407,0.4042476415634155,0.5957523584365845,0.4565877318382263,0.9700511322132944,0.9706561890909945,0.0006608421052631579,False
5,408,0.40416666865348816,0.5958333611488342,0.447517991065979,0.9701525850174498,0.9706146927134938,0.0006598947368421053,False
5,409,0.40407922863960266,0.5959208011627197,0.45493805408477783,0.9703605632659688,0.9707828774516429,0.0006589473684210526,False
5,410,0.4039976894855499,0.5960023403167725,0.4595259428024292,0.9707917376836296,0.9711792428580099,0.0006580000000000001,False
5,411,0.40391823649406433,0.5960817337036133,0.44699519872665405,0.9712482753023295,0.9715208936067861,0.0006570526315789474,False
5,412,0.4038376808166504,0.5961623191833496,0.45321258902549744,0.9713142196250304,0.9716771252826163,0.0006561052631578948,False
5,413,0.4037483036518097,0.5962517261505127,0.4611414968967438,0.9710098612125639,0.9717184485562401,0.0006551578947368421,False
5,414,0.40365713834762573,0.5963428616523743,0.45523983240127563,0.9704011443876308,0.9714682675951435,0.0006542105263157896,False
5,415,0.40356436371803284,0.5964356064796448,0.4508412480354309,0.9698279360441522,0.9709160588080619,0.0006532631578947368,False
5,416,0.4034718871116638,0.5965281128883362,0.45695558190345764,0.9695743040337634,0.9706005327773817,0.0006523157894736842,False
5,417,0.4033781588077545,0.5966218113899231,0.4531891644001007,0.9697822822822824,0.9705444345441936,0.0006513684210526316,False
5,418,0.40328219532966614,0.5967177748680115,0.4532209634780884,0.9702794010226442,0.9706876087077654,0.0006504210526315789,False
5,419,0.40318870544433594,0.5968112945556641,0.45549339056015015,0.970918553688824,0.9710807794002936,0.0006494736842105264,False
5,420,0.40309053659439087,0.5969095230102539,0.4577069878578186,0.9712482753023294,0.9714223717081606,0.0006485263157894737,False
5,421,0.4029911458492279,0.5970088839530945,0.454772412776947,0.9718062657251847,0.9722288893679002,0.0006475789473684211,False
5,422,0.40290018916130066,0.597099781036377,0.4481455683708191,0.9719838081324568,0.9724207485533679,0.0006466315789473684,False
5,423,0.4028124213218689,0.5971875786781311,0.45224881172180176,0.9716743770797825,0.9720669975868939,0.0006456842105263158,False
5,424,0.4027259647846222,0.5972740650177002,0.4477781355381012,0.9714410356302249,0.9717853018036584,0.0006447368421052632,False
5,425,0.4026343524456024,0.5973656177520752,0.44824182987213135,0.9714866893920948,0.9717617368393399,0.0006437894736842106,False
5,426,0.4025439918041229,0.5974560379981995,0.44273102283477783,0.9717403214024836,0.9720195046444372,0.0006428421052631579,False
5,427,0.4024532437324524,0.5975467562675476,0.4551331400871277,0.9720649703757811,0.9724545273390615,0.0006418947368421053,False
5,428,0.40236377716064453,0.5976361632347107,0.44739723205566406,0.9720040986932879,0.9725384161375836,0.0006409473684210527,False
5,429,0.40227365493774414,0.5977263450622559,0.4497623145580292,0.9717656846035224,0.972341870957473,0.00064,False
5,430,0.4021870195865631,0.5978130102157593,0.44610026478767395,0.9715120525931337,0.9720702374610294,0.0006390526315789474,False
5,431,0.4021025598049164,0.597897469997406,0.4496401250362396,0.9713649460271081,0.9717708775303203,0.0006381052631578948,False
5,432,0.40201660990715027,0.5979834198951721,0.44672608375549316,0.9715221978735492,0.9717553286411346,0.0006371578947368421,False
5,433,0.4019293189048767,0.5980707406997681,0.4456327557563782,0.9716794497199902,0.9716363101405151,0.0006362105263157895,False
5,434,0.4018411338329315,0.5981588363647461,0.4492393136024475,0.9721664231799367,0.9720627479998234,0.000635263157894737,False
5,435,0.4017476737499237,0.5982523560523987,0.453235924243927,0.9725468711955199,0.9726146134691352,0.0006343157894736842,False
5,436,0.4016541838645935,0.5983457565307617,0.44466105103492737,0.9728715201688175,0.9730326909674181,0.0006333684210526316,False
5,437,0.4015568494796753,0.5984432101249695,0.4461274743080139,0.9732164597029461,0.9734100749356034,0.0006324210526315789,False
5,438,0.4014630913734436,0.5985369086265564,0.44741296768188477,0.9735106728349973,0.973769673241457,0.0006314736842105264,False
5,439,0.4013698101043701,0.5986301302909851,0.44592294096946716,0.9736171982793604,0.9738010382092127,0.0006305263157894737,False
5,440,0.40128108859062195,0.5987188816070557,0.4442311227321625,0.9739266293320348,0.9741276541551676,0.0006295789473684211,False
5,441,0.40119144320487976,0.5988085865974426,0.4531095623970032,0.9737541595649704,0.9739500188650669,0.0006286315789473684,False
5,442,0.4011007249355316,0.5988993048667908,0.4422813057899475,0.9731758785812841,0.9734123335687775,0.0006276842105263159,False
5,443,0.4010097086429596,0.598990261554718,0.4473912715911865,0.972861374888402,0.9731737168943309,0.0006267368421052632,False
5,444,0.4009180963039398,0.5990819334983826,0.4493975341320038,0.9725925249573898,0.9731460671936986,0.0006257894736842106,False
5,445,0.40082797408103943,0.5991719961166382,0.44694778323173523,0.9723287476665856,0.9729788385499519,0.0006248421052631579,False
5,446,0.4007386565208435,0.5992613434791565,0.44688916206359863,0.9721968590211834,0.9728229254815244,0.0006238947368421053,False
5,447,0.4006461501121521,0.5993538498878479,0.45010003447532654,0.9723439655872088,0.9727990291581887,0.0006229473684210527,False
5,448,0.4005580544471741,0.5994419455528259,0.4469073414802551,0.9727294862429997,0.9729508878987401,0.000622,False
5,449,0.40047141909599304,0.5995285511016846,0.4457705020904541,0.9730439899358818,0.9730652092709383,0.0006210526315789474,False
5,450,0.40038689970970154,0.5996131300926208,0.44853925704956055,0.9732925493060629,0.9732287119215604,0.0006201052631578947,False
5,451,0.40030637383461,0.5996936559677124,0.45079606771469116,0.9733432757081406,0.9733749239400764,0.0006191578947368421,False
5,452,0.400225430727005,0.5997745990753174,0.44502022862434387,0.9732773313854394,0.9732157115033226,0.0006182105263157895,False
5,453,0.4001479744911194,0.5998520255088806,0.44521501660346985,0.9730845710575441,0.9731397573369516,0.000617263157894737,False
5,454,0.4000677168369293,0.5999322533607483,0.4390515983104706,0.9732063144225307,0.973286913723607,0.0006163157894736842,False
5,455,0.3999863862991333,0.6000136137008667,0.44251546263694763,0.9732266049833618,0.9734194413853279,0.0006153684210526316,False
5,456,0.39990416169166565,0.6000958681106567,0.44352588057518005,0.9730338446554663,0.9731123230758926,0.000614421052631579,False
5,457,0.3998231887817383,0.6001768112182617,0.4421248137950897,0.972861374888402,0.9730254843417472,0.0006134736842105264,False
5,458,0.3997383117675781,0.6002616882324219,0.4417151212692261,0.9724961447934422,0.9728802473545459,0.0006125263157894737,False
5,459,0.3996587097644806,0.600341260433197,0.4461195170879364,0.9724504910315721,0.9730114554030886,0.0006115789473684211,False
5,460,0.39957886934280396,0.6004210710525513,0.4371197521686554,0.9723896193490789,0.9729395643292106,0.0006106315789473684,False
5,461,0.39950451254844666,0.6004955172538757,0.445256769657135,0.9726584692800909,0.9730022644545446,0.0006096842105263159,False
5,462,0.39942777156829834,0.6005722284317017,0.4445003569126129,0.9725367259151043,0.972632050213519,0.0006087368421052633,False
5,463,0.3993483781814575,0.6006516218185425,0.4430384635925293,0.9726939777615454,0.9726371467248635,0.0006077894736842105,False
5,464,0.3992678225040436,0.6007322072982788,0.4413909316062927,0.9731099342585829,0.9730779846561578,0.0006068421052631579,False
5,465,0.3991897702217102,0.6008102297782898,0.4403769373893738,0.9732063144225306,0.9730927612016746,0.0006058947368421052,False
5,466,0.39911332726478577,0.6008867025375366,0.4419769048690796,0.9731251521792061,0.9728815314991487,0.0006049473684210527,False
5,467,0.3990403413772583,0.6009596586227417,0.4443686008453369,0.973038917295674,0.9728101950156325,0.000604,False
5,468,0.39896661043167114,0.6010334491729736,0.44833189249038696,0.9726838324811298,0.9725298800993476,0.0006030526315789474,False
5,469,0.3988913595676422,0.6011086106300354,0.4426913559436798,0.972724413602792,0.9726197765458864,0.0006021052631578947,False
5,470,0.3988229036331177,0.6011771559715271,0.44545209407806396,0.9727294862429998,0.9726493914644554,0.0006011578947368422,False
5,471,0.39875373244285583,0.6012462377548218,0.4425645172595978,0.9725823796769743,0.9724022529981843,0.0006002105263157895,False
5,472,0.3986808657646179,0.6013191342353821,0.4378597140312195,0.9725519438357276,0.9723027622614355,0.0005992631578947369,False
5,473,0.39861181378364563,0.601388156414032,0.44681262969970703,0.9725925249573898,0.9725332705375994,0.0005983157894736842,False
5,474,0.398544043302536,0.6014559864997864,0.4433879852294922,0.9727599220842463,0.972580455768222,0.0005973684210526316,False
5,475,0.3984750807285309,0.6015249490737915,0.4450436532497406,0.9728309390471552,0.9727565908825949,0.000596421052631579,False
5,476,0.39840367436408997,0.6015963554382324,0.44055455923080444,0.9726686145605065,0.9727875917832742,0.0005954736842105265,False
5,477,0.39833134412765503,0.601668655872345,0.43925124406814575,0.9727497768038309,0.9729065006521942,0.0005945263157894737,False
5,478,0.3982652425765991,0.6017347574234009,0.44411563873291016,0.9730490625760895,0.9732033842592077,0.0005935789473684211,False
5,479,0.39820125699043274,0.6017987728118896,0.43603280186653137,0.9729476097719341,0.973089228330101,0.0005926315789473684,False
5,480,0.3981333076953888,0.6018667221069336,0.437702476978302,0.9729019560100641,0.973089689494113,0.0005916842105263158,False
5,481,0.3980673849582672,0.6019326448440552,0.43895626068115234,0.9728106484863243,0.9730822704247742,0.0005907368421052633,False
5,482,0.3980019986629486,0.6019980311393738,0.43522027134895325,0.9726381787192597,0.9730270718398192,0.0005897894736842105,False
5,483,0.39793694019317627,0.602063000202179,0.44007790088653564,0.9723693287882478,0.9728702267963841,0.0005888421052631579,False
5,484,0.39787063002586365,0.6021293997764587,0.44647663831710815,0.9720751156561966,0.9727644632580974,0.0005878947368421053,False
5,485,0.39780813455581665,0.6021919250488281,0.44095420837402344,0.9717809025241458,0.9723942058355691,0.0005869473684210527,False
5,486,0.39774203300476074,0.6022579669952393,0.4389321208000183,0.971618578037497,0.9720778229399624,0.000586,False
5,487,0.39767488837242126,0.6023250818252563,0.4486296772956848,0.9714511809106404,0.9718397362055639,0.0005850526315789473,False
5,488,0.3976098597049713,0.6023901700973511,0.4423859715461731,0.9712837837837838,0.971361549937235,0.0005841052631578947,False
5,489,0.3975405991077423,0.6024594306945801,0.4398006200790405,0.971030151773395,0.9707829145118454,0.0005831578947368421,False
5,490,0.3974725306034088,0.6025274991989136,0.4441457986831665,0.9705939047155263,0.9699884488060655,0.0005822105263157896,False
5,491,0.39740514755249023,0.6025948524475098,0.4399447441101074,0.9705330330330331,0.9699940638643614,0.0005812631578947368,False
5,492,0.39733022451400757,0.6026697754859924,0.44042572379112244,0.9707511565619674,0.9703996726644033,0.0005803157894736842,False
5,493,0.3972580134868622,0.6027419567108154,0.44423702359199524,0.9707308660011363,0.9707920994116594,0.0005793684210526315,False
5,494,0.39718732237815857,0.6028127074241638,0.440568745136261,0.9708120282444607,0.9710952164332237,0.000578421052631579,False
5,495,0.39711931347846985,0.6028807163238525,0.43575507402420044,0.9711924762600439,0.9714985899831551,0.0005774736842105263,False
5,496,0.3970497250556946,0.6029502749443054,0.4410141408443451,0.9714613261910559,0.97192663133964,0.0005765263157894737,False
5,497,0.39697661995887756,0.6030234098434448,0.43461090326309204,0.9716439412385358,0.9722996656136154,0.000575578947368421,False
5,498,0.39690154790878296,0.6030983924865723,0.44037798047065735,0.9714866893920948,0.9723389384594121,0.0005746315789473685,False
5,499,0.3968282639980316,0.6031717658042908,0.43465566635131836,0.9714359629900171,0.9723474184871973,0.0005736842105263159,False
5,500,0.3967536687850952,0.6032463312149048,0.439532995223999,0.9715069799529258,0.9724035146016636,0.0005727368421052632,False
5,501,0.3966790735721588,0.6033209562301636,0.4389733374118805,0.9717352487622758,0.9725760948775258,0.0005717894736842105,False
5,502,0.39660751819610596,0.603392481803894,0.44218772649765015,0.9722323675026379,0.9730596999197182,0.0005708421052631579,False
5,503,0.3965319097042084,0.6034680604934692,0.4363161027431488,0.9724504910315721,0.9731706719658075,0.0005698947368421053,False
5,504,0.39645808935165405,0.6035418510437012,0.44081640243530273,0.972612815518221,0.9731695711829393,0.0005689473684210527,False
5,505,0.39639124274253845,0.6036087274551392,0.4364761710166931,0.9725570164759355,0.9729311223712211,0.000568,False
5,506,0.39632177352905273,0.6036782264709473,0.43417784571647644,0.972521507994481,0.9725643571494942,0.0005670526315789473,False
5,507,0.39625853300094604,0.603741466999054,0.4389696419239044,0.9722577307036767,0.9720261177543794,0.0005661052631578947,False
5,508,0.3961929976940155,0.6038069725036621,0.4326525032520294,0.9722323675026378,0.9719548658288704,0.0005651578947368421,False
5,509,0.396127849817276,0.6038721799850464,0.42893457412719727,0.9721004788572356,0.9717913242869158,0.0005642105263157896,False
5,510,0.3960612118244171,0.6039387583732605,0.43626272678375244,0.9719990260530801,0.9717909987263884,0.0005632631578947368,False
5,511,0.3959943652153015,0.6040056347846985,0.43163710832595825,0.9720091713334956,0.9719557089066228,0.0005623157894736842,False
5,512,0.39592576026916504,0.6040741801261902,0.4350387454032898,0.9722272948624301,0.972164101286561,0.0005613684210526316,False
5,513,0.39585867524147034,0.6041412949562073,0.43542909622192383,0.9724707815924033,0.9723500080114194,0.0005604210526315791,False
5,514,0.3957849144935608,0.6042150855064392,0.4332427382469177,0.972475854232611,0.972619516914764,0.0005594736842105263,False
5,515,0.3957153558731079,0.6042846441268921,0.4285852313041687,0.9722475854232612,0.9725497380864637,0.0005585263157894737,False
5,516,0.39564546942710876,0.6043545603752136,0.4356120228767395,0.97222729486243,0.9725659575900841,0.000557578947368421,False
5,517,0.39557740092277527,0.6044225692749023,0.43346136808395386,0.9722628033438844,0.9725265126344664,0.0005566315789473684,False
5,518,0.3955141305923462,0.6044859290122986,0.43907666206359863,0.9721461326191057,0.9723853076101019,0.0005556842105263159,False
5,519,0.39545106887817383,0.6045489311218262,0.4391781985759735,0.9722628033438845,0.9723473190830333,0.0005547368421052631,False
5,520,0.39538177847862244,0.6046181917190552,0.43430057168006897,0.9721512052593133,0.9720417277343854,0.0005537894736842105,False
5,521,0.3953126072883606,0.6046873927116394,0.43225613236427307,0.9724504910315721,0.9723067948545159,0.0005528421052631578,False
5,522,0.3952406346797943,0.6047593355178833,0.4391438961029053,0.9725367259151044,0.9724580526414991,0.0005518947368421053,False
5,523,0.3951634466648102,0.6048365831375122,0.4367254972457886,0.9724352731109488,0.9724251479571968,0.0005509473684210527,False
5,524,0.39508721232414246,0.6049128174781799,0.434305340051651,0.9722628033438845,0.9722604248711743,0.00055,False
5,525,0.39501094818115234,0.6049891114234924,0.4386013448238373,0.9724251278305333,0.9723832548144826,0.0005490526315789473,False
5,526,0.3949442505836487,0.6050557494163513,0.4362683594226837,0.9726584692800908,0.9725980155300527,0.0005481052631578948,False
5,527,0.39488011598587036,0.6051199436187744,0.43813323974609375,0.972881665449233,0.9730356590291539,0.0005471578947368421,False
5,528,0.3948141038417816,0.6051859259605408,0.43749961256980896,0.9730541352162974,0.973423827982314,0.0005462105263157896,False
5,529,0.3947521150112152,0.6052479147911072,0.43263188004493713,0.9732266049833618,0.9737964819379569,0.0005452631578947368,False
5,530,0.3946880102157593,0.605311930179596,0.4329146146774292,0.9731251521792063,0.9738012980784437,0.0005443157894736843,False
5,531,0.3946210741996765,0.6053789258003235,0.4420914351940155,0.9731910965019074,0.97397576943231,0.0005433684210526316,False
5,532,0.3945550322532654,0.6054449677467346,0.43402835726737976,0.9734802369937504,0.9743543556228703,0.000542421052631579,False
5,533,0.3944941759109497,0.6055057644844055,0.43306243419647217,0.9733331304277251,0.9741445302413775,0.0005414736842105263,False
5,534,0.39443132281303406,0.6055686473846436,0.4326997995376587,0.9733635662689717,0.9742566999683223,0.0005405263157894736,False
5,535,0.39437124133110046,0.6056287288665771,0.43089282512664795,0.972993263533804,0.9737573050271265,0.0005395789473684211,False
5,536,0.3943125605583191,0.6056874990463257,0.4394174814224243,0.9727649947244542,0.9734170925838957,0.0005386315789473684,False
5,537,0.3942508101463318,0.6057491302490234,0.4307936728000641,0.9724251278305334,0.9729008218913691,0.0005376842105263159,False
5,538,0.3941868543624878,0.6058131456375122,0.4333226978778839,0.9721359873386901,0.9723078211885783,0.0005367368421052631,False
5,539,0.39412304759025574,0.6058769226074219,0.43385422229766846,0.9720294618943268,0.9719833093195962,0.0005357894736842105,False
5,540,0.39406338334083557,0.605936586856842,0.4333878755569458,0.9720091713334956,0.9719297555281681,0.0005348421052631579,False
5,541,0.3939978778362274,0.6060020923614502,0.43108171224594116,0.9719229364499635,0.9719577068109323,0.0005338947368421053,False
5,542,0.3939328193664551,0.6060672402381897,0.4277956485748291,0.9718164110056002,0.9719377901772966,0.0005329473684210526,False
5,543,0.3938695788383484,0.6061303615570068,0.43043628334999084,0.9719178638097556,0.9720986840937291,0.000532,False
5,544,0.39380818605422974,0.6061918139457703,0.43712034821510315,0.9718569921272624,0.971937219914444,0.0005310526315789474,False
5,545,0.393746554851532,0.606253445148468,0.4361687898635864,0.9718468468468469,0.9720340099997438,0.0005301052631578948,False
5,546,0.393688440322876,0.606311559677124,0.43827110528945923,0.9719432270107946,0.972259807939644,0.0005291578947368421,False
5,547,0.39362889528274536,0.6063711047172546,0.4250158369541168,0.9721410599788978,0.9724121112452544,0.0005282105263157894,False
5,548,0.3935701847076416,0.6064298152923584,0.4343448877334595,0.9721562778995211,0.9723980605614262,0.0005272631578947368,False
5,549,0.39350712299346924,0.6064928770065308,0.42973631620407104,0.9723490382274167,0.972470260061512,0.0005263157894736842,False
5,550,0.39344531297683716,0.6065546870231628,0.4334593415260315,0.9725113627140655,0.9725879471640623,0.0005253684210526316,False
5,551,0.39337971806526184,0.6066203117370605,0.4348638653755188,0.9726686145605065,0.9727819852891229,0.000524421052631579,False
5,552,0.3933201730251312,0.6066797971725464,0.4319060444831848,0.972836011687363,0.9730741252386844,0.0005234736842105263,False
5,553,0.3932623863220215,0.6067376732826233,0.43027377128601074,0.9728055758461165,0.9729689199548691,0.0005225263157894736,False
5,554,0.39319998025894165,0.6068000197410583,0.4291740357875824,0.972907028650272,0.9730443913717557,0.0005215789473684211,False
5,555,0.3931350111961365,0.6068650484085083,0.4244198799133301,0.9730794984173363,0.9730609482723516,0.0005206315789473684,False
5,556,0.39307186007499695,0.6069281697273254,0.4284948408603668,0.973175878581284,0.9731295162396116,0.0005196842105263159,False
5,557,0.3930148184299469,0.6069851517677307,0.4316578507423401,0.9731657333008684,0.9730574403447574,0.0005187368421052631,False
5,558,0.3929639160633087,0.6070361137390137,0.4279935359954834,0.9731200795389984,0.9729806592322572,0.0005177894736842106,False
5,559,0.3929125964641571,0.6070873737335205,0.42901358008384705,0.9728512296079864,0.9726446799071565,0.0005168421052631579,False
5,560,0.39285677671432495,0.607143223285675,0.4380699396133423,0.9724910721532344,0.972455240327507,0.0005158947368421053,False
5,561,0.39279496669769287,0.6072050333023071,0.4246014952659607,0.9721410599788978,0.9722466156439101,0.0005149473684210526,False
5,562,0.3927360773086548,0.6072639226913452,0.4308689534664154,0.9719533722912103,0.9720338913755923,0.000514,False
5,563,0.3926796615123749,0.6073203086853027,0.4251973628997803,0.9719482996510023,0.9719211491557765,0.0005130526315789474,False
5,564,0.39262285828590393,0.6073771119117737,0.43440693616867065,0.9720548250953657,0.9719521409802928,0.0005121052631578947,False
5,565,0.39256584644317627,0.6074341535568237,0.4254501760005951,0.972207004301599,0.9720948762448035,0.0005111578947368422,False
5,566,0.3925066292285919,0.6074933409690857,0.4236013889312744,0.9723794740686632,0.9722042214605914,0.0005102105263157894,False
5,567,0.3924449384212494,0.607555091381073,0.43222978711128235,0.9726077428780132,0.9724987987605538,0.0005092631578947368,False
5,568,0.39238086342811584,0.6076191067695618,0.4259861409664154,0.9728106484863241,0.9727159282928606,0.0005083157894736842,False
5,569,0.3923179507255554,0.6076820492744446,0.4272817373275757,0.9728867380894408,0.9730617839165577,0.0005073684210526316,False
5,570,0.39225155115127563,0.6077484488487244,0.4246007800102234,0.9730135540946352,0.9733110551752544,0.000506421052631579,False
5,571,0.3921908140182495,0.6078091859817505,0.43070125579833984,0.9729526824121418,0.9732894003168095,0.0005054736842105263,False
5,572,0.3921283483505249,0.6078716516494751,0.4346189498901367,0.9730287720152585,0.9734056961902826,0.0005045263157894737,False
5,573,0.39206814765930176,0.6079317927360535,0.43232792615890503,0.9729932635338041,0.9733295904014226,0.0005035789473684211,False
5,574,0.392006516456604,0.607993483543396,0.430726557970047,0.9730236993750507,0.9733596076874677,0.0005026315789473684,False
5,575,0.3919488489627838,0.6080511212348938,0.4259312152862549,0.9727700673646621,0.9728981518266319,0.0005016842105263159,False
5,576,0.39189425110816956,0.6081057190895081,0.4281473457813263,0.9727091956821687,0.9726801642490914,0.0005007368421052631,False
5,577,0.3918381631374359,0.6081618666648865,0.42912739515304565,0.9726686145605066,0.972623429864086,0.0004997894736842106,False
5,578,0.39178258180618286,0.6082174181938171,0.425032377243042,0.9724859995130266,0.972324403012528,0.0004988421052631579,False
5,579,0.391726016998291,0.608273983001709,0.4291091859340668,0.9724910721532344,0.9724192030118489,0.0004978947368421053,False
5,580,0.39166876673698425,0.6083312630653381,0.4276636242866516,0.9724251278305333,0.972451098564248,0.0004969473684210526,False
5,581,0.3916146457195282,0.6083853244781494,0.432125061750412,0.9725417985553121,0.9727711697460162,0.0004959999999999999,False
5,582,0.39156436920166016,0.6084356307983398,0.431077778339386,0.9723794740686632,0.9729469315127578,0.0004950526315789474,False
5,583,0.3915114998817444,0.6084885001182556,0.42091748118400574,0.97245556367178,0.9734677649612088,0.0004941052631578947,False
5,584,0.39145684242248535,0.6085431575775146,0.42524370551109314,0.9724859995130266,0.9737383168847794,0.0004931578947368422,False
5,585,0.391406774520874,0.608593225479126,0.42808711528778076,0.9726939777615453,0.9739535281998937,0.0004922105263157894,False
5,586,0.3913590610027313,0.6086409091949463,0.42985761165618896,0.9728918107296486,0.9739869287647801,0.0004912631578947369,False
5,587,0.39131245017051697,0.6086875796318054,0.4235217273235321,0.9730541352162974,0.9740724334709943,0.0004903157894736842,False
5,588,0.39127132296562195,0.6087287068367004,0.4290561378002167,0.9733534209885562,0.9742525356101404,0.0004893684210526316,False
5,589,0.39122819900512695,0.6087718605995178,0.426030695438385,0.9733686389091795,0.9741762311750122,0.000488421052631579,False
5,590,0.39118650555610657,0.6088135242462158,0.4252631664276123,0.9731302248194139,0.9739792838907271,0.0004874736842105263,False
5,591,0.3911380171775818,0.6088619828224182,0.4258578419685364,0.9728867380894408,0.973804995258905,0.0004865263157894737,False
5,592,0.39109405875205994,0.6089059710502625,0.42760464549064636,0.9728664475286097,0.973939173772549,0.00048557894736842103,False
5,593,0.3910512626171112,0.6089487075805664,0.42153042554855347,0.9728512296079864,0.9738857998117136,0.0004846315789473684,False
5,594,0.391011118888855,0.6089889407157898,0.4320984184741974,0.9728461569677787,0.9738869417453464,0.00048368421052631574,False
5,595,0.390970379114151,0.6090295910835266,0.4292522072792053,0.9728461569677787,0.9738137236532782,0.00048273684210526307,False
5,596,0.3909318745136261,0.6090681552886963,0.4270200729370117,0.9727345588832076,0.9735417591804988,0.0004817894736842105,False
5,597,0.39089465141296387,0.6091053485870361,0.43205928802490234,0.9727193409625842,0.9733063675845162,0.0004808421052631578,False
5,598,0.3908558487892151,0.6091441512107849,0.424015074968338,0.9727649947244541,0.9731539052739456,0.00047989473684210526,False
5,599,0.3908193111419678,0.6091806888580322,0.42381390929222107,0.9728715201688175,0.9732628940598765,0.0004789473684210526,False
5,600,0.3907802700996399,0.6092197299003601,0.42753157019615173,0.973130224819414,0.9735901771086043,0.000478,False
5,601,0.3907410204410553,0.6092590093612671,0.42336127161979675,0.9730693531369208,0.9737109524525689,0.00047705263157894734,False
5,602,0.3907007873058319,0.6092992424964905,0.42599478363990784,0.9729374644915185,0.9736436342901263,0.00047610526315789467,False
5,603,0.39066120982170105,0.6093388199806213,0.42685824632644653,0.9726635419202986,0.9733025245193947,0.0004751578947368421,False
5,604,0.39061713218688965,0.6093829274177551,0.42593738436698914,0.9723439655872089,0.972844869451086,0.00047421052631578943,False
5,605,0.3905717134475708,0.6094282269477844,0.42310667037963867,0.9722374401428455,0.972613238226371,0.00047326315789473686,False
5,606,0.3905245065689087,0.6094754338264465,0.42479366064071655,0.9722323675026378,0.9725306797867146,0.0004723157894736842,False
5,607,0.39047738909721375,0.6095226407051086,0.43028610944747925,0.9722729486243001,0.9724899375538997,0.0004713684210526316,False
5,608,0.3904326558113098,0.609567403793335,0.42634084820747375,0.9721867137407679,0.9722161118191832,0.00047042105263157895,False
5,609,0.39038822054862976,0.6096117496490479,0.4282611608505249,0.9722323675026379,0.9721274649943011,0.0004694736842105263,False
5,610,0.3903409540653229,0.6096590757369995,0.4238554537296295,0.9722171495820146,0.9720155006644845,0.00046852631578947365,False
5,611,0.3902933597564697,0.6097065806388855,0.42700624465942383,0.9723338203067934,0.9724071052310453,0.000467578947368421,False
5,612,0.39024752378463745,0.6097524762153625,0.42854106426239014,0.9725113627140655,0.9729176496727255,0.0004666315789473684,False
5,613,0.390199214220047,0.6098007559776306,0.41620394587516785,0.9724352731109488,0.9731002803617003,0.00046568421052631574,False
5,614,0.39014723896980286,0.6098527908325195,0.42350950837135315,0.9726584692800909,0.9735431899387649,0.00046473684210526317,False
5,615,0.3900957405567169,0.6099042892456055,0.42453616857528687,0.9727193409625843,0.973563240359815,0.0004637894736842105,False
5,616,0.39004361629486084,0.6099563837051392,0.4215444326400757,0.9730490625760895,0.9738844586408886,0.00046284210526315793,False
5,617,0.38998982310295105,0.6100101470947266,0.42108774185180664,0.9736476341206071,0.9745082229398446,0.00046189473684210525,False
5,618,0.3899341821670532,0.6100658178329468,0.4237070679664612,0.9738048859670481,0.9746403907194433,0.0004609473684210526,False
5,619,0.38988107442855835,0.6101189255714417,0.42552807927131653,0.9738353218082948,0.9745936272996082,0.00046,False
5,620,0.38982588052749634,0.6101741194725037,0.4197550415992737,0.9738505397289182,0.9745690797096457,0.00045905263157894734,False
5,621,0.3897704482078552,0.6102295517921448,0.426936537027359,0.9737338690041393,0.9745279123480239,0.0004581052631578948,False
5,622,0.3897196054458618,0.6102803945541382,0.42043620347976685,0.9736679246814381,0.9745047003583184,0.0004571578947368421,False
5,623,0.3896683156490326,0.610331654548645,0.41875553131103516,0.9735563265968672,0.9745130997456642,0.0004562105263157895,False
5,624,0.3896152079105377,0.6103848218917847,0.4179115295410156,0.9735512539566593,0.974611979686856,0.0004552631578947368,False
5,625,0.3895622491836548,0.6104377508163452,0.4243929088115692,0.9738150312474637,0.9749039068862967,0.00045431578947368413,False
5,626,0.3895110487937927,0.6104889512062073,0.41934651136398315,0.9739317019722425,0.9748936395483276,0.00045336842105263156,False
5,627,0.3894609212875366,0.6105390787124634,0.42313477396965027,0.9739063387712037,0.9746913284306619,0.0004524210526315789,False
5,628,0.38941168785095215,0.6105883121490479,0.41687172651290894,0.973830249168087,0.9744026260218637,0.0004514736842105263,False
5,629,0.3893606960773468,0.6106393337249756,0.4214950203895569,0.9737237237237237,0.9742138615882191,0.00045052631578947365,False
5,630,0.3893066346645355,0.6106933355331421,0.4188300371170044,0.973536036036036,0.9740980321494443,0.0004495789473684211,False
5,631,0.38925594091415405,0.6107441186904907,0.42798253893852234,0.9735715445174904,0.9742984725782031,0.0004486315789473684,False
5,632,0.3892047107219696,0.610795259475708,0.4265438914299011,0.9735461813164515,0.974296013503752,0.00044768421052631573,False
5,633,0.389152854681015,0.6108471155166626,0.4205002188682556,0.9735969077185294,0.9743654992228861,0.00044673684210526317,False
5,634,0.3890989422798157,0.6109011173248291,0.41876572370529175,0.9735056001947894,0.9741595373911599,0.0004457894736842105,False
5,635,0.3890419006347656,0.6109580397605896,0.4218379557132721,0.9733382030679328,0.9738264227839812,0.0004448421052631579,False
5,636,0.38898134231567383,0.6110186576843262,0.41792693734169006,0.9732976219462707,0.9736209790646672,0.00044389473684210525,False
5,637,0.38892650604248047,0.6110734939575195,0.42402055859565735,0.9732164597029462,0.9734811764042486,0.0004429473684210527,False
5,638,0.38886573910713196,0.6111342906951904,0.4313405454158783,0.9732976219462707,0.9737771957614627,0.000442,False
5,639,0.3888038992881775,0.6111961007118225,0.4228070080280304,0.9733077672266863,0.9739507945798785,0.00044105263157894734,False
5,640,0.38874268531799316,0.6112573146820068,0.42573344707489014,0.9733635662689717,0.9740584832705346,0.0004401052631578947,False
5,641,0.38868242502212524,0.61131751537323,0.4232330322265625,0.9733077672266862,0.9739726975368891,0.00043915789473684204,False
5,642,0.3886202573776245,0.6113797426223755,0.4196544289588928,0.9731251521792064,0.9738051979781632,0.0004382105263157895,False
5,643,0.38855957984924316,0.6114404201507568,0.42191946506500244,0.9729577550523497,0.9736590477601966,0.0004372631578947368,False
5,644,0.38850247859954834,0.6114975810050964,0.4330429434776306,0.9727091956821687,0.9733893122898635,0.00043631578947368423,False
5,645,0.388445645570755,0.6115543842315674,0.4210148751735687,0.97236425614804,0.9729915409020135,0.00043536842105263156,False
5,646,0.3883909285068512,0.6116090416908264,0.421549528837204,0.9722374401428455,0.9728764475694136,0.0004344210526315789,False
5,647,0.38832902908325195,0.6116709113121033,0.42735108733177185,0.972450491031572,0.9733814821496385,0.0004334736842105263,False
5,648,0.3882704973220825,0.6117295622825623,0.42439737915992737,0.9726889051213375,0.9739071145039682,0.00043252631578947364,False
5,649,0.3882158696651459,0.6117841601371765,0.4186142086982727,0.9727548494440386,0.97416608723999,0.0004315789473684211,False
5,650,0.3881629407405853,0.6118370890617371,0.4269528090953827,0.9729476097719342,0.9745384750402128,0.0004306315789473684,False
5,651,0.3881107270717621,0.6118893027305603,0.4233880043029785,0.9733026945864784,0.974988654406975,0.00042968421052631584,False
5,652,0.3880590796470642,0.6119409799575806,0.4210755228996277,0.9737490869247626,0.9755971828144627,0.00042873684210526316,False
5,653,0.38801267743110657,0.611987292766571,0.4183063805103302,0.9739469198928659,0.9758417399302806,0.0004277894736842105,False
5,654,0.3879614770412445,0.6120384931564331,0.4249035120010376,0.9741193896599303,0.9760663545206545,0.00042684210526315787,False
5,655,0.38791248202323914,0.6120874881744385,0.42826104164123535,0.9742208424640857,0.9761551085046989,0.0004258947368421052,False
5,656,0.38786205649375916,0.6121379733085632,0.4312674105167389,0.9743425858290723,0.9762339000964271,0.0004249473684210526,False
5,657,0.38781002163887024,0.6121900081634521,0.42181968688964844,0.9744440386332278,0.9763074282066384,0.00042399999999999995,True
5,658,0.3877577781677246,0.6122421622276306,0.42825502157211304,0.9745404187971756,0.9762557411854104,0.0004230526315789474,False
5,659,0.3877083957195282,0.6122915744781494,0.4198664426803589,0.9744998376755133,0.9760505454271906,0.0004221052631578947,False
5,660,0.38765668869018555,0.6123433709144592,0.4169740676879883,0.9744896923950978,0.975894312427575,0.00042115789473684204,False
5,661,0.38761013746261597,0.612389862537384,0.41563329100608826,0.9743628763899034,0.975635812081796,0.00042021052631578947,False
5,662,0.3875671923160553,0.6124328374862671,0.4198125898838043,0.9740027189351513,0.9750946696647423,0.0004192631578947368,False
5,663,0.3875250518321991,0.6124749779701233,0.42407914996147156,0.9736882152422693,0.9745683424573529,0.00041831578947368423,False
5,664,0.3874843120574951,0.6125156879425049,0.4196183681488037,0.9734802369937505,0.9742705996132286,0.00041736842105263156,False
5,665,0.3874463438987732,0.6125537157058716,0.41718918085098267,0.9731809512214917,0.9738979493648959,0.000416421052631579,False
5,666,0.38740816712379456,0.6125918030738831,0.41754698753356934,0.973130224819414,0.9736715333509259,0.0004154736842105263,False
5,667,0.38736698031425476,0.6126329898834229,0.41794824600219727,0.9731150068987906,0.973582126349924,0.00041452631578947364,False
5,668,0.38732287287712097,0.6126771569252014,0.42386144399642944,0.9729577550523497,0.9732810944605907,0.0004135789473684211,False
5,669,0.387277215719223,0.6127227544784546,0.4197859764099121,0.9726838324811299,0.9730197810274273,0.0004126315789473684,False
5,670,0.3872312605381012,0.6127687692642212,0.41723987460136414,0.97231860238617,0.9727389512936377,0.0004116842105263158,False
5,671,0.3871874213218689,0.6128126382827759,0.4234757125377655,0.9721765684603523,0.9726642330031702,0.0004107368421052631,False
5,672,0.38714730739593506,0.6128526926040649,0.41607919335365295,0.971912791169548,0.9724006926771515,0.00040978947368421054,False
5,673,0.3871065676212311,0.6128934621810913,0.4209727644920349,0.9719280090901713,0.9724190137163172,0.00040884210526315786,False
5,674,0.38706761598587036,0.6129324436187744,0.4238186478614807,0.9719533722912101,0.9723830074245704,0.0004078947368421052,False
5,675,0.38703158497810364,0.6129684448242188,0.41815924644470215,0.9720903335768201,0.9724529927917767,0.0004069473684210526,False
5,676,0.38700002431869507,0.6129999756813049,0.4169713854789734,0.9723135297459622,0.9727380743585581,0.00040599999999999995,False
5,677,0.3869689702987671,0.6130310297012329,0.4207889437675476,0.9725164353542732,0.9730020642050565,0.0004050526315789474,False
5,678,0.38694003224372864,0.6130599975585938,0.4192846119403839,0.9727091956821687,0.9733308738946396,0.0004041052631578947,False
5,679,0.3869132399559021,0.6130867004394531,0.4166400730609894,0.9729070286502719,0.9737029536704225,0.00040315789473684214,False
5,680,0.3868876099586487,0.6131123304367065,0.41348540782928467,0.9730084814544275,0.9738167426481543,0.00040221052631578947,False
5,681,0.3868577182292938,0.6131422519683838,0.4223598837852478,0.9729070286502719,0.9737188167201508,0.0004012631578947368,False
5,682,0.38682809472084045,0.6131718754768372,0.4213356375694275,0.9730490625760896,0.9739767743830245,0.0004003157894736842,False
5,683,0.3867943584918976,0.6132056713104248,0.42348313331604004,0.9731555880204529,0.9740219703341012,0.00039936842105263155,False
5,684,0.38676121830940247,0.6132388114929199,0.4162953495979309,0.9731758785812841,0.9739265999287439,0.000398421052631579,False
5,685,0.38672950863838196,0.6132704615592957,0.4241858720779419,0.973333130427725,0.9740126372714489,0.0003974736842105263,False
5,686,0.3866982161998749,0.6133017539978027,0.4122239351272583,0.9734548737927117,0.9742835561338375,0.0003965263157894737,False
5,687,0.3866705596446991,0.6133294105529785,0.4174824655056,0.9735157454752049,0.9743968178369271,0.000395578947368421,False
5,688,0.38664454221725464,0.6133553981781006,0.42072731256484985,0.9736577794010226,0.9746829243265799,0.00039463157894736834,False
5,689,0.3866211473941803,0.6133788228034973,0.41991591453552246,0.9737135784433081,0.9748462399719277,0.0003936842105263158,False
5,690,0.3865959048271179,0.6134040951728821,0.41397976875305176,0.973764304845386,0.9749445336339414,0.0003927368421052631,False
5,691,0.38656964898109436,0.613430380821228,0.4191032350063324,0.9737643048453859,0.9748972758760357,0.00039178947368421053,False
5,692,0.38654184341430664,0.6134580969810486,0.41605502367019653,0.9736019803587371,0.9746884065914555,0.00039084210526315786,False
5,693,0.38651442527770996,0.61348557472229,0.42082419991493225,0.9734954549143738,0.974524203097903,0.0003898947368421053,False
5,694,0.38649022579193115,0.6135098338127136,0.4309481382369995,0.9733686389091795,0.9744227900326662,0.0003889473684210526,False
5,695,0.38646432757377625,0.6135356426239014,0.414674311876297,0.9731352974596218,0.9742092103993638,0.00038799999999999994,False
5,696,0.3864389657974243,0.6135610342025757,0.41360151767730713,0.972770067364662,0.9737429228323311,0.0003870526315789474,False
5,697,0.3864104449748993,0.6135895848274231,0.413402795791626,0.9724606363119876,0.9732649563206184,0.0003861052631578947,False
5,698,0.38637828826904297,0.613621711730957,0.4202375113964081,0.9722070043015989,0.9729014596998008,0.00038515789473684214,False
5,699,0.3863481283187866,0.6136518716812134,0.42088553309440613,0.9721562778995212,0.9727002792382028,0.00038421052631578946,False
5,700,0.38631653785705566,0.6136835217475891,0.42335593700408936,0.9725874523171821,0.973081582952753,0.00038326315789473684,False
5,701,0.38628363609313965,0.6137163639068604,0.4181572496891022,0.9729679003327651,0.9733926405842006,0.00038231578947368417,False
5,702,0.3862488865852356,0.6137511134147644,0.41871172189712524,0.9732824040256473,0.9737549829484606,0.0003813684210526315,False
5,703,0.38621318340301514,0.6137867569923401,0.416814386844635,0.9736019803587371,0.9740275181432904,0.00038042105263157893,False
5,704,0.38617822527885437,0.6138217449188232,0.42168405652046204,0.9736171982793604,0.9742032609507832,0.00037947368421052625,False
5,705,0.38614290952682495,0.613857090473175,0.41762375831604004,0.9737338690041393,0.9743113308258644,0.0003785263157894737,False
5,706,0.38610270619392395,0.6138972640037537,0.4114508032798767,0.9739317019722424,0.9745426223195919,0.000377578947368421,False
5,707,0.3860609829425812,0.6139390468597412,0.41778916120529175,0.9738556123691259,0.9744962536896244,0.00037663157894736845,False
5,708,0.3860262930393219,0.6139736771583557,0.42201539874076843,0.9738099586072559,0.9744755011769956,0.00037568421052631577,False
5,709,0.3859919011592865,0.6140080690383911,0.41562163829803467,0.9737338690041393,0.974446331770511,0.0003747368421052631,False
5,710,0.38595518469810486,0.6140447854995728,0.42034292221069336,0.9736729973216459,0.9744939412716809,0.00037378947368421053,False
5,711,0.3859187066555023,0.6140812635421753,0.41684311628341675,0.973378784189595,0.9742238826689322,0.00037284210526315786,False
5,712,0.38588568568229675,0.6141142845153809,0.4199638366699219,0.973130224819414,0.9739764937150718,0.0003718947368421053,False
5,713,0.3858492970466614,0.6141507029533386,0.4165419936180115,0.972815721126532,0.9735741357456771,0.0003709473684210526,False
5,714,0.38581064343452454,0.6141893267631531,0.415317177772522,0.9726026702378053,0.9733147194001428,0.00037000000000000005,False
5,715,0.38577255606651306,0.6142274737358093,0.4213894307613373,0.9721004788572356,0.9726132094488409,0.0003690526315789474,False
5,716,0.3857341408729553,0.6142657995223999,0.4193888008594513,0.9718011930849768,0.9723174846239566,0.0003681052631578947,False
5,717,0.38569581508636475,0.61430424451828,0.41462770104408264,0.9715627789952115,0.9721133314748255,0.0003671578947368421,False
5,718,0.3856590986251831,0.6143409013748169,0.4183470606803894,0.9715779969158348,0.9722921370586728,0.0003662105263157894,False
5,719,0.38562214374542236,0.6143778562545776,0.4125761389732361,0.9715577063550036,0.9722223293224628,0.00036526315789473684,False
5,720,0.38558831810951233,0.6144116520881653,0.4174763560295105,0.9718468468468469,0.9726768069388125,0.00036431578947368416,False
5,721,0.3855534493923187,0.6144465804100037,0.41674232482910156,0.9721258420582745,0.9730772291410243,0.0003633684210526316,False
5,722,0.3855181634426117,0.6144818067550659,0.4137194752693176,0.9724758542326111,0.9733940560621208,0.0003624210526315789,False
5,723,0.38548213243484497,0.614517867565155,0.40872105956077576,0.9727649947244543,0.9737412698289508,0.00036147368421052625,False
5,724,0.38544797897338867,0.6145520210266113,0.41721710562705994,0.9729881908935963,0.9739253453819471,0.0003605263157894737,False
5,725,0.385420560836792,0.614579439163208,0.4145801365375519,0.9731505153802452,0.9739520388452081,0.000359578947368421,False
5,726,0.38538870215415955,0.6146112680435181,0.4148673415184021,0.9733229851473095,0.9739829616492165,0.00035863157894736844,False
5,727,0.3853576183319092,0.614642322063446,0.40928852558135986,0.9733635662689717,0.9739645868858705,0.00035768421052631577,False
5,728,0.3853275179862976,0.6146724224090576,0.41072025895118713,0.9733635662689717,0.9739706353586018,0.0003567368421052632,False
5,729,0.38529878854751587,0.6147012710571289,0.417705237865448,0.9734599464329196,0.9741557524811915,0.0003557894736842105,False
5,730,0.3852691948413849,0.6147308349609375,0.412525475025177,0.9736628520412305,0.9745280219365032,0.00035484210526315785,False
5,731,0.3852376937866211,0.6147623062133789,0.4155949652194977,0.9738708302897492,0.9749311216219376,0.00035389473684210523,False
5,732,0.38520878553390503,0.6147911548614502,0.41299736499786377,0.9737440142845548,0.9748417749373024,0.00035294736842105256,False
5,733,0.3851791322231293,0.6148208379745483,0.4101792871952057,0.973718651083516,0.9748913482174549,0.000352,False
5,734,0.38515180349349976,0.614848256111145,0.4202103316783905,0.973718651083516,0.9748537672876945,0.0003510526315789473,False
5,735,0.3851218521595001,0.6148781776428223,0.41877901554107666,0.9737287963639315,0.9749697750574079,0.00035010526315789475,False
5,736,0.38509097695350647,0.6149090528488159,0.4178462028503418,0.973601980358737,0.9749137805411479,0.0003491578947368421,False
5,737,0.3850571811199188,0.6149427890777588,0.4163915812969208,0.9735056001947895,0.9749094825364869,0.0003482105263157894,False
5,738,0.38502272963523865,0.614977240562439,0.4101693034172058,0.9732976219462706,0.9746957795912019,0.00034726315789473683,False
5,739,0.38498950004577637,0.6150104999542236,0.41462406516075134,0.9731961691421152,0.9745886145506318,0.00034631578947368416,False
5,740,0.3849545121192932,0.6150454878807068,0.41186395287513733,0.9731606606606608,0.9744991398646716,0.0003453684210526316,False
5,741,0.3849191963672638,0.6150807738304138,0.4177074432373047,0.9731352974596218,0.9743890771039796,0.0003444210526315789,False
5,742,0.3848878741264343,0.6151121258735657,0.4140182435512543,0.9730287720152585,0.974283567142143,0.00034347368421052635,False
5,743,0.38485780358314514,0.6151421666145325,0.4175506830215454,0.9727649947244542,0.9740213648071278,0.0003425263157894737,False
5,744,0.3848319351673126,0.6151680946350098,0.4128010869026184,0.9726787598409221,0.9738487887820916,0.000341578947368421,False
5,745,0.38480857014656067,0.6151914596557617,0.418192058801651,0.9728055758461164,0.9740533692989627,0.00034063157894736844,False
5,746,0.3847825527191162,0.6152174472808838,0.415382981300354,0.9728410843275708,0.974117187450258,0.00033968421052631576,False
5,747,0.3847568929195404,0.615243136882782,0.4137822687625885,0.9727852852852853,0.9741212987193603,0.0003387368421052632,False
5,748,0.38473188877105713,0.6152680516242981,0.4180769622325897,0.9728461569677785,0.9742402037319589,0.0003377894736842105,False
5,749,0.38470858335494995,0.61529141664505,0.4181366264820099,0.9729780456131808,0.9743972370449521,0.00033684210526315796,False
5,750,0.3846835792064667,0.6153163909912109,0.4143734872341156,0.9729983361740119,0.9743535638109303,0.0003358947368421053,False
5,751,0.3846614360809326,0.6153385639190674,0.4160456359386444,0.9731555880204529,0.9744602519669378,0.0003349473684210526,False
5,752,0.3846413493156433,0.6153585910797119,0.41618597507476807,0.9733179125071018,0.9744864252220186,0.000334,False
5,753,0.3846186697483063,0.6153813600540161,0.41294193267822266,0.9733889294700105,0.9744783744240193,0.0003330526315789473,False
5,754,0.38459646701812744,0.6154035925865173,0.40840351581573486,0.9735411086762438,0.9745555423424698,0.00033210526315789475,False
5,755,0.3845778703689575,0.6154221892356873,0.4170396327972412,0.9734954549143737,0.9745563535701675,0.00033115789473684207,False
5,756,0.3845546245574951,0.6154453754425049,0.4192567467689514,0.9735258907556207,0.9744216196215055,0.0003302105263157895,False
5,757,0.3845333158969879,0.6154667139053345,0.4103751480579376,0.9734498011525038,0.9742374608298895,0.00032926315789473683,False
5,758,0.3845103979110718,0.6154896020889282,0.4133349061012268,0.9732976219462707,0.9740345496586902,0.00032831578947368416,False
5,759,0.3844878673553467,0.6155121326446533,0.41555148363113403,0.9731657333008684,0.9740339672542258,0.0003273684210526316,False
5,760,0.3844667673110962,0.6155332922935486,0.4168883264064789,0.9730236993750507,0.9739542599377305,0.0003264210526315789,False
5,761,0.3844479024410248,0.6155521273612976,0.42202091217041016,0.9729425371317263,0.9739348079295823,0.00032547368421052635,False
5,762,0.3844282031059265,0.6155717372894287,0.4161131978034973,0.9729374644915185,0.9738927491309279,0.0003245263157894737,False
5,763,0.3844103217124939,0.6155897378921509,0.41492241621017456,0.9730845710575441,0.9739855991501867,0.0003235789473684211,False
5,764,0.3843926787376404,0.6156073212623596,0.4207456409931183,0.9732671861050239,0.9741112028403008,0.00032263157894736843,False
5,765,0.3843793272972107,0.6156206130981445,0.41796985268592834,0.9733635662689717,0.9740952895039019,0.0003216842105263158,False
5,766,0.38436535000801086,0.6156346201896667,0.4122292995452881,0.9734853096339583,0.9741482230631776,0.00032073684210526314,False
5,767,0.38434967398643494,0.6156503558158875,0.4168049395084381,0.9735208181154128,0.9741036198172592,0.00031978947368421046,False
5,768,0.38433268666267395,0.6156672835350037,0.41348445415496826,0.9736374888401916,0.9742374227838386,0.0003188421052631579,False
5,769,0.3843144476413727,0.6156855821609497,0.41520705819129944,0.9736171982793604,0.9741967142154975,0.0003178947368421052,False
5,770,0.3842979073524475,0.6157020926475525,0.4216630160808563,0.973652706760815,0.9743286178384951,0.00031694736842105266,False
5,771,0.38428083062171936,0.615719199180603,0.4112539291381836,0.9734345832318806,0.9741194830811518,0.000316,False
5,772,0.3842628002166748,0.6157371997833252,0.4151366055011749,0.9733229851473095,0.9739573869883651,0.0003150526315789474,False
5,773,0.3842420279979706,0.615757942199707,0.4174656569957733,0.9734903822741662,0.9740767930131262,0.00031410526315789474,False
5,774,0.3842228949069977,0.6157770752906799,0.41670098900794983,0.9736374888401916,0.9742105241673414,0.00031315789473684207,False
5,775,0.38420239090919495,0.6157975792884827,0.4165930151939392,0.9738353218082948,0.9743881435244943,0.0003122105263157895,False
5,776,0.3841806948184967,0.6158192753791809,0.4130343198776245,0.9739317019722424,0.9744000054435981,0.00031126315789473683,False
5,777,0.38415759801864624,0.6158424019813538,0.4174741804599762,0.9740280821361902,0.9744451160372437,0.00031031578947368426,False
5,778,0.3841360807418823,0.6158639192581177,0.4120306074619293,0.9741751887022156,0.9745056465938221,0.0003093684210526316,False
5,779,0.38411399722099304,0.6158860325813293,0.41630131006240845,0.9740686632578525,0.9743918175766431,0.000308421052631579,False
5,780,0.3840888440608978,0.6159111857414246,0.4067493975162506,0.9738860482103725,0.9742833892897285,0.00030747368421052635,False
5,781,0.384063720703125,0.6159362196922302,0.4157845973968506,0.9738505397289182,0.9742641002679011,0.00030652631578947367,False
5,782,0.3840373158454895,0.6159626841545105,0.41345006227493286,0.9739418472526581,0.9743505342438431,0.00030557894736842105,False
5,783,0.3840108811855316,0.615989089012146,0.4193790555000305,0.9738911208505804,0.9743541004008993,0.0003046315789473684,False
5,784,0.383981853723526,0.6160181164741516,0.40859436988830566,0.9737998133268404,0.9741423468553699,0.0003036842105263158,False
5,785,0.3839533030986786,0.616046667098999,0.4096173644065857,0.9737592322051782,0.9739927088411148,0.00030273684210526314,False
5,786,0.38392752408981323,0.6160724759101868,0.41099220514297485,0.9736679246814381,0.9739486798917458,0.00030178947368421057,False
5,787,0.38390153646469116,0.6160984635353088,0.41460120677948,0.9735816897979059,0.9737687545317935,0.0003008421052631579,False
5,788,0.3838750720024109,0.6161249279975891,0.4134272336959839,0.9736425614803993,0.9738029444737377,0.0002998947368421052,False
5,789,0.3838483393192291,0.6161516904830933,0.413603276014328,0.9736983605226848,0.9739135262693117,0.00029894736842105265,False
5,790,0.383821040391922,0.6161789298057556,0.4093973934650421,0.9736679246814383,0.9738862871051002,0.000298,False
5,791,0.3837934732437134,0.6162065267562866,0.4162108600139618,0.9735056001947894,0.9738513499390374,0.0002970526315789474,False
5,792,0.38376355171203613,0.6162364482879639,0.4157896041870117,0.9734193653112573,0.9738680936264809,0.00029610526315789474,False
5,793,0.38373494148254395,0.6162651181221008,0.4122956693172455,0.9733635662689717,0.9738039442098825,0.00029515789473684217,False
5,794,0.38370513916015625,0.6162949204444885,0.41717514395713806,0.9733584936287638,0.9739078522121831,0.0002942105263157895,False
5,795,0.38367414474487305,0.616325855255127,0.40942108631134033,0.9732519681844006,0.9737592032632096,0.0002932631578947368,False
5,796,0.38364192843437195,0.6163580417633057,0.4096642732620239,0.9730997889781673,0.9736009458964321,0.0002923157894736842,False
5,797,0.3836109936237335,0.6163889765739441,0.41194599866867065,0.9730947163379596,0.9735399345264327,0.00029136842105263153,False
5,798,0.3835805356502533,0.6164194345474243,0.4131743311882019,0.9729577550523496,0.9734260368274671,0.00029042105263157896,False
5,799,0.38354963064193726,0.6164503693580627,0.412388414144516,0.9728918107296486,0.9734928844328888,0.0002894736842105263,False
5,800,0.383520245552063,0.616479754447937,0.40931302309036255,0.9728715201688174,0.9736140210787608,0.0002885263157894737,False
5,801,0.3834933042526245,0.6165066957473755,0.4146714508533478,0.972952682412142,0.9737840709716838,0.00028757894736842105,False
5,802,0.3834664523601532,0.6165335178375244,0.41295310854911804,0.9730084814544274,0.973990419318574,0.00028663157894736837,False
5,803,0.3834434151649475,0.6165565848350525,0.4156804084777832,0.9729577550523497,0.9740586265514322,0.0002856842105263158,False
5,804,0.38341963291168213,0.6165803670883179,0.4090045690536499,0.9729374644915185,0.9741692652155918,0.00028473684210526313,False
5,805,0.3833950161933899,0.6166050434112549,0.40983861684799194,0.9730338446554663,0.9743522713633291,0.00028378947368421057,False
5,806,0.38336870074272156,0.6166313290596008,0.4135434627532959,0.9731048616183752,0.9745020324088226,0.0002828421052631579,False
5,807,0.3833400011062622,0.6166599988937378,0.41478782892227173,0.9731809512214917,0.9746246914731714,0.0002818947368421053,False
5,808,0.3833124339580536,0.6166875958442688,0.41107627749443054,0.9731099342585829,0.974496823321091,0.00028094736842105265,False
5,809,0.38328686356544495,0.6167131662368774,0.4109082520008087,0.9730845710575441,0.9744527935974614,0.00028,False
5,810,0.3832591474056244,0.6167408227920532,0.4074356257915497,0.9731860238616995,0.9745554973245969,0.0002790526315789474,False
5,811,0.383232444524765,0.6167675256729126,0.40893441438674927,0.9731454427400373,0.9743943877206762,0.00027810526315789473,False
5,812,0.3832044303417206,0.616795539855957,0.416185587644577,0.9731910965019073,0.9743530394828721,0.0002771578947368421,False
5,813,0.3831768333911896,0.6168231964111328,0.41181617975234985,0.9732164597029461,0.9743783459534922,0.00027621052631578944,False
5,814,0.38314762711524963,0.616852343082428,0.4051542282104492,0.9733179125071018,0.9743787489411301,0.0002752631578947369,False
5,815,0.3831174969673157,0.6168825030326843,0.40763720870018005,0.973378784189595,0.9743917060535047,0.0002743157894736842,False
5,816,0.38308560848236084,0.6169143915176392,0.4180730879306793,0.9734142926710495,0.9743857176017361,0.0002733684210526315,False
5,817,0.38305404782295227,0.6169459819793701,0.408812016248703,0.9734802369937505,0.9744452135779943,0.00027242105263157896,False
5,818,0.38302168250083923,0.6169783473014832,0.4115040600299835,0.973561399237075,0.9744548351905136,0.0002714736842105263,False
5,819,0.3829931914806366,0.6170068383216858,0.40949302911758423,0.973536036036036,0.9743545477048033,0.0002705263157894737,False
5,820,0.38296377658843994,0.6170361638069153,0.4077339768409729,0.9735056001947893,0.9743765265267501,0.00026957894736842104,False
5,821,0.38293400406837463,0.617065966129303,0.4105638265609741,0.9735461813164517,0.9744040140963404,0.0002686315789473685,False
5,822,0.382902592420578,0.6170973777770996,0.4086516499519348,0.9736070529989449,0.9744868212869595,0.0002676842105263158,False
5,823,0.3828723728656769,0.6171276569366455,0.41290244460105896,0.9735918350783216,0.9744772794588231,0.00026673684210526313,False
5,824,0.38284265995025635,0.6171573996543884,0.41082054376602173,0.9735411086762439,0.9742726371677337,0.00026578947368421056,False
5,825,0.38281333446502686,0.6171866059303284,0.4131124019622803,0.9734802369937505,0.9741354410541507,0.0002648421052631579,False
5,826,0.38278520107269287,0.6172147989273071,0.4109576642513275,0.9733686389091796,0.9739116237969221,0.00026389473684210527,False
5,827,0.38275691866874695,0.6172431111335754,0.4138159155845642,0.9730693531369208,0.9735811540571848,0.0002629473684210526,False
5,828,0.3827291429042816,0.617270827293396,0.4049947261810303,0.9728512296079863,0.973436364735899,0.000262,False
5,829,0.3827023208141327,0.6172976493835449,0.4089289903640747,0.9727599220842464,0.9735043072074883,0.00026105263157894735,False
5,830,0.38267576694488525,0.6173242330551147,0.40879392623901367,0.9725570164759354,0.973439934747445,0.0002601052631578947,False
5,831,0.3826475441455841,0.6173524260520935,0.4127075970172882,0.9724149825501176,0.9733747282236803,0.0002591578947368421,False
5,832,0.3826192021369934,0.6173807978630066,0.41061410307884216,0.9723896193490789,0.9734444437958804,0.00025821052631578944,False
5,833,0.38259357213974,0.61740642786026,0.41076359152793884,0.9722678759840921,0.9733782541159597,0.00025726315789473687,False
5,834,0.38257160782814026,0.6174283623695374,0.4112095236778259,0.9721917863809755,0.9733521734739862,0.0002563157894736842,False
5,835,0.38254812359809875,0.6174519062042236,0.4005349278450012,0.97218164110056,0.973294002877824,0.00025536842105263163,False
5,836,0.3825244903564453,0.6174754500389099,0.4139047861099243,0.9723693287882478,0.9734153926714126,0.00025442105263157895,False
5,837,0.38249844312667847,0.6175015568733215,0.40543487668037415,0.9724809268728187,0.9734780840094811,0.0002534736842105263,False
5,838,0.3824716806411743,0.6175282597541809,0.41012829542160034,0.9726432513594676,0.9736308539892733,0.0002525263157894737,False
5,839,0.38244539499282837,0.6175545454025269,0.41280725598335266,0.9726635419202988,0.9736541135497028,0.00025157894736842104,False
5,840,0.3824206590652466,0.6175792813301086,0.4063853919506073,0.9727852852852853,0.9738415569930924,0.0002506315789473685,False
5,841,0.3823952376842499,0.6176047325134277,0.40534597635269165,0.9729222465708953,0.9740520278260559,0.0002496842105263158,False
5,842,0.38236892223358154,0.6176310777664185,0.412179559469223,0.9729323918513108,0.9740569629383009,0.0002487368421052632,False
5,843,0.38234224915504456,0.6176577210426331,0.40972453355789185,0.9728664475286097,0.9740396749846304,0.0002477894736842105,False
5,844,0.3823162317276001,0.6176837682723999,0.40764614939689636,0.972927319211103,0.9741369145950394,0.00024684210526315783,False
5,845,0.38228869438171387,0.6177112460136414,0.4077546000480652,0.9729121012904797,0.9741968185458175,0.00024589473684210526,False
5,846,0.3822658658027649,0.6177341341972351,0.41373762488365173,0.9728410843275708,0.9741950138985147,0.0002449473684210526,False
5,847,0.38224300742149353,0.6177570223808289,0.40643277764320374,0.972770067364662,0.9742316841644955,0.00024400000000000002,False
5,848,0.38221845030784607,0.6177815794944763,0.4132077693939209,0.9728309390471552,0.9743691919422502,0.00024305263157894735,False
5,849,0.3821936845779419,0.6178063154220581,0.40917372703552246,0.9728512296079863,0.9744082665103737,0.00024210526315789478,False
5,850,0.38216865062713623,0.6178313493728638,0.40530651807785034,0.9727751400048698,0.9742922124247658,0.0002411578947368421,False
5,851,0.3821471929550171,0.6178528666496277,0.4143485128879547,0.9727548494440386,0.9742531966694449,0.00024021052631578943,False
5,852,0.38212570548057556,0.6178743243217468,0.40440279245376587,0.9727142683223764,0.9742296238621365,0.00023926315789473687,False
5,853,0.3821030557155609,0.6178969740867615,0.40949609875679016,0.9726736872007142,0.9741718966840214,0.0002383157894736842,False
5,854,0.3820797801017761,0.6179202198982239,0.408123642206192,0.9726381787192597,0.9740400350224462,0.00023736842105263163,False
5,855,0.3820582330226898,0.6179417967796326,0.4070127010345459,0.972678759840922,0.9739968117408954,0.00023642105263157895,False
5,856,0.3820358216762543,0.6179642081260681,0.4096974730491638,0.972704123041961,0.9739740600917779,0.00023547368421052638,False
5,857,0.3820130228996277,0.6179869771003723,0.4085078835487366,0.9727345588832076,0.9739576474463084,0.0002345263157894737,False
5,858,0.3819904029369354,0.618009626865387,0.4070243835449219,0.972861374888402,0.9739694555226593,0.00023357894736842104,False
5,859,0.38197124004364014,0.6180287599563599,0.40571656823158264,0.9730236993750506,0.9740552549581306,0.00023263157894736841,False
5,860,0.3819517195224762,0.6180483102798462,0.4046596884727478,0.9730084814544273,0.9738817745249189,0.00023168421052631574,False
5,861,0.38193249702453613,0.6180674433708191,0.41126009821891785,0.9730490625760896,0.9738900663746195,0.00023073684210526317,False
5,862,0.3819156885147095,0.6180843114852905,0.409163236618042,0.9731352974596218,0.9739176581676773,0.0002297894736842105,False
5,863,0.3818974196910858,0.6181026101112366,0.40819430351257324,0.9730997889781674,0.9738207266857926,0.00022884210526315793,False
5,864,0.3818765878677368,0.6181233525276184,0.4074888527393341,0.9731860238616996,0.9738752610287666,0.00022789473684210526,False
5,865,0.38185572624206543,0.6181442737579346,0.40671101212501526,0.9732266049833618,0.9738966462448948,0.00022694736842105258,False
5,866,0.38183557987213135,0.6181643605232239,0.40281713008880615,0.9732266049833618,0.9739008285117637,0.00022600000000000002,False
5,867,0.38181808590888977,0.6181818842887878,0.40488314628601074,0.973150515380245,0.9738190611723528,0.00022505263157894734,False
5,868,0.38179925084114075,0.6182007193565369,0.4083675742149353,0.9732012417823229,0.9737700081811651,0.00022410526315789478,False
5,869,0.3817794620990753,0.6182205080986023,0.4049888253211975,0.9732316776235695,0.9737952087378624,0.0002231578947368421,False
5,870,0.38176095485687256,0.6182391047477722,0.4095373749732971,0.973221532343154,0.9737574647003118,0.00022221052631578954,False
5,871,0.38174617290496826,0.6182538270950317,0.4076314866542816,0.9733508846684521,0.9739187997928841,0.00022126315789473683,False
5,872,0.38173142075538635,0.6182685494422913,0.40566277503967285,0.9733990747504262,0.9740011383063502,0.00022031578947368416,False
5,873,0.38171374797821045,0.6182862520217896,0.4024099111557007,0.9735208181154127,0.9743251734699314,0.0002193684210526316,False
5,874,0.38169780373573303,0.6183022260665894,0.4056956470012665,0.9734092200308416,0.9743666636431701,0.00021842105263157892,False
5,875,0.38168132305145264,0.6183186769485474,0.4084932804107666,0.9732367502637773,0.9743706873506278,0.00021747368421052633,False
5,876,0.38166162371635437,0.618338406085968,0.40738940238952637,0.9730896436977519,0.9743232781782182,0.00021652631578947365,False
5,877,0.3816424608230591,0.6183574795722961,0.40470653772354126,0.9730287720152585,0.9743445160205308,0.00021557894736842109,False
5,878,0.38162529468536377,0.6183747053146362,0.40773919224739075,0.972927319211103,0.9742980010882878,0.0002146315789473684,False
5,879,0.3816063404083252,0.6183936595916748,0.40470290184020996,0.9729222465708952,0.9742439259700748,0.00021368421052631574,False
5,880,0.3815862238407135,0.6184138059616089,0.4039078652858734,0.9729628276925574,0.9742321696560092,0.00021273684210526317,False
5,881,0.3815678060054779,0.6184322237968445,0.4074309468269348,0.9730997889781675,0.9743387565693111,0.0002117894736842105,False
5,882,0.38154950737953186,0.6184504628181458,0.4118276834487915,0.9731961691421152,0.9743918509707997,0.00021084210526315793,False
5,883,0.3815312385559082,0.6184687614440918,0.403796911239624,0.973130224819414,0.9742897746237851,0.00020989473684210526,False
5,884,0.3815143406391144,0.618485689163208,0.40797919034957886,0.9732468955441929,0.9743391907108075,0.0002089473684210527,False
5,885,0.3814971148967743,0.6185028553009033,0.40869519114494324,0.9734041473906339,0.9744556662737682,0.00020800000000000001,False
5,886,0.38147905468940735,0.6185209155082703,0.403879851102829,0.973490382274166,0.9745681053475932,0.00020705263157894734,False
5,887,0.3814601004123688,0.6185398697853088,0.40691351890563965,0.9735106728349971,0.9745480090465207,0.00020610526315789475,False
5,888,0.3814389109611511,0.6185610890388489,0.40778684616088867,0.9735157454752049,0.9744942723833503,0.00020515789473684207,False
5,889,0.3814176321029663,0.6185823678970337,0.40819063782691956,0.9734853096339583,0.9743437198284414,0.0002042105263157895,False
5,890,0.38139650225639343,0.618603527545929,0.40323808789253235,0.9734041473906339,0.9741713755747742,0.00020326315789473683,False
5,891,0.3813759684562683,0.6186240315437317,0.4009813666343689,0.9731910965019073,0.9739341653429717,0.00020231578947368424,False
5,892,0.3813563585281372,0.6186436414718628,0.40114834904670715,0.9730490625760896,0.9737487760366038,0.00020136842105263156,False
5,893,0.3813350796699524,0.6186649799346924,0.4016002118587494,0.9728918107296485,0.9735285886595375,0.0002004210526315789,False
5,894,0.38131392002105713,0.6186860799789429,0.40531662106513977,0.9727903579254931,0.9734375849384298,0.00019947368421052632,False
5,895,0.381291002035141,0.6187089681625366,0.40688857436180115,0.9725874523171821,0.9732202639397723,0.00019852631578947365,False
5,896,0.38126906752586365,0.6187309622764587,0.41044098138809204,0.9723997646294945,0.973039941057607,0.00019757894736842108,False
5,897,0.38124775886535645,0.6187521815299988,0.4091958701610565,0.9723186023861699,0.9729860511076451,0.0001966315789473684,False
5,898,0.38122811913490295,0.6187719106674194,0.40477854013442993,0.9721968590211834,0.9729130051497094,0.00019568421052631584,False
5,899,0.38120952248573303,0.6187904477119446,0.40828970074653625,0.9722729486243,0.9730976764078667,0.00019473684210526317,False
5,900,0.38119184970855713,0.6188081502914429,0.4074057936668396,0.9724048372697022,0.9733349882993814,0.0001937894736842105,False
5,901,0.3811762034893036,0.618823766708374,0.40526944398880005,0.9725773070367666,0.9735600966965918,0.00019284210526315793,False
5,902,0.38115808367729187,0.6188419461250305,0.4113600254058838,0.9726381787192598,0.9736616583358777,0.00019189473684210525,False
5,903,0.38114139437675476,0.6188586354255676,0.402538001537323,0.9727091956821686,0.9737457814581975,0.00019094736842105266,False
5,904,0.38112470507621765,0.61887526512146,0.405381441116333,0.9728055758461164,0.9738489060555277,0.00018999999999999998,False
5,905,0.38110893964767456,0.6188910603523254,0.4052538275718689,0.9729121012904797,0.9740148558300304,0.0001890526315789474,False
5,906,0.38109245896339417,0.6189075112342834,0.4055337607860565,0.9728512296079863,0.9739431058910254,0.00018810526315789472,False
5,907,0.38107728958129883,0.6189227104187012,0.409952849149704,0.972881665449233,0.9740384651725605,0.00018715789473684204,False
5,908,0.38106366991996765,0.61893630027771,0.4070112705230713,0.9728765928090253,0.9741237622363225,0.00018621052631578947,False
5,909,0.38105055689811707,0.6189494132995605,0.40290483832359314,0.972861374888402,0.9741618352471398,0.0001852631578947368,False
5,910,0.3810379207134247,0.6189621090888977,0.3989764153957367,0.9728309390471552,0.9741307646228357,0.00018431578947368423,False
5,911,0.3810255825519562,0.6189743876457214,0.40823599696159363,0.9729019560100641,0.9741732177077106,0.00018336842105263156,False
5,912,0.38101527094841003,0.6189847588539124,0.4024524986743927,0.9729780456131808,0.9742221426065957,0.000182421052631579,False
5,913,0.3810066878795624,0.61899334192276,0.4102189242839813,0.9729679003327651,0.9742472672460613,0.00018147368421052632,False
5,914,0.38099682331085205,0.619003176689148,0.40434756875038147,0.9729425371317263,0.9742474249284353,0.00018052631578947364,False
5,915,0.3809855282306671,0.6190144419670105,0.40348759293556213,0.9729780456131808,0.9742923706843114,0.00017957894736842108,False
5,916,0.38097551465034485,0.6190245151519775,0.4081025719642639,0.9730997889781674,0.9744446921641685,0.0001786315789473684,False
5,917,0.38096675276756287,0.6190332770347595,0.4040408432483673,0.9730439899358819,0.974354100457017,0.0001776842105263158,False
5,918,0.3809575140476227,0.6190425157546997,0.40292930603027344,0.9730287720152586,0.974278672432646,0.00017673684210526314,False
5,919,0.3809455633163452,0.6190544366836548,0.40759551525115967,0.9730084814544275,0.9741971063226321,0.00017578947368421057,False
5,920,0.3809317648410797,0.6190682053565979,0.4098745584487915,0.9729222465708953,0.9740578107319049,0.0001748421052631579,False
5,921,0.3809179663658142,0.619081974029541,0.40027862787246704,0.9727751400048699,0.9738340200337278,0.0001738947368421053,False
5,922,0.38090357184410095,0.6190963983535767,0.4066639244556427,0.9726990504017532,0.9737084997839424,0.00017294736842105263,False
5,923,0.3808891475200653,0.6191108822822571,0.4082632064819336,0.9726128155182209,0.9735737604711863,0.00017199999999999995,False
5,924,0.3808765709400177,0.6191234588623047,0.40613028407096863,0.9726229607986364,0.9735096441483525,0.00017105263157894739,False
5,925,0.38086357712745667,0.6191364526748657,0.4059291183948517,0.9725215079944809,0.9733457788811873,0.0001701052631578947,False
5,926,0.38085034489631653,0.6191496849060059,0.4070888161659241,0.9724859995130265,0.9733255684207395,0.00016915789473684215,False
5,927,0.3808360695838928,0.619163990020752,0.40305644273757935,0.9724403457511566,0.9733142149050221,0.00016821052631578947,False
5,928,0.3808242678642273,0.6191757321357727,0.4082149267196655,0.9724149825501177,0.9732935371798905,0.0001672631578947369,False
5,929,0.38081496953964233,0.6191850900650024,0.4085747301578522,0.9724352731109488,0.9732358792823704,0.00016631578947368423,False
5,930,0.3808048665523529,0.6191951632499695,0.40453043580055237,0.9723744014284554,0.9731348862782825,0.00016536842105263156,False
5,931,0.3807939291000366,0.6192061305046082,0.4056245684623718,0.9724048372697022,0.9732092900655863,0.000164421052631579,False
5,932,0.3807836174964905,0.6192164421081543,0.4075595736503601,0.9725113627140655,0.9734016565872043,0.00016347368421052631,False
5,933,0.38077354431152344,0.6192265152931213,0.407473087310791,0.9725823796769743,0.9734743710804514,0.00016252631578947372,False
5,934,0.3807644248008728,0.6192355155944824,0.40731024742126465,0.9725925249573898,0.9735004128516217,0.00016157894736842105,False
5,935,0.3807549774646759,0.6192450523376465,0.41107186675071716,0.9726483239996754,0.9736094465550019,0.00016063157894736848,False
5,936,0.380745530128479,0.619254469871521,0.40527141094207764,0.9727193409625843,0.9737489234965684,0.0001596842105263158,False
5,937,0.38073551654815674,0.619264543056488,0.4029390811920166,0.9726229607986364,0.9737002554566748,0.00015873684210526313,False
5,938,0.3807264268398285,0.6192736029624939,0.40682321786880493,0.9727294862429997,0.9738727143157331,0.00015778947368421054,False
5,939,0.38072025775909424,0.6192798018455505,0.4009280800819397,0.9726229607986365,0.9737457175462636,0.00015684210526315786,False
5,940,0.38071128726005554,0.6192887425422668,0.40392112731933594,0.9726584692800909,0.9737303869715139,0.0001558947368421053,False
5,941,0.38070058822631836,0.6192994713783264,0.4075554609298706,0.9726990504017532,0.97376515926134,0.00015494736842105262,False
5,942,0.3806880712509155,0.6193119287490845,0.4009599983692169,0.9726686145605065,0.9736922934412997,0.00015400000000000006,False
5,943,0.3806738555431366,0.6193261742591858,0.40157410502433777,0.9727041230419609,0.9737144745717479,0.00015305263157894738,False
5,944,0.38065993785858154,0.6193400621414185,0.408517062664032,0.9726990504017531,0.9736362146992471,0.0001521052631578947,False
5,945,0.3806443512439728,0.6193556189537048,0.4078252911567688,0.9726280334388443,0.973549149995335,0.00015115789473684214,False
5,946,0.3806283473968506,0.6193717122077942,0.40332892537117004,0.9726077428780131,0.973538520313485,0.00015021052631578947,False
5,947,0.38061362504959106,0.6193863749504089,0.4061749279499054,0.9726686145605065,0.9736193713091293,0.00014926315789473687,False
5,948,0.38059917092323303,0.6194008588790894,0.40787020325660706,0.9726838324811298,0.9736513271749659,0.0001483157894736842,False
5,949,0.3805854618549347,0.6194145679473877,0.4088342487812042,0.9728157211265319,0.9737796173473734,0.00014736842105263163,False
5,950,0.3805719017982483,0.6194280982017517,0.40542757511138916,0.9728765928090252,0.9738549812897984,0.00014642105263157896,False
5,951,0.38055774569511414,0.6194422841072083,0.4068582057952881,0.9728918107296485,0.9738837960465162,0.00014547368421052628,False
5,952,0.3805446922779083,0.6194552779197693,0.4076280891895294,0.9729121012904796,0.9738891962536975,0.0001445263157894737,False
5,953,0.38053154945373535,0.6194684505462646,0.4047805666923523,0.9729425371317262,0.9739047705909244,0.00014357894736842102,False
5,954,0.3805188834667206,0.619481086730957,0.40143266320228577,0.9729679003327651,0.9739226589487051,0.00014263157894736845,False
5,955,0.3805067837238312,0.6194931864738464,0.4056766629219055,0.9730034088142197,0.9739626801249099,0.00014168421052631578,False
5,956,0.38049617409706116,0.6195037961006165,0.4070788323879242,0.972972972972973,0.9738992637441408,0.0001407368421052632,False
5,957,0.38048696517944336,0.6195130348205566,0.4059087932109833,0.9730135540946352,0.9739650370364131,0.00013978947368421053,False
5,958,0.3804768919944763,0.6195231080055237,0.40124261379241943,0.9731048616183752,0.9740672067339,0.00013884210526315786,False
5,959,0.38046741485595703,0.619532585144043,0.40622931718826294,0.9731150068987907,0.9741074926870279,0.0001378947368421053,False
5,960,0.38045749068260193,0.6195424795150757,0.40457940101623535,0.9730744257771285,0.9740082927733125,0.00013694736842105262,False
5,961,0.38044866919517517,0.6195513606071472,0.40779486298561096,0.9729881908935963,0.9739283487647431,0.00013600000000000003,False
5,962,0.38043832778930664,0.6195616722106934,0.3992040753364563,0.973018626734843,0.9740003554120242,0.00013505263157894735,False
5,963,0.38042688369750977,0.619573175907135,0.4005613923072815,0.973038917295674,0.9740425552215117,0.00013410526315789479,False
5,964,0.3804168701171875,0.6195831298828125,0.4073486328125,0.9731251521792063,0.9741267726399252,0.0001331578947368421,False
5,965,0.3804054856300354,0.6195945143699646,0.40129759907722473,0.973287476665855,0.9743284749922511,0.00013221052631578944,False
5,966,0.38039299845695496,0.6196070313453674,0.40347445011138916,0.9733990747504261,0.9744889547756784,0.00013126315789473687,False
5,967,0.38038015365600586,0.6196198463439941,0.41005489230155945,0.9735157454752049,0.97458846098331,0.0001303157894736842,False
5,968,0.3803679347038269,0.6196320056915283,0.4088231325149536,0.973601980358737,0.974693327278813,0.0001293684210526316,False
5,969,0.3803567588329315,0.6196432113647461,0.40313398838043213,0.9736679246814383,0.9747623360991551,0.00012842105263157893,False
5,970,0.3803456127643585,0.6196543574333191,0.40403470396995544,0.973693287882477,0.9747748299886368,0.00012747368421052636,False
5,971,0.3803345561027527,0.6196654438972473,0.4080931842327118,0.9736628520412305,0.9747428253300485,0.0001265263157894737,False
5,972,0.3803234398365021,0.6196765899658203,0.40504661202430725,0.9735461813164517,0.9746361976283803,0.000125578947368421,False
5,973,0.38031327724456787,0.6196867227554321,0.4098910689353943,0.9735056001947894,0.9745598459625014,0.00012463157894736845,False
5,974,0.3803037703037262,0.6196961998939514,0.40256834030151367,0.9735360360360361,0.9745488026190408,0.00012368421052631577,False
5,975,0.38029396533966064,0.6197060346603394,0.4026196300983429,0.9735563265968672,0.9745412508958028,0.0001227368421052632,False
5,976,0.38028407096862793,0.6197159290313721,0.40445512533187866,0.9735309633958283,0.9745243516133433,0.00012178947368421052,False
5,977,0.38027432560920715,0.6197257041931152,0.4018976092338562,0.9735056001947894,0.9744860861335839,0.00012084210526315794,False
5,978,0.3802635669708252,0.6197364926338196,0.4040619730949402,0.9735005275545816,0.9744246399438423,0.00011989473684210526,False
5,979,0.3802509307861328,0.6197490096092224,0.40097615122795105,0.973495454914374,0.9743841490670171,0.00011894736842105259,False
5,980,0.38023853302001953,0.6197614669799805,0.4095008373260498,0.9733940021102183,0.9742722426054542,0.00011800000000000002,False
5,981,0.380227267742157,0.619772732257843,0.4074615240097046,0.9732824040256473,0.9741438798574402,0.00011705263157894735,False
5,982,0.3802151381969452,0.6197848320007324,0.40304651856422424,0.9731708059410762,0.9740604645288843,0.00011610526315789477,False
5,983,0.38020211458206177,0.619797945022583,0.40022408962249756,0.9731099342585829,0.9739403194850992,0.0001151578947368421,False
5,984,0.38019001483917236,0.6198100447654724,0.3999728858470917,0.9730592078565051,0.9738893643097275,0.00011421052631578953,False
5,985,0.38017839193344116,0.6198216676712036,0.4107692539691925,0.9730896436977519,0.973868797841737,0.00011326315789473685,False
5,986,0.3801662027835846,0.619833767414093,0.4093171954154968,0.9730439899358818,0.9738429839426356,0.00011231578947368418,False
5,987,0.38015490770339966,0.6198450922966003,0.40534037351608276,0.9729425371317263,0.9737034228066315,0.0001113684210526316,False
5,988,0.3801449239253998,0.6198551058769226,0.4060668349266052,0.9729577550523497,0.9737196716439913,0.00011042105263157892,False
5,989,0.3801337778568268,0.6198661923408508,0.40124475955963135,0.9729577550523496,0.9737310858494317,0.00010947368421052634,False
5,990,0.38012370467185974,0.6198762655258179,0.40539491176605225,0.9728715201688174,0.9736636927236006,0.00010852631578947367,False
5,991,0.3801138699054718,0.6198861598968506,0.40507858991622925,0.9728461569677785,0.9736451232383503,0.0001075789473684211,False
5,992,0.3801036477088928,0.6198963522911072,0.40150514245033264,0.9728309390471552,0.9736886822456335,0.00010663157894736843,False
5,993,0.3800927400588989,0.6199073195457458,0.40885189175605774,0.9728207937667396,0.9737064053381318,0.00010568421052631575,False
5,994,0.3800809979438782,0.6199190020561218,0.4009680151939392,0.972861374888402,0.9737672069813491,0.00010473684210526317,False
5,995,0.38006898760795593,0.6199310421943665,0.40330296754837036,0.972881665449233,0.9738177005879518,0.0001037894736842105,False
5,996,0.3800588548183441,0.6199411153793335,0.40595290064811707,0.972907028650272,0.9738557552431567,0.00010284210526315793,False
5,997,0.38004764914512634,0.619952380657196,0.40428295731544495,0.9729019560100641,0.9738548400464258,0.00010189473684210526,False
5,998,0.38003620505332947,0.6199638247489929,0.40525662899017334,0.9728715201688174,0.9738165844336776,0.00010094736842105268,False
5,999,0.38002410531044006,0.6199758648872375,0.4031032919883728,0.9728207937667397,0.9737592910566619,0.0001,False
5,1000,0.38001197576522827,0.6199880242347717,0.4011170566082001,0.9727548494440386,0.9737180775919717,0.0001,False
