0,1,2,3,4,5,6,7,8,9,10,11,12,13,14,15,16,17,18,19,20,21,22,23,24,25,26,27,28,29,30,31,32,33,34,35,36,37,38,39,40,41,42,43,44,45,46,47,48,49,50,51,52,53,54,55,56,57,58,59,60,61,62,63,64,65,66,67,68,69,70,71,72,73,74,75,76,77,78,79,80,81,82,83,84,85,86,87,88,89,90,91,92,93,94,95,96,97,98,99,100,101,102,103,104,105,106,107,108,109,110,111,112,113,114,115,116,117,118,119,120,121,122,123,124,125,126,127,128,129,130,131,132,133,134,135,136,137,138,139,140,141,142,143,144,145,146,147,148,149,150,151,152,153,154,155,156,157,158,159,160,161,162,163,164,165,166,167,168,169,170,171,172,173,174,175,176,177,178,179,180,181,182,183,184,185,186,187,188,189,190,191,192,193,194,195,196,197,198,199,200,201,202,203,204,205,206,207,208,209,210,211,212,213,214,215,216,217,218,219,220,221,222,223,224,225,226,227,228,229,230,231,232,233,234,235,236,237,238,239,240,241,242,243,244,245,246,247,248,249,250,251,252,253,254,255,256,257,258,259,260,261,262,263,264,265,266,267,268,269,270,271,272,273,274,275,276,277,278,279,280,281,282,283,284,285,286,287,288,289,290,291,292,293,294,295,296,297,298,299,300,301,302,303,304,305,306,307,308,309,310,311,312,313,314,315,316,317,318,319,320,321,322,323,324,325,326,327,328,329,330,331,332,333,334,335,336,337,338,339,340,341,342,343,344,345,346,347,348,349,350,351,352,353,354,355,356,357,358,359,360,361,362,363,364,365,366,367,368,369,370,371,372,373,374,375,376,377,378,379,380,381,382,383,384,385,386,387,388,389,390,391,392,393,394,395,396,397,398,399,400,401,402,403,404,405,406,407,408,409,410,411,412,413,414
0,0,0.003184596053805019,0,0,0,0,0,0,0.003305422123278523,0,0,0,0,0,0,0,0,0,0,0,0,0,0,0,0,0,0,0,0,0,0,0,0,0,0,0,0,0,0,0,0,0,0,0,0,0,0,0,0,0,0,0,0,0,0,0,0,0,0,0,0,0,0,0,0,0,0,0,0,0,0,0,0,0,0,0,0,0.007358307506668829,0,0,0,0,0,0,0,0,0,0,0,0,0,0,0,0,0,0,0,0,0,0,0,0,0,0,0,0,0,0,0,0,0,0,0,0,0,0,0,0,0,0,0,0,0,0,0,0,0,0.004424997950084036,0,0,0,0.005432520766400361,0,0.005553883149726267,0,0,0,0,0,0,0,0,0,0,0,0,0,0,0,0,0,0,0,0,0,0,0,0,0,0.005979745051018669,0,0,0,0,0,0,0,0,0,0,0,0,0,0,0,0,0,0,0,0,0,0,0.003466647322602223,0,0,0,0,0,0,0.004121670703146293,0,0,0.006849039391460292,0,0,0.003250088161159159,0.003240638619906904,0,0.00389459368425535,0,0,0,0,0,0,0,0,0,0,0,0,0,0,0,0,0,0,0.007529143546704345,0,0,0,0,0,0,0,0,0,0,0,0.007187552044955478,0,0.007407588284687685,0,0,0,0,0,0,0,0,0,0,0,0,0,0,0,0,0,0,0,0,0,0,0,0,0,0,0,0,0,0,0,0,0,0,0,0,0,0,0,0,0,0,0,0,0,0,0,0,0,0,0,0,0,0,0,0,0,0,0,0,0,0,0,0,0,0,0,0,0,0,0,0,0,0,0,0,0,0,0,0,0,0,0,0,0,0,0,0,0,0,0,0,0,0,0,0,0,0,0,0,0,0,0,0,0,0,0,0,0,0,0.005937986310557912,0.007235001665305221,0,0,0,0,0,0,0,0,0,0,0,0,0,0.005849001034667593,0.004677815691164712,0.005850102137466532,0,0,0,0,0,0,0,0,0,0,0,0,0,0,0,0,0,0,0,0,0,0,0,0,0,0,0,0,0,0,0,0,0,0,0,0,0,0,0,0,0,0,0,0,0,0,0,0,0,0,0,0,0,0
0,0,0,0,0,0,0,0,0,0,0.003254866916850863,0,0,0,0,0,0,0,0,0,0,0,0.003561724629166088,0,0,0,0,0,0,0,0,0,0,0,0,0,0,0,0,0,0,0,0,0,0,0,0,0,0,0,0,0,0,0,0,0,0,0,0,0,0,0,0,0,0,0,0,0,0,0,0,0,0,0,0,0,0,0,0,0,0,0,0,0,0,0,0,0,0,0,0,0,0,0,0,0,0,0,0,0,0,0,0.003618537693565644,0.003074897632320485,0,0,0.004571208764510015,0,0,0,0,0,0,0,0,0,0,0,0,0.003293764276031082,0,0,0,0,0,0,0,0,0,0,0.004243898573173786,0,0,0,0,0,0,0,0,0,0,0,0,0,0,0,0,0,0,0,0,0,0,0,0,0,0,0,0,0,0,0,0,0,0,0,0,0,0,0,0,0,0,0,0,0.002687529194439028,0,0,0,0,0,0,0,0,0.004644495549037213,0,0,0,0.004113506739090448,0,0,0,0,0,0,0,0.004065217726244184,0,0,0,0,0,0,0,0,0,0,0,0,0,0,0,0,0,0,0,0.003624700317131462,0,0,0,0.00447071284638739,0,0,0,0,0,0,0,0,0,0,0.004290336011657228,0,0,0,0,0,0,0,0,0,0,0,0,0,0,0,0,0,0,0,0,0,0,0,0,0,0,0,0,0,0,0,0,0,0,0,0,0,0,0,0,0,0,0,0,0,0,0,0,0,0,0,0,0,0,0,0,0,0,0,0,0,0,0,0,0,0,0,0,0,0,0,0,0,0,0,0,0,0,0,0,0,0,0,0,0,0,0,0,0,0,0,0,0,0,0,0,0,0,0,0,0,0,0,0,0,0,0,0,0,0,0,0,0,0,0,0,0,0.00391059249979101,0,0,0,0,0,0,0,0,0,0,0,0,0,0,0,0,0,0,0,0,0,0,0,0,0,0,0,0,0,0,0.003835710659799982,0,0,0,0,0,0,0,0,0,0,0,0,0,0,0,0,0,0,0,0,0,0,0,0,0,0,0,0,0.002982551026852617,0.003505921950206613,0,0,0,0
0.003184596053805019,0,0,0,0.003577208229400984,0,0,0,0,0.004191111438083036,0.003343421701809758,0,0,0,0,0,0,0,0,0.003919388904940055,0,0,0.002953195143701679,0,0,0,0,0,0,0,0,0,0,0,0,0,0,0,0,0,0,0,0,0,0,0,0,0,0,0,0,0,0.00403569995085378,0,0,0,0,0,0,0,0,0,0,0,0,0,0,0,0,0,0,0,0,0,0,0,0,0,0,0,0,0,0,0,0,0,0,0,0,0,0,0,0,0,0,0,0,0,0,0,0,0,0,0,0,0,0,0,0,0,0,0,0,0,0,0,0,0,0,0.003015792995050249,0,0,0,0,0,0,0,0.003070329508021516,0.00340488483216966,0,0,0,0,0,0,0,0,0,0,0,0,0,0,0,0,0,0,0,0,0,0,0,0,0,0,0,0,0,0,0,0,0,0,0,0,0,0,0,0,0,0,0,0,0,0,0,0,0,0,0,0,0,0,0,0,0,0,0,0,0,0,0,0,0,0,0,0,0,0.003675608085225762,0,0,0,0,0,0,0,0,0,0,0,0,0,0,0.004337372146313006,0,0,0,0,0,0,0.003320125976188697,0,0,0,0,0,0,0,0,0,0,0,0,0,0,0,0,0,0,0,0.00353398165968466,0,0,0,0,0,0,0,0,0,0,0,0,0,0,0,0,0,0,0,0.00432770114783034,0.005570424004248143,0.003980171759999497,0.003966263177828644,0.005027286757392748,0,0,0,0,0,0,0,0,0,0,0,0,0,0,0,0,0,0,0,0,0,0,0,0,0,0,0,0,0,0,0,0,0,0,0,0,0,0,0,0,0,0,0,0,0,0,0,0,0,0,0,0,0,0,0,0,0,0,0,0,0,0,0,0,0,0,0,0,0,0,0,0,0,0,0,0,0,0,0,0,0,0,0,0.00295406083219777,0,0,0,0,0,0,0,0,0,0,0,0,0,0,0,0,0,0,0,0,0,0,0,0,0,0,0,0,0,0.003895817742347952,0,0.003018191144213906,0,0,0,0,0,0,0,0,0,0,0,0,0,0,0,0,0,0,0,0,0,0,0,0,0,0,0,0,0,0,0,0,0,0
0,0,0,0,0.006016454686069398,0,0,0,0,0,0,0,0,0,0,0,0,0.003144904826358484,0,0,0.002546515803106228,0,0,0,0,0.006080121767342114,0,0,0,0,0,0,0,0,0,0,0,0,0,0,0,0,0,0,0,0,0,0,0,0,0,0,0,0,0,0,0,0,0,0,0.003228186275131877,0,0,0,0,0,0,0,0,0.002990805112714894,0,0,0,0,0,0,0,0,0,0,0,0,0,0,0,0,0,0,0,0,0,0,0,0.003877485582521334,0,0,0,0,0,0,0,0,0,0,0,0,0,0,0,0,0,0,0,0,0,0,0,0,0,0,0,0,0,0,0,0,0,0,0,0,0,0,0,0,0,0,0,0,0,0,0.00251655480443315,0,0,0,0,0,0,0,0,0,0.005376112361075474,0,0,0,0,0,0,0,0,0,0,0,0,0,0,0,0,0,0.003611226465421326,0,0,0,0,0,0,0,0,0,0,0,0,0,0,0,0,0,0,0,0,0,0,0,0,0,0,0,0,0,0,0,0.00405185863068464,0,0,0,0,0,0,0,0,0,0,0,0,0,0,0,0,0,0,0,0,0,0,0,0,0,0,0,0,0,0,0,0,0,0,0,0,0,0,0,0,0,0,0,0,0,0,0,0,0,0,0,0,0,0,0,0,0,0,0,0,0,0.004483648056080279,0,0,0,0,0,0,0,0,0,0,0,0,0,0,0,0,0,0,0,0,0,0,0,0,0,0,0,0,0,0,0,0,0,0,0,0,0,0,0,0,0,0,0,0,0,0,0,0,0,0,0,0,0,0,0,0,0,0,0,0,0,0,0,0,0,0,0,0,0,0,0,0,0,0,0,0,0,0,0,0,0,0,0,0,0,0,0,0,0,0,0,0,0,0,0,0,0,0,0,0,0,0,0,0,0,0,0,0,0,0.002935318239323055,0,0,0,0,0,0,0,0,0,0,0.003528405038978825,0,0.003329504023448184,0,0,0,0,0,0,0,0,0,0,0,0.002699382160638543,0,0,0,0,0,0,0,0,0,0,0,0,0,0,0,0,0
0,0,0.003577208229400984,0.006016454686069398,0,0,0,0,0.00489582782551268,0,0,0,0,0.003806859169634905,0,0,0,0,0,0.003880239851498154,0,0,0,0,0.004164263119193657,0.005061530198950025,0,0,0,0,0,0,0,0,0,0,0,0,0,0,0,0,0,0,0,0,0,0,0,0,0,0,0,0,0,0,0,0,0,0,0,0,0,0,0,0,0,0,0,0.003910920723593075,0.003465349905355704,0,0,0,0,0,0,0,0,0.005020594227652872,0,0,0,0,0,0,0,0,0,0,0,0,0,0,0,0,0,0,0,0,0.002886232602058635,0,0,0,0,0,0,0,0,0,0,0,0,0,0,0,0,0,0,0,0,0,0,0,0,0,0,0,0,0,0,0,0,0,0,0,0,0,0,0,0,0,0,0,0,0,0,0,0,0,0,0,0,0,0,0,0,0,0,0,0,0,0,0,0,0,0.003464237339868557,0,0.004672402465183636,0,0,0.006316345711612609,0,0,0,0,0,0,0,0,0,0,0,0,0,0,0,0,0,0,0,0,0,0,0,0,0,0,0,0,0.004089607669895198,0,0,0,0,0,0,0,0,0,0,0,0,0,0,0,0,0,0,0,0,0,0,0,0,0,0,0,0,0,0,0,0,0,0,0,0,0,0,0,0.004287390991031923,0,0,0,0,0,0,0,0,0,0,0,0,0,0,0,0,0,0,0,0,0.003983450234353933,0.005350718843350587,0.003915703936500202,0.004409840470674237,0,0,0,0,0,0,0,0,0,0,0,0,0,0,0,0,0,0,0,0,0,0,0,0,0,0,0,0,0,0,0,0,0,0,0,0,0,0,0,0,0,0,0,0,0,0,0,0,0,0,0,0,0,0,0,0,0,0,0,0,0,0,0,0,0,0,0,0,0,0,0,0,0,0,0,0,0,0,0,0,0,0,0,0,0,0,0,0,0,0,0,0,0,0,0,0,0,0,0,0,0,0,0,0,0,0,0,0.004991811299668759,0,0,0,0,0,0,0,0,0,0,0,0,0,0,0,0,0,0,0,0,0,0,0,0,0,0,0,0,0,0,0,0,0,0,0,0,0,0,0,0,0,0
0,0,0,0,0,0,0.004192356311724912,0,0,0,0,0,0,0,0,0,0,0,0,0,0,0,0,0,0,0,0,0,0,0,0,0,0,0,0,0,0,0,0,0,0,0.007133187432991964,0,0,0,0,0,0,0,0,0,0,0,0,0,0,0,0,0,0,0,0,0,0,0,0,0,0,0,0,0,0,0,0.004267133841077147,0,0,0.007286635087546248,0.00728489324234863,0,0,0,0.004127310462590388,0,0,0,0,0,0,0,0.003639856877593703,0,0,0,0,0,0,0,0,0,0,0,0,0,0,0,0,0,0,0,0,0,0,0,0,0,0,0,0,0,0,0,0,0,0,0,0,0,0,0,0,0,0,0,0,0,0,0,0,0,0,0,0,0,0,0,0.004544358236315462,0,0,0,0,0,0,0,0,0,0,0,0,0,0,0,0,0,0,0,0,0,0,0,0,0,0,0,0,0,0,0.005038989911711778,0,0,0,0,0,0,0,0,0,0,0.00283621690679822,0,0,0,0,0,0,0,0,0,0,0,0,0,0,0.003724915516477954,0.004858738651677743,0.004918500989220979,0.004546342568384985,0,0.004268246369601122,0.004282891961220343,0,0,0,0,0,0,0,0,0,0,0,0,0,0,0,0,0,0,0,0,0,0,0,0,0,0,0,0,0,0,0,0,0,0,0,0,0,0,0,0.002799215841978689,0,0,0,0,0,0,0,0,0.003830561029125717,0,0.004166508051956227,0,0,0,0,0,0,0,0,0,0,0,0,0,0,0,0,0,0,0,0,0,0,0,0,0,0,0,0,0,0,0,0,0,0,0,0,0,0,0,0,0,0,0,0,0,0,0,0,0,0,0,0,0,0,0,0,0,0,0,0,0,0,0,0,0,0,0,0,0,0,0,0,0,0,0,0,0,0,0,0,0,0,0,0,0,0,0,0,0,0,0,0,0,0,0,0,0,0,0,0,0,0,0,0,0,0,0,0,0,0,0,0,0,0,0,0,0,0,0,0,0,0,0,0,0,0,0,0,0,0,0,0,0,0,0,0,0,0,0,0,0,0,0,0,0,0,0,0,0,0,0,0,0,0,0
0,0,0,0,0,0.004192356311724912,0,0,0,0,0,0,0.002383243301192944,0,0,0,0.002641039553592978,0,0,0,0,0,0,0,0,0.00306962126646944,0,0,0,0,0,0,0,0,0,0,0,0,0,0,0,0.00435964371516693,0,0,0,0,0,0,0,0,0,0,0,0,0,0,0,0,0,0,0,0,0,0,0,0,0,0,0,0,0,0,0,0,0,0,0.007874865937118256,0.007553979379585142,0,0,0,0,0,0,0,0,0,0,0,0.003477686945719995,0,0,0,0,0,0,0,0,0,0,0,0,0,0,0,0,0,0,0,0,0,0,0,0,0,0,0,0,0,0.003379631216788734,0,0,0,0,0,0,0,0,0,0,0,0,0,0,0,0,0,0,0,0.003896682525458994,0,0,0,0,0,0,0,0,0,0,0,0,0,0,0,0,0,0,0,0,0,0,0,0,0,0,0,0,0,0,0,0,0,0,0,0,0,0,0,0,0,0,0,0.004428564418180556,0,0,0,0,0,0,0,0,0,0,0,0,0,0,0,0,0,0,0.003525012878785177,0,0,0,0,0,0,0,0,0,0,0,0,0,0,0,0,0,0.00478407273086132,0,0,0,0,0,0,0,0,0,0,0,0,0,0,0,0,0,0,0,0,0,0,0,0,0,0,0,0,0,0,0,0,0,0,0,0,0,0,0,0,0,0,0,0,0,0,0,0,0,0,0,0,0,0,0,0,0,0,0,0,0,0,0,0,0,0,0,0,0,0,0,0,0,0,0,0,0,0,0,0,0,0,0,0,0,0,0,0,0,0,0,0,0,0,0,0,0,0,0,0,0,0,0,0,0,0,0,0,0,0,0,0,0,0,0,0,0,0,0,0,0,0,0,0,0.002801087235964821,0,0,0,0,0,0,0,0,0,0,0,0,0,0,0,0,0,0,0,0,0,0,0,0,0,0,0,0,0,0,0,0,0,0,0,0,0,0,0,0,0,0,0,0,0,0,0,0,0,0,0,0,0,0,0,0,0,0,0,0,0,0,0,0,0,0,0,0,0
0,0,0,0,0,0,0,0,0,0,0,0,0,0,0,0,0,0,0,0,0,0,0,0.005571075400468705,0,0,0,0,0,0,0,0,0,0,0,0,0,0,0,0,0,0,0,0,0,0,0,0,0,0,0,0,0,0,0,0,0,0,0,0,0,0,0,0,0,0,0,0,0,0,0,0,0,0,0,0,0,0,0,0,0,0,0,0,0,0,0,0,0,0,0,0,0,0.007183338638658124,0,0,0.005691437068940141,0,0,0,0,0,0,0,0,0,0,0,0,0,0,0,0,0,0,0,0,0,0,0,0,0,0,0,0,0,0,0,0,0,0,0,0,0,0,0,0,0,0,0,0,0,0,0,0,0,0,0,0,0,0,0,0,0,0,0,0.006446837438796369,0,0,0,0,0,0,0,0,0,0,0,0,0,0,0,0,0,0,0,0,0,0,0,0,0,0,0,0,0.003905443433395383,0,0,0,0,0,0,0,0,0,0,0,0,0,0,0,0,0,0,0,0.004245530897040304,0,0,0,0,0,0,0,0,0,0,0,0,0,0,0,0,0,0,0,0,0,0,0,0,0,0,0,0,0,0,0,0,0,0,0,0,0,0,0,0,0,0,0,0,0,0,0,0,0,0,0,0,0.005394192576465189,0,0,0,0,0.004077977024651231,0,0,0,0,0,0,0,0,0,0,0.005729895364308906,0.005736183706904073,0.004598941131170379,0.004596596002393592,0.005808647315501937,0,0,0,0,0,0,0,0,0,0,0,0,0.004897930060470979,0.004893987238389975,0,0,0,0,0,0,0,0,0,0,0,0,0,0,0,0,0,0,0,0,0,0,0,0,0,0,0,0,0,0,0,0.005814327499607796,0.005811955250599651,0.004909739204447469,0.004892737524462887,0.00488566877634661,0.004897354430694082,0.00489568481153045,0.00485231161448429,0.004854130739919632,0.004857492770123354,0,0.004857408387753105,0,0,0,0,0,0,0,0,0,0,0,0,0,0,0,0,0,0,0,0,0,0,0,0,0,0,0,0,0,0,0,0,0,0,0,0,0,0,0,0,0,0,0,0,0,0,0,0,0,0,0,0,0,0,0,0,0,0,0,0,0,0,0,0,0,0,0,0,0,0,0,0,0,0,0,0,0,0,0
0,0,0,0,0.00489582782551268,0,0,0,0,0,0,0,0,0.004309899042010398,0,0,0,0,0,0,0,0,0,0,0.004508761686796624,0,0,0,0,0,0,0,0,0,0,0,0,0,0,0,0,0,0,0,0,0,0,0,0,0,0,0,0,0,0,0,0,0,0,0,0,0,0,0,0,0,0,0,0,0,0,0,0,0,0,0,0,0,0,0,0,0,0,0,0,0,0,0,0,0,0,0,0,0,0,0,0,0,0,0,0,0,0,0,0,0,0,0,0,0,0,0,0,0,0,0,0,0,0,0,0,0,0,0,0,0,0,0,0,0,0,0,0,0,0,0,0,0,0.004563214589078206,0,0,0,0,0,0.005177804755566996,0,0,0,0.004685943582295689,0,0,0,0,0,0,0,0,0,0,0,0,0.004370755681544252,0,0,0,0,0,0,0,0,0,0,0.005079612155968442,0,0,0,0,0,0,0,0,0,0,0,0,0,0.00603860776025969,0,0,0.006364167187239379,0,0,0,0,0.006034163975231708,0,0,0,0,0,0,0,0,0,0,0,0,0,0,0,0,0,0,0,0,0,0,0,0,0,0,0.006116468258560915,0.006354170202400025,0,0.006351611977048015,0,0,0,0,0,0,0,0,0,0,0,0.006684560054674028,0,0,0,0,0,0.004882730571748116,0,0.006532759823148868,0,0,0,0,0,0,0,0,0.004276447170513732,0.004266363425594458,0.004266059731611534,0,0,0,0,0,0.004465474910988195,0.0043547572766615,0.00425030276732394,0.004465767579361011,0,0,0,0,0,0,0,0,0,0,0,0,0,0,0,0,0,0,0,0,0,0,0,0,0,0,0,0,0,0,0,0,0,0,0,0,0,0,0,0,0,0,0,0,0,0,0,0,0,0,0,0,0,0,0,0,0,0,0,0,0,0,0,0,0,0,0,0,0,0,0,0,0,0,0,0,0,0,0,0,0.00626640910448527,0.005494456363022308,0,0,0,0.006787052795942009,0,0,0,0,0,0,0.007045648321167251,0,0,0,0,0,0.005541304106148713,0,0,0.007042286762667032,0,0,0,0,0,0,0,0,0,0,0,0,0,0,0,0,0,0,0,0,0,0,0,0,0,0,0,0,0,0,0,0,0,0,0,0,0,0,0,0,0,0,0,0,0,0,0,0
0.003305422123278523,0,0.004191111438083036,0,0,0,0,0,0,0,0.003220061287657994,0,0,0,0,0,0,0.003437065128119423,0,0,0,0,0,0,0,0,0,0,0,0,0,0,0,0,0,0,0,0,0,0,0,0,0,0,0,0,0,0,0,0,0,0,0,0,0,0,0,0,0,0,0,0,0,0,0,0,0,0,0,0,0,0,0,0,0,0,0,0,0.003066683284579037,0,0,0,0,0,0,0,0,0,0,0,0,0,0,0,0,0,0,0,0,0,0,0,0,0,0,0,0,0,0,0,0,0,0,0,0,0,0,0,0,0,0,0,0,0,0,0,0,0.00363325458149968,0.004743762961062852,0,0,0,0,0,0,0,0,0,0,0,0,0,0,0,0,0,0,0,0,0,0,0,0,0,0,0,0,0,0,0,0.004023616770896654,0,0,0,0,0,0,0,0,0,0,0,0,0,0,0,0,0,0,0,0,0,0,0,0,0,0,0,0,0,0,0,0,0.004102411479767268,0,0,0,0.004587067714665778,0.003940430337068619,0,0,0,0,0,0,0,0,0,0,0,0,0,0,0,0,0,0,0,0.004710325364293015,0,0,0,0,0,0,0,0,0,0,0.004139468706320732,0.005035731621839633,0,0.003143686275448854,0,0,0,0,0,0.003964367885233248,0,0,0,0,0,0,0,0,0,0,0,0.003795176126472699,0,0,0,0,0,0,0,0,0,0,0,0,0,0,0,0,0,0,0,0,0,0,0,0,0,0,0,0,0,0,0,0,0,0,0,0,0,0,0,0,0,0,0,0,0,0,0,0,0,0,0,0,0,0,0,0,0,0,0,0,0,0,0,0,0,0,0,0,0,0,0,0,0,0,0,0,0,0,0,0,0,0,0,0,0,0,0,0,0,0,0,0,0.003512128023105437,0,0,0,0,0.003013767722914061,0,0,0,0,0,0.003309628189848275,0,0,0,0.00598091941914611,0.005480171733149873,0.005752792954165926,0.003624721394693221,0,0,0,0,0,0,0,0,0,0,0,0,0,0,0,0.003104245402396269,0.005243858389414525,0,0,0,0,0,0,0,0,0,0,0,0,0,0,0,0,0,0,0,0,0,0,0,0,0,0,0,0,0,0,0,0,0,0,0,0
0,0.003254866916850863,0.003343421701809758,0,0,0,0,0,0,0.003220061287657994,0,0,0,0,0,0,0,0.003457442975024729,0,0,0,0,0.005524680844055798,0,0,0,0,0,0,0,0,0,0,0,0,0,0,0,0,0,0.003942438572562028,0,0,0,0,0,0,0,0,0,0,0,0,0,0,0,0,0,0.004221731957501439,0,0,0,0,0,0,0,0,0,0,0,0,0,0,0,0,0,0,0,0,0,0,0,0,0,0,0,0,0,0,0,0,0,0,0,0,0,0,0,0,0,0,0.004384148201200033,0.005631549150630178,0.002644627089834291,0,0,0.003633619703625114,0,0,0,0,0,0,0,0,0,0,0,0,0.003358585676177901,0.004213100656936232,0,0,0,0.003624914511325715,0,0,0.004315492636001774,0.00346019896621952,0,0,0,0,0,0,0,0,0,0,0,0,0,0,0,0,0,0,0,0,0,0,0,0,0,0,0,0,0,0,0,0,0,0,0,0,0,0,0,0,0,0,0,0,0,0,0.004553258787114597,0,0,0,0.003686094905631562,0,0,0,0,0.003854021192910834,0,0,0,0,0,0,0,0.002837878740827379,0,0,0,0,0,0.003373198289986453,0,0,0,0,0,0,0,0,0,0,0,0,0,0,0,0,0,0,0,0,0,0,0,0,0,0,0,0,0,0,0,0,0.003676076145268498,0,0,0,0,0,0,0,0,0,0,0,0,0,0,0,0,0,0,0,0,0,0,0,0,0,0,0,0,0,0,0,0,0,0,0,0,0,0,0,0,0,0.004351602314849838,0,0,0,0,0,0,0,0,0,0,0,0,0,0,0,0,0,0,0,0,0,0,0,0,0,0,0,0,0,0,0,0,0,0,0,0,0,0,0,0,0,0,0,0,0,0,0,0,0,0,0,0,0,0,0,0,0,0,0,0,0,0,0,0,0,0,0,0,0,0,0,0,0,0.003620366089635094,0,0.005557546790510678,0,0,0,0,0,0,0,0,0,0,0,0,0,0,0,0,0,0,0,0,0,0,0,0,0,0,0,0,0.005229248293052818,0,0.004447380805211347,0,0,0,0,0,0,0,0,0,0,0,0,0,0,0,0,0,0,0,0,0,0,0,0,0,0,0,0,0,0,0,0,0,0.003138735644330082
0,0,0,0,0,0,0,0,0,0,0,0,0,0,0,0,0,0,0.006971575876214163,0,0,0,0,0,0.006670410269366097,0,0.006582307086374408,0.006893590960725074,0,0,0.003965315158787322,0,0,0.005437852161192216,0,0,0,0,0,0,0,0,0,0.007020209355998573,0,0,0.007658871772278185,0,0,0,0,0,0,0,0,0,0,0,0,0,0,0,0.006804836871242424,0,0,0.007911996345223236,0,0,0,0,0,0,0.007738496184982191,0,0.004098715329509599,0,0,0,0,0,0,0.003635310959429071,0,0,0,0,0,0,0,0.004531767931226782,0,0,0,0,0,0,0,0.005804570333294397,0,0.004762414768113407,0,0,0,0,0,0,0,0.004213952581490745,0,0,0,0,0,0,0.006300091514365063,0,0,0,0,0,0,0,0,0,0,0,0,0,0,0,0,0.006553518151898139,0,0,0,0,0,0,0,0.004219831471837111,0,0.004178678507403199,0.003714380231463351,0,0,0,0,0,0,0,0,0,0,0,0,0,0,0,0,0,0,0,0,0,0,0,0,0,0,0,0,0,0,0,0,0,0,0,0,0,0,0,0,0,0,0,0,0,0,0,0,0,0,0,0,0,0,0,0,0,0,0,0.00371715270805513,0,0,0,0,0,0,0,0,0,0,0,0,0,0,0,0,0,0,0,0,0,0,0,0.005535474124239327,0.00484983273519618,0,0,0,0,0,0,0,0,0,0,0,0,0,0,0,0,0,0,0,0,0,0,0,0,0,0,0,0,0,0,0,0,0,0,0.004693723342351583,0,0,0,0,0,0,0,0,0,0,0,0,0,0,0,0,0,0,0,0,0,0,0,0,0,0,0,0,0,0,0,0,0,0,0,0,0,0,0,0,0,0,0,0,0,0,0,0,0,0,0,0,0,0,0,0,0,0,0,0,0,0,0,0,0,0,0,0,0,0,0,0,0,0,0,0,0,0,0,0,0,0,0,0,0,0,0,0,0,0,0,0,0,0,0,0,0,0,0.003975148491288454,0.00557113106313622,0,0,0,0,0,0,0,0,0,0,0,0,0,0,0,0,0.004706634431441088,0,0,0,0,0,0,0,0,0,0.004406259356634279,0,0,0,0,0,0,0,0,0,0,0,0,0,0,0,0,0,0,0,0,0,0,0,0,0
0,0,0,0,0,0,0.002383243301192944,0,0,0,0,0,0,0,0,0,0.003922513657852022,0,0,0.003522516085930457,0.003449475479114555,0,0,0,0,0.002327095306567728,0,0,0,0,0,0,0,0,0,0.003077434137256811,0,0,0,0,0,0,0,0,0,0,0,0,0,0,0,0,0,0,0,0,0,0,0,0,0,0,0,0,0,0,0,0.003362444568611712,0,0.003277163589970861,0,0,0,0,0,0,0,0,0,0.005446948343022765,0,0,0,0,0,0,0,0,0,0.008940673071446319,0,0,0,0,0,0,0,0,0,0,0,0,0,0,0,0,0,0,0,0,0,0,0,0,0,0,0,0,0,0,0,0,0,0,0,0,0,0,0,0,0,0,0,0,0,0,0,0,0,0,0.002789522840093717,0,0,0,0,0,0,0,0,0,0,0,0,0,0,0,0,0,0,0,0,0,0,0,0,0,0,0,0,0,0.002707301228659288,0.003519452944539619,0,0,0,0,0,0,0,0,0,0,0,0,0,0,0,0,0,0,0,0,0,0,0,0,0,0,0,0,0,0,0.00805908762271601,0,0,0,0,0,0,0,0,0,0,0,0,0,0,0,0,0,0,0,0,0,0,0,0,0,0,0,0,0,0,0,0,0,0,0,0,0,0,0,0,0,0,0,0,0,0,0,0,0,0,0,0,0,0,0,0,0,0,0,0,0,0,0,0,0,0,0,0,0,0,0,0,0,0,0,0,0,0,0,0,0,0,0,0,0,0,0,0,0,0,0,0,0,0,0,0,0,0,0,0,0,0,0,0,0,0,0,0,0,0,0,0,0,0,0,0,0,0,0,0,0,0,0,0,0,0,0,0,0,0,0,0,0,0,0,0,0,0,0,0,0,0,0,0,0,0,0,0,0,0,0,0,0,0,0,0,0,0,0,0,0,0,0,0,0,0,0,0,0,0.00368147205836623,0,0,0,0,0,0,0,0,0,0,0,0,0,0,0,0,0,0,0,0,0,0,0,0,0,0,0,0,0,0,0,0,0,0,0,0,0.002837448300039873,0,0,0,0,0
0,0,0,0,0.003806859169634905,0,0,0,0.004309899042010398,0,0,0,0,0,0,0,0,0,0,0,0.006242959714518614,0,0,0,0.004822277548404974,0,0,0,0,0,0,0,0.005018948025373714,0,0,0,0,0,0,0,0,0,0,0,0,0,0,0,0.005670652930115769,0,0,0,0,0.007658369248467469,0,0.005822768175564031,0,0,0,0,0,0,0,0,0.005429539632335991,0,0,0,0,0,0,0,0,0,0,0,0,0,0,0,0,0,0,0,0,0,0,0,0,0,0,0,0,0,0,0,0,0,0,0,0,0,0,0,0,0,0,0,0,0,0,0,0,0,0,0,0,0.007244125121620892,0,0,0,0.008851487076101089,0,0,0,0,0,0,0,0,0,0,0,0,0,0,0,0.006330365298800125,0,0,0,0,0,0,0,0,0,0,0,0,0,0,0,0,0,0,0,0,0,0,0,0,0,0,0,0,0,0.005552683773486462,0,0,0,0,0,0,0,0,0,0,0,0,0,0,0,0,0,0,0,0,0,0,0,0,0,0,0,0,0,0,0,0,0,0,0,0,0,0,0,0,0,0,0,0,0,0,0,0.005928785706884442,0,0,0,0,0,0,0,0,0,0,0,0,0,0,0,0,0,0,0,0,0,0,0,0,0,0.005674449720224572,0,0,0,0,0,0.005459026839566358,0,0,0.007225457363123638,0,0.00683261170690925,0,0,0,0.007374962611048917,0,0,0,0,0.00389699040697549,0.003976045679210308,0.003795056594126103,0.003890288600277185,0,0,0,0,0,0,0,0,0,0,0,0,0,0,0,0,0,0,0,0,0,0,0,0,0,0,0,0,0,0,0,0,0,0,0,0,0,0,0,0,0,0,0,0,0,0,0,0,0,0,0,0,0,0,0,0,0,0,0,0,0,0,0,0,0,0,0,0,0,0,0,0,0,0,0,0,0,0,0,0,0,0,0,0,0,0,0,0,0,0,0,0,0,0,0,0,0,0,0,0,0,0,0,0,0,0,0,0,0,0,0,0,0,0,0,0,0,0,0,0,0.005891884524319727,0.006465406858130417,0,0,0,0,0,0,0,0,0,0,0,0,0.009017844778154021,0,0,0,0,0,0,0.006001023676220917,0,0,0,0,0,0,0,0
0,0,0,0,0,0,0,0,0,0,0,0,0,0,0,0,0,0,0,0,0,0.008161507396320173,0,0,0,0,0,0,0,0,0,0,0,0,0,0.006536473566633858,0,0.003796242237567266,0.005158972189870193,0,0,0,0,0,0.006129251376973508,0,0,0,0,0,0,0,0,0,0.006881083649562213,0,0.004284666140030402,0.005261241768307784,0,0,0,0,0,0,0,0,0,0.00441436564991052,0.005078537451716022,0,0,0,0,0,0,0.006767120624627533,0,0,0,0,0,0,0,0,0,0,0,0,0,0,0,0,0,0,0,0,0,0,0,0,0,0,0,0,0,0.004635486193893283,0,0,0,0,0,0,0,0.004724453632319852,0,0,0,0,0,0,0,0,0.003552589023704848,0,0,0,0,0,0,0,0,0,0,0,0,0,0,0,0,0,0,0,0,0,0,0,0,0,0,0,0,0,0,0,0,0,0,0,0,0,0,0,0,0,0,0,0,0,0,0,0,0,0,0,0,0,0,0,0,0,0,0,0,0,0,0,0,0,0,0,0,0,0,0,0,0,0,0,0,0,0,0,0,0,0,0,0,0,0,0,0,0,0,0,0,0,0,0,0,0,0,0,0,0,0,0,0,0,0,0,0,0,0,0.006032560935482619,0,0,0,0,0,0,0,0,0,0,0,0,0.006182131382993512,0,0,0,0,0,0,0,0,0,0,0,0,0,0,0,0,0,0,0,0,0,0,0,0,0,0,0,0,0,0,0,0,0,0,0,0,0,0,0,0,0,0,0,0,0,0,0,0,0,0,0,0,0,0,0,0,0,0,0,0,0,0,0,0,0,0,0,0,0,0,0,0,0,0,0,0,0,0,0,0,0,0,0,0,0,0,0,0,0,0,0,0,0,0,0,0,0,0.002540826575349088,0,0,0,0,0,0,0,0,0,0,0,0,0,0,0,0,0,0,0,0,0,0,0,0,0,0,0,0,0,0,0,0,0,0,0,0,0,0,0,0,0,0,0,0,0,0.003384232512830515,0,0,0,0,0,0,0,0,0,0,0,0,0,0,0,0,0,0,0,0,0,0,0,0
0,0,0,0,0,0,0,0,0,0,0,0,0,0,0,0,0,0.004113796495621831,0,0,0,0,0,0,0,0,0,0,0,0,0,0,0,0,0,0,0,0,0,0,0,0,0,0,0,0,0,0,0,0,0.005029745078786046,0.004697599274575787,0.00507338360636932,0.003384090860155056,0,0,0,0,0,0.00327800413181465,0,0,0,0,0,0,0,0,0,0,0,0,0,0,0,0,0,0,0,0,0,0,0,0,0,0,0,0,0,0,0,0,0,0,0,0,0,0,0,0,0,0,0,0,0,0,0,0,0,0.0058991375089846,0,0,0,0,0,0,0,0,0,0,0,0,0,0,0,0,0.004028033917374814,0,0,0.003812752897226309,0,0,0,0,0,0,0,0,0,0,0,0,0,0,0,0,0.003527026734908219,0,0,0,0,0,0,0,0,0,0,0,0,0,0,0,0,0,0,0,0,0,0,0,0,0,0,0,0,0,0,0,0,0,0,0,0,0,0,0,0,0,0,0,0,0,0,0,0,0,0,0,0.003968888631130559,0,0,0.003809300078986088,0,0,0,0,0,0,0,0,0,0,0,0,0.004531055021149264,0,0,0,0,0,0,0,0,0,0,0,0,0,0,0.006299632125154386,0,0,0,0,0,0,0,0,0,0,0,0,0,0,0,0,0,0,0,0,0,0,0,0,0,0,0,0,0,0,0,0,0,0,0,0,0,0,0,0,0.004158074709420348,0.005205949779944678,0,0,0,0,0,0,0,0,0,0,0,0,0,0,0,0,0,0,0,0,0,0,0,0,0,0,0,0,0,0,0,0,0,0,0,0,0,0,0,0,0,0,0,0,0,0,0,0,0,0,0,0,0,0,0,0,0,0,0,0,0,0,0,0,0,0,0,0,0,0,0,0,0,0,0,0,0,0,0,0,0.00432015302178621,0,0,0,0,0,0,0,0,0,0,0,0,0,0,0,0,0,0.005148488272706388,0,0,0,0.003623239309343531,0,0,0,0,0,0,0,0,0,0,0,0,0,0,0,0,0,0,0,0,0,0,0,0,0,0,0,0,0,0,0,0.003513063731864489,0,0,0,0,0,0,0,0
0,0,0,0,0,0,0.002641039553592978,0,0,0,0,0,0.003922513657852022,0,0,0,0,0,0,0,0,0,0,0,0,0.002558310396060092,0,0,0,0,0,0,0,0,0,0,0.007680985894998439,0,0,0,0,0,0,0,0,0.007291250028983268,0,0.007458633120328954,0,0,0,0,0,0,0,0,0,0,0,0,0,0,0,0.006463308558965587,0,0,0.007449633811731561,0,0,0,0,0,0,0,0,0,0,0,0,0,0,0,0,0,0,0,0,0.008088278331732287,0.004845379767234172,0,0.007793178852381745,0,0,0,0,0,0,0,0,0,0,0,0,0,0.003130558019125957,0,0,0,0,0,0,0,0,0,0,0,0,0,0,0,0,0,0,0,0,0,0,0,0,0,0,0,0,0,0,0,0,0,0,0.003576019064235766,0,0,0,0,0,0,0,0,0,0,0,0,0,0,0,0,0,0,0,0,0,0,0,0,0,0,0,0,0,0,0,0,0,0,0,0,0,0,0,0,0,0.008115516892547818,0,0,0,0,0,0,0,0,0,0,0,0,0,0,0,0,0,0,0,0,0,0,0,0,0,0,0,0,0,0,0,0,0,0,0,0,0,0,0,0,0,0,0,0,0,0,0,0,0,0,0,0,0,0,0,0,0,0,0,0,0,0,0,0,0,0,0,0,0,0,0,0,0,0,0,0,0,0,0,0,0,0,0,0,0,0,0,0,0,0,0,0,0,0,0,0,0,0,0,0,0,0,0,0,0,0,0,0,0,0,0,0,0,0,0,0,0,0,0,0,0,0,0,0,0,0,0,0,0,0,0,0,0,0,0,0,0,0,0,0,0,0,0,0,0,0,0,0,0,0,0,0,0,0,0,0,0,0,0,0,0,0,0,0,0,0,0,0,0,0,0,0,0,0,0,0,0,0,0,0,0,0,0,0,0,0,0,0,0,0,0,0,0,0,0,0,0,0,0,0,0,0,0,0,0,0,0,0,0,0,0.002461079296367745,0,0,0,0,0,0,0.00290349950149051,0,0,0,0,0,0,0,0,0,0,0.007246767368433831,0,0,0,0
0,0,0,0.003144904826358484,0,0,0,0,0,0.003437065128119423,0.003457442975024729,0,0,0,0,0.004113796495621831,0,0,0,0,0,0,0.003994429890966416,0,0,0,0,0,0,0,0,0,0,0,0,0,0,0,0,0,0.003022185551360803,0,0,0,0,0,0,0,0,0,0,0,0,0,0,0,0,0,0.003231193606879938,0,0,0,0,0,0,0,0,0,0,0,0,0,0,0,0,0,0,0,0,0,0,0,0,0,0,0,0,0,0,0,0,0.002077728054050119,0,0,0,0,0,0,0,0,0,0.003099434397898668,0.004371622289228718,0,0,0,0,0,0,0.003752973678663227,0,0,0,0,0,0,0,0,0,0.003142102075189096,0.002905041920207467,0,0,0,0,0,0,0,0,0,0,0,0,0,0,0,0,0,0,0,0,0,0,0,0,0,0,0,0,0,0,0,0,0,0,0,0,0,0,0,0,0,0,0,0,0,0,0,0,0,0,0,0,0,0,0.003667922174221115,0,0,0,0,0,0,0,0,0,0,0,0,0,0,0,0,0.002890318042758282,0,0,0,0,0,0,0,0,0,0,0,0,0,0,0,0,0,0,0,0,0,0,0,0.003916685471638554,0,0,0,0,0,0,0,0,0,0,0,0,0,0,0,0,0,0,0,0,0,0,0,0,0,0,0,0,0,0,0,0,0,0,0,0,0,0,0,0,0,0,0,0,0,0,0,0,0,0,0,0,0,0,0,0,0.003083962997573179,0,0,0,0,0,0,0,0,0,0,0,0,0,0,0,0,0,0,0,0,0,0,0,0,0,0,0,0,0,0,0,0,0,0,0,0,0,0,0,0,0,0,0,0,0,0,0,0,0,0,0,0,0,0,0,0,0,0,0,0,0,0,0,0,0,0,0,0,0,0,0,0,0,0.004047723756904774,0,0.003421499820680475,0,0,0,0,0,0,0,0,0,0,0,0,0,0,0,0,0,0,0,0,0.003995500923917223,0,0,0,0,0,0,0,0.00373356182999542,0,0.003335840583839778,0,0,0,0,0,0,0,0,0,0,0,0,0,0,0,0,0,0,0,0,0,0,0,0,0,0.004092180726058282,0,0,0,0,0,0,0,0.002967928699621085
0,0,0,0,0,0,0,0,0,0,0,0.006971575876214163,0,0,0,0,0,0,0,0,0,0,0,0,0.008134205742407384,0,0.008890029920100222,0.01335813293324558,0,0,0.007122953980785173,0,0,0.01633113451977853,0,0,0,0,0,0,0,0,0,0.008434510279189671,0,0,0.009779013786048701,0,0,0,0,0,0,0,0,0,0,0,0,0,0,0.005186889471910709,0.008998047832877129,0,0,0.007554323598588125,0,0,0,0,0,0,0.006813160636947998,0,0.004545849590345913,0,0.002998899020207738,0,0,0,0,0,0,0,0,0,0,0,0,0.004081688798679245,0,0,0,0,0,0,0,0.004778848450920271,0,0.00414413109634759,0,0,0,0,0,0,0,0.004636653451711908,0,0,0,0,0,0,0.005200844855624873,0,0,0,0,0,0,0,0,0,0,0,0,0,0,0,0,0.004901237438415562,0,0,0,0,0,0,0,0.003688592035033944,0,0.003769560265707148,0.00315109624741226,0,0,0,0,0,0,0,0,0,0,0,0,0,0,0,0,0,0,0,0,0,0,0,0,0,0,0,0,0,0,0,0,0,0,0,0,0,0,0,0,0,0,0,0,0,0,0,0,0,0,0,0,0,0,0,0,0,0,0,0,0,0,0,0,0,0,0,0,0,0,0,0,0,0,0,0,0,0,0,0,0,0,0,0.004230566612336666,0,0,0,0,0,0,0,0,0,0,0,0,0,0,0,0,0,0,0,0,0,0,0,0,0,0,0,0,0,0,0,0,0,0,0,0.003812483466018872,0,0,0,0,0,0,0,0,0,0,0,0,0,0,0,0,0,0,0,0,0,0,0,0,0,0,0,0,0,0,0,0,0,0,0,0,0,0,0,0,0,0,0,0,0,0,0,0,0,0,0,0,0,0,0,0,0,0,0,0,0,0,0,0,0,0,0,0,0,0,0,0,0,0,0,0,0,0,0,0,0,0,0,0,0,0,0,0,0,0,0,0,0,0,0,0,0,0,0.003847047779696315,0.004959160687240971,0,0,0,0,0,0,0,0,0,0,0,0,0,0,0,0,0.003243229349793791,0,0,0,0,0,0,0,0,0,0,0,0,0,0,0,0,0,0,0,0,0,0,0,0,0,0,0,0,0,0,0,0,0,0,0
0,0,0.003919388904940055,0,0.003880239851498154,0,0,0,0,0,0,0,0.003522516085930457,0,0,0,0,0,0,0,0,0,0,0,0,0,0,0,0,0,0,0,0,0,0,0,0,0,0,0,0,0,0.003436147362994867,0,0,0,0,0,0,0,0,0,0,0,0,0,0,0,0,0,0,0,0,0,0.004750144903236005,0,0,0.003761338087154256,0,0,0,0,0,0,0,0,0,0,0,0,0,0,0.005093012615014558,0.004702440223771396,0.006968503048525468,0,0,0,0,0,0,0,0,0,0,0,0,0,0,0,0,0,0,0,0,0,0,0,0,0,0,0,0,0,0,0,0,0,0,0,0,0,0.003742281928451776,0.007563123362612377,0,0,0,0,0,0,0,0,0,0,0,0,0,0,0,0,0,0,0,0,0,0,0,0,0,0,0,0,0,0,0,0,0,0,0,0,0,0,0,0,0,0,0,0,0,0.006307375666996093,0.006680261133576864,0,0,0,0,0,0,0,0,0,0,0,0,0,0,0,0,0,0,0,0,0,0,0,0,0,0,0,0,0,0,0,0,0,0,0,0,0,0,0,0,0,0,0.004334070640751322,0,0,0,0.005247597511813664,0,0,0,0,0,0,0,0,0,0,0,0,0,0,0,0,0,0,0,0,0,0,0.004660579246512303,0,0,0,0,0.003696087569834007,0,0,0,0,0,0,0,0,0,0,0,0,0,0,0,0.003917576038285995,0.003886129797362989,0.003768524207707494,0.003979518901105456,0,0,0,0,0,0,0,0,0,0,0,0,0,0,0,0,0,0,0,0,0,0,0,0,0,0,0,0,0,0,0,0,0,0,0,0,0,0,0,0,0,0,0,0,0,0,0,0,0,0,0,0,0,0,0,0,0,0,0,0,0,0,0,0,0,0,0,0,0,0,0,0,0,0,0,0,0,0,0,0,0,0,0,0,0,0,0.0048819141675013,0,0,0,0,0,0,0,0,0,0,0,0,0,0,0,0,0,0,0,0,0,0,0,0,0,0,0,0,0,0,0,0,0,0,0,0,0,0,0,0,0,0,0,0,0,0,0,0,0,0,0,0,0,0,0,0,0,0.00644222861114277,0,0,0.00726638994624778,0,0
0,0,0,0.002546515803106228,0,0,0,0,0,0,0,0,0.003449475479114555,0.006242959714518614,0,0,0,0,0,0,0,0,0,0,0,0,0,0,0,0,0,0,0,0,0,0,0,0,0,0,0,0,0,0,0,0,0,0,0.003305483719478571,0,0,0,0,0,0,0,0,0,0,0,0.005033640376027188,0,0,0,0,0,0,0,0,0,0,0,0,0,0,0,0,0,0,0,0,0,0,0,0,0,0,0,0,0,0,0,0,0,0,0,0,0,0,0,0,0,0,0,0,0,0,0,0,0,0,0,0,0,0,0,0,0.003135630572928065,0,0,0,0,0,0,0,0,0,0,0,0,0,0,0,0,0,0,0,0.00468921071421982,0,0,0,0,0,0,0,0,0,0,0,0,0,0,0,0,0,0,0,0,0,0,0,0,0,0,0,0,0,0.003489735863358855,0,0,0,0,0,0,0,0,0,0,0,0,0,0,0,0,0,0,0,0,0,0,0,0,0,0,0,0,0,0,0,0,0,0,0,0,0,0,0,0,0,0,0,0,0,0,0,0.003168764902792773,0,0,0,0,0,0,0,0,0,0,0,0,0,0,0,0,0,0,0,0,0,0,0,0,0,0,0,0,0,0,0,0,0,0,0,0,0,0,0,0,0,0,0,0,0,0,0,0,0,0,0,0,0,0,0,0,0,0,0,0,0,0,0,0,0,0,0,0,0,0,0,0,0,0,0,0,0,0,0,0,0,0,0,0,0,0,0,0,0,0,0,0,0,0,0,0,0,0,0,0,0,0,0,0,0,0,0,0,0,0,0,0,0,0,0,0,0,0,0,0,0,0,0,0,0,0,0,0,0,0,0,0,0,0,0,0,0,0,0,0,0,0,0,0,0,0,0,0,0,0,0,0,0,0,0,0,0,0,0,0,0,0,0,0,0,0.003909230376578406,0.005807304594317129,0.006685769034851208,0.005740304749481711,0.008058398575468388,0.00747777373785118,0,0,0,0.004684085863139876,0,0,0.003584401019436082,0,0.00366333811323066,0,0.006090193382692847,0,0.003578444877353877,0,0,0,0,0,0,0,0,0,0,0,0,0,0,0
0,0,0,0,0,0,0,0,0,0,0,0,0,0,0.008161507396320173,0,0,0,0,0,0,0,0,0,0,0,0,0,0,0,0,0,0,0,0.00747105834289782,0.0058547208951929,0,0.003890018076733623,0.005088456902469406,0,0,0,0,0,0.00625106566803796,0,0,0,0,0,0,0,0,0,0.006510593173830685,0,0.004046596416179508,0.005142050047856708,0,0,0,0,0,0,0,0,0,0.004471615187095622,0.005159991186336123,0,0,0,0,0,0,0.006822536320806037,0,0,0,0,0,0,0,0,0,0,0,0,0,0,0,0,0,0,0,0,0,0,0,0,0,0,0,0,0,0.004463630496665901,0,0,0,0,0,0,0,0.004766392151901288,0,0,0,0,0,0,0,0,0.003361530867602686,0,0,0,0,0,0,0,0,0,0.003361610590958134,0,0,0,0,0,0,0,0.002539251406181491,0,0,0,0,0,0,0,0,0,0,0,0,0,0,0,0,0,0,0,0,0,0,0,0,0,0,0,0,0,0,0,0,0,0,0,0,0,0,0,0,0,0,0,0,0,0,0,0,0,0,0,0,0,0,0,0,0,0,0,0,0,0,0,0,0,0,0,0,0,0,0,0,0,0,0,0,0,0,0,0,0,0,0,0,0,0,0,0,0,0,0,0,0.006068820983312543,0,0,0,0,0,0,0,0,0,0,0,0,0.006229470031010514,0,0,0,0,0,0,0,0,0,0,0,0,0,0,0,0,0,0,0,0,0,0,0,0,0,0,0,0,0,0,0,0,0,0,0,0,0,0,0,0,0,0,0,0,0,0,0,0,0,0,0,0,0,0,0,0,0,0,0,0,0,0,0,0,0,0,0,0,0,0,0,0,0,0,0,0,0,0,0,0,0,0,0,0,0,0,0,0,0,0,0,0,0,0,0,0,0,0.002535249691117043,0,0,0,0,0,0,0,0,0,0,0,0,0,0,0,0,0,0,0,0,0,0,0,0,0,0,0,0,0,0,0,0,0,0,0,0,0,0,0,0.002608899199339071,0,0,0,0,0,0.003966413497333341,0,0,0,0.003020362595809285,0,0,0,0,0,0.00295096931168758,0,0,0,0,0,0,0,0,0,0,0,0,0,0
0,0.003561724629166088,0.002953195143701679,0,0,0,0,0,0,0,0.005524680844055798,0,0,0,0,0,0,0.003994429890966416,0,0,0,0,0,0,0,0,0,0,0,0,0,0,0,0,0,0,0,0,0,0,0.004455708010182318,0,0,0,0,0,0,0,0,0,0,0,0,0,0,0,0,0,0.004853386072318562,0,0,0,0,0,0,0,0,0,0,0,0,0,0,0,0,0,0,0,0,0,0,0,0,0,0,0,0,0,0,0,0,0,0,0,0,0,0,0,0,0,0,0.004821979029868946,0.006086202541809599,0.00315336628043576,0,0,0.003591983512719282,0,0,0,0,0,0,0,0,0,0,0,0,0.00355834974342204,0.004334740909074888,0,0,0,0,0,0,0.00492008270773811,0.002885900120861051,0,0.002737927561552102,0,0,0,0,0,0,0,0,0,0,0,0,0,0,0,0,0,0,0,0,0,0,0,0,0,0,0,0,0,0,0,0,0,0,0,0,0,0,0,0,0,0,0,0,0.005569827791325332,0,0,0,0.004062176275511068,0,0,0,0,0.00367842660475323,0,0,0,0,0,0,0,0.003395867430146153,0,0,0,0,0,0.002977330202740398,0,0,0,0,0,0,0,0,0,0,0,0,0,0,0,0,0,0,0,0,0,0.003138403907060701,0,0,0,0,0,0,0,0,0,0,0.003809542763737368,0,0,0,0,0,0,0,0,0,0,0,0,0,0,0,0,0,0,0,0,0,0,0,0,0,0,0,0,0,0,0,0,0,0,0,0,0,0,0,0,0,0.004672336098226261,0,0,0,0,0,0,0,0,0,0,0,0,0,0,0,0,0,0,0,0,0,0,0,0,0,0,0,0,0,0,0,0,0,0,0,0,0,0,0,0,0,0,0,0,0,0,0,0,0,0,0,0,0,0,0,0,0,0,0,0,0,0,0,0,0,0,0,0,0,0,0,0,0,0.003617865259613292,0.002889508951550548,0.006134036221921157,0,0,0,0,0,0,0,0,0,0,0,0,0,0,0,0,0,0,0,0,0,0,0,0,0,0,0,0,0.004735953906069514,0,0.005485409859320704,0,0,0,0,0,0,0,0,0,0,0,0,0,0,0,0,0,0,0,0,0,0,0,0,0,0,0,0,0,0,0,0,0,0.00372354560475961
0,0,0,0,0,0,0,0.005571075400468705,0,0,0,0,0,0,0,0,0,0,0,0,0,0,0,0,0,0,0,0,0,0,0,0,0,0,0,0,0,0,0,0,0,0,0,0,0,0,0,0,0,0,0,0,0,0,0,0,0,0,0,0,0,0,0,0,0,0,0,0,0,0,0,0,0,0,0,0,0,0,0,0,0,0,0,0,0,0,0,0,0,0,0,0,0.005689936820077621,0,0.006110123474012416,0.006113146118937037,0,0,0,0,0,0,0,0,0,0,0,0,0,0,0,0,0,0,0,0,0,0,0,0,0,0,0,0,0,0,0,0,0,0,0,0,0,0,0,0,0,0,0,0,0,0,0,0,0,0.004818748173643205,0,0,0,0,0,0.004735016008270085,0.005430671839224771,0,0,0,0,0,0.005062921754078926,0,0,0,0,0,0,0,0,0,0,0,0,0,0,0,0,0,0.004137590664447658,0.005725165042959137,0,0,0,0,0,0,0,0.006951408346344494,0,0,0,0,0,0,0,0,0,0,0,0,0,0,0,0,0,0.004461954310746175,0,0.008772324705749655,0.005855885498570105,0.004977640926167119,0.004741940911738044,0,0,0,0,0,0,0,0,0,0,0,0,0,0,0,0,0,0,0,0,0,0,0,0,0,0,0,0,0,0,0,0,0,0,0,0,0,0,0,0,0,0,0,0,0,0,0,0,0.007068287812673638,0,0.006932722793354585,0,0,0,0,0,0,0,0,0,0,0,0,0,0,0,0,0,0,0,0.004741715004722784,0.004741715004722785,0.004740128896484952,0.004741715004722784,0.004765635143964312,0.004747519457592903,0.005018135879585029,0.004706197227154663,0.00501813587958503,0.004731250643376401,0.004731650332617616,0.004979098698188312,0,0,0,0,0,0,0,0,0,0,0,0,0,0,0,0,0,0,0,0,0,0,0,0,0,0,0,0,0,0,0,0,0,0,0,0,0,0,0,0,0,0,0,0,0,0,0,0,0,0,0,0,0,0,0,0,0,0,0,0,0,0,0,0,0,0,0,0,0,0,0,0,0,0,0,0,0,0,0,0,0,0,0,0,0,0,0,0,0,0,0,0,0,0,0,0,0,0,0,0,0,0,0,0,0,0,0,0,0,0,0,0,0,0,0,0,0,0,0,0,0,0,0,0
0,0,0,0,0.004164263119193657,0,0,0,0.004508761686796624,0,0,0.006670410269366097,0,0.004822277548404974,0,0,0,0,0.008134205742407384,0,0,0,0,0,0,0,0.006846109686367024,0.007319770502090501,0,0,0,0,0,0.007520927299573587,0,0,0,0,0,0,0,0,0,0.007074496234097881,0,0,0.007577651575641821,0,0,0,0,0,0,0,0,0,0,0,0,0,0,0,0.007080230486550791,0,0,0.007035697156866557,0,0,0,0,0,0,0.007045268382074662,0,0,0,0,0,0,0,0,0,0,0,0,0,0,0,0,0,0,0,0,0,0,0,0,0.004365713826446216,0,0.004650445536967167,0,0,0,0,0,0,0,0.004203991546251326,0,0,0,0,0,0,0.004743719179355907,0,0,0,0,0,0,0,0,0,0,0,0,0,0,0,0,0.00470224033089318,0,0,0,0,0,0,0,0,0,0,0,0,0,0,0,0,0,0,0,0,0,0,0,0,0,0,0,0,0,0,0,0,0,0,0,0,0,0,0,0,0,0,0,0,0,0,0,0,0,0,0,0,0,0,0,0,0,0,0,0,0,0,0,0,0,0,0,0,0,0,0,0,0,0,0,0,0,0,0,0,0,0.00471265390779225,0,0,0,0,0,0,0,0,0,0,0,0,0.0044592657198411,0,0,0,0,0,0,0,0,0,0,0,0,0,0.004575516233672468,0,0,0,0,0,0,0,0,0,0,0,0,0.004638039732811624,0.004633283396165196,0.004633057458635872,0,0,0,0,0.004545514209850235,0.004772931350731266,0.008393802735787574,0.004662253315458878,0.004892815545363655,0,0,0,0,0,0,0,0,0,0,0,0,0,0,0,0,0,0,0,0,0,0,0,0,0,0,0,0,0,0,0,0,0,0,0,0,0,0,0,0,0,0,0,0,0,0,0,0,0,0,0,0,0,0,0,0,0,0,0,0,0,0,0,0,0,0,0,0,0,0,0,0,0,0,0,0,0,0,0,0,0,0,0,0,0,0,0,0,0,0,0,0,0,0,0,0,0,0.004842611423407145,0,0,0,0,0,0,0,0,0,0,0,0,0,0,0,0,0,0,0,0,0,0,0,0,0,0,0,0,0,0,0,0,0,0,0,0,0,0,0,0,0,0,0,0,0,0,0,0,0,0,0,0
0,0,0,0.006080121767342114,0.005061530198950025,0,0.00306962126646944,0,0,0,0,0,0.002327095306567728,0,0,0,0.002558310396060092,0,0,0,0,0,0,0,0,0,0,0,0,0,0,0,0,0,0,0,0,0,0,0,0,0,0,0,0,0,0,0,0,0,0,0,0,0,0,0,0,0,0,0,0,0,0,0,0,0,0,0,0,0,0,0,0,0,0,0,0,0,0,0,0,0,0,0,0,0,0,0,0,0,0,0,0,0,0,0,0,0,0,0,0,0,0,0,0,0,0,0,0,0,0,0,0,0.00259200038890206,0,0,0,0,0,0,0,0,0,0,0,0,0,0,0,0,0,0,0,0,0,0,0,0,0,0.003259559048108435,0.002985503383767176,0,0.00355352020550631,0,0,0,0,0,0,0,0,0,0,0,0,0,0,0,0,0,0,0,0,0,0,0,0,0,0,0,0,0,0,0,0,0,0,0,0,0,0,0,0,0,0,0,0,0,0,0,0,0,0,0,0,0,0,0,0,0,0,0,0,0,0,0,0,0,0,0,0,0,0,0,0,0,0,0,0,0,0,0,0,0,0,0,0,0,0,0,0,0,0,0,0,0,0,0,0,0,0,0,0,0,0,0,0,0,0,0,0,0,0,0,0,0,0,0,0,0,0,0,0.005507086164847401,0,0,0,0,0,0,0,0,0,0,0,0,0,0,0,0,0,0,0,0,0,0,0,0,0,0,0,0,0,0,0,0,0,0,0,0,0,0,0,0,0,0,0,0,0,0,0,0,0,0,0,0,0,0,0,0,0,0,0,0,0,0,0,0,0,0,0,0,0,0,0,0,0,0,0,0,0,0,0,0,0,0,0,0,0,0,0,0,0,0,0,0,0,0,0,0,0,0,0.004966267973551226,0,0,0,0,0,0,0,0,0,0,0,0,0,0,0,0,0,0,0,0,0.00294790397922693,0.002760970385159999,0.002775552743380113,0.00265400390224797,0,0,0,0,0.002810293520449197,0,0.00542161159878273,0,0,0,0,0.004431048111032485,0,0,0,0,0,0,0,0,0,0,0,0,0,0,0,0,0.003918606154225981
0,0,0,0,0,0,0,0,0,0,0,0.006582307086374408,0,0,0,0,0,0,0.008890029920100222,0,0,0,0,0,0.006846109686367024,0,0,0.007873396362390487,0,0,0.004354298392525659,0,0,0.009731569962603021,0,0,0,0,0,0,0,0,0,0.007441591507544188,0,0,0.007425663625698991,0,0,0,0,0,0,0,0,0,0,0,0,0,0,0,0.007659288823124799,0,0,0.007342387142933275,0,0,0,0,0,0,0.006911981541319326,0.003181202609578319,0.003851340149253081,0,0,0,0,0,0,0.003884231127050087,0,0,0,0,0,0,0,0.00430648206617708,0,0,0,0,0,0,0,0.004043301843644403,0,0.005174622617311386,0,0,0,0,0,0,0,0.005335370982003096,0,0,0,0,0,0,0.004449860561726258,0,0,0,0,0,0,0,0,0,0,0,0,0,0,0,0,0.004612206645979297,0,0,0,0,0,0,0,0.003914075387705705,0,0.004660237894689098,0.003430880380789454,0,0,0,0,0,0,0,0,0,0,0,0,0,0,0,0,0,0,0,0,0,0,0,0,0,0,0,0,0,0,0,0,0,0,0,0,0,0,0,0,0,0,0,0,0,0,0,0,0,0,0,0,0,0,0,0,0,0,0,0.003067341336556476,0,0,0,0,0,0,0,0,0,0,0,0,0,0,0,0,0,0,0,0,0,0,0,0.005053364158006345,0.003784890038203673,0,0,0,0,0,0,0,0,0,0,0,0,0,0,0,0,0,0,0,0,0,0,0,0,0,0,0,0,0,0,0,0,0,0,0.004006509312223899,0,0,0,0,0,0,0,0,0,0,0,0,0,0,0,0,0,0,0,0,0,0,0,0,0,0,0,0,0,0,0,0,0,0,0,0,0,0,0,0,0,0,0,0,0,0,0,0,0,0,0,0,0,0,0,0,0,0,0,0,0,0,0,0,0,0,0,0,0,0,0,0,0,0,0,0,0,0,0,0,0,0,0,0,0,0,0,0,0,0,0,0,0,0,0,0,0,0,0.003526321400841006,0.004586809922887637,0,0,0,0,0,0,0,0,0,0,0,0,0,0,0,0,0.003288368080035341,0,0,0,0,0,0,0,0,0,0,0,0,0,0,0,0,0,0,0,0,0,0,0,0,0,0,0,0,0,0,0,0,0,0,0
0,0,0,0,0,0,0,0,0,0,0,0.006893590960725074,0,0,0,0,0,0,0.01335813293324558,0,0,0,0,0,0.007319770502090501,0,0.007873396362390487,0,0,0,0.009381149894748614,0,0,0.01619679857484684,0,0,0,0,0,0,0,0,0,0.007724244959886176,0,0,0.008747734488007308,0,0,0,0,0,0,0,0,0,0,0,0,0,0,0.007077486519478926,0.007788941454482162,0,0,0.007451850853983781,0,0,0,0,0,0,0.006585409903585622,0,0.005357925773987837,0,0,0,0,0,0,0,0,0,0,0,0,0,0,0.003940099140570547,0,0,0,0,0,0,0,0.006332255246577831,0,0.003689778294058526,0,0,0,0,0,0,0,0.005924545567452614,0.003580729055110397,0,0,0,0,0,0.00583680278409764,0,0,0,0,0,0,0,0,0,0,0,0,0,0,0,0,0.005908379711477511,0,0,0,0,0,0,0,0.00322158450319202,0,0.004043377393231602,0,0,0,0,0,0,0,0,0,0,0,0,0,0,0,0,0,0,0,0,0,0,0,0,0,0,0,0,0,0,0,0,0,0,0,0,0,0,0,0,0,0,0,0,0,0,0,0,0,0,0,0,0,0,0,0,0,0,0,0,0.003308186731334224,0,0,0,0,0,0,0,0,0,0,0,0,0,0,0,0,0,0,0,0,0,0,0,0.005705484734253497,0.005068565990428528,0,0,0,0,0,0,0,0,0,0,0,0,0,0,0,0,0,0,0,0,0,0,0,0,0,0,0,0,0,0,0,0,0,0,0.004401069793801437,0,0,0,0,0,0,0,0,0,0,0,0,0,0,0,0,0,0,0,0,0,0,0,0,0,0,0,0,0,0,0,0,0,0,0,0,0,0,0,0,0,0,0,0,0,0,0,0,0,0,0,0,0,0,0,0,0,0,0,0,0,0,0,0,0,0,0,0,0,0,0,0,0,0,0,0,0,0,0,0,0,0,0,0,0,0,0,0,0,0,0,0,0,0,0,0,0,0,0.003845514318481926,0.004968605093125572,0,0,0,0,0,0,0,0,0,0,0,0,0,0,0,0,0.003932099569571868,0,0,0,0,0,0,0,0,0,0.00357278481618796,0,0,0,0,0,0,0,0,0,0,0,0,0,0,0,0,0,0,0,0,0,0,0,0,0
0,0,0,0,0,0,0,0,0,0,0,0,0,0,0,0,0,0,0,0,0,0,0,0,0,0,0,0,0,0,0,0,0,0,0,0,0,0,0,0,0,0,0,0,0,0,0,0,0,0,0,0,0,0,0,0,0,0,0,0,0,0,0,0,0,0,0,0,0,0,0,0,0,0,0,0,0,0,0,0,0,0,0,0,0,0,0.003952093523792048,0,0.004531389018005191,0,0,0,0,0,0,0,0,0,0,0,0,0,0,0,0.003838499980445453,0,0,0,0,0,0,0,0,0,0,0,0,0,0,0,0,0,0,0,0,0.004467708588029691,0,0,0,0,0,0,0,0,0,0.004514666588525234,0.004580311531036237,0,0,0,0,0,0,0,0,0,0,0.004988582296376175,0,0,0,0,0,0,0,0,0,0,0,0,0,0,0,0,0,0,0,0,0,0,0,0,0,0,0.004241740919542626,0,0,0,0,0,0,0,0,0,0,0,0,0,0,0,0,0.004750237213948546,0,0,0,0.004478725763960267,0,0,0,0.004605689630902248,0,0,0,0,0,0,0,0,0,0.004476508817982609,0.004605753059923112,0.004520968081374838,0.004609881187823544,0.004556465209669163,0,0,0.004453711551878063,0,0,0,0,0,0,0.005723253819480942,0,0,0,0,0.004958851963179865,0,0,0,0,0,0,0.004379739225765668,0,0,0,0,0,0,0,0,0,0,0,0,0,0,0,0,0,0.004597877513097804,0.004630758682761658,0.004625316740549822,0,0,0,0,0,0,0,0,0,0,0,0,0,0,0,0,0,0,0,0,0,0,0,0,0,0,0,0,0,0,0,0,0,0,0,0,0,0,0,0,0,0,0,0,0,0,0,0,0,0,0,0,0,0,0,0,0,0,0,0,0,0,0,0,0,0,0,0,0,0,0,0,0,0,0,0,0,0,0,0,0,0,0.004422249966065763,0,0.004422910430703045,0.004417620186184476,0,0,0,0,0,0,0,0,0,0,0,0,0,0,0.004584306625234444,0,0,0,0,0,0,0,0,0,0,0,0,0,0,0,0,0,0,0.004479630164785923,0,0,0,0,0,0,0,0,0,0,0,0,0,0,0,0,0,0,0,0,0,0,0,0,0,0,0,0,0,0,0,0,0,0,0.003669044684912526,0,0,0,0
0,0,0,0,0,0,0,0,0,0,0,0,0,0,0,0,0,0,0,0,0,0,0,0,0,0,0,0,0,0,0,0,0,0,0,0,0,0,0,0,0,0,0,0,0,0,0,0,0,0,0,0,0,0,0,0,0,0,0,0,0,0,0,0,0,0,0,0,0,0,0,0,0,0,0,0,0,0,0,0,0,0,0,0.001288794741093389,0,0,0,0,0,0,0,0,0,0,0,0,0,0,0,0,0,0,0,0,0,0,0,0,0,0,0,0,0,0,0,0,0,0,0,0,0,0,0,0,0,0,0,0,0,0,0,0,0,0,0,0,0,0,0,0,0,0,0,0,0,0,0,0,0,0,0,0,0,0,0,0,0,0,0,0,0,0,0,0,0,0,0,0,0,0,0,0,0,0,0,0,0,0,0,0,0,0,0,0,0,0,0,0,0,0,0,0,0,0,0,0,0,0,0,0,0,0,0,0,0,0,0,0,0,0,0,0,0,0,0,0,0,0,0,0,0,0,0,0,0,0,0,0,0,0,0,0,0,0,0,0,0,0,0,0,0,0,0,0,0,0,0,0,0,0,0,0,0,0,0,0,0,0,0,0,0,0,0,0,0,0,0,0,0,0,0,0,0,0,0,0,0,0,0,0,0,0,0,0,0,0,0,0,0,0,0,0,0,0,0,0,0,0,0,0,0,0,0,0,0,0,0,0,0,0,0,0,0,0,0,0,0,0,0,0,0,0,0,0,0,0,0,0,0,0,0,0,0,0,0,0,0,0,0,0,0,0,0,0,0,0,0,0,0,0,0,0,0,0,0,0,0,0,0,0,0,0,0,0,0,0,0,0,0,0,0,0,0,0,0,0,0,0,0,0,0,0,0,0,0,0,0,0,0,0,0,0,0,0,0,0,0,0,0,0,0,0,0,0,0,0,0,0,0,0,0,0,0,0,0
0,0,0,0,0,0,0,0,0,0,0,0.003965315158787322,0,0,0,0,0,0,0.007122953980785173,0,0,0,0,0,0,0,0.004354298392525659,0.009381149894748614,0,0,0,0,0,0.01019700913552462,0,0,0,0,0,0,0,0,0,0.004020471631130437,0,0,0.005021992900555647,0,0,0,0,0,0,0,0,0,0,0,0,0,0,0.005052363419162847,0.004747203730944153,0,0,0.004009717991109843,0,0,0,0,0,0,0.003638582327619184,0,0.003974573407955867,0,0,0,0,0,0,0,0,0,0,0,0,0,0,0,0,0,0,0,0,0,0,0.005481641957055906,0,0,0,0,0,0,0,0,0,0.005770584397197565,0.003868801116631182,0,0,0,0,0,0.005371547329509632,0,0,0,0,0,0,0,0,0,0,0,0,0,0,0,0,0.005069179773561705,0,0,0,0,0,0,0,0,0,0.00460137432147462,0,0,0,0,0,0,0,0,0,0,0,0,0,0,0,0,0,0,0,0,0,0,0,0,0,0,0,0,0,0,0,0,0,0,0,0,0,0,0,0,0,0,0,0,0,0.003350956915499146,0,0,0,0,0,0,0,0,0,0,0,0,0,0,0.003376694963962046,0,0.003122263879657472,0,0,0,0,0,0,0,0,0,0,0,0,0,0,0,0,0,0,0,0,0,0.005230856430183901,0.005529065217873962,0,0,0,0,0,0,0,0,0,0,0,0,0,0,0,0,0,0,0,0,0.00334050441438616,0,0,0,0,0,0,0,0,0,0,0,0,0,0,0,0,0,0,0,0,0,0,0,0,0,0,0,0,0,0,0,0,0,0,0,0,0,0,0,0,0,0,0,0,0,0,0,0,0,0,0,0,0,0,0,0,0,0,0,0,0,0,0,0,0,0,0,0,0,0,0,0,0,0,0,0,0,0,0,0,0,0,0,0,0,0,0,0,0,0,0,0,0,0,0,0,0,0,0,0,0,0,0,0,0,0,0,0,0,0,0,0,0,0,0,0,0,0,0,0,0,0,0,0,0,0,0,0,0,0,0.004389783367951071,0,0,0,0,0,0,0,0.003203016610626196,0,0.003158355020518674,0,0,0,0,0.00350732667942821,0,0,0,0,0,0,0,0,0,0,0,0,0,0,0,0,0,0,0,0
0,0,0,0,0,0,0,0,0,0,0,0,0,0,0,0,0,0,0,0,0,0,0,0,0,0,0,0,0,0,0,0,0.005812596076333911,0,0,0.003042381871965346,0,0.00490807808542044,0.003162589856083939,0,0,0,0,0,0,0,0,0,0,0,0,0,0,0,0.003086540730625555,0.003600704798539876,0.005442108752448153,0.00406662506717884,0,0,0,0,0,0,0,0,0,0,0,0,0,0,0,0,0,0,0,0,0,0,0,0,0,0.004482422289151815,0,0,0,0,0,0,0,0,0,0,0,0,0,0,0,0,0,0,0,0,0,0.005180006569446931,0,0,0,0,0,0,0,0,0,0.005869834806466563,0.004583583167246562,0,0,0,0,0.00403041627283034,0,0,0,0,0,0,0,0,0,0,0,0,0,0,0,0,0,0,0,0,0,0,0,0,0,0,0,0,0,0,0,0,0,0,0,0,0,0,0,0,0,0,0,0,0,0,0,0.002950069503473749,0,0,0,0,0,0,0,0,0,0,0,0,0.003632582518192557,0,0,0,0,0,0,0,0,0,0,0,0,0,0,0,0,0,0,0,0,0,0,0,0,0,0,0,0,0,0,0,0,0,0,0,0,0,0,0,0,0,0,0,0,0,0,0,0,0,0,0.00345381779301083,0,0,0,0,0,0,0,0,0,0,0,0,0,0,0,0,0,0,0.003651711766538801,0,0,0,0.003662828268579253,0,0,0,0,0,0,0,0,0,0,0,0,0,0,0,0,0,0,0,0,0,0,0,0,0,0,0,0,0,0,0,0,0,0,0,0,0,0,0,0,0,0,0,0,0,0,0,0,0,0,0,0,0,0,0,0,0,0,0,0,0,0,0,0,0,0,0,0,0,0,0,0,0,0,0,0,0,0,0,0,0,0,0,0,0,0,0,0,0,0,0,0,0,0,0,0,0,0,0,0,0,0,0,0,0,0,0,0,0,0,0,0,0,0,0.005666698774489907,0,0,0,0,0,0,0,0,0,0,0,0,0,0,0,0,0,0,0,0,0,0,0,0,0,0,0,0,0,0,0,0,0,0,0,0,0,0,0,0,0,0,0
0,0,0,0,0,0,0,0,0,0,0,0,0,0.005018948025373714,0,0,0,0,0,0,0,0,0,0,0,0,0,0,0,0,0,0.005812596076333911,0,0,0,0.003098471072071788,0,0.005373882594397281,0.003314459372845493,0,0,0,0,0,0,0,0,0,0,0,0,0,0,0.003589964482715649,0.003217746233149248,0.004130063780801886,0.005703634669318324,0.004024372652434977,0,0,0,0,0,0,0.00373909224665092,0,0,0.003068025604076659,0,0,0,0,0,0,0,0,0,0,0,0,0,0,0,0.00463891154901128,0,0,0,0,0,0,0,0,0,0,0,0,0,0,0,0,0,0,0,0,0,0.005313249883478413,0,0,0,0,0,0,0,0,0,0.005826636500696875,0.004821412335613039,0.00309091453240038,0,0,0,0.003505646924967049,0,0,0,0,0,0,0,0,0,0,0,0,0,0,0,0,0,0,0,0,0,0,0,0,0,0,0,0,0,0,0,0,0,0,0,0,0,0,0,0,0,0,0,0,0,0,0,0.003252260214175724,0,0,0,0,0,0,0,0,0,0,0,0,0.003107764434809834,0,0,0,0,0,0,0,0,0,0,0,0,0,0,0,0,0,0,0,0,0,0,0,0,0,0,0,0,0,0,0,0,0,0,0,0,0,0,0,0,0,0,0,0,0,0,0,0,0,0,0.003398523157184414,0,0,0,0,0,0,0,0,0,0,0,0,0,0,0,0,0,0,0.004202123040808027,0,0,0,0.003774955363807916,0,0,0,0,0,0,0,0,0,0,0,0,0,0,0,0,0,0,0,0,0,0,0,0,0,0,0,0,0,0,0,0,0,0,0,0,0,0,0,0,0,0,0,0,0,0,0,0,0,0,0,0,0,0,0,0,0,0,0,0,0,0,0,0,0,0,0,0,0,0,0,0,0,0,0,0,0,0,0,0,0,0,0,0,0,0,0,0,0,0,0,0,0,0,0.003059949098319136,0,0,0,0,0,0,0,0,0,0,0,0,0,0,0,0,0,0,0,0.005805047143111801,0,0,0,0,0,0,0,0,0,0,0,0,0,0,0,0,0,0,0,0,0,0,0,0,0,0,0,0,0,0,0,0,0,0,0.00300962993207485,0,0,0,0,0,0,0,0
0,0,0,0,0,0,0,0,0,0,0,0.005437852161192216,0,0,0,0,0,0,0.01633113451977853,0,0,0,0,0,0.007520927299573587,0,0.009731569962603021,0.01619679857484684,0,0,0.01019700913552462,0,0,0,0,0,0,0,0,0,0,0.004021694702074167,0,0.008736570132281648,0,0,0.009328964040621128,0,0,0,0,0,0,0,0,0,0,0,0,0,0,0.008172274947276299,0.008977825347091654,0,0,0.006619850532647725,0,0,0,0,0,0,0.005840922040987323,0,0.005000056755035511,0,0.003998901571082122,0,0,0,0,0,0,0,0,0,0,0,0,0.003666606750302614,0,0,0,0,0,0,0,0.004291305261966978,0,0.003501286901537786,0,0,0,0,0,0,0,0.007061410130854754,0,0,0,0,0,0,0.003908840209467464,0,0,0,0,0,0,0,0,0,0,0,0,0,0,0,0,0.004331824398603657,0,0,0,0,0,0,0,0.003214684408346649,0,0.003956252475343125,0,0,0,0,0,0,0,0,0,0,0,0,0,0,0,0,0,0,0,0,0,0,0,0,0,0,0,0,0,0,0,0,0,0,0,0,0,0,0,0,0,0,0,0,0,0,0,0,0,0,0,0,0,0,0,0,0,0,0,0,0,0,0,0,0,0,0,0,0,0,0,0,0,0,0,0,0,0,0,0,0,0,0,0,0.005890706046516472,0.004484951622298924,0,0,0,0,0,0,0,0,0,0,0,0,0,0,0,0,0,0,0,0,0,0,0,0,0,0,0,0,0,0,0,0,0,0,0,0,0,0,0,0,0,0,0,0,0,0,0,0,0,0,0,0,0,0,0,0,0,0,0,0,0,0,0,0,0,0,0,0,0,0,0,0,0,0,0,0,0,0,0,0,0,0,0,0,0,0,0,0,0,0,0,0,0,0,0,0,0,0,0,0,0,0,0,0,0,0,0,0,0,0,0,0,0,0,0,0,0,0,0,0,0,0,0,0,0,0,0,0,0,0,0,0,0,0,0.004477168498009788,0,0,0,0,0,0,0,0,0,0,0,0,0,0,0,0,0,0,0,0,0,0,0,0,0,0,0,0,0,0,0,0,0,0,0,0,0,0,0,0,0,0,0,0,0,0,0,0,0,0,0,0
0,0,0,0,0,0,0,0,0,0,0,0,0,0,0,0,0,0,0,0,0,0.00747105834289782,0,0,0,0,0,0,0,0,0,0,0,0,0,0.005291100990181221,0,0.003604563599272799,0,0,0,0,0.004204626573563713,0,0.007866430227437205,0,0,0,0,0,0,0,0,0,0.005012828636596954,0,0,0.004146388574843316,0,0,0,0,0,0,0,0,0,0.00414112668249558,0.003986484777762578,0,0,0,0,0,0,0.005911528377793272,0,0,0,0,0,0,0,0,0,0,0,0,0,0.002995092909480734,0,0,0,0,0,0,0,0,0,0,0,0,0,0,0,0,0,0,0,0,0,0,0,0.006922599845906518,0,0,0,0,0,0,0,0,0,0,0,0,0,0,0,0,0,0,0.004337108926129353,0,0,0,0,0,0,0,0,0,0,0,0,0,0,0,0,0,0,0,0,0,0,0,0,0,0,0,0,0,0,0,0,0,0,0,0,0,0.003102932389669952,0,0,0,0,0,0,0,0,0,0,0,0,0,0,0,0,0,0,0,0,0,0,0,0,0,0,0,0,0,0,0,0.003205135165054315,0,0,0,0,0,0,0,0,0,0,0,0,0,0,0,0,0,0,0,0,0,0,0,0,0,0,0,0,0,0,0.004448568435302807,0,0,0,0,0,0,0,0,0,0,0,0,0.005152658366255606,0,0,0,0,0,0,0,0,0,0,0,0,0,0,0,0,0,0,0,0,0,0,0,0,0,0,0,0,0,0,0,0,0,0,0,0,0,0,0,0,0,0,0,0,0,0,0,0,0,0,0,0,0,0,0,0,0,0,0,0,0,0,0,0,0,0,0,0,0,0,0,0,0,0,0,0,0,0,0,0,0,0,0,0,0,0,0,0,0,0,0,0,0,0,0,0,0,0,0,0,0,0,0,0,0,0,0,0,0,0,0,0,0,0,0,0,0,0,0,0,0,0,0,0,0,0,0.001279331381343479,0,0,0,0,0,0,0,0,0.005399881141383399,0.003754613424976217,0.004302751432412462,0,0,0.002938059602890086,0,0,0.005577449830531754,0.00306140949744878,0,0,0.003275617573187383,0,0.002748794745671598,0,0,0,0,0,0,0,0,0,0,0,0,0.002743572715274842,0,0,0,0,0
0,0,0,0,0,0,0,0,0,0,0,0,0.003077434137256811,0,0.006536473566633858,0,0,0,0,0,0,0.0058547208951929,0,0,0,0,0,0,0,0,0,0.003042381871965346,0.003098471072071788,0,0.005291100990181221,0,0,0.004367125451533624,0.005404867856000126,0,0,0,0.003974515035580362,0,0.005811887326824187,0,0,0,0,0,0,0,0,0,0.006432739293274443,0,0.004464799308862343,0.006303490107277468,0,0,0,0,0,0,0,0,0,0.005930987392917225,0.005712999141972781,0,0,0,0,0,0,0.006131276687563489,0,0,0,0,0,0,0,0.003314499055103714,0,0,0,0,0,0,0,0,0,0,0,0,0,0,0,0,0,0,0,0,0,0.004656683079037286,0,0,0,0,0,0,0,0.00416399678753092,0,0,0,0,0,0,0,0,0.00421909954982479,0,0,0,0,0,0,0,0,0,0,0,0,0,0,0,0,0,0,0,0,0,0,0,0,0,0,0,0,0,0,0,0,0,0,0,0,0,0,0,0,0,0,0,0,0,0,0.003471510417197881,0.003449816254306091,0,0,0,0,0,0,0,0,0,0,0,0,0,0,0,0,0,0,0,0,0,0,0,0,0,0,0,0,0,0,0,0,0,0,0,0,0,0,0,0,0,0,0,0,0,0,0,0,0,0,0,0,0,0,0,0,0,0,0,0,0,0,0.005753035317090785,0,0,0,0,0,0,0,0,0,0,0,0,0.004599432094230367,0,0,0,0,0,0,0,0,0,0,0,0,0,0,0,0,0,0,0,0,0,0,0,0,0,0,0,0,0,0,0,0,0,0,0,0,0,0,0,0,0,0,0,0,0,0,0,0,0,0,0,0,0,0,0,0,0,0,0,0,0,0,0,0,0,0,0,0,0,0,0,0,0,0,0,0,0,0,0,0,0,0,0,0,0,0,0,0,0,0,0,0,0,0,0,0,0,0,0,0,0,0,0,0,0,0,0,0,0,0,0,0,0,0,0,0,0,0,0,0,0,0,0,0,0.003407269649134515,0,0,0,0,0,0,0,0,0,0,0,0,0,0,0,0,0,0,0.003073326653221817,0,0,0,0,0,0,0,0,0,0,0,0,0,0,0,0,0,0,0,0,0,0,0,0
0,0,0,0,0,0,0,0,0,0,0,0,0,0,0,0,0.007680985894998439,0,0,0,0,0,0,0,0,0,0,0,0,0,0,0,0,0,0,0,0,0,0,0,0,0,0,0,0,0.00699688618787195,0,0.007296983236915095,0,0,0,0,0,0,0,0,0,0,0,0,0,0,0,0.00509413159977687,0,0,0.005887634181740179,0,0,0,0,0,0,0,0,0,0,0,0,0,0,0,0,0,0,0,0.004237565576211817,0.007493992224071577,0.006003921947540212,0,0.00722436443926781,0,0,0,0,0,0,0,0,0,0,0,0,0,0.004954432974281695,0,0,0,0,0,0,0,0.004210344391485847,0,0,0,0,0,0,0,0,0,0,0,0,0,0,0,0,0,0,0,0,0,0,0,0.004140888876344738,0,0,0,0,0,0,0,0,0,0,0.004737979308896939,0,0,0,0,0,0,0,0,0,0,0,0,0,0,0,0,0,0,0,0,0,0,0,0,0,0,0.003332832567195173,0,0,0,0,0,0,0.006083963542922774,0,0,0,0,0,0,0,0,0,0,0,0,0,0,0,0,0,0,0,0,0,0,0,0,0,0,0,0,0,0,0,0,0,0,0,0,0,0,0,0,0,0,0,0,0,0,0,0,0,0,0,0,0,0,0,0,0,0,0,0,0,0,0,0,0,0,0,0,0,0,0,0,0,0,0,0,0,0,0,0,0,0,0,0,0,0,0,0,0,0,0,0,0,0,0,0,0,0,0,0,0,0,0,0,0,0,0,0,0,0,0,0,0,0,0,0,0,0,0,0,0,0,0,0,0,0,0,0,0,0,0,0,0,0,0,0,0,0,0,0,0,0,0,0,0,0,0,0,0,0,0,0,0,0,0,0,0,0,0,0,0,0,0,0,0,0,0,0,0,0,0,0,0,0,0,0,0,0,0,0,0,0,0,0,0,0,0,0,0,0,0,0,0,0,0,0,0,0,0,0,0,0,0,0,0,0,0,0,0,0,0,0,0,0,0,0,0,0,0,0,0,0,0,0,0,0,0,0,0.006760973207521987,0,0,0,0
0,0,0,0,0,0,0,0,0,0,0,0,0,0,0.003796242237567266,0,0,0,0,0,0,0.003890018076733623,0,0,0,0,0,0,0,0,0,0.00490807808542044,0.005373882594397281,0,0.003604563599272799,0.004367125451533624,0,0,0.00550176981967496,0,0,0,0,0,0.00408213486179675,0,0,0,0,0,0,0,0,0.003656929754929929,0.004795286105843385,0.004092346280419363,0.005868633435225628,0.005209725178314979,0,0,0,0,0,0,0,0,0,0.004174629481954895,0.004169629129388738,0,0,0,0,0,0,0.003657302188284796,0,0,0,0,0,0,0,0.00437252817790622,0,0,0,0,0,0,0,0,0,0,0,0,0,0,0,0,0,0,0,0,0,0.005418519355484956,0,0,0,0,0,0,0,0,0,0.004241404025244206,0.00392342828948699,0,0,0,0,0.003184708702838347,0,0,0,0,0,0,0,0,0,0,0,0,0,0,0,0,0,0,0,0,0,0,0,0,0,0,0,0,0,0,0,0,0,0,0,0,0,0,0,0,0,0,0,0,0,0,0,0,0,0,0,0,0,0,0,0,0,0,0,0,0,0,0,0,0,0,0,0,0,0,0,0,0,0,0,0,0,0,0,0,0,0,0,0,0,0,0,0,0,0,0,0,0,0,0,0,0,0,0,0,0,0,0,0,0,0,0,0,0,0,0,0.004274594831771124,0,0,0,0,0,0,0,0,0,0,0,0,0,0,0,0,0,0,0.003722077079157356,0,0,0,0.00390566755226283,0,0,0,0,0,0,0,0,0,0,0,0,0,0,0,0,0,0,0,0,0,0,0,0,0,0,0,0,0,0,0,0,0,0,0,0,0,0,0,0,0,0,0,0,0,0,0,0,0,0,0,0,0,0,0,0,0,0,0,0,0,0,0,0,0,0,0,0,0,0,0,0,0,0,0,0,0,0,0,0,0,0,0,0,0,0,0,0,0,0,0,0,0,0,0,0,0,0,0,0,0,0,0,0,0,0,0,0,0,0,0,0,0,0,0.004844572255441551,0,0,0,0,0,0,0,0,0,0,0,0,0,0,0,0,0,0,0,0,0,0,0,0,0,0,0,0,0,0,0,0,0,0,0,0,0,0,0,0,0,0,0
0,0,0,0,0,0,0,0,0,0,0,0,0,0,0.005158972189870193,0,0,0,0,0,0,0.005088456902469406,0,0,0,0,0,0,0,0,0,0.003162589856083939,0.003314459372845493,0,0,0.005404867856000126,0,0.00550176981967496,0,0,0,0,0,0,0.004951204246421462,0,0,0,0.003536928137372103,0,0,0,0,0,0.006207777812326108,0,0.005120224088905448,0.005766734731233889,0,0,0,0,0,0,0,0,0,0.005111498038953252,0.00625758771654427,0,0,0,0,0,0,0.00465856766823579,0,0,0,0,0,0,0,0.003471249738908074,0,0,0,0,0,0,0,0,0,0,0,0,0,0,0,0,0,0,0,0,0,0.004840463738247071,0,0,0,0,0,0,0,0.00310223794727177,0,0,0,0,0,0,0,0,0.004595231574929658,0,0,0,0,0,0,0,0,0,0,0,0,0,0,0,0,0,0,0,0,0,0,0,0,0,0,0,0,0,0,0,0,0,0,0,0,0,0,0,0,0,0,0,0,0.00336700536042568,0,0.003365218675782435,0,0,0,0,0,0,0,0,0,0,0,0,0,0,0,0,0,0,0,0,0,0,0,0,0,0,0,0,0,0,0,0,0,0,0,0,0,0,0,0,0,0,0,0,0,0,0,0,0,0,0,0,0,0,0,0,0,0,0,0,0,0,0,0.004995100075589566,0,0,0,0,0,0,0.003593771437227007,0,0,0,0,0.003678884915414239,0.004391995099635232,0,0,0,0,0,0.00307717205676764,0,0,0,0,0,0,0,0,0,0,0,0,0,0,0,0,0,0,0,0,0,0,0,0,0,0,0,0,0,0,0,0,0,0,0,0,0,0,0,0,0,0,0,0,0,0,0,0,0,0,0,0,0,0,0,0,0,0,0,0,0,0,0,0,0,0,0,0,0,0,0,0,0,0,0,0,0,0,0,0,0,0,0,0,0,0,0,0,0,0,0,0,0,0,0,0,0,0,0,0,0,0,0,0,0,0,0,0,0,0,0,0,0,0,0,0,0,0,0.00324273580188787,0,0,0,0,0,0,0,0,0,0,0,0,0,0,0,0,0,0,0,0,0,0,0,0,0,0,0,0,0.002943100661679202,0,0,0,0,0,0,0,0,0,0,0,0,0,0
0,0,0,0,0,0,0,0,0,0,0,0,0,0,0,0,0,0,0,0,0,0,0,0,0,0,0,0,0,0,0,0,0,0,0,0,0,0,0,0,0,0,0,0,0,0,0,0,0,0,0,0,0,0,0,0,0,0,0,0,0,0,0,0,0,0,0,0,0,0,0,0,0,0,0,0,0,0,0.002230001784733409,0,0,0,0,0,0,0,0,0,0,0,0,0,0,0,0,0,0,0,0,0,0,0,0,0,0,0,0,0,0,0,0,0,0,0,0,0,0,0,0,0,0.002405550356161437,0,0,0,0.004335596434017846,0,0,0,0,0,0,0,0,0,0,0,0,0,0,0,0,0,0,0,0,0,0,0,0,0,0,0,0,0,0,0,0,0,0,0,0.002721094332282953,0,0,0,0,0,0,0,0,0,0,0,0,0,0,0,0,0,0,0,0,0,0,0.00524184094345994,0,0,0,0,0,0,0,0,0,0,0,0,0,0,0,0,0,0,0,0,0,0,0,0,0,0,0,0,0,0,0,0,0,0,0,0,0,0,0,0,0,0,0,0,0,0,0,0,0,0,0,0,0,0,0,0,0,0,0,0,0,0,0,0,0,0,0,0,0,0,0,0,0,0,0,0,0,0.007484319817795128,0,0,0.006980435285093867,0,0.007200685464539725,0,0,0,0,0,0,0,0,0,0,0,0,0,0,0,0,0,0,0,0,0,0,0,0,0,0,0,0,0,0,0,0,0,0,0,0,0,0,0,0,0,0,0,0,0,0,0,0,0,0,0,0,0,0,0,0,0,0,0,0,0,0,0,0,0,0,0,0,0,0,0,0,0,0,0,0,0.002160740640749921,0.002101304259779878,0,0,0,0,0,0,0,0,0.007874722103796982,0,0,0,0,0,0,0,0,0,0,0.007188220176273671,0.007551913441640176,0,0,0.00435892805626938,0.002947524109916381,0,0,0,0,0,0,0,0,0,0,0,0,0,0,0,0,0,0,0,0,0,0,0,0,0,0,0,0,0,0,0,0.007175846312002718,0,0.00664351832117523,0.007475996474852918,0.005696221722433918,0,0.004873304521190286,0.004649291480297824,0,0,0,0,0,0
0,0,0,0,0,0,0,0,0,0,0.003942438572562028,0,0,0,0,0,0,0.003022185551360803,0,0,0,0,0.004455708010182318,0,0,0,0,0,0,0,0,0,0,0,0,0,0,0,0,0,0,0,0,0,0,0,0,0,0,0,0,0,0,0,0,0,0,0,0.005850482000512149,0,0,0,0,0,0,0,0,0,0,0,0,0,0,0,0,0,0,0,0,0,0,0,0,0,0,0,0,0,0,0,0,0,0,0,0,0,0,0,0,0,0,0.005429376688693669,0.004943503706065635,0,0,0,0,0,0,0,0,0,0,0,0,0,0,0,0,0,0.006112184713319724,0,0,0,0.003797605904872165,0,0,0.004196523835097683,0,0,0,0,0,0,0,0,0,0,0,0,0,0,0,0,0,0,0,0,0,0,0,0,0,0,0,0,0,0,0,0,0,0,0.003848509562943133,0.003820793972654994,0,0,0,0,0,0,0,0,0,0,0,0.006053618175552436,0,0,0,0.005552292091290654,0,0,0,0,0,0,0,0,0,0,0,0,0.003782119826351543,0,0,0,0,0,0,0,0,0,0,0,0,0,0,0,0,0,0,0,0,0,0,0,0,0,0,0,0,0,0,0,0,0,0,0,0,0,0,0,0,0,0,0,0,0,0,0,0,0,0,0,0,0,0,0,0,0,0,0,0,0,0,0,0,0,0,0,0,0,0,0,0,0,0,0,0,0,0,0,0,0.005919320010069219,0,0,0,0,0,0,0,0,0,0,0,0,0,0,0,0,0,0,0,0,0,0,0,0,0,0,0,0,0,0,0,0,0,0,0,0,0,0,0,0,0,0,0,0,0,0,0,0,0,0,0,0,0,0,0,0,0,0,0,0,0,0,0,0,0,0,0,0,0,0,0,0,0,0,0,0.004218689728270159,0,0,0,0,0,0,0,0,0,0,0,0,0,0,0,0,0,0,0,0,0,0,0,0,0,0,0,0,0,0,0.003817310415935796,0,0,0,0,0,0,0,0,0,0,0,0,0,0,0,0,0,0,0,0,0,0,0,0,0,0,0,0,0,0,0,0,0,0.003062922786486602
0,0,0,0,0,0.007133187432991964,0.00435964371516693,0,0,0,0,0,0,0,0,0,0,0,0,0,0,0,0,0,0,0,0,0,0,0,0,0,0,0.004021694702074167,0,0,0,0,0,0,0,0,0,0,0,0,0,0,0,0,0,0,0,0,0,0,0,0,0,0,0,0,0,0,0,0,0,0,0,0,0,0,0,0.004007621692813843,0.003898029975136844,0,0.007814998129895202,0.007487402273072206,0,0,0,0.003860483897473744,0,0,0,0,0,0,0,0.00312801853952248,0,0,0,0,0,0,0,0,0,0,0,0,0,0,0,0,0,0,0,0,0,0,0,0,0,0,0,0,0,0,0,0,0,0,0,0,0,0,0,0,0,0,0,0,0,0,0,0,0,0,0,0,0,0,0,0,0,0,0,0,0,0,0,0,0,0,0,0,0,0,0,0,0,0,0,0,0,0,0,0,0,0,0,0,0,0,0.004820668876384673,0,0,0,0,0,0,0,0,0.003135543848092103,0,0.002841688928102323,0,0,0,0,0,0,0,0,0,0,0,0,0,0,0.003205625774497923,0.00496206412545059,0.005027681987386116,0.004231056930954786,0,0,0.004102553042030887,0,0,0,0,0,0,0,0,0,0,0,0,0,0,0,0,0,0,0,0,0,0,0,0,0,0,0,0,0,0,0,0,0,0,0,0,0,0,0,0.002987311662178479,0,0,0,0,0,0,0,0,0.003953687505572914,0,0.00430386290147599,0,0,0,0,0,0,0,0,0,0,0,0,0,0,0,0,0,0,0,0,0,0,0,0,0,0,0,0,0,0,0,0,0,0,0,0,0,0,0,0,0,0,0,0,0,0,0,0,0,0,0,0,0,0,0,0,0,0,0,0,0,0,0,0,0,0,0,0,0,0,0,0,0,0,0,0,0,0,0,0,0,0,0,0,0,0,0,0,0,0,0,0,0,0,0,0,0,0,0,0,0,0,0,0,0,0,0,0,0,0,0,0,0,0,0,0,0,0,0,0,0,0,0,0,0,0,0,0,0,0,0,0,0,0,0,0,0,0,0,0,0,0,0,0,0,0,0,0,0,0,0,0,0,0,0
0,0,0,0,0,0,0,0,0,0,0,0,0,0,0,0,0,0,0,0.003436147362994867,0,0,0,0,0,0,0,0,0,0,0,0,0,0,0.004204626573563713,0.003974515035580362,0,0,0,0,0,0,0,0,0,0,0,0,0,0,0,0,0,0,0.003394363650703304,0,0,0.003898773988396426,0,0,0,0,0,0,0,0,0,0.004415235936333857,0,0.004004649900311125,0,0,0,0,0,0.002815960026021887,0,0,0,0.00446904674460882,0,0,0,0.003310537414597606,0,0,0,0,0,0,0,0,0,0,0,0,0,0,0,0,0,0,0,0,0,0,0,0,0,0,0,0,0,0,0,0,0,0,0,0,0,0,0,0,0,0,0,0,0,0,0,0,0,0,0,0,0,0,0,0,0,0,0,0,0,0,0,0,0,0,0,0,0,0,0,0,0,0,0,0,0,0,0,0,0,0,0.003883652624186265,0,0.003864189445484968,0.003119221981581993,0.00375853793812354,0.004632854936012794,0,0,0,0,0,0,0,0,0,0,0,0,0,0,0,0,0,0,0.002802317171653338,0,0,0,0,0,0,0,0,0,0,0,0,0,0,0,0,0,0,0,0,0,0,0,0,0,0,0,0,0,0,0,0,0,0,0,0,0,0,0,0,0,0,0,0,0,0,0,0,0,0,0,0,0,0,0,0,0,0,0,0,0,0,0,0,0,0,0,0,0,0,0,0,0,0,0,0,0,0,0,0,0,0,0,0,0,0,0,0,0,0,0,0,0,0,0,0,0,0,0,0,0,0,0,0,0,0,0,0,0,0,0,0,0,0,0,0,0,0,0,0,0,0,0,0,0,0,0,0,0,0,0,0,0,0,0,0,0,0,0,0,0,0,0,0,0,0,0,0,0,0,0,0,0,0,0,0,0,0,0,0,0.003065610417247519,0,0,0,0,0,0,0,0,0,0,0,0,0,0,0,0,0,0,0,0,0.004551813900849665,0,0,0,0,0,0,0,0,0,0,0,0,0,0,0,0,0,0,0,0,0,0,0,0,0,0,0,0,0,0,0,0,0,0,0,0,0.003914572517648563,0,0,0,0,0
0,0,0,0,0,0,0,0,0,0,0,0.007020209355998573,0,0,0,0,0,0,0.008434510279189671,0,0,0,0,0,0.007074496234097881,0,0.007441591507544188,0.007724244959886176,0,0,0.004020471631130437,0,0,0.008736570132281648,0,0,0,0,0,0,0,0,0,0,0,0,0.007892070870288323,0,0,0,0,0,0,0,0,0,0,0,0,0,0,0,0.007501296654276916,0,0,0.007534391059977768,0,0,0,0,0,0,0.007411932956756701,0,0.003633224014890628,0,0,0,0,0,0,0.003627111754475779,0,0,0,0,0,0,0,0.004609274508612891,0,0,0,0,0,0,0,0.004716855382351305,0,0.005707985152280491,0,0,0,0,0,0,0,0.004840601786037359,0,0,0,0,0,0,0.004682311165272958,0,0,0,0,0,0,0,0,0,0,0,0,0,0,0,0,0.005167643562717534,0,0,0,0,0,0,0,0.00429027019693254,0,0.00398004637562832,0.003844705059797994,0,0,0,0,0,0,0,0,0,0,0,0,0,0,0,0,0,0,0,0,0,0,0,0,0,0,0,0,0,0,0,0,0,0,0,0,0,0,0,0,0,0,0,0,0,0,0,0,0,0,0,0,0,0,0,0,0,0,0,0,0,0,0,0,0,0,0,0,0,0,0,0,0,0,0,0,0,0,0,0,0,0,0,0.004873920994343629,0.004145382360908516,0,0,0,0,0,0,0,0,0,0,0,0,0,0,0,0,0,0,0,0,0,0,0,0,0,0,0,0,0,0,0,0,0,0,0.003924424930046031,0,0,0,0,0,0,0,0,0,0,0,0,0,0,0,0,0,0,0,0,0,0,0,0,0,0,0,0,0,0,0,0,0,0,0,0,0,0,0,0,0,0,0,0,0,0,0,0,0,0,0,0,0,0,0,0,0,0,0,0,0,0,0,0,0,0,0,0,0,0,0,0,0,0,0,0,0,0,0,0,0,0,0,0,0,0,0,0,0,0,0,0,0,0,0,0,0,0,0.004052448989130772,0.005376772370409842,0,0,0,0,0,0,0,0,0,0,0,0,0,0,0,0,0.003550441769586638,0,0,0,0,0,0,0,0,0,0.003366893350218746,0,0,0,0,0,0,0,0,0,0,0,0,0,0,0,0,0,0,0,0,0,0,0,0,0
0,0,0,0,0,0,0,0,0,0,0,0,0,0,0.006129251376973508,0,0,0,0,0,0,0.00625106566803796,0,0,0,0,0,0,0,0,0,0,0,0,0.007866430227437205,0.005811887326824187,0,0.00408213486179675,0.004951204246421462,0,0,0,0,0,0,0,0,0,0,0,0,0,0,0,0.006077407653129726,0,0.003622277082950648,0.005181637503083626,0,0,0,0,0,0,0,0,0,0.004299913146684119,0.005033664559676737,0,0,0,0,0,0,0.0067749289494093,0,0,0.004146572121988669,0,0,0,0,0,0,0,0,0,0,0,0,0,0,0,0,0,0,0,0,0,0,0,0,0,0,0.00432423408952228,0,0,0,0,0,0,0,0.005547534163121964,0,0,0,0,0,0,0,0,0.003314199531008513,0,0,0,0,0,0.003192601042147614,0,0,0,0.00470450683738194,0,0.003035680977730797,0,0,0,0,0,0.00295309399253918,0,0,0,0,0,0,0,0,0,0,0,0,0,0,0,0,0,0,0,0.003350267592381888,0,0,0,0,0,0,0,0,0,0,0,0,0,0,0,0,0,0,0,0,0,0,0,0,0,0,0,0,0,0,0,0,0,0,0,0,0,0,0,0,0,0,0,0,0,0,0,0,0,0,0,0,0,0,0,0,0,0.003331257795841764,0,0,0,0,0,0,0,0,0,0,0,0,0,0.003876438904186756,0.005965591959969584,0,0,0,0,0,0,0,0,0,0,0,0,0.005182324818984381,0,0,0,0,0,0,0,0,0,0,0,0,0,0,0,0,0,0,0,0,0,0,0,0,0,0,0,0,0,0,0,0,0,0,0,0,0,0,0,0,0,0,0,0,0,0,0,0,0,0,0,0,0,0,0,0,0,0,0,0,0,0,0,0,0,0,0,0,0,0,0,0,0,0,0,0,0,0,0,0,0,0,0,0,0,0,0,0,0,0,0,0,0,0,0,0,0,0.003949573073703456,0,0,0,0,0,0,0,0,0,0,0,0,0,0,0,0,0,0,0,0,0,0,0,0,0,0,0,0,0,0,0,0,0,0,0,0,0,0,0,0.002864129132248491,0,0,0,0,0,0.003759993801951435,0,0,0,0.003249290633065248,0,0,0,0,0,0,0,0,0,0,0,0,0,0,0,0,0,0,0,0
0,0,0,0,0,0,0,0,0,0,0,0,0,0,0,0,0.007291250028983268,0,0,0,0,0,0,0,0,0,0,0,0,0,0,0,0,0,0,0,0.00699688618787195,0,0,0,0,0,0,0,0,0,0,0.006774056612831487,0,0,0,0,0,0,0,0,0,0,0,0,0,0,0,0.004094299024984678,0,0,0.005569640588299231,0,0,0,0,0,0,0,0,0,0,0,0,0,0,0,0,0,0,0,0.004082206822060549,0.00720172177877383,0.005695491144804849,0,0.00704373731447722,0,0,0,0,0,0,0,0,0,0,0,0,0,0.004252761686935955,0,0,0,0,0,0,0,0.003825003049212272,0,0,0,0,0,0,0,0,0,0,0,0,0,0,0,0,0,0,0,0,0,0,0,0.003755216179404139,0,0,0,0,0,0,0,0,0,0,0.004555190313211841,0,0,0,0,0,0,0,0,0,0,0,0,0,0,0,0,0,0,0,0,0,0,0,0,0,0,0,0,0,0,0,0,0,0.005986957457606183,0,0,0,0,0,0,0,0,0,0,0,0,0,0,0,0,0,0,0,0,0,0,0,0,0,0,0,0,0,0,0,0,0,0,0,0,0,0,0,0,0,0,0,0,0,0,0,0,0,0,0,0,0,0,0,0,0,0,0,0,0,0,0,0,0,0,0,0,0,0,0,0,0,0,0,0,0,0,0,0,0,0,0,0,0,0,0,0,0,0,0,0,0,0,0,0,0,0,0,0,0,0,0,0,0,0,0,0,0,0,0,0,0,0,0,0,0,0,0,0,0,0,0,0,0,0,0,0,0,0,0,0,0,0,0,0,0,0,0,0,0,0,0,0,0,0,0,0,0,0,0,0,0,0,0,0,0,0,0,0,0,0,0,0,0,0,0,0,0,0,0,0,0,0,0,0,0,0,0,0,0,0,0,0,0,0,0,0,0,0,0,0,0,0,0,0,0,0,0,0,0,0,0,0,0,0,0,0,0,0,0,0,0,0,0,0,0,0,0,0,0,0,0,0,0,0,0,0,0.006684461922744789,0,0,0,0
0,0,0,0,0,0,0,0,0,0,0,0.007658871772278185,0,0,0,0,0,0,0.009779013786048701,0,0,0,0,0,0.007577651575641821,0,0.007425663625698991,0.008747734488007308,0,0,0.005021992900555647,0,0,0.009328964040621128,0,0,0,0,0,0,0,0,0,0.007892070870288323,0,0,0,0,0,0,0,0,0,0,0,0,0,0,0,0,0,0.003770025925061592,0.007838359528687191,0,0,0.007887653622726691,0,0,0,0,0,0,0.007331084345925718,0,0.004299440728863229,0,0,0,0,0,0,0.003206737592806552,0,0,0,0,0,0,0,0.004090125661054793,0,0,0,0,0,0,0,0.005614259354419287,0,0.004569776644965841,0,0,0,0,0,0,0,0.004423122797667208,0,0,0,0,0,0,0.005491031827238903,0,0,0,0,0,0,0,0,0,0,0,0,0,0,0,0,0.005809504855622631,0,0,0,0,0,0,0,0.003822404203174498,0,0.004114419263360819,0.003527902681066365,0,0,0,0,0,0,0,0,0,0,0,0,0,0,0,0,0,0,0,0,0,0,0,0,0,0,0,0,0,0,0,0,0,0,0,0,0,0,0,0,0,0,0,0,0,0,0,0,0,0,0,0,0,0,0,0,0,0,0,0,0,0,0,0,0,0,0,0,0,0,0,0,0,0,0,0,0,0,0,0,0,0,0,0.004814631510546838,0.004630051974088634,0,0,0,0,0,0,0,0,0,0,0,0,0,0,0,0,0,0,0,0,0,0,0,0,0,0,0,0,0,0,0,0,0,0,0.004294350923860634,0,0,0,0,0,0,0,0,0,0,0,0,0,0,0,0,0,0,0,0,0,0,0,0,0,0,0,0,0,0,0,0,0,0,0,0,0,0,0,0,0,0,0,0,0,0,0,0,0,0,0,0,0,0,0,0,0,0,0,0,0,0,0,0,0,0,0,0,0,0,0,0,0,0,0,0,0,0,0,0,0,0,0,0,0,0,0,0,0,0,0,0,0,0,0,0,0,0,0.003705266012963893,0.00535957316240922,0,0,0,0,0,0,0,0,0,0,0,0,0,0,0,0,0.00412862495438468,0,0,0,0,0,0,0,0,0,0.003606724473716274,0,0,0,0,0,0,0,0,0,0,0,0,0,0,0,0,0,0,0,0,0,0,0,0,0
0,0,0,0,0,0,0,0,0,0,0,0,0,0,0,0,0.007458633120328954,0,0,0,0,0,0,0,0,0,0,0,0,0,0,0,0,0,0,0,0.007296983236915095,0,0,0,0,0,0,0,0,0.006774056612831487,0,0,0,0,0,0,0,0,0,0,0,0,0,0,0,0,0,0.005179961399965407,0,0,0.005748533778414588,0,0,0,0,0,0,0,0,0,0,0,0,0,0,0,0,0,0,0,0.003925643350827383,0.007450479957570966,0.006013567149200948,0,0.007362081634599504,0,0,0,0,0,0,0,0,0,0,0,0,0,0.005028037351979605,0,0,0,0,0,0,0,0.004219356243347316,0,0,0,0,0,0,0,0,0,0,0,0,0,0,0,0,0,0,0,0,0,0,0,0.004140222778057443,0,0,0,0,0,0,0,0,0,0,0.004534242451944189,0,0,0,0,0,0,0,0,0,0,0,0,0,0,0,0,0,0,0,0,0,0,0,0,0,0,0.003407954550639842,0,0,0,0,0,0,0.006101398480945598,0,0,0,0,0,0,0,0,0,0,0,0,0,0.003164047339670537,0,0,0,0,0,0,0,0,0,0,0,0,0,0,0,0,0,0,0,0,0,0,0,0,0,0,0,0,0,0,0,0,0,0,0,0,0,0,0,0,0,0,0,0,0,0,0,0,0,0,0,0,0,0,0,0,0,0,0,0,0,0,0,0,0,0,0,0,0,0,0,0,0,0,0,0,0,0,0,0,0,0,0,0,0,0,0,0,0,0,0,0,0,0,0,0,0,0,0,0,0,0,0,0,0,0,0,0,0,0,0,0,0,0,0,0,0,0,0,0,0,0,0,0,0,0,0,0,0,0,0,0,0,0,0,0,0,0,0,0,0,0,0,0,0,0.003250876956441735,0,0,0,0,0,0,0,0,0,0,0,0,0,0,0,0,0,0,0,0,0,0,0,0,0,0,0,0,0,0,0,0,0,0,0,0,0,0,0,0,0,0,0,0,0,0,0,0,0,0,0,0,0,0,0,0,0,0,0,0,0,0,0,0,0,0,0,0,0.006729000831634331,0,0,0,0
0,0,0,0,0,0,0,0,0,0,0,0,0,0.005670652930115769,0,0,0,0,0,0,0.003305483719478571,0,0,0,0,0,0,0,0,0,0,0,0,0,0,0,0,0,0.003536928137372103,0,0,0,0,0,0,0,0,0,0,0,0,0,0,0,0.003169527540214071,0,0,0,0,0,0,0,0,0,0,0,0,0.003336169651273148,0.003751081715345824,0,0,0,0,0,0,0,0,0,0,0,0,0,0,0,0,0,0,0,0,0,0,0,0,0,0,0,0,0,0,0,0,0,0,0.003669589579093614,0,0,0,0,0,0,0,0,0,0,0,0,0,0.00316386813871927,0,0,0,0.003038917695962427,0.003583387267551185,0,0,0,0,0,0,0,0,0,0,0,0,0,0,0.004878978081526912,0,0,0,0,0,0,0,0,0,0,0,0,0,0,0,0,0,0,0,0,0,0,0,0,0,0,0,0,0,0.005336075722676784,0,0.003395893797563669,0,0,0,0,0,0,0,0,0,0,0,0,0,0,0,0,0,0,0,0,0,0,0,0,0,0,0,0,0,0,0,0,0,0,0,0,0,0,0,0,0,0,0,0,0,0.004863473052745843,0,0.00408395180001588,0,0,0,0,0,0,0,0,0,0,0,0,0,0,0,0,0,0,0,0,0,0.0038393008929586,0.004833614096471888,0.004851705595831425,0,0,0,0.004217770465184898,0,0.003366686045472437,0,0,0,0,0.003241503332448625,0,0,0,0.003230318660345505,0,0,0,0,0,0,0,0,0,0,0,0,0,0,0,0,0,0,0,0,0,0,0,0,0,0,0,0,0,0,0,0,0,0,0,0,0,0,0,0,0,0,0,0,0,0,0,0,0,0,0,0,0,0,0,0,0,0,0,0,0,0,0,0,0,0,0,0,0,0,0,0,0,0,0,0,0,0,0,0,0,0,0,0,0,0,0,0,0,0,0,0,0,0,0.003938880531345708,0,0,0,0,0,0,0,0,0,0,0,0,0,0,0,0,0,0,0,0,0,0,0,0,0,0,0,0,0,0.003417890378800995,0,0,0,0,0.003779395832092754,0,0,0,0,0,0,0,0,0,0,0,0,0.004029469382118161,0,0,0,0,0,0,0,0,0,0.003260915258603397,0,0,0,0,0
0,0,0,0,0,0,0,0,0,0,0,0,0,0,0,0,0,0,0,0,0,0,0,0,0,0,0,0,0,0,0,0,0,0,0,0,0,0,0,0,0,0,0,0,0,0,0,0,0,0,0,0,0,0,0,0,0,0,0,0,0,0,0,0,0,0,0,0,0,0,0,0,0,0,0,0,0,0,0,0,0,0,0,0,0,0,0,0,0,0,0,0,0,0,0,0,0.003266027743273031,0,0,0,0,0,0,0,0,0,0,0,0,0,0,0,0,0,0,0,0,0,0,0,0,0,0,0,0,0,0,0,0,0,0,0,0,0,0,0,0,0,0,0,0.00759472772566096,0,0,0,0,0,0,0,0,0,0,0,0,0,0,0,0,0,0,0,0,0,0,0.004790345145429552,0,0.006959351146981621,0,0,0,0,0,0,0,0,0,0,0,0,0.003529170112198199,0,0,0,0,0,0,0,0,0,0,0,0,0,0,0,0,0,0,0,0,0,0,0,0,0,0,0,0,0,0,0,0,0,0,0,0,0,0,0,0,0,0,0,0,0,0,0,0,0,0,0,0,0,0,0,0,0,0,0,0,0,0,0,0,0,0,0,0,0,0,0,0,0,0,0,0,0,0,0,0,0,0,0,0,0,0,0,0,0,0,0,0,0,0,0,0,0,0,0,0,0,0,0,0,0,0,0,0,0,0,0,0,0,0,0,0,0,0,0,0,0,0,0,0,0,0,0,0,0,0,0,0,0,0,0,0,0,0,0,0,0,0,0,0,0,0,0,0,0,0,0,0,0,0,0,0,0,0,0,0,0,0,0,0,0,0,0,0,0,0,0,0,0,0,0,0,0,0,0,0,0,0,0,0,0,0,0,0,0,0,0.003137949516090196,0,0,0,0,0,0,0,0,0,0,0,0,0,0,0,0,0,0,0,0,0,0,0,0,0,0,0,0,0.003127154187643646,0,0,0,0,0,0,0,0,0,0,0,0,0,0,0,0
0,0,0,0,0,0,0,0,0,0,0,0,0,0,0,0.005029745078786046,0,0,0,0,0,0,0,0,0,0,0,0,0,0,0,0,0,0,0,0,0,0,0,0,0,0,0,0,0,0,0,0,0,0,0,0.008813897078141626,0.005284598857928202,0,0,0,0,0,0,0,0,0,0,0,0,0,0,0,0,0,0,0,0,0,0,0,0,0,0,0,0.006843349355173782,0,0,0,0,0,0,0,0,0,0,0,0,0,0,0,0,0,0.004389410274297997,0,0,0,0,0,0,0,0,0,0,0,0,0.004502070202649837,0,0,0,0,0,0,0,0,0,0,0,0,0,0,0,0,0,0.004470548212754792,0,0,0,0,0,0,0,0,0.00466343089469533,0,0,0,0,0,0,0,0,0,0,0.006403821059126784,0,0,0,0,0,0,0,0,0,0,0,0,0,0,0.006390156512839357,0,0,0,0,0,0,0,0,0,0,0,0,0,0,0,0,0,0,0,0,0,0,0,0,0,0,0,0,0,0,0,0,0,0,0,0,0,0,0,0,0,0,0,0,0,0,0,0,0,0,0,0,0,0,0.00561008667039677,0,0,0,0,0,0,0,0,0,0.004707300700580303,0,0,0,0,0,0,0,0.004189391231725695,0.005935426063949234,0.00421621295351079,0,0.004236421386178373,0,0.004239460791340589,0,0,0,0,0,0,0,0,0,0,0,0,0,0,0,0,0,0,0,0,0,0,0,0,0.005473530589053303,0.007342002761240755,0.006860006514865013,0.004965115375205565,0,0,0,0,0,0,0,0,0,0,0,0,0,0,0,0,0,0,0,0,0,0,0,0,0,0,0,0,0,0,0,0,0,0,0,0,0,0,0,0,0,0,0,0,0,0,0,0,0,0,0,0,0,0,0,0,0,0,0,0,0,0,0,0,0,0,0,0,0,0,0,0,0,0,0,0.004251839337217759,0,0,0,0,0,0,0,0,0,0,0,0,0,0,0,0,0,0,0,0,0,0,0.003933111972848583,0,0,0,0,0,0,0,0,0,0,0,0,0,0,0,0,0,0,0,0,0,0,0,0,0,0,0,0,0,0,0,0.007522708634335811,0,0,0,0,0,0,0,0,0.007590645919519739,0,0.005493694829136734,0
0,0,0,0,0,0,0,0,0,0,0,0,0,0,0,0.004697599274575787,0,0,0,0,0,0,0,0,0,0,0,0,0,0,0,0,0,0,0,0,0,0,0,0,0,0,0,0,0,0,0,0,0,0,0.008813897078141626,0,0.004810655178760868,0,0,0,0,0,0,0,0,0,0,0,0,0,0,0,0,0,0,0,0,0,0,0,0,0,0,0,0.007146836140642699,0,0,0,0,0,0,0,0,0,0,0,0,0,0,0,0,0,0.004873169301025528,0,0,0,0,0,0,0,0,0,0,0.004388205056537082,0,0.00498704574034412,0,0,0,0,0,0,0,0,0,0,0,0,0,0,0.004426767683522587,0,0,0.005199347588140238,0,0,0,0,0,0,0,0,0.004673192653804547,0,0,0,0,0,0,0,0,0,0,0.006885927552201512,0,0,0,0,0,0,0,0,0,0,0,0,0,0,0.007270028054562091,0,0,0,0,0,0,0,0,0,0,0,0,0,0,0,0,0,0,0,0,0,0,0,0,0,0,0,0,0,0,0,0,0,0,0,0,0,0,0,0,0,0,0,0,0,0,0,0,0,0,0,0,0,0,0.00612139146865409,0,0,0,0,0,0,0,0,0,0.004209421752181534,0,0,0,0,0,0,0,0,0.005394161717487536,0.004209873213124824,0,0.004228939499199011,0,0.004258431639756421,0,0,0,0,0,0,0,0,0,0,0,0,0,0,0,0,0,0,0,0,0,0,0,0,0.005675419851035991,0.008059581820386897,0.007583415247845848,0.005669160373978275,0,0,0,0,0,0,0,0,0,0,0,0,0,0,0,0,0,0,0,0,0,0,0,0,0,0,0,0,0,0,0,0,0,0,0,0,0,0,0,0,0,0,0,0,0,0,0,0,0,0,0,0,0,0,0,0,0,0,0,0,0,0,0,0,0,0,0,0,0,0,0,0,0,0,0,0.004472577802322079,0,0,0,0,0.004705304252028615,0,0,0.004310600864170324,0,0,0,0,0,0,0,0,0,0,0,0,0,0,0.004551043716227574,0,0,0,0,0,0,0,0,0,0,0,0,0,0,0,0,0,0,0,0,0,0,0,0,0,0,0,0,0,0,0,0.008069154864966836,0,0,0,0,0,0,0,0,0.008117635031045522,0,0.005874415919342187,0
0,0,0.00403569995085378,0,0,0,0,0,0,0,0,0,0,0,0,0.00507338360636932,0,0,0,0,0,0,0,0,0,0,0,0,0,0,0,0,0,0,0,0,0,0,0,0,0,0,0,0,0,0,0,0,0,0,0.005284598857928202,0.004810655178760868,0,0,0,0,0,0,0,0,0,0,0,0,0.00388387554838799,0,0,0,0,0,0,0,0,0,0,0,0,0,0,0,0,0,0,0,0.003683954161358645,0,0,0,0,0,0,0,0,0,0,0,0,0,0.007393609782585422,0,0,0,0,0,0,0,0,0,0,0,0,0.007855548570458788,0,0,0,0,0,0,0,0,0,0,0,0.004410449395423829,0,0,0.003932703592170263,0,0,0.003606335456810088,0,0,0,0,0,0,0,0,0,0,0,0,0,0,0,0,0,0,0,0,0,0,0,0,0,0,0,0,0,0,0,0,0,0,0,0,0,0,0,0,0,0,0,0,0,0,0,0,0,0,0,0,0,0,0,0,0,0,0,0,0,0,0,0,0,0,0,0,0,0,0,0,0,0,0,0,0,0,0,0,0,0,0,0,0.00510976480207023,0.003983397078724422,0,0,0,0.005473705607983351,0,0,0,0,0,0,0,0,0,0.005208501052635872,0,0,0,0,0,0,0,0,0,0,0,0,0,0,0,0.003906868631736472,0.004001636014053098,0.004091252983905957,0.003818467375982793,0,0,0,0,0,0,0,0,0,0,0,0,0,0,0,0,0,0,0,0,0,0.004376245692508996,0,0,0,0,0,0,0,0,0,0,0,0,0,0,0,0,0,0,0,0,0,0,0,0,0,0,0,0,0,0,0,0,0,0,0,0,0,0,0,0,0,0,0,0,0,0,0,0,0,0,0,0,0,0,0,0,0,0,0,0,0,0,0,0,0,0,0,0,0,0,0,0,0,0,0,0,0,0,0,0,0,0.004216501900564881,0,0,0,0,0,0,0,0,0,0,0,0,0,0,0,0,0,0.006264219780122674,0,0,0,0,0,0,0,0,0,0,0,0,0,0,0,0,0,0,0,0,0,0,0,0,0,0,0,0,0,0,0,0,0,0,0,0,0,0,0,0,0,0.004679818116434874,0,0
0,0,0,0,0,0,0,0,0,0,0,0,0,0.007658369248467469,0,0.003384090860155056,0,0,0,0,0,0,0,0,0,0,0,0,0,0,0,0,0.003589964482715649,0,0,0,0,0.003656929754929929,0,0,0,0,0,0,0,0,0,0,0,0,0,0,0,0,0,0.004783755940586828,0.003668453688162243,0,0,0,0,0,0,0,0,0,0,0,0,0,0,0,0,0,0,0,0,0,0,0,0.00471235863419423,0,0,0,0,0,0,0,0,0,0,0,0,0,0,0,0,0,0,0,0,0,0,0,0,0.003436854482368783,0,0,0,0,0,0,0,0,0,0,0,0,0,0,0,0.003136328994328506,0,0,0,0,0,0,0,0,0,0,0,0,0,0,0,0,0,0,0,0,0,0,0,0,0,0,0,0,0,0,0,0,0,0,0,0,0,0,0,0,0,0,0,0,0,0.003073584820376127,0,0,0,0,0,0,0,0,0,0,0,0,0,0,0,0,0,0,0,0,0.003392730674827509,0,0.003214725199556889,0,0,0,0,0,0,0,0,0,0,0,0,0,0,0,0,0,0,0,0,0,0,0,0,0,0,0,0,0,0,0,0,0,0,0,0,0,0,0.003159944292670767,0,0,0,0,0,0,0,0,0,0.003809011443110597,0,0.004332049317644459,0,0,0,0,0,0.003351262050352622,0,0,0,0,0.004540226946725479,0,0,0,0.004559623348255153,0,0,0,0,0,0,0,0,0,0,0,0,0,0,0.004512368044503065,0,0,0,0,0,0,0,0,0,0,0,0,0,0,0,0,0,0,0,0,0,0,0,0,0,0,0,0,0,0,0,0,0,0,0,0,0,0,0,0,0,0,0,0,0,0,0,0,0,0,0,0,0,0,0,0,0,0,0,0,0,0,0,0,0,0,0,0,0,0,0,0,0,0,0,0,0,0,0,0,0,0,0,0,0,0,0,0,0,0,0,0,0,0,0,0,0,0,0,0.003830210558574879,0,0,0,0,0,0,0,0,0,0,0,0,0,0,0,0,0,0,0,0,0,0,0,0,0,0,0,0,0,0,0,0,0,0,0.003994629585528821,0,0,0,0,0,0,0,0
0,0,0,0,0,0,0,0,0,0,0,0,0,0,0.006881083649562213,0,0,0,0,0,0,0.006510593173830685,0,0,0,0,0,0,0,0,0,0.003086540730625555,0.003217746233149248,0,0.005012828636596954,0.006432739293274443,0,0.004795286105843385,0.006207777812326108,0,0,0,0.003394363650703304,0,0.006077407653129726,0,0,0,0.003169527540214071,0,0,0,0,0,0,0,0.005468444159327237,0.006549679741013795,0,0,0,0,0,0,0,0,0,0.006084891303024918,0.005915733567596493,0,0,0,0,0,0,0.006378585755193348,0,0,0,0,0,0,0,0,0,0,0,0,0,0,0,0,0,0,0,0,0,0,0,0,0,0,0,0,0,0.00533825017306905,0,0,0,0,0,0,0,0.004383006835641572,0,0,0,0.002942284173650824,0,0,0,0,0.004499055465170815,0,0,0,0,0,0,0,0,0,0,0,0,0,0,0,0,0,0,0,0,0,0,0,0,0,0,0,0,0,0,0,0,0,0,0,0,0,0,0,0,0,0,0,0,0,0,0,0,0,0,0,0,0,0,0,0,0,0,0,0,0,0,0,0,0,0,0,0,0,0,0,0,0,0,0,0,0,0,0,0,0,0,0,0,0,0,0,0,0,0,0,0,0,0,0,0,0,0,0,0,0,0,0,0,0,0,0,0,0,0,0.006089179983686304,0,0,0,0,0,0,0,0,0,0,0,0.003370575154394172,0.005538337383428766,0,0,0,0,0,0,0,0,0,0,0,0,0,0,0,0,0,0,0,0,0,0,0,0,0,0,0,0,0,0,0,0,0,0,0,0,0,0,0,0,0,0,0,0,0,0,0,0,0,0,0,0,0,0,0,0,0,0,0,0,0,0,0,0,0,0,0,0,0,0,0,0,0,0,0,0,0,0,0,0,0,0,0,0,0,0,0,0,0,0,0,0,0,0,0,0,0,0,0,0,0,0,0,0,0,0,0,0,0,0,0,0,0,0,0,0,0,0,0,0,0,0,0,0,0.003326084724511495,0,0,0,0,0,0,0,0,0,0,0,0,0,0,0,0,0,0,0.003250460389381133,0,0,0,0.003166459207479625,0,0,0,0,0,0,0,0,0,0,0,0,0,0,0,0,0,0,0,0
0,0,0,0,0,0,0,0,0,0,0,0,0,0.005822768175564031,0,0,0,0,0,0,0,0,0,0,0,0,0,0,0,0,0,0.003600704798539876,0.004130063780801886,0,0,0,0,0.004092346280419363,0,0,0,0,0,0,0,0,0,0,0,0,0,0,0,0.004783755940586828,0,0,0.003972155804701801,0,0,0,0,0,0,0,0.005833195784740515,0,0,0,0,0,0,0,0,0,0,0,0,0,0,0,0.005001787195688364,0,0,0,0.004057653704290691,0,0,0,0,0,0,0,0,0,0,0,0,0,0,0,0,0,0,0,0,0.003912288906444749,0,0,0,0,0,0,0,0,0,0,0,0,0,0,0,0,0,0.003984018409047631,0,0,0,0,0,0,0,0,0,0,0,0,0,0,0,0,0,0,0,0,0,0,0,0,0,0,0,0,0,0,0,0,0,0,0,0,0,0,0,0,0,0,0,0,0,0,0,0,0,0,0,0,0,0,0,0,0,0,0,0,0,0,0,0,0,0,0,0,0,0,0,0,0,0,0,0,0,0,0,0,0,0,0,0,0,0,0,0,0,0,0,0.003843761872768023,0,0,0,0.004087534055064452,0,0,0,0,0,0,0,0,0,0,0,0,0,0,0,0,0,0,0,0.004490963101697983,0,0.004513434700080511,0,0,0,0.003993654588155659,0.004205224588017795,0.005158115008901656,0,0,0,0,0.004207135703538051,0,0,0,0.003773114531405477,0,0,0,0,0,0,0,0,0,0,0,0,0,0,0,0,0,0,0,0,0,0,0,0,0,0,0,0,0,0,0,0,0,0,0,0,0,0,0,0,0,0,0,0,0,0,0,0,0,0,0,0,0,0,0,0,0,0,0,0,0,0,0,0,0,0,0,0,0,0,0,0,0,0,0,0,0,0,0,0,0,0,0,0,0,0,0,0,0,0,0,0,0,0,0,0,0,0,0,0,0,0,0,0,0,0,0,0,0,0,0,0,0,0,0.004010520758995777,0,0,0,0,0,0,0,0,0,0,0,0,0,0,0,0,0,0,0,0,0,0,0,0,0,0,0,0,0,0,0,0,0,0,0,0,0,0,0,0,0.003644460295340904,0,0
0,0,0,0,0,0,0,0,0,0,0,0,0,0,0.004284666140030402,0,0,0,0,0,0,0.004046596416179508,0,0,0,0,0,0,0,0,0,0.005442108752448153,0.005703634669318324,0,0,0.004464799308862343,0,0.005868633435225628,0.005120224088905448,0,0,0,0,0,0.003622277082950648,0,0,0,0,0,0,0,0,0.003668453688162243,0.005468444159327237,0.003972155804701801,0,0.004967432362943306,0,0,0,0,0,0,0.003712167120271059,0,0,0.004562447004503216,0.004223063387055085,0,0,0,0,0,0,0.004402948809232557,0,0,0,0,0,0,0,0.0046424330492478,0,0,0,0,0,0,0,0,0,0,0,0,0,0,0,0,0,0,0,0,0,0.006359724821075893,0,0,0,0,0,0,0,0,0,0.004972589485701706,0.004147636826998709,0,0,0,0,0.003339174739111153,0.004065855831555399,0,0,0,0,0,0,0,0,0,0,0,0,0,0,0,0,0,0,0,0,0,0,0,0,0,0,0,0,0,0,0,0,0,0,0,0,0,0,0,0,0,0,0,0,0,0,0.003550745100564856,0,0,0,0,0,0,0,0,0,0,0,0,0,0,0,0,0,0,0,0,0,0,0,0,0,0,0,0,0,0,0,0,0,0,0,0,0,0,0,0,0,0,0,0,0,0,0,0,0,0,0,0,0,0,0,0,0,0,0,0,0,0,0,0.004917841140860069,0,0,0,0,0,0,0,0,0,0,0,0,0.003590682124188194,0,0,0,0,0,0.004128643800088532,0,0,0,0.004139246839571886,0,0,0,0,0,0,0,0,0,0,0,0,0,0,0,0,0,0,0,0,0,0,0,0,0,0,0,0,0,0,0,0,0,0,0,0,0,0,0,0,0,0,0,0,0,0,0,0,0,0,0,0,0,0,0,0,0,0,0,0,0,0,0,0,0,0,0,0,0,0,0,0,0,0,0,0,0,0,0,0,0,0,0,0,0,0,0,0,0,0,0,0,0,0,0,0,0,0,0,0,0,0,0,0,0,0,0,0,0,0,0,0,0,0,0.005479221783257505,0,0,0,0,0,0,0,0,0,0,0,0,0,0,0,0,0,0,0,0,0,0,0,0,0,0,0,0,0,0,0,0,0,0,0,0,0,0,0,0,0,0,0
0,0,0,0,0,0,0,0,0,0,0,0,0,0,0.005261241768307784,0,0,0,0,0,0,0.005142050047856708,0,0,0,0,0,0,0,0,0,0.00406662506717884,0.004024372652434977,0,0.004146388574843316,0.006303490107277468,0,0.005209725178314979,0.005766734731233889,0,0,0,0.003898773988396426,0,0.005181637503083626,0,0,0,0,0,0,0,0,0,0.006549679741013795,0,0.004967432362943306,0,0,0,0,0,0,0,0,0,0,0.005972695950907573,0.005064721141279135,0,0,0,0,0,0,0.005316332097910144,0,0,0,0,0,0,0,0.003870969439713557,0,0,0,0,0,0,0,0,0,0,0,0,0,0,0,0,0,0,0,0,0,0.005316364193819521,0,0,0,0,0,0,0,0.003427346506705364,0,0.003358987088006481,0.003096555232626271,0,0,0,0,0,0.004300556728297406,0,0,0,0,0,0,0,0,0,0,0,0,0,0,0,0,0,0,0,0,0,0,0,0,0,0,0,0,0,0,0,0,0,0,0,0,0,0,0,0,0,0,0,0,0,0,0.003516887828658311,0.00307553122759993,0,0,0,0,0,0,0,0,0,0,0,0,0,0,0,0,0,0,0,0,0,0,0,0,0,0,0,0,0,0,0,0,0,0,0,0,0,0,0,0,0,0,0,0,0,0,0,0,0,0,0,0,0,0,0,0,0,0,0,0,0,0,0.004850684004152903,0,0,0,0,0,0,0,0,0,0,0,0,0.004755540474640626,0,0,0,0,0,0,0,0,0,0,0,0,0,0,0,0,0,0,0,0,0,0,0,0,0,0,0,0,0,0,0,0,0,0,0,0,0,0,0,0,0,0,0,0,0,0,0,0,0,0,0,0,0,0,0,0,0,0,0,0,0,0,0,0,0,0,0,0,0,0,0,0,0,0,0,0,0,0,0,0,0,0,0,0,0,0,0,0,0,0,0,0,0,0,0,0,0,0,0,0,0,0,0,0,0,0,0,0,0,0,0,0,0,0,0,0,0,0,0,0,0,0,0,0,0.003635803951617095,0,0,0,0,0,0,0,0,0,0,0,0,0,0,0,0,0,0,0,0.00318587696881712,0,0,0.003545520608798096,0,0,0,0,0,0.003364759307609085,0,0,0,0,0,0,0,0,0,0,0,0,0,0
0,0,0,0,0,0,0,0,0,0,0.004221731957501439,0,0,0,0,0,0,0.003231193606879938,0,0,0,0,0.004853386072318562,0,0,0,0,0,0,0,0,0,0,0,0,0,0,0,0,0,0.005850482000512149,0,0,0,0,0,0,0,0,0,0,0,0,0,0,0,0,0,0,0,0,0,0,0,0,0,0,0,0,0,0,0,0,0,0,0,0,0,0,0,0,0,0,0,0,0,0,0,0,0,0,0,0,0,0,0,0,0,0,0,0,0.006410730876631235,0.005623167798520851,0.002806245962171172,0,0,0,0,0,0,0,0,0,0,0,0,0,0,0,0,0.006774738064716482,0,0,0,0.00369639767252741,0,0,0.004711235570804447,0,0,0,0,0,0,0,0,0,0,0,0,0,0,0,0,0,0,0,0,0,0,0,0,0,0,0,0,0,0,0,0,0,0,0,0,0,0,0,0,0,0,0,0,0,0,0,0.006927895026371762,0,0,0,0.006584945597788657,0,0,0,0,0,0,0,0,0,0,0,0,0.003994396405831409,0,0,0,0,0,0,0,0,0,0,0,0,0,0,0,0,0,0,0,0,0,0,0,0,0,0,0,0,0,0,0,0,0,0,0,0,0,0,0,0,0,0,0,0,0,0,0,0,0,0,0,0,0,0,0,0,0,0,0,0,0,0,0,0,0,0,0,0,0,0,0,0,0,0,0,0,0,0,0,0,0.006885410314585698,0,0,0,0,0,0,0,0,0,0,0,0,0,0,0,0,0,0,0,0,0,0,0,0,0,0,0,0,0,0,0,0,0,0,0,0,0,0,0,0,0,0,0,0,0,0,0,0,0,0,0,0,0,0,0,0,0,0,0,0,0,0,0,0,0,0,0,0,0,0,0,0,0,0,0,0.00452776871382542,0,0,0,0,0,0,0,0,0,0,0,0,0,0,0,0,0,0,0,0,0,0,0,0,0,0,0,0,0,0,0.003958565561743382,0,0,0,0,0,0,0,0,0,0,0,0,0,0,0,0,0,0,0,0,0,0,0,0,0,0,0,0,0,0,0,0,0.003422267069529725,0.003181077219870715
0,0,0,0,0,0,0,0,0,0,0,0,0,0,0,0.00327800413181465,0,0,0,0,0,0,0,0,0,0,0,0,0,0,0,0,0,0,0,0,0,0,0,0,0,0,0,0,0,0,0,0,0,0,0,0,0,0,0,0,0,0,0,0,0,0,0,0,0,0,0,0,0,0,0,0,0,0,0,0,0,0,0,0,0,0,0,0,0,0,0,0,0,0,0,0,0,0,0,0,0,0,0.004158748225432132,0,0,0,0,0,0,0,0,0,0,0.004692270561844674,0.004675058572347274,0,0,0,0,0.003223171047213641,0.003856127932392485,0,0,0,0,0,0,0,0,0,0.005724343578019696,0,0,0.004885674684524445,0,0,0,0.004068875964163389,0,0,0,0,0,0,0,0,0,0,0,0,0.005631311489532383,0,0,0.005282435106692816,0,0,0,0,0,0,0,0,0,0,0,0,0,0,0.005054256470649453,0,0,0,0,0,0,0,0,0,0,0,0,0,0,0,0,0,0.005788506230638394,0,0,0,0,0,0,0,0,0,0,0,0,0,0,0,0,0,0,0.004752948670672592,0,0,0,0,0,0,0,0,0,0,0,0,0.005350168096378468,0,0,0,0,0.004696625481677579,0,0,0,0,0,0,0,0,0,0,0,0,0,0,0,0,0,0,0,0,0,0,0,0,0,0,0,0,0,0,0,0,0,0,0,0,0,0,0,0,0.005493965877874969,0,0,0,0,0,0,0,0,0.004702219180940073,0.00399218464628549,0.005172911541898812,0,0,0,0,0,0,0,0,0,0,0,0,0,0,0,0,0,0,0,0,0,0,0,0,0,0,0,0,0,0,0,0,0,0,0,0,0,0,0,0,0,0,0,0,0,0,0,0,0,0,0,0,0,0,0,0,0,0,0,0,0,0,0,0,0,0,0,0,0,0,0,0,0,0,0,0,0,0,0,0,0.005212081366166918,0,0,0.004849225735718988,0,0,0,0,0,0,0,0,0,0,0,0.00528007021526028,0,0,0.004881291978939977,0,0,0,0.005526109009836251,0,0,0,0,0,0,0,0,0,0,0,0,0,0,0,0,0,0,0,0,0,0,0,0,0,0,0,0,0,0,0,0,0,0,0,0,0,0,0,0
0,0,0,0.003228186275131877,0,0,0,0,0,0,0,0,0,0,0,0,0,0,0,0,0.005033640376027188,0,0,0,0,0,0,0,0,0,0,0,0,0,0,0,0,0,0,0,0,0,0,0,0,0,0,0,0,0,0,0,0,0,0,0,0,0,0,0,0,0,0,0,0,0,0,0,0,0,0,0,0,0,0,0,0,0,0,0,0,0,0,0,0,0,0,0,0,0,0,0,0,0,0,0,0,0,0,0,0,0,0,0,0,0,0.003722430006664231,0,0,0,0,0,0,0,0,0.002729742026159586,0,0,0,0.002695675327369701,0,0,0,0,0,0,0,0,0,0,0,0,0,0,0,0,0,0.003379892719103797,0,0,0,0,0,0.002925742034747836,0,0,0,0,0,0,0,0,0,0,0,0,0,0,0,0,0,0,0,0,0,0,0,0,0,0,0,0,0,0,0,0,0,0,0,0,0,0,0,0,0,0,0,0,0,0,0,0,0,0,0,0,0,0,0,0,0,0,0,0,0,0,0,0,0,0,0,0,0,0,0,0,0,0,0,0,0,0,0,0,0,0,0,0,0,0,0,0.002798508004722534,0,0,0,0,0,0,0,0,0,0,0,0,0,0,0,0,0,0,0,0,0,0,0,0,0,0,0,0,0,0,0,0,0,0,0,0,0,0,0,0,0,0,0,0,0,0,0,0,0,0,0,0,0,0,0,0,0,0,0,0,0,0,0,0,0,0,0,0,0,0,0,0,0,0,0,0,0,0,0,0,0,0,0,0,0,0,0,0,0,0,0,0,0,0,0,0,0,0,0,0,0,0,0,0,0,0,0,0,0,0,0,0,0,0,0,0,0,0,0,0,0,0,0,0,0,0,0,0,0,0,0,0,0,0,0,0,0,0,0,0,0,0,0,0,0,0,0,0,0,0.004812270312510447,0.006790871289593437,0.007242497239515956,0.005165217267823669,0.005042070459819494,0.005726256269021143,0,0,0,0.004638832691281825,0,0,0.005448842100096385,0,0,0,0.0049932292975454,0,0,0,0,0,0,0,0,0,0,0,0,0,0,0,0,0
0,0,0,0,0,0,0,0,0,0,0,0,0,0,0,0,0,0,0.005186889471910709,0,0,0,0,0,0,0,0,0.007077486519478926,0,0,0.005052363419162847,0,0,0.008172274947276299,0,0,0,0,0,0,0,0,0,0,0,0,0.003770025925061592,0,0,0,0,0,0,0,0,0,0,0,0,0,0,0,0,0,0,0,0,0,0,0,0,0.00403744480759068,0,0.003543842904443107,0.004919817374445507,0,0,0,0,0,0,0.003947174380534301,0,0,0,0,0,0,0,0,0,0,0,0,0.003451116744518153,0,0,0,0,0,0,0,0,0,0,0,0,0.003320003736708725,0.003374825486256817,0,0,0,0,0,0,0,0,0,0,0,0,0,0,0,0,0,0,0,0,0,0,0,0,0,0,0,0,0,0,0,0,0,0,0,0,0,0,0,0,0,0,0.003547131178434836,0.0032606970031665,0,0,0,0,0,0.003531718753691638,0,0,0,0,0,0,0,0,0,0,0,0,0,0,0,0,0,0,0,0,0,0,0,0,0,0,0,0,0,0,0,0,0,0,0,0,0,0,0,0,0,0,0,0,0,0,0,0,0,0.004216327561589905,0,0,0,0,0,0,0,0,0,0,0,0,0,0,0,0,0,0,0.003949137591376853,0,0,0,0,0,0,0,0,0,0,0,0,0,0,0,0,0,0,0,0,0,0,0,0,0,0,0,0,0,0,0,0,0,0,0,0,0,0,0,0,0,0,0,0,0,0,0,0,0,0,0,0,0,0,0,0.003261276341244375,0.003266959000322064,0.003492920643863085,0.003535125373555555,0.003492920643863085,0.003268970962348569,0.003239831392652222,0.003276799054136164,0,0,0,0,0,0,0,0,0,0,0,0,0,0,0,0,0,0,0,0,0,0,0,0,0,0,0,0,0,0,0,0,0,0,0,0,0,0,0,0,0,0,0,0,0,0,0,0,0,0,0,0,0,0,0,0,0,0,0,0,0,0,0,0,0,0,0,0,0,0,0,0,0,0,0,0,0,0,0,0,0,0,0,0,0,0,0,0,0,0,0,0,0,0,0,0,0,0,0,0,0,0,0,0,0,0,0,0,0,0,0,0,0,0,0,0,0,0,0,0,0,0,0,0
0,0,0,0,0,0,0,0,0,0,0,0.006804836871242424,0,0,0,0,0,0,0.008998047832877129,0,0,0,0,0,0.007080230486550791,0,0.007659288823124799,0.007788941454482162,0,0,0.004747203730944153,0,0,0.008977825347091654,0,0,0,0,0,0,0,0,0,0.007501296654276916,0,0,0.007838359528687191,0,0,0,0,0,0,0,0,0,0,0,0,0,0,0,0,0,0,0.007499179566455105,0,0,0,0,0,0,0.00717435645476487,0,0.004200849499015127,0,0,0,0,0,0,0.003799612557216492,0,0,0,0,0,0,0,0.004089609945082823,0,0,0,0,0,0,0,0.004524394798939071,0,0.004542854226169979,0,0,0,0,0,0,0,0.005303552415932813,0,0,0,0,0,0,0.004702954730149304,0,0,0,0,0,0,0,0,0,0,0,0,0,0,0,0,0.004778366682659727,0,0,0,0,0,0,0,0.00367258371383196,0,0.004582075904914533,0.003599105632358774,0,0,0,0,0,0,0,0,0,0,0,0,0,0,0,0,0,0,0,0,0,0,0,0,0,0,0,0,0,0,0,0,0,0,0,0,0,0,0,0,0,0,0,0,0,0,0,0,0,0,0,0,0,0,0,0,0,0,0,0.003167902011581998,0,0,0,0,0,0,0,0,0,0,0,0,0,0,0,0,0,0,0,0,0,0,0,0.005539902734666372,0.004248562856954741,0,0,0,0,0,0,0,0,0,0,0,0,0,0,0,0,0,0,0,0,0,0,0,0,0,0,0,0,0,0,0,0,0,0,0.00388563984736213,0,0,0,0,0,0,0,0,0,0,0,0,0,0,0,0,0,0,0,0,0,0,0,0,0,0,0,0,0,0,0,0,0,0,0,0,0,0,0,0,0,0,0,0,0,0,0,0,0,0,0,0,0,0,0,0,0,0,0,0,0,0,0,0,0,0,0,0,0,0,0,0,0,0,0,0,0,0,0,0,0,0,0,0,0,0,0,0,0,0,0,0,0,0,0,0,0,0,0.003547393478815125,0.004568063945056106,0,0,0,0,0,0,0,0,0,0,0,0,0,0,0,0,0,0,0,0,0,0,0,0,0,0,0,0,0,0,0,0,0,0,0,0,0,0,0,0,0,0,0,0,0,0,0,0,0,0,0,0
0,0,0,0,0,0,0,0,0,0,0,0,0,0,0,0,0.006463308558965587,0,0,0,0,0,0,0,0,0,0,0,0,0,0,0,0,0,0,0,0.00509413159977687,0,0,0,0,0,0,0,0,0.004094299024984678,0,0.005179961399965407,0,0,0,0,0,0,0,0,0,0,0,0,0,0,0,0,0,0,0.004332432328394715,0,0,0,0,0,0,0,0,0,0,0,0,0,0,0,0,0,0,0,0.007531612995010027,0.005122743041192626,0,0,0.004956983860752783,0,0,0,0,0,0,0,0,0,0,0,0,0,0.004913661600561685,0,0,0,0,0,0.00390501304367362,0,0,0,0,0,0,0.004293630869823878,0,0,0,0.003808586798167365,0,0,0,0,0,0,0,0,0,0,0,0.003339702420900652,0,0,0,0,0,0,0,0,0,0,0,0,0,0,0,0,0,0,0,0,0,0,0,0,0,0,0,0,0,0,0,0,0,0,0,0,0,0,0,0,0,0,0,0,0,0,0,0.00486523758027068,0,0,0,0,0,0,0,0,0,0,0,0,0,0,0,0,0,0,0,0,0,0,0,0,0,0,0,0,0,0,0,0,0,0,0,0,0,0,0,0,0,0,0,0.002365464917616353,0,0,0,0,0,0,0,0,0,0,0,0,0,0,0,0,0,0,0,0,0,0,0,0,0,0,0,0,0,0,0.003027953067229778,0,0,0,0,0,0,0,0,0,0,0,0,0,0,0,0,0,0,0,0,0,0,0,0,0,0,0,0,0,0,0,0,0,0,0,0,0,0,0,0,0,0,0,0,0,0,0,0,0,0,0,0,0,0,0,0,0,0,0,0,0,0,0,0,0,0,0,0,0,0,0,0,0,0,0,0,0,0,0,0,0,0,0,0,0,0,0,0,0,0,0,0,0,0,0,0,0,0.002969934251831786,0,0,0,0,0,0,0,0,0,0,0,0,0,0,0,0,0,0,0,0,0,0,0,0,0,0,0.003354609496020232,0,0,0.002688272740256455,0,0,0,0,0,0.00326960118327655,0,0,0,0,0,0,0,0,0.003511214255954738,0,0,0,0,0,0,0,0,0,0,0.003959115028378217,0,0,0,0
0,0,0,0,0,0,0,0,0,0,0,0,0,0.005429539632335991,0,0,0,0,0,0.004750144903236005,0,0,0,0,0,0,0,0,0,0,0,0,0.00373909224665092,0,0,0,0,0,0,0,0,0,0,0,0,0,0,0,0,0,0,0,0.00388387554838799,0,0,0.005833195784740515,0.003712167120271059,0,0,0,0,0,0,0,0,0,0,0,0,0,0,0,0,0,0,0,0,0,0,0,0,0,0,0.004462119537450028,0.007653930111868665,0,0,0,0,0,0,0,0,0,0,0,0,0,0.004496412917805134,0,0,0,0,0,0,0,0,0,0,0,0,0.004816748999312202,0,0,0,0,0,0,0,0,0,0,0,0.0082213114309981,0,0,0,0,0,0,0,0,0,0,0,0,0,0,0,0,0,0,0,0,0,0,0,0,0,0,0,0,0,0,0,0,0,0,0,0,0,0,0,0,0,0,0,0,0.003623869605476228,0.004006727276274984,0.003903761790392271,0,0,0,0,0,0,0,0,0,0,0,0,0,0,0,0,0,0,0,0,0,0,0,0,0,0,0,0,0,0,0,0,0,0,0,0,0,0,0,0,0,0.004227889772193278,0,0,0.006149882107382484,0.003510480310172278,0.005952363012911013,0,0,0,0,0.004035791661996422,0,0.004043488994318003,0,0,0,0,0,0,0,0,0,0,0,0,0,0,0,0,0,0,0,0,0.006629002055463096,0.005774855409158017,0.007250994770358796,0.003961866028815217,0,0,0,0.003730292714462723,0,0,0,0,0,0,0,0,0,0,0,0,0,0,0,0,0,0,0,0,0,0,0,0,0,0,0,0,0,0,0,0,0,0,0,0,0,0,0,0,0,0,0,0,0,0,0,0,0,0,0,0,0,0,0,0,0,0,0,0,0,0,0,0,0,0,0,0,0,0,0,0,0,0,0,0,0,0,0,0,0,0,0,0,0,0,0,0,0,0,0,0,0,0,0,0,0,0,0.004655042761191386,0,0,0,0,0,0,0,0,0,0,0,0,0,0,0,0,0,0,0,0.003975617584272216,0,0,0,0,0,0,0,0,0,0,0,0,0,0,0,0,0,0,0,0,0,0,0,0,0,0,0,0,0,0,0,0,0,0,0,0,0,0.003959851263375801,0,0,0.008075746420022841,0,0
0,0,0,0,0,0,0,0,0,0,0,0.007911996345223236,0,0,0,0,0,0,0.007554323598588125,0,0,0,0,0,0.007035697156866557,0,0.007342387142933275,0.007451850853983781,0,0,0.004009717991109843,0,0,0.006619850532647725,0,0,0,0,0,0,0,0,0,0.007534391059977768,0,0,0.007887653622726691,0,0,0,0,0,0,0,0,0,0,0,0,0,0,0,0.007499179566455105,0,0,0,0,0,0,0,0,0,0.008032900903724615,0,0.003748358032497555,0,0,0,0,0,0,0.003637044236170405,0,0,0,0,0,0,0,0.004954943734175796,0,0,0,0,0,0,0,0.005302591803237793,0,0.005689233225932718,0,0,0,0,0,0,0,0.004926007552466702,0,0,0,0,0,0,0.005457558799176322,0,0,0,0,0,0,0,0,0,0,0,0,0,0,0,0,0.005409205681767203,0,0,0,0,0,0,0,0.004624714643533452,0,0.004580316622252042,0.004111085327267705,0,0,0,0,0,0,0,0,0,0,0,0,0,0,0,0,0,0,0,0,0,0,0,0,0,0,0,0,0,0,0,0,0,0,0,0,0,0,0,0,0,0,0,0,0,0,0,0,0,0,0,0,0,0,0,0,0,0,0,0.003513522453472717,0,0,0,0,0,0,0,0,0,0,0,0,0,0,0,0,0,0,0,0,0,0,0,0.005616576934130117,0.004687063256504257,0,0,0,0,0,0,0,0,0,0,0,0,0,0,0,0,0,0,0,0,0,0,0,0,0,0,0,0,0,0,0,0,0,0,0.003856357363164175,0,0,0,0,0,0,0,0,0,0,0,0,0,0,0,0,0,0,0,0,0,0,0,0,0,0,0,0,0,0,0,0,0,0,0,0,0,0,0,0,0,0,0,0,0,0,0,0,0,0,0,0,0,0,0,0,0,0,0,0,0,0,0,0,0,0,0,0,0,0,0,0,0,0,0,0,0,0,0,0,0,0,0,0,0,0,0,0,0,0,0,0,0,0,0,0,0,0,0,0.004975393211520992,0,0,0,0,0,0,0,0,0,0,0,0,0,0,0,0,0.003952424062221211,0,0,0,0,0,0,0,0,0,0.004104965690972949,0,0,0,0,0,0,0,0,0,0,0,0,0,0,0,0,0,0,0,0,0,0,0,0,0
0,0,0,0,0,0,0,0,0,0,0,0,0,0,0,0,0.007449633811731561,0,0,0,0,0,0,0,0,0,0,0,0,0,0,0,0,0,0,0,0.005887634181740179,0,0,0,0,0,0,0,0,0.005569640588299231,0,0.005748533778414588,0,0,0,0,0,0,0,0,0,0,0,0,0,0,0,0.004332432328394715,0,0,0,0,0,0,0,0,0,0,0,0,0,0,0,0,0,0,0,0,0,0,0.004965005625861804,0.005803656869775463,0.004793780721562468,0,0.005854379291104339,0,0,0,0,0,0,0,0,0,0,0,0,0,0.003242613786196228,0,0,0,0,0,0,0,0,0,0,0,0,0,0,0,0,0,0,0,0,0,0,0,0,0,0,0,0,0,0,0,0,0,0,0,0,0,0,0,0,0,0,0,0,0,0,0,0,0,0,0,0,0,0,0,0,0,0,0,0,0,0,0,0,0,0,0,0,0,0.003987022077557579,0,0,0,0,0,0,0.006829378188836008,0,0,0,0,0,0,0,0,0,0.003173628255050133,0,0,0,0,0,0,0,0,0,0,0,0,0,0,0,0,0,0,0,0,0,0,0,0,0,0,0,0,0,0,0,0,0,0,0,0,0.003946319123837202,0,0,0,0,0,0,0,0,0,0,0,0,0,0,0,0,0,0,0,0,0,0,0,0,0,0,0,0,0,0,0,0,0,0,0,0,0,0,0,0,0,0,0,0,0,0,0,0,0,0,0,0,0,0,0,0,0,0,0,0,0,0,0,0,0,0,0,0,0,0,0,0,0,0,0,0,0,0,0,0,0,0,0,0,0,0,0,0,0,0,0,0,0,0,0,0,0,0,0,0,0,0,0,0,0,0,0,0,0,0,0,0,0,0,0,0,0,0,0,0,0,0,0,0,0,0,0,0,0,0,0,0,0,0,0,0,0,0,0,0,0,0,0,0,0,0,0,0,0,0,0,0,0,0,0,0,0,0,0,0,0,0,0,0,0,0,0,0,0,0,0,0,0,0,0,0,0,0,0,0,0,0.005151574850426638,0,0,0,0
0,0,0,0,0,0,0,0,0,0,0,0,0.003362444568611712,0,0.00441436564991052,0,0,0,0,0.003761338087154256,0,0.004471615187095622,0,0,0,0,0,0,0,0,0,0,0.003068025604076659,0,0.00414112668249558,0.005930987392917225,0,0.004174629481954895,0.005111498038953252,0,0,0,0.004415235936333857,0,0.004299913146684119,0,0,0,0.003336169651273148,0,0,0,0,0,0.006084891303024918,0,0.004562447004503216,0.005972695950907573,0,0,0,0,0,0,0,0,0,0,0.005660767854827088,0,0,0,0,0,0,0.004524785030590029,0,0,0,0,0,0,0,0.00394685252377867,0.003749116647004148,0,0,0,0,0,0,0,0,0,0,0,0,0,0,0,0,0,0,0,0,0.004423715029000419,0,0,0,0,0,0,0,0,0,0,0,0.003092948238529365,0,0,0,0,0.004693724125453882,0,0,0,0,0,0,0,0,0,0,0,0,0,0,0,0,0,0,0,0,0,0,0,0,0,0,0,0,0,0,0,0,0,0,0,0,0,0,0,0,0,0,0,0,0,0,0.004169465412771122,0.003331965083995676,0,0,0,0,0,0,0,0,0,0,0,0,0,0,0,0,0,0,0,0,0,0,0,0,0,0,0,0,0,0,0,0,0,0,0,0,0,0,0,0,0,0,0,0,0,0,0,0,0,0,0,0,0,0,0,0,0,0,0,0,0,0,0.00418864201473786,0,0,0,0,0,0,0,0,0,0,0,0,0.003702438797014529,0,0,0,0,0,0,0,0,0,0,0,0,0,0,0,0,0,0,0,0,0,0,0,0,0,0,0,0,0,0,0,0,0,0,0,0,0,0,0,0,0,0,0,0,0,0,0,0,0,0,0,0,0,0,0,0,0,0,0,0,0,0,0,0,0,0,0,0,0,0,0,0,0,0,0,0,0,0,0,0,0,0,0,0,0,0,0,0,0,0,0,0,0,0,0,0,0,0,0,0,0,0,0,0,0,0,0,0,0,0,0,0,0,0,0,0,0,0,0,0,0,0,0,0,0.003108316601294518,0,0,0,0,0,0,0,0,0,0,0,0,0,0,0,0,0,0,0,0,0,0,0,0,0,0,0,0,0,0,0,0,0,0,0,0,0,0.003719464287733372,0,0,0.003389036859124422,0,0
0,0,0,0,0,0,0,0,0,0,0,0,0,0,0.005078537451716022,0,0,0,0,0,0,0.005159991186336123,0,0,0,0,0,0,0,0,0,0,0,0,0.003986484777762578,0.005712999141972781,0,0.004169629129388738,0.00625758771654427,0,0,0,0,0,0.005033664559676737,0,0,0,0.003751081715345824,0,0,0,0,0,0.005915733567596493,0,0.004223063387055085,0.005064721141279135,0,0,0,0,0,0,0,0,0,0.005660767854827088,0,0,0,0,0,0,0,0.005411487649218664,0,0,0,0,0,0,0,0.003425856025997476,0.003188798765522579,0,0,0,0,0,0,0,0,0,0,0,0,0,0,0,0,0,0,0,0,0.004372745180838586,0,0,0,0,0,0,0,0.003405291364694005,0,0,0,0.002991155936935494,0,0,0,0,0.00452997443168738,0,0,0,0,0,0,0,0,0,0,0,0,0,0,0,0,0,0,0,0,0,0,0,0,0,0,0,0,0,0,0,0,0,0,0,0,0,0,0,0,0,0,0,0,0.003618837027512826,0,0.003192524937998634,0,0,0,0,0,0,0,0,0,0,0,0,0,0,0,0,0,0,0,0,0,0,0,0,0,0,0,0,0,0,0,0,0,0,0,0,0,0,0,0,0,0,0,0,0,0,0,0,0,0,0,0,0,0,0,0,0,0,0,0,0,0,0,0.005131678940060766,0,0,0,0,0,0,0.003579899442492146,0,0,0,0,0.004037515064390687,0.004307053890348763,0,0,0,0,0,0,0,0,0,0,0,0,0,0,0,0,0,0,0,0,0,0,0,0,0,0,0,0,0,0,0,0,0,0,0,0,0,0,0,0,0,0,0,0,0,0,0,0,0,0,0,0,0,0,0,0,0,0,0,0,0,0,0,0,0,0,0,0,0,0,0,0,0,0,0,0,0,0,0,0,0,0,0,0,0,0,0,0,0,0,0,0,0,0,0,0,0,0,0,0,0,0,0,0,0.003055509728023941,0,0,0,0,0,0,0,0,0,0,0,0,0,0,0,0,0,0,0,0,0,0,0,0,0,0,0,0,0,0,0,0,0,0,0,0,0,0,0,0,0,0,0,0,0,0,0,0,0,0,0,0,0,0,0,0,0,0,0,0,0,0,0
0,0,0,0.002990805112714894,0.003910920723593075,0,0,0,0,0,0,0,0.003277163589970861,0,0,0,0,0,0,0,0,0,0,0,0,0,0,0,0,0,0,0,0,0,0,0,0,0,0,0,0,0,0.004004649900311125,0,0,0,0,0,0,0,0,0,0,0,0,0,0,0,0,0,0,0,0,0,0,0,0,0,0,0,0.006086184166189126,0,0,0,0,0,0,0,0,0.004924017014398017,0,0,0,0,0,0.00548437878317104,0,0,0,0,0,0,0,0,0,0,0,0,0,0,0.008326447581909683,0,0,0,0,0,0,0,0,0,0,0,0,0,0,0,0,0,0,0,0,0,0,0,0,0,0,0,0,0,0,0,0,0,0,0,0,0,0,0.003015189932708146,0,0,0.003297221577093267,0.004870142560244279,0.003764236084314836,0,0,0,0.004853919971544167,0,0,0,0,0,0,0,0,0,0,0,0,0,0,0,0,0,0.00495806919488382,0,0.004495953577187668,0,0,0.005840695002477657,0.004479225867713977,0.004068612163439178,0,0,0,0,0,0,0,0,0,0,0,0,0,0,0,0,0,0,0,0,0,0,0,0,0,0,0,0,0,0,0,0,0,0,0,0,0,0,0,0,0,0,0,0,0,0,0,0,0,0,0,0,0,0,0,0,0,0,0,0,0.005062110051290042,0,0,0,0,0,0,0,0,0.0043163468978359,0.002831860657729462,0,0,0,0,0,0,0,0,0,0,0,0,0,0,0,0,0,0,0,0,0,0,0,0,0,0,0,0,0,0,0,0,0,0,0,0,0,0,0,0,0,0,0,0,0,0,0,0,0,0,0,0,0,0,0,0,0,0,0,0,0,0,0,0,0,0,0,0,0,0,0,0,0,0,0,0,0,0,0,0,0,0,0,0,0,0,0,0,0,0,0,0,0,0,0,0,0,0,0,0,0,0,0,0,0,0,0,0,0,0,0,0,0,0,0,0,0,0,0,0,0,0,0,0,0,0,0,0.005702885188316319,0,0,0,0,0,0,0,0,0,0,0.002814481020786824,0,0.003121046008977101,0.003320147109159109,0,0,0,0,0,0.002797791129610529,0,0,0.00284340628515572,0,0,0,0,0,0,0,0,0,0,0,0,0,0,0,0,0,0,0
0,0,0,0,0.003465349905355704,0,0,0,0,0,0,0,0,0,0,0,0,0,0,0,0,0,0,0,0,0,0,0,0,0,0,0,0,0,0,0,0,0,0,0,0,0,0,0,0,0,0,0,0,0,0,0,0,0,0,0,0,0,0,0,0,0,0,0,0,0,0,0,0,0.006086184166189126,0,0,0,0,0,0,0,0,0,0.004324968864815046,0,0,0,0,0,0.006832684441937527,0,0,0,0,0,0,0,0,0,0,0,0,0,0,0.0100704160991638,0,0,0,0,0,0,0,0,0,0,0,0,0,0,0,0,0,0,0,0,0,0,0,0,0,0,0,0,0,0,0,0.002836797722415726,0,0,0,0,0,0.00625276758999847,0.004581791938300323,0,0,0.00546784410460324,0.005981207602122429,0.004646356480393786,0,0,0,0.006382470121772664,0,0,0,0,0,0,0,0,0,0,0,0,0.003056910796980876,0,0,0,0,0,0,0.003623204057831465,0,0,0.004615564593368067,0.005805904558189547,0.005626928710305128,0,0,0,0,0,0,0,0,0,0,0,0,0.004348209033983962,0,0,0.00278587818634691,0,0,0,0,0.003480258634393193,0,0,0,0,0,0,0,0,0,0,0,0,0,0,0,0,0,0,0,0,0,0,0,0,0,0,0,0,0,0,0,0,0,0,0,0,0,0,0,0.006570146487919972,0,0,0,0,0,0,0,0.005984351553873713,0.006655352099588945,0.00373582958184374,0,0,0,0,0,0,0,0,0,0,0,0,0,0,0,0,0,0,0,0,0,0,0,0,0,0,0,0,0,0,0,0,0,0,0,0,0,0,0,0,0,0,0,0,0,0,0,0,0,0,0,0,0,0,0,0,0,0,0,0,0,0,0,0,0,0,0,0,0,0,0,0,0,0,0,0,0,0,0,0,0,0,0,0,0,0,0,0,0,0,0,0,0,0,0,0,0,0,0,0,0.003432377201725402,0,0,0,0,0.002950079697276199,0,0,0,0,0,0,0,0,0,0,0,0,0,0,0,0,0,0,0,0,0,0.005088931396501837,0,0,0,0,0,0,0,0,0,0,0,0,0,0,0,0,0,0,0,0.004311432822455124,0,0,0,0,0,0,0,0,0,0,0,0,0,0,0,0,0,0,0,0,0,0
0,0,0,0,0,0,0,0,0,0,0,0,0,0,0,0,0,0,0,0,0,0,0,0,0,0,0,0,0,0,0,0,0,0,0,0,0,0,0,0,0,0,0,0,0,0,0,0,0,0,0,0,0,0,0,0,0,0,0,0,0,0.00403744480759068,0,0,0,0,0,0,0,0,0,0,0,0.004658753545968345,0.004588620685716783,0,0,0,0,0,0,0.004577744129006111,0,0,0,0,0,0,0,0,0,0,0,0,0,0,0,0,0,0,0,0,0,0,0,0,0,0.003407536904226908,0.004782740239234038,0,0,0,0,0,0.003830668788078532,0,0,0,0,0,0,0,0,0,0,0,0,0,0,0,0,0.003658634056189289,0,0,0,0,0,0,0,0,0,0.003709041697275526,0,0,0,0,0,0,0,0,0,0,0,0,0,0,0,0,0,0,0,0,0,0,0,0,0,0,0,0,0,0,0,0,0,0,0.003460129430911156,0,0,0,0,0,0,0,0,0,0,0,0,0,0,0,0,0,0,0,0,0,0,0,0,0,0,0,0.003228004481338327,0,0,0,0,0,0,0,0,0,0,0,0,0,0,0,0,0,0,0,0,0,0.004094651761243145,0.004813943812764947,0,0,0,0,0,0,0,0,0,0,0,0,0,0,0,0,0,0,0,0,0,0,0,0,0,0,0,0,0,0,0,0,0,0,0,0,0,0,0,0,0,0,0,0,0,0,0,0,0,0,0,0,0,0,0,0,0,0,0,0,0,0,0,0,0,0,0,0,0,0,0,0,0,0,0,0,0,0,0,0,0,0,0,0,0,0,0,0,0,0,0,0,0,0,0,0,0,0,0,0,0,0,0,0,0,0,0,0,0,0,0,0,0,0,0,0,0,0,0,0,0,0,0,0,0,0,0,0,0,0,0,0,0,0,0,0,0,0,0,0,0,0,0,0,0,0,0,0,0,0,0,0.004318560346068515,0,0,0,0,0,0,0,0.004050259975758569,0.004508619242724181,0.004881404446419003,0,0.003994147162646912,0,0,0,0.004159097005878918,0.005097760167687345,0,0.003486658898885775,0,0,0,0,0,0,0,0,0,0,0,0,0,0,0,0
0,0,0,0,0,0,0,0,0,0,0,0.007738496184982191,0,0,0,0,0,0,0.006813160636947998,0,0,0,0,0,0.007045268382074662,0,0.006911981541319326,0.006585409903585622,0,0,0.003638582327619184,0,0,0.005840922040987323,0,0,0,0,0,0,0,0,0,0.007411932956756701,0,0,0.007331084345925718,0,0,0,0,0,0,0,0,0,0,0,0,0,0,0,0.00717435645476487,0,0,0.008032900903724615,0,0,0,0,0,0,0,0.00358108927609266,0.00436961397180872,0,0,0,0,0,0,0.004055025554315157,0,0,0,0,0,0,0,0.004600877339508596,0,0,0,0,0,0,0,0.005331333420421103,0,0.005370631804170632,0,0,0,0,0,0,0,0.00449535462076288,0,0,0,0,0,0,0.005705351545852613,0,0,0,0,0,0,0,0,0,0,0,0,0,0,0,0,0.005758975327518102,0,0,0,0,0,0,0,0.00434180168001271,0,0.004360250933182247,0.003647065391825018,0,0,0,0,0,0,0,0,0,0,0,0,0,0,0,0,0,0,0,0,0,0,0,0,0,0,0,0,0,0,0,0,0,0,0,0,0,0,0,0,0,0,0,0,0,0,0,0,0,0,0,0,0,0,0,0,0,0,0,0.003555630918836385,0,0,0,0,0,0,0,0,0,0,0,0,0,0,0,0,0,0,0,0,0,0,0,0.004984016373568411,0.004400074895272707,0,0,0,0,0,0,0,0,0,0,0,0,0,0,0,0,0,0,0,0,0,0,0,0,0,0,0,0,0,0,0,0,0,0,0.004020180736064376,0,0,0,0,0,0,0,0,0,0,0,0,0,0,0,0,0,0,0,0,0,0,0,0,0,0,0,0,0,0,0,0,0,0,0,0,0,0,0,0,0,0,0,0,0,0,0,0,0,0,0,0,0,0,0,0,0,0,0,0,0,0,0,0,0,0,0,0,0,0,0,0,0,0,0,0,0,0,0,0,0,0,0,0,0,0,0,0,0,0,0,0,0,0,0,0,0,0,0,0.005216478072440156,0,0,0,0,0,0,0,0,0,0,0,0,0,0,0,0,0.004074908486966834,0,0,0,0,0,0,0,0,0,0.00373005078247769,0,0,0,0,0,0,0,0,0,0,0,0,0,0,0,0,0,0,0,0,0,0,0,0,0
0,0,0,0,0,0.004267133841077147,0,0,0,0,0,0,0,0,0,0,0,0,0,0,0,0,0,0,0,0,0.003181202609578319,0,0,0,0,0,0,0,0,0,0,0,0,0,0,0.004007621692813843,0,0,0,0,0,0,0,0,0,0,0,0,0,0,0,0,0,0,0,0.003543842904443107,0,0,0,0,0,0,0,0,0,0.004658753545968345,0.00358108927609266,0,0.0047345195785428,0,0.003455694509377849,0.003770753258259697,0,0,0,0.00540030734991326,0,0,0,0,0,0,0,0,0,0,0,0,0,0,0,0,0,0,0,0,0,0,0,0,0,0.003422056682869217,0,0,0,0,0,0,0,0,0,0,0,0,0,0,0,0,0,0,0,0,0,0,0,0,0,0,0,0,0,0,0,0,0,0.003848946577831654,0,0,0,0.005153804661659343,0,0,0,0,0,0,0.003247230435013195,0,0,0,0,0,0.003122356302644186,0,0,0,0,0,0,0,0,0,0,0,0,0,0,0,0,0,0.005243014141272274,0.004178824234202136,0,0,0,0,0,0,0,0,0,0,0,0,0,0,0,0,0,0,0,0,0,0,0,0,0,0.00457724732096643,0.004096396499093392,0.003899112316915738,0.004544410165773446,0.004806134240016011,0.00508400469599612,0,0,0,0,0,0,0,0,0,0,0,0,0,0,0,0,0,0.003641769773180873,0,0,0,0,0,0,0,0,0,0,0,0,0,0,0,0,0,0,0,0,0,0,0,0,0,0,0,0,0,0,0.004708336403467333,0,0.003647615756021278,0,0,0,0,0,0,0,0,0,0,0,0,0,0,0,0,0,0,0,0,0,0,0,0,0,0,0,0,0.003198060689497889,0.003222405866278999,0,0,0,0,0,0,0,0,0,0,0,0,0,0,0,0,0,0,0,0,0,0,0,0,0,0,0,0,0,0,0,0,0,0,0,0,0,0,0,0,0,0,0,0,0,0,0,0,0,0,0,0,0,0,0,0,0,0,0,0,0,0,0,0,0,0,0,0,0,0,0,0,0,0,0,0,0,0,0,0,0,0,0,0,0,0,0,0,0,0,0,0,0,0,0,0,0,0,0,0,0,0,0,0,0,0,0,0,0,0,0,0,0,0,0,0,0,0,0,0,0,0,0,0,0
0,0,0,0,0,0,0,0,0,0,0,0.004098715329509599,0,0,0,0,0,0,0.004545849590345913,0,0,0,0,0,0,0,0.003851340149253081,0.005357925773987837,0,0,0.003974573407955867,0,0,0.005000056755035511,0,0,0,0,0,0,0,0.003898029975136844,0,0.003633224014890628,0,0,0.004299440728863229,0,0,0,0,0,0,0,0,0,0,0,0,0,0,0.004919817374445507,0.004200849499015127,0,0,0.003748358032497555,0,0,0,0,0,0.004588620685716783,0.00436961397180872,0.0047345195785428,0,0,0,0.003708351046091051,0,0,0,0.005324311232380346,0,0,0,0,0,0,0,0,0,0,0,0,0,0,0,0,0,0,0,0,0,0,0,0,0,0,0.00362746700651448,0,0,0,0,0,0.003891720226817716,0,0,0,0,0,0,0,0,0,0,0,0,0,0,0,0,0.003678532170019994,0,0,0,0,0,0,0,0,0,0.003903865002612813,0,0,0,0,0,0,0,0,0,0,0,0,0,0,0,0,0,0,0,0,0,0,0,0,0,0,0,0,0,0,0,0,0,0,0.003692811642744764,0,0,0,0,0,0,0,0,0,0,0,0,0,0,0,0,0,0,0,0,0,0,0,0,0,0,0.003615029505491055,0.003788933796612676,0,0,0,0,0,0,0,0,0,0,0,0,0,0,0,0,0,0,0,0,0,0.003966805825801066,0.003774591284003703,0,0,0,0,0,0,0,0,0,0,0,0,0,0,0,0,0,0,0,0,0,0,0,0,0,0,0,0,0,0,0,0,0,0,0,0,0,0,0,0,0,0,0,0,0,0,0,0,0,0,0,0,0,0,0,0,0,0,0,0,0,0,0,0,0,0,0,0,0,0,0,0,0,0,0,0,0,0,0,0,0,0,0,0,0,0,0,0,0,0,0,0,0,0,0,0,0,0,0,0,0,0,0,0,0,0,0,0,0,0,0,0,0,0,0,0,0,0,0,0,0,0,0,0,0,0,0,0,0,0,0,0,0,0,0,0,0,0,0,0,0,0,0,0,0,0,0,0,0,0,0,0,0,0,0,0,0,0,0,0,0,0,0,0,0,0,0,0,0,0,0,0,0,0,0,0,0,0,0,0,0,0,0,0,0,0,0
0,0,0,0,0,0,0,0,0,0,0,0,0,0,0.006767120624627533,0,0,0,0,0,0,0.006822536320806037,0,0,0,0,0,0,0,0,0,0,0,0,0.005911528377793272,0.006131276687563489,0,0.003657302188284796,0.00465856766823579,0,0,0,0.002815960026021887,0,0.0067749289494093,0,0,0,0,0,0,0,0,0,0.006378585755193348,0,0.004402948809232557,0.005316332097910144,0,0,0,0,0,0,0,0,0,0.004524785030590029,0.005411487649218664,0,0,0,0,0,0,0,0,0,0.003189475642852376,0,0,0,0,0,0,0,0,0,0,0,0,0,0,0,0,0,0,0,0,0,0,0,0,0,0,0.004453406421192158,0,0,0,0,0,0,0,0.005821806164343071,0,0,0,0,0,0,0,0,0.003548595212909526,0,0,0,0,0,0,0,0,0,0.004502892665421272,0,0,0,0,0,0,0,0.003163480286144519,0,0,0,0,0,0,0,0,0,0,0,0,0,0,0,0,0,0,0,0,0,0,0,0,0,0,0,0,0,0,0,0,0,0,0,0,0,0,0,0,0,0,0,0,0,0,0,0,0,0,0,0,0,0,0,0,0,0,0,0,0,0,0,0,0,0,0,0,0,0,0,0,0,0,0,0,0,0,0,0,0,0,0,0,0,0,0,0,0,0,0,0.002856107793006239,0.005816797172850278,0,0,0,0,0,0,0,0,0,0,0,0,0.005883595956207402,0,0,0,0,0,0,0,0,0,0,0,0,0,0,0,0,0,0,0,0,0,0,0,0,0,0,0,0,0,0,0,0,0,0,0,0,0,0,0,0,0,0,0,0,0,0,0,0,0,0,0,0,0,0,0,0,0,0,0,0,0,0,0,0,0,0,0,0,0,0,0,0,0,0,0,0,0,0,0,0,0,0,0,0,0,0,0,0,0,0,0,0,0,0,0,0,0,0.003139778936537115,0,0,0,0,0,0,0,0,0,0,0,0,0,0,0,0,0,0,0,0,0,0,0,0,0,0,0,0,0,0,0,0,0,0,0,0,0,0,0,0,0,0,0,0,0,0.003864705321281469,0.003105618455124728,0,0,0.003369444428199955,0,0,0,0.002872595821990654,0,0.003406326340895328,0,0,0,0,0,0,0,0,0,0,0,0,0,0
0,0,0,0,0,0.007286635087546248,0.007874865937118256,0,0,0,0,0,0,0,0,0,0,0,0.002998899020207738,0,0,0,0,0,0,0,0,0,0,0,0,0,0,0.003998901571082122,0,0,0,0,0,0,0,0.007814998129895202,0,0,0,0,0,0,0,0,0,0,0,0,0,0,0,0,0,0,0,0,0,0,0,0,0,0,0,0,0,0,0,0.003455694509377849,0,0,0,0.007666464182781471,0,0,0,0.003306317838673789,0,0,0,0,0,0,0,0.00401853204685459,0,0,0,0,0,0,0,0,0,0,0,0,0,0,0,0,0,0.00362484887277921,0,0,0,0,0,0,0,0,0,0,0,0,0,0,0,0,0,0,0,0,0,0,0,0,0,0,0,0,0,0,0,0,0,0.004731985638906747,0,0,0,0,0,0,0,0,0,0,0,0,0,0,0,0,0,0,0,0,0,0,0,0,0,0,0,0,0,0,0,0,0,0,0.004105300271020343,0,0,0,0,0,0,0,0,0,0,0,0,0,0,0,0,0,0,0,0,0,0,0,0,0,0.004864614573241098,0.004281668953130389,0.004634196999244701,0,0,0,0,0,0,0,0,0,0,0,0,0,0,0,0,0,0,0,0,0,0.003564519116557529,0,0,0,0,0,0,0,0,0,0,0,0,0,0,0,0,0,0,0,0,0,0,0,0,0,0,0,0,0,0,0,0,0.004110313794768975,0,0,0,0,0,0,0,0,0,0,0,0,0,0,0,0,0,0,0,0,0,0,0,0,0,0,0,0,0,0,0,0,0,0,0,0,0,0,0,0,0,0,0,0,0,0,0,0,0,0,0,0,0,0,0,0,0,0,0,0,0,0,0,0,0,0,0,0,0,0,0,0,0,0,0,0,0,0,0,0,0,0,0,0,0,0,0,0,0,0,0,0,0,0,0,0,0,0,0,0,0,0,0,0,0,0,0,0,0,0,0,0,0,0,0,0,0,0,0,0,0,0,0,0,0,0,0,0,0,0,0,0,0,0,0,0,0,0,0,0,0,0,0,0,0,0,0,0,0,0,0,0,0,0,0
0,0,0,0,0,0.00728489324234863,0.007553979379585142,0,0,0,0,0,0,0,0,0,0,0,0,0,0,0,0,0,0,0,0,0,0,0,0,0,0,0,0,0,0,0,0,0,0,0.007487402273072206,0,0,0,0,0,0,0,0,0,0,0,0,0,0,0,0,0,0,0,0,0,0,0,0,0,0,0,0,0,0,0,0.003770753258259697,0.003708351046091051,0,0.007666464182781471,0,0,0,0,0.003645743750778361,0,0,0,0,0,0,0,0.003565470514673489,0,0,0,0,0,0,0,0,0,0,0,0,0,0,0,0,0,0,0,0,0,0,0,0,0,0,0,0,0,0,0,0,0,0,0,0,0,0,0,0,0,0,0,0,0,0,0,0,0,0,0,0.003838661613003594,0,0,0,0,0,0,0,0,0,0,0,0,0,0,0,0,0,0,0,0,0,0,0,0,0,0,0,0,0,0,0,0,0,0,0.005016077304482593,0,0,0,0,0,0,0,0,0,0,0.002808107715496127,0,0,0,0,0,0,0,0,0,0,0,0,0,0,0.003661077438956757,0.005246683753752213,0.005277627413442128,0.005045024253918963,0,0,0,0,0,0,0,0,0,0,0,0,0,0,0,0,0,0,0,0,0,0,0,0,0,0,0,0,0,0,0,0,0,0,0,0,0,0,0,0,0,0,0,0,0,0,0,0,0,0,0,0.003691676402613119,0,0.004180556476121722,0,0,0,0,0,0,0,0,0,0,0,0,0,0,0,0,0,0,0,0,0,0,0,0,0,0,0,0,0,0,0,0,0,0,0,0,0,0,0,0,0,0,0,0,0,0,0,0,0,0,0,0,0,0,0,0,0,0,0,0,0,0,0,0,0,0,0,0,0,0,0,0,0,0,0,0,0,0,0,0,0,0,0,0,0,0,0,0,0,0,0,0,0,0,0,0,0,0,0,0,0,0,0,0,0,0,0,0,0,0,0,0,0,0,0,0,0,0,0,0,0,0,0,0,0,0,0,0,0,0,0,0,0,0,0,0,0,0,0,0,0,0,0,0,0,0,0,0,0,0,0,0,0,0,0
0.007358307506668829,0,0,0,0,0,0,0,0,0.003066683284579037,0,0,0,0,0,0,0,0,0,0,0,0,0,0,0,0,0,0,0,0,0,0,0,0,0,0,0,0,0,0.002230001784733409,0,0,0,0,0.004146572121988669,0,0,0,0,0,0,0,0,0,0,0,0,0,0,0,0,0,0,0,0,0,0,0,0,0,0,0,0,0,0,0.003189475642852376,0,0,0,0,0,0,0,0,0,0,0,0,0,0,0,0,0,0,0,0,0,0,0,0,0,0,0,0,0,0,0,0,0,0,0,0,0,0,0,0,0,0,0,0,0,0,0,0,0,0,0,0.002232724226938111,0.004910240695429988,0,0,0,0.007014110777292646,0,0.006284890123344254,0,0,0,0,0,0,0,0,0,0,0,0,0,0,0,0,0,0,0,0,0,0,0,0,0,0.007262422836206876,0,0,0,0,0,0,0,0,0,0,0,0,0,0,0,0,0,0,0,0,0,0,0.003635082182611826,0,0,0,0,0,0,0.002884431426820361,0,0,0.00648639586260979,0,0,0,0.003712322602407164,0,0,0,0,0,0,0,0,0,0,0,0,0,0,0,0,0,0,0,0,0.007820939495502093,0,0,0,0,0,0,0,0,0,0,0,0.007736420231730721,0,0.00825589206791676,0,0,0,0,0,0,0,0,0,0,0,0,0,0,0,0,0,0,0,0,0,0,0,0,0,0,0,0,0,0,0,0,0,0,0,0,0,0,0,0,0,0,0,0,0,0,0,0,0,0,0,0,0,0,0,0,0,0,0,0,0,0,0,0,0,0,0,0,0,0,0,0,0,0,0,0,0,0,0,0,0,0,0,0,0,0,0,0,0,0,0,0,0,0,0,0,0,0,0,0,0,0,0,0,0,0,0,0,0,0,0.007279595116732322,0.008349362231287585,0,0,0,0.003095014818988793,0,0,0,0,0,0,0,0,0,0.006507206782388733,0.005609393167462026,0.006509151181635076,0,0,0,0,0,0,0,0,0,0,0,0,0,0,0,0,0,0,0,0,0,0,0,0,0,0,0,0,0,0,0,0,0,0,0,0,0,0,0,0,0.00194860219952553,0,0,0,0,0,0,0,0,0,0,0,0,0
0,0,0,0,0.005020594227652872,0,0,0,0,0,0,0,0.005446948343022765,0,0,0,0,0,0,0,0,0,0,0,0,0,0,0,0,0,0,0,0,0,0,0,0,0,0,0,0,0,0.00446904674460882,0,0,0,0,0,0,0,0,0,0,0,0,0,0,0,0,0,0,0,0,0,0,0,0,0,0,0.004924017014398017,0.004324968864815046,0,0,0,0,0,0,0,0,0,0,0,0.002934326664746365,0,0,0.003467206392756315,0,0,0,0,0,0,0,0,0,0,0,0,0,0,0.004764782626042009,0,0,0,0,0,0,0,0,0,0,0,0,0,0,0,0,0,0,0,0,0,0,0,0,0,0,0,0,0,0,0,0,0,0,0,0,0,0,0,0,0,0.003187116964267016,0.00268117322301277,0.00371893150571809,0,0,0,0.003865900695348363,0,0.007509326295290161,0,0,0,0,0,0,0,0,0,0,0.00303610082644055,0,0,0,0,0.004475333447604571,0,0.00693594936391502,0,0.002811401037045251,0.007423525853134348,0,0,0,0,0,0,0,0,0,0,0,0,0,0,0,0,0,0,0,0,0,0,0,0,0,0,0,0,0,0,0,0,0,0,0,0,0,0,0,0,0,0,0,0,0,0,0,0,0,0,0,0,0,0,0,0,0,0,0,0,0,0,0.002668534584332393,0,0,0,0,0,0,0,0,0,0,0,0,0,0,0,0,0,0,0,0,0,0,0,0,0,0,0,0,0,0,0,0,0,0,0,0,0,0,0,0,0,0,0,0,0,0,0,0,0,0,0,0,0,0,0,0,0,0,0,0,0,0,0,0,0,0,0,0,0,0,0,0,0,0,0,0,0,0,0,0,0,0,0,0,0,0,0,0,0,0,0,0,0,0,0,0,0,0,0,0,0,0,0,0,0,0,0,0,0,0,0,0,0,0,0,0,0,0,0,0,0,0,0,0,0,0,0,0,0,0,0,0,0,0,0,0,0,0.00698415984279384,0,0,0,0,0,0,0,0,0,0,0,0,0.003031934331903114,0.002757154334170218,0,0,0,0,0,0.003088983036879569,0,0,0,0,0.002668720373107525,0,0,0,0,0,0,0,0,0,0,0,0.00290992056997338,0,0,0,0,0
0,0,0,0,0,0,0,0,0,0,0,0,0,0,0,0,0,0,0,0,0,0,0,0,0,0,0,0,0,0,0,0,0,0,0,0,0,0,0,0,0,0,0,0,0,0,0,0,0,0,0.006843349355173782,0.007146836140642699,0,0.00471235863419423,0,0.005001787195688364,0,0,0,0,0,0,0,0,0,0,0,0,0,0,0,0,0,0,0,0,0,0,0,0,0,0,0,0,0,0,0,0,0,0,0,0,0,0,0,0,0,0,0,0,0,0,0,0,0,0,0,0,0,0,0,0,0,0,0,0,0,0,0,0,0,0,0,0,0,0,0,0,0,0.003923126152629067,0,0,0,0,0,0,0,0,0.004461109069263445,0,0,0,0,0,0,0,0,0,0,0.005955746272604433,0,0,0,0,0,0,0,0,0,0,0,0,0,0,0.0060643243010667,0,0.00442315737261713,0,0,0,0,0,0,0,0,0,0,0,0,0,0,0,0,0,0,0,0,0,0,0,0,0,0,0,0,0,0,0,0,0,0,0,0,0,0,0,0,0,0,0,0,0,0,0,0,0,0,0,0,0.005316943663606204,0,0,0,0,0,0,0,0,0,0,0,0,0,0,0,0.004244224119402138,0,0.00429590219495559,0.004944895622438545,0.005393084359367734,0,0.005502033402534899,0,0.004348297505545103,0,0,0,0,0,0,0,0,0,0,0,0,0,0,0,0,0,0,0,0,0,0,0,0,0.00543821977807661,0.006856125291877375,0.006224369228690199,0.004424731188005778,0.00422831754576026,0,0,0,0,0,0,0,0,0,0,0,0,0,0,0,0,0,0,0,0,0,0,0,0,0,0,0,0,0,0,0,0,0,0,0,0,0,0,0,0,0,0,0,0,0,0,0,0,0,0,0,0,0,0,0,0,0,0,0,0,0,0,0,0,0,0,0,0,0,0,0,0,0,0,0.004258565113234494,0,0,0,0,0,0,0,0,0,0,0,0,0,0,0,0,0,0,0,0,0,0,0,0,0,0,0,0,0,0,0,0,0,0,0,0,0,0,0,0,0,0,0,0,0,0,0,0,0,0,0,0,0,0,0.006949060659084481,0,0,0,0.00412857390424424,0,0,0,0,0.007239608524224488,0,0.005527935089733617,0
0,0,0,0,0,0.004127310462590388,0,0,0,0,0,0.003635310959429071,0,0,0,0,0,0,0,0,0,0,0,0,0,0,0.003884231127050087,0,0,0,0,0,0,0,0,0,0,0,0,0,0,0.003860483897473744,0,0.003627111754475779,0,0,0.003206737592806552,0,0,0,0,0,0,0,0,0,0,0,0,0,0,0.003947174380534301,0.003799612557216492,0,0,0.003637044236170405,0,0,0,0,0,0.004577744129006111,0.004055025554315157,0.00540030734991326,0.005324311232380346,0,0.003306317838673789,0.003645743750778361,0,0,0,0,0,0,0,0,0,0,0,0,0,0,0,0,0,0,0,0,0,0,0,0,0,0,0,0,0,0,0,0,0,0,0,0,0,0,0,0,0,0,0,0,0,0,0,0,0,0,0,0,0,0,0,0,0,0,0,0,0,0,0,0.003508311108668602,0,0,0,0.004763045034534888,0,0,0,0,0,0,0,0,0,0,0,0,0,0,0,0,0,0,0,0,0,0,0,0,0,0,0,0,0,0,0.004548264923189227,0.004230350105169776,0,0,0,0,0,0,0,0,0,0,0,0,0,0,0,0,0,0,0,0,0,0,0,0,0,0.00395258776860228,0.00356073705858752,0,0.004508999152010302,0.004790245385440922,0.005131802004898515,0,0,0,0,0,0,0,0,0,0,0,0,0,0,0,0,0,0.003450655542025144,0,0,0,0,0,0,0,0,0,0,0,0,0,0,0,0,0,0,0,0,0,0,0,0,0,0,0,0,0,0,0.003848107026405191,0,0,0,0,0,0,0,0,0,0,0,0,0,0,0,0,0,0,0,0,0,0,0,0,0,0,0,0,0,0,0,0,0,0,0,0,0,0,0,0,0,0,0,0,0,0,0,0,0,0,0,0,0,0,0,0,0,0,0,0,0,0,0,0,0,0,0,0,0,0,0,0,0,0,0,0,0,0,0,0,0,0,0,0,0,0,0,0,0,0,0,0,0,0,0,0,0,0,0,0,0,0,0,0,0,0,0,0,0,0,0,0,0,0,0,0,0,0,0,0,0,0,0,0,0,0,0,0,0,0,0,0,0,0,0,0,0,0,0,0,0,0,0,0,0,0,0,0,0,0,0,0,0,0,0,0,0
0,0,0,0,0,0,0,0,0,0,0,0,0,0,0,0,0,0,0,0.005093012615014558,0,0,0,0,0,0,0,0,0,0,0,0,0,0,0,0,0,0,0,0,0,0,0,0,0,0,0,0,0,0,0,0,0,0,0,0,0,0,0,0,0,0,0,0,0,0,0,0,0,0,0,0,0,0,0,0,0,0,0,0.002934326664746365,0,0,0,0.005171852669060732,0.004876348185436657,0,0,0,0,0,0,0,0,0,0,0,0,0,0,0,0,0,0,0,0,0,0,0,0,0,0,0,0,0,0,0,0,0,0,0,0,0,0.003787326087118809,0.005022121484767272,0,0,0,0,0,0,0,0,0,0,0,0,0,0,0,0,0,0,0,0,0,0,0,0,0,0,0,0,0,0,0,0,0,0,0,0,0,0.003155348261500475,0,0,0,0,0,0,0,0.00586088443408429,0.006130873331913086,0,0,0,0,0,0,0,0,0,0,0,0,0,0,0,0,0,0,0,0,0,0,0,0,0,0,0,0,0,0,0,0,0,0,0,0,0,0,0,0,0,0,0,0,0,0,0.003976782084013157,0,0,0,0,0,0,0,0,0,0,0,0,0,0,0,0,0,0,0.003785000491988688,0,0,0,0,0,0,0,0.003870194980095535,0,0,0,0,0,0,0,0,0,0,0,0,0,0,0,0,0,0,0,0,0,0,0,0,0,0,0,0,0,0,0,0,0,0,0,0,0,0,0,0,0,0,0,0,0,0,0,0,0,0,0,0,0,0,0,0,0,0,0,0,0,0,0,0,0,0,0,0,0,0,0,0,0,0,0,0,0,0,0,0,0,0,0,0,0,0,0,0,0,0,0,0,0,0,0,0,0,0,0,0,0.003809553842553045,0.003146811513718956,0,0,0,0.00397262418239704,0.004805714063107809,0,0,0,0,0,0,0,0,0,0,0,0,0,0,0,0,0,0,0,0,0,0,0,0,0,0,0,0,0,0.003171798078688559,0,0,0,0,0,0,0,0,0,0,0,0,0,0.002975599869545448,0,0,0,0,0.0030959609888684,0,0,0,0,0,0,0,0,0.005567937734787783,0,0,0.004821331805163534,0,0
0,0,0,0,0,0,0,0,0,0,0,0,0,0,0,0,0,0,0,0.004702440223771396,0,0,0,0,0,0,0,0,0,0.001288794741093389,0,0.004482422289151815,0.00463891154901128,0,0,0.003314499055103714,0,0.00437252817790622,0.003471249738908074,0,0,0,0.003310537414597606,0,0,0,0,0,0,0,0,0,0,0,0,0,0.0046424330492478,0.003870969439713557,0,0,0,0,0,0,0.004462119537450028,0,0,0.00394685252377867,0.003425856025997476,0,0,0,0,0,0,0,0,0,0,0,0,0,0.005171852669060732,0,0.004939748746569444,0,0,0,0,0,0,0,0,0,0,0,0,0,0,0,0,0,0,0,0,0.004559992960243477,0,0,0,0,0,0,0,0,0,0.004075208307825214,0.003818925059757587,0,0.001328069065381841,0,0,0,0.00439483543971682,0.005422006145538116,0,0,0,0,0,0,0,0,0,0,0,0,0,0,0,0,0,0,0,0,0,0,0,0,0,0,0,0,0,0,0,0,0,0,0,0,0,0,0,0,0,0,0,0,0,0.006304741745975844,0.00575061469542134,0,0,0,0,0,0,0,0,0,0,0,0,0,0,0,0,0,0,0,0,0,0,0,0,0,0,0,0,0,0,0,0,0,0,0,0,0,0,0,0,0,0,0,0,0,0,0.004043130663339482,0,0,0,0,0,0,0,0,0,0,0,0,0,0,0,0.00341337164028984,0,0,0,0,0,0,0,0,0,0,0,0,0,0,0,0,0,0,0.00381422507003519,0,0,0,0.003425530313420242,0,0,0,0,0,0,0,0,0,0,0,0,0,0,0,0,0,0,0,0,0,0,0,0,0,0,0,0,0,0,0,0,0,0,0,0,0,0,0,0,0,0,0,0,0,0,0,0,0,0,0,0,0,0,0,0,0,0,0,0,0,0,0,0,0,0,0,0,0,0,0,0,0,0,0,0,0,0,0,0,0,0,0,0,0,0,0,0,0,0,0,0,0,0,0.00518366487408937,0,0,0,0,0,0,0,0,0,0,0,0,0,0,0,0,0,0,0,0.004573153702755141,0,0,0,0,0,0,0,0,0,0,0,0,0,0,0,0,0,0,0,0,0,0,0,0,0,0,0,0,0,0,0,0,0,0,0,0,0,0.005587014960273694,0,0,0.00465140272055506,0,0
0,0,0,0,0,0,0,0,0,0,0,0,0,0,0,0,0,0,0,0.006968503048525468,0,0,0,0,0,0,0,0,0,0,0,0,0,0,0,0,0,0,0,0,0,0,0,0,0,0,0,0,0,0,0,0,0.003683954161358645,0,0,0.004057653704290691,0,0,0,0,0,0,0,0,0.007653930111868665,0,0,0.003749116647004148,0.003188798765522579,0,0,0,0,0,0,0,0,0,0,0,0,0,0.004876348185436657,0.004939748746569444,0,0,0,0,0,0,0,0,0,0,0,0,0,0,0,0,0,0,0,0,0,0,0,0,0,0,0,0.004346847830109883,0,0,0,0,0,0,0,0,0,0,0.00422358561704376,0.01000832107337924,0,0,0,0,0,0,0,0,0,0,0,0,0,0,0,0,0,0,0,0,0,0,0,0,0,0,0,0,0,0,0,0,0,0,0,0,0,0,0,0,0,0,0,0,0,0.006356190816390589,0.006163717874207802,0,0,0,0,0,0,0,0,0,0,0,0,0,0,0,0,0,0,0,0,0,0,0,0,0,0,0,0,0,0,0,0,0,0,0,0,0,0,0,0,0,0,0,0,0.005904543141907576,0,0.006812506227569275,0,0,0,0,0,0,0.00401069671361224,0,0,0,0,0,0,0,0,0,0,0,0,0,0,0,0.00333900220648087,0,0,0,0,0.006896659718446376,0.005098299205176743,0.005856269646581081,0.003727149257627202,0,0,0,0,0,0,0,0,0,0,0,0,0,0,0,0,0,0,0,0,0,0,0,0,0,0,0,0,0,0,0,0,0,0,0,0,0,0,0,0,0,0,0,0,0,0,0,0,0,0,0,0,0,0,0,0,0,0,0,0,0,0,0,0,0,0,0,0,0,0,0,0,0,0,0,0,0,0,0,0,0,0,0,0,0,0,0,0,0,0,0,0,0,0,0,0,0,0,0,0,0,0,0.005139154348330285,0,0,0,0,0,0,0,0,0,0,0,0,0,0,0,0,0,0,0,0,0,0,0,0,0,0,0,0,0,0,0,0,0,0,0,0,0,0,0,0,0,0,0,0,0,0,0,0,0,0,0,0,0,0,0,0,0,0.006273144847099552,0,0,0.009818227582328589,0,0
0,0,0,0,0,0,0,0,0,0,0,0,0,0,0,0,0,0,0,0,0,0,0,0,0,0,0,0,0,0,0,0,0,0,0,0,0,0,0,0,0,0,0,0,0,0,0,0,0,0,0,0,0,0,0,0,0,0,0,0,0,0,0,0,0,0,0,0,0,0.00548437878317104,0.006832684441937527,0,0,0,0,0,0,0,0,0.003467206392756315,0,0,0,0,0,0,0,0,0,0,0,0,0,0,0,0,0,0,0,0,0.009441699947034921,0,0,0,0,0,0,0,0,0,0,0,0,0,0,0,0,0,0,0,0,0,0,0,0,0,0,0,0,0,0,0,0,0,0,0,0,0,0.005815941669890393,0.004686120885648249,0,0,0.005535068385834943,0.006317195274874158,0.004743761158597844,0,0,0,0.006374433220857087,0,0,0,0,0,0,0,0,0,0,0,0,0.0032577136296399,0,0,0,0,0,0,0,0,0,0.004164619646821438,0.006253274581383741,0.006204604654281196,0,0,0,0,0,0,0,0,0,0,0,0,0.004744096706809101,0,0,0.002822383332372833,0,0,0,0,0.003161266964242583,0,0,0,0,0,0,0,0,0,0,0,0,0,0,0,0,0,0,0,0,0,0,0,0,0,0,0,0,0,0,0,0,0,0,0,0,0,0,0,0.007279289941050655,0,0,0,0,0,0,0,0.00582755954979022,0.006503521957081709,0.004051951220640976,0,0,0,0,0,0,0,0,0,0,0,0,0,0,0,0,0,0,0,0,0,0,0,0,0,0,0,0,0,0,0,0,0,0,0,0,0,0,0,0,0,0,0,0,0,0,0,0,0,0,0,0,0,0,0,0,0,0,0,0,0,0,0,0,0,0,0,0,0,0,0,0,0,0,0,0,0,0,0,0,0,0,0,0,0,0,0,0,0,0,0,0,0,0,0,0,0,0,0,0,0.003507344655704202,0.002781165843461517,0,0,0,0.003201851306710243,0,0,0,0,0,0,0,0,0,0,0,0,0,0,0,0,0,0,0,0,0,0.004002940259524823,0,0,0,0,0,0,0,0,0,0,0,0,0,0,0,0,0,0,0,0.003291008389246451,0,0,0,0,0,0.003063097457817496,0,0,0,0,0,0,0,0,0,0,0,0,0,0,0,0
0,0,0,0,0,0,0,0,0,0,0,0,0,0,0,0,0,0,0,0,0,0,0,0,0,0,0,0,0.003952093523792048,0,0,0,0,0,0,0,0.004237565576211817,0,0,0,0,0,0,0,0,0.004082206822060549,0,0.003925643350827383,0,0,0,0,0,0,0,0,0,0,0,0,0,0,0,0.007531612995010027,0,0,0.004965005625861804,0,0,0,0,0,0,0,0,0,0,0,0,0,0,0,0,0,0,0,0,0.004323000507680553,0.00431641600246587,0,0.004267922644847195,0,0,0,0,0,0,0,0,0,0,0,0,0,0,0,0,0,0,0,0,0,0,0,0,0,0,0,0,0,0,0,0,0,0,0.004670232877092437,0,0,0,0,0,0,0,0,0,0,0,0,0,0,0,0,0,0,0,0,0,0.004912400147077728,0,0,0,0,0,0,0,0,0,0,0,0,0,0,0,0,0,0,0,0,0,0,0,0,0,0,0.005179499941596007,0,0,0,0,0,0,0.004461846415851227,0,0,0,0,0,0,0,0,0,0.004686159613995836,0,0,0,0.003583189953636679,0,0,0,0,0,0,0,0,0,0,0,0,0,0,0,0.003602693739494347,0,0,0,0,0,0,0,0,0,0,0,0,0,0,0,0,0.004392677130804762,0,0,0,0,0,0,0,0,0,0,0,0,0,0,0,0,0,0,0,0,0,0,0,0,0,0,0,0,0,0,0,0,0,0,0,0,0,0,0,0,0,0,0,0,0,0,0,0,0,0,0,0,0,0,0,0,0,0,0,0,0,0,0,0,0,0,0,0,0,0,0,0,0,0,0,0,0,0,0,0,0,0,0,0,0,0,0,0,0,0,0,0,0,0,0,0,0,0,0,0,0,0,0,0,0,0,0,0,0,0.003427566399014383,0,0.003428776700044441,0,0,0,0,0,0,0,0,0,0,0,0,0,0,0,0,0,0,0,0,0,0,0,0,0,0,0,0,0,0,0,0,0,0,0.003511857154754453,0,0,0,0,0,0,0,0,0,0,0,0,0,0,0,0,0,0,0,0,0,0,0,0,0,0,0,0,0,0,0,0,0,0,0,0,0,0,0
0,0,0,0,0,0,0,0,0,0,0,0,0,0,0,0,0.008088278331732287,0,0,0,0,0,0,0,0,0,0,0,0,0,0,0,0,0,0,0,0.007493992224071577,0,0,0,0,0,0,0,0,0.00720172177877383,0,0.007450479957570966,0,0,0,0,0,0,0,0,0,0,0,0,0,0,0,0.005122743041192626,0,0,0.005803656869775463,0,0,0,0,0,0,0,0,0,0,0,0,0,0,0,0,0,0,0,0.004323000507680553,0,0.006213196103936431,0,0.007404931815586416,0,0,0,0,0,0,0,0,0,0,0,0,0,0.004773999479011973,0,0,0,0,0,0,0,0.004052715089219672,0,0,0,0,0,0,0,0,0,0,0,0,0,0,0,0,0,0,0,0,0,0,0,0.003953379245469972,0,0,0,0,0,0,0,0,0,0,0.004640088456038704,0,0,0,0,0,0,0,0,0,0,0,0,0,0,0,0,0,0,0,0,0,0,0,0,0,0,0,0,0,0,0,0,0,0.006215091338038957,0,0,0,0,0,0,0,0,0,0,0,0,0,0,0,0,0,0,0,0,0,0,0,0,0,0,0,0,0,0,0,0,0,0,0,0,0,0,0,0,0,0,0,0,0,0,0,0,0,0,0,0,0,0,0,0,0,0,0,0,0,0,0,0,0,0,0,0,0,0,0,0,0,0,0,0,0,0,0,0,0,0,0,0,0,0,0,0,0,0,0,0,0,0,0,0,0,0,0,0,0,0,0,0,0,0,0,0,0,0,0,0,0,0,0,0,0,0,0,0,0,0,0,0,0,0,0,0,0,0,0,0,0,0,0,0,0,0,0,0,0,0,0,0,0,0,0,0,0,0,0,0,0,0,0,0,0,0,0,0,0,0,0,0,0,0,0,0,0,0,0,0,0,0,0,0,0,0,0,0,0,0,0,0,0,0,0,0,0,0,0,0,0,0,0,0,0,0,0,0,0,0,0,0,0,0,0,0,0,0,0,0,0,0,0,0,0,0,0,0,0,0,0,0,0,0,0,0,0.006874176868441278,0,0,0,0
0,0,0,0,0,0,0,0,0,0,0,0,0,0,0,0,0.004845379767234172,0,0,0,0,0,0,0,0,0,0,0,0.004531389018005191,0,0,0,0,0,0,0,0.006003921947540212,0,0,0,0,0,0,0,0,0.005695491144804849,0,0.006013567149200948,0,0,0,0,0,0,0,0,0,0,0,0,0,0,0,0,0,0,0.004793780721562468,0,0,0,0,0,0,0,0,0,0,0,0,0,0,0,0,0,0,0,0.00431641600246587,0.006213196103936431,0,0,0.005958637376017631,0,0,0,0,0,0,0,0,0,0,0,0,0,0.004808383517421458,0,0,0,0,0,0,0,0.004243248552696964,0,0,0,0,0,0,0,0,0,0,0,0,0.004334446198181424,0,0,0,0,0,0,0,0,0,0.004267659673427292,0.005050633000106308,0,0,0,0,0,0,0,0,0,0,0.005531618376341784,0,0,0,0,0,0,0,0,0,0,0,0,0,0,0,0,0,0,0,0,0,0,0,0,0,0,0.004063606787519506,0,0,0,0,0,0,0.005291625700028219,0,0,0,0,0,0,0,0,0,0,0,0,0,0.003902938890336332,0,0,0,0.003865123466815921,0,0,0,0,0,0,0,0,0,0.004212882972672818,0,0.004143115938813882,0,0,0,0,0,0,0,0,0,0,0,0.003890877522253024,0,0,0,0,0.004557791105847708,0,0,0,0,0,0,0,0,0,0,0,0,0,0,0,0,0,0,0,0,0,0,0,0,0,0,0,0,0,0,0,0,0,0,0,0,0,0,0,0,0,0,0,0,0,0,0,0,0,0,0,0,0,0,0,0,0,0,0,0,0,0,0,0,0,0,0,0,0,0,0,0,0,0,0,0,0,0,0,0,0,0,0,0,0,0,0,0,0,0,0,0,0,0,0,0,0,0,0,0,0,0,0,0,0,0,0,0,0,0.003863903022236149,0,0,0.003994016035842062,0,0,0,0,0,0,0,0,0,0,0,0,0,0,0,0,0,0,0,0,0,0,0,0,0,0,0,0,0,0,0,0,0,0,0,0,0,0,0,0,0,0,0,0,0,0,0,0,0,0,0,0,0,0,0,0,0,0,0,0,0,0,0,0,0,0,0,0,0.005375746845186821,0,0,0,0
0,0,0,0,0,0.003639856877593703,0.003477686945719995,0,0,0,0,0.004531767931226782,0.008940673071446319,0,0,0,0,0,0.004081688798679245,0,0,0,0,0,0,0,0.00430648206617708,0.003940099140570547,0,0,0,0,0,0.003666606750302614,0.002995092909480734,0,0,0,0,0,0,0.00312801853952248,0,0.004609274508612891,0,0,0.004090125661054793,0,0,0,0,0,0,0,0,0,0,0,0,0,0,0,0.004089609945082823,0,0,0.004954943734175796,0,0,0,0,0,0,0.004600877339508596,0,0,0,0.00401853204685459,0.003565470514673489,0,0,0,0,0,0,0,0,0,0,0,0,0,0,0,0,0,0,0,0.003708944768931036,0,0.004295395228897556,0,0,0,0,0,0,0,0,0,0,0,0,0,0,0.003472344629337371,0,0,0,0,0,0,0,0,0,0,0,0,0,0,0,0,0.003917465062668422,0,0,0,0,0,0,0,0.003613482795305333,0,0,0.003208660203568769,0,0,0,0,0,0,0,0,0,0,0,0,0,0,0,0,0,0,0,0,0,0,0,0,0,0,0,0,0,0,0,0,0,0,0,0,0,0,0,0,0,0,0,0,0,0,0,0,0,0,0,0,0,0,0,0,0,0,0,0.004981452336619588,0,0,0,0,0,0,0,0,0,0,0,0,0,0,0,0,0,0,0,0,0,0,0,0,0,0,0,0,0,0,0,0,0,0,0,0,0,0,0,0,0,0,0,0,0,0,0,0,0,0,0,0,0,0,0,0,0,0,0,0,0,0,0,0,0,0,0,0,0,0,0,0,0,0,0,0,0,0,0,0,0,0,0,0,0,0,0,0,0,0,0,0,0,0,0,0,0,0,0,0,0,0,0,0,0,0,0,0,0,0,0,0,0,0,0,0,0,0,0,0,0,0,0,0,0,0,0,0,0,0,0,0,0,0,0,0,0,0,0,0,0,0,0,0,0,0,0,0,0,0,0,0,0,0,0,0,0,0,0,0,0,0,0,0,0,0,0,0,0,0,0,0,0,0,0,0,0,0,0,0,0,0,0,0,0,0,0,0,0,0,0,0,0,0,0,0,0,0,0,0,0,0,0,0,0,0,0,0,0,0,0,0
0,0,0,0,0,0,0,0,0,0,0,0,0,0,0,0,0.007793178852381745,0,0,0,0,0,0,0,0,0,0,0,0,0,0,0,0,0,0,0,0.00722436443926781,0,0,0,0,0,0,0,0,0.00704373731447722,0,0.007362081634599504,0,0,0,0,0,0,0,0,0,0,0,0,0,0,0,0.004956983860752783,0,0,0.005854379291104339,0,0,0,0,0,0,0,0,0,0,0,0,0,0,0,0,0,0,0,0.004267922644847195,0.007404931815586416,0.005958637376017631,0,0,0,0,0,0,0,0,0,0,0,0,0,0,0,0.004897148082319572,0,0,0,0,0,0,0,0.004188582362874012,0,0,0,0,0,0,0,0,0,0,0,0,0,0,0,0,0,0,0,0,0,0,0,0.004118992679992882,0,0,0,0,0,0,0,0,0,0,0.004688038965178712,0,0,0,0,0,0,0,0,0,0,0,0,0,0,0,0,0,0,0,0,0,0,0,0,0,0,0,0,0,0,0,0,0,0.005837120972982687,0,0,0,0,0,0,0,0,0,0,0,0,0,0,0,0,0,0,0,0,0,0,0,0,0,0,0,0,0,0,0,0,0,0,0,0,0,0,0,0,0,0,0,0,0,0,0,0,0,0,0,0,0,0,0,0,0,0,0,0,0,0,0,0,0,0,0,0,0,0,0,0,0,0,0,0,0,0,0,0,0,0,0,0,0,0,0,0,0,0,0,0,0,0,0,0,0,0,0,0,0,0,0,0,0,0,0,0,0,0,0,0,0,0,0,0,0,0,0,0,0,0,0,0,0,0,0,0,0,0,0,0,0,0,0,0,0,0,0,0,0,0,0,0,0,0,0,0,0,0,0,0,0,0,0,0,0,0,0,0,0,0,0,0,0,0,0,0,0,0,0,0,0,0,0,0,0,0,0,0,0,0,0,0,0,0,0,0,0,0,0,0,0,0,0,0,0,0,0,0,0,0,0,0,0,0,0,0,0,0,0,0,0,0,0,0,0,0,0,0,0,0,0,0,0,0,0,0,0.006734381867238657,0,0,0,0
0,0,0,0,0,0,0,0,0,0,0,0,0,0,0,0,0,0.002077728054050119,0,0,0,0,0,0,0,0,0,0,0,0,0,0,0,0,0,0,0,0,0,0,0,0,0,0,0,0,0,0,0,0,0,0,0,0,0,0,0,0,0,0,0,0,0,0,0,0,0,0,0,0,0,0,0,0,0,0,0,0,0,0,0,0,0,0,0,0,0,0,0,0,0,0,0,0,0,0,0,0,0,0,0,0,0,0,0,0,0,0,0,0,0,0,0,0,0,0,0,0,0,0,0,0,0,0,0,0,0,0,0,0,0,0,0,0,0,0,0,0,0,0,0,0,0,0,0,0,0,0,0,0,0,0,0,0,0,0,0,0,0,0,0,0,0,0,0,0,0,0,0,0,0,0,0,0,0,0,0,0,0,0,0,0,0,0,0,0,0,0,0,0,0,0,0,0,0,0,0,0,0,0,0,0,0,0,0,0,0,0,0,0,0,0,0,0,0,0,0,0,0,0,0,0,0,0,0,0,0,0,0,0,0,0,0,0,0,0,0,0,0,0,0,0,0,0,0,0,0,0,0,0,0,0,0,0,0,0,0,0,0,0,0,0,0,0,0,0,0,0,0,0,0,0,0,0,0,0,0,0,0,0,0,0,0,0,0,0,0,0,0,0,0,0,0,0,0,0,0,0,0,0,0,0,0,0,0,0,0,0,0,0,0,0,0,0,0,0,0,0,0,0,0,0,0,0,0,0,0,0,0,0,0,0,0,0,0,0,0,0,0,0,0,0,0,0,0,0,0,0,0,0,0,0,0,0,0,0,0,0,0,0,0,0,0,0,0,0,0,0,0,0,0,0,0,0,0,0,0,0,0,0,0,0,0,0,0,0,0,0,0,0,0,0,0,0,0,0,0,0,0,0,0,0,0,0,0,0,0,0,0,0,0,0,0,0,0
0,0,0,0,0,0,0,0,0,0,0,0,0,0,0,0,0,0,0,0,0,0,0,0.005689936820077621,0,0,0,0,0,0,0,0,0,0,0,0,0,0,0,0,0,0,0,0,0,0,0,0,0,0,0,0,0,0,0,0,0,0,0,0,0,0,0,0,0,0,0,0,0,0,0,0,0,0,0,0,0,0,0,0,0,0,0,0,0,0,0,0,0,0,0,0,0,0.003441747592467682,0.009934694002295859,0.009938363032222204,0,0,0,0,0,0,0,0,0,0,0,0,0,0,0,0,0,0,0,0,0,0,0,0,0,0,0,0,0,0,0,0,0,0,0,0,0,0,0,0,0,0,0,0,0,0,0,0,0,0.004462967004106604,0,0,0,0,0,0.006285166096160638,0.006011305283776573,0,0,0,0,0,0.00599318966877003,0,0,0,0,0,0,0,0,0,0,0,0,0,0,0,0,0,0,0.00840603639808574,0,0,0,0,0,0,0,0.0035016395880291,0,0.00337493672511054,0,0,0,0,0,0,0,0,0,0,0,0,0,0,0,0.003815563445018501,0,0.004818386590922978,0.00536155339548295,0.004427027221763399,0.00415444490834364,0,0,0,0,0,0,0,0,0,0,0,0,0,0,0,0,0,0,0,0,0,0,0,0,0,0,0,0,0,0,0,0,0,0,0,0,0,0,0,0,0,0,0,0,0,0,0,0,0,0,0.003285223461042484,0,0,0,0,0,0,0,0,0,0,0,0,0,0,0,0,0,0,0,0.006227695910237457,0.006227695910237457,0.006225735721651643,0.006227695910237457,0.006186776450683492,0.006161441471056593,0.006157816701865035,0.006148885501171323,0.006157816701865035,0.006100775679890634,0.006105342902241257,0.006185098508270525,0,0,0,0,0,0,0,0,0,0,0,0,0,0,0,0,0,0,0,0,0,0,0,0,0,0,0,0,0,0,0,0,0,0,0,0,0,0,0,0,0,0,0,0,0,0,0,0,0,0,0,0,0,0,0,0,0,0,0,0,0,0,0,0,0,0,0,0,0,0,0,0,0,0,0,0,0,0,0,0,0,0,0,0,0,0,0,0,0,0,0,0,0,0,0,0,0,0,0,0,0,0,0,0,0,0,0,0,0,0,0,0,0,0,0,0,0,0,0,0,0,0,0,0
0,0,0,0.003877485582521334,0,0,0,0.007183338638658124,0,0,0,0,0,0,0,0,0,0,0,0,0,0,0,0,0,0,0,0,0,0,0,0,0,0,0,0,0,0,0,0,0,0,0,0,0,0,0,0,0,0,0,0,0,0,0,0,0,0,0,0,0,0,0,0,0,0,0,0,0,0,0,0,0,0,0,0,0,0,0,0,0,0,0,0,0,0,0,0,0,0,0,0,0.003441747592467682,0,0.003448246872545749,0.003448617080142188,0.006504349992273499,0,0,0,0,0,0,0,0,0,0,0,0,0,0,0,0,0,0,0,0,0,0,0,0,0,0,0,0,0,0,0,0,0,0,0,0,0,0,0,0,0,0,0,0,0,0,0,0,0,0,0,0,0,0,0,0,0,0,0,0.007015943532410832,0,0,0.004955313799239939,0,0,0,0,0,0,0,0,0,0,0,0,0,0,0,0,0,0,0,0,0,0,0,0,0,0,0,0,0,0,0,0,0,0,0,0,0,0,0,0,0,0,0,0,0,0,0,0,0,0,0,0,0,0,0,0,0,0,0,0,0,0,0,0,0,0,0,0,0,0,0,0,0,0,0,0,0,0,0,0,0,0,0,0,0,0,0,0,0,0,0,0,0,0,0,0,0,0,0,0,0,0,0,0,0,0,0,0,0,0,0,0,0,0,0.006122050672664874,0.006120643821431617,0.004985826810729704,0.004983485739592812,0.006192934551224246,0,0,0,0,0,0,0,0,0,0,0,0,0.005276938166823977,0.005273001807188992,0.004432125634453169,0,0,0,0,0,0,0,0,0,0,0,0,0,0,0,0,0,0,0,0,0,0,0,0,0,0,0,0,0,0,0.006192275472085907,0.006189906839547171,0.005287830252822739,0.005270800868368107,0.005263745365603874,0.005275409123484936,0.005273742632837589,0.005230342124420291,0.005232157823435694,0.005235513521075917,0.004872250906668015,0.005235429297644372,0,0,0,0,0,0,0,0,0,0,0,0,0,0,0,0,0,0,0,0,0,0,0,0,0,0,0,0,0,0,0,0,0,0,0,0,0,0,0,0,0,0,0,0,0,0,0,0,0,0,0,0,0,0,0,0,0,0,0,0,0,0,0,0,0,0,0,0,0,0,0,0,0,0,0,0,0,0,0
0,0,0,0,0,0,0,0,0,0,0,0,0,0,0,0,0,0,0,0,0,0,0,0.006110123474012416,0,0,0,0,0,0,0,0,0,0,0,0,0,0,0,0,0,0,0,0,0,0,0,0,0,0,0,0,0,0,0,0,0,0,0,0,0,0.003451116744518153,0,0,0,0,0,0,0,0,0,0,0,0,0,0,0,0,0,0,0,0,0,0,0,0,0,0,0,0,0,0,0.009934694002295859,0.003448246872545749,0,0.01005303428884535,0,0,0,0,0,0,0,0,0,0,0,0,0,0,0,0,0,0,0,0,0,0,0,0,0,0,0,0,0,0,0,0,0,0,0,0,0,0,0,0,0,0,0,0,0,0,0,0,0,0.004458202258298441,0,0,0,0,0,0.006256872281165332,0.005995608314168009,0,0,0,0,0,0.005965005809107934,0,0,0,0,0,0,0,0,0,0,0,0,0,0,0,0,0,0,0.008353556993473198,0,0,0,0,0,0,0,0.003455715352599213,0,0.003586689306314114,0,0,0,0,0,0,0,0,0,0,0,0,0,0,0,0.003801249495189132,0,0.004751155114483801,0.005346739336847456,0.004385988456318007,0.004104043362961911,0,0,0,0,0,0,0,0,0,0,0,0,0,0,0,0,0,0,0,0,0,0,0,0,0,0,0,0,0,0,0,0,0,0,0,0,0,0,0,0,0,0,0,0,0,0,0,0,0,0,0,0,0,0,0,0,0,0,0,0,0,0,0,0,0,0,0,0,0,0,0.006156494785920326,0.006156494785920327,0.006154554929427796,0.006156494785920326,0.006157899744939812,0.006276816286944573,0.00613221544092959,0.006120461493891971,0.006132215440929591,0.006106260853876682,0.006089252775264408,0.006195056332045623,0,0,0,0,0,0,0,0,0,0,0,0,0,0,0,0,0,0,0,0,0,0,0,0,0,0,0,0,0,0,0,0,0,0,0,0,0,0,0,0,0,0,0,0,0,0,0,0,0,0,0,0,0,0,0,0,0,0,0,0,0,0,0,0,0,0,0,0,0,0,0,0,0,0,0,0,0,0,0,0,0,0,0,0,0,0,0,0,0,0,0,0,0,0,0,0,0,0,0,0,0,0,0,0,0,0,0,0,0,0,0,0,0,0,0,0,0,0,0,0,0,0,0,0
0,0,0,0,0,0,0,0,0,0,0,0,0,0,0,0,0,0,0,0,0,0,0,0.006113146118937037,0,0,0,0,0,0,0,0,0,0,0,0,0,0,0,0,0,0,0,0,0,0,0,0,0,0,0,0,0,0,0,0,0,0,0,0,0,0,0,0,0,0,0,0,0,0,0,0,0,0,0,0,0,0,0,0,0,0,0,0,0,0,0,0,0,0,0,0,0.009938363032222204,0.003448617080142188,0.01005303428884535,0,0,0,0,0,0,0,0,0,0,0,0,0,0,0,0,0,0,0,0,0,0,0,0,0,0,0,0,0,0,0,0,0,0,0,0,0,0,0,0,0,0,0,0,0,0,0,0,0,0,0.004461157142980902,0,0,0,0,0,0.006260586686433705,0.005999291622408154,0,0,0,0,0,0.005968737376525089,0,0,0,0,0,0,0,0,0,0,0,0,0,0,0,0,0,0,0.008356140358665191,0,0,0,0,0,0,0,0.003457854501770453,0,0.003588313789095493,0,0,0,0,0,0,0,0,0,0,0,0,0,0,0,0.003803208112957159,0.003254299550340501,0.004398052493062903,0.00534952634315923,0.004388859550804695,0.004106704728164375,0,0,0,0,0,0,0,0,0,0,0,0,0,0,0,0,0,0,0,0,0,0,0,0,0,0,0,0,0,0,0,0,0,0,0,0,0,0,0,0,0,0,0,0,0,0,0,0,0,0,0,0,0,0,0,0,0,0,0,0,0,0,0,0,0,0,0,0,0,0,0.006160211830435601,0.006160211830435601,0.006158271974024563,0.006160211830435601,0.006161624714367308,0.00628062642081853,0.006135951276950325,0.006124185163490536,0.006135951276950326,0.00610995355606667,0.006092935469935884,0.006198822878308675,0,0,0,0,0,0,0,0,0,0,0,0,0,0,0,0,0,0,0,0,0,0,0,0,0,0,0,0,0,0,0,0,0,0,0,0,0,0,0,0,0,0,0,0,0,0,0,0,0,0,0,0,0,0,0,0,0,0,0,0,0,0,0,0,0,0,0,0,0,0,0,0,0,0,0,0,0,0,0,0,0,0,0,0,0,0,0,0,0,0,0,0,0,0,0,0,0,0,0,0,0,0,0,0,0,0,0,0,0,0,0,0,0,0,0,0,0,0,0,0,0,0,0,0
0,0,0,0,0,0,0,0.005691437068940141,0,0,0,0,0,0,0,0,0,0,0,0,0,0,0,0,0,0,0,0,0,0,0,0,0,0,0,0,0,0,0,0,0,0,0,0,0,0,0,0,0,0.003266027743273031,0,0,0,0,0,0,0,0,0,0,0,0,0,0,0,0,0,0,0,0,0,0,0,0,0,0,0,0,0,0,0,0,0,0,0,0,0,0,0,0,0,0,0,0.006504349992273499,0,0,0,0,0,0,0,0,0,0,0,0,0,0,0,0,0,0,0,0,0,0,0,0,0,0,0,0,0,0,0,0,0,0,0,0,0,0,0,0,0,0,0,0,0,0,0,0,0,0,0,0,0,0,0,0,0,0,0,0,0,0,0.005636083920912947,0,0,0,0,0,0,0,0,0,0,0,0,0,0,0,0,0,0,0,0,0,0.003533718413484363,0,0,0,0,0,0,0,0,0,0,0,0,0,0,0,0,0,0,0,0,0,0,0,0,0,0,0,0,0,0,0,0,0,0,0,0,0,0,0,0,0,0,0,0,0,0,0,0,0,0,0,0,0,0,0,0,0,0,0,0,0,0,0,0,0,0,0,0,0,0,0,0,0,0,0,0,0,0,0,0.003478642667288236,0,0,0,0,0,0,0,0,0,0,0,0,0,0,0,0.005715130934626569,0.005720101664582464,0.004642848440882547,0.004640434893322992,0.005615603232701901,0,0,0,0,0,0,0,0,0,0,0,0,0.005015129545799552,0.005011011690014535,0,0,0,0,0,0,0,0,0,0,0,0,0,0,0,0,0,0,0,0,0,0,0,0,0,0,0,0,0,0,0,0.005620864332764316,0.005618540088675842,0.004885875773680208,0.004887528480411229,0.004880339780576346,0.004892223732316646,0.004890525780881895,0.004829449621592428,0.004831292641183339,0.004834698831548394,0,0.004834613340818359,0,0,0,0,0,0,0,0,0,0,0,0,0,0,0,0,0,0,0,0,0,0,0,0,0,0,0,0,0,0,0,0,0,0.003354607527402506,0,0,0,0,0,0,0,0,0,0,0,0,0,0,0,0,0,0,0,0,0,0,0,0,0,0,0,0,0,0,0,0,0,0,0,0,0,0,0,0,0,0,0,0,0
0,0,0,0,0,0,0,0,0,0,0,0.005804570333294397,0,0,0,0,0,0,0.004778848450920271,0,0,0,0,0,0.004365713826446216,0,0.004043301843644403,0.006332255246577831,0,0,0.005481641957055906,0,0,0.004291305261966978,0,0,0,0,0,0,0,0,0,0.004716855382351305,0,0,0.005614259354419287,0,0,0,0,0,0,0,0,0,0,0,0,0,0,0,0.004524394798939071,0,0,0.005302591803237793,0,0,0,0,0,0,0.005331333420421103,0,0,0,0,0,0,0,0,0,0,0,0,0,0,0,0,0.003708944768931036,0,0,0,0,0,0,0,0,0,0,0,0,0,0,0,0,0,0.003643850124281982,0,0,0,0,0,0,0.006910910968771909,0,0,0,0,0,0,0,0.00351304253555949,0,0,0,0,0,0,0,0,0.007034195265288486,0,0,0,0,0,0,0,0,0,0,0,0,0,0,0,0,0,0,0,0,0,0,0,0,0,0,0,0,0,0,0,0,0,0,0,0,0,0,0,0,0,0,0,0,0,0,0,0,0,0,0,0,0,0,0,0,0,0,0,0,0,0,0,0,0,0,0,0,0,0,0.004562801951959836,0,0,0,0,0,0,0,0,0,0,0,0,0,0,0,0,0,0,0,0,0,0,0,0.004932844680792993,0.004681746521431735,0,0,0,0,0,0,0,0,0,0,0,0,0,0,0,0,0,0,0,0,0,0,0,0,0,0,0,0,0,0,0,0,0,0,0.004507988213621378,0,0,0,0,0,0,0,0,0,0,0,0,0,0,0,0,0,0,0,0,0,0,0,0,0,0,0,0,0,0,0,0,0,0,0,0,0,0,0,0,0,0,0,0,0,0,0,0,0,0,0,0,0,0,0,0,0,0,0,0,0,0,0,0,0,0,0,0,0,0,0,0,0,0,0,0,0,0,0,0,0,0,0,0,0,0,0,0,0,0,0,0,0,0,0,0,0,0,0,0.005543022706516066,0,0,0,0,0,0,0,0,0,0,0,0,0,0,0,0,0.004919583198293003,0,0,0.003700000074429573,0,0,0,0,0.004332795596145703,0,0.003785546008572672,0,0.003223926486283439,0,0,0.004258283335750849,0,0,0,0.003368418480357323,0,0,0,0,0,0,0,0,0,0,0,0,0,0,0,0
0,0,0,0,0,0,0,0,0,0,0,0,0,0,0,0,0,0,0,0,0,0,0,0,0,0,0,0,0,0,0,0,0,0,0,0,0,0,0,0,0,0,0,0,0,0,0,0,0,0,0.004389410274297997,0.004873169301025528,0.007393609782585422,0,0,0,0,0,0,0.004158748225432132,0,0,0,0,0.004496412917805134,0,0,0,0,0,0,0,0,0,0,0,0,0,0,0,0,0,0,0,0,0,0,0,0,0,0,0,0,0,0,0,0,0,0,0,0,0,0,0,0,0,0,0,0,0.004513823522007106,0,0.00874146925744507,0,0,0,0,0,0,0,0,0,0,0,0.004604443832317385,0,0,0.004411859552823659,0,0,0.004581834122521189,0,0,0,0,0,0,0,0,0,0,0,0,0,0,0,0,0.004471123776554875,0,0,0,0,0,0,0,0,0,0,0,0,0,0,0,0,0,0.004442180995109115,0,0,0,0,0,0,0,0,0,0,0,0,0,0,0,0,0,0,0,0,0,0,0,0,0,0,0,0,0,0,0,0,0,0,0,0,0,0,0,0,0,0,0,0,0,0,0,0,0,0.005960716432701281,0.004591464844578177,0,0,0,0.006378070592719577,0,0,0,0,0,0,0,0,0,0,0,0,0,0,0,0,0,0,0,0,0,0,0,0,0,0.004532657187950354,0.004169396479220676,0.004642610382358989,0,0,0,0,0,0,0,0,0,0,0,0,0.004450761593858292,0,0,0,0,0,0,0,0,0.004883212184398818,0.004809573393578486,0.004376868209232825,0,0,0,0,0,0,0,0,0,0,0,0,0,0,0,0,0,0,0,0,0,0,0,0,0,0,0,0,0,0,0,0,0,0,0,0,0,0,0,0,0,0,0,0,0,0,0,0,0,0,0,0,0,0,0,0,0,0,0,0,0,0,0,0,0,0,0,0,0,0,0,0,0,0,0,0,0,0,0,0,0.005423002830067683,0,0,0.004533563121473347,0,0,0,0,0,0,0,0,0,0,0,0.004211467586546108,0,0,0.007349062965319562,0,0,0,0.004494074843701984,0,0,0,0,0,0,0,0,0,0,0,0,0,0,0,0,0,0,0,0,0,0,0,0,0,0,0,0.004553546171142445,0,0,0,0,0,0,0,0,0.004548632678076803,0.004861395871598093,0,0
0,0,0,0,0,0,0,0,0,0,0,0.004762414768113407,0,0,0,0,0,0,0.00414413109634759,0,0,0,0,0,0.004650445536967167,0,0.005174622617311386,0.003689778294058526,0,0,0,0,0,0.003501286901537786,0,0,0,0,0,0,0,0,0,0.005707985152280491,0,0,0.004569776644965841,0,0,0,0,0,0,0,0,0,0,0,0,0,0,0,0.004542854226169979,0,0,0.005689233225932718,0,0,0,0,0,0,0.005370631804170632,0,0,0,0,0,0,0,0,0,0,0,0,0,0,0,0,0.004295395228897556,0,0,0,0,0,0,0,0,0,0,0,0,0,0,0,0,0,0,0,0,0,0,0,0,0,0,0,0,0,0,0,0,0,0,0,0,0,0,0,0,0,0,0,0,0,0,0,0.003357434910722564,0,0.004519363097108993,0,0,0.004228199241362071,0,0,0,0,0,0,0,0,0,0,0,0,0,0,0,0,0,0,0,0,0,0,0,0,0,0,0,0,0,0,0,0,0,0,0,0,0,0,0,0,0,0,0,0,0,0,0,0,0,0,0,0,0,0,0,0,0,0,0,0,0,0,0,0,0,0,0,0,0,0,0,0,0,0,0,0,0,0,0,0,0,0,0,0,0,0,0,0,0,0,0,0,0,0,0.003785034774926184,0,0,0,0,0,0,0,0,0,0,0,0,0,0,0,0,0,0,0,0,0,0,0,0,0,0,0,0,0,0,0,0,0,0,0,0,0,0,0,0,0,0,0,0,0,0,0,0,0,0,0,0,0,0,0,0,0,0,0,0,0,0,0,0,0,0,0,0,0,0,0,0,0,0,0,0,0,0,0,0,0,0,0,0,0,0,0,0,0,0,0,0,0,0,0,0,0,0,0,0,0,0,0,0,0,0,0,0,0.003266422141553867,0,0,0,0,0,0,0,0,0,0,0,0,0,0,0,0,0.003985063463051882,0,0,0,0,0,0,0,0,0,0,0,0,0,0,0,0,0,0,0,0,0,0,0,0,0.003689220022287129,0.00415701183362501,0,0,0,0,0,0,0,0,0.004973366380800537,0,0,0,0,0,0,0,0,0,0,0,0,0,0,0,0.002621620572199162
0,0,0,0,0.002886232602058635,0,0,0,0,0,0,0,0,0,0,0,0,0,0,0,0,0,0,0,0,0,0,0,0,0,0,0,0,0,0,0,0,0,0,0,0,0,0,0,0,0,0,0,0,0,0,0,0,0,0,0,0,0,0,0,0,0,0,0,0,0,0,0,0,0.008326447581909683,0.0100704160991638,0,0,0,0,0,0,0,0,0.004764782626042009,0,0,0,0,0,0.009441699947034921,0,0,0,0,0,0,0,0,0,0,0,0,0,0,0,0,0,0,0,0,0,0,0,0,0,0,0,0,0,0,0,0,0,0,0,0,0,0,0,0,0,0,0,0,0,0,0,0,0,0,0,0,0.007592005758070868,0.007557750262019519,0,0,0.007834918264836791,0.008752722789054731,0.004427490156324921,0,0,0,0.008046128409734286,0,0,0,0,0,0,0,0,0,0,0,0,0.004373453915261253,0,0,0,0,0,0,0.00338262199584463,0,0,0.005401592978046502,0.006855141441870405,0.008364163518590144,0,0,0,0,0,0,0,0,0,0,0,0,0,0,0,0,0,0,0,0,0,0,0,0,0,0,0,0,0,0,0,0,0,0,0,0,0,0,0,0,0,0,0,0,0,0,0,0.00503123283619149,0,0,0,0,0,0,0,0,0,0,0,0,0.01018740175964175,0,0,0,0,0,0,0,0.006470646168427966,0.009198928199389035,0,0,0,0,0,0,0,0,0,0,0,0,0,0,0,0,0,0,0,0,0,0,0,0,0,0,0,0,0,0,0,0,0,0,0,0,0,0,0,0,0,0,0,0,0,0,0,0,0,0,0,0,0,0,0,0,0,0,0,0,0,0,0,0,0,0,0,0,0,0,0,0,0,0,0,0,0,0,0,0,0,0,0,0,0,0,0,0,0,0,0,0,0,0,0,0,0,0,0,0,0,0,0.006251500209005915,0,0,0,0,0,0,0,0,0,0,0,0,0,0,0,0,0,0,0,0,0,0,0,0,0,0.007152199963330109,0,0,0,0,0,0,0,0,0,0,0,0,0,0,0,0,0,0,0,0.00831948407699641,0,0,0,0,0,0.004896361464296104,0,0,0,0,0,0,0,0,0,0,0,0,0,0,0,0
0,0,0,0,0,0,0,0,0,0,0.004384148201200033,0,0,0,0,0,0,0.003099434397898668,0,0,0,0,0.004821979029868946,0,0,0,0,0,0,0,0,0,0,0,0,0,0,0,0,0,0.005429376688693669,0,0,0,0,0,0,0,0,0,0,0,0,0,0,0,0,0,0.006410730876631235,0,0,0,0,0,0,0,0,0,0,0,0,0,0,0,0,0,0,0,0,0,0,0,0,0,0,0,0,0,0,0,0,0,0,0,0,0,0,0,0,0,0,0,0.005753390175027924,0.002597642250655584,0,0,0,0,0,0,0,0,0,0,0,0,0,0,0,0,0.007901957573686724,0,0,0,0.005546119835014383,0,0,0.004516703032210991,0,0,0,0,0,0,0,0,0,0,0,0,0,0,0,0,0,0,0,0,0,0,0,0,0,0,0,0,0,0,0,0,0,0,0,0,0,0,0,0,0,0,0,0,0,0,0,0.007012873928525787,0,0,0,0.006177382435265449,0,0,0,0,0,0,0,0,0,0,0,0,0.003590395357202458,0,0,0,0,0,0,0,0,0,0,0,0,0,0,0,0,0,0,0,0,0,0,0,0,0,0,0,0,0,0,0,0,0,0,0,0,0,0,0,0,0,0,0,0,0,0,0,0,0,0,0,0,0,0,0,0,0,0,0,0,0,0,0,0,0,0,0,0,0,0,0,0,0,0,0,0,0,0,0,0,0.008341013578702629,0,0,0,0,0,0,0,0,0,0,0,0,0,0,0,0,0,0,0,0,0,0,0,0,0,0,0,0,0,0,0,0,0,0,0,0,0,0,0,0,0,0,0,0,0,0,0,0,0,0,0,0,0,0,0,0,0,0,0,0,0,0,0,0,0,0,0,0,0,0,0,0,0,0,0,0.004659994528515921,0,0,0,0,0,0,0,0,0,0,0,0,0,0,0,0,0,0,0,0,0,0,0,0,0,0,0,0,0,0,0.004020966011101007,0,0,0,0,0,0,0,0,0,0,0,0,0.003308869682643233,0,0,0,0,0,0,0,0.002001593879314202,0,0,0,0,0,0,0,0,0,0,0,0,0.003438170238428322
0,0.003618537693565644,0,0,0,0,0,0,0,0,0.005631549150630178,0,0,0,0,0,0,0.004371622289228718,0,0,0,0,0.006086202541809599,0,0,0,0,0,0,0,0,0,0,0,0,0,0,0,0,0,0.004943503706065635,0,0,0,0,0,0,0,0,0,0,0,0,0,0,0,0,0,0.005623167798520851,0,0,0,0,0,0,0,0,0,0,0,0,0,0,0,0,0,0,0,0,0,0,0,0,0,0,0,0,0,0,0,0,0,0,0,0,0,0,0,0,0,0,0.005753390175027924,0,0.002886998654833244,0,0,0.003013464299326469,0,0,0,0,0,0,0,0,0,0,0,0,0.003538695666362935,0.005288799901716723,0,0,0,0.00305316745833941,0,0,0.005585673447605428,0.002824200645547816,0,0,0,0,0,0,0,0,0,0,0,0,0,0,0,0,0,0,0,0,0,0,0,0,0,0,0,0,0,0,0,0,0,0,0,0,0,0,0,0,0,0,0,0,0,0,0.006648668894264767,0,0,0,0.004770995765894583,0,0,0,0,0.003372397151092542,0,0,0,0,0,0,0,0.003730677035570343,0,0,0,0,0,0,0,0,0,0,0,0,0,0,0,0,0,0,0,0,0,0,0,0,0,0,0,0,0,0,0,0,0,0,0,0,0,0,0.003602286765934505,0,0,0,0,0,0,0,0,0,0,0,0,0,0,0,0,0,0,0,0,0,0,0,0,0,0,0,0,0,0,0,0,0,0,0,0,0,0,0,0,0,0.005540184382326955,0,0,0,0,0,0,0,0,0,0,0,0,0,0,0,0,0,0,0,0,0,0,0,0,0,0,0,0,0,0,0,0,0,0,0,0,0,0,0,0,0,0,0,0,0,0,0,0,0,0,0,0,0,0,0,0,0,0,0,0,0,0,0,0,0,0,0,0,0,0,0,0,0,0.003783278863726562,0,0.006025241660472459,0,0,0,0,0,0,0,0,0,0,0,0,0,0,0,0,0,0,0,0,0,0,0,0,0,0,0,0,0.004915647796486768,0,0.005339774840729069,0,0,0,0,0,0,0,0,0,0,0,0,0,0,0,0,0,0,0,0,0,0,0,0,0,0,0,0,0,0,0,0,0,0.004187741504791762
0,0.003074897632320485,0,0,0,0,0,0,0,0,0.002644627089834291,0,0,0,0,0,0,0,0,0,0,0,0.00315336628043576,0,0,0,0,0,0,0,0,0,0,0,0,0,0,0,0,0,0,0,0,0,0,0,0,0,0.003669589579093614,0,0,0,0,0,0,0,0,0,0.002806245962171172,0,0,0,0,0,0,0,0,0,0,0,0,0,0,0,0,0,0,0,0,0,0,0,0,0,0,0,0,0,0,0,0,0,0,0,0,0,0,0,0,0,0,0.002597642250655584,0.002886998654833244,0,0,0,0,0,0,0,0,0,0,0,0,0,0,0,0,0,0.0030983893553996,0,0,0,0,0,0,0,0,0,0.002854718034260092,0,0,0,0,0,0,0,0,0,0,0,0,0,0,0,0,0,0,0,0,0,0,0,0,0,0,0,0,0,0,0,0,0,0,0,0,0,0,0,0,0,0,0,0,0.002990045130619592,0,0,0,0.002670267875852796,0,0,0,0,0.00283133814630229,0,0,0,0,0,0,0,0,0,0,0,0,0,0,0,0,0,0,0,0,0,0,0,0,0,0,0,0,0,0,0,0,0,0,0,0,0,0,0,0,0,0,0,0,0,0,0,0,0,0,0,0,0,0,0,0,0,0,0,0,0,0,0,0,0,0,0,0,0,0,0,0,0,0,0,0,0,0,0,0,0,0,0,0,0,0,0,0,0.003176888935567579,0,0,0,0,0,0,0,0,0,0,0,0,0,0,0,0,0,0,0,0,0,0,0,0,0,0,0,0,0,0,0,0,0,0,0,0,0,0,0,0,0,0,0,0,0,0,0,0,0,0,0,0,0,0,0,0,0,0,0,0,0,0,0,0,0,0,0,0,0,0,0,0,0,0,0,0.002846302116871416,0,0,0,0,0,0,0,0,0,0,0,0,0,0,0,0,0,0,0,0,0,0,0,0,0,0,0,0,0,0,0.002886105081562063,0,0,0,0,0,0,0,0,0,0,0,0,0,0,0,0,0,0,0,0,0,0,0,0,0,0,0,0,0,0,0,0,0,0
0,0,0,0,0,0,0,0,0,0,0,0,0,0,0,0,0.003130558019125957,0,0,0,0,0,0,0,0,0,0,0,0.003838499980445453,0,0,0,0,0,0,0,0.004954432974281695,0,0,0,0,0,0,0,0,0.004252761686935955,0,0.005028037351979605,0,0,0,0,0,0,0,0,0,0,0,0,0,0,0,0.004913661600561685,0,0,0.003242613786196228,0,0,0,0,0,0,0,0,0,0,0,0,0,0,0,0,0,0,0,0,0.004773999479011973,0.004808383517421458,0,0.004897148082319572,0,0,0,0,0,0,0,0,0,0,0,0,0,0,0,0,0,0,0,0,0,0.005298995982251382,0,0,0,0,0,0,0,0,0,0,0,0,0,0,0,0,0,0,0,0,0,0,0.003921157633673237,0.004385165923362019,0,0,0,0,0,0,0,0,0,0,0,0,0,0,0,0,0,0,0,0,0,0,0,0,0,0,0,0,0,0,0,0,0,0,0,0,0,0,0,0,0,0.003269640495255494,0,0,0.003231939668551682,0,0,0,0,0,0,0,0,0,0,0,0,0,0,0,0,0,0,0,0,0,0,0,0,0,0,0,0.003703219524531911,0,0.003424206320631474,0,0,0,0,0,0,0,0,0,0,0,0,0,0,0,0,0,0,0,0,0,0,0,0,0,0,0,0,0,0,0,0,0,0,0,0,0,0,0,0,0,0,0,0,0,0,0,0,0,0,0,0,0,0,0,0,0,0,0,0,0,0,0,0,0,0,0,0,0,0,0,0,0,0,0,0,0,0,0,0,0,0,0,0,0,0,0,0,0,0,0,0,0,0,0,0,0,0,0,0,0,0,0,0,0,0,0,0,0,0,0,0,0,0,0,0,0,0,0,0,0,0,0,0,0,0,0.003232213975647538,0,0.003234645014736585,0.003744906154616874,0,0,0,0,0,0,0,0,0,0,0,0,0,0,0,0,0,0,0,0,0,0,0,0,0,0,0,0,0,0,0,0,0,0,0,0,0,0,0,0,0,0,0,0,0,0,0,0,0,0,0,0,0,0,0,0,0,0,0,0,0,0,0,0,0,0,0,0,0.003953262727497189,0,0,0,0
0,0,0,0,0,0,0,0,0,0,0,0,0,0,0.004635486193893283,0,0,0,0,0,0,0.004463630496665901,0,0,0,0,0,0,0,0,0,0.005180006569446931,0.005313249883478413,0,0,0.004656683079037286,0,0.005418519355484956,0.004840463738247071,0,0,0,0,0,0.00432423408952228,0,0,0,0,0,0,0,0,0.003436854482368783,0.00533825017306905,0.003912288906444749,0.006359724821075893,0.005316364193819521,0,0,0,0,0,0,0,0,0,0.004423715029000419,0.004372745180838586,0,0,0,0,0,0,0.004453406421192158,0,0,0,0,0,0,0,0.004559992960243477,0,0,0,0,0,0,0,0,0,0,0,0,0,0,0,0,0,0,0,0,0,0,0,0,0,0,0,0,0,0,0,0.00429850274905789,0.004037499452651425,0.003261671676801166,0,0,0,0.003827711418025991,0.003909925998990742,0,0,0,0,0,0,0,0,0,0,0,0,0,0,0,0,0,0,0,0,0,0,0,0,0,0,0,0,0,0,0,0,0,0,0,0,0,0,0,0,0,0,0,0,0,0,0.003261350416926927,0,0,0,0,0,0,0,0,0,0,0,0,0,0,0,0,0,0,0,0,0,0,0,0,0,0,0,0,0,0,0,0,0,0,0,0,0,0,0,0,0,0,0,0,0,0,0,0,0,0,0,0,0,0,0,0,0,0,0,0,0,0,0,0.005192029467734439,0,0,0,0,0,0,0,0,0,0,0,0,0.004067145519072894,0,0,0,0,0,0.004024916063993153,0,0,0,0.004020129607135318,0,0,0,0,0,0,0,0,0,0,0,0,0,0,0,0,0,0,0,0,0,0,0,0,0,0,0,0,0,0,0,0,0,0,0,0,0,0,0,0,0,0,0,0,0,0,0,0,0,0,0,0,0,0,0,0,0,0,0,0,0,0,0,0,0,0,0,0,0,0,0,0,0,0,0,0,0,0,0,0,0,0,0,0,0,0,0,0,0,0,0,0,0,0,0,0,0,0,0,0,0,0,0,0,0,0,0,0,0,0,0,0,0,0,0.005406649890353527,0,0,0,0,0,0,0,0,0,0,0,0,0,0,0,0,0,0,0,0,0,0,0,0,0,0,0,0,0,0,0,0,0,0,0,0,0,0,0,0,0,0,0
0,0.004571208764510015,0,0,0,0,0,0,0,0,0.003633619703625114,0,0,0,0,0,0,0,0,0,0,0,0.003591983512719282,0,0,0,0,0,0,0,0,0,0,0,0,0,0,0,0,0,0,0,0,0,0,0,0,0,0,0,0,0,0,0,0,0,0,0,0,0,0.003722430006664231,0,0,0,0,0,0,0,0,0,0,0,0,0,0,0,0,0,0,0,0,0,0,0,0,0,0,0,0,0,0,0,0,0,0,0,0,0,0,0,0,0,0.003013464299326469,0,0,0,0,0,0,0,0,0,0,0,0,0,0,0,0,0.003761553019727968,0,0,0,0,0,0,0,0,0,0,0.003977632496372601,0,0,0,0,0,0,0,0,0,0,0,0,0,0,0,0,0,0,0,0,0,0,0,0,0,0,0,0,0,0,0,0,0,0,0,0,0,0,0,0,0,0,0,0,0,0,0,0,0,0,0,0,0,0.004873910338316995,0.00365730491795055,0,0,0.003667424002389066,0,0,0,0,0,0,0,0.004358287820283302,0,0,0,0,0,0,0,0,0.004536201303318549,0,0,0,0,0.005202758644142133,0,0,0,0,0,0.00363165423868638,0,0,0,0.004353025123303813,0,0,0,0,0,0,0,0,0,0,0.004664217165784446,0,0,0,0,0,0,0,0,0,0,0,0,0,0,0,0,0,0,0,0,0,0,0,0,0,0,0.003285516570427439,0,0,0,0,0,0,0,0.003458129054001829,0,0,0,0,0,0,0,0,0,0,0,0,0,0,0,0,0,0,0,0,0,0,0,0,0,0,0,0,0,0,0,0,0,0,0,0,0,0,0,0,0,0,0,0,0,0,0,0,0,0,0,0,0,0,0,0,0,0,0,0,0,0,0,0,0,0,0,0,0,0,0,0,0,0,0,0,0,0,0,0,0,0,0.003398620946855099,0,0,0,0,0,0,0,0,0,0,0,0,0,0,0,0,0,0,0,0,0,0,0,0,0,0,0,0,0,0,0.003317799387623944,0,0,0,0,0,0,0,0,0,0,0,0,0,0,0,0,0,0,0,0,0,0,0,0,0,0,0,0,0,0,0,0,0,0
0,0,0,0,0,0,0,0,0,0,0,0.004213952581490745,0,0,0,0,0,0,0.004636653451711908,0,0,0,0,0,0.004203991546251326,0,0.005335370982003096,0.005924545567452614,0,0,0.005770584397197565,0,0,0.007061410130854754,0,0,0,0,0,0,0,0,0,0.004840601786037359,0,0,0.004423122797667208,0,0,0,0,0,0,0,0,0,0,0,0,0,0,0.003320003736708725,0.005303552415932813,0,0,0.004926007552466702,0,0,0,0,0,0.003407536904226908,0.00449535462076288,0.003422056682869217,0,0,0.00362484887277921,0,0,0,0,0,0,0,0,0,0,0,0,0,0,0,0,0,0,0,0,0.003643850124281982,0,0,0,0,0,0,0,0,0,0,0.005421331965846828,0,0,0,0,0,0.004479291279346832,0,0,0,0,0,0,0,0,0,0,0,0,0,0,0,0,0.004187418028447321,0,0,0,0,0,0,0,0,0,0.006670366335365684,0,0,0,0,0,0,0,0,0,0,0,0,0,0,0,0,0,0,0,0,0,0,0,0,0,0,0,0,0,0,0,0,0,0,0,0,0,0,0,0,0,0,0,0,0,0,0,0,0,0,0,0,0,0,0,0,0,0,0,0,0,0.003377839862554307,0.004315141747302589,0,0,0,0,0,0,0,0,0,0,0,0,0,0,0,0,0,0,0,0,0,0.006669028289377257,0.005864459901400635,0,0,0,0,0,0,0,0,0,0,0,0,0,0,0,0,0,0,0,0,0,0,0,0,0,0,0,0,0,0,0,0.003584375659824478,0,0,0,0,0,0,0,0,0,0,0,0,0,0,0,0,0,0,0,0,0,0,0,0,0,0,0,0,0,0,0,0,0,0,0,0,0,0,0,0,0,0,0,0,0,0,0,0,0,0,0,0,0,0,0,0,0,0,0,0,0,0,0,0,0,0,0,0,0,0,0,0,0,0,0,0,0,0,0,0,0,0,0,0,0,0,0,0,0,0,0,0,0,0,0,0,0,0,0,0,0,0,0,0,0,0,0,0,0,0,0,0,0,0,0,0,0,0,0,0.004429965139264823,0,0,0,0,0,0,0,0,0,0,0,0,0,0,0,0,0,0,0,0,0,0,0,0,0,0,0,0,0,0,0,0,0,0,0
0,0,0,0,0,0,0,0,0,0,0,0,0,0,0,0,0,0,0,0,0,0,0,0,0,0,0,0.003580729055110397,0,0,0.003868801116631182,0,0,0,0,0,0,0,0,0,0,0,0,0,0,0,0,0,0,0,0,0,0,0,0,0,0,0,0,0,0,0.003374825486256817,0,0,0,0,0,0,0,0,0,0.004782740239234038,0,0,0.00362746700651448,0,0,0,0,0,0,0,0,0,0,0,0,0,0,0,0,0,0,0,0,0,0,0,0,0,0,0,0,0,0,0,0,0.005421331965846828,0,0,0,0,0,0,0.004029694271303085,0,0,0,0,0,0,0,0,0,0,0,0,0,0,0,0,0.003765397865715328,0,0,0,0,0,0,0,0,0,0.004999612065763621,0,0,0,0,0,0,0,0,0,0,0,0,0,0,0,0,0,0,0,0,0,0,0,0,0,0,0,0,0,0,0,0,0,0,0,0,0,0,0,0,0,0,0,0,0,0,0,0,0,0,0,0,0,0,0,0,0,0,0,0,0,0.00315417534019748,0.004368037078793111,0,0,0,0,0,0,0,0,0,0,0,0,0,0,0,0,0,0,0,0,0,0.005706629507119809,0.006064658907040492,0,0,0,0,0,0,0,0,0,0,0,0,0,0,0,0,0,0,0,0,0,0,0,0,0,0,0,0,0,0,0,0,0,0,0,0,0,0,0,0,0,0,0,0,0,0,0,0,0,0,0,0,0,0,0,0,0,0,0,0,0,0,0,0,0,0,0,0,0,0,0,0,0,0,0,0,0,0,0,0,0,0,0,0,0,0,0,0,0,0,0,0,0,0,0,0,0,0,0,0,0,0,0,0,0,0,0,0,0,0,0,0,0,0,0,0,0,0,0,0,0,0,0,0,0,0,0,0,0,0,0,0,0,0,0,0,0,0,0,0,0,0,0,0,0,0,0,0,0,0,0,0.005505754565728098,0,0,0,0,0,0,0,0.00422482530075192,0.00491420561032069,0.005439315115292968,0,0.004190249083802623,0,0,0.003350775422807268,0.004779994269150335,0.005197409159174089,0,0.004618463927924017,0,0,0,0,0,0,0,0,0,0,0,0,0,0,0,0
0,0,0,0,0,0,0,0,0,0,0,0,0,0,0,0.0058991375089846,0,0.003752973678663227,0,0,0,0,0,0,0,0,0,0,0,0,0,0,0,0,0,0,0,0,0,0,0,0,0,0,0,0,0,0,0,0,0,0.004388205056537082,0,0,0,0,0,0,0,0.004692270561844674,0,0,0,0,0,0,0,0,0,0,0,0,0,0,0,0,0,0,0,0,0,0,0,0,0,0,0,0,0,0,0,0,0,0,0,0,0,0,0.004513823522007106,0,0,0,0,0,0,0,0,0,0,0,0.003924178019890173,0.004694181913985606,0,0,0,0,0,0,0,0,0,0,0,0,0,0,0.004811939756883252,0,0,0.004953754875965356,0,0,0,0.004550553404647764,0,0,0,0,0,0,0,0,0,0,0,0,0.004723333270742381,0,0,0.004499706843972195,0,0,0,0,0,0,0,0,0,0,0,0,0,0,0.004910081971429758,0,0,0,0,0,0,0,0,0,0,0,0,0,0,0,0,0,0,0,0,0,0,0,0,0,0,0,0,0,0,0,0,0,0,0,0,0.005103416889439536,0,0,0,0,0,0,0,0,0,0,0,0,0.004567850751230607,0,0,0,0,0.004746673335619541,0,0,0,0,0,0,0,0,0,0.003662168692403349,0,0,0,0,0,0,0,0,0,0,0,0,0,0,0,0,0,0,0,0,0,0,0,0,0,0,0,0,0,0,0.004485811217231996,0,0,0,0,0,0,0,0,0.004971482170703544,0.00436526319360927,0.005119786432228858,0,0,0,0,0,0,0,0,0,0,0,0,0,0,0,0,0,0,0,0,0,0,0,0,0,0,0,0,0,0,0,0,0,0,0,0,0,0,0,0,0,0,0,0,0,0,0,0,0,0,0,0,0,0,0,0,0,0,0,0,0,0,0,0,0,0,0,0,0,0,0,0,0,0,0,0,0,0,0,0,0.004995450046821297,0,0,0.004684481692108326,0,0,0,0,0,0,0,0,0,0,0,0.004365762685976757,0,0,0.006093242585192552,0,0,0,0.004461207684492817,0,0,0,0,0,0,0,0,0,0,0,0,0,0,0,0,0,0,0,0,0,0,0,0,0,0,0,0.004425104685310216,0,0,0,0.003623017551173011,0,0,0,0,0,0,0,0
0,0,0,0,0,0,0,0,0,0,0,0,0,0,0,0,0,0,0,0,0,0,0,0,0,0,0,0,0,0,0,0,0,0,0,0,0,0,0,0,0,0,0,0,0,0,0,0,0,0,0,0,0,0,0,0,0,0,0,0.004675058572347274,0,0,0,0.00390501304367362,0,0,0,0,0,0,0,0,0,0,0,0,0,0,0,0,0,0,0,0,0,0,0,0,0,0,0,0,0,0,0,0,0,0,0,0,0,0,0,0,0,0,0,0,0,0.003924178019890173,0,0,0,0,0,0,0,0,0,0,0,0.003201539153769572,0,0,0,0,0.004894231547105006,0,0,0.004090326076531169,0,0,0,0.004330270756235429,0,0,0,0,0,0,0,0,0,0,0,0,0.004012224004999058,0,0,0,0,0,0,0,0,0,0,0,0,0,0,0,0,0,0.004408537777753968,0,0,0,0,0,0,0,0,0,0,0,0,0,0,0,0,0,0.00370160642529715,0,0,0,0,0,0,0,0,0,0,0,0,0,0,0,0,0,0,0.003487924650914509,0,0,0,0,0,0,0,0,0,0,0,0,0.003610649413628484,0,0,0,0,0.004030609930493397,0,0,0,0,0,0,0,0,0,0,0,0,0,0,0,0,0,0,0,0,0,0,0,0,0,0,0,0,0,0,0,0,0,0,0,0,0,0,0,0,0,0,0,0,0,0,0,0,0,0,0,0,0,0,0,0,0,0,0,0,0,0,0,0,0,0,0,0,0,0,0,0,0,0,0,0,0,0,0,0,0,0,0,0,0,0,0,0,0,0,0,0,0,0,0,0,0,0,0,0,0,0,0,0,0,0,0,0,0,0,0,0,0,0,0,0,0,0,0,0,0,0,0,0,0,0,0,0,0,0,0,0,0.004076931350916219,0,0,0.003915964818967984,0,0,0,0,0,0,0,0,0,0,0,0,0,0,0.003972226789450013,0,0,0,0.00528029868017731,0,0,0,0,0,0,0,0,0,0,0,0,0,0,0,0,0,0,0,0,0,0,0,0,0,0,0,0,0,0,0,0.003083143535020633,0,0,0,0,0,0,0,0
0,0,0,0,0,0,0,0,0,0,0,0,0,0,0,0,0,0,0,0,0,0,0,0,0,0,0,0,0,0,0,0,0,0,0,0,0,0,0,0,0,0,0,0,0,0,0,0,0,0,0.004502070202649837,0.00498704574034412,0.007855548570458788,0,0,0,0,0,0,0,0,0,0,0,0.004816748999312202,0,0,0,0,0,0,0,0,0,0,0,0,0,0,0,0,0,0,0,0.004346847830109883,0,0,0,0,0,0,0,0,0,0,0,0,0,0.00874146925744507,0,0,0,0,0,0,0,0,0,0,0.004694181913985606,0,0,0,0,0,0,0,0,0,0,0,0,0,0.005186860315564933,0,0,0.004295874283707407,0,0,0.004686704965755961,0,0,0,0,0,0,0,0,0,0,0,0,0,0,0,0,0,0,0,0,0,0,0,0,0,0,0,0,0,0,0,0,0,0,0.00456916257420968,0,0,0,0,0,0,0,0,0,0,0,0,0,0,0,0,0,0,0,0,0,0,0,0,0,0,0,0,0,0,0,0,0,0,0,0,0,0,0,0,0,0,0,0,0,0,0,0.004043628167144273,0,0.006074341031019942,0.005149439602209113,0,0,0,0.006383215033401418,0,0,0.004554645940344413,0,0.004553677602705542,0,0,0,0,0,0,0,0,0,0,0,0,0,0,0,0,0,0,0,0,0.004702991685053485,0.004465901310634794,0.004759047174931509,0.00445459326575317,0,0,0,0,0,0,0,0,0,0,0,0,0,0,0,0,0,0,0,0,0.005047987613660989,0.004899068101529193,0,0,0,0,0,0,0,0,0,0,0,0,0,0,0,0,0,0,0,0,0,0,0,0,0,0,0,0,0,0,0,0,0,0,0,0,0,0,0,0,0,0,0,0,0,0,0,0,0,0,0,0,0,0,0,0,0,0,0,0,0,0,0,0,0,0,0,0,0,0,0,0,0,0,0,0,0,0,0,0,0,0.005243816768073933,0,0,0.004385533711898303,0,0,0,0,0,0,0,0,0,0,0,0,0,0,0.007587527424388852,0,0,0,0,0,0,0,0,0,0,0,0,0,0,0,0,0,0,0,0,0,0,0,0,0,0,0,0,0,0,0,0.004645114208441921,0,0,0,0,0,0,0,0,0.004645275624701526,0.005437325929838244,0,0
0,0,0,0,0,0,0,0,0,0,0,0,0,0,0,0,0,0,0,0,0,0,0,0,0,0,0,0,0,0,0,0,0,0,0,0,0.004210344391485847,0,0,0,0,0,0,0,0,0.003825003049212272,0,0.004219356243347316,0,0,0,0,0,0,0,0,0,0,0,0,0,0,0,0,0,0,0,0,0,0,0,0,0,0,0,0,0,0,0,0,0,0,0,0,0,0,0,0.004052715089219672,0.004243248552696964,0,0.004188582362874012,0,0,0,0,0,0,0,0,0,0,0,0,0,0.005298995982251382,0,0,0,0,0,0,0,0,0,0,0,0,0,0,0,0,0,0,0,0,0,0,0,0,0,0,0,0,0,0,0.003929980782942085,0.004422079471816592,0,0,0,0,0,0,0,0,0,0,0,0,0,0,0,0,0,0,0,0,0,0,0,0,0,0,0,0,0,0,0,0,0,0,0,0,0,0,0,0,0,0.004145490378756419,0,0,0,0,0,0,0,0,0,0,0,0,0,0,0,0,0.003101380463469777,0,0,0,0,0,0,0,0,0,0,0,0,0,0.00402887619839762,0,0.003439119481888492,0,0,0,0,0,0,0,0,0,0,0,0,0,0,0,0,0,0,0,0,0,0,0,0,0,0,0,0,0,0,0,0,0,0,0,0,0,0,0,0,0,0,0,0,0,0,0,0,0,0,0,0,0,0,0,0,0,0,0,0,0,0,0,0,0,0,0,0,0,0,0,0,0,0,0,0,0,0,0,0,0,0,0,0,0,0,0,0,0,0,0,0,0,0,0,0,0,0,0,0,0,0,0,0,0,0,0,0,0,0,0,0,0,0,0,0,0,0,0,0,0,0,0,0,0,0,0.003241735437466784,0,0.003244259184164064,0.003749377776987322,0,0,0,0,0,0,0,0,0,0,0,0,0,0,0,0,0,0,0,0,0,0,0,0,0,0,0,0.003315291527619916,0,0,0,0,0,0,0,0,0,0,0,0,0,0,0,0,0,0,0,0,0,0,0,0,0,0,0,0,0,0,0,0,0,0,0,0,0,0,0,0,0.003563085282903629,0,0,0,0
0,0,0,0,0,0,0,0,0,0,0,0,0,0,0.004724453632319852,0,0,0,0,0,0,0.004766392151901288,0,0,0,0.00259200038890206,0,0,0,0,0,0,0,0,0.006922599845906518,0.00416399678753092,0,0,0.00310223794727177,0,0,0,0,0,0.005547534163121964,0,0,0,0,0,0,0,0,0,0.004383006835641572,0,0,0.003427346506705364,0,0,0,0,0,0,0,0,0,0,0.003405291364694005,0,0,0,0,0,0,0.005821806164343071,0,0,0,0,0,0,0,0,0,0,0,0,0,0,0,0,0,0,0,0,0,0,0,0,0,0,0,0,0,0,0,0,0,0,0,0,0,0,0,0,0,0,0,0,0,0,0,0,0,0,0,0,0,0,0,0,0.003635222665906705,0,0,0,0,0,0,0,0.003693290096698101,0,0,0,0,0,0,0,0,0,0,0,0,0,0,0,0,0,0,0,0,0,0,0,0,0,0,0,0,0,0.002687591409026564,0,0,0,0,0,0,0,0,0,0,0,0,0,0,0,0,0,0,0,0,0,0,0,0,0,0,0,0,0,0,0,0,0,0,0,0,0,0,0,0,0,0,0,0,0,0,0,0,0,0,0,0,0,0,0,0,0,0,0,0,0,0,0.004973362991291195,0,0,0,0,0,0,0,0,0,0,0,0,0.003905499252800609,0,0,0,0,0,0,0,0,0,0,0,0,0,0,0,0,0,0,0,0,0,0,0,0,0,0,0,0,0,0,0,0,0,0,0,0,0,0,0,0,0,0,0,0,0,0,0,0,0,0,0,0,0,0,0,0,0,0,0,0,0,0,0,0,0,0,0,0,0,0,0,0,0,0,0,0,0,0,0,0,0,0,0,0,0,0,0,0,0,0,0,0,0,0,0,0,0,0,0,0,0,0,0,0,0,0,0,0,0,0,0,0,0,0,0,0,0,0,0,0,0,0,0,0,0,0,0,0,0,0,0,0,0,0,0,0.002799212235174922,0,0.004004225621979976,0,0,0,0,0,0.004318720476799133,0,0,0.002656670376560143,0.003386017931398381,0,0,0.002573737103776503,0,0,0.004081084296964133,0,0,0,0,0,0,0,0,0,0,0,0,0,0
0,0,0,0,0,0,0,0,0,0,0,0.006300091514365063,0,0,0,0,0,0,0.005200844855624873,0,0,0,0,0,0.004743719179355907,0,0.004449860561726258,0.00583680278409764,0,0,0.005371547329509632,0,0,0.003908840209467464,0,0,0,0,0,0,0,0,0,0.004682311165272958,0,0,0.005491031827238903,0,0,0,0,0,0,0,0,0,0,0,0,0,0,0,0.004702954730149304,0,0,0.005457558799176322,0,0,0,0,0,0.003830668788078532,0.005705351545852613,0,0.003891720226817716,0,0,0,0,0,0,0,0,0,0,0,0,0,0,0.003472344629337371,0,0,0,0,0,0,0,0.006910910968771909,0,0,0,0,0,0,0,0,0,0.004479291279346832,0.004029694271303085,0,0,0,0,0,0,0,0,0,0,0,0,0,0,0,0,0,0,0,0,0,0,0.007081600975619009,0,0,0,0,0,0,0,0,0,0.003527126022995677,0,0,0,0,0,0,0,0,0,0,0,0,0,0,0,0,0,0,0,0,0,0,0,0,0,0,0,0,0,0,0,0,0,0,0,0,0,0,0,0,0,0,0,0,0,0,0,0,0,0,0,0,0,0,0,0,0,0,0,0,0.003613237016765708,0,0,0,0,0,0,0,0,0,0,0,0,0,0,0,0,0,0,0,0,0,0,0,0.004688122545965293,0.005375768689836233,0,0,0,0,0,0,0,0,0,0,0,0,0,0,0,0,0,0,0,0,0,0,0,0,0,0,0,0,0,0,0,0,0,0,0.004423146313530335,0,0,0,0,0,0,0,0,0,0,0,0,0,0,0,0,0,0,0,0,0,0,0,0,0,0,0,0,0,0,0,0,0,0,0,0,0,0,0,0,0,0,0,0,0,0,0,0,0,0,0,0,0,0,0,0,0,0,0,0,0,0,0,0,0,0,0,0,0,0,0,0,0,0,0,0,0,0,0,0,0,0,0,0,0,0,0,0,0,0,0,0,0,0,0,0,0,0,0,0.005162950877995509,0,0,0,0,0,0,0,0,0,0,0,0,0,0,0,0,0.005717284861456945,0,0,0,0,0,0,0,0.003639253073315155,0,0.004564313639434178,0,0,0,0,0.003627667941816204,0,0.003502943818952262,0,0,0,0,0,0,0,0,0,0,0,0,0,0,0,0,0,0
0,0,0,0,0,0,0,0,0,0,0,0,0,0,0,0,0,0,0,0,0,0,0,0,0,0,0,0,0,0,0,0.005869834806466563,0.005826636500696875,0,0,0,0,0.004241404025244206,0,0,0,0,0,0,0,0,0,0,0,0,0,0,0,0,0,0,0.004972589485701706,0.003358987088006481,0,0.003223171047213641,0.002729742026159586,0,0,0,0,0,0,0,0,0,0,0,0,0,0,0,0,0,0,0,0,0,0,0.004075208307825214,0,0,0,0,0,0,0,0,0,0,0,0,0,0,0,0,0,0,0,0,0,0.00429850274905789,0,0,0,0,0,0,0,0,0,0,0.004967206122086908,0,0,0,0,0.003031800367932465,0,0,0,0,0,0,0,0,0,0,0,0,0,0,0,0,0,0,0,0,0,0.002798865492158594,0,0,0,0,0,0,0,0,0,0,0,0,0,0,0,0,0,0,0,0,0,0,0,0,0,0.002906843306935015,0,0,0,0,0,0,0,0,0,0,0,0,0.004315419346124383,0,0,0,0,0,0,0,0,0,0,0,0,0,0,0,0,0,0,0,0,0,0,0,0,0,0,0,0,0,0,0,0,0,0,0,0,0,0,0,0,0,0,0,0,0,0,0,0,0,0,0.002991552440678834,0,0,0,0,0,0,0,0,0,0,0,0,0,0,0,0,0,0,0.003380574166194454,0,0,0,0.003091610091232441,0,0,0,0,0,0,0,0,0,0,0,0,0,0,0,0,0,0,0,0,0,0,0,0,0,0,0,0,0,0,0,0,0,0,0,0,0,0,0,0,0,0,0,0,0,0,0,0,0,0,0,0,0,0,0,0,0,0,0,0,0,0,0,0,0,0,0,0,0,0,0,0,0,0,0,0,0,0,0,0,0,0,0,0,0,0,0,0,0,0,0,0,0,0,0,0,0,0,0,0,0,0,0,0,0,0,0,0,0,0,0,0,0,0,0.005545453189715123,0,0,0,0,0,0,0,0,0,0,0,0,0,0,0,0,0,0,0,0,0,0,0,0,0,0,0,0,0,0,0,0,0,0,0,0,0,0,0,0,0,0,0
0,0,0,0,0,0,0,0,0,0,0,0,0,0,0,0,0,0,0,0,0,0,0,0,0,0,0,0,0,0,0,0.004583583167246562,0.004821412335613039,0,0,0,0,0.00392342828948699,0,0,0,0,0,0,0,0,0,0,0,0,0,0,0,0,0,0,0.004147636826998709,0.003096555232626271,0,0.003856127932392485,0,0,0,0,0,0,0,0,0,0,0,0,0,0,0,0,0,0,0,0,0,0,0,0.003818925059757587,0,0,0,0,0,0,0,0,0,0,0,0,0,0,0,0,0,0,0,0,0,0.004037499452651425,0,0,0,0,0,0,0,0,0,0.004967206122086908,0,0,0,0,0,0.004008507480294829,0,0,0,0,0,0,0,0,0,0,0,0,0,0,0,0,0,0,0,0,0,0,0,0,0.003102240234702367,0,0,0,0,0,0,0,0,0,0,0,0,0,0,0,0,0,0,0,0,0,0,0,0,0,0,0,0,0,0,0,0,0,0,0,0.004727180489694421,0,0,0,0,0,0,0,0,0,0,0,0,0,0,0,0,0,0,0,0,0,0,0,0,0,0,0,0,0,0,0,0,0,0,0,0,0,0,0,0,0,0,0,0,0,0,0,0,0,0,0,0,0,0,0,0,0,0,0,0,0,0,0,0,0,0,0,0,0,0.003274783478867725,0,0,0,0.002987034682104893,0,0,0,0,0,0,0,0,0,0,0,0,0,0,0,0,0,0,0,0,0,0,0,0,0,0,0,0,0,0,0,0,0,0,0,0,0,0,0,0,0,0,0,0,0,0,0,0,0,0,0,0,0,0,0,0,0,0,0,0,0,0,0,0,0,0,0,0,0,0,0,0,0,0,0,0,0,0,0,0,0,0,0,0,0,0,0,0,0,0,0,0,0,0,0,0,0,0,0,0,0,0,0,0,0,0,0,0,0,0,0,0,0,0,0.005242653278799286,0,0,0,0,0,0,0,0,0,0,0,0,0,0,0,0,0,0,0,0,0,0,0,0,0,0,0,0,0,0,0,0,0,0,0,0,0,0,0,0,0,0,0
0,0,0,0,0,0,0,0,0,0,0,0,0,0.007244125121620892,0,0,0,0,0,0,0.003135630572928065,0,0,0,0,0,0,0,0,0,0,0,0.00309091453240038,0,0,0,0,0,0,0,0,0,0,0,0,0,0,0,0.00316386813871927,0,0,0,0,0,0.002942284173650824,0,0,0,0,0,0,0,0,0.004293630869823878,0,0,0,0.003092948238529365,0.002991155936935494,0,0,0,0,0,0,0,0,0,0,0,0,0,0,0,0,0,0,0,0,0,0,0,0,0,0,0,0,0,0,0,0,0,0,0,0,0.003261671676801166,0,0,0,0,0,0,0,0,0,0,0,0,0,0,0,0.004865435291101725,0,0,0,0,0,0,0,0,0,0,0,0,0,0,0,0.003379810643589888,0,0,0,0,0,0,0,0,0,0,0,0,0,0,0,0,0,0,0,0,0,0,0,0,0,0,0,0,0,0.003197953672742175,0,0,0,0,0,0,0,0,0,0,0,0,0,0,0,0,0,0,0,0,0,0,0,0,0,0,0,0,0,0,0,0,0,0,0,0,0,0,0,0,0,0,0,0,0,0,0,0,0,0,0,0,0,0,0,0,0,0,0,0,0,0,0,0,0,0,0,0,0,0,0,0,0,0,0,0,0,0,0,0,0,0,0,0,0.004657914893073623,0,0,0,0.004569430103469711,0,0,0,0,0,0,0,0,0,0,0,0,0,0,0,0,0,0,0,0,0,0,0,0,0,0,0,0,0,0,0,0,0,0,0,0,0,0,0,0,0,0,0,0,0,0,0,0,0,0,0,0,0,0,0,0,0,0,0,0,0,0,0,0,0,0,0,0,0,0,0,0,0,0,0,0,0,0,0,0,0,0,0,0,0,0,0,0,0,0,0,0,0,0,0,0,0,0,0,0,0,0,0,0,0,0,0,0,0,0,0,0,0,0,0,0,0,0,0,0,0,0,0,0,0,0.002754175360218122,0,0,0.003344769787180454,0.002953897221520558,0,0,0,0,0,0,0,0,0,0,0.003496688145123117,0,0.005232232127901564,0,0,0,0,0,0,0,0,0,0,0,0,0,0,0
0,0,0,0,0,0,0,0,0,0,0,0,0,0,0,0,0,0,0,0,0,0,0,0,0,0,0,0,0,0,0,0,0,0,0,0,0,0,0,0,0,0,0,0,0,0,0,0,0,0,0,0,0,0,0,0,0,0,0,0,0,0,0,0,0,0,0,0,0,0,0,0,0,0,0,0,0,0,0,0,0,0,0,0.001328069065381841,0,0,0,0,0,0,0,0,0,0,0,0,0,0,0,0,0,0,0,0,0,0,0,0,0,0,0,0,0,0,0,0,0,0,0,0,0,0,0,0,0,0,0,0,0,0,0,0,0,0,0,0,0,0,0,0,0,0,0,0,0,0,0,0,0,0,0,0,0,0,0,0,0,0,0,0,0,0,0,0,0,0,0,0,0,0,0,0,0,0,0,0,0,0,0,0,0,0,0,0,0,0,0,0,0,0,0,0,0,0,0,0,0,0,0,0,0,0,0,0,0,0,0,0,0,0,0,0,0,0,0,0,0,0,0,0,0,0,0,0,0,0,0,0,0,0,0,0,0,0,0,0,0,0,0,0,0,0,0,0,0,0,0,0,0,0,0,0,0,0,0,0,0,0,0,0,0,0,0,0,0,0,0,0,0,0,0,0,0,0,0,0,0,0,0,0,0,0,0,0,0,0,0,0,0,0,0,0,0,0,0,0,0,0,0,0,0,0,0,0,0,0,0,0,0,0,0,0,0,0,0,0,0,0,0,0,0,0,0,0,0,0,0,0,0,0,0,0,0,0,0,0,0,0,0,0,0,0,0,0,0,0,0,0,0,0,0,0,0,0,0,0,0,0,0,0,0,0,0,0,0,0,0,0,0,0,0,0,0,0,0,0,0,0,0,0,0,0,0,0,0,0,0,0,0,0,0,0,0,0,0,0,0,0,0,0,0,0,0,0,0,0,0,0,0,0,0,0,0,0,0
0,0.003293764276031082,0.003015792995050249,0,0,0,0.003379631216788734,0,0,0,0.003358585676177901,0,0,0,0,0,0,0.003142102075189096,0,0,0,0,0.00355834974342204,0,0,0,0,0,0,0,0,0,0,0,0,0,0,0,0,0,0,0,0,0,0,0,0,0,0,0,0,0,0,0,0,0,0,0,0,0,0.002695675327369701,0,0,0,0,0,0,0,0,0,0,0,0,0,0,0,0,0,0,0,0,0,0,0,0,0,0,0,0,0,0,0,0,0,0,0,0,0,0,0,0,0,0.003538695666362935,0,0,0,0.003761553019727968,0,0,0,0,0,0,0,0,0,0,0,0,0,0,0,0,0,0,0,0,0,0,0,0,0,0,0,0.002809628606163894,0,0,0,0,0,0,0,0,0,0,0,0,0,0,0,0,0,0,0,0,0,0,0,0,0,0,0,0,0,0,0,0,0,0,0,0,0,0,0,0,0,0,0,0,0,0,0,0,0,0.002986914957018945,0,0,0,0.003020029910995616,0,0,0,0.00413641482389317,0,0,0,0.003265233042492181,0.004208751390913617,0.00428512057229961,0,0,0.00327037413490889,0,0,0,0,0,0,0,0,0,0,0,0,0,0,0,0,0,0,0.003280768889759095,0,0,0,0,0,0,0,0,0,0,0.003351083958247089,0,0,0,0,0,0,0,0,0,0,0,0,0,0,0,0,0,0,0,0,0,0,0,0,0,0,0,0,0,0,0,0,0,0,0,0,0.003313052073529856,0,0,0,0,0,0,0,0,0,0,0,0,0,0,0,0,0,0,0,0,0,0,0,0,0,0,0,0,0,0,0,0,0,0,0,0,0,0,0,0,0,0,0,0,0,0,0,0,0,0,0,0,0,0,0,0,0,0,0,0,0,0,0,0,0,0,0,0,0,0,0,0,0,0,0,0,0,0,0.004260806360321194,0.002645335555684821,0.003835110455251772,0,0,0,0,0,0,0,0,0,0,0,0,0,0,0,0,0,0,0,0,0,0,0,0,0,0,0,0.003766000421283223,0,0,0.005383122843057323,0,0,0,0,0,0,0,0,0,0,0,0,0,0,0,0,0,0,0,0,0,0,0,0,0,0,0,0,0,0,0,0,0,0.003441243570897041
0,0,0,0,0,0,0,0,0,0,0.004213100656936232,0,0,0,0,0,0,0.002905041920207467,0,0,0,0,0.004334740909074888,0,0,0,0,0,0,0,0,0,0,0,0,0,0,0,0,0.002405550356161437,0.006112184713319724,0,0,0,0,0,0,0,0,0,0,0,0,0,0,0,0,0,0.006774738064716482,0,0,0,0,0,0,0,0,0,0,0,0,0,0,0,0,0,0,0,0,0,0,0,0,0,0,0,0,0,0,0,0,0,0,0,0,0,0,0,0,0,0,0.007901957573686724,0.005288799901716723,0.0030983893553996,0,0,0,0,0,0,0,0,0,0,0,0,0,0,0,0,0,0,0,0,0.006057338321024003,0,0,0.004313602569158683,0,0,0,0,0,0,0,0,0,0,0,0,0,0,0,0,0,0,0,0,0,0,0,0,0,0,0,0,0,0,0,0,0,0,0,0,0,0,0,0,0,0,0,0,0,0,0,0.006713830727256761,0,0,0,0.006562871268831622,0,0,0,0,0,0,0,0,0,0,0,0,0.003366749461399059,0,0,0,0,0,0,0,0,0,0,0,0,0,0,0,0,0,0,0,0,0,0,0,0,0,0,0,0,0,0,0,0,0,0,0,0,0,0,0,0,0,0,0,0,0,0,0,0,0,0,0,0,0,0,0,0,0,0,0,0,0,0,0,0,0,0,0,0,0,0,0,0,0,0,0,0,0,0,0,0,0.008518084108284966,0,0,0,0,0,0,0,0,0,0,0,0,0,0,0,0,0,0,0,0,0,0,0,0,0,0,0,0,0,0,0,0,0,0,0,0,0,0,0,0,0,0,0,0,0,0,0,0,0,0,0,0,0,0,0,0,0,0,0,0,0,0,0,0,0,0,0,0,0,0,0,0,0,0,0,0.004172104042594157,0,0,0,0,0,0,0,0,0,0,0,0,0,0,0,0,0,0,0,0,0,0,0,0,0,0,0,0,0,0,0.003543692438689733,0,0,0,0,0,0,0,0,0,0,0,0,0,0,0,0,0,0,0,0,0.002533063813022471,0,0,0,0,0,0,0,0,0,0,0,0,0.002986995432147739
0,0,0,0,0,0,0,0,0,0,0,0,0,0.008851487076101089,0,0,0,0,0,0,0,0,0,0,0,0,0,0,0,0,0,0.00403041627283034,0.003505646924967049,0,0,0,0,0.003184708702838347,0,0,0,0,0,0,0,0,0,0,0.003038917695962427,0,0,0,0,0.003136328994328506,0,0,0.003339174739111153,0,0,0,0,0,0,0.003808586798167365,0,0,0,0,0,0,0,0,0,0,0,0,0,0,0,0,0,0,0,0,0,0,0,0,0,0,0,0,0,0,0,0,0,0,0,0,0,0,0,0,0,0.003827711418025991,0,0,0,0,0.003201539153769572,0,0,0,0,0.003031800367932465,0.004008507480294829,0.004865435291101725,0,0,0,0,0,0,0,0,0,0,0,0,0,0,0,0.002864174400087804,0,0,0,0.003568756634014823,0,0,0,0,0,0,0,0,0,0,0,0,0,0,0,0,0,0,0,0,0,0,0,0,0,0,0,0,0,0.003099317972340135,0,0,0,0,0,0,0,0,0,0,0,0,0,0,0.003775969403981121,0,0,0,0,0,0,0,0,0,0,0,0,0,0,0,0,0,0,0,0,0,0,0,0,0,0,0,0,0,0,0,0,0,0,0,0,0,0,0,0,0,0,0,0,0,0,0,0,0,0,0,0,0,0,0,0,0,0,0,0,0,0,0,0,0,0,0,0,0,0.005117576874200395,0,0,0,0.004599233884255116,0,0,0,0,0,0,0,0,0,0,0,0,0,0,0,0,0,0,0,0,0,0,0,0,0,0,0,0,0,0,0,0,0,0,0,0,0,0,0,0,0,0,0,0,0,0,0,0,0,0,0,0,0,0,0,0,0,0,0,0,0,0,0,0,0,0,0,0,0,0,0,0,0,0,0,0,0,0,0,0,0,0,0,0,0,0,0,0,0,0,0,0,0,0,0,0,0,0,0,0,0,0,0,0,0,0,0,0,0,0,0,0,0,0,0.0040410482407647,0,0,0,0,0,0,0,0,0,0,0,0,0,0.003105297362181335,0.003058728467088376,0,0,0,0,0,0,0,0,0,0,0.003132697862172481,0,0.004485810035525208,0,0,0,0,0,0,0,0,0,0,0,0,0,0,0
0,0,0,0,0,0,0,0,0,0,0,0,0,0,0.003552589023704848,0,0,0,0,0.003742281928451776,0,0.003361530867602686,0,0,0,0,0,0,0,0,0,0,0,0,0,0.00421909954982479,0,0,0.004595231574929658,0,0,0,0,0,0.003314199531008513,0,0,0,0.003583387267551185,0,0,0,0,0,0.004499055465170815,0,0.004065855831555399,0.004300556728297406,0,0,0,0,0,0,0,0,0,0.004693724125453882,0.00452997443168738,0,0,0,0,0,0,0.003548595212909526,0,0,0,0,0,0,0.003787326087118809,0.00439483543971682,0.00422358561704376,0,0,0,0,0,0,0,0,0,0,0,0,0.00351304253555949,0,0,0,0,0,0,0,0.003909925998990742,0,0,0,0,0,0,0,0,0,0,0,0,0,0,0,0,0,0.003938591965318747,0,0,0,0,0,0,0,0,0,0,0,0,0,0,0,0,0,0,0,0,0,0,0,0,0,0,0,0,0,0,0,0,0,0,0,0,0,0,0,0,0,0,0,0,0,0.004732188816629962,0.004525552341885471,0,0,0,0,0,0,0,0,0,0,0,0,0,0,0,0,0,0,0,0,0,0,0,0,0,0,0,0,0,0,0,0,0,0,0,0,0,0,0,0,0,0,0,0,0,0,0.003254849045110667,0,0,0,0,0,0,0,0,0,0,0,0,0,0,0,0.004231107403866449,0,0,0,0,0,0,0,0,0,0,0,0.00419552833064071,0,0,0,0,0,0,0,0,0,0,0,0,0,0,0,0,0,0,0,0,0,0,0,0,0,0,0,0,0,0,0,0,0,0,0,0,0,0,0,0,0,0,0,0,0,0,0,0,0,0,0,0,0,0,0,0,0,0,0,0,0,0,0,0,0,0,0,0,0,0,0,0,0,0,0,0,0,0,0,0,0,0,0,0,0,0,0,0,0,0,0,0,0,0,0,0,0,0,0,0,0,0,0,0,0,0.003714648466169665,0,0,0,0,0,0,0,0,0,0,0,0,0,0,0,0,0,0,0,0,0,0,0,0,0,0,0,0,0,0,0,0,0,0,0,0,0,0,0,0,0,0,0.003265415088765885,0,0,0,0,0,0,0,0,0,0,0,0,0,0,0.003459925785303863,0,0,0.003604016159144707,0,0
0,0,0,0,0,0,0,0,0,0,0,0,0,0,0,0,0,0,0,0.007563123362612377,0,0,0,0,0,0,0,0,0,0,0,0,0,0,0,0,0,0,0,0,0,0,0,0,0,0,0,0,0,0,0,0,0.004410449395423829,0,0,0.003984018409047631,0,0,0,0,0,0,0,0,0.0082213114309981,0,0,0,0,0,0,0,0,0,0,0,0,0,0,0,0,0,0.005022121484767272,0.005422006145538116,0.01000832107337924,0,0,0,0,0,0,0,0,0,0,0,0,0,0.004604443832317385,0,0,0,0,0,0,0,0,0,0,0,0,0.005186860315564933,0,0,0,0,0,0,0,0,0,0,0.003938591965318747,0,0,0,0,0,0,0,0,0,0,0,0,0,0,0,0,0,0,0,0,0,0,0,0,0,0,0,0,0,0,0,0,0,0,0,0,0,0,0,0,0,0,0,0,0,0.00341875319777515,0.006094840122468382,0.006470575274154847,0,0,0,0,0,0,0,0,0,0,0,0,0,0,0,0,0,0,0,0,0,0,0,0,0,0,0,0,0,0,0,0,0,0,0,0,0,0,0,0,0,0.004082284381018991,0,0,0.005529283210644734,0.004026758199087418,0.007130113267488815,0,0,0,0,0.004562671288966433,0.004028009883817951,0.004870090952857591,0,0,0,0,0,0,0,0,0,0,0,0,0,0,0,0,0,0,0,0,0.006693716435342047,0.005868791595749443,0.005695686373618346,0.004485720722802169,0,0,0,0,0,0,0,0,0,0,0,0,0,0,0,0,0,0,0,0,0,0,0,0,0,0,0,0,0,0,0,0,0,0,0,0,0,0,0,0,0,0,0,0,0,0,0,0,0,0,0,0,0,0,0,0,0,0,0,0,0,0,0,0,0,0,0,0,0,0,0,0,0,0,0,0,0,0,0,0,0,0,0,0,0,0,0,0,0,0,0,0,0,0,0,0,0,0,0,0,0,0,0.004733618015985291,0,0,0,0,0,0,0,0,0,0,0,0,0,0,0,0,0,0,0,0,0,0,0,0,0,0,0,0,0,0,0,0,0,0,0,0,0,0,0,0,0,0,0,0,0,0,0,0,0,0,0,0,0,0,0,0,0,0.006229763113081549,0,0,0.011140911317603,0,0
0,0,0,0,0,0,0,0,0,0,0.003624914511325715,0,0,0,0,0,0,0,0,0,0,0,0,0,0,0,0,0,0,0,0,0,0,0,0,0,0,0,0,0.004335596434017846,0.003797605904872165,0,0,0,0,0,0,0,0,0,0,0,0,0,0,0,0,0,0.00369639767252741,0,0,0,0,0,0,0,0,0,0,0,0,0,0,0,0,0,0,0,0,0,0,0,0,0,0,0,0,0,0,0,0,0,0,0,0,0,0,0,0,0,0,0.005546119835014383,0.00305316745833941,0,0,0,0,0,0,0,0,0,0,0,0,0,0,0,0,0,0.006057338321024003,0,0,0,0,0,0,0.003529606504092244,0,0,0,0,0,0,0,0,0,0,0,0,0,0,0,0,0,0,0,0,0,0,0,0,0,0,0,0,0,0,0,0,0,0,0,0,0,0,0,0,0,0,0,0,0,0,0,0.004967233420488823,0,0,0,0.004452017536803968,0,0,0,0.004033023257540252,0,0,0,0,0,0,0,0,0.002673791013909244,0,0,0,0,0,0,0,0,0,0,0,0,0,0,0,0,0,0,0,0,0,0,0,0,0,0,0,0,0,0,0,0,0,0,0,0,0,0,0,0,0,0,0,0,0,0,0,0,0,0,0,0,0,0,0,0,0,0,0,0,0,0,0,0,0,0,0,0,0.004105366122693206,0,0,0.003867571543304395,0,0.003437956655138017,0,0,0,0,0,0,0.005650107671393655,0,0,0,0,0,0,0,0,0,0,0,0,0,0,0,0,0,0,0,0,0,0,0,0,0,0,0,0,0,0,0,0,0,0,0,0,0,0,0,0,0,0,0,0,0,0,0,0,0,0,0,0,0,0,0,0,0,0,0,0,0,0,0,0,0,0,0,0,0,0,0,0,0,0,0,0.003781293911032551,0,0,0,0.003956325091142927,0,0,0,0,0,0,0,0,0,0,0,0,0,0,0,0,0,0,0,0,0,0,0,0,0,0,0,0,0,0,0,0,0,0,0,0,0,0,0,0.002668931099921821,0,0,0,0,0,0,0,0.004644131022171243,0,0.003318763203569328,0,0,0,0,0,0,0,0,0,0,0
0,0,0,0,0,0,0,0,0,0,0,0,0,0,0,0,0,0,0,0,0,0,0,0,0,0,0,0,0.004467708588029691,0,0,0,0,0,0,0,0,0,0,0,0,0,0,0,0,0,0,0,0,0,0,0,0,0,0,0,0,0,0,0,0,0,0,0,0,0,0,0,0,0,0,0,0,0,0,0,0,0,0,0,0,0,0,0,0,0,0.004670232877092437,0,0.004334446198181424,0,0,0,0,0,0,0,0,0,0,0,0,0,0,0,0,0,0,0,0,0,0,0,0,0,0,0,0,0,0,0,0,0,0,0,0,0,0,0,0,0,0.004407469138645372,0,0,0,0,0,0.004567596616318873,0,0,0,0,0,0,0,0,0,0,0.005290396397802208,0,0,0,0,0,0,0,0,0,0,0,0,0,0,0,0,0,0,0,0,0,0,0,0,0,0,0.00518533533837588,0,0,0,0,0,0,0,0,0,0.00439376277850769,0,0,0,0,0,0,0.004604197126679753,0,0,0,0.004471149642193058,0,0,0,0.004119560226891651,0,0,0,0,0,0,0,0,0,0.004366539943300874,0.004453055072794835,0.004402532719702082,0.004484089104389885,0.004473460532519817,0,0,0.004076296374114901,0,0,0,0,0,0,0.004591688753112944,0,0,0,0,0.005289301090342967,0,0,0.004093800026761723,0,0,0,0.004946864430657652,0,0,0,0,0,0,0,0,0,0,0,0,0,0,0,0.004146229788459005,0,0.004536378714837017,0.00438239542868551,0.004377361838482165,0,0,0,0,0,0,0,0,0,0,0,0,0,0,0,0,0,0,0,0,0,0,0,0,0,0,0,0,0,0,0,0,0,0,0,0,0,0,0,0,0,0,0,0,0,0,0,0,0,0,0,0,0,0,0,0,0,0,0,0,0,0,0,0,0,0,0,0,0,0,0,0,0,0,0,0,0,0,0,0,0,0,0.004222207859752108,0,0.004224459391938111,0.004187097297662893,0,0,0,0,0,0,0,0,0,0,0,0,0,0,0.00457702032507001,0,0,0,0,0,0,0,0,0,0,0,0,0,0,0,0,0,0,0.004401497839159649,0,0,0,0,0,0,0,0,0,0,0,0,0,0,0,0,0,0,0,0,0,0,0,0,0,0,0,0,0,0,0,0,0,0,0,0,0,0,0
0,0,0,0,0,0,0,0,0,0,0,0,0,0,0,0.004028033917374814,0,0,0,0,0,0,0,0,0,0,0,0,0,0,0,0,0,0,0,0,0,0,0,0,0,0,0,0,0,0,0,0,0,0,0,0.004426767683522587,0.003932703592170263,0,0,0,0,0,0,0.005724343578019696,0,0,0,0,0,0,0,0,0,0,0,0,0,0,0,0,0,0,0,0,0,0,0,0,0,0,0,0,0,0,0,0,0,0,0,0,0,0,0.004411859552823659,0,0,0,0,0,0,0,0,0,0,0.004811939756883252,0.004894231547105006,0.004295874283707407,0,0,0,0,0,0,0,0,0,0,0,0,0,0,0,0,0,0.005218638531665837,0,0,0,0.004006600438436546,0,0,0,0,0,0,0,0,0,0,0,0,0.005429268621330087,0,0,0.00466376027866887,0,0,0,0,0,0,0,0,0,0,0,0,0,0,0.0050437381862473,0,0,0,0,0,0,0,0,0,0,0,0,0,0,0,0,0,0.004591129356577709,0,0,0,0,0,0,0,0,0,0,0,0,0,0,0,0,0,0,0.004636787192220614,0,0,0,0,0,0,0,0,0,0,0,0,0.004738044734216866,0,0,0,0,0.004953616926629051,0,0,0,0,0,0,0,0,0,0.003498895840516022,0,0,0,0,0,0,0,0,0,0,0,0,0,0,0,0,0,0,0,0,0,0,0,0,0,0,0,0,0,0,0.004931023453053287,0,0,0,0,0,0,0,0,0.004982881024200919,0.004537536261065116,0.00504619523279423,0,0,0,0,0,0,0,0,0,0,0,0,0,0,0,0,0,0,0,0,0,0,0,0,0,0,0,0,0,0,0,0,0,0,0,0,0,0,0,0,0,0,0,0,0,0,0,0,0,0,0,0,0,0,0,0,0,0,0,0,0,0,0,0,0,0,0,0,0,0,0,0,0,0,0,0,0,0,0,0,0.005090616121186725,0,0,0.005133649642852005,0,0,0,0,0,0,0,0,0,0,0,0.004913711247230343,0,0,0.005362157556177694,0,0,0,0.005614619049992714,0,0,0,0,0,0,0,0,0,0,0,0,0,0,0,0,0,0,0,0,0,0,0,0,0,0,0,0.004476912678747615,0,0,0,0,0,0,0,0,0.004292486467919523,0,0,0
0,0,0.003070329508021516,0,0,0,0,0,0,0.00363325458149968,0.004315492636001774,0,0,0,0,0,0,0,0,0,0,0,0.00492008270773811,0,0,0,0,0,0,0,0,0,0,0,0,0,0,0,0,0,0.004196523835097683,0,0,0,0,0,0,0,0,0,0,0,0,0,0,0,0,0,0.004711235570804447,0,0,0,0,0,0,0,0,0,0,0,0,0,0,0,0,0,0,0,0.002232724226938111,0,0,0,0,0,0,0,0,0,0,0,0,0,0,0,0,0,0,0,0,0,0,0.004516703032210991,0.005585673447605428,0,0,0,0,0,0,0,0,0,0,0,0,0,0,0,0,0,0.004313602569158683,0,0,0,0.003529606504092244,0,0,0,0.003672495467459073,0,0,0,0,0,0,0,0,0,0,0,0,0,0,0,0,0,0,0,0,0,0,0,0,0,0,0,0,0,0,0,0.003278283983321412,0,0,0,0,0,0,0,0,0,0,0,0,0,0,0.005197464646738471,0,0,0,0.004336086686476744,0,0,0,0.003312364365052924,0,0,0,0,0,0,0,0,0.00517135605540113,0,0,0,0,0,0.002822070449174207,0,0,0,0,0,0,0,0,0,0,0,0,0,0,0,0,0,0,0,0,0,0,0,0,0,0,0,0,0,0,0,0,0,0,0,0,0,0,0,0,0,0,0,0,0,0,0,0,0,0,0,0,0,0,0,0,0,0,0,0,0,0,0,0,0,0,0,0,0,0,0,0,0,0,0.004454766545728189,0,0,0,0,0,0,0,0,0,0,0,0,0,0,0,0,0,0,0,0,0,0,0,0,0,0,0,0,0,0,0,0,0,0,0,0,0,0,0,0,0,0,0,0,0,0,0,0,0,0,0,0,0,0,0,0,0,0,0,0,0,0,0,0,0,0,0,0,0,0,0.002158001046333899,0,0,0,0,0.00458835223784,0,0,0,0,0,0,0,0,0,0,0,0,0,0,0,0,0,0,0,0,0,0,0,0,0,0,0,0,0.003685815430242107,0,0.003956343676476856,0,0,0,0,0,0,0,0,0,0,0,0,0,0,0,0,0,0,0,0,0.003144584971801652,0,0,0,0,0,0,0,0,0,0,0,0,0
0.004424997950084036,0,0.00340488483216966,0,0,0,0,0,0,0.004743762961062852,0.00346019896621952,0,0,0,0,0,0,0,0,0,0,0,0.002885900120861051,0,0,0,0,0,0,0,0,0,0,0,0,0,0,0,0,0,0,0,0,0,0.003192601042147614,0,0,0,0,0,0,0,0,0,0,0,0,0,0,0,0,0,0,0,0,0,0,0,0,0,0,0,0,0,0,0,0,0,0.004910240695429988,0,0,0,0,0,0,0,0,0,0,0,0,0,0,0,0,0,0,0,0,0,0,0,0.002824200645547816,0,0,0,0,0,0,0,0,0,0,0,0,0,0,0,0,0,0,0,0,0,0,0,0,0.003672495467459073,0,0,0,0,0.003554841211874284,0,0.003316841630897618,0,0,0,0,0,0,0,0,0,0,0,0,0,0,0,0,0,0,0,0,0,0,0,0,0,0.005933583638344172,0,0,0,0,0,0,0,0,0,0,0,0,0,0,0,0,0,0,0,0,0,0,0.003909513317772407,0,0,0,0,0,0,0,0,0,0.004193666838675223,0,0,0,0.002793113065160108,0.003721781878185182,0,0,0,0,0,0,0,0,0,0,0,0,0,0,0,0,0,0,0,0.004335962300884479,0,0,0,0,0,0,0,0,0,0,0.003730128926115624,0.004301956322531575,0,0.004813798419691367,0,0,0,0,0,0,0,0,0,0,0,0,0,0,0,0,0,0,0,0,0,0,0,0,0,0,0,0,0,0,0,0,0,0,0,0,0,0,0,0,0,0,0,0,0,0,0,0,0,0,0,0,0,0,0,0,0,0,0,0,0,0,0,0,0,0,0,0,0,0,0,0,0,0,0,0,0,0,0,0,0,0,0,0,0,0,0,0,0,0,0,0,0,0,0,0,0,0,0,0,0,0,0,0,0,0,0,0,0,0,0.004672893625020104,0.004843982608674698,0,0,0,0.002995034706234002,0,0,0,0,0,0,0,0,0,0.004150069315858618,0,0.004152982401368798,0,0,0,0,0,0,0,0,0,0,0,0,0,0,0,0,0.002862102735592564,0,0,0,0,0,0,0,0,0,0,0,0,0,0,0,0,0,0,0,0,0,0,0,0,0,0,0,0,0,0,0,0,0,0,0,0,0
0,0,0,0,0,0,0,0,0,0,0,0,0,0,0,0.003812752897226309,0,0,0,0,0,0,0,0,0,0,0,0,0,0,0,0,0,0,0,0,0,0,0,0,0,0,0,0,0,0,0,0,0,0,0.004470548212754792,0.005199347588140238,0.003606335456810088,0,0,0,0,0,0,0.004885674684524445,0,0,0,0,0,0,0,0,0,0,0,0,0,0,0,0,0,0,0,0,0.003923126152629067,0,0,0,0,0,0,0,0,0,0,0,0,0,0,0,0,0,0.004581834122521189,0,0,0,0,0,0,0,0,0,0,0.004953754875965356,0.004090326076531169,0.004686704965755961,0,0,0,0,0,0,0,0,0,0,0,0,0,0,0.005218638531665837,0,0,0,0,0,0,0.004153446203130136,0,0,0,0,0,0,0,0,0,0,0,0,0.005562721571056898,0,0,0.005381998252400003,0,0,0,0,0,0,0,0,0,0,0,0,0,0,0.005603317178180797,0,0,0,0,0,0,0,0,0,0,0,0,0,0,0,0,0,0.003927532593032308,0,0,0,0,0,0,0,0,0,0,0,0,0,0,0,0,0,0,0.004190967703225478,0,0,0,0,0,0,0,0,0,0,0,0,0.004472395467270061,0,0,0,0,0.005168318085051556,0,0,0,0,0,0,0,0,0,0,0,0,0,0,0,0,0,0,0,0,0,0,0,0,0,0,0,0,0,0,0,0,0,0,0,0,0,0,0,0,0.004829413360501906,0,0,0,0,0,0,0,0,0.005820931380151026,0.005379007567686658,0.004774534898768714,0,0,0,0,0,0,0,0,0,0,0,0,0,0,0,0,0,0,0,0,0,0,0,0,0,0,0,0,0,0,0,0,0,0,0,0,0,0,0,0,0,0,0,0,0,0,0,0,0,0,0,0,0,0,0,0,0,0,0,0,0,0,0,0,0,0,0,0,0,0,0,0,0,0,0,0,0,0,0,0,0.005048620522506079,0,0,0.007038685988977163,0,0,0,0,0,0,0,0,0,0,0,0.006056469280382503,0,0,0.00495276231963988,0,0,0,0.004994110724909972,0,0,0,0,0,0,0,0,0,0,0,0,0,0,0,0,0,0,0,0,0,0,0,0,0,0,0,0.005270012443533484,0,0,0,0,0,0,0,0,0.00491648984069965,0,0,0
0,0.004243898573173786,0,0,0,0,0,0,0,0,0,0,0,0,0,0,0,0,0,0,0,0,0.002737927561552102,0,0,0,0,0,0,0,0,0,0,0,0,0,0,0,0,0,0,0,0,0,0,0,0,0,0,0,0,0,0,0,0,0,0,0,0,0,0,0,0,0,0,0,0,0,0,0,0,0,0,0,0,0,0,0,0,0,0,0,0,0,0,0,0,0,0,0,0,0,0,0,0,0,0,0,0,0,0,0,0,0.002854718034260092,0,0,0.003977632496372601,0,0,0,0,0,0,0,0,0,0,0,0,0,0,0,0,0,0,0.004407469138645372,0,0,0,0,0,0,0,0,0,0,0,0,0,0,0,0,0,0,0,0,0,0,0,0,0,0,0,0,0,0,0,0,0,0,0,0,0,0,0,0,0,0,0,0,0,0,0,0,0,0,0,0,0,0,0,0,0,0,0.004480418197908299,0,0,0,0.004565330727700047,0,0,0,0,0,0,0,0.00426241446062242,0,0,0,0,0,0,0,0,0,0,0,0,0,0,0,0,0,0,0,0,0,0,0,0.004160758308962197,0,0,0,0,0,0,0,0,0,0,0.004555489610008861,0,0,0,0,0,0,0,0,0,0,0,0,0,0,0,0,0,0,0,0,0,0,0,0,0,0,0,0,0,0,0,0,0,0,0,0,0,0,0,0,0,0,0,0,0,0,0,0,0,0,0,0,0,0,0,0,0,0,0,0,0,0,0,0,0,0,0,0,0,0,0,0,0,0,0,0,0,0,0,0,0,0,0,0,0,0,0,0,0,0,0,0,0,0,0,0,0,0,0,0,0,0,0,0,0,0,0,0,0,0,0,0,0,0,0,0,0,0,0,0,0,0,0,0,0,0,0,0,0,0,0,0,0,0,0,0,0,0,0,0,0,0,0,0,0,0,0,0,0,0,0,0,0,0,0,0,0,0,0,0,0,0,0,0,0,0,0,0,0,0,0,0,0,0,0,0,0,0,0,0,0,0,0
0,0,0,0,0,0,0,0,0,0,0,0.006553518151898139,0,0,0,0,0,0,0.004901237438415562,0,0,0,0,0,0.00470224033089318,0,0.004612206645979297,0.005908379711477511,0,0,0.005069179773561705,0,0,0.004331824398603657,0,0,0,0,0,0,0,0,0,0.005167643562717534,0,0,0.005809504855622631,0,0,0,0,0,0,0,0,0,0,0,0,0,0,0,0.004778366682659727,0,0,0.005409205681767203,0,0,0,0,0,0.003658634056189289,0.005758975327518102,0,0.003678532170019994,0,0,0,0,0,0,0,0,0,0,0,0,0,0,0.003917465062668422,0,0,0,0,0,0,0,0.007034195265288486,0,0,0,0,0,0,0,0,0,0.004187418028447321,0.003765397865715328,0,0,0,0,0,0.007081600975619009,0,0,0,0,0,0,0,0,0,0,0,0,0,0,0,0,0,0,0,0,0,0,0,0,0,0,0,0,0,0,0,0,0,0,0,0,0,0,0,0,0,0,0,0,0,0,0,0,0,0,0,0,0,0,0,0,0,0,0,0,0,0,0,0,0,0,0,0,0,0,0,0,0,0,0,0,0,0,0,0,0,0,0,0,0,0,0,0.003734102295439687,0,0,0,0,0,0,0,0,0,0,0,0,0,0,0,0,0,0,0,0,0,0,0,0.005325536580210562,0.004922479410571161,0,0,0,0,0,0,0,0,0,0,0,0,0,0,0,0,0,0,0,0,0,0,0,0,0,0,0,0,0,0,0,0,0,0,0.004213260000373538,0,0,0,0,0,0,0,0,0,0,0,0,0,0,0,0,0,0,0,0,0,0,0,0,0,0,0,0,0,0,0,0,0,0,0,0,0,0,0,0,0,0,0,0,0,0,0,0,0,0,0,0,0,0,0,0,0,0,0,0,0,0,0,0,0,0,0,0,0,0,0,0,0,0,0,0,0,0,0,0,0,0,0,0,0,0,0,0,0,0,0,0,0,0,0,0,0,0,0,0.005503796738055378,0,0,0,0,0,0,0,0,0,0,0,0,0,0,0,0,0.006054670177299604,0,0,0,0,0,0,0,0.003814227251392652,0,0.004482107790427806,0,0,0,0,0.003886724186466823,0,0,0,0.003502632505666786,0,0.003513673814643885,0,0,0,0,0,0,0,0,0,0,0,0,0,0
0.005432520766400361,0,0,0,0,0,0,0,0,0,0,0,0,0,0,0,0,0,0,0,0,0.003361610590958134,0,0,0,0,0,0,0,0,0,0,0,0,0.004337108926129353,0,0,0,0,0,0,0,0,0,0.00470450683738194,0,0,0,0,0,0,0,0,0,0,0,0,0,0,0,0,0,0,0,0,0,0,0,0,0,0.002836797722415726,0,0,0,0,0.004502892665421272,0,0,0.007014110777292646,0,0,0,0,0,0,0,0,0,0,0,0,0,0,0,0,0,0,0,0,0,0,0,0,0,0,0,0,0,0,0,0,0,0,0.003635222665906705,0,0,0,0,0,0,0,0,0,0,0,0,0,0,0.003554841211874284,0,0,0,0,0,0.004997712421137182,0,0,0,0,0,0,0,0,0,0,0,0,0,0,0,0,0,0,0,0,0,0,0,0,0,0.005133203839920836,0,0,0,0,0,0,0,0,0,0,0.002840386306106287,0,0,0,0,0,0,0,0,0,0,0,0,0,0,0,0,0,0,0,0,0,0.004341166070489321,0,0,0,0.002667293716801213,0,0,0,0,0,0,0,0,0,0,0,0,0,0,0,0,0,0,0,0,0.006006164533285324,0,0,0,0,0,0,0,0,0,0,0,0.005759051887915701,0,0.006431044781569637,0.00314681010862888,0,0,0,0,0,0,0,0,0,0,0,0,0,0,0,0,0,0,0,0,0,0,0,0,0,0,0,0,0,0,0,0,0,0,0,0,0,0,0,0,0,0,0,0,0,0,0,0,0,0,0,0,0,0,0,0,0,0,0,0,0,0,0,0,0,0,0,0,0,0,0,0,0,0,0,0,0,0,0,0,0,0,0,0,0,0,0,0,0,0,0,0,0,0,0,0,0,0,0,0,0,0,0,0,0,0,0,0,0,0.00521311265061408,0.006351075340221918,0,0,0,0,0,0,0,0,0,0,0,0,0,0.00463233132084025,0,0.004634028825427608,0,0,0,0,0,0,0,0,0,0,0,0,0,0,0,0,0,0,0,0,0,0,0,0,0,0,0,0,0,0.002818123593876432,0,0,0,0,0,0,0,0,0,0,0,0,0,0,0,0,0,0,0,0,0,0,0,0
0,0,0,0,0,0,0,0,0,0,0,0,0,0,0,0,0,0,0,0,0,0,0,0,0,0,0,0,0,0,0,0,0,0,0,0,0,0,0,0,0,0,0,0,0,0,0,0,0,0,0,0,0,0,0,0,0,0,0,0.004068875964163389,0,0,0,0.003339702420900652,0,0,0,0,0,0,0,0,0,0,0,0,0,0,0,0,0,0,0,0,0,0,0,0,0,0,0,0,0,0,0,0,0,0,0,0,0,0,0,0,0,0,0,0,0,0.004550553404647764,0.004330270756235429,0,0,0,0,0,0,0,0,0,0,0.002864174400087804,0,0,0,0,0.004006600438436546,0,0,0.004153446203130136,0,0,0,0,0,0,0,0,0,0,0,0,0,0,0,0,0.004198488839620889,0,0,0,0,0,0,0,0,0,0,0,0,0,0,0,0,0,0.004265614453158813,0,0,0,0,0,0,0,0,0,0,0,0,0,0,0,0,0,0.003806730258779555,0,0,0,0,0,0,0,0,0,0,0,0,0,0,0,0,0,0,0.005307517757941766,0,0,0,0,0,0,0,0,0,0,0,0,0.004305755777518383,0,0,0,0,0,0,0,0,0,0,0,0,0,0,0,0,0,0,0,0,0,0,0,0,0,0,0,0,0,0,0,0,0,0,0,0,0,0,0,0,0,0,0,0,0,0.004269909550834687,0,0,0,0,0,0,0,0,0,0,0.004457489362897762,0,0,0,0,0,0,0,0,0,0,0,0,0,0,0,0,0,0,0,0,0,0,0,0,0,0,0,0,0,0,0,0,0,0,0,0,0,0,0,0,0,0,0,0,0,0,0,0,0,0,0,0,0,0,0,0,0,0,0,0,0,0,0,0,0,0,0,0,0,0,0,0,0,0,0,0,0,0,0,0,0.004249718845375288,0,0,0,0,0,0,0,0,0,0,0,0,0,0,0,0,0,0.004018449074271079,0,0,0,0.004202258916728738,0,0,0,0,0,0,0,0,0,0,0,0,0,0,0,0,0,0,0,0,0,0,0,0,0,0,0,0,0,0,0,0,0,0,0,0,0,0,0,0
0.005553883149726267,0,0,0,0,0,0,0,0,0,0,0,0,0,0,0,0,0,0,0,0,0,0,0,0,0,0,0,0,0,0,0,0,0,0,0,0,0,0,0,0,0,0,0,0.003035680977730797,0,0,0,0,0,0,0,0,0,0,0,0,0,0,0,0,0,0,0,0,0,0,0,0,0,0,0,0,0,0,0,0,0,0.006284890123344254,0,0,0,0,0,0,0,0,0,0,0,0,0,0,0,0,0,0,0,0,0,0,0,0,0,0,0,0,0,0,0,0,0,0,0,0,0,0,0,0,0.002809628606163894,0,0,0,0,0,0,0,0,0.003316841630897618,0,0,0,0.004997712421137182,0,0,0,0,0,0,0,0,0,0,0,0,0,0,0,0,0,0,0,0,0,0,0,0,0,0,0,0.005017270509415699,0,0,0,0,0,0,0,0,0,0,0,0,0,0,0,0,0,0,0,0,0,0,0,0,0,0,0,0,0,0.002933806511196079,0,0.002532942049884117,0.005253639175905236,0.002696562705266337,0,0,0.004321854024810502,0,0,0,0,0,0,0,0,0,0,0,0,0,0,0,0,0,0,0,0,0.006009094112575608,0,0,0,0,0,0,0,0,0,0,0,0.005903087263163007,0,0.006092267570905334,0,0,0,0,0,0,0,0,0,0,0,0,0,0,0,0,0,0,0,0,0,0,0,0,0,0,0,0,0,0,0,0,0,0,0,0,0,0,0,0,0,0,0,0,0,0,0,0,0,0,0,0,0,0,0,0,0,0,0,0,0,0,0,0,0,0,0,0,0,0,0,0,0,0,0,0,0,0,0,0,0,0,0,0,0,0,0,0,0,0,0,0,0,0,0,0,0,0,0,0,0,0,0,0,0,0,0,0,0,0,0.005035468155917898,0.006078738480494529,0,0,0,0.002503164702513564,0,0,0,0,0,0,0,0,0,0.004822825073231498,0.004277478673818089,0.004823417660742712,0,0,0,0,0,0,0,0,0,0,0,0,0,0,0,0,0.003171800184183159,0,0,0,0,0,0,0,0,0,0,0,0,0,0,0,0,0,0,0,0,0,0,0,0,0,0,0,0,0,0,0,0,0,0,0,0,0
0,0,0,0,0,0,0,0,0,0,0,0,0,0,0,0,0,0,0,0,0,0,0,0,0,0,0,0,0.004514666588525234,0,0,0,0,0,0,0,0,0,0,0,0,0,0,0,0,0,0,0,0,0,0,0,0,0,0,0,0,0,0,0,0,0,0,0,0,0,0,0,0,0,0,0,0,0,0,0,0,0,0,0,0,0,0,0,0,0,0,0,0.004267659673427292,0,0,0,0,0,0,0,0,0,0,0,0,0,0,0,0.003921157633673237,0,0,0,0,0,0,0,0.003929980782942085,0,0,0,0,0,0,0,0,0,0,0,0,0,0,0,0,0,0,0,0,0,0,0,0.004347334211865626,0,0,0,0,0,0,0,0,0,0,0.00478039438883655,0,0,0,0,0,0,0,0,0,0,0,0,0,0,0,0,0,0,0,0,0,0,0,0,0,0,0.004054327703302647,0,0,0,0,0,0,0,0,0,0,0,0,0,0,0,0,0.003956208168280895,0,0,0,0.004263482559504962,0,0,0,0.005875686878819009,0,0,0,0,0,0,0,0,0,0.00584188338056532,0.005073073884822961,0.006229416033222274,0.00570454795520052,0.005035035886497648,0,0,0.003595061160801317,0,0,0,0,0,0,0.005084646594662515,0,0,0,0,0.005178875613216947,0,0,0,0,0,0,0.005236505027221373,0,0,0,0,0,0,0,0,0,0,0,0,0,0,0,0.003934936973882251,0,0.004977042656687974,0.004941525489811636,0.004936189799183499,0,0,0,0,0,0,0,0,0,0,0,0,0,0,0,0,0,0,0,0,0,0,0,0,0,0,0,0,0,0,0,0,0,0,0,0,0,0,0,0,0,0,0,0,0,0,0,0,0,0,0,0,0,0,0,0,0,0,0,0,0,0,0,0,0,0,0,0,0,0,0,0,0,0,0,0,0,0,0,0,0,0,0.004346831956499371,0,0.004334032936123823,0.004684684973377777,0,0,0,0,0,0,0,0,0,0,0,0,0,0,0.005247095206726839,0,0,0,0,0,0,0,0,0,0,0,0,0,0,0,0,0,0,0.004248459387147117,0,0,0,0,0,0,0,0,0,0,0,0,0,0,0,0,0,0,0,0,0,0,0,0,0,0,0,0,0,0,0,0,0,0,0,0,0,0,0
0,0,0,0,0,0,0,0,0,0,0,0,0,0,0,0,0,0,0,0,0,0,0,0,0,0,0,0,0.004580311531036237,0,0,0,0,0,0,0,0.004140888876344738,0,0,0,0,0,0,0,0,0.003755216179404139,0,0.004140222778057443,0,0,0,0,0,0,0,0,0,0,0,0,0,0,0,0,0,0,0,0,0,0,0,0,0,0,0,0,0,0,0,0,0,0,0,0,0,0,0,0.003953379245469972,0.005050633000106308,0,0.004118992679992882,0,0,0,0,0,0,0,0,0,0,0,0,0,0.004385165923362019,0,0,0,0,0,0,0,0.004422079471816592,0,0,0,0,0,0,0,0,0,0,0,0,0.004567596616318873,0,0,0,0,0,0,0,0,0,0.004347334211865626,0,0,0,0,0,0,0,0,0,0,0,0.00517223584328229,0,0,0,0,0,0,0,0,0,0,0,0,0,0,0,0,0,0,0,0,0,0,0,0,0,0,0.004038500150291434,0,0,0,0,0,0,0,0,0,0,0,0,0,0,0,0,0,0,0,0,0.004010541618796742,0,0,0,0.003972415007773493,0,0,0,0,0,0,0,0,0,0.004286645566543016,0.003997622160279782,0.004252630116281785,0.004031700015555644,0,0,0,0,0,0,0,0,0,0,0.004138079702503943,0,0,0,0,0.004664584673294427,0,0,0,0,0,0,0,0,0,0,0,0,0,0,0,0,0,0,0,0,0,0,0,0,0.004255778080169621,0.004235755506679709,0.004231046530212056,0,0,0,0,0,0,0,0,0,0,0,0,0,0,0,0,0,0,0,0,0,0,0,0,0,0,0,0,0,0,0,0,0,0,0,0,0,0,0,0,0,0,0,0,0,0,0,0,0,0,0,0,0,0,0,0,0,0,0,0,0,0,0,0,0,0,0,0,0,0,0,0,0,0,0,0,0,0,0,0,0,0,0.00406563228784222,0,0.004067952016347011,0.00416731021117403,0,0,0,0,0,0,0,0,0,0,0,0,0,0,0.004341455586878666,0,0,0,0,0,0,0,0,0,0,0,0,0,0,0,0,0,0,0.004156596206021467,0,0,0,0,0,0,0,0,0,0,0,0,0,0,0,0,0,0,0,0,0,0,0,0,0,0,0,0,0,0,0,0,0,0,0,0,0,0,0
0,0,0,0,0,0,0,0,0,0,0,0,0,0.006330365298800125,0,0,0,0,0,0,0.00468921071421982,0,0,0,0,0,0,0,0,0,0,0,0,0,0,0,0,0,0,0,0,0,0,0,0,0,0,0,0.004878978081526912,0,0,0,0,0,0,0,0,0,0,0,0.003379892719103797,0,0,0,0,0,0,0,0,0,0,0,0,0,0,0,0,0,0,0,0,0,0,0,0,0,0,0,0,0,0,0,0,0,0,0,0,0,0,0.003357434910722564,0,0,0,0,0,0,0,0,0,0,0,0,0,0,0,0,0,0.003379810643589888,0,0,0,0.003568756634014823,0,0,0,0,0,0,0,0,0,0,0,0,0,0,0,0,0,0,0,0,0,0,0,0,0,0,0,0,0,0,0,0,0,0,0,0,0,0,0,0,0,0,0,0,0,0.005406497010217769,0,0,0,0,0,0,0,0,0,0,0,0,0,0,0,0,0,0,0,0,0,0,0,0,0,0,0,0,0,0,0,0,0,0,0,0,0,0,0,0,0,0,0,0,0,0,0,0.004622279504587677,0,0,0,0,0,0,0,0,0,0,0,0,0,0,0,0,0,0,0,0,0,0,0,0,0.004208148900546629,0.004679062183373965,0,0,0,0,0,0,0,0,0,0,0.004105032475780717,0,0,0,0.004157297383745272,0,0,0,0,0,0,0,0,0,0,0,0,0,0,0,0,0,0,0,0,0,0,0,0,0,0,0,0,0,0,0,0,0,0,0,0,0,0,0,0,0,0,0,0,0,0,0,0,0,0,0,0,0,0,0,0,0,0,0,0,0,0,0,0,0,0,0,0,0,0,0,0,0,0,0,0,0,0,0,0,0,0,0,0,0,0,0,0,0,0,0,0,0,0,0.003913404935381488,0,0,0,0,0,0,0,0,0,0,0,0,0,0,0,0,0,0,0,0,0,0,0,0,0,0,0,0,0,0.00465060453311205,0.003707964859436639,0.004221283261082363,0,0.004888544936164069,0.004780621659095196,0,0.003355605746228173,0,0.002843687257335387,0,0,0.003599647408708566,0,0,0.003060934221589581,0.003359962997725569,0,0.004706793023571365,0,0,0,0,0,0,0,0,0,0,0,0,0,0,0
0,0,0,0,0,0,0,0,0.004563214589078206,0,0,0,0,0,0,0,0,0,0,0,0,0,0,0,0,0,0,0,0,0,0,0,0,0,0,0,0,0,0,0,0,0,0,0,0,0,0,0,0,0,0.00466343089469533,0.004673192653804547,0,0,0,0,0,0,0,0,0,0,0,0,0,0,0,0,0,0,0.00625276758999847,0,0,0,0,0,0,0,0,0,0.004461109069263445,0,0,0,0,0.005815941669890393,0,0,0,0,0,0,0,0,0,0,0,0,0,0,0.007592005758070868,0,0,0,0,0,0,0,0,0,0,0,0,0,0,0,0,0,0,0,0,0,0,0,0,0,0,0,0,0,0,0,0,0,0,0,0,0,0,0,0,0,0,0.004609863415798198,0.005036429129486394,0,0,0,0.005982226227795055,0,0,0,0,0,0,0,0,0,0,0,0,0,0,0,0,0,0.005019209892763448,0,0,0,0,0,0.006148415278765617,0.009299425352604978,0,0,0,0,0,0,0,0,0,0,0,0,0.005587722214354628,0,0,0,0,0,0,0,0.004478037439712148,0,0,0,0,0,0,0,0,0,0,0,0,0,0,0,0,0,0,0,0,0,0,0,0,0,0,0,0.004532005315629537,0,0,0,0,0,0,0,0,0,0,0,0.005356641739957636,0,0.007729639170851592,0.00456848957369889,0,0,0,0,0.009912480490577462,0.009818187954038661,0.004503189525262064,0,0,0,0,0,0,0,0,0,0,0,0,0,0,0,0,0,0,0,0,0,0,0,0,0,0,0,0.004461633136102018,0,0,0,0,0,0,0,0,0,0,0,0,0,0,0,0,0,0,0,0,0,0,0,0,0,0,0,0,0,0,0,0,0,0,0,0,0,0,0,0,0,0,0,0,0,0,0,0,0,0,0,0,0,0,0,0,0,0,0,0,0,0,0,0,0,0,0,0,0,0,0,0,0.004894224825428083,0,0,0,0,0.00453200468680481,0,0,0,0,0,0,0.004496107477336184,0,0,0,0,0,0,0,0,0.004493522577772739,0,0,0,0,0,0,0,0,0,0,0,0,0,0,0,0,0,0,0,0,0,0,0,0,0,0,0,0,0,0,0,0,0,0,0,0.004370403583087813,0,0,0,0,0,0,0,0,0.004632336271445562,0,0.004623860326043569,0
0,0,0,0,0,0,0.003896682525458994,0,0,0,0,0.004219831471837111,0,0,0,0,0.003576019064235766,0,0.003688592035033944,0,0,0,0,0,0,0.003259559048108435,0.003914075387705705,0.00322158450319202,0,0,0,0,0,0.003214684408346649,0,0,0,0,0,0,0,0,0,0.00429027019693254,0,0,0.003822404203174498,0,0,0,0,0,0,0,0,0,0,0,0,0,0,0,0.00367258371383196,0,0,0.004624714643533452,0,0,0,0.003015189932708146,0.004581791938300323,0,0.00434180168001271,0,0,0,0,0,0,0,0,0,0,0,0,0.004686120885648249,0,0,0,0.003613482795305333,0,0,0,0,0,0,0,0,0,0.004519363097108993,0.007557750262019519,0,0,0,0,0,0,0,0,0,0,0,0,0,0,0,0,0,0,0,0,0,0,0,0,0,0,0,0,0,0,0,0,0,0,0,0,0,0,0,0,0,0.005373409927877132,0.003123613478582278,0,0,0,0,0,0,0,0,0,0,0,0,0,0,0,0,0,0,0,0,0,0,0,0,0,0,0,0,0,0,0,0,0,0,0,0,0,0,0,0,0,0,0,0,0,0,0,0,0,0,0,0,0,0,0,0,0,0,0,0,0,0,0,0,0,0,0,0,0,0,0,0,0,0,0,0,0,0,0,0,0,0,0,0,0,0,0,0,0,0,0.003849152007990392,0,0,0,0,0,0,0,0,0,0,0,0,0,0,0,0,0,0,0,0,0,0,0,0,0,0,0,0,0,0,0,0,0,0,0,0,0,0,0,0,0,0,0,0,0,0,0,0,0,0,0,0,0,0,0,0,0,0,0,0,0,0,0,0,0,0,0,0,0,0,0,0,0,0,0,0,0,0,0,0,0,0,0,0,0,0,0,0,0,0,0,0,0,0,0,0,0,0,0,0,0,0,0,0,0,0,0,0,0,0,0,0,0,0,0,0,0,0,0,0,0,0,0,0,0,0,0,0,0,0,0,0,0,0,0,0,0,0,0,0,0,0,0,0,0,0,0,0,0,0,0,0,0,0,0,0,0,0.00294309990412393,0,0,0,0,0,0.002967701275809462,0,0,0,0,0,0,0,0,0,0,0,0,0,0,0,0
0,0,0,0.00251655480443315,0,0,0,0,0,0,0,0,0.002789522840093717,0,0,0,0,0,0,0,0,0.002539251406181491,0,0,0,0.002985503383767176,0,0,0,0,0,0,0,0,0,0,0,0,0,0,0,0,0,0,0.00295309399253918,0,0,0,0,0.00759472772566096,0,0,0,0,0,0,0,0,0,0,0,0,0,0,0,0,0,0,0,0,0,0,0,0,0,0.003163480286144519,0,0,0,0,0,0,0,0,0,0,0,0,0,0,0,0,0,0,0,0,0,0,0,0,0,0,0,0,0,0,0,0,0,0,0,0,0,0.003693290096698101,0,0,0,0,0,0,0,0,0,0,0,0,0,0,0,0,0,0,0,0,0,0,0,0,0,0,0,0,0,0,0,0,0,0,0,0,0,0,0,0,0,0,0,0,0,0,0,0,0.002715683646516216,0.004840870770381731,0,0.007805392239475174,0,0,0,0,0,0,0,0,0,0,0,0,0,0,0,0,0,0,0,0,0,0,0,0,0,0,0,0,0,0,0,0,0,0,0,0,0.003432968151485384,0,0,0,0,0,0,0,0,0,0,0,0,0,0,0,0,0,0,0,0,0,0,0,0,0,0,0,0,0,0,0.003153284309195102,0,0,0,0,0,0,0,0,0,0,0,0,0,0,0,0,0,0,0,0,0,0,0,0,0,0,0,0,0,0,0,0,0,0,0,0,0,0,0,0,0,0,0,0,0,0,0,0,0,0,0,0,0,0,0,0,0,0,0,0,0,0,0,0,0,0,0,0,0,0,0,0,0,0,0,0,0,0,0,0,0,0,0,0,0,0,0,0,0,0,0,0,0,0,0,0,0,0,0,0,0,0,0,0,0,0,0,0,0,0,0,0,0,0,0,0,0,0,0,0,0,0,0,0,0,0,0,0,0,0,0,0,0,0,0,0,0,0,0,0,0,0,0,0,0,0,0,0,0,0,0.002487809409980763,0,0,0,0,0,0,0,0,0,0.003299175076242365,0,0,0,0.004463382037356939,0,0.003428456999113115,0,0,0,0,0,0,0,0,0,0,0,0,0,0
0,0,0,0,0,0,0,0,0,0,0,0.004178678507403199,0,0,0,0,0,0,0.003769560265707148,0,0,0,0,0,0,0,0.004660237894689098,0.004043377393231602,0,0,0.00460137432147462,0,0,0.003956252475343125,0,0,0,0,0,0,0,0,0,0.00398004637562832,0,0,0.004114419263360819,0,0,0,0,0,0,0,0,0,0,0,0,0,0,0,0.004582075904914533,0,0,0.004580316622252042,0,0,0,0,0,0.003709041697275526,0.004360250933182247,0.003848946577831654,0.003903865002612813,0,0.004731985638906747,0.003838661613003594,0,0,0,0.003508311108668602,0,0,0,0,0,0,0,0,0,0,0,0,0,0,0,0,0,0,0,0,0,0,0,0,0,0.006670366335365684,0.004999612065763621,0,0,0,0,0,0.003527126022995677,0,0,0,0,0,0,0,0,0,0,0,0,0,0,0,0,0,0,0,0,0,0,0,0,0,0,0,0,0,0,0,0,0,0,0,0,0,0,0,0,0,0,0,0,0,0,0,0,0,0,0,0,0,0,0,0,0,0,0,0,0,0.003846948853356569,0,0,0,0,0,0,0,0,0,0,0,0,0,0,0,0,0,0,0,0,0,0,0,0,0,0.003488835463903084,0.004131879372614711,0.005180403759591059,0,0,0,0,0,0,0,0,0,0,0,0,0,0,0,0,0,0,0,0,0,0.006658165868045709,0.005362391124541508,0,0,0,0,0,0,0,0,0,0,0,0,0,0,0,0,0,0,0,0,0,0,0,0,0,0,0,0,0,0,0,0.00398664431723543,0,0,0,0,0,0,0,0,0,0,0,0,0,0,0,0,0,0,0,0,0,0,0,0,0,0,0,0,0,0,0,0,0,0,0,0,0,0,0,0,0,0,0,0,0,0,0,0,0,0,0,0,0,0,0,0,0,0,0,0,0,0,0,0,0,0,0,0,0,0,0,0,0,0,0,0,0,0,0,0,0,0,0,0,0,0,0,0,0,0,0,0,0,0,0,0,0,0,0,0,0,0,0,0,0,0,0,0,0,0,0,0,0,0,0,0,0,0,0,0.004228118765327724,0,0,0,0,0,0,0,0,0,0,0,0,0,0,0,0,0,0,0,0,0,0,0,0,0,0,0,0,0,0,0,0,0,0,0
0,0,0,0,0,0,0,0,0,0,0,0.003714380231463351,0,0,0,0,0,0,0.00315109624741226,0,0,0,0,0,0,0.00355352020550631,0.003430880380789454,0,0,0,0,0,0,0,0,0,0,0,0,0,0,0,0,0.003844705059797994,0,0,0.003527902681066365,0,0,0,0,0,0,0,0,0,0,0,0,0,0,0,0.003599105632358774,0,0,0.004111085327267705,0,0,0,0.003297221577093267,0.00546784410460324,0,0.003647065391825018,0,0,0,0,0,0,0.003187116964267016,0,0,0,0,0,0.005535068385834943,0,0,0,0.003208660203568769,0,0,0,0,0,0,0,0,0,0.004228199241362071,0.007834918264836791,0,0,0,0,0,0,0,0,0,0,0,0,0,0,0,0,0,0,0,0,0,0,0,0,0,0,0,0,0,0,0,0,0,0,0,0,0,0,0.005373409927877132,0,0,0,0.003495635273910699,0,0,0,0,0.004027863010628166,0,0,0,0,0,0,0,0,0,0,0,0,0,0,0,0,0,0,0,0,0,0,0.003279267722640129,0.00343294848556859,0,0,0,0,0,0,0,0.001373622514653135,0,0,0,0,0,0,0,0,0,0,0,0,0,0,0,0,0,0,0,0,0,0,0,0,0,0,0,0,0,0,0,0,0,0,0,0,0,0,0,0,0,0,0,0,0,0,0,0,0,0,0,0,0,0.004201773309748259,0,0,0,0,0,0,0,0,0,0,0,0,0,0,0,0,0,0,0,0,0,0,0,0,0,0,0,0,0,0,0,0,0,0,0,0,0,0,0,0,0,0,0,0,0,0,0,0,0,0,0,0,0,0,0,0,0,0,0,0,0,0,0,0,0,0,0,0,0,0,0,0,0,0,0,0,0,0,0,0,0,0,0,0,0,0,0,0,0,0,0,0,0,0,0,0,0,0,0,0,0,0,0,0,0,0,0,0,0,0,0,0,0,0,0,0,0,0,0,0,0,0,0,0,0,0,0,0,0,0,0,0,0,0,0,0,0,0.003203416296623289,0,0,0,0,0,0,0,0,0,0,0,0,0,0,0,0,0,0,0,0.002973866935584813,0,0,0,0,0,0,0,0,0,0,0,0,0,0,0,0,0,0,0,0,0,0
0,0,0,0,0,0,0,0,0,0,0,0,0,0,0,0,0,0,0,0,0,0,0,0,0,0,0,0,0,0,0,0,0,0,0,0,0,0,0,0,0,0,0,0,0,0,0,0,0,0,0,0,0,0,0,0,0,0,0,0,0.002925742034747836,0,0,0,0,0,0,0,0,0.004870142560244279,0.005981207602122429,0,0,0,0,0,0,0,0,0.00268117322301277,0,0,0,0,0,0.006317195274874158,0,0,0,0,0,0,0,0,0,0,0,0,0,0,0.008752722789054731,0,0,0,0,0,0,0,0,0,0,0,0,0,0,0.002798865492158594,0,0,0,0,0,0,0,0,0,0,0,0,0,0,0,0,0,0,0,0,0,0,0.004609863415798198,0.003123613478582278,0,0,0.003495635273910699,0,0.003822431148001635,0,0,0,0.00490381222036018,0,0,0,0,0,0,0,0,0,0,0,0,0,0,0,0,0,0,0,0,0,0,0.002761617148310452,0.005107907996638232,0.004495249463674678,0,0,0,0,0,0,0,0,0.003166740484679843,0,0,0,0.003232504292594454,0,0,0,0,0,0,0,0,0,0,0,0,0,0,0,0,0,0,0,0,0,0,0,0,0,0,0,0,0,0,0,0,0,0,0,0,0,0,0,0,0,0,0,0,0,0,0,0.005641868553509129,0,0,0,0,0,0,0,0.00466682598624264,0.005098160988971421,0.003152241290783824,0,0,0,0,0,0,0,0,0,0,0,0,0,0,0,0,0,0,0,0,0,0,0,0,0,0,0,0,0,0,0,0,0,0,0,0,0,0,0,0,0,0,0,0,0,0,0,0,0,0,0,0,0,0,0,0,0,0,0,0,0,0,0,0,0,0,0,0,0,0,0,0,0,0,0,0,0,0,0,0,0,0,0,0,0,0,0,0,0,0,0,0,0,0,0,0,0,0,0,0,0.003274324238213657,0,0,0,0,0.002720725755515201,0,0,0,0,0,0,0,0,0,0,0,0,0,0,0,0,0,0,0,0,0,0.003011244150897299,0,0.003332559765432623,0,0,0,0,0,0,0,0,0,0,0,0,0,0,0,0,0,0,0,0,0,0,0,0,0,0,0,0,0,0,0,0,0,0,0,0,0,0,0,0
0,0,0,0,0,0,0,0,0.005177804755566996,0,0,0,0,0,0,0,0,0,0,0,0,0,0,0,0,0,0,0,0,0,0,0,0,0,0,0,0,0,0,0,0,0,0,0,0,0,0,0,0,0,0,0,0,0,0,0,0,0,0,0,0,0,0,0,0,0,0,0,0,0.003764236084314836,0.004646356480393786,0,0,0,0,0,0,0,0,0.00371893150571809,0,0,0,0,0,0.004743761158597844,0,0,0,0,0,0,0,0,0,0,0,0,0,0,0.004427490156324921,0,0,0,0,0,0,0,0,0,0,0,0,0,0,0,0,0,0,0,0,0,0,0,0,0,0,0,0,0,0,0,0,0,0,0,0,0,0.005036429129486394,0,0,0,0,0.003822431148001635,0,0,0,0,0.005743589922000406,0,0,0,0,0,0,0,0,0,0,0,0,0.005199444151941757,0,0,0,0,0,0,0,0,0,0.003771840681677596,0.006232137854643185,0.005307827069459177,0,0,0,0,0,0,0,0,0,0,0,0,0.005362210028754325,0,0,0.004941177396266073,0,0,0,0,0.005347776853771006,0,0,0,0,0,0,0,0,0,0,0,0,0,0,0,0,0,0,0,0,0,0,0,0,0,0,0.004656219129273822,0.005610186389273636,0,0.005043619402284767,0,0,0,0,0,0,0,0,0,0.004020916113022049,0,0.005380655560261072,0,0,0,0,0,0.005300089862855966,0.004717804837788241,0.00610350290802851,0,0,0,0,0,0,0,0,0,0,0,0,0,0,0,0,0,0,0,0,0,0,0,0,0,0,0,0,0,0,0,0,0,0,0,0,0,0,0,0,0,0,0,0,0,0,0,0,0,0,0,0,0,0,0,0,0,0,0,0,0,0,0,0,0,0,0,0,0,0,0,0,0,0,0,0,0,0,0,0,0,0,0,0,0,0,0,0,0,0,0,0,0,0,0,0,0,0,0,0,0.005661830610668389,0.004280147447733237,0,0,0,0.005855627770994317,0,0,0,0,0,0,0.005335198375311329,0,0,0,0,0,0,0,0,0.005333518113187155,0,0,0,0,0,0,0,0,0,0,0,0,0,0,0,0,0,0,0,0,0,0,0,0,0,0,0,0,0,0,0,0,0,0,0,0,0,0,0,0,0,0,0,0,0,0,0,0
0,0,0,0,0,0.004544358236315462,0,0,0,0,0,0,0,0,0,0,0,0,0,0,0,0,0,0.004818748173643205,0,0,0,0,0,0,0,0,0,0,0,0,0,0,0,0,0,0,0,0,0,0,0,0,0,0,0,0,0,0,0,0,0,0,0,0,0,0,0,0,0,0,0,0,0,0,0,0,0,0.005153804661659343,0,0,0,0,0,0,0,0.004763045034534888,0,0,0,0,0,0,0,0,0,0,0.004462967004106604,0,0.004458202258298441,0.004461157142980902,0,0,0,0,0,0,0,0,0,0,0,0,0,0,0,0,0,0,0,0,0,0,0,0,0,0,0,0,0,0,0,0,0,0,0,0,0,0,0,0,0,0,0,0,0,0,0,0,0,0,0,0,0,0,0,0.004736321024449226,0.004947866872644329,0,0,0,0,0,0.004528707831645728,0,0,0,0,0,0,0,0,0,0,0,0,0,0,0,0,0,0.005114370574930407,0.004719952948837336,0,0,0,0,0,0,0,0,0,0,0,0,0,0,0,0,0,0,0,0,0,0,0,0,0,0.004772890131355271,0,0.004683455120709954,0.005397782241123424,0.005668500298816962,0.00564085556531961,0,0,0,0,0,0,0,0,0,0,0,0,0,0,0,0,0,0,0,0,0,0,0,0,0,0,0,0,0,0,0,0,0,0,0,0,0,0,0,0,0,0,0,0,0,0,0,0,0.004685796311252144,0,0,0,0,0,0,0,0,0,0,0,0,0,0,0,0,0,0,0,0,0,0.004521981155016097,0.004521981155016097,0.004520449115121523,0.004521981155016097,0.004544961705410017,0.004519526704526242,0.004783313406059343,0.004521662515929148,0.004783313406059343,0.004657235881796255,0.004698066787899659,0.004505268666538873,0,0,0,0,0,0,0,0,0,0,0,0,0,0,0,0,0,0,0,0,0,0,0,0,0,0,0,0,0,0,0,0,0,0,0,0,0,0,0,0,0,0,0,0,0,0,0,0,0,0,0,0,0,0,0,0,0,0,0,0,0,0,0,0,0,0,0,0,0,0,0,0,0,0,0,0,0,0,0,0,0,0,0,0,0,0,0,0,0,0,0,0,0,0,0,0,0,0,0,0,0,0,0,0,0,0,0,0,0,0,0,0,0,0,0,0,0,0,0,0,0,0,0,0
0,0,0,0,0,0,0,0,0,0,0,0,0,0,0,0.003527026734908219,0,0,0,0,0,0,0,0,0,0,0,0,0,0,0,0,0,0,0,0,0,0,0,0,0,0,0,0,0,0,0,0,0,0,0,0,0,0,0,0,0,0,0,0.005631311489532383,0,0,0,0,0,0,0,0,0,0,0,0,0,0,0,0,0,0,0,0,0,0,0,0,0,0,0,0,0,0,0,0,0,0,0,0,0,0,0.004471123776554875,0,0,0,0,0,0,0,0,0,0,0.004723333270742381,0.004012224004999058,0,0,0,0,0,0.003102240234702367,0,0,0,0,0,0,0,0,0,0.005429268621330087,0,0,0.005562721571056898,0,0,0,0.004198488839620889,0,0,0,0,0,0,0,0,0,0,0,0,0,0,0,0.005643217176784597,0,0,0,0,0,0,0,0,0,0,0,0,0,0,0.004755141429786787,0,0,0,0,0,0,0,0,0,0,0,0,0,0,0,0,0,0.005028110581570802,0,0,0,0,0,0,0,0,0,0,0,0,0,0,0,0,0,0,0.004734629751702286,0,0,0,0,0,0,0,0,0,0,0,0,0.005138180204925112,0,0,0,0,0.004555337035453813,0,0,0,0,0,0,0,0,0,0,0,0,0,0,0,0,0,0,0,0,0,0,0,0,0,0,0,0,0,0,0,0,0,0,0,0,0,0,0,0,0.005532091312009029,0,0,0,0,0,0,0,0,0.004873858641760754,0.003939730008126351,0.00493646542622269,0,0,0,0,0,0,0,0,0,0,0,0,0,0,0,0,0,0,0,0,0,0,0,0,0,0,0,0,0,0,0,0,0,0,0,0,0,0,0,0,0,0,0,0,0,0,0,0,0,0,0,0,0,0,0,0,0,0,0,0,0,0,0,0,0,0,0,0,0,0,0,0,0,0,0,0,0,0,0,0,0.005155294280852638,0,0,0.005451960427157778,0,0,0,0,0,0,0,0,0,0,0,0.005217538149547259,0,0,0.004957783626916763,0,0,0,0.005240334010465373,0,0,0,0,0,0,0,0,0,0,0,0,0,0,0,0,0,0,0,0,0,0,0,0,0,0,0,0,0,0,0,0,0,0,0,0,0.004293956090603955,0,0,0
0,0,0,0,0,0,0,0,0,0,0,0,0,0,0,0,0,0,0,0,0,0,0,0,0,0,0,0,0.004988582296376175,0,0,0,0,0,0,0,0.004737979308896939,0,0,0,0,0,0,0,0,0.004555190313211841,0,0.004534242451944189,0,0,0,0,0,0,0,0,0,0,0,0,0,0,0,0,0,0,0,0,0,0,0,0,0,0,0,0,0,0,0,0,0,0,0,0,0,0,0.004912400147077728,0.004640088456038704,0.005531618376341784,0,0.004688038965178712,0,0,0,0,0,0,0,0,0,0,0,0,0,0,0,0,0,0,0,0,0,0,0,0,0,0,0,0,0,0,0,0,0,0,0.005290396397802208,0,0,0,0,0,0,0,0,0,0.00478039438883655,0.00517223584328229,0,0,0,0,0,0,0,0,0,0,0,0,0,0,0,0,0,0,0,0,0,0,0,0,0,0,0,0,0,0,0,0,0,0,0,0,0,0.005106936100162602,0,0,0,0,0,0,0,0,0,0,0,0,0,0,0,0,0.004537063886858119,0,0,0,0.004759357072406947,0,0,0,0.004730725633633725,0,0,0,0,0,0,0,0,0,0.004593550613062066,0.004593510185062027,0.004768416406375617,0.004604529142798924,0.004627588459078675,0,0,0,0,0,0,0,0,0,0.004739827619426389,0,0,0,0,0.005446112657146372,0,0,0,0,0,0,0,0,0,0,0,0,0,0,0,0,0,0,0,0,0,0,0,0,0.004900422583531888,0.004975231218790922,0.004969480057724367,0,0,0,0,0,0,0,0,0,0,0,0,0,0,0,0,0,0,0,0,0,0,0,0,0,0,0,0,0,0,0,0,0,0,0,0,0,0,0,0,0,0,0,0,0,0,0,0,0,0,0,0,0,0,0,0,0,0,0,0,0,0,0,0,0,0,0,0,0,0,0,0,0,0,0,0,0,0,0,0,0,0,0.004821492176633453,0,0.004823590688821803,0.004705016505322693,0,0,0,0,0,0,0,0,0,0,0,0,0,0,0.004868872437120786,0,0,0,0,0,0,0,0,0,0,0,0,0,0,0,0,0,0,0.004688046387387828,0,0,0,0,0,0,0,0,0,0,0,0,0,0,0,0,0,0,0,0,0,0,0,0,0,0,0,0,0,0,0,0,0,0,0,0,0,0,0
0,0,0,0,0,0,0,0,0.004685943582295689,0,0,0,0,0,0,0,0,0,0,0,0,0,0,0,0,0,0,0,0,0,0,0,0,0,0,0,0,0,0,0,0,0,0,0,0,0,0,0,0,0,0,0,0,0,0,0,0,0,0,0,0,0,0,0,0,0,0,0,0,0.004853919971544167,0.006382470121772664,0,0,0,0,0,0,0,0,0.003865900695348363,0,0,0,0,0,0.006374433220857087,0,0,0,0,0,0,0,0,0,0,0,0,0,0,0.008046128409734286,0,0,0,0,0,0,0,0,0,0,0,0,0,0,0,0,0,0,0,0,0,0,0,0,0,0,0,0,0,0,0,0,0,0,0,0,0,0.005982226227795055,0,0,0,0.004027863010628166,0.00490381222036018,0.005743589922000406,0,0,0,0,0,0,0,0,0,0,0,0,0,0,0,0,0.004676020677425398,0,0,0,0,0,0,0,0,0,0,0.00639055975507243,0.005744703577325704,0,0,0,0,0,0,0,0,0,0,0,0,0.005786894646890191,0,0,0.004549539237999231,0,0,0,0,0.004811010224202746,0,0,0,0,0,0,0,0,0,0,0,0,0,0,0,0,0,0,0,0,0,0,0,0,0,0,0.004281348032596237,0.004501650144138778,0,0.004020940119339069,0,0,0,0,0,0,0,0,0,0.00533780027500407,0,0.004716146760249633,0,0,0,0,0,0.006030042658894755,0.005587911538765002,0.00535950805494282,0,0,0,0,0,0,0,0,0,0,0,0,0,0,0,0,0,0,0,0,0,0,0,0,0,0,0,0,0,0,0,0,0,0,0,0,0,0,0,0,0,0,0,0,0,0,0,0,0,0,0,0,0,0,0,0,0,0,0,0,0,0,0,0,0,0,0,0,0,0,0,0,0,0,0,0,0,0,0,0,0,0,0,0,0,0,0,0,0,0,0,0,0,0,0,0,0,0,0,0,0.005459619694376354,0.004100058678144857,0,0,0,0.005272465349989304,0,0,0,0,0,0,0.004825037736181476,0,0,0,0,0,0,0,0,0.004823342812773305,0,0,0,0,0,0,0,0,0,0,0,0,0,0,0,0,0,0,0,0,0,0,0,0,0,0.004197162989578951,0,0,0,0,0,0,0,0,0,0,0,0,0,0,0,0,0,0,0,0,0,0
0,0,0,0,0,0,0,0,0,0,0,0,0,0,0,0,0,0,0,0,0,0,0,0,0,0,0,0,0,0,0,0,0,0,0,0,0,0,0,0,0,0,0,0,0,0,0,0,0,0,0.006403821059126784,0.006885927552201512,0,0,0,0,0,0,0,0.005282435106692816,0,0,0,0,0,0,0,0,0,0,0,0,0,0,0,0,0,0,0,0,0.005955746272604433,0,0,0,0,0,0,0,0,0,0,0,0,0,0,0,0,0,0,0,0,0,0,0,0,0,0,0,0,0.004499706843972195,0,0,0,0,0,0,0,0,0,0,0,0,0,0,0,0,0.00466376027866887,0,0,0.005381998252400003,0,0,0,0,0,0,0,0,0,0,0,0,0,0,0,0,0.005643217176784597,0,0,0,0,0,0,0,0,0,0,0,0,0,0,0,0,0,0.007872575134347309,0,0,0,0,0,0,0,0,0,0,0,0,0,0,0,0,0,0.00494313223274946,0,0,0,0,0,0,0,0,0,0,0,0,0,0,0,0,0,0,0.004511915997505077,0,0,0,0,0,0,0,0,0,0,0,0,0.005174720442892274,0,0,0,0,0.006332932413946171,0,0,0,0,0,0,0,0,0,0,0,0,0,0,0,0,0,0.004302790268467239,0.004492797189667021,0,0,0.004290078519320643,0,0.004293053134507115,0,0,0,0,0,0,0,0,0,0,0,0,0,0,0,0,0.005104846889607631,0,0,0,0,0,0,0,0.005413154424642476,0.00830855494800644,0.006319974684212206,0.006455395648997731,0,0,0,0,0,0,0,0,0,0,0,0,0,0,0,0,0,0,0,0,0,0,0,0,0,0,0,0,0,0,0,0,0,0,0,0,0,0,0,0,0,0,0,0,0,0,0,0,0,0,0,0,0,0,0,0,0,0,0,0,0,0,0,0,0,0,0,0,0,0,0,0,0,0,0,0,0,0,0,0,0.00551799051990369,0,0,0.004710355842810977,0,0,0,0,0,0,0,0,0,0,0,0.005060246170555228,0,0,0.004680974429756762,0,0,0,0.004697128076006821,0,0,0,0,0,0,0,0,0,0,0,0,0,0,0,0,0,0,0,0,0,0,0,0,0,0,0,0.007298115989577292,0,0,0,0,0,0,0,0,0.007355004033308467,0,0.005332076835409523,0
0,0,0,0.005376112361075474,0,0,0,0,0,0,0,0,0,0,0,0,0,0,0,0,0,0,0,0,0,0,0,0,0,0,0,0,0,0,0,0,0,0,0,0,0,0,0,0,0,0,0,0,0,0,0,0,0,0,0,0,0,0,0,0,0,0,0,0,0,0,0,0,0,0,0,0,0,0,0,0,0,0,0,0.007509326295290161,0,0,0,0,0,0,0,0,0,0,0,0,0,0,0,0,0,0,0,0,0,0,0,0,0,0,0,0,0,0,0,0,0,0,0,0,0,0,0,0,0,0,0,0,0,0,0,0,0,0,0,0,0,0,0,0,0,0,0,0,0,0,0,0,0,0,0,0,0,0,0,0,0,0,0,0,0,0,0,0,0,0.01082704884558298,0,0,0,0,0,0,0.01136247246206231,0,0,0.005879938118737604,0,0,0,0,0,0,0,0,0,0,0,0,0,0,0,0,0,0,0,0,0,0,0,0,0,0,0,0,0.009663610668946365,0,0,0,0,0,0,0,0,0,0,0,0,0,0,0,0,0,0,0,0,0,0,0,0,0,0,0,0,0,0,0,0,0,0,0,0,0,0,0,0,0,0,0,0,0,0,0,0,0,0,0,0,0,0,0,0,0,0,0,0,0,0,0,0,0,0,0,0,0,0,0,0,0,0,0,0,0,0,0,0,0,0,0,0,0,0,0,0,0,0,0,0,0,0,0,0,0,0,0,0,0,0,0,0,0,0,0,0,0,0,0,0,0,0,0,0,0,0,0,0,0,0,0,0,0,0,0,0,0,0,0,0,0,0,0,0,0,0,0,0,0,0,0,0,0,0,0,0,0,0,0,0,0,0,0,0,0,0,0,0,0,0,0,0,0,0,0,0,0,0,0,0.005450410886069517,0,0,0,0,0,0,0,0,0,0,0,0,0,0,0,0,0,0,0,0,0,0,0,0,0,0,0,0,0,0,0,0,0,0,0,0,0,0,0,0,0,0
0,0,0,0,0,0,0,0,0,0,0,0,0,0,0,0,0,0,0,0,0,0,0,0.004735016008270085,0,0,0,0,0,0,0,0,0,0,0,0,0,0,0,0,0,0,0,0,0,0,0,0,0,0,0,0,0,0,0,0,0,0,0,0,0,0.003547131178434836,0,0,0,0,0,0,0,0,0,0,0,0,0,0,0,0,0,0,0,0,0,0,0,0,0,0,0,0,0,0,0.006285166096160638,0,0.006256872281165332,0.006260586686433705,0,0,0,0,0,0,0,0,0,0,0,0,0,0,0,0,0,0,0,0,0,0,0,0,0,0,0,0,0,0,0,0,0,0,0,0,0,0,0,0,0,0,0,0,0,0,0,0,0,0.004736321024449226,0,0,0,0,0,0,0.006769151687566552,0,0,0,0,0,0.007144601611720843,0,0,0,0,0,0,0,0,0,0,0,0,0,0,0,0,0,0.003536390108488028,0.005012159447377175,0,0,0,0,0,0,0,0.003280062849425332,0,0,0,0,0,0,0,0,0,0,0,0,0,0,0,0,0,0.00309281904507895,0,0.003915183519144997,0.004437661299135314,0.00445642679144154,0.004415516610440207,0,0,0,0,0,0,0,0,0,0,0,0,0,0,0,0,0,0,0,0,0,0,0,0,0,0,0,0,0,0,0,0,0,0,0,0,0,0,0,0,0,0,0,0,0,0,0,0,0.003914225682337708,0,0,0,0,0,0,0,0,0,0,0,0,0,0,0,0,0,0,0,0,0,0.007205334575089877,0.007205334575089877,0.007203390459757566,0.007205334575089877,0.007206311031334574,0.007180088305293736,0.007137996957255111,0.007270465528263991,0.007137996957255111,0.007120735014412808,0.007101797075562829,0.007205246036361249,0,0,0,0,0,0,0,0,0,0,0,0,0,0,0,0,0,0,0,0,0,0,0,0,0,0,0,0,0,0,0,0,0,0,0,0,0,0,0,0,0,0,0,0,0,0,0,0,0,0,0,0,0,0,0,0,0,0,0,0,0,0,0,0,0,0,0,0,0,0,0,0,0,0,0,0,0,0,0,0,0,0,0,0,0,0,0,0,0,0,0,0,0,0,0,0,0,0,0,0,0,0,0,0,0,0,0,0,0,0,0,0,0,0,0,0,0,0,0,0,0,0,0,0
0,0,0,0,0,0,0,0,0,0,0,0,0,0,0,0,0,0,0,0,0,0,0,0.005430671839224771,0,0,0,0,0,0,0,0,0,0,0,0,0,0,0,0,0,0,0,0,0,0,0,0,0,0,0,0,0,0,0,0,0,0,0,0,0,0.0032606970031665,0,0,0,0,0,0,0,0,0,0,0,0.003247230435013195,0,0,0,0,0,0,0,0,0,0,0,0,0,0,0,0,0,0,0.006011305283776573,0,0.005995608314168009,0.005999291622408154,0,0,0,0,0,0,0,0,0,0,0,0,0,0,0,0,0,0,0,0,0,0,0,0,0,0,0,0,0,0,0,0,0,0,0,0,0,0,0,0,0,0,0,0,0,0,0,0,0,0.004947866872644329,0,0,0,0,0,0.006769151687566552,0,0,0,0,0,0,0.007603463356547665,0,0,0,0,0,0,0,0,0,0,0,0,0,0,0,0,0,0.003446370035004115,0.004591566387035525,0,0,0,0,0,0,0,0.003072460530410494,0,0,0,0,0,0,0,0,0,0,0,0,0,0,0,0,0,0,0,0,0.004486101879970167,0.004527202260861546,0.004027007415387319,0,0,0,0,0,0,0,0,0,0,0,0,0,0,0,0,0,0,0,0,0,0,0,0,0,0,0,0,0,0,0,0,0,0,0,0,0,0,0,0,0,0,0,0,0,0,0,0,0.003869959540567155,0,0,0,0,0,0,0,0,0,0,0,0,0,0,0,0,0,0,0,0,0,0.006715223725993969,0.006715223725993969,0.006713302573115119,0.006715223725993969,0.006704985438896727,0.00670245046857595,0.006667559419698023,0.006656045615960875,0.006667559419698024,0.006732070728868798,0.006846897491857707,0.006624723183309063,0,0,0,0,0,0,0,0,0,0,0,0,0,0,0,0,0,0,0,0,0,0,0,0,0,0,0,0,0,0,0,0,0,0,0,0,0,0,0,0,0,0,0,0,0,0,0,0,0,0,0,0,0,0,0,0,0,0,0,0,0,0,0,0,0,0,0,0,0,0,0,0,0,0,0,0,0,0,0,0,0,0,0,0,0,0,0,0,0,0,0,0,0,0,0,0,0,0,0,0,0,0,0,0,0,0,0,0,0,0,0,0,0,0,0,0,0,0,0,0,0,0,0,0
0,0,0,0,0,0,0,0,0,0,0,0,0,0,0,0,0,0,0,0,0,0,0,0,0,0,0,0,0,0,0,0,0,0,0,0,0,0,0,0,0,0,0,0,0,0,0,0,0,0,0,0,0,0,0,0,0,0,0,0,0,0,0,0,0,0,0,0,0,0,0,0,0,0,0,0,0,0,0,0,0,0,0,0,0,0,0,0,0,0,0,0,0,0,0,0,0,0,0,0,0,0,0,0,0,0,0,0,0,0,0,0,0,0,0,0,0,0,0,0,0,0,0,0,0,0,0,0,0,0,0,0,0,0,0,0,0,0,0,0,0,0,0,0,0,0,0,0,0,0,0,0,0,0,0,0.006856693380487064,0,0,0,0,0,0,0.005445641593110038,0.004779710366674244,0,0,0,0,0,0,0,0,0,0,0,0,0,0,0,0,0,0,0,0,0,0,0,0,0,0,0,0,0,0,0,0,0,0,0,0,0,0,0,0,0,0,0,0,0,0,0,0,0,0,0,0,0,0,0,0,0,0,0,0,0,0.005944766464001742,0,0,0,0,0,0,0,0,0,0,0,0,0,0,0,0,0,0,0,0,0,0,0,0,0,0,0,0,0,0,0,0,0.003748925897114928,0,0,0,0,0,0,0,0,0,0,0,0,0,0.005229170212148925,0,0,0,0,0,0,0,0,0,0,0,0,0,0,0,0,0,0,0,0,0,0,0,0,0,0,0,0,0,0,0,0,0,0,0,0,0,0,0,0,0.005158121064166259,0.005160518424575692,0.005328883746237002,0.005328883746237002,0.005552130892384384,0.005439209617811127,0.005434641652409025,0.005441421687539461,0.005551251394157256,0.005434797679980305,0.006516188678141757,0,0,0,0,0,0,0,0,0,0,0,0,0,0,0,0,0,0,0,0,0,0,0,0,0,0,0,0,0,0,0,0,0,0,0,0,0,0,0,0,0,0,0,0,0,0,0,0,0,0,0,0,0,0,0,0,0,0,0,0,0,0,0,0,0,0,0,0,0,0,0,0,0,0,0,0,0,0,0,0,0,0,0,0,0,0,0,0,0,0,0
0,0,0,0,0,0,0,0,0,0,0,0,0,0,0,0,0,0,0,0,0,0,0,0,0,0,0,0,0,0,0,0,0,0,0,0,0,0,0,0,0,0,0,0,0,0,0,0,0,0,0,0,0,0,0,0,0,0,0,0,0,0,0,0,0,0,0,0,0,0,0,0,0,0,0,0,0,0,0,0,0,0,0,0,0,0,0,0,0,0,0,0,0,0,0,0,0,0,0,0,0,0,0,0,0,0,0,0,0,0,0,0,0,0,0,0,0,0,0,0,0,0,0,0,0,0,0,0,0,0,0,0,0,0,0,0,0,0,0,0,0,0,0,0,0,0,0,0,0,0,0,0,0,0,0,0,0,0.007804545315549687,0,0,0,0,0,0,0,0,0,0,0,0,0,0,0,0,0,0,0,0,0,0,0,0,0,0,0,0,0,0,0,0,0,0,0,0,0,0,0,0,0,0,0,0,0,0,0,0,0,0,0,0,0,0,0,0,0,0,0,0,0,0,0,0,0,0,0,0,0,0,0,0,0,0,0,0,0,0,0,0,0,0,0,0,0,0,0,0,0,0,0,0.00509385857021267,0,0,0,0,0,0,0,0,0,0,0,0,0,0,0,0.005781169178305656,0,0.005192028620269877,0,0,0,0,0,0,0,0,0,0,0,0,0,0,0,0,0,0,0,0,0,0,0,0,0,0,0.006295388938879549,0.006299488301066457,0.006567274627160797,0.007491069598511126,0.00748869216022174,0.007484425720788964,0.006935677130026971,0.006937177675109828,0.006929863022484032,0.007002956875623795,0.006955669141904564,0.006957914937093492,0.006955669141904564,0.007052023290448732,0.007103243220088902,0.006248721640370906,0.007173628381851595,0.007176218663910557,0.007031320722026096,0,0,0,0,0,0,0,0,0,0,0,0,0,0,0,0,0,0,0,0,0,0,0,0,0,0,0.007014709795556877,0,0,0.006485083500637714,0,0,0,0,0,0,0,0,0,0,0,0,0,0,0,0,0,0,0,0,0,0,0,0,0,0,0,0,0,0,0,0,0,0.007022558438032251,0,0,0,0,0,0,0,0,0,0,0,0,0,0,0,0,0,0,0,0,0,0,0,0,0,0,0,0,0,0,0,0,0,0,0,0,0,0
0,0,0,0,0,0,0,0,0,0,0,0,0,0,0,0,0,0,0,0,0,0,0,0,0,0,0,0,0,0,0,0,0,0,0,0,0,0,0,0,0,0,0,0,0,0,0,0,0,0,0,0,0,0,0,0,0,0,0,0,0,0,0,0,0,0,0,0,0,0,0,0,0,0,0,0,0,0,0,0,0,0,0,0,0,0,0,0,0,0,0,0,0,0,0,0,0,0,0,0,0,0,0,0,0,0,0,0,0,0,0,0,0,0,0,0,0,0,0,0,0,0,0,0,0,0,0,0,0,0,0,0,0,0,0,0,0,0,0,0,0,0,0,0,0,0,0,0,0,0,0,0,0,0.006856693380487064,0,0,0,0,0,0,0,0,0.005483367134372712,0.004826899014739884,0,0,0,0,0,0,0,0,0,0,0,0,0,0,0,0,0,0,0,0,0,0,0,0,0,0,0,0,0,0,0,0,0,0,0,0,0,0,0,0,0,0,0,0,0,0,0,0,0,0,0,0,0,0,0,0,0,0,0,0,0,0.005938721846210979,0,0,0,0,0,0,0,0,0,0,0,0,0,0,0,0,0,0,0,0,0,0,0,0,0,0,0,0,0,0,0,0,0.003736783760056246,0,0,0,0,0,0,0,0,0,0,0,0,0,0.005150074665657199,0,0,0,0,0,0,0,0,0,0,0,0,0,0,0,0,0,0,0,0,0,0,0,0,0,0,0,0,0,0,0,0,0,0,0,0,0,0,0,0,0.005033901191685605,0.005036328726232787,0.005565456508157061,0.005565456508157061,0.00619669676742794,0.005907746009900236,0.005902550675015779,0.005910261887761564,0.006363083046257354,0.005902728131588377,0.005541565223951521,0,0,0,0,0,0,0,0,0,0,0,0,0,0,0,0,0,0,0,0,0,0,0,0,0,0,0,0,0,0,0,0,0,0,0,0,0,0,0,0,0,0,0,0,0,0.002831308737554205,0,0,0,0,0,0,0,0,0,0,0,0,0,0,0,0,0,0,0,0,0,0,0,0,0,0,0,0,0,0,0,0,0,0,0,0,0,0,0,0,0,0,0,0,0
0,0,0,0,0,0,0,0.006446837438796369,0,0,0,0,0,0,0,0,0,0,0,0,0,0,0,0,0,0,0,0,0,0,0,0,0,0,0,0,0,0,0,0,0,0,0,0,0,0,0,0,0,0,0,0,0,0,0,0,0,0,0,0,0,0,0,0,0,0,0,0,0,0,0,0,0,0,0,0,0,0,0,0,0,0,0,0,0,0,0,0,0,0,0,0,0,0.007015943532410832,0,0,0.005636083920912947,0,0,0,0,0,0,0,0,0,0,0,0,0,0,0,0,0,0,0,0,0,0,0,0,0,0,0,0,0,0,0,0,0,0,0,0,0,0,0,0,0,0,0,0,0,0,0,0,0,0,0,0,0,0,0,0,0,0,0,0,0,0,0.005753129264100553,0,0,0,0,0,0,0,0,0,0,0,0,0,0,0,0,0,0,0,0,0,0,0,0,0,0,0,0,0,0,0,0,0,0,0,0,0,0,0,0,0,0,0,0,0,0,0,0,0,0,0,0,0,0,0,0,0,0,0,0,0,0,0,0,0,0,0,0,0,0,0,0,0,0,0,0,0,0,0,0,0,0,0,0,0,0,0,0,0,0,0,0,0,0,0,0,0,0,0,0,0,0,0,0,0,0,0,0,0,0,0,0,0,0,0.006947021619338175,0.006933718608481843,0.005798147900040646,0.005795816547004139,0.007005646672237217,0,0,0,0,0,0,0,0,0,0,0,0,0.006194663000418281,0.006190742854388231,0.005352751019583345,0,0,0,0,0,0,0,0,0,0,0,0,0,0,0,0,0,0,0,0,0,0,0,0,0,0,0,0,0,0,0.007112183134010024,0.007109821838915231,0.006206831756135498,0.006189988424845208,0.006182960875694069,0.006194578422243929,0.0061929185341643,0.006149155461568889,0.00615096374998503,0.006154305751671108,0.006009860036226306,0.006154221871989322,0.005040920106824684,0.005038449765330613,0,0,0,0,0,0,0,0,0,0,0,0,0,0,0,0,0,0,0,0,0,0,0,0,0,0,0,0,0,0,0,0,0,0,0,0,0,0,0,0,0,0,0,0,0,0,0,0,0,0,0,0,0,0,0,0,0,0,0,0,0,0,0,0,0,0,0,0,0,0,0,0,0,0,0,0,0
0,0,0,0,0,0,0,0,0,0,0,0,0,0,0,0,0,0,0,0,0,0,0,0,0,0,0,0,0,0,0,0,0,0,0,0,0,0,0,0,0,0,0,0,0,0,0,0,0,0,0,0,0,0,0,0,0,0,0,0,0,0,0,0,0,0,0,0,0,0,0,0,0,0,0,0,0,0,0,0,0,0,0,0,0,0,0,0,0,0,0,0,0,0,0,0,0,0,0,0,0,0,0,0,0,0,0,0,0,0,0,0,0,0,0,0,0,0,0,0,0,0,0,0,0,0,0,0,0,0,0,0,0,0,0,0,0,0,0,0,0,0,0,0,0,0,0,0,0,0,0,0,0,0,0.007804545315549687,0,0,0,0,0,0,0,0,0,0,0,0,0,0,0,0,0,0,0,0,0,0,0,0,0,0,0,0,0,0,0,0,0,0,0,0,0,0,0,0,0,0,0,0,0,0,0,0,0,0,0,0,0,0,0,0,0,0,0,0,0,0,0,0,0,0,0,0,0,0,0,0,0,0,0,0,0,0,0,0,0,0,0,0,0,0,0,0,0,0,0,0,0,0,0.004688665860849385,0,0,0,0,0,0,0,0,0,0,0,0,0,0,0,0.005310566726384361,0,0.005043381922208188,0,0,0,0,0,0,0,0,0,0,0,0,0,0,0,0,0,0,0,0,0,0,0,0,0,0,0.006468241860133412,0.006472513338056379,0.006393557289301553,0.007014479090786659,0.007012306012643601,0.007008404376701116,0.007317389823415765,0.00731899648437366,0.007311655102634388,0.007330449672054975,0.007272705196711637,0.007275088449402875,0.007272705196711637,0.007368978607412207,0.007403760968250903,0.00618847068627461,0.007116763543897957,0.007119331691658133,0.007431028859465147,0,0,0,0,0,0,0,0,0,0,0,0,0,0,0,0,0,0,0,0,0,0,0,0,0,0,0.007324026082447023,0,0,0.006366986124324273,0,0,0,0,0,0,0,0,0,0,0,0,0,0,0,0,0,0,0,0,0,0,0,0,0,0,0,0,0,0,0,0,0,0.007339758902589029,0,0,0,0,0,0,0,0,0,0,0,0,0,0,0,0,0,0,0,0,0,0,0,0,0,0,0,0,0,0,0,0,0,0,0,0,0,0
0,0,0,0,0,0,0,0,0,0,0,0,0,0,0,0,0,0,0,0,0,0,0,0.005062921754078926,0,0,0,0,0,0,0,0,0,0,0,0,0,0,0,0,0,0,0,0,0,0,0,0,0,0,0,0,0,0,0,0,0,0,0,0,0,0.003531718753691638,0,0,0,0,0,0,0,0,0,0,0,0.003122356302644186,0,0,0,0,0,0,0,0,0,0,0,0,0,0,0,0,0,0,0.00599318966877003,0,0.005965005809107934,0.005968737376525089,0,0,0,0,0,0,0,0,0,0,0,0,0,0,0,0,0,0,0,0,0,0,0,0,0,0,0,0,0,0,0,0,0,0,0,0,0,0,0,0,0,0,0,0,0,0,0,0,0,0.004528707831645728,0,0,0,0,0,0.007144601611720843,0.007603463356547665,0,0,0,0,0,0,0,0,0,0,0,0,0,0,0,0,0,0,0,0,0,0,0,0.003538353768798042,0.004718675753986518,0,0,0,0,0,0,0,0.003274916619186489,0,0,0,0,0,0,0,0,0,0,0,0,0,0,0,0,0,0,0,0.003903731127568343,0.004629366413304852,0.004654388756249561,0.004412060574344165,0,0,0,0,0,0,0,0,0,0,0,0,0,0,0,0,0,0,0,0,0,0,0,0,0,0,0,0,0,0,0,0,0,0,0,0,0,0,0,0,0,0,0,0,0,0,0,0,0.003921186101896927,0,0,0,0,0,0,0,0,0,0,0,0,0,0,0,0,0,0,0,0,0,0.006981078406409378,0.006981078406409378,0.006979132758348192,0.006981078406409378,0.0069820735452664,0.006955829577193628,0.006913728019432266,0.007046149330275519,0.006913728019432267,0.006896414485331077,0.006877685042177064,0.006980815781637046,0,0,0,0,0,0,0,0,0,0,0,0,0,0,0,0,0,0,0,0,0,0,0,0,0,0,0,0,0,0,0,0,0,0,0,0,0,0,0,0,0,0,0,0,0,0,0,0,0,0,0,0,0,0,0,0,0,0,0,0,0,0,0,0,0,0,0,0,0,0,0,0,0,0,0,0,0,0,0,0,0,0,0,0,0,0,0,0,0,0,0,0,0,0,0,0,0,0,0,0,0,0,0,0,0,0,0,0,0,0,0,0,0,0,0,0,0,0,0,0,0,0,0,0
0,0,0,0,0,0,0,0,0,0,0,0,0,0,0,0,0,0,0,0,0,0,0,0,0,0,0,0,0,0,0,0,0,0,0,0,0,0,0,0,0,0,0,0,0,0,0,0,0,0,0,0,0,0,0,0,0,0,0,0,0,0,0,0,0,0,0,0,0,0,0,0,0,0,0,0,0,0,0,0,0,0,0,0,0,0,0,0,0,0,0,0,0,0.004955313799239939,0,0,0,0,0,0,0,0,0,0,0,0,0,0,0,0,0,0,0,0,0,0,0,0,0,0,0,0,0,0,0,0,0,0,0,0,0,0,0,0,0,0,0,0,0,0,0,0,0,0,0,0,0,0,0,0,0,0,0,0,0,0,0.005753129264100553,0,0,0,0,0,0,0,0,0,0,0,0,0,0,0,0,0,0,0,0,0,0,0,0,0,0,0,0,0,0,0,0,0,0,0,0,0,0,0,0,0,0,0,0,0,0,0,0,0,0,0,0,0,0,0,0,0,0,0,0,0,0,0,0,0,0,0,0,0,0,0,0,0,0,0,0,0,0,0,0,0,0,0,0,0,0,0,0,0,0,0,0,0,0,0,0,0,0,0,0,0,0,0,0,0,0,0,0,0,0,0,0,0,0,0,0,0,0.004756019096109967,0,0,0,0.004935986306104425,0,0,0,0,0,0,0,0,0,0,0,0,0.005414863535354159,0.005411626240988303,0.00569853142914052,0,0,0,0,0,0,0,0,0,0,0,0,0,0,0,0,0,0,0,0,0,0.005423380314918612,0.005423380314918612,0.004998811417569807,0.005415408016603125,0.00519160761940193,0.005196732995333571,0.004785142439099944,0.005411861129328245,0.005003632747329251,0.005038089967609405,0.005036635728526401,0.005540559728275345,0.005463107476138804,0.005457219548824459,0.005466953137047818,0.005465562424560062,0.005715393850778325,0.005717025500980841,0.005720041047438602,0.005858286593608193,0.005719965361337561,0.00704667130950172,0.007042707766714557,0,0,0,0,0,0,0,0,0,0,0,0,0,0,0,0,0,0,0,0,0,0,0,0,0,0,0,0,0,0,0,0,0,0,0,0,0,0,0,0,0,0,0,0,0,0,0,0,0,0,0,0,0,0,0,0,0,0,0,0,0,0,0,0,0,0,0,0,0,0,0,0,0,0,0,0,0
0.005979745051018669,0,0,0,0,0,0,0,0,0.004023616770896654,0,0,0,0,0,0,0,0,0,0,0,0,0,0,0,0,0,0,0,0,0,0,0,0,0,0,0,0,0,0.002721094332282953,0,0,0,0,0.003350267592381888,0,0,0,0,0,0,0,0,0,0,0,0,0,0,0,0,0,0,0,0,0,0,0,0,0,0,0,0,0,0,0,0,0,0.007262422836206876,0,0,0,0,0,0,0,0,0,0,0,0,0,0,0,0,0,0,0,0,0,0,0,0,0,0,0,0,0,0,0,0,0,0,0,0,0,0,0,0,0,0,0,0,0,0,0,0,0.003278283983321412,0.005933583638344172,0,0,0,0.005133203839920836,0,0.005017270509415699,0,0,0,0,0,0,0,0,0,0,0,0,0,0,0,0,0,0,0,0,0,0,0,0,0,0,0,0,0,0,0,0,0,0,0,0,0,0,0,0,0,0,0,0,0,0,0,0,0.003074929968860509,0,0,0,0,0,0,0.003005646692345999,0,0,0.005591107415163327,0,0,0,0.003628658576407533,0,0,0,0,0,0,0,0,0,0,0,0,0,0,0,0,0,0,0,0,0.006641453756805178,0,0,0,0,0,0,0,0,0,0,0,0.00651507050756938,0,0.007054782101158062,0,0,0,0,0,0,0,0,0,0,0,0,0,0,0,0,0,0,0,0,0,0,0,0,0,0,0,0,0,0,0,0,0,0,0,0,0,0,0,0,0,0,0,0,0,0,0,0,0,0,0,0,0,0,0,0,0,0,0,0,0,0,0,0,0,0,0,0,0,0,0,0,0,0,0,0,0,0,0,0,0,0,0,0,0,0,0,0,0,0,0,0,0,0,0,0,0,0,0,0,0,0,0,0,0,0,0,0,0,0,0.006221277110484679,0.007024312259902058,0,0,0,0.003419014213151002,0,0,0,0,0,0,0,0,0,0.005704819253721192,0.004757331628294872,0.005707385733505065,0,0,0,0,0,0,0,0,0,0,0,0,0,0,0,0,0,0,0,0,0,0,0,0,0,0,0,0,0,0,0,0,0,0,0,0,0,0,0,0,0.002685059137517373,0,0,0,0,0,0,0,0,0,0,0,0,0
0,0,0,0,0,0,0,0,0.004370755681544252,0,0,0,0,0,0,0,0,0,0,0,0,0,0,0,0,0,0,0,0,0,0,0,0,0,0,0,0,0,0,0,0,0,0,0,0,0,0,0,0,0,0,0,0,0,0,0,0,0,0,0,0,0,0,0,0,0,0,0,0,0,0.003056910796980876,0,0,0,0,0,0,0,0,0.00303610082644055,0,0,0.003155348261500475,0,0,0.0032577136296399,0,0,0,0,0,0,0,0,0,0,0,0,0,0,0.004373453915261253,0,0,0,0,0,0,0,0,0,0,0,0,0,0,0,0,0,0,0,0,0,0,0,0,0,0,0,0,0,0,0,0,0,0,0,0,0,0,0,0,0,0,0,0.005199444151941757,0,0,0,0.004676020677425398,0,0.01082704884558298,0,0,0,0,0,0,0,0,0,0,0,0,0,0,0,0,0,0,0,0,0.003111347762456747,0.004384266223923447,0,0,0,0,0,0,0,0,0,0,0,0,0,0.004092947568536533,0,0,0.004306988624044631,0,0,0,0,0.004226872025594171,0,0,0,0,0,0.003087664289474004,0,0,0,0,0,0,0,0,0,0,0,0,0,0,0,0,0,0,0,0,0.004947041927201678,0.004191292623726797,0,0.004058638188227397,0,0,0,0,0,0,0,0,0,0,0,0.00448460037055434,0,0,0,0,0,0,0,0.005146277910593192,0,0,0,0,0,0,0,0,0,0,0,0,0,0,0,0,0,0,0,0,0,0,0,0,0,0,0,0,0,0,0,0,0,0,0,0,0,0,0,0,0,0,0,0,0,0,0,0,0,0,0,0,0,0,0,0,0,0,0,0,0,0,0,0,0,0,0,0,0,0,0,0,0,0,0,0,0,0,0,0,0,0,0,0,0,0,0,0,0,0,0,0,0,0,0,0,0,0,0,0,0.004257492744014204,0.004677745797242403,0,0,0,0.004813439624015101,0,0,0,0,0,0,0.004510600274477498,0,0,0,0,0,0,0,0,0.004509158248897903,0,0,0,0,0,0,0,0,0,0,0,0,0,0,0,0,0,0,0,0,0,0,0,0,0,0.003816180453859968,0,0,0,0,0,0,0,0,0,0,0,0,0,0,0,0,0,0,0,0,0,0
0,0,0,0,0,0,0,0,0,0,0,0,0,0,0,0,0,0,0,0,0,0,0,0,0,0,0,0,0,0,0,0,0,0,0,0,0,0,0,0,0.003848509562943133,0,0,0,0,0,0,0,0,0,0,0,0,0,0,0,0,0,0,0,0,0,0,0,0,0,0,0,0,0,0,0,0,0,0,0,0,0,0,0,0,0,0,0,0,0,0,0,0,0,0,0,0,0,0,0,0,0,0,0,0,0,0,0,0,0,0,0,0,0,0,0,0,0,0,0,0,0,0,0,0,0,0,0,0,0,0,0,0,0,0,0,0,0,0,0,0,0,0,0,0.002715683646516216,0,0,0,0,0,0,0,0,0,0,0,0,0.005445641593110038,0,0.005483367134372712,0,0,0,0,0,0,0,0.006958610417841236,0,0,0,0,0,0,0,0,0,0,0,0,0,0,0,0,0,0,0,0,0,0,0,0,0,0,0,0,0,0,0,0,0,0,0,0,0,0,0,0,0,0,0,0,0,0,0,0,0,0,0,0,0,0,0,0,0,0,0,0,0,0.006385665233171496,0,0,0,0,0,0,0,0,0,0,0,0,0,0,0,0,0,0,0,0,0,0,0,0,0,0,0,0,0,0,0,0,0.003569139765428917,0,0,0,0,0,0,0,0,0,0,0,0,0,0.006139291053447217,0,0,0,0,0,0,0,0,0,0,0,0,0,0,0,0,0,0,0,0,0,0,0,0,0,0,0,0,0,0,0,0,0,0,0,0,0,0,0,0,0.004727441626046274,0.004729538098507341,0.004754688425459916,0.004754688425459916,0.004827717173300512,0.004716492170180529,0.004712741359969073,0.004718308526697079,0.0048334725621885,0.004712869476046169,0.004877903519922986,0,0,0,0,0,0,0,0,0,0,0,0,0,0,0,0,0,0,0,0,0,0,0,0,0,0,0,0,0,0,0,0,0,0,0,0,0,0,0,0,0,0,0,0,0,0,0,0,0,0,0,0,0,0,0,0,0,0,0,0,0,0,0,0,0,0,0,0,0,0,0,0,0,0,0,0,0,0,0,0,0,0,0,0,0,0,0,0,0,0,0
0,0,0,0,0,0,0,0,0,0,0,0,0,0,0,0,0,0,0,0,0,0,0,0,0,0,0,0,0,0,0,0,0,0,0,0,0,0,0,0,0.003820793972654994,0,0,0,0,0,0,0,0,0.004790345145429552,0,0,0,0,0,0,0,0,0,0,0,0,0,0,0,0,0,0,0,0,0,0,0,0,0,0,0,0,0,0,0,0,0,0,0,0,0,0,0,0,0,0,0,0,0,0,0,0,0,0,0,0,0,0,0,0,0,0,0,0,0,0,0,0,0,0,0,0,0,0,0,0,0,0,0,0,0,0,0,0,0,0,0,0,0,0,0,0,0,0,0.004840870770381731,0,0,0,0,0,0,0,0,0,0,0,0,0.004779710366674244,0,0.004826899014739884,0,0,0,0,0,0,0.006958610417841236,0,0,0.004766542141638163,0,0,0,0,0,0,0,0,0,0,0,0,0,0,0,0,0,0,0,0,0,0,0,0,0,0,0,0,0,0,0,0,0,0,0,0,0,0,0,0,0,0,0,0,0,0,0,0,0,0,0,0,0,0,0,0,0,0,0,0.005631741072751866,0,0,0,0,0,0,0,0,0.002507839927962717,0,0,0,0,0,0,0,0,0,0,0,0,0,0,0,0,0,0,0,0,0,0,0,0,0,0,0,0,0,0,0,0,0,0,0,0,0,0.005916714821335609,0,0,0,0,0,0,0,0,0,0,0,0,0,0,0,0,0,0,0,0,0,0,0,0,0,0,0,0,0,0,0,0,0,0,0,0,0,0,0,0,0.004391650787160506,0,0,0,0.004178588611758656,0,0,0,0.004188258979908922,0,0.004224429477514671,0,0,0,0,0,0,0,0,0,0,0,0,0,0,0,0,0,0,0,0,0,0,0,0,0,0,0,0,0,0,0,0,0,0,0,0,0,0,0,0,0,0,0,0,0,0,0,0,0,0,0,0,0,0,0,0,0,0,0,0,0,0,0,0,0,0,0,0,0,0,0,0,0,0,0,0,0,0,0,0,0,0,0,0,0,0,0,0,0,0,0
0,0,0,0,0,0,0,0,0,0,0,0,0,0,0,0,0,0,0,0,0,0,0,0,0,0,0,0,0,0,0,0,0,0,0,0,0,0,0,0,0,0,0,0,0,0,0,0,0,0,0.006390156512839357,0.007270028054562091,0,0,0,0,0,0,0,0.005054256470649453,0,0,0,0,0,0,0,0,0,0,0,0,0,0,0,0,0,0,0,0,0.0060643243010667,0,0,0,0,0,0,0,0,0,0,0,0,0,0,0,0,0,0.004442180995109115,0,0,0,0,0,0,0,0,0,0,0.004910081971429758,0.004408537777753968,0.00456916257420968,0,0,0,0,0,0,0,0,0,0,0,0,0,0,0.0050437381862473,0,0,0.005603317178180797,0,0,0,0.004265614453158813,0,0,0,0,0,0,0,0,0,0,0,0,0.004755141429786787,0,0,0.007872575134347309,0,0,0,0,0,0,0,0,0,0,0,0,0,0,0,0,0,0,0,0,0,0,0,0,0,0,0,0,0,0,0,0,0,0,0,0,0,0,0,0,0,0,0,0,0,0,0,0,0,0,0,0.004415946982645391,0,0,0,0,0,0,0,0,0,0,0,0,0.004851609129311997,0,0,0,0,0.006410330669973772,0,0,0,0,0,0,0,0,0,0,0,0,0,0,0,0,0,0,0,0,0,0,0,0,0,0,0,0,0,0,0,0,0,0,0,0,0,0,0,0,0.004738798149407985,0,0,0,0,0,0,0,0.005158364228436998,0.007864499961151829,0.007698960080723882,0.006316475207402111,0,0,0,0,0,0,0,0,0,0,0,0,0,0,0,0,0,0,0,0,0,0,0,0,0,0,0,0,0,0,0,0,0,0,0,0,0,0,0,0,0,0,0,0,0,0,0,0,0,0,0,0,0,0,0,0,0,0,0,0,0,0,0,0,0,0,0,0,0,0,0,0,0,0,0,0.004778747628311365,0,0,0,0,0.005205327991559467,0,0,0.004737746820438546,0,0,0,0,0,0,0,0,0,0,0,0.004768617829334639,0,0,0.004921275265670428,0,0,0,0.004787031996809452,0,0,0,0,0,0,0,0,0,0,0,0,0,0,0,0,0,0,0,0,0,0,0,0,0,0,0,0.007232266599161942,0,0,0,0,0,0,0,0,0.007253407646483424,0,0.005046150916470685,0
0,0,0,0,0,0,0,0,0,0,0,0,0,0,0,0,0,0,0,0,0,0,0,0,0,0,0,0,0,0,0,0,0,0,0,0,0,0,0,0,0,0,0,0,0,0,0,0,0,0.006959351146981621,0,0,0,0,0,0,0,0,0,0,0,0,0,0,0,0,0,0,0,0,0,0,0,0,0,0,0,0,0,0,0,0,0,0,0,0,0,0,0,0,0,0,0,0,0,0,0,0,0,0,0,0,0,0,0,0,0,0,0,0,0,0,0,0,0,0,0,0,0,0,0,0,0,0,0,0,0,0,0,0,0,0,0,0,0,0,0,0,0,0,0.007805392239475174,0,0,0,0,0,0,0,0,0,0,0,0,0,0,0,0,0,0,0,0,0,0,0.004766542141638163,0,0,0,0,0,0,0,0,0,0,0,0,0,0,0.003440391939529322,0,0,0,0,0,0,0,0,0,0,0,0,0,0,0,0,0,0,0,0,0,0,0,0,0,0,0,0,0,0,0,0,0,0,0,0,0,0,0,0,0,0,0,0,0,0,0,0,0,0,0,0,0,0,0,0,0,0,0,0,0,0,0,0,0,0,0,0,0,0,0,0,0,0,0,0,0,0,0,0,0,0,0,0,0,0,0,0,0,0,0,0,0,0,0,0,0,0,0,0,0,0,0,0,0,0,0,0,0,0,0,0,0,0,0,0,0,0,0,0,0,0,0,0,0,0,0,0,0,0,0,0,0,0,0,0,0,0,0,0,0,0,0,0,0,0,0,0,0,0,0,0,0,0,0,0,0,0,0,0,0,0,0,0,0,0,0,0,0,0,0,0,0,0,0,0,0,0,0,0,0,0,0,0,0,0,0,0,0,0,0.003109171536983884,0,0,0,0,0,0,0,0,0,0,0,0,0,0,0,0,0,0,0,0,0,0,0,0,0,0,0,0,0.003305431214052559,0,0,0,0,0,0,0,0,0,0,0,0,0,0,0,0
0,0,0,0,0.003464237339868557,0,0,0,0,0,0,0,0,0,0,0,0,0,0,0,0,0,0,0,0,0,0,0,0,0,0,0,0,0,0,0,0,0,0,0,0,0,0.003883652624186265,0,0,0,0,0,0,0,0,0,0,0,0,0,0,0,0,0,0,0,0,0,0,0,0,0,0,0.00495806919488382,0,0,0,0,0,0,0,0,0,0.004475333447604571,0.00442315737261713,0,0,0,0,0,0,0,0,0,0,0,0,0,0,0,0,0,0,0,0,0,0,0,0,0,0,0,0,0,0,0,0,0,0,0,0,0,0,0,0,0,0,0,0,0,0,0,0,0,0,0,0,0,0,0,0,0,0.005019209892763448,0,0,0,0,0,0,0,0,0,0,0,0,0,0,0,0,0,0,0,0,0,0,0,0,0,0,0,0,0,0.006015870558718415,0.003802359398907598,0,0.004848154771576746,0,0.005619167560048888,0,0,0,0,0,0,0,0,0,0,0,0,0,0,0,0,0,0,0,0,0,0,0,0,0,0,0,0,0,0,0,0,0,0,0,0,0,0,0,0,0,0,0,0.003538344616950158,0,0,0,0,0,0,0,0,0,0,0,0,0,0,0,0,0,0,0.004722972337612961,0.003805352338803534,0,0.004385713896180676,0,0.004899557779643641,0.004767591045301451,0.005452978678060304,0,0,0,0,0,0,0,0,0,0,0,0,0,0,0,0,0,0,0,0,0,0,0,0,0.003545910226697396,0,0,0,0,0,0,0,0,0,0,0,0,0,0,0,0,0,0,0,0,0,0,0,0,0,0,0,0,0,0,0,0,0,0,0,0,0,0,0,0,0,0,0,0,0,0,0,0,0,0,0,0,0,0,0,0,0,0,0,0,0,0,0,0,0,0,0,0,0,0,0,0,0,0,0,0,0,0,0,0,0,0,0,0,0,0,0,0,0,0,0,0,0,0,0,0,0,0,0,0,0,0,0,0.003998988878487295,0,0,0,0,0,0,0,0,0,0,0,0,0,0,0,0,0,0,0,0,0,0,0,0,0,0,0,0,0,0,0,0,0,0,0,0,0.003439247493164144,0,0,0,0.004086183992783593,0
0,0,0,0,0,0,0,0,0,0,0,0,0,0.005552683773486462,0,0,0,0,0,0,0.003489735863358855,0,0,0,0,0,0,0,0,0,0,0,0,0,0,0,0,0,0.00336700536042568,0,0,0,0,0,0,0,0,0,0.005336075722676784,0,0,0,0,0.003073584820376127,0,0,0,0,0,0,0,0,0,0,0,0,0,0,0.003618837027512826,0,0,0,0,0,0,0,0,0,0,0,0,0,0,0,0,0,0,0,0,0,0,0,0,0,0,0,0,0,0,0,0,0,0,0,0,0,0,0,0,0,0,0,0,0,0,0,0,0.003197953672742175,0,0,0,0.003099317972340135,0,0,0,0,0,0,0,0,0,0,0,0,0,0,0,0.005406497010217769,0,0,0,0,0,0,0,0,0,0,0,0,0,0,0,0,0,0,0,0,0,0,0,0,0,0,0,0,0,0,0,0.003324603038906004,0.003041845360202211,0,0,0,0,0,0,0,0,0,0,0,0,0,0,0,0,0,0,0,0,0,0,0,0,0,0,0,0,0,0,0,0,0,0,0,0,0,0,0,0,0,0,0,0,0.005069669583722387,0,0.00353160502200408,0,0,0,0,0,0,0,0,0,0,0,0,0,0,0,0,0,0,0,0,0,0,0.004667648957845666,0.005087688637020323,0,0,0,0.003690413654695428,0,0.003387031993002382,0,0,0.004439605381672575,0,0.004012647085613613,0,0,0,0.0040998089980902,0,0,0,0,0,0,0,0,0,0,0,0,0,0,0,0,0,0,0,0,0,0,0,0,0,0,0,0,0,0,0,0,0,0,0,0,0,0,0,0,0,0,0,0,0,0,0,0,0,0,0,0,0,0,0,0,0,0,0,0,0,0,0,0,0,0,0,0,0,0,0,0,0,0,0,0,0,0,0,0,0,0,0,0,0,0,0,0,0,0,0,0,0,0,0.003809223050191431,0,0,0,0,0,0,0,0,0,0,0,0,0,0,0,0,0,0,0,0,0,0,0,0,0,0,0,0,0,0.003683309671760213,0,0,0,0.003264402018805631,0.003699105720752584,0,0,0,0,0,0,0,0,0,0,0,0,0.004903197865821191,0,0,0,0,0,0,0,0,0,0,0,0,0,0,0
0,0,0,0.003611226465421326,0.004672402465183636,0,0,0,0,0,0,0,0,0,0,0,0,0,0,0,0,0,0,0,0,0,0,0,0,0,0,0,0,0,0,0,0,0,0,0,0,0,0.003864189445484968,0,0,0,0,0,0,0,0,0,0,0,0,0,0,0,0,0,0,0,0,0,0.003623869605476228,0,0,0,0,0.004495953577187668,0.003623204057831465,0,0,0,0,0,0,0,0,0.00693594936391502,0,0,0,0,0,0,0,0,0,0,0,0,0,0,0,0,0,0,0,0,0.00338262199584463,0,0,0,0,0,0,0,0,0,0,0,0,0,0,0,0,0,0,0,0,0,0,0.00341875319777515,0,0,0,0,0,0,0,0,0,0,0,0,0,0,0,0,0,0,0,0,0,0,0,0,0,0,0.01136247246206231,0,0,0,0,0,0,0,0,0,0,0,0,0,0,0,0.006015870558718415,0,0,0,0,0.006741348629387118,0,0.004659625603195539,0,0,0,0,0,0,0,0,0,0,0,0,0,0,0,0,0,0,0,0,0,0,0,0,0,0,0,0,0,0,0,0,0,0,0,0.003683979985807643,0,0,0,0,0,0,0,0,0,0,0,0,0,0,0,0,0,0,0,0,0,0,0,0,0,0,0,0,0,0,0,0,0,0,0,0,0,0,0,0,0,0,0,0,0,0,0,0,0,0,0,0,0,0,0,0,0,0,0.003088225545753102,0,0,0,0,0,0,0,0,0,0,0,0,0,0,0,0,0,0,0,0,0,0,0,0,0,0,0,0,0,0,0,0,0,0,0,0,0,0,0,0,0,0,0,0,0,0,0,0,0,0,0,0,0,0,0,0,0,0,0,0,0,0,0,0,0,0,0,0,0,0,0,0,0,0,0,0,0,0,0,0,0,0,0,0,0,0,0,0,0,0,0,0,0,0,0,0,0,0,0,0,0,0,0,0.006563511329871136,0,0,0,0,0,0,0,0,0,0,0,0,0,0,0,0,0,0,0,0,0,0,0,0,0,0,0,0,0,0,0,0,0,0,0,0,0,0,0,0.003740802726976331,0,0
0,0,0,0,0,0,0,0,0,0,0,0,0,0,0,0,0,0,0,0.006307375666996093,0,0,0,0,0,0,0,0,0,0,0,0.002950069503473749,0.003252260214175724,0,0,0.003471510417197881,0,0,0.003365218675782435,0,0,0,0.003119221981581993,0,0,0,0,0,0.003395893797563669,0,0,0,0,0,0,0,0.003550745100564856,0.003516887828658311,0,0,0,0,0,0,0.004006727276274984,0,0,0.004169465412771122,0.003192524937998634,0,0,0,0,0,0,0,0,0,0,0,0,0,0.00586088443408429,0.006304741745975844,0.006356190816390589,0,0,0,0,0,0,0,0,0,0,0,0,0,0,0,0,0,0,0,0,0.003261350416926927,0,0,0,0,0,0,0,0,0,0.002906843306935015,0,0,0,0,0,0,0.004732188816629962,0.006094840122468382,0,0,0,0,0,0,0,0,0,0,0,0,0,0,0,0,0,0,0,0,0,0,0,0,0,0,0,0,0,0,0,0,0,0,0,0,0,0,0,0,0,0,0.003802359398907598,0.003324603038906004,0,0,0.007940405189639817,0,0,0,0,0,0,0,0,0,0,0,0,0,0,0,0,0,0,0,0,0,0,0,0,0,0,0,0,0,0,0,0,0,0,0,0,0,0,0,0,0,0,0,0,0,0,0.005285660220778924,0,0,0,0,0,0,0,0,0,0,0,0,0,0,0,0.003059224241770987,0,0,0,0,0,0,0,0,0,0,0,0,0,0,0,0,0,0,0,0,0,0,0,0,0,0,0,0,0,0,0,0,0,0,0,0,0,0,0,0,0,0,0,0,0,0,0,0,0,0,0,0,0,0,0,0,0,0,0,0,0,0,0,0,0,0,0,0,0,0,0,0,0,0,0,0,0,0,0,0,0,0,0,0,0,0,0,0,0,0,0,0,0,0,0,0,0,0,0,0,0,0,0,0,0,0,0,0,0,0,0,0,0,0,0,0,0,0.005397730451507991,0,0,0,0,0,0,0,0,0,0,0,0,0,0,0,0,0,0,0,0.003194382874022516,0,0,0,0,0,0,0,0,0,0,0,0,0,0,0,0,0,0,0,0,0,0,0,0,0,0,0,0,0.003281657954929245,0,0,0,0,0,0,0,0,0.00599233542634089,0,0,0.006517346156128199,0,0
0,0,0,0,0,0,0,0,0,0,0,0,0.002707301228659288,0,0,0,0,0,0,0.006680261133576864,0,0,0,0,0,0,0,0,0,0,0,0,0,0,0.003102932389669952,0.003449816254306091,0,0,0,0,0,0,0.00375853793812354,0,0,0,0,0,0,0,0,0,0,0,0,0,0,0.00307553122759993,0,0,0,0,0,0,0.003903761790392271,0,0,0.003331965083995676,0,0,0,0,0,0,0,0,0,0,0,0.002811401037045251,0,0,0.006130873331913086,0.00575061469542134,0.006163717874207802,0,0,0,0,0,0,0,0,0,0,0,0,0,0,0,0,0,0,0,0,0,0,0,0,0,0,0,0,0.002687591409026564,0,0,0,0,0,0,0,0,0.004525552341885471,0.006470575274154847,0,0,0,0,0,0,0,0,0,0,0,0,0,0,0,0,0,0,0,0,0,0,0,0,0,0,0,0,0,0,0,0,0,0,0,0,0,0,0,0,0,0,0,0.003041845360202211,0,0.007940405189639817,0,0.002840083027795359,0,0,0,0,0,0,0,0,0,0,0,0,0,0,0,0,0,0,0,0,0,0,0,0,0,0,0,0,0,0,0,0,0,0,0,0,0,0,0,0,0,0,0,0,0,0.00529404250008556,0,0,0,0,0,0,0,0,0,0,0,0,0,0,0,0,0,0,0,0,0,0,0,0,0,0,0,0,0,0,0,0,0,0,0,0,0,0,0,0,0,0,0,0,0,0,0,0,0,0,0,0,0,0,0,0,0,0,0,0,0,0,0,0,0,0,0,0,0,0,0,0,0,0,0,0,0,0,0,0,0,0,0,0,0,0,0,0,0,0,0,0,0,0,0,0,0,0,0,0,0,0,0,0,0,0,0,0,0,0,0,0,0,0,0,0,0,0,0,0,0,0,0,0,0,0,0,0,0,0,0,0,0,0.005532997257271633,0,0,0,0,0,0,0,0,0,0,0,0,0,0,0,0,0,0,0,0,0,0,0,0,0,0,0,0,0,0.003253019599134712,0,0,0.002877391218132718,0,0,0,0,0,0,0,0,0,0,0,0,0,0,0,0,0,0,0,0,0,0,0,0,0.006444522061673639,0,0,0.006505716956953877,0,0
0,0,0,0,0.006316345711612609,0,0,0,0,0,0,0,0.003519452944539619,0,0,0,0,0,0,0,0,0,0,0,0,0,0,0,0,0,0,0,0,0,0,0,0,0,0,0,0,0,0.004632854936012794,0,0,0,0,0,0,0,0,0,0,0,0,0,0,0,0,0,0,0,0,0,0,0,0,0,0,0.005840695002477657,0.004615564593368067,0,0,0,0,0,0,0,0,0.007423525853134348,0,0,0,0,0,0.004164619646821438,0,0,0,0,0,0,0,0,0,0,0,0,0,0,0.005401592978046502,0,0,0,0,0,0,0,0,0,0,0,0,0,0,0,0,0,0,0,0,0,0,0,0,0,0,0,0,0,0,0,0.002840386306106287,0,0,0,0,0,0,0,0,0,0.003279267722640129,0.002761617148310452,0.003771840681677596,0,0,0,0,0,0.005879938118737604,0,0,0,0,0,0,0,0,0,0,0.003111347762456747,0,0,0,0,0.004848154771576746,0,0.006741348629387118,0,0.002840083027795359,0,0.0042632904369693,0,0,0,0,0,0,0,0,0,0,0,0,0,0,0,0,0,0,0,0,0,0,0,0,0,0,0,0.002682631234077438,0,0,0,0,0,0,0,0,0,0,0,0,0,0,0,0,0,0,0,0,0,0,0,0,0,0,0,0,0,0,0,0,0,0.00334992460629333,0,0,0,0,0,0,0,0,0,0,0,0,0,0,0,0,0,0,0,0,0,0,0,0,0,0,0,0,0,0,0,0,0,0,0,0,0,0,0,0,0,0,0,0,0,0,0,0,0,0,0,0,0,0,0,0,0,0,0,0,0,0,0,0,0,0,0,0,0,0,0,0,0,0,0,0,0,0,0,0,0,0,0,0,0,0,0,0,0,0,0,0,0,0,0,0,0,0,0,0,0,0,0,0,0,0,0,0,0,0,0,0,0,0,0,0,0,0,0,0,0,0,0,0,0,0,0,0,0,0,0,0,0,0,0,0,0,0.007309721244715402,0,0,0,0,0,0,0,0,0,0,0,0,0,0,0,0,0,0,0,0.002892956202297749,0,0,0,0,0,0,0,0,0,0,0,0,0,0,0,0,0,0,0,0,0,0
0,0,0,0,0,0,0,0,0.005079612155968442,0,0,0,0,0,0,0,0,0,0,0,0,0,0,0,0,0,0,0,0,0,0,0,0,0,0,0,0,0,0,0,0,0,0,0,0,0,0,0,0,0,0,0,0,0,0,0,0,0,0,0,0,0,0,0,0,0,0,0,0,0.004479225867713977,0.005805904558189547,0,0,0,0,0,0,0,0,0,0,0,0,0,0,0.006253274581383741,0,0,0,0,0,0,0,0,0,0,0,0,0,0,0.006855141441870405,0,0,0,0,0,0,0,0,0,0,0,0,0,0,0,0,0,0,0,0,0,0,0,0,0,0,0,0,0,0,0,0,0,0,0,0,0,0.006148415278765617,0,0,0,0.00343294848556859,0.005107907996638232,0.006232137854643185,0,0,0,0.00639055975507243,0,0,0,0,0,0,0,0,0,0,0,0,0.004384266223923447,0,0,0,0,0,0,0,0,0,0.0042632904369693,0,0.006735312318343074,0,0,0,0,0,0,0,0,0,0,0,0,0.005907176893488868,0,0,0.004966715474959357,0,0,0,0,0.00514179268254334,0,0,0,0,0,0,0,0,0,0,0,0,0,0,0,0,0,0,0,0,0,0,0,0,0,0,0.004559290582448295,0.005056407011546894,0,0.00506217895403511,0,0,0,0,0,0,0,0,0,0.005851339789939849,0,0.00514247239875845,0,0,0,0,0,0.005796718564895326,0.00587171920836114,0.005698561362968969,0,0,0,0,0,0,0,0,0,0,0,0,0,0,0,0,0,0,0,0,0,0,0,0,0,0,0,0,0,0,0,0,0,0,0,0,0,0,0,0,0,0,0,0,0,0,0,0,0,0,0,0,0,0,0,0,0,0,0,0,0,0,0,0,0,0,0,0,0,0,0,0,0,0,0,0,0,0,0,0,0,0,0,0,0,0,0,0,0,0,0,0,0,0,0,0,0,0,0,0,0.005845542191584892,0.004167263144603972,0,0,0,0.005675532284383425,0,0,0,0,0,0,0.005244285784090389,0,0,0,0,0,0.003949622895764738,0,0,0.005242450900318417,0,0,0,0,0,0,0,0,0,0,0,0,0,0,0,0,0,0,0,0,0,0,0,0,0,0,0,0,0,0,0,0,0,0,0,0,0,0,0,0,0,0,0,0,0,0,0,0
0,0,0,0,0,0,0,0,0,0,0,0,0,0,0,0,0,0,0,0,0,0,0,0,0,0,0,0,0,0,0,0,0,0,0,0,0,0,0,0,0,0,0,0,0,0,0,0,0,0,0,0,0,0,0,0,0,0,0,0,0,0,0,0,0,0,0,0,0,0.004068612163439178,0.005626928710305128,0,0,0,0,0,0,0,0,0,0,0,0,0,0,0.006204604654281196,0,0,0,0,0,0,0,0,0,0,0,0,0,0,0.008364163518590144,0,0,0,0,0,0,0,0,0,0,0,0,0,0,0,0,0,0,0,0,0,0,0,0,0,0,0,0,0,0,0,0,0,0,0,0,0,0.009299425352604978,0,0,0,0,0.004495249463674678,0.005307827069459177,0,0,0,0.005744703577325704,0,0,0,0,0,0,0,0,0,0,0,0,0,0,0,0,0,0.005619167560048888,0,0.004659625603195539,0,0,0,0.006735312318343074,0,0,0,0,0,0,0,0,0,0,0,0,0,0.005364989890150127,0,0,0.004270939081970177,0,0,0,0,0.004307112433727809,0,0,0,0,0,0,0,0,0,0,0,0,0,0,0,0,0,0,0,0,0,0,0,0,0,0,0,0.004464429327916773,0,0,0,0,0,0,0,0,0,0,0,0.00504471438439676,0,0.007347170963477805,0.004086390444900193,0,0,0,0,0.009463770207065961,0.009374311777041365,0.004468608838824303,0,0,0,0,0,0,0,0,0,0,0,0,0,0,0,0,0,0,0,0,0,0,0,0,0,0,0,0,0,0,0,0,0,0,0,0,0,0,0,0,0,0,0,0,0,0,0,0,0,0,0,0,0,0,0,0,0,0,0,0,0,0,0,0,0,0,0,0,0,0,0,0,0,0,0,0,0,0,0,0,0,0,0,0,0,0,0,0,0,0,0,0,0,0,0,0,0,0,0,0,0.004295341190259497,0,0,0,0,0.00442543872698834,0,0,0,0,0,0,0.004191463788583315,0,0,0,0,0,0,0,0,0.004189038056389937,0,0,0,0,0,0,0,0,0,0,0,0,0,0,0,0,0,0,0,0,0,0,0,0,0,0,0,0,0,0,0,0,0,0,0,0,0,0,0,0,0,0,0,0,0,0,0.0040991982075435,0
0,0,0,0,0,0,0,0,0,0,0,0,0,0,0,0,0,0,0,0,0,0,0,0,0,0,0,0,0.004241740919542626,0,0,0,0,0,0,0,0.003332832567195173,0,0,0,0,0,0,0,0,0,0,0.003407954550639842,0,0,0,0,0,0,0,0,0,0,0,0,0,0,0,0,0,0,0.003987022077557579,0,0,0,0,0,0,0,0,0,0,0,0,0,0,0,0,0,0,0,0.005179499941596007,0,0.004063606787519506,0,0,0,0,0,0,0,0,0,0,0,0,0,0,0,0,0,0,0,0,0,0,0,0,0,0,0,0,0,0,0,0,0,0,0,0,0.00518533533837588,0,0,0,0,0,0,0,0,0,0.004054327703302647,0.004038500150291434,0,0,0,0,0,0,0,0,0,0,0.005106936100162602,0,0,0,0,0,0,0,0,0,0,0,0,0,0,0,0,0,0,0,0,0,0,0,0,0,0,0,0,0,0,0,0,0,0.003542574018065806,0,0,0,0,0,0,0,0,0,0.004921009508453842,0,0,0,0.004075242016107058,0,0,0,0.003898814231650422,0,0,0,0,0,0,0,0,0,0.004009375069717677,0.003907196323999712,0.004053340639320493,0.003925283609907199,0,0,0,0,0,0,0,0,0,0,0.004053954034257972,0,0,0,0,0.005060002307862367,0,0,0,0,0,0,0.00443815064270716,0,0,0,0,0,0,0,0,0,0,0,0,0,0,0,0,0,0,0,0,0,0,0,0,0,0,0,0,0,0,0,0,0,0,0,0,0,0,0,0,0,0,0,0,0,0,0,0,0,0,0,0,0,0,0,0,0,0,0,0,0,0,0,0,0,0,0,0,0,0,0,0,0,0,0,0,0,0,0,0,0,0,0,0,0,0,0,0,0,0,0,0,0,0,0,0,0,0,0,0,0,0,0.003986758516229656,0,0.003989317052137207,0.003901778064212474,0,0,0,0,0,0,0,0,0,0,0,0,0,0,0.004186354601865889,0,0,0,0,0,0,0,0,0,0,0,0,0,0,0,0,0,0,0.004005266341365245,0,0,0,0,0,0,0,0,0,0,0,0,0,0,0,0,0,0,0,0,0,0,0,0,0,0,0,0,0,0,0,0,0,0,0,0,0,0,0
0,0.002687529194439028,0,0,0,0,0,0,0,0,0.004553258787114597,0,0,0,0,0,0,0.003667922174221115,0,0,0,0,0.005569827791325332,0,0,0,0,0,0,0,0,0,0,0,0,0,0,0,0,0,0.006053618175552436,0,0,0,0,0,0,0,0,0,0,0,0,0,0,0,0,0,0.006927895026371762,0,0,0,0,0,0,0,0,0,0,0,0,0,0,0,0,0,0,0,0,0,0,0,0,0,0,0,0,0,0,0,0,0,0,0,0,0,0,0,0,0,0,0.007012873928525787,0.006648668894264767,0.002990045130619592,0,0,0,0,0,0,0,0,0,0,0,0,0,0,0,0,0.006713830727256761,0,0,0,0.004967233420488823,0,0,0.005197464646738471,0,0,0,0,0,0,0,0,0,0,0,0,0,0,0,0,0,0,0,0,0,0,0,0,0,0,0,0,0,0,0,0,0,0,0,0,0,0,0,0,0,0,0,0,0,0,0,0,0,0,0,0.006237443068149759,0,0,0,0,0,0,0,0,0,0,0,0,0.004325554271081269,0,0,0,0,0,0,0,0,0,0,0,0,0,0,0,0,0,0,0,0,0,0,0,0,0,0,0,0,0,0,0,0,0,0,0,0,0,0,0.002884004079299935,0,0,0,0,0,0,0,0,0,0,0,0,0,0,0,0,0,0,0,0,0,0,0,0,0,0,0,0,0,0,0,0,0,0,0,0,0,0,0,0,0,0.007298497680767457,0,0,0,0,0,0,0,0,0,0,0,0,0,0,0,0,0,0,0,0,0,0,0,0,0,0,0,0,0,0,0,0,0,0,0,0,0,0,0,0,0,0,0,0,0,0,0,0,0,0,0,0,0,0,0,0,0,0,0,0,0,0,0,0,0,0,0,0,0,0,0,0,0,0,0,0.005208429989587801,0,0,0,0,0,0,0,0,0,0,0,0,0,0,0,0,0,0,0,0,0,0,0,0,0,0,0,0,0.003970748716672165,0,0.004786255461565778,0,0,0,0,0,0,0,0,0,0,0,0,0,0,0,0,0,0,0,0,0,0,0,0,0,0,0,0,0,0,0,0,0,0.003856392089318043
0,0,0,0,0,0.005038989911711778,0,0,0,0,0,0,0,0,0,0,0,0,0,0,0,0,0,0.004137590664447658,0,0,0,0,0,0,0,0,0,0,0,0,0,0,0,0,0,0.004820668876384673,0,0,0,0,0,0,0,0,0,0,0,0,0,0,0,0,0,0,0,0,0,0,0,0,0,0,0,0,0,0.003460129430911156,0,0.005243014141272274,0.003692811642744764,0,0.004105300271020343,0.005016077304482593,0,0,0,0.004548264923189227,0,0,0,0,0,0,0,0,0,0,0,0,0,0,0,0,0,0,0,0,0,0,0,0,0,0,0,0,0,0,0,0,0,0,0,0,0,0,0,0,0,0,0,0,0,0,0,0,0,0,0,0,0,0,0,0,0,0,0,0.003846948853356569,0,0,0,0.005114370574930407,0,0,0,0,0,0.003536390108488028,0.003446370035004115,0,0,0,0,0,0.003538353768798042,0,0,0,0,0,0,0,0,0,0,0,0,0,0,0,0,0,0,0.004256275611698668,0,0,0,0,0,0,0,0.003423732604034948,0,0,0,0,0,0,0,0,0,0,0,0,0,0,0,0,0,0.00630514589471308,0.005723271282703009,0.005245975903916577,0.005143012165698875,0.005345663014723886,0.005348214895927739,0,0,0,0,0,0,0,0,0,0,0,0,0,0,0,0,0,0,0,0,0,0,0,0,0,0,0,0,0,0,0,0,0,0,0,0,0,0,0,0,0,0,0,0,0,0,0,0,0.005116178118211245,0,0.005296352659128277,0,0,0,0,0,0,0,0,0,0,0,0,0,0,0,0,0,0,0,0,0,0,0,0,0,0.003484091468699063,0.003531870587800113,0.003484091468699063,0.003386715916084797,0.003413307876839924,0.003440349644716985,0,0,0,0,0,0,0,0,0,0,0,0,0,0,0,0,0,0,0,0,0,0,0,0,0,0,0,0,0,0,0,0,0,0,0,0,0,0,0,0,0,0,0,0,0,0,0,0,0,0,0,0,0,0,0,0,0,0,0,0,0,0,0,0,0,0,0,0,0,0,0,0,0,0,0,0,0,0,0,0,0,0,0,0,0,0,0,0,0,0,0,0,0,0,0,0,0,0,0,0,0,0,0,0,0,0,0,0,0,0,0,0,0,0,0,0,0,0,0,0,0,0,0,0
0,0,0,0,0,0,0,0,0,0,0,0,0,0,0,0,0,0,0,0,0,0,0,0.005725165042959137,0,0,0,0,0,0,0,0,0,0,0,0,0,0,0,0,0,0,0,0,0,0,0,0,0,0,0,0,0,0,0,0,0,0,0,0,0,0,0,0,0,0,0,0,0,0,0,0,0,0.004178824234202136,0,0,0,0,0,0,0,0.004230350105169776,0,0,0,0,0,0,0,0,0,0,0.00840603639808574,0,0.008353556993473198,0.008356140358665191,0,0,0,0,0,0,0,0,0,0,0,0,0,0,0,0,0,0,0,0,0,0,0,0,0,0,0,0,0,0,0,0,0,0,0,0,0,0,0,0,0,0,0,0,0,0,0,0,0,0.004719952948837336,0,0,0,0,0,0.005012159447377175,0.004591566387035525,0,0,0,0,0,0.004718675753986518,0,0,0,0,0,0,0,0,0,0,0,0,0,0,0,0,0,0.004256275611698668,0,0,0,0,0,0,0,0,0,0,0,0,0,0,0,0,0,0,0,0,0,0,0,0,0,0,0.004832154018953269,0.004193739154948821,0.005397896896469317,0.005937959707019504,0.005068930723793585,0.005232977284862658,0,0,0,0,0,0,0,0,0,0,0,0,0,0,0,0,0,0,0,0,0,0,0,0,0,0,0,0,0,0,0,0,0,0,0,0,0,0,0,0,0,0,0,0,0,0,0,0,0.004179594376025305,0,0,0,0,0,0,0,0,0,0,0,0,0,0,0,0,0,0,0,0,0,0.004635144512330824,0.004635144512330825,0.00463374691893518,0.004635144512330824,0.004626174884541317,0.004587441648978565,0.004820867292622591,0.004874398630934704,0.004820867292622591,0.00470656002652838,0.004684522916503502,0.004647982675996433,0,0,0,0,0,0,0,0,0,0,0,0,0,0,0,0,0,0,0,0,0,0,0,0,0,0,0,0,0,0,0,0,0,0,0,0,0,0,0,0,0,0,0,0,0,0,0,0,0,0,0,0,0,0,0,0,0,0,0,0,0,0,0,0,0,0,0,0,0,0,0,0,0,0,0,0,0,0,0,0,0,0,0,0,0,0,0,0,0,0,0,0,0,0,0,0,0,0,0,0,0,0,0,0,0,0,0,0,0,0,0,0,0,0,0,0,0,0,0,0,0,0,0,0
0,0,0,0,0,0,0,0,0,0,0,0,0,0,0,0,0,0,0,0,0,0,0,0,0,0,0,0,0,0,0,0,0,0,0,0,0,0,0,0,0,0,0,0,0,0,0,0,0,0.003529170112198199,0,0,0,0,0,0,0,0,0,0,0,0,0,0,0,0,0,0,0,0,0,0,0,0,0,0,0,0,0,0,0,0,0,0,0,0,0,0,0,0,0,0,0,0,0,0,0.003533718413484363,0,0,0,0,0,0,0,0.003269640495255494,0,0,0,0,0,0,0,0.004145490378756419,0,0,0,0,0,0,0,0,0,0,0,0,0,0,0,0,0,0,0,0,0,0,0,0,0,0,0,0,0,0,0,0,0,0,0,0,0,0,0,0,0,0,0,0,0,0,0,0,0,0,0,0,0.003440391939529322,0,0,0,0,0,0,0,0,0,0,0,0,0,0,0,0,0,0,0,0,0,0,0,0,0,0,0,0,0,0,0,0,0,0,0,0,0,0,0,0,0,0,0,0,0,0,0,0,0,0,0,0,0,0,0,0,0,0,0,0,0,0,0,0,0,0,0,0,0,0,0,0,0,0,0,0,0,0,0,0,0,0,0,0,0,0,0,0,0,0,0,0,0,0,0,0,0,0,0,0,0,0,0,0,0,0,0,0,0,0,0,0,0,0,0,0,0,0,0,0,0,0,0,0,0,0,0,0,0,0,0,0,0,0,0,0,0,0,0,0,0,0,0,0,0,0,0,0,0,0,0,0,0,0,0,0,0,0,0,0,0,0,0,0,0,0,0,0,0,0,0,0,0,0,0,0,0,0,0,0,0,0,0,0,0,0,0,0,0,0,0,0,0,0,0,0,0,0,0,0,0,0,0,0.003320792195238688,0,0,0,0,0,0,0,0,0,0,0,0,0,0,0,0,0,0,0,0,0,0,0,0,0,0,0,0,0,0,0,0,0,0,0,0,0,0,0,0,0,0,0,0,0
0,0,0,0,0,0,0,0,0,0,0.003686094905631562,0,0,0,0,0,0,0,0,0,0,0,0.004062176275511068,0,0,0,0,0,0,0,0,0,0,0,0,0,0,0,0,0,0.005552292091290654,0,0,0,0,0,0,0,0,0,0,0,0,0,0,0,0,0,0.006584945597788657,0,0,0,0,0,0,0,0,0,0,0,0,0,0,0,0,0,0,0,0,0,0,0,0,0,0,0,0,0,0,0,0,0,0,0,0,0,0,0,0,0,0,0.006177382435265449,0.004770995765894583,0.002670267875852796,0,0,0,0,0,0,0,0,0,0,0,0,0,0,0,0,0.006562871268831622,0,0,0,0.004452017536803968,0,0,0.004336086686476744,0,0,0,0,0,0,0,0,0,0,0,0,0,0,0,0,0,0,0,0,0,0,0,0,0,0,0,0,0,0,0,0,0,0,0,0,0,0,0,0,0,0,0,0,0,0,0,0.006237443068149759,0,0,0,0,0,0,0,0,0,0,0,0,0,0,0,0,0.004073960047576371,0,0,0,0,0,0,0,0,0,0,0,0,0,0,0,0,0,0,0,0,0,0,0,0,0,0,0,0,0,0,0,0,0,0,0,0,0,0,0,0,0,0,0,0,0,0,0,0,0,0,0,0,0,0,0,0,0,0,0,0,0,0,0,0,0,0,0,0,0,0,0,0,0,0,0,0,0,0,0,0,0.006505582700311272,0,0,0,0,0,0,0,0,0,0,0,0,0,0,0,0,0,0,0,0,0,0,0,0,0,0,0,0,0,0,0,0,0,0,0,0,0,0,0,0,0,0,0,0,0,0,0,0,0,0,0,0,0,0,0,0,0,0,0,0,0,0,0,0,0,0,0,0,0,0,0,0,0,0,0,0.003867341784020773,0,0,0,0,0,0,0,0,0,0,0,0,0,0,0,0,0,0,0,0,0,0,0,0,0,0,0,0,0,0,0.003255937882883038,0,0,0,0,0,0,0,0,0,0,0,0,0,0,0,0,0,0,0,0,0,0,0,0,0,0,0,0,0,0,0,0,0.003464118649551978,0.002776290406294841
0,0,0,0,0,0,0,0,0,0,0,0,0,0,0,0,0,0,0,0,0,0,0,0,0,0,0,0,0,0,0,0,0,0,0,0,0,0,0,0,0,0,0,0,0,0,0,0,0,0,0,0,0,0,0,0,0,0,0,0,0,0,0,0,0,0,0,0,0,0,0,0,0,0,0,0,0,0,0,0,0,0,0,0,0,0,0,0,0,0,0,0,0,0,0,0,0,0,0,0,0,0,0,0,0,0,0,0,0,0,0,0,0,0,0,0,0,0,0,0,0,0,0,0,0,0,0,0,0,0,0,0,0,0,0,0,0,0,0,0,0,0,0.001373622514653135,0,0,0,0,0,0,0,0,0,0,0,0,0,0,0,0,0,0,0,0,0,0,0,0,0,0,0,0,0,0,0,0,0,0,0,0,0,0,0,0,0,0,0,0,0,0,0,0,0,0,0,0,0,0,0,0,0,0,0,0,0,0,0,0,0,0,0,0,0,0,0,0,0,0,0,0,0,0,0,0,0,0,0,0,0,0,0,0,0,0,0,0,0,0,0,0,0,0,0,0,0,0,0,0,0,0,0,0,0,0,0,0,0,0,0,0,0,0,0,0,0,0,0,0,0,0,0,0,0,0,0,0,0,0,0,0,0,0,0,0,0,0,0,0,0,0,0,0,0,0,0,0,0,0,0,0,0,0,0,0,0,0,0,0,0,0,0,0,0,0,0,0,0,0,0,0,0,0,0,0,0,0,0,0,0,0,0,0,0,0,0,0,0,0,0,0,0,0,0,0,0,0,0,0,0,0,0,0,0,0,0,0,0,0,0,0,0,0,0,0,0,0,0,0,0,0,0,0,0,0,0,0,0,0,0,0,0,0,0,0,0,0,0,0,0,0,0,0,0,0,0,0,0,0,0,0,0,0,0,0,0,0,0,0,0,0,0,0,0,0,0,0
0,0,0,0,0,0,0,0,0,0,0,0,0,0,0,0,0.008115516892547818,0,0,0,0,0,0,0,0,0,0,0,0,0,0,0,0,0,0,0,0.006083963542922774,0,0,0,0,0,0,0,0,0.005986957457606183,0,0.006101398480945598,0,0,0,0,0,0,0,0,0,0,0,0,0,0,0,0.00486523758027068,0,0,0.006829378188836008,0,0,0,0,0,0,0,0,0,0,0,0,0,0,0,0,0,0,0,0.004461846415851227,0.006215091338038957,0.005291625700028219,0,0.005837120972982687,0,0,0,0,0,0,0,0,0,0,0,0,0,0.003231939668551682,0,0,0,0,0,0,0,0,0,0,0,0,0,0,0,0,0,0,0,0,0,0,0,0,0,0,0,0,0,0,0,0,0,0,0,0,0,0,0,0,0,0,0,0,0,0,0,0,0,0,0,0,0,0,0,0,0,0,0,0,0,0,0,0,0,0,0,0,0,0.003542574018065806,0,0,0,0,0,0,0,0,0,0.002895889364753765,0,0,0,0,0,0,0,0,0,0,0,0,0,0,0,0,0,0,0,0,0,0,0,0,0,0,0,0,0,0,0,0,0,0,0,0,0,0,0,0,0,0,0,0.003736235685877813,0,0,0,0,0,0,0,0,0,0,0,0,0,0,0,0,0,0,0,0,0,0,0,0,0,0,0,0,0,0,0,0,0,0,0,0,0,0,0,0,0,0,0,0,0,0,0,0,0,0,0,0,0,0,0,0,0,0,0,0,0,0,0,0,0,0,0,0,0,0,0,0,0,0,0,0,0,0,0,0,0,0,0,0,0,0,0,0,0,0,0,0,0,0,0,0,0,0,0,0,0,0,0,0,0,0,0,0,0,0,0,0,0,0,0,0,0,0,0,0,0,0,0,0,0,0,0,0,0,0,0,0,0,0,0,0,0,0,0,0,0,0,0,0,0,0,0,0,0,0,0,0,0,0,0,0,0,0,0,0,0,0,0,0,0,0,0,0,0,0,0,0,0,0,0,0,0,0,0,0,0,0.005675192908726771,0,0,0,0
0,0,0,0,0,0,0,0,0,0,0,0,0,0,0,0,0,0,0,0,0,0,0,0,0,0,0,0,0,0,0,0.003632582518192557,0.003107764434809834,0,0,0,0,0,0,0,0,0,0,0,0,0,0,0,0,0,0,0,0,0,0,0,0,0,0,0.005788506230638394,0,0,0,0,0,0,0,0,0,0,0,0,0,0,0,0,0,0,0,0,0,0,0,0,0,0,0,0,0,0,0,0,0,0,0,0,0,0,0,0,0,0,0,0,0,0,0,0,0,0,0.00370160642529715,0,0,0,0,0.004315419346124383,0.004727180489694421,0,0,0,0,0.003775969403981121,0,0,0,0,0.004591129356577709,0,0,0.003927532593032308,0,0,0,0.003806730258779555,0,0,0,0,0,0,0,0,0,0.003166740484679843,0,0,0.005028110581570802,0,0,0.00494313223274946,0,0,0,0,0,0,0,0,0,0,0,0,0,0,0,0,0,0,0,0,0,0,0,0,0,0,0,0,0,0,0,0,0,0,0,0,0,0,0,0,0,0,0,0,0,0,0,0,0,0,0,0.004199614829369082,0,0,0,0,0,0,0,0,0,0,0,0,0.004677483162931182,0,0,0,0,0,0,0,0,0,0,0,0,0,0,0,0,0,0,0,0,0,0,0,0,0,0,0,0,0,0,0,0,0,0,0,0,0,0,0,0,0,0,0,0,0,0.004877589411966168,0,0,0,0,0,0,0,0,0,0,0.004245146577195229,0,0,0,0,0,0,0,0,0,0,0,0,0,0,0,0,0,0,0,0,0,0,0,0,0,0,0,0,0,0,0,0,0,0,0,0,0,0,0,0,0,0,0,0,0,0,0,0,0,0,0,0,0,0,0,0,0,0,0,0,0,0,0,0,0,0,0,0,0,0,0,0,0,0,0,0,0,0,0,0,0.004320764948872216,0,0,0.003898510592461569,0,0,0,0,0,0,0,0,0,0,0,0.00486892270875893,0,0,0.004086119745270987,0.003850431391843334,0,0,0.004907974189585622,0,0,0,0,0,0,0,0,0,0,0,0,0,0,0,0,0,0,0,0,0,0,0,0,0,0,0,0,0,0,0,0,0,0,0,0,0,0,0,0
0.003466647322602223,0,0,0,0,0,0.004428564418180556,0,0,0,0,0,0,0,0,0,0,0,0,0,0,0,0,0,0,0,0,0,0,0,0,0,0,0,0,0,0,0,0,0.00524184094345994,0,0,0,0,0,0,0,0,0,0,0,0,0,0,0,0,0,0,0,0,0,0,0,0,0,0,0,0,0,0,0,0,0,0,0,0,0,0,0.003635082182611826,0,0,0,0,0,0,0,0,0,0,0,0,0,0,0,0,0,0,0,0,0,0,0,0,0,0,0,0,0,0,0,0,0,0,0,0,0,0,0,0,0,0,0,0,0,0.004033023257540252,0,0,0.003312364365052924,0.003909513317772407,0,0,0,0,0,0,0,0,0,0,0,0,0,0,0,0,0,0,0,0,0,0,0,0,0,0,0,0,0,0,0,0.003074929968860509,0,0,0,0,0,0,0,0,0,0,0,0,0,0,0,0,0,0,0,0,0,0,0,0.003011254178363357,0,0,0,0,0,0.002537657343608032,0,0,0,0,0,0,0,0,0,0,0,0,0,0,0,0,0,0,0,0,0,0,0,0,0,0,0,0.003011305976311729,0,0,0,0,0,0,0,0,0,0,0,0,0,0.003383971004275671,0,0,0,0,0,0,0,0,0,0,0,0,0,0,0,0,0,0,0,0,0,0,0,0,0,0,0,0,0.00457924022060492,0,0,0.003943060043968443,0,0.003604062236741823,0,0,0,0,0,0,0,0,0,0,0,0,0,0,0,0,0,0,0,0,0,0,0,0,0,0,0,0,0,0,0,0,0,0,0,0,0,0,0,0,0,0,0,0,0,0,0,0,0,0,0,0,0,0,0,0,0,0,0,0,0,0,0,0,0,0,0,0,0,0,0,0,0,0,0,0,0.002697289387579643,0.003431491696524561,0,0,0,0,0,0,0,0,0.004177404534901049,0,0,0,0,0,0,0,0,0,0,0.003703958677373534,0.00401506894979632,0,0,0,0,0,0,0,0,0,0,0,0,0,0,0,0,0,0,0,0,0,0,0,0,0,0,0,0,0,0,0,0,0,0,0,0.005745959290343185,0,0.003325852056224497,0.003985959346626088,0,0,0,0,0,0,0,0,0,0
0,0.004644495549037213,0,0,0,0,0,0,0,0,0.003854021192910834,0,0,0,0,0,0,0,0,0,0,0,0.00367842660475323,0,0,0,0,0,0,0,0,0,0,0,0,0,0,0,0,0,0,0,0,0,0,0,0,0,0,0,0,0,0,0,0,0,0,0,0,0,0,0,0,0,0,0,0,0,0,0,0,0,0,0,0,0,0,0,0,0,0,0,0,0,0,0,0,0,0,0,0,0,0,0,0,0,0,0,0,0,0,0,0.003372397151092542,0.00283133814630229,0,0,0.004873910338316995,0,0,0,0,0,0,0,0,0,0,0,0,0.002986914957018945,0,0,0,0,0,0.00439376277850769,0,0,0,0,0.004480418197908299,0,0,0,0,0,0,0,0,0,0,0,0,0,0,0,0,0,0,0,0,0,0,0,0,0,0,0,0,0,0,0,0,0,0,0,0,0,0,0,0,0,0,0,0,0,0,0,0,0,0,0.002895889364753765,0,0.003011254178363357,0,0,0,0,0.003887382745577308,0,0,0,0,0,0,0,0.004115823415276331,0,0,0,0,0,0,0,0,0,0,0,0,0,0,0,0,0,0,0,0.00403852089217503,0,0,0,0.004631634234282485,0,0,0,0,0,0,0,0,0,0,0.004688168073777856,0,0,0,0,0,0,0,0,0,0,0,0,0,0,0,0,0,0,0,0,0,0,0,0,0,0,0,0,0,0,0,0,0,0,0,0,0,0,0,0,0,0,0,0,0,0,0,0,0,0,0,0,0,0,0,0,0,0,0,0,0,0,0,0,0,0,0,0,0,0,0,0,0,0,0,0,0,0,0,0,0,0,0,0,0,0,0,0,0,0,0,0,0,0,0,0,0,0,0,0,0,0,0,0,0,0,0,0,0,0,0,0,0,0,0,0,0,0.003460770716537939,0,0,0,0,0,0,0,0,0,0,0,0,0,0,0,0,0,0,0,0,0,0,0,0,0,0,0,0,0,0,0.002802665024844457,0,0,0,0,0,0,0,0,0,0,0,0,0,0,0,0,0,0,0,0,0.00315408150584732,0,0,0,0,0,0,0,0,0,0,0,0,0
0,0,0,0,0,0,0,0.003905443433395383,0,0,0,0,0,0,0,0,0,0,0,0,0,0,0,0.006951408346344494,0,0,0,0,0,0,0,0,0,0,0,0,0,0,0,0,0,0.003135543848092103,0,0,0,0,0,0,0,0,0,0,0,0,0,0,0,0,0,0,0,0,0,0,0,0,0,0,0,0,0,0,0,0,0,0,0,0,0,0,0,0,0,0,0,0,0,0,0,0,0,0,0.0035016395880291,0,0.003455715352599213,0.003457854501770453,0,0,0,0,0,0,0,0,0,0,0.00365730491795055,0,0,0,0,0,0,0,0,0,0,0,0,0,0,0,0,0,0,0,0,0,0,0,0,0,0,0,0,0,0,0,0,0,0,0,0,0,0,0,0,0,0,0,0,0.003280062849425332,0.003072460530410494,0,0,0,0,0,0.003274916619186489,0,0,0,0,0,0,0,0,0,0,0,0,0,0,0,0,0,0.003423732604034948,0,0,0,0,0,0,0,0,0,0.003708406759324255,0.006450910803354528,0,0,0,0,0,0,0,0,0,0,0,0,0,0,0,0.003554778948545359,0,0.008116574338215204,0,0,0,0,0.003645488786946943,0,0,0,0,0,0,0,0,0,0,0,0,0,0,0,0,0,0,0,0,0,0,0,0,0,0,0,0,0,0,0,0,0,0,0,0,0,0.006277450353309869,0,0,0,0,0,0,0,0,0.006410843314087291,0.00369405720127654,0.005932211998505612,0,0,0,0,0,0.003875758308113419,0.003170930785751692,0,0,0,0,0,0,0,0,0,0,0,0,0,0,0,0,0,0,0.003222168284242624,0.003265975439743827,0.003222168284242625,0,0,0,0,0,0,0,0,0,0,0,0,0,0,0,0,0,0,0,0,0,0,0,0,0,0,0,0,0,0,0,0,0,0,0,0,0,0,0,0,0,0,0,0,0,0,0,0,0,0,0,0,0,0,0,0,0,0,0,0,0,0,0,0,0,0,0,0,0,0,0,0,0,0,0,0,0,0,0,0,0,0,0,0,0,0,0,0,0,0,0,0,0,0,0,0,0,0,0,0,0,0,0,0,0,0,0,0,0,0,0,0,0,0,0,0,0,0,0,0,0,0,0,0,0,0,0
0,0,0,0,0,0,0,0,0.00603860776025969,0,0,0,0,0,0,0,0,0,0,0,0,0,0,0,0,0,0,0,0,0,0,0,0,0,0,0,0,0,0,0,0,0,0,0,0,0,0,0,0,0,0,0,0,0,0,0,0,0,0,0,0,0,0,0,0,0,0,0,0,0,0.004348209033983962,0,0,0,0,0,0,0,0,0,0,0,0,0,0,0.004744096706809101,0,0,0,0,0,0,0,0,0,0,0,0,0,0,0,0,0,0,0,0,0,0,0,0,0,0,0,0,0,0,0,0,0,0,0,0,0,0,0,0,0,0,0,0,0,0,0,0,0,0,0,0,0.005587722214354628,0,0,0,0,0.003232504292594454,0.005362210028754325,0,0,0,0.005786894646890191,0,0,0,0,0,0,0,0,0,0,0,0,0.004092947568536533,0,0,0,0,0,0,0,0,0,0,0.005907176893488868,0.005364989890150127,0,0,0,0,0,0,0,0,0,0,0,0.003708406759324255,0,0,0,0.006791928037295928,0,0,0,0,0.005979542823259441,0,0,0,0,0,0,0,0,0,0,0.003992170787422101,0,0,0,0,0,0,0,0,0,0,0,0,0,0,0,0.004494150513867273,0.005536850700411855,0,0.005254838414225358,0,0,0,0,0,0,0,0,0,0.004207607663773047,0,0.005576883850507477,0,0,0,0,0,0.00570744315650437,0.005016996837126612,0.005426649657568163,0,0,0,0,0,0,0,0,0,0,0,0,0,0,0,0,0,0,0,0,0,0,0,0,0,0,0,0,0,0,0,0,0,0,0,0,0,0,0,0,0,0,0,0,0,0,0,0,0,0,0,0,0,0,0,0,0,0,0,0,0,0,0,0,0,0,0,0,0,0,0,0,0,0,0,0,0,0,0,0,0,0,0,0,0,0,0,0,0,0,0,0,0,0,0,0,0,0,0,0,0.005440411562315844,0.004170739841813997,0,0,0,0.005663320856416965,0,0,0,0,0,0,0.00556136868354763,0,0,0,0,0,0.004069137181168745,0,0,0.005558594467084383,0,0,0,0,0,0,0,0,0,0,0,0,0,0,0,0,0,0,0,0,0,0,0,0,0,0,0,0,0,0,0,0,0,0,0,0,0,0,0,0,0,0,0,0,0,0,0,0
0,0,0,0,0,0.00283621690679822,0,0,0,0,0,0,0,0,0,0,0,0,0,0,0,0,0,0,0,0,0,0,0,0,0.003350956915499146,0,0,0,0,0,0,0,0,0,0,0.002841688928102323,0,0,0,0,0,0,0,0,0,0,0,0,0,0,0,0,0,0,0,0,0,0,0,0,0,0,0,0,0,0,0,0,0,0,0,0.002808107715496127,0,0,0,0,0,0,0,0,0,0,0,0,0,0,0.00337493672511054,0,0.003586689306314114,0.003588313789095493,0,0,0,0,0,0,0,0,0,0,0,0,0,0,0,0,0,0,0,0,0,0,0,0,0,0,0,0,0,0,0,0,0,0,0,0,0,0,0,0,0,0,0,0,0,0,0,0,0,0,0,0,0,0,0,0,0,0,0,0,0,0,0,0,0,0,0,0,0,0,0,0,0,0,0,0,0,0,0,0,0,0,0,0,0,0,0,0,0,0.006450910803354528,0,0,0,0.00347781853124115,0.002633210555040174,0,0,0.003025177005713836,0,0,0,0,0,0,0,0,0.003037858966422843,0.003100368042931107,0.003113765308647049,0,0,0,0,0,0,0,0,0,0,0,0,0,0,0,0,0,0,0,0,0,0,0,0,0,0,0,0,0,0,0,0,0,0,0,0,0,0,0,0,0,0,0,0.005701767870390632,0,0,0,0,0,0,0,0,0,0,0,0,0,0,0,0,0,0,0,0,0,0,0,0,0,0,0,0,0,0,0,0,0,0,0,0,0,0,0,0,0,0,0,0,0,0,0,0,0,0,0,0,0,0,0,0,0,0,0,0,0,0,0,0,0,0,0,0,0,0,0,0,0,0,0,0,0,0,0,0,0,0,0,0,0,0,0,0,0,0,0,0,0,0,0,0,0,0,0,0,0,0,0,0,0,0,0,0,0,0,0,0,0,0,0,0,0,0,0,0,0,0,0,0,0,0,0,0,0,0,0,0,0,0,0,0,0,0,0,0,0,0,0,0,0,0,0,0,0,0,0,0,0,0,0,0,0,0,0,0,0,0,0,0,0,0
0,0.004113506739090448,0,0,0,0,0,0,0,0,0,0,0,0,0,0,0,0,0,0,0,0,0,0,0,0,0,0,0,0,0,0,0,0,0,0,0,0,0,0,0,0,0,0,0,0,0,0,0,0,0,0,0,0.003392730674827509,0,0,0,0,0,0,0,0,0,0,0,0,0,0,0,0,0,0,0,0,0,0,0,0,0,0,0,0,0,0,0,0,0,0,0,0,0,0,0,0,0,0,0,0,0,0,0,0,0,0,0,0,0.003667424002389066,0,0,0,0,0,0,0,0,0,0,0,0,0.003020029910995616,0,0,0,0,0,0,0,0,0,0,0.004565330727700047,0,0,0,0,0,0,0,0,0,0,0,0,0,0,0,0,0,0,0,0,0,0,0,0,0,0,0,0,0,0,0,0,0,0,0,0,0,0,0,0,0,0,0,0,0,0,0,0,0,0,0,0,0,0.003887382745577308,0,0,0,0,0,0.004324788247685169,0,0,0,0,0,0.005897214017628029,0,0,0.003819195335964078,0,0,0,0,0,0,0,0,0,0,0,0,0,0,0,0,0.003806037320869162,0,0,0,0.004545807059962159,0,0,0,0,0,0,0,0,0,0,0.004518968943921862,0,0,0,0.004989002811145936,0,0,0,0,0,0,0,0,0,0,0,0,0,0,0,0,0,0,0,0,0,0,0,0,0,0,0,0,0,0,0,0,0.004916027970893168,0,0,0.004501604376595384,0,0,0,0,0,0,0,0,0,0,0,0,0,0,0,0,0,0,0,0,0,0,0,0,0,0,0,0,0,0,0,0,0,0,0,0,0,0,0,0,0,0,0,0,0,0,0,0,0,0,0,0,0,0,0,0,0,0,0,0,0,0,0,0,0,0,0,0,0,0,0,0,0,0,0,0.004411417270647925,0,0,0,0,0,0,0,0,0,0,0,0,0,0,0,0,0,0,0,0,0,0,0,0,0,0,0,0,0,0,0,0,0,0,0,0,0,0,0,0,0,0,0,0,0,0,0,0,0,0,0,0,0,0,0,0,0,0,0,0,0,0,0,0,0,0.003941212196099631,0
0,0,0,0,0,0,0,0,0.006364167187239379,0,0,0,0,0,0,0,0,0,0,0,0,0,0,0,0,0,0,0,0,0,0,0,0,0,0,0,0,0,0,0,0,0,0,0,0,0,0,0,0,0,0,0,0,0,0,0,0,0,0,0,0,0,0,0,0,0,0,0,0,0,0.00278587818634691,0,0,0,0,0,0,0,0,0,0,0,0,0,0,0.002822383332372833,0,0,0,0,0,0,0,0,0,0,0,0,0,0,0,0,0,0,0,0,0,0,0,0,0,0,0,0,0,0,0,0,0,0,0,0,0,0,0,0,0,0,0,0,0,0,0,0,0,0,0,0,0,0,0,0,0,0,0.004941177396266073,0,0,0,0.004549539237999231,0,0,0,0,0,0,0,0,0,0,0,0,0.004306988624044631,0,0,0,0,0,0,0,0,0,0,0.004966715474959357,0.004270939081970177,0,0,0,0,0,0,0,0,0,0,0,0,0.006791928037295928,0.00347781853124115,0,0,0.002714250741662558,0,0,0.003148971573778677,0.006311430734131452,0,0,0,0,0,0,0,0,0,0,0,0,0,0,0,0,0,0,0,0,0,0,0,0,0,0,0.006762222922758093,0.005919486124195241,0,0.005938157567716902,0,0,0,0,0,0,0,0,0,0,0,0.006275967598837707,0,0,0,0,0,0.004595477956488844,0,0.00615090162236154,0,0,0,0,0,0,0,0,0,0,0,0,0,0,0,0,0,0,0,0,0,0,0,0,0,0,0,0,0,0,0,0,0,0,0,0,0,0,0,0,0,0,0,0,0,0,0,0,0,0,0,0,0,0,0,0,0,0,0,0,0,0,0,0,0,0,0,0,0,0,0,0,0,0,0,0,0,0,0,0,0,0,0,0,0,0,0,0,0,0,0,0,0,0,0,0,0,0,0,0,0.005658401708160678,0.005381753497376599,0,0,0,0.006161043002899345,0,0,0,0.003886221540180145,0,0,0.007640224430751651,0,0,0,0,0,0.006319649180046459,0,0,0.007466786005484581,0,0,0,0,0,0,0,0,0,0,0,0,0,0,0,0,0,0,0,0,0,0,0,0,0,0,0,0,0,0,0,0,0,0,0,0,0,0,0,0,0,0,0,0,0,0,0,0
0.004121670703146293,0,0,0,0,0,0,0,0,0,0,0,0,0,0,0,0,0,0,0,0,0,0,0,0,0,0,0,0,0,0,0,0,0,0,0,0,0,0,0,0,0,0.002802317171653338,0,0,0,0,0,0,0,0,0,0,0.003214725199556889,0,0,0,0,0,0,0,0,0,0,0,0,0,0,0,0,0,0,0,0,0,0,0,0,0.002884431426820361,0,0,0,0,0,0,0,0,0,0,0,0,0,0,0,0,0,0,0,0,0,0,0,0,0,0,0,0,0,0,0,0,0,0,0,0,0,0,0,0,0,0,0,0,0,0,0,0,0,0,0,0,0,0,0,0.002933806511196079,0,0,0,0,0,0,0,0,0,0,0,0,0,0,0,0,0,0,0,0,0,0,0,0,0,0.003005646692345999,0,0,0,0,0,0,0,0,0,0,0,0,0,0,0,0,0,0,0,0,0,0,0.002537657343608032,0,0,0,0.002633210555040174,0.004324788247685169,0.002714250741662558,0,0,0.003435232678051441,0.004717087776144612,0,0,0.003290491054523775,0,0,0,0,0,0,0,0,0,0,0,0,0,0,0,0,0,0,0,0,0,0.002977402584618044,0,0,0,0,0,0,0,0,0,0,0,0,0,0.003270705871454929,0,0,0,0,0,0,0,0,0,0,0,0,0,0,0,0,0,0,0,0,0,0,0,0,0,0,0,0,0,0,0,0,0,0,0,0.003863202346685101,0,0,0,0,0,0,0,0,0,0,0,0,0,0,0,0,0,0,0,0,0,0,0,0,0,0,0,0,0,0,0,0,0,0,0,0,0,0,0,0,0,0,0,0,0,0,0,0,0,0,0,0,0,0,0,0,0,0,0,0,0,0,0,0,0,0,0,0,0,0,0,0,0,0,0.002545208100712187,0.003179693193976923,0,0,0,0,0,0,0,0,0,0,0,0,0,0,0,0,0,0,0,0,0,0,0,0,0,0,0,0,0,0,0,0,0,0,0,0,0,0,0,0,0,0,0,0,0,0,0,0,0,0,0,0,0,0,0,0,0,0,0,0,0,0,0,0,0,0,0,0,0.005016259641946933,0
0,0,0,0,0,0,0,0,0,0,0,0,0,0,0,0,0,0,0,0,0,0,0,0,0,0,0,0,0.004750237213948546,0,0,0,0,0,0,0,0,0,0,0,0,0,0,0,0,0,0,0,0,0,0,0,0,0,0,0,0,0,0,0,0,0,0,0,0,0,0.003173628255050133,0,0,0,0,0,0,0,0,0,0,0,0,0,0,0,0,0,0,0,0.004686159613995836,0,0,0,0,0,0,0,0,0,0,0,0,0,0,0,0,0,0,0,0,0,0,0,0,0,0,0,0,0,0,0,0,0,0,0,0,0,0,0.004604197126679753,0,0,0,0,0,0,0,0,0,0.003956208168280895,0,0,0,0,0,0,0,0,0,0,0,0.004537063886858119,0,0,0,0,0,0,0,0,0,0,0,0,0,0,0,0,0,0,0,0,0,0,0,0,0,0,0.004921009508453842,0,0,0,0,0,0,0,0,0,0,0,0,0,0,0,0,0,0,0,0,0.005196421200852367,0,0,0,0.004146660137559808,0,0,0,0,0,0,0,0,0,0.003971901101927315,0.004241313574755244,0.004058790051490815,0.004175854411292521,0,0,0,0.003854769665216315,0,0,0,0,0,0,0.004827816717893862,0,0,0,0,0.004744262533434771,0,0,0,0,0,0,0.004380146476808709,0,0,0,0,0,0,0,0,0,0,0,0,0,0,0,0,0,0.00422186341928278,0.004195775513975451,0.004190914268186545,0,0,0,0,0,0,0,0,0,0,0,0,0,0,0,0,0,0,0,0,0,0,0,0,0,0,0,0,0,0,0,0,0,0,0,0,0,0,0,0,0,0,0,0,0,0,0,0,0,0,0,0,0,0,0,0,0,0,0,0,0,0,0,0,0,0,0,0,0,0,0,0,0,0,0,0,0,0,0,0,0,0,0.005109973198199924,0,0.005016523195302378,0.004912108764773586,0,0,0,0,0,0,0,0,0,0,0,0,0,0,0,0,0,0,0,0,0,0,0,0,0,0,0,0,0,0,0,0,0,0.00512930284349581,0,0,0,0,0,0,0,0,0,0,0,0,0,0,0,0,0,0,0,0,0,0,0,0,0,0,0,0,0,0,0,0,0,0,0,0,0,0,0
0,0,0,0,0,0,0,0,0,0,0.002837878740827379,0,0,0,0,0,0,0.002890318042758282,0,0,0,0,0.003395867430146153,0,0,0,0,0,0,0,0,0,0,0,0,0,0,0,0,0,0.003782119826351543,0,0,0,0,0,0,0,0,0,0,0,0,0,0,0,0,0,0.003994396405831409,0,0,0,0,0,0,0,0,0,0,0,0,0,0,0,0,0,0,0,0,0,0,0,0,0,0,0,0,0,0,0,0,0,0,0,0,0,0,0,0,0,0,0.003590395357202458,0.003730677035570343,0,0,0,0,0,0,0,0,0,0,0,0,0,0,0,0,0.00413641482389317,0.003366749461399059,0,0,0,0.002673791013909244,0,0,0.00517135605540113,0,0,0,0,0,0,0.002532942049884117,0,0,0,0,0,0,0,0,0,0,0,0,0,0,0,0,0,0,0,0,0,0,0,0,0,0,0,0,0,0,0,0,0,0,0,0,0,0,0,0,0.004325554271081269,0,0,0,0.004073960047576371,0,0,0,0,0,0,0,0,0,0,0.003435232678051441,0,0,0,0,0,0,0.003729737656937873,0.00365833121709855,0,0.002474920020217301,0,0,0,0,0,0,0,0,0,0,0,0,0,0,0,0,0,0,0,0,0,0,0,0,0,0,0,0,0,0,0,0,0,0,0,0,0,0,0,0,0,0,0,0,0,0,0,0,0,0,0,0,0,0,0,0,0,0,0,0,0,0,0,0,0,0,0,0,0,0,0,0,0.003504332906212324,0,0,0,0,0,0,0,0,0,0,0,0,0,0,0,0,0,0,0,0,0,0,0,0,0,0,0,0,0,0,0,0,0,0,0,0,0,0,0,0,0,0,0,0,0,0,0,0,0,0,0,0,0,0,0,0,0,0,0,0,0,0,0,0,0,0,0,0,0,0,0,0,0,0,0,0.003224594374041469,0,0,0,0,0,0,0,0,0,0,0,0,0,0,0,0,0,0,0,0,0,0,0,0,0,0,0,0.00263892852981092,0,0,0.004715260063574696,0,0,0,0,0,0,0,0,0,0,0,0,0,0,0,0,0,0,0,0,0,0,0,0,0,0,0,0,0,0,0,0,0,0.002782553313330168
0.006849039391460292,0,0,0,0,0,0,0,0,0.004102411479767268,0,0,0,0,0,0,0,0,0,0,0,0,0,0,0,0,0,0,0,0,0,0,0,0,0,0,0,0,0,0,0,0,0,0,0,0,0,0,0,0,0,0,0,0,0,0,0,0,0,0,0,0,0,0,0,0,0,0,0,0,0,0,0,0,0,0,0,0,0.00648639586260979,0,0,0,0,0,0,0,0,0,0,0,0,0,0,0,0,0,0,0,0,0,0,0,0,0,0,0,0,0,0,0,0,0,0,0,0,0,0,0,0,0,0,0,0,0,0,0,0,0,0.004193666838675223,0,0,0,0.004341166070489321,0,0.005253639175905236,0,0,0,0,0,0,0,0,0,0,0,0,0,0,0,0,0,0,0,0,0,0,0,0,0,0.005591107415163327,0,0,0,0,0,0,0,0,0,0,0,0,0,0,0,0,0,0,0,0,0,0,0,0,0,0,0.003025177005713836,0,0.003148971573778677,0.004717087776144612,0,0,0,0,0,0,0.00508263083057773,0,0,0,0,0,0,0,0,0,0,0,0,0,0,0,0,0,0,0,0,0.00684702704100274,0,0,0,0,0,0,0,0,0,0,0.003918456993534432,0.006957174170348185,0,0.006159876685050294,0,0,0,0,0,0.004163668861102282,0,0,0,0,0,0,0,0,0,0,0,0,0,0,0,0,0,0,0,0,0,0,0,0,0,0,0,0,0,0,0,0,0,0,0,0,0,0,0,0,0,0,0,0,0,0,0,0,0,0,0,0,0,0,0,0,0,0,0,0,0,0,0,0,0,0,0,0,0,0,0,0,0,0,0,0,0,0,0,0,0,0,0,0,0,0,0,0,0,0,0,0,0,0,0,0,0,0,0,0,0,0,0,0,0.006504058307866675,0.006076079626296553,0,0,0,0.003640994932384462,0,0,0,0,0,0,0,0,0,0.007660325193202269,0.006872457719624211,0.007664594212352343,0,0,0,0,0,0,0,0,0,0,0,0,0,0,0,0,0.002588084258306091,0,0,0,0,0,0,0,0,0,0,0,0,0,0,0,0,0,0,0,0,0,0,0,0,0,0,0,0,0,0,0,0,0,0,0,0,0.00314680787637568
0,0,0,0,0,0,0,0,0.006034163975231708,0,0,0,0,0,0,0,0,0,0,0,0,0,0,0,0,0,0,0,0,0,0,0,0,0,0,0,0,0,0,0,0,0,0,0,0,0,0,0,0,0,0,0,0,0,0,0,0,0,0,0,0,0,0,0,0,0,0,0,0,0,0.003480258634393193,0,0,0,0,0,0,0,0,0,0,0,0,0,0,0.003161266964242583,0,0,0,0,0,0,0,0,0,0,0,0,0,0,0,0,0,0,0,0,0,0,0,0,0,0,0,0,0,0,0,0,0,0,0,0,0,0,0,0,0,0,0,0,0,0,0,0,0.002696562705266337,0,0,0,0.004478037439712148,0,0,0,0,0,0.005347776853771006,0,0,0,0.004811010224202746,0,0,0,0,0,0,0,0,0,0,0,0,0.004226872025594171,0,0,0,0,0,0,0,0,0,0,0.00514179268254334,0.004307112433727809,0,0,0,0,0,0,0,0,0,0,0,0,0.005979542823259441,0,0,0.006311430734131452,0,0,0,0,0,0,0,0,0,0,0.002856997104358198,0,0,0,0,0,0,0,0,0,0,0,0,0,0,0,0,0,0,0,0,0.004867964175552788,0.005907566681454425,0,0.00571665704591461,0,0,0,0,0,0,0,0,0,0.002647292044966326,0,0.005852388653055907,0,0,0,0,0,0.004771077115655046,0,0.005811527822258177,0,0,0,0,0,0,0,0,0,0,0,0,0,0,0,0,0,0,0,0,0,0,0,0,0,0,0,0,0,0,0,0,0,0,0,0,0,0,0,0,0,0,0,0,0,0,0,0,0,0,0,0,0,0,0,0,0,0,0,0,0,0,0,0,0,0,0,0,0,0,0,0,0,0,0,0,0,0,0,0,0,0,0,0,0,0,0,0,0,0,0,0,0,0,0,0,0,0,0,0,0.005566063809658185,0.004722393924344445,0,0,0,0.006022401867165825,0,0,0,0,0,0,0.005865590670103508,0,0,0,0,0,0.004324695952176333,0,0,0.005862708499551685,0,0,0,0,0,0,0,0,0,0,0,0,0,0,0,0,0,0,0,0,0,0,0,0,0,0,0,0,0,0,0,0,0,0,0,0,0,0,0,0,0,0,0,0,0,0,0,0
0,0,0,0,0,0,0,0,0,0,0,0,0,0,0,0,0,0,0,0,0,0,0,0,0,0,0,0,0.004478725763960267,0,0,0,0,0,0,0,0,0,0,0,0,0,0,0,0,0,0,0.003164047339670537,0,0,0,0,0,0,0,0,0,0,0,0,0,0,0,0,0,0,0,0,0,0,0,0,0,0,0,0,0,0,0,0,0,0,0,0,0,0,0.003583189953636679,0,0.003902938890336332,0,0,0,0,0,0,0,0,0,0,0,0,0,0,0,0,0,0,0,0,0,0,0,0.003101380463469777,0,0,0,0,0,0,0,0,0,0,0,0,0.004471149642193058,0,0,0,0,0,0,0,0,0,0.004263482559504962,0.004010541618796742,0,0,0,0,0,0,0,0,0,0,0.004759357072406947,0,0,0,0,0,0,0,0,0,0,0,0,0,0,0,0,0,0,0,0,0,0,0,0,0,0,0.004075242016107058,0,0,0,0,0,0,0,0,0,0,0,0,0,0,0,0,0.005196421200852367,0,0,0,0,0,0,0,0.00459785988070333,0,0,0,0,0,0,0,0,0,0.00427044696202958,0.004952938172940128,0.004518126720281658,0.004815601250090861,0.004875245691947186,0,0,0,0,0,0,0,0,0,0.004773549838255007,0,0,0,0,0.004873192059955837,0,0,0,0,0,0,0,0,0,0,0,0,0,0,0,0,0,0,0,0,0,0,0,0,0.004852849925520405,0.004674503324416291,0.00466885506749273,0,0,0,0,0,0,0,0,0,0,0,0,0,0,0,0,0,0,0,0,0,0,0,0,0,0,0,0,0,0,0,0,0,0,0,0,0,0,0,0,0,0,0,0,0,0,0,0,0,0,0,0,0,0,0,0,0,0,0,0,0,0,0,0,0,0,0,0,0,0,0,0,0,0,0,0,0,0,0,0,0,0,0.006367001782080339,0,0.00629994606410254,0.00614398559639044,0,0,0,0,0,0,0,0,0,0,0,0,0,0,0.004830398691929829,0,0,0,0,0,0,0,0,0,0,0,0,0,0,0,0,0,0,0.006645265325665358,0,0.003598867795647411,0,0,0,0,0,0,0,0,0,0,0,0,0,0,0,0,0,0,0,0,0,0,0,0,0,0,0,0,0,0,0,0,0,0,0,0,0
0.003250088161159159,0.004065217726244184,0,0,0,0,0,0,0,0,0,0,0,0,0,0,0,0,0,0,0,0,0,0,0,0,0,0,0,0,0,0,0,0,0,0,0,0,0,0,0,0,0,0,0,0,0,0,0,0,0,0,0,0,0,0,0,0,0,0,0,0,0,0,0,0,0,0,0,0,0,0,0,0,0,0,0,0,0,0,0,0,0,0,0,0,0,0,0,0,0,0,0,0,0,0,0,0,0,0,0,0,0,0,0,0,0.004358287820283302,0,0,0,0,0,0,0,0,0,0,0,0,0.003265233042492181,0,0,0,0,0,0,0,0,0,0,0.00426241446062242,0,0,0,0,0,0,0,0,0,0,0,0,0,0,0,0,0,0,0,0,0,0,0,0,0,0,0,0,0,0,0,0,0,0,0,0,0,0,0,0,0,0,0,0,0,0,0,0,0,0,0,0,0,0.004115823415276331,0,0,0,0.005897214017628029,0,0.003290491054523775,0,0,0,0,0,0,0,0,0.004837129847106347,0,0,0,0,0,0,0,0,0,0,0.003906295473055994,0.003484708944118387,0.004691036379110028,0,0.006861049462810358,0,0.005714684357957963,0,0,0,0.005668188350121728,0,0,0.004495679415529899,0,0,0,0,0,0,0,0.004314379477816044,0,0,0,0,0,0,0,0,0,0,0,0,0,0,0,0,0,0,0,0,0,0,0,0,0,0,0,0,0,0,0,0,0,0,0,0,0,0,0,0,0,0,0,0,0,0,0,0,0,0,0,0,0,0,0,0,0,0,0,0,0,0,0,0,0,0,0,0,0,0,0,0,0,0,0,0,0,0,0,0,0,0,0,0,0,0,0,0,0,0,0,0,0,0,0,0,0,0,0,0,0,0,0,0,0,0,0,0,0,0,0,0,0,0,0,0.003640609952327437,0,0,0,0,0,0,0,0,0,0,0,0,0,0,0,0,0,0,0,0,0,0,0,0,0,0,0,0,0,0,0,0,0,0,0,0,0,0,0,0,0,0,0,0,0,0,0,0,0,0,0,0,0,0,0,0,0,0,0,0,0,0,0,0,0,0,0
0.003240638619906904,0,0,0,0,0,0,0,0,0.004587067714665778,0,0,0,0,0,0,0,0,0,0,0,0,0,0,0,0,0,0,0,0,0,0,0,0,0,0,0,0,0,0,0,0,0,0,0,0,0,0,0,0,0,0,0,0,0,0,0,0,0,0,0,0,0,0,0,0,0,0,0,0,0,0,0,0,0,0,0,0,0.003712322602407164,0,0,0,0,0,0,0,0,0,0,0,0,0,0,0,0,0,0,0,0,0,0,0,0,0,0,0,0,0,0,0,0,0,0,0,0,0,0,0,0,0.004208751390913617,0,0,0,0,0,0,0,0,0.002793113065160108,0,0,0,0.002667293716801213,0,0.004321854024810502,0,0,0,0,0,0,0,0,0,0,0,0,0,0,0,0,0,0,0,0,0,0,0,0,0,0.003628658576407533,0,0,0,0,0,0,0,0,0,0,0,0,0,0,0,0,0,0,0,0,0,0,0,0,0,0,0,0,0,0,0,0.003729737656937873,0.00508263083057773,0,0,0,0,0.005036299806026445,0,0.002462598194267827,0,0,0,0,0,0,0,0,0,0,0,0,0,0,0,0,0,0.003309401586880674,0,0,0,0,0,0,0,0,0,0,0.003278743270706843,0,0,0.003405281803153104,0,0,0,0,0,0.00453348874187051,0,0,0,0,0,0,0,0,0,0,0,0,0,0,0,0,0,0,0,0,0,0,0,0,0,0,0,0,0,0,0,0,0,0,0,0,0,0,0,0,0,0,0,0,0,0,0,0,0,0,0,0,0,0,0,0,0,0,0,0,0,0,0,0,0,0,0,0,0,0,0,0,0,0,0,0,0,0,0,0,0,0,0,0,0,0,0,0,0,0,0,0,0,0,0,0,0,0,0,0,0,0,0,0,0.004721277571435563,0.003433306721172435,0,0,0,0.004054408217106269,0,0,0,0,0,0,0,0,0,0.004409089374912268,0.004226712750274831,0.004410244872285376,0,0,0,0,0,0,0,0,0,0,0,0,0,0,0,0,0.004546245584778508,0,0,0.003365876839851561,0,0,0,0,0,0,0,0,0,0,0,0,0,0,0,0,0,0,0,0,0,0,0,0,0,0,0,0,0,0,0,0,0,0.004335140470897348
0,0,0.003675608085225762,0,0,0,0,0,0,0.003940430337068619,0.003373198289986453,0,0,0,0,0.003968888631130559,0,0,0,0,0,0,0.002977330202740398,0,0,0,0,0,0,0,0,0,0,0,0,0,0,0,0,0,0,0,0,0,0,0,0,0,0,0,0,0,0,0,0,0,0,0,0,0,0,0,0,0,0,0,0,0,0,0,0,0,0,0,0,0,0,0,0,0,0,0,0,0,0,0,0,0,0,0,0,0,0,0,0,0,0,0,0,0,0,0,0,0,0,0,0,0,0,0,0,0,0,0,0,0,0,0,0,0.00428512057229961,0,0,0,0,0,0,0,0.002822070449174207,0.003721781878185182,0,0,0,0,0,0,0,0,0,0,0,0,0,0,0,0,0,0,0,0,0,0,0,0,0,0,0,0,0,0,0,0,0,0,0,0,0,0,0,0,0,0,0,0,0,0,0,0,0,0,0,0,0,0,0,0,0,0,0,0,0,0,0,0.00365833121709855,0,0,0,0,0.005036299806026445,0,0,0.002459337777927788,0,0,0,0,0,0,0,0,0,0,0,0,0,0,0,0,0,0,0,0,0,0,0,0,0,0,0,0,0.004314867598541789,0,0,0,0,0,0,0,0,0,0,0,0,0,0,0,0,0,0,0,0,0,0,0,0,0,0,0,0,0,0,0,0,0,0,0,0,0,0,0,0,0,0,0,0,0,0,0,0,0,0,0,0,0,0,0,0,0,0,0,0,0,0,0,0,0,0,0,0,0,0,0,0,0,0,0,0,0,0,0,0,0,0,0,0,0,0,0,0,0,0,0,0,0,0,0,0,0,0,0,0,0,0,0,0,0,0,0,0,0,0,0,0,0,0,0,0,0,0,0.00251656418812481,0,0,0,0,0,0,0,0,0,0,0,0,0,0,0,0,0,0,0,0,0,0,0,0,0,0,0,0,0.004354596210811294,0,0,0.00398419469078156,0,0,0,0,0,0,0,0,0,0,0,0,0,0,0,0,0,0,0,0,0,0,0,0,0,0,0,0,0,0,0,0,0,0.0027220483588328
0.00389459368425535,0,0,0,0,0,0,0,0,0,0,0,0,0,0,0,0,0,0,0,0,0,0,0,0,0,0,0,0.004605689630902248,0,0,0,0,0,0,0,0,0,0,0,0,0,0,0,0,0,0,0,0,0,0,0,0,0,0,0,0,0,0,0,0,0,0,0,0,0,0,0,0,0,0,0,0,0,0,0,0,0,0,0,0,0,0,0,0,0,0,0,0.003865123466815921,0,0,0,0,0,0,0,0,0,0,0,0,0,0,0,0,0,0,0,0,0,0,0,0,0,0,0,0,0,0,0,0,0,0,0,0,0.004119560226891651,0,0,0,0,0,0,0,0,0,0.005875686878819009,0.003972415007773493,0,0,0,0,0,0,0,0,0,0,0.004730725633633725,0,0,0,0,0,0,0,0,0,0,0,0,0,0,0,0,0,0,0,0,0,0,0,0,0,0,0.003898814231650422,0,0,0,0,0,0,0,0,0,0,0,0,0,0.003819195335964078,0,0,0.004146660137559808,0,0,0,0.00459785988070333,0.004837129847106347,0,0,0,0,0,0,0,0,0,0,0,0,0.005939736648937322,0.006328652352315823,0.006948706313176509,0.006788129631631688,0.005960360060487588,0,0,0.003858430336690137,0,0,0,0,0,0,0.005709197203699454,0,0,0,0,0.005237487464576215,0,0,0,0,0,0,0.005030789376657916,0,0,0,0,0,0,0,0,0,0,0,0,0,0,0,0,0,0.005521373819907631,0.005720393119835521,0.005714310085028889,0,0,0,0,0,0,0,0,0,0,0,0,0,0,0,0,0,0,0,0,0,0,0,0,0,0,0,0,0,0,0,0,0,0,0,0,0,0,0,0,0,0,0,0,0,0,0,0,0,0,0,0,0,0,0,0,0,0,0,0,0,0,0,0,0,0,0,0,0,0,0,0,0,0,0,0,0,0,0,0,0,0,0.004982953581064504,0,0.004961941502604655,0.004529390338232296,0,0,0,0,0,0,0,0,0,0,0.00410452809792123,0,0,0,0.004679379635656468,0,0,0,0,0,0,0,0,0,0,0,0,0,0,0,0,0,0,0.004575825095202683,0,0,0,0,0,0,0,0,0,0,0,0,0,0,0,0,0,0,0,0,0,0,0,0,0,0,0,0,0,0,0,0,0,0,0,0,0,0,0
0,0,0,0.00405185863068464,0.004089607669895198,0,0,0,0,0,0,0,0,0,0,0,0,0,0,0,0,0,0,0,0,0,0,0,0,0,0,0,0,0,0,0,0,0,0,0,0,0,0,0,0,0,0,0,0,0,0,0,0,0,0,0,0,0,0,0,0,0,0,0,0,0,0,0,0,0,0,0,0,0,0,0,0,0,0,0,0,0,0,0,0,0,0,0,0,0,0,0,0,0,0,0,0,0,0,0,0,0,0,0,0,0,0,0,0,0,0,0,0,0,0,0,0,0,0,0,0,0,0,0,0,0,0,0,0,0,0,0,0,0,0,0,0,0,0,0,0,0,0,0,0,0,0,0,0,0,0.009663610668946365,0,0,0,0,0,0,0,0,0,0,0.003087664289474004,0,0,0,0,0,0,0,0,0,0.002682631234077438,0,0,0,0,0,0,0,0,0,0,0,0,0,0,0,0,0,0,0,0,0.002474920020217301,0,0.002856997104358198,0,0,0.002462598194267827,0.002459337777927788,0,0,0,0,0,0,0,0,0,0,0,0,0,0,0,0,0,0,0,0,0,0,0,0,0,0,0,0,0,0,0,0,0,0,0,0,0,0,0,0,0,0,0,0,0,0,0,0,0,0,0,0,0,0,0,0,0,0,0,0,0,0,0,0,0,0,0,0,0,0,0,0,0,0,0,0,0,0,0,0,0,0,0,0,0,0,0,0,0,0,0,0,0,0,0,0,0,0,0,0,0,0,0,0,0,0,0,0,0,0,0,0,0,0,0,0,0,0,0,0,0,0,0,0,0,0,0,0,0,0,0,0,0,0,0,0,0,0,0,0,0,0,0,0,0,0,0,0,0,0,0,0,0,0,0,0,0,0,0,0,0,0,0,0,0,0,0,0,0,0,0,0,0,0.002941442261078535,0,0,0,0,0,0,0,0,0,0,0,0,0,0,0,0,0,0,0,0,0,0,0,0,0,0,0,0,0,0,0,0,0,0,0,0,0,0,0,0,0,0.002906287320710474
0,0,0,0,0,0,0,0,0,0,0,0,0,0,0,0.003809300078986088,0,0,0,0,0,0,0,0,0,0,0,0,0,0,0,0,0,0,0,0,0,0,0,0,0,0,0,0,0,0,0,0,0,0,0,0,0,0,0,0,0,0,0,0.004752948670672592,0,0,0,0,0,0,0,0,0,0,0,0,0,0,0,0,0,0,0,0,0,0,0,0,0,0,0,0,0,0,0,0,0,0,0,0,0,0,0,0,0,0,0,0,0,0,0,0,0,0.005103416889439536,0.003487924650914509,0,0,0,0,0,0,0,0,0.00327037413490889,0,0,0,0,0,0,0.004636787192220614,0,0,0.004190967703225478,0,0,0,0.005307517757941766,0,0,0,0,0,0,0,0,0,0,0,0,0.004734629751702286,0,0,0.004511915997505077,0,0,0,0,0,0,0,0,0,0,0,0,0,0,0.004415946982645391,0,0,0,0,0,0,0,0,0,0,0,0,0,0,0,0,0,0.004199614829369082,0,0,0,0,0,0,0,0,0,0,0,0,0,0,0,0,0,0,0,0,0,0,0,0,0,0,0,0,0,0,0,0.00486297320022254,0,0,0,0,0.00442931492456654,0,0,0,0,0,0,0,0,0,0,0,0,0,0,0,0,0,0,0,0,0,0,0,0,0,0,0,0,0,0,0,0,0,0,0,0,0,0,0,0,0.005040291864020821,0,0,0,0,0,0,0,0,0,0,0.005174054271841105,0,0,0,0,0,0,0,0,0,0,0,0,0,0,0,0,0,0,0,0,0,0,0,0,0,0,0,0,0,0,0,0,0,0,0,0,0,0,0,0,0,0,0,0,0,0,0,0,0,0,0,0,0,0,0,0,0,0,0,0,0,0,0,0,0,0,0,0,0,0,0,0,0,0,0,0,0,0,0,0,0.004963154539007864,0,0,0.004532758486246881,0,0,0,0,0,0,0,0,0,0,0,0.004783328146259079,0,0,0.004478674422871091,0,0,0,0.004760146535892637,0,0,0,0,0,0,0,0,0,0,0,0,0,0,0,0,0,0,0,0,0,0,0,0,0,0,0,0,0,0,0,0,0,0,0,0,0,0,0,0
0,0,0,0,0,0.003724915516477954,0.003525012878785177,0,0,0,0,0.00371715270805513,0.00805908762271601,0,0,0,0,0,0,0,0,0,0,0,0,0,0.003067341336556476,0.003308186731334224,0,0,0.003376694963962046,0,0,0,0.003205135165054315,0,0,0,0,0,0,0.003205625774497923,0,0,0,0,0,0,0,0,0,0,0,0,0,0,0,0,0,0,0,0,0.003167902011581998,0,0,0.003513522453472717,0,0,0,0,0,0,0.003555630918836385,0,0,0,0.004864614573241098,0.003661077438956757,0,0,0,0,0,0,0,0,0,0,0,0.004981452336619588,0,0,0,0,0,0,0,0.004562801951959836,0,0,0,0,0,0,0,0,0,0,0,0,0,0,0,0,0.003613237016765708,0,0,0,0,0,0,0,0,0,0,0,0,0,0,0,0,0.003734102295439687,0,0,0,0,0,0,0,0,0.003432968151485384,0.003488835463903084,0,0,0,0,0,0,0,0,0,0,0,0,0,0,0,0,0,0,0,0,0,0,0,0,0,0,0,0,0,0,0,0,0,0,0,0,0,0,0,0,0,0,0,0,0,0.003037858966422843,0,0,0,0,0,0,0,0,0,0,0,0,0,0,0,0,0,0,0,0,0,0,0,0,0,0,0,0,0,0,0,0,0,0,0,0,0,0,0.004156839053021489,0,0,0,0,0,0,0,0,0,0,0,0,0,0,0,0,0,0,0,0,0,0,0,0,0,0,0,0,0,0,0,0,0,0,0,0,0,0,0,0,0,0,0,0,0,0,0,0,0,0,0,0,0,0,0,0,0,0,0,0,0,0,0,0,0,0,0,0,0,0,0,0,0,0,0,0,0,0,0,0,0,0,0,0,0,0,0,0,0,0,0,0,0,0,0,0,0,0,0,0,0,0,0,0,0,0,0,0,0,0,0,0,0,0,0,0,0,0,0,0,0,0,0,0,0,0,0,0,0,0,0,0,0,0,0,0,0,0,0,0,0,0,0,0,0,0,0,0,0,0,0,0,0.003311613906128689,0,0,0,0,0,0,0,0.003299389910504477,0,0,0,0,0,0,0.003208683200200332,0,0,0,0,0,0,0,0,0,0,0,0,0,0,0,0,0,0,0,0
0,0,0,0,0,0.004858738651677743,0,0,0,0,0,0,0,0,0,0,0,0,0,0,0,0,0,0.004461954310746175,0,0,0,0,0,0,0,0,0,0,0,0,0,0,0,0,0,0.00496206412545059,0,0,0,0,0,0,0,0,0,0,0,0,0,0,0,0,0,0,0,0,0,0,0,0,0,0,0,0,0,0,0,0.00457724732096643,0.003615029505491055,0,0.004281668953130389,0.005246683753752213,0,0,0,0.00395258776860228,0,0,0,0,0,0,0,0,0,0,0.003815563445018501,0,0.003801249495189132,0.003803208112957159,0,0,0,0,0,0,0,0,0,0,0,0.003377839862554307,0.00315417534019748,0,0,0,0,0,0,0,0,0,0,0,0,0,0,0,0,0,0,0,0,0,0,0,0,0,0,0,0,0,0,0,0,0.004131879372614711,0,0,0,0.004772890131355271,0,0,0,0,0,0.00309281904507895,0,0,0,0,0,0,0,0,0,0,0,0,0,0,0,0,0,0,0,0,0,0,0,0,0.00630514589471308,0.004832154018953269,0,0,0,0,0,0,0,0.003554778948545359,0,0.003100368042931107,0,0,0,0,0,0,0,0,0,0,0,0,0,0,0,0,0.007001614758440831,0.006562592782456066,0.005453487337585258,0.004619231668112087,0.004622348080460815,0,0,0,0,0,0,0,0,0,0,0,0,0,0,0,0,0,0,0,0,0,0,0,0,0,0,0,0,0,0,0,0,0,0,0,0,0,0,0,0.003227618264872442,0,0,0,0,0,0,0,0,0.004608427914458051,0,0.005060301220775774,0,0,0,0,0,0,0,0,0,0,0,0,0,0,0,0,0,0,0,0,0,0,0,0,0,0,0.003079965159490401,0,0,0,0,0,0,0,0,0,0,0,0,0,0,0,0,0,0,0,0,0,0,0,0,0,0,0,0,0,0,0,0,0,0,0,0,0,0,0,0,0,0,0,0,0,0,0,0,0,0,0,0,0,0,0,0,0,0,0,0,0,0,0,0,0,0,0,0,0,0,0,0,0,0,0,0,0,0,0,0,0,0,0,0,0,0,0,0,0,0,0,0,0,0,0,0,0,0,0,0,0,0,0,0,0,0,0,0,0,0,0,0,0,0,0,0,0,0,0,0,0,0,0,0,0,0,0,0
0,0,0,0,0,0.004918500989220979,0,0,0,0,0,0,0,0,0,0,0,0,0,0,0,0,0,0,0,0,0,0,0,0,0.003122263879657472,0,0,0,0,0,0,0,0,0,0,0.005027681987386116,0,0,0,0,0,0,0,0,0,0,0,0,0,0,0,0,0,0,0,0,0,0,0,0,0,0,0,0,0,0.003228004481338327,0,0.004096396499093392,0.003788933796612676,0,0.004634196999244701,0.005277627413442128,0,0,0,0.00356073705858752,0,0,0,0,0,0,0,0,0,0,0,0,0,0.003254299550340501,0,0,0,0,0,0,0,0,0,0,0,0.004315141747302589,0.004368037078793111,0,0,0,0,0,0,0,0,0,0,0,0,0,0,0,0,0,0,0,0,0,0,0,0,0,0,0,0,0,0,0,0,0.005180403759591059,0,0,0,0,0,0,0,0,0,0,0,0,0,0,0,0,0,0,0,0,0,0,0,0,0,0,0,0,0,0,0,0,0,0,0.005723271282703009,0.004193739154948821,0,0,0,0,0,0,0,0,0,0.003113765308647049,0,0,0,0,0,0,0,0,0,0,0,0,0,0,0,0.007001614758440831,0,0.006402742890583072,0.004759459666975803,0,0,0,0,0,0,0,0,0,0,0,0,0,0,0,0,0,0,0,0.00430289059343688,0,0,0,0,0,0,0,0,0,0,0,0,0,0,0,0,0,0,0,0,0,0.003060974416532108,0,0,0,0,0,0,0,0,0.004277490194118508,0,0.005140038884805622,0,0,0,0,0,0,0,0,0,0,0,0,0,0,0,0,0,0,0,0,0,0,0,0,0,0,0,0,0,0,0,0,0,0,0,0,0,0,0,0,0,0,0,0,0,0,0,0,0,0,0,0,0,0,0,0,0,0,0,0,0,0,0,0,0,0,0,0,0,0,0,0,0,0,0,0,0,0,0,0,0,0,0,0,0,0,0,0,0,0,0,0,0,0,0,0,0,0,0,0,0,0,0,0,0,0,0,0,0,0,0,0,0,0,0,0,0,0,0,0,0,0,0,0,0,0,0,0,0,0,0,0,0,0,0,0,0,0,0,0,0,0,0,0,0,0,0,0,0,0,0,0,0,0,0
0,0,0,0,0,0.004546342568384985,0,0.004245530897040304,0,0,0,0,0,0,0,0,0,0,0,0,0,0,0,0.008772324705749655,0,0,0,0,0,0,0,0,0,0,0,0,0,0,0,0,0,0.004231056930954786,0,0,0,0,0,0,0,0,0,0,0,0,0,0,0,0,0,0,0,0,0,0,0,0,0,0,0,0,0,0,0,0.003899112316915738,0,0,0,0.005045024253918963,0,0,0,0,0,0,0,0,0,0,0,0,0,0,0.004818386590922978,0,0.004751155114483801,0.004398052493062903,0,0,0,0,0,0,0,0,0,0,0.004536201303318549,0,0,0,0,0,0,0,0,0,0,0,0,0,0,0,0,0,0,0,0,0,0,0,0,0,0,0,0,0,0,0,0,0,0,0,0,0,0,0.004683455120709954,0,0,0,0,0,0.003915183519144997,0,0,0,0,0,0,0.003903731127568343,0,0,0,0,0,0,0,0,0,0,0,0,0,0,0,0,0,0.005245975903916577,0.005397896896469317,0,0,0,0,0,0,0,0.008116574338215204,0.003992170787422101,0,0,0,0,0,0,0,0,0,0,0,0,0,0,0,0,0.006562592782456066,0.006402742890583072,0,0.006407048111903078,0.005111354450614012,0.005525352531851052,0,0.004314164883858005,0,0,0,0,0,0,0,0,0,0,0,0,0,0,0,0,0,0,0,0,0,0,0,0,0,0,0,0,0,0,0,0,0,0,0,0,0,0,0,0,0,0,0,0,0,0,0.008639268189337253,0.004642263883870798,0.008211289455692064,0,0,0,0,0,0.003926342044782646,0.003995258595141726,0.004635154226890223,0,0,0,0,0,0,0,0,0,0,0,0,0,0,0,0,0,0,0.003888056133855206,0,0,0,0,0,0,0,0,0,0,0,0,0,0,0,0,0,0,0,0,0,0,0,0,0,0,0,0,0,0,0,0,0,0,0,0,0,0,0,0,0,0,0,0,0,0,0,0,0,0,0,0,0,0,0,0,0,0,0,0,0,0,0,0,0,0,0,0,0,0,0,0,0,0,0,0,0,0,0,0,0,0,0,0,0,0,0,0,0,0,0,0,0,0,0,0,0,0,0,0,0,0,0,0,0,0,0,0,0,0,0,0,0,0,0,0,0,0,0,0,0,0,0,0,0,0,0,0
0,0,0,0,0,0,0,0,0,0,0,0,0,0,0,0,0,0,0,0,0,0,0,0.005855885498570105,0,0,0,0,0,0,0,0,0,0,0,0,0,0,0,0,0,0,0,0,0,0,0,0,0,0,0,0,0,0,0,0,0,0,0,0,0,0,0,0,0,0,0,0,0,0,0,0,0,0.004544410165773446,0,0,0,0,0,0,0,0.004508999152010302,0,0,0,0,0,0,0,0,0,0,0.00536155339548295,0,0.005346739336847456,0.00534952634315923,0,0,0,0,0,0,0,0,0,0,0,0,0,0,0,0,0,0,0,0,0,0,0,0,0,0,0,0,0,0,0,0,0,0,0,0,0,0,0,0,0,0,0,0,0,0,0,0,0,0.005397782241123424,0,0,0,0,0,0.004437661299135314,0.004486101879970167,0,0,0,0,0,0.004629366413304852,0,0,0,0,0,0,0,0,0,0,0,0,0,0,0,0,0,0.005143012165698875,0.005937959707019504,0,0,0,0,0,0,0,0,0,0,0,0,0,0,0,0,0,0,0,0,0,0,0,0,0,0.005453487337585258,0.004759459666975803,0.006407048111903078,0,0.006022387017292397,0.00580484829338572,0,0,0,0,0,0,0,0,0,0,0,0,0,0,0,0,0,0,0,0,0,0,0,0,0,0,0,0,0,0,0,0,0,0,0,0,0,0,0,0,0,0,0,0,0,0,0,0,0.004467481240233077,0,0,0,0,0,0,0,0,0,0,0,0,0,0,0,0,0,0,0,0,0,0.004425290100955262,0.004425290100955262,0.004423818813320039,0.004425290100955262,0.004440312460808693,0.004413693303771803,0.004671201691641299,0.004417044697011325,0.0046712016916413,0.004433860208402291,0.004427266765446553,0.004655805810229041,0,0,0,0,0,0,0,0,0,0,0,0,0,0,0,0,0,0,0,0,0,0,0,0,0,0,0,0,0,0,0,0,0,0,0,0,0,0,0,0,0,0,0,0,0,0,0,0,0,0,0,0,0,0,0,0,0,0,0,0,0,0,0,0,0,0,0,0,0,0,0,0,0,0,0,0,0,0,0,0,0,0,0,0,0,0,0,0,0,0,0,0,0,0,0,0,0,0,0,0,0,0,0,0,0,0,0,0,0,0,0,0,0,0,0,0,0,0,0,0,0,0,0,0
0,0,0,0,0,0.004268246369601122,0,0,0,0,0,0,0,0,0,0,0,0,0,0,0,0,0,0.004977640926167119,0,0,0,0,0,0,0,0,0,0,0,0,0,0,0,0,0,0,0,0,0,0,0,0,0,0,0,0,0,0,0,0,0,0,0,0,0,0,0,0,0,0,0,0,0,0,0,0,0,0.004806134240016011,0,0,0,0,0,0,0,0.004790245385440922,0,0,0,0,0,0,0,0,0,0,0.004427027221763399,0,0.004385988456318007,0.004388859550804695,0,0,0,0,0,0,0,0,0,0,0,0,0,0,0,0,0,0,0,0,0,0,0,0,0,0,0,0,0,0,0,0,0,0,0,0,0,0,0,0,0,0,0,0,0,0,0,0,0,0.005668500298816962,0,0,0,0,0,0.00445642679144154,0.004527202260861546,0,0,0,0,0,0.004654388756249561,0,0,0,0,0,0,0,0,0,0,0,0,0,0,0,0,0,0.005345663014723886,0.005068930723793585,0,0,0,0,0,0,0,0,0,0,0,0,0,0,0,0,0,0,0,0,0,0,0,0,0,0.004619231668112087,0,0.005111354450614012,0.006022387017292397,0,0.006193093753146635,0,0,0,0,0,0,0,0,0,0,0,0,0,0,0,0,0,0,0,0,0,0,0,0,0,0,0,0,0,0,0,0,0,0,0,0,0,0,0,0,0,0,0,0,0,0,0,0,0.004854591091615736,0,0,0,0,0,0,0,0,0,0,0,0,0,0,0,0,0,0,0,0,0,0.00443762902126859,0.004437629021268591,0.004436118522913987,0.00443762902126859,0.004431498481293299,0.004398493765785655,0.004640411385614313,0.004648338100759244,0.004640411385614314,0.004502584967600485,0.00448729334369566,0.004443976675061507,0,0,0,0,0,0,0,0,0,0,0,0,0,0,0,0,0,0,0,0,0,0,0,0,0,0,0,0,0,0,0,0,0,0,0,0,0,0,0,0,0,0,0,0,0,0,0,0,0,0,0,0,0,0,0,0,0,0,0,0,0,0,0,0,0,0,0,0,0,0,0,0,0,0,0,0,0,0,0,0,0,0,0,0,0,0,0,0,0,0,0,0,0,0,0,0,0,0,0,0,0,0,0,0,0,0,0,0,0,0,0,0,0,0,0,0,0,0,0,0,0,0,0,0
0,0,0,0,0,0.004282891961220343,0,0,0,0,0,0,0,0,0,0,0,0,0,0,0,0,0,0.004741940911738044,0,0,0,0,0,0,0,0,0,0,0,0,0,0,0,0,0,0.004102553042030887,0,0,0,0,0,0,0,0,0,0,0,0,0,0,0,0,0,0,0,0.004216327561589905,0,0,0,0,0,0,0,0,0,0,0,0.00508400469599612,0,0,0,0,0,0,0,0.005131802004898515,0,0,0,0,0,0,0,0,0,0,0.00415444490834364,0,0.004104043362961911,0.004106704728164375,0,0,0,0,0,0,0,0,0,0,0,0,0,0,0,0,0,0,0,0,0,0,0,0,0,0,0,0,0,0,0,0,0,0,0,0,0,0,0,0,0,0,0,0,0,0,0,0,0,0.00564085556531961,0,0,0,0,0,0.004415516610440207,0.004027007415387319,0,0,0,0,0,0.004412060574344165,0,0,0,0,0,0,0,0,0,0,0,0,0,0,0,0,0,0.005348214895927739,0.005232977284862658,0,0,0,0,0,0,0,0,0,0,0,0,0,0,0,0,0,0,0,0,0,0,0,0,0,0.004622348080460815,0,0.005525352531851052,0.00580484829338572,0.006193093753146635,0,0,0,0,0,0,0,0,0,0,0,0,0,0,0,0,0,0,0,0,0,0,0,0,0,0,0,0,0,0,0,0,0,0,0,0,0,0,0,0,0,0,0,0,0,0,0,0,0,0.004531991379783443,0,0,0,0,0,0,0,0,0,0,0,0,0,0,0,0,0,0,0,0,0,0.004164869833856714,0.004164869833856715,0.004163463629626255,0.004164869833856715,0.004156960941553285,0.004116249159496208,0.004351988514717538,0.004405856202290663,0.004351988514717539,0,0,0.004177295222430529,0,0,0,0,0,0,0,0,0,0,0,0,0,0,0,0,0,0,0,0,0,0,0,0,0,0,0,0,0,0,0,0,0,0,0,0,0,0,0,0,0,0,0,0,0,0,0,0,0,0,0,0,0,0,0,0,0,0,0,0,0,0,0,0,0,0,0,0,0,0,0,0,0,0,0,0,0,0,0,0,0,0,0,0,0,0,0,0,0,0,0,0,0,0,0,0,0,0,0,0,0,0,0,0,0,0,0,0,0,0,0,0,0,0,0,0,0,0,0,0,0,0,0,0
0,0,0,0,0,0,0,0,0,0,0,0,0,0,0,0,0,0,0,0,0,0,0,0,0,0,0,0,0.004476508817982609,0,0,0,0,0,0,0,0,0,0,0,0,0,0,0,0,0,0,0,0,0,0,0,0,0,0,0,0,0,0,0,0,0,0,0,0,0,0,0,0,0,0,0,0,0,0,0,0,0,0,0,0,0,0,0,0,0,0,0,0.004212882972672818,0,0,0,0,0,0,0,0,0,0,0,0,0,0,0,0.003703219524531911,0,0,0,0,0,0,0,0.00402887619839762,0,0,0,0,0,0,0,0,0,0,0,0,0.004366539943300874,0,0,0,0,0,0,0,0,0,0.00584188338056532,0.004286645566543016,0,0,0,0,0,0,0,0,0,0,0.004593550613062066,0,0,0,0,0,0,0,0,0,0,0,0,0,0,0,0,0,0,0,0,0.003683979985807643,0,0,0,0,0,0.004009375069717677,0,0,0,0,0,0,0,0,0,0,0,0,0,0,0,0,0.003971901101927315,0,0,0,0.00427044696202958,0,0,0,0.005939736648937322,0,0,0,0,0,0,0,0,0,0,0.005825835641855646,0.007272610988221028,0.006789771433729043,0.005604866366349992,0,0,0.004847089622444956,0,0,0,0,0,0,0.006356855518260183,0,0,0,0,0.004512755996376232,0,0,0,0,0,0,0.00615942732688857,0,0,0,0,0,0,0,0,0,0,0,0,0,0,0,0,0,0.004668253815288146,0.004589161276481335,0.004583624317088625,0,0,0,0,0,0,0,0,0,0,0,0,0,0,0,0,0,0,0,0,0,0,0,0,0,0,0,0,0,0,0,0,0,0,0,0,0,0,0,0,0,0,0,0,0,0,0,0,0,0,0,0,0,0,0,0,0,0,0,0,0,0,0,0,0,0,0,0,0,0,0,0,0,0,0,0,0,0,0,0,0,0,0.004365639458753219,0,0.004362073062625886,0.004493200977342701,0,0,0,0,0,0,0,0,0,0,0,0,0,0,0.004405644478049052,0,0,0,0,0,0,0,0,0,0,0,0,0,0,0,0,0,0,0.004268598961677083,0,0,0,0,0,0,0,0,0,0,0,0,0,0,0,0,0,0,0,0,0,0,0,0,0,0,0,0,0,0,0,0,0,0,0,0,0,0,0
0,0,0,0,0,0,0,0,0,0,0,0,0,0,0,0,0,0,0,0,0,0,0,0,0,0,0,0,0.004605753059923112,0,0,0,0,0,0,0,0,0,0,0,0,0,0,0,0,0,0,0,0,0,0,0,0,0,0,0,0,0,0,0,0,0,0,0,0,0,0,0,0,0,0,0,0,0,0,0,0,0,0,0,0,0,0,0,0,0,0,0,0,0,0,0,0,0,0,0,0,0,0,0,0,0,0,0,0,0,0.005202758644142133,0,0,0,0,0,0,0,0,0,0,0,0,0,0,0,0,0,0,0.004453055072794835,0,0,0,0,0,0,0,0,0,0.005073073884822961,0.003997622160279782,0,0,0,0,0,0,0,0,0,0,0.004593510185062027,0,0,0,0,0,0,0,0,0,0,0,0,0,0,0,0,0,0,0,0,0,0,0,0,0,0,0.003907196323999712,0,0,0,0,0,0,0,0,0,0,0.003645488786946943,0,0,0,0,0,0.004241313574755244,0,0,0,0.004952938172940128,0.003906295473055994,0,0,0.006328652352315823,0,0,0,0,0,0.004314164883858005,0,0,0,0.005825835641855646,0,0.00614310529512371,0.007496430485490447,0.006720498903420343,0,0,0.004570829716577581,0,0,0,0,0,0,0.006302370795826097,0,0,0,0,0.005432719270290791,0,0,0,0,0,0,0.004232031401163494,0,0,0,0,0,0,0,0,0,0,0,0,0,0,0,0,0,0.005510335025714655,0.005333193300146055,0.005327538194106834,0,0,0,0,0,0,0,0,0,0,0,0,0,0,0,0,0,0,0,0,0,0,0,0,0,0,0,0,0,0,0,0,0,0,0,0,0,0,0,0,0,0,0,0,0,0,0,0,0,0,0,0,0,0,0,0,0,0,0,0,0,0,0,0,0,0,0,0,0,0,0,0,0,0,0,0,0,0,0,0,0,0,0.004684780488147909,0,0.00468265888614363,0.004526947813841871,0,0,0,0,0,0,0,0,0,0,0,0,0,0,0.00490116591006344,0,0,0,0,0,0,0,0,0,0,0,0,0,0,0,0,0,0,0.004958092884500677,0,0,0,0,0,0,0,0,0,0,0,0,0,0,0,0,0,0,0,0,0,0,0,0,0,0,0,0,0,0,0,0,0,0,0,0,0,0,0
0,0,0,0,0,0,0,0,0,0,0,0,0,0,0,0,0,0,0,0,0,0,0,0,0,0,0,0,0.004520968081374838,0,0,0,0,0,0,0,0,0,0,0,0,0,0,0,0,0,0,0,0,0,0,0,0,0,0,0,0,0,0,0,0,0,0,0,0,0,0,0,0,0,0,0,0,0,0,0,0,0,0,0,0,0,0,0,0,0,0.003602693739494347,0,0.004143115938813882,0,0,0,0,0,0,0,0,0,0,0,0,0,0,0,0.003424206320631474,0,0,0,0,0,0,0,0.003439119481888492,0,0,0,0,0,0,0,0,0,0,0,0,0.004402532719702082,0,0,0,0,0,0,0,0,0,0.006229416033222274,0.004252630116281785,0,0,0,0,0,0,0,0,0,0,0.004768416406375617,0,0,0,0,0,0,0,0,0,0,0,0,0,0,0,0,0,0,0,0,0,0,0,0,0,0,0.004053340639320493,0,0,0,0,0,0,0,0,0,0,0,0,0,0,0,0,0.004058790051490815,0,0,0,0.004518126720281658,0.003484708944118387,0,0,0.006948706313176509,0,0,0,0,0,0,0,0,0,0.007272610988221028,0.00614310529512371,0,0.00670328179172327,0.005937200126706512,0,0,0.004662863489067149,0,0,0,0,0,0,0.006268255734436269,0,0,0,0,0.004811373248691036,0,0,0,0,0,0,0.005895948430453813,0,0,0,0,0,0,0,0,0,0,0,0,0,0,0,0,0,0.005254507994380085,0.005452411758105992,0.005446327862697695,0,0,0,0,0,0,0,0,0,0,0,0,0,0,0,0,0,0,0,0,0,0,0,0,0,0,0,0,0,0,0,0,0,0,0,0,0,0,0,0,0,0,0,0,0,0,0,0,0,0,0,0,0,0,0,0,0,0,0,0,0,0,0,0,0,0,0,0,0,0,0,0,0,0,0,0,0,0,0,0,0,0,0.004904510115680165,0,0.004893114842897263,0.004459908125342013,0,0,0,0,0,0,0,0,0,0,0,0,0,0,0.004596372555823226,0,0,0,0,0,0,0,0,0,0,0,0,0,0,0,0,0,0,0.004508014642778843,0,0,0,0,0,0,0,0,0,0,0,0,0,0,0,0,0,0,0,0,0,0,0,0,0,0,0,0,0,0,0,0,0,0,0,0,0,0,0
0,0,0,0,0,0,0,0,0,0,0,0,0,0,0,0,0,0,0,0,0,0,0,0,0,0,0,0,0.004609881187823544,0,0,0,0,0,0,0,0,0,0,0,0,0,0,0,0,0,0,0,0,0,0,0,0,0,0,0,0,0,0,0,0,0,0,0,0.004227889772193278,0,0,0,0,0,0,0,0,0,0,0,0,0,0,0,0,0,0,0,0,0,0,0,0,0,0,0,0,0,0,0,0,0,0,0,0,0,0,0,0,0,0,0,0,0,0,0.004043628167144273,0,0,0,0,0,0,0,0,0,0,0,0.004082284381018991,0,0.004484089104389885,0,0,0,0,0,0,0,0,0,0.00570454795520052,0.004031700015555644,0,0,0,0,0,0,0,0,0,0,0.004604529142798924,0,0,0,0,0,0,0,0,0,0,0,0,0,0,0,0,0,0,0,0,0,0,0,0,0,0,0.003925283609907199,0,0,0,0,0,0,0,0,0,0,0,0,0,0,0,0,0.004175854411292521,0,0,0,0.004815601250090861,0.004691036379110028,0,0,0.006788129631631688,0,0,0,0,0,0,0,0,0,0.006789771433729043,0.007496430485490447,0.00670328179172327,0,0.007109985741222767,0,0,0.006177762062423732,0,0,0,0,0,0,0.008205698639502657,0,0,0,0,0.005612863235358657,0,0,0,0,0,0,0.004462666736301487,0,0,0,0,0,0,0,0,0,0,0,0,0,0,0,0,0,0.005675950264378421,0.005499791632086626,0.005494137886812367,0,0,0,0,0,0,0,0,0,0,0,0,0,0,0,0,0,0,0,0,0,0,0,0,0,0,0,0,0,0,0,0,0,0,0,0,0,0,0,0,0,0,0,0,0,0,0,0,0,0,0,0,0,0,0,0,0,0,0,0,0,0,0,0,0,0,0,0,0,0,0,0,0,0,0,0,0,0,0,0,0,0,0.004543535219036484,0,0.004534841490703706,0.004378677833513653,0,0,0,0,0,0,0,0,0,0,0,0,0,0,0.005084773342332546,0,0,0,0,0,0,0,0,0,0,0,0,0,0,0,0,0,0,0.004806978474781157,0,0,0,0,0,0,0,0,0,0,0,0,0,0,0,0,0,0,0,0,0,0,0,0,0,0,0,0,0,0,0,0,0,0,0,0,0.00432720099526058,0,0
0,0,0.004337372146313006,0,0,0,0,0,0,0,0,0,0,0,0,0,0,0,0,0.004334070640751322,0,0,0,0,0.00471265390779225,0,0,0,0.004556465209669163,0,0,0,0,0,0,0,0,0,0,0,0,0,0,0,0,0,0,0,0,0,0,0,0,0,0,0,0,0,0,0,0,0,0,0,0,0,0,0,0,0,0,0,0,0,0,0,0,0,0,0,0,0,0,0,0,0,0,0,0,0,0,0,0,0,0,0,0,0,0,0,0,0,0,0,0,0,0,0,0,0,0,0,0,0,0,0,0,0,0,0,0,0,0,0,0,0.004473460532519817,0,0,0,0,0,0,0,0,0,0.005035035886497648,0,0,0,0,0,0,0,0,0,0,0,0.004627588459078675,0,0,0,0,0,0,0,0,0,0,0,0,0,0,0,0,0,0,0,0,0,0,0,0,0,0,0,0,0,0,0,0,0,0,0,0,0,0,0,0,0,0,0,0,0,0,0,0.004875245691947186,0,0,0,0.005960360060487588,0,0,0,0,0,0,0,0,0,0.005604866366349992,0.006720498903420343,0.005937200126706512,0.007109985741222767,0,0,0,0.004333467640696038,0,0,0,0,0,0,0.006048334501825282,0,0,0,0,0.005355948688403296,0,0,0,0,0,0,0,0,0,0,0,0.004377340161003081,0,0,0,0,0,0,0,0,0,0,0,0,0.008954644574158649,0.008775856665157275,0.008770142684786857,0,0,0,0,0.004342701501738285,0.004701114490215187,0.00457517555407269,0.004834504299457355,0.004902181264440307,0,0,0,0,0,0,0,0,0,0,0,0,0,0,0,0,0,0,0,0,0,0,0,0,0,0,0,0,0,0,0,0,0,0,0,0,0,0,0,0,0,0,0,0,0,0,0,0,0,0,0,0,0,0,0,0,0,0,0,0,0,0,0,0,0,0,0,0,0,0,0,0,0,0.004599009016760693,0,0.004578960289590999,0.004423284153037573,0,0,0,0,0,0,0,0,0,0,0,0,0,0,0.004930514869994901,0,0,0,0,0,0,0,0,0,0,0,0,0,0,0,0,0,0,0.004854264080722067,0,0,0,0,0,0,0,0,0,0,0,0,0,0,0,0,0,0,0,0,0,0,0,0,0,0,0,0,0,0,0,0,0,0,0,0,0,0,0
0,0,0,0,0,0,0,0,0,0,0,0,0,0,0,0.004531055021149264,0,0,0,0,0,0,0,0,0,0,0,0,0,0,0,0,0,0,0,0,0,0,0,0,0,0,0,0,0,0,0,0,0,0,0,0,0.00510976480207023,0,0,0,0,0,0,0.005350168096378468,0,0,0,0,0,0,0,0,0,0,0,0,0,0,0,0,0,0,0,0,0,0,0,0,0,0,0,0,0,0,0,0,0,0,0,0,0,0,0.005960716432701281,0,0,0,0,0,0,0,0,0,0,0.004567850751230607,0.003610649413628484,0.006074341031019942,0,0,0,0,0,0,0,0,0,0,0,0,0,0,0.004738044734216866,0,0,0.004472395467270061,0,0,0,0.004305755777518383,0,0,0,0,0,0,0,0,0,0,0,0,0.005138180204925112,0,0,0.005174720442892274,0,0,0,0,0,0,0,0,0,0,0,0,0,0,0.004851609129311997,0,0,0,0,0,0,0,0,0,0,0,0,0,0,0,0,0,0.004677483162931182,0,0,0,0,0,0,0,0,0,0,0,0,0,0.006861049462810358,0,0,0,0,0.00486297320022254,0,0,0,0,0,0,0,0,0,0,0,0,0,0,0,0,0,0.006134835949680751,0,0,0,0,0,0,0,0,0,0.003460721519306904,0,0,0,0,0,0,0,0,0,0,0,0,0,0,0,0,0,0,0,0,0,0,0,0,0,0,0,0,0,0,0.00506737648554568,0,0,0,0,0,0,0,0,0.00448929546522187,0.00373555841588084,0.006443670716335504,0,0,0,0,0,0,0,0,0,0,0,0,0,0,0,0,0,0,0,0,0,0,0,0,0,0,0,0,0,0,0,0,0,0,0,0,0,0,0,0,0,0,0,0,0,0,0,0,0,0,0,0,0,0,0,0,0,0,0,0,0,0,0,0,0,0,0,0,0,0,0,0,0,0,0,0,0,0,0,0,0.006775377835406713,0,0,0.004695081538486481,0,0,0,0,0,0,0,0,0,0,0,0.005279817561976359,0,0,0.007384979892293392,0,0,0,0.004442804287265468,0,0,0,0,0,0,0,0,0,0,0,0,0,0,0,0,0,0,0,0,0,0,0,0,0,0,0,0,0,0,0,0,0,0,0,0,0,0,0,0
0,0,0,0,0,0,0,0,0,0,0,0,0,0.005928785706884442,0,0,0,0,0,0,0.003168764902792773,0,0,0,0,0,0,0,0,0,0,0,0,0,0,0,0,0,0,0,0,0,0,0,0,0,0,0,0.004863473052745843,0,0,0,0.003983397078724422,0,0,0.003843761872768023,0,0,0,0,0,0,0,0,0.006149882107382484,0,0,0,0,0,0,0,0,0,0,0,0,0,0,0,0,0,0,0,0.005904543141907576,0,0,0,0,0,0,0,0,0,0,0,0,0,0.004591464844578177,0,0,0,0,0,0,0,0,0,0,0,0,0.005149439602209113,0,0,0,0,0,0,0,0,0,0,0,0.005529283210644734,0,0,0,0,0,0,0,0,0,0,0,0,0,0.004622279504587677,0,0,0,0,0,0,0,0,0,0,0,0,0,0,0,0,0,0,0,0,0,0,0,0,0,0,0,0,0,0.005069669583722387,0,0,0,0,0,0,0,0,0,0,0,0,0,0,0,0,0,0,0,0,0,0,0,0,0,0,0,0,0,0,0,0,0,0,0,0,0,0,0,0,0,0,0,0,0,0,0,0,0.004009522547955683,0.004719739083879489,0,0,0,0,0.004098224217548987,0,0.004093850547163704,0,0,0,0,0,0,0,0,0,0,0,0,0,0,0.00369517464814063,0.004698337207390411,0.005281593232427602,0,0,0,0.007121691329016855,0.004975464283521455,0.00648391345923481,0.003980611606504437,0,0,0,0.003379991534000906,0,0,0,0,0,0,0,0,0,0,0,0,0,0,0,0,0,0,0,0,0,0,0,0,0,0,0,0,0,0,0,0,0,0,0,0,0,0,0,0,0,0,0,0,0,0,0,0,0,0,0,0,0,0,0,0,0,0,0,0,0,0,0,0,0,0,0,0,0,0,0,0,0,0,0,0,0,0,0,0,0,0,0,0,0,0,0,0,0,0,0,0,0,0,0,0,0,0,0,0,0,0,0,0,0,0,0,0,0,0,0,0,0,0,0,0,0,0,0,0,0,0,0,0,0,0,0,0,0,0,0,0,0,0,0,0,0,0,0,0,0,0,0,0,0,0,0.003937440852825894,0,0,0,0,0,0,0,0,0,0,0,0,0.005323166024098347,0,0
0,0.003624700317131462,0,0,0,0,0,0,0,0,0,0,0,0,0,0,0,0.003916685471638554,0,0,0,0,0,0,0,0,0,0,0.004453711551878063,0,0,0,0,0,0,0,0,0,0,0,0,0,0,0,0,0,0,0,0,0,0,0,0,0,0,0,0,0,0,0,0,0,0,0,0.003510480310172278,0,0,0,0,0,0,0,0,0,0,0,0,0,0,0,0,0,0,0,0,0,0,0,0,0,0,0,0,0,0,0,0,0,0,0,0,0,0,0,0,0,0.00363165423868638,0,0,0,0,0,0,0,0,0,0,0,0,0,0,0,0,0.004026758199087418,0,0.004076296374114901,0,0,0,0,0,0,0,0,0,0.003595061160801317,0,0,0,0,0,0,0,0,0,0,0,0,0,0,0,0,0,0,0,0,0,0,0,0,0,0,0,0,0,0,0,0,0,0,0,0,0,0,0,0,0,0,0,0,0,0,0,0,0.00403852089217503,0,0,0,0.003806037320869162,0,0,0.003854769665216315,0,0,0,0,0.005714684357957963,0,0,0.003858430336690137,0,0,0,0,0,0,0,0,0,0.004847089622444956,0.004570829716577581,0.004662863489067149,0.006177762062423732,0.004333467640696038,0,0.004009522547955683,0,0,0,0,0.005463028767911242,0,0,0.007107290225747431,0,0,0,0,0,0,0,0.003748509756603815,0,0,0,0,0,0,0,0,0,0,0,0,0,0.003885747520166584,0,0,0,0,0,0.003566583142919092,0,0,0,0,0,0,0,0,0,0,0,0,0,0,0,0,0,0,0,0,0,0,0,0,0,0,0,0,0,0,0,0,0,0,0,0,0,0,0,0,0,0,0,0,0,0,0,0,0,0,0,0,0,0,0,0,0,0,0,0,0,0,0,0,0,0,0,0,0,0,0,0,0,0,0,0,0,0,0,0,0,0,0,0,0,0,0,0,0,0,0,0,0,0,0,0.003531721991491184,0,0,0,0,0,0,0,0,0,0,0,0,0,0,0,0,0,0,0,0,0,0,0,0,0,0,0,0,0,0,0,0,0,0,0,0,0,0,0,0,0,0,0,0,0,0,0,0,0,0,0,0,0,0,0,0,0,0,0,0,0,0,0,0,0.004273331657472798,0,0
0,0,0,0,0,0,0,0,0,0,0,0,0,0,0,0,0,0,0,0.005247597511813664,0,0,0,0,0,0,0,0,0,0,0,0,0,0,0,0,0,0,0,0,0,0,0,0,0,0,0,0,0.00408395180001588,0,0,0,0,0,0,0,0,0,0,0,0,0,0,0,0.005952363012911013,0,0,0,0,0,0,0,0,0,0,0,0,0,0,0,0,0,0.003976782084013157,0.004043130663339482,0.006812506227569275,0,0,0,0,0,0,0,0,0,0,0,0,0,0,0,0,0,0,0,0,0,0,0,0,0,0,0,0,0,0,0,0,0,0,0,0,0,0.003254849045110667,0.007130113267488815,0,0,0,0,0,0,0,0,0,0,0,0,0,0,0,0,0,0,0,0,0,0,0,0,0,0,0,0,0,0,0,0,0,0,0,0,0,0,0,0,0,0,0.003538344616950158,0.00353160502200408,0,0.005285660220778924,0.00529404250008556,0,0,0,0,0,0,0,0,0,0,0,0,0,0,0,0,0,0,0,0,0,0,0,0,0,0,0,0,0,0,0,0,0,0,0,0,0,0,0,0,0,0,0,0,0.004719739083879489,0,0,0.002993399404631981,0,0,0,0,0,0,0,0,0,0,0,0,0,0,0,0,0,0,0,0,0,0.003780557958996377,0,0,0,0,0.00560174747022411,0,0.004430921620461232,0,0,0.00520091300197578,0.003713970457888709,0,0,0,0,0,0,0,0,0,0,0,0,0,0,0,0,0,0,0,0,0,0,0,0,0,0,0,0,0,0,0,0,0,0,0,0,0,0,0,0,0,0,0,0,0,0,0,0,0,0,0,0,0,0,0,0,0,0,0,0,0,0,0,0,0,0,0,0,0,0,0,0,0,0,0,0,0,0,0,0,0,0,0,0,0,0,0,0,0,0,0,0,0,0,0,0,0,0,0,0.005134237018669778,0,0,0,0,0,0,0,0,0,0,0,0,0,0,0,0,0,0,0,0,0,0,0,0,0,0,0,0,0,0.002919419449678159,0,0,0,0,0,0,0,0,0,0,0,0,0,0,0,0,0,0,0,0,0,0,0,0,0,0,0,0.005207057499306144,0,0,0.007171058872356697,0,0
0.007529143546704345,0,0,0,0,0,0,0,0,0.004710325364293015,0,0,0,0,0,0,0,0,0,0,0,0,0,0,0,0,0,0,0,0,0,0,0,0,0,0,0,0,0,0,0,0,0,0,0.003331257795841764,0,0,0,0,0,0,0,0,0,0,0,0,0,0,0,0,0,0,0,0,0,0,0,0,0,0,0,0,0,0,0,0,0,0.007820939495502093,0,0,0,0,0,0,0,0,0,0,0,0,0,0,0,0,0,0,0,0,0,0,0,0,0,0,0,0,0,0,0,0,0,0,0,0,0,0,0,0,0,0,0,0,0,0,0,0,0,0.004335962300884479,0,0,0,0.006006164533285324,0,0.006009094112575608,0,0,0,0,0,0,0,0,0,0,0,0,0,0,0,0,0,0,0,0,0,0,0,0,0,0.006641453756805178,0,0,0,0,0,0,0,0,0,0,0,0,0,0,0,0,0,0,0,0,0,0,0.003011305976311729,0,0,0,0,0,0,0.002977402584618044,0,0,0.00684702704100274,0,0,0,0.003309401586880674,0,0,0,0,0,0,0,0,0,0,0,0,0,0,0,0,0,0,0,0.002993399404631981,0,0,0.003789151675425353,0.003912948042083348,0,0,0,0,0,0,0,0,0.009860895786274412,0,0.007864264050213444,0,0,0,0,0,0,0,0,0,0,0,0,0,0,0,0,0,0,0,0,0,0,0,0,0,0,0,0,0,0,0,0,0,0,0,0,0,0,0,0,0,0,0,0,0,0,0,0,0,0,0,0,0,0,0,0,0,0,0,0,0,0,0,0,0,0,0,0,0,0,0,0,0,0,0,0,0,0,0,0,0,0,0,0,0,0,0,0,0,0,0,0,0,0,0,0,0,0,0,0,0,0,0,0,0,0,0,0,0,0,0.006458956976494137,0.007672134024348272,0,0,0,0,0,0,0,0,0,0.00304071358665394,0,0,0,0.008819647068235681,0.007015254432782806,0.008645699028613965,0,0,0,0,0,0,0,0,0,0,0,0,0,0,0,0,0,0,0,0,0,0,0,0,0,0,0,0,0,0,0,0,0,0,0,0,0,0,0,0,0,0,0,0,0,0,0,0,0,0,0,0,0,0
0,0,0,0,0,0,0,0,0,0,0,0,0,0,0,0,0,0,0,0,0,0,0,0,0,0,0,0,0,0,0,0,0,0,0,0,0,0,0,0,0,0,0,0,0,0,0,0,0,0,0.00561008667039677,0.00612139146865409,0.005473705607983351,0,0,0.004087534055064452,0,0,0,0.004696625481677579,0,0,0,0,0,0,0,0,0,0,0,0,0,0,0,0,0,0,0,0,0.005316943663606204,0,0,0,0,0,0,0,0,0,0,0,0,0,0,0,0,0,0.006378070592719577,0,0,0,0,0,0,0,0,0,0,0.004746673335619541,0.004030609930493397,0.006383215033401418,0,0,0,0,0,0,0,0,0,0,0,0,0,0,0.004953616926629051,0,0,0.005168318085051556,0,0,0,0,0,0,0,0,0,0,0,0,0,0,0,0,0.004555337035453813,0,0,0.006332932413946171,0,0,0,0,0,0,0,0,0,0,0,0,0,0,0.006410330669973772,0,0,0,0,0,0,0,0,0,0,0,0,0,0,0,0,0,0,0,0,0,0,0,0,0,0,0,0,0,0,0,0,0,0,0,0,0.00442931492456654,0,0,0,0,0,0,0,0,0,0,0,0,0.006134835949680751,0,0,0,0,0,0,0,0,0,0,0,0,0,0,0,0,0,0,0,0,0,0,0,0,0,0,0,0,0,0,0,0,0,0,0,0,0,0,0,0,0,0,0,0,0,0.004519949356492615,0,0,0,0,0,0,0,0.004645295140269627,0.006995479095208239,0.006105014064066858,0.005873983314425421,0,0,0,0,0,0,0,0,0,0,0,0,0,0,0,0,0,0,0,0,0,0,0,0,0,0,0,0,0,0,0,0,0,0,0,0,0,0,0,0,0,0,0,0,0,0,0,0,0,0,0,0,0,0,0,0,0,0,0,0,0,0,0,0,0,0,0,0,0,0,0,0,0,0,0,0,0,0,0,0,0.005568144691398587,0,0,0.00496306672782156,0,0,0,0,0,0,0,0,0,0,0,0.004471919647969587,0,0,0.00697164262010831,0,0,0,0.005033509588713687,0,0,0,0,0,0,0,0,0,0,0,0,0,0,0,0,0,0,0,0,0,0,0,0,0,0,0,0.00636217330791863,0,0,0,0,0,0,0,0,0.006484743284027254,0,0.004197162044218849,0
0,0.00447071284638739,0.003320125976188697,0,0,0,0.00478407273086132,0,0,0,0,0,0,0,0,0,0,0,0,0,0,0,0.003138403907060701,0,0,0,0,0,0,0,0,0,0,0,0,0,0,0,0,0,0,0,0,0,0,0,0,0,0,0,0,0,0,0,0,0,0,0,0,0,0,0,0,0,0,0,0,0,0,0,0,0,0,0,0,0,0,0,0,0,0,0,0,0,0,0,0,0,0,0,0,0,0,0,0,0,0,0,0,0,0,0,0,0,0,0,0.004353025123303813,0,0,0,0,0,0,0,0,0,0,0,0,0.003280768889759095,0,0,0,0,0,0,0,0,0,0,0.004160758308962197,0,0,0,0,0,0,0,0,0,0,0,0,0,0,0,0,0,0,0,0,0,0,0,0,0,0,0,0,0,0,0,0,0,0,0,0,0,0,0,0,0,0,0,0,0,0,0,0,0,0,0,0,0,0.004631634234282485,0,0,0,0.004545807059962159,0,0,0,0,0,0,0,0.005668188350121728,0,0,0,0,0,0,0,0,0,0,0,0,0,0,0,0,0,0,0,0.005463028767911242,0,0.003789151675425353,0,0,0.003786005122074873,0,0,0,0,0,0,0,0,0,0.004907364960467649,0,0,0,0,0,0,0,0,0,0,0,0,0,0,0,0,0,0,0,0.005681720442549174,0,0,0,0,0,0,0,0,0,0,0,0,0,0,0,0,0.003266929083635593,0,0,0,0,0,0,0,0,0,0,0,0,0,0,0,0,0,0,0,0,0,0,0,0,0,0,0,0,0,0,0,0,0,0,0,0,0,0,0,0,0,0,0,0,0,0,0,0,0,0,0,0,0,0,0,0,0,0,0,0,0,0,0,0,0,0,0,0,0,0,0,0,0,0,0,0,0,0,0.003673072457184037,0,0.003173190258306168,0,0,0,0,0,0,0.004708160796360009,0,0,0,0,0,0,0,0,0,0,0,0,0,0,0,0,0,0,0,0,0,0.00434202316281145,0,0,0,0,0,0,0,0,0,0,0,0,0,0,0,0,0,0,0,0,0,0,0,0,0,0,0,0,0,0,0,0,0,0,0,0
0,0,0,0,0,0,0,0,0.006116468258560915,0,0,0,0,0,0,0,0,0,0,0,0,0,0,0,0,0,0,0,0,0,0,0,0,0,0,0,0,0,0,0,0,0,0,0,0,0,0,0,0,0,0,0,0,0,0,0,0,0,0,0,0,0,0,0,0,0,0,0,0,0,0,0,0,0,0,0,0,0,0,0,0,0,0,0,0,0,0,0,0,0,0,0,0,0,0,0,0,0,0,0,0.00503123283619149,0,0,0,0,0,0,0,0,0,0,0,0,0,0,0,0,0,0,0,0,0,0,0,0,0,0,0,0,0,0,0,0,0,0,0,0,0,0,0,0,0,0,0,0.004656219129273822,0,0,0,0.004281348032596237,0,0,0,0,0,0,0,0,0,0,0,0,0.004947041927201678,0,0,0,0,0,0,0,0,0,0,0.004559290582448295,0,0,0,0,0,0,0,0,0,0,0,0,0,0.004494150513867273,0,0,0.006762222922758093,0,0,0,0,0.004867964175552788,0,0,0,0,0,0,0,0,0,0,0,0,0,0,0,0,0,0,0,0,0,0,0,0.003912948042083348,0,0.003786005122074873,0,0.0067537985180515,0,0.006672929708330619,0,0,0,0,0,0,0,0,0,0,0,0.006073091206885017,0,0,0,0,0,0,0,0.00554564192342675,0,0,0,0,0,0,0,0,0,0,0,0,0,0,0,0,0,0,0,0,0,0,0,0,0,0,0,0,0,0,0,0,0,0,0,0,0,0,0,0,0,0,0,0,0,0,0,0,0,0,0,0,0,0,0,0,0,0,0,0,0,0,0,0,0,0,0,0,0,0,0,0,0,0,0,0,0,0,0,0,0,0,0,0,0,0,0,0,0,0,0,0,0,0,0,0,0,0,0,0,0.005031248821319265,0.006300943525735465,0,0,0,0.005812202509494109,0,0,0,0.005606047088299903,0,0,0.008216128400846566,0,0,0,0,0,0.007863054849249297,0,0,0.008217595486456605,0,0,0,0,0,0,0,0,0,0,0,0,0,0,0,0,0,0,0,0,0,0,0,0,0,0,0,0,0,0,0,0,0,0,0,0,0,0,0,0,0,0,0,0,0,0,0,0
0,0,0,0,0,0,0,0,0.006354170202400025,0,0,0,0,0,0,0,0,0,0,0,0,0,0,0,0,0,0,0,0,0,0,0,0,0,0,0,0,0,0,0,0,0,0,0,0,0,0,0,0,0,0,0,0,0,0,0,0,0,0,0,0,0,0,0,0.004035791661996422,0,0,0,0,0,0,0,0,0,0,0,0,0,0,0,0,0,0,0,0,0,0,0,0,0,0,0,0,0,0,0,0,0,0,0,0,0,0,0,0,0,0,0,0,0,0,0.004554645940344413,0,0,0,0,0,0,0,0,0,0,0,0.004562671288966433,0,0,0,0,0,0,0,0,0,0,0,0,0,0,0.004532005315629537,0,0,0,0,0,0.005610186389273636,0,0,0,0.004501650144138778,0,0,0,0,0,0,0,0,0,0,0,0,0.004191292623726797,0,0,0,0,0,0,0,0,0,0,0.005056407011546894,0.004464429327916773,0,0,0,0,0,0,0,0,0,0,0,0,0.005536850700411855,0,0,0.005919486124195241,0,0,0,0,0.005907566681454425,0,0,0,0,0,0,0,0,0,0,0,0,0,0,0,0,0,0,0,0,0.004098224217548987,0,0,0,0,0,0.0067537985180515,0,0,0.009176099405694553,0,0,0,0,0,0,0,0,0,0,0,0.006323020723145943,0,0,0,0,0,0.004941365631169689,0,0.006191683707422249,0.004047725713916456,0,0.004055051648833534,0,0,0,0,0,0,0,0,0,0,0,0,0,0,0,0,0,0,0,0,0,0,0,0,0,0,0,0,0,0,0,0,0,0,0,0,0,0,0,0,0,0,0,0,0,0,0,0,0,0,0,0,0,0,0,0,0,0,0,0,0,0,0,0,0,0,0,0,0,0,0,0,0,0,0,0,0,0,0,0,0,0,0,0,0,0,0,0,0,0,0,0,0,0,0,0,0,0.006107135239860602,0.005421446378204665,0,0,0,0.00629269184264357,0,0,0,0,0,0,0.006214022697624802,0,0,0,0,0,0.00522079673886136,0,0,0.006211535088818877,0,0,0,0,0,0,0,0,0,0,0,0,0,0,0,0,0,0,0,0,0,0,0,0,0,0,0,0,0,0,0,0,0,0,0,0,0,0,0,0,0,0,0,0,0,0.004777582120290431,0,0
0,0,0,0,0,0,0,0,0,0,0,0,0,0,0,0,0,0,0,0,0,0,0,0,0,0,0,0,0.005723253819480942,0,0,0,0,0,0,0,0,0,0,0,0,0,0,0,0,0,0,0,0,0,0,0,0,0,0,0,0,0,0,0,0,0,0,0,0,0,0,0,0,0,0,0,0,0,0,0,0,0,0,0,0,0,0,0,0,0,0,0,0.003890877522253024,0,0,0,0,0,0,0,0,0,0,0,0,0,0,0,0,0,0,0,0,0,0,0,0,0,0,0,0,0,0,0,0,0,0,0.004028009883817951,0,0.004591688753112944,0,0,0,0,0,0,0,0,0,0.005084646594662515,0.004138079702503943,0,0,0,0,0,0,0,0,0,0,0.004739827619426389,0,0,0,0,0,0,0,0,0,0,0,0,0,0,0,0,0,0,0,0,0,0,0,0,0,0,0.004053954034257972,0,0,0,0,0,0,0,0,0,0,0,0,0,0,0,0,0.004827816717893862,0,0,0,0.004773549838255007,0.004495679415529899,0,0,0.005709197203699454,0,0,0,0,0,0,0,0,0,0.006356855518260183,0.006302370795826097,0.006268255734436269,0.008205698639502657,0.006048334501825282,0,0,0.007107290225747431,0,0,0,0,0,0,0,0,0,0,0,0.004832973997819354,0,0,0,0,0,0,0.00462345350391989,0,0,0,0,0,0,0,0,0,0,0,0,0,0,0,0,0,0.004789256488010304,0.004614342577496774,0.004608679344127781,0,0,0,0,0,0,0,0,0,0,0,0,0,0,0,0,0,0,0,0,0,0,0,0,0,0,0,0,0,0,0,0,0,0,0,0,0,0,0,0,0,0,0,0,0,0,0,0,0,0,0,0,0,0,0,0,0,0,0,0,0,0,0,0,0,0,0,0,0,0,0,0,0,0,0,0,0,0,0,0,0,0,0.004505169761926687,0,0.004503108087669855,0.004345874703264806,0,0,0,0,0,0,0,0,0,0,0,0,0,0,0.004965775627055658,0,0,0,0,0,0,0,0,0,0,0,0,0,0,0,0,0,0,0.004773802260967961,0,0,0,0,0,0,0,0,0,0,0,0,0,0,0,0,0,0,0,0,0,0,0,0,0,0,0,0,0,0,0,0,0,0,0,0,0.004278764791255887,0,0
0,0,0,0,0,0,0,0,0.006351611977048015,0,0,0,0,0,0,0,0,0,0,0,0,0,0,0,0,0,0,0,0,0,0,0,0,0,0,0,0,0,0,0,0,0,0,0,0,0,0,0,0,0,0,0,0,0,0,0,0,0,0,0,0,0,0,0,0.004043488994318003,0,0,0,0,0,0,0,0,0,0,0,0,0,0,0,0,0,0,0,0.00401069671361224,0,0,0,0,0,0,0,0,0,0,0,0,0,0,0,0,0,0,0,0,0,0,0,0,0,0,0.004553677602705542,0,0,0,0,0,0,0,0,0,0,0,0.004870090952857591,0,0,0,0,0,0,0,0,0,0,0,0,0,0,0,0,0,0,0,0,0.005043619402284767,0,0,0,0.004020940119339069,0,0,0,0,0,0,0,0,0,0,0,0,0.004058638188227397,0,0,0,0,0,0,0,0,0,0,0.00506217895403511,0,0,0,0,0,0,0,0,0,0,0,0,0,0.005254838414225358,0,0,0.005938157567716902,0,0,0,0,0.00571665704591461,0,0,0,0,0,0,0,0,0,0,0,0,0,0,0,0,0,0,0,0,0.004093850547163704,0,0,0,0,0,0.006672929708330619,0.009176099405694553,0,0,0,0,0,0,0,0,0,0,0,0,0,0.006440736610551695,0,0,0,0,0,0.004622321327743797,0,0.005912429674985635,0.004046402997465454,0.004035749546747059,0.004054613582099844,0,0,0,0,0,0,0,0,0,0,0,0,0,0,0,0,0,0,0,0,0,0,0,0,0,0,0,0,0,0,0,0,0,0,0,0,0,0,0,0,0,0,0,0,0,0,0,0,0,0,0,0,0,0,0,0,0,0,0,0,0,0,0,0,0,0,0,0,0,0,0,0,0,0,0,0,0,0,0,0,0,0,0,0,0,0,0,0,0,0,0,0,0,0,0,0,0,0.006198349411984281,0.004988379443792103,0,0,0,0.006319289583661572,0,0,0,0,0,0,0.006222424026391537,0,0,0,0,0,0.00468774049794401,0,0,0.006219617526836375,0,0,0,0,0,0,0,0,0,0,0,0,0,0,0,0,0,0,0,0,0,0,0,0,0,0,0,0,0,0,0,0,0,0,0,0,0,0,0,0,0,0,0,0,0,0.005012436055926717,0,0
0,0,0,0,0,0,0,0,0,0,0,0,0,0,0,0,0,0,0,0,0,0,0,0,0,0,0,0,0,0,0,0,0,0,0,0,0,0,0,0,0,0,0,0,0,0,0,0,0,0,0,0,0,0,0,0,0,0,0,0,0,0,0,0.002365464917616353,0,0,0,0,0,0,0,0,0,0,0,0,0,0,0,0,0,0,0,0,0,0,0,0,0,0,0,0,0,0,0,0,0,0,0,0,0,0,0,0,0,0,0,0,0,0,0,0,0,0,0,0,0,0,0,0,0,0,0,0,0,0,0,0,0,0,0,0,0,0,0,0,0,0,0,0,0,0,0,0,0,0,0,0,0,0,0,0,0,0.005944766464001742,0,0.005938721846210979,0,0,0,0,0,0,0.006385665233171496,0.005631741072751866,0,0,0,0,0,0,0,0,0,0,0,0,0,0,0,0,0,0,0,0,0,0,0,0,0,0,0,0,0,0,0,0,0,0,0,0,0,0,0,0,0,0,0,0,0,0,0,0,0,0,0,0,0,0,0,0,0,0,0,0,0,0,0,0,0,0,0,0,0,0,0,0,0,0,0,0,0,0,0,0,0,0,0,0,0,0,0,0,0,0,0,0,0,0,0.003680431340567633,0,0,0,0,0,0,0,0,0,0,0,0,0,0.005379629437558223,0,0,0,0,0,0,0,0,0,0,0,0,0,0,0,0,0,0,0,0,0,0,0,0,0,0,0,0,0,0,0,0,0,0,0,0,0,0,0,0,0.005273123966294558,0.0052755309292733,0.005059268704564589,0.005059268704564589,0.005136275068634456,0.004997878728185466,0.004993795959087093,0.004999855838153534,0.005157810851120963,0.004993935413853152,0.005201723462598878,0,0,0,0,0,0,0,0,0,0,0,0,0,0,0,0,0,0,0,0,0,0,0,0,0,0,0,0,0,0.002083509439063375,0,0,0,0,0,0,0,0,0,0,0,0,0,0,0,0,0,0,0,0,0,0,0,0,0,0,0,0,0,0,0,0,0,0,0,0,0,0,0,0,0,0,0,0,0,0,0,0,0,0,0,0,0,0,0,0,0,0,0,0,0
0,0,0,0,0,0,0,0,0,0,0,0.005535474124239327,0,0,0,0,0,0,0.004230566612336666,0,0,0,0,0,0.0044592657198411,0,0.005053364158006345,0.005705484734253497,0,0,0.005230856430183901,0,0,0.005890706046516472,0,0,0,0,0,0,0,0,0,0.004873920994343629,0,0,0.004814631510546838,0,0,0,0,0,0,0,0,0,0,0,0,0,0,0,0.005539902734666372,0,0,0.005616576934130117,0,0,0,0,0,0.004094651761243145,0.004984016373568411,0.003641769773180873,0.003966805825801066,0,0.003564519116557529,0,0,0,0,0.003450655542025144,0,0,0,0,0,0,0,0,0,0,0,0,0,0,0,0.004932844680792993,0,0,0,0,0,0,0,0,0,0.006669028289377257,0.005706629507119809,0,0,0,0,0,0.004688122545965293,0,0,0,0,0,0,0,0,0,0,0,0,0,0,0,0,0.005325536580210562,0,0,0,0,0,0,0,0,0,0.006658165868045709,0,0,0,0,0,0,0,0,0,0,0,0,0,0,0,0,0,0,0,0,0,0,0,0,0,0,0,0,0,0,0,0,0,0,0,0,0,0,0,0,0,0,0,0,0,0,0,0,0,0,0,0,0,0,0,0,0,0,0,0,0.004156839053021489,0,0.00430289059343688,0,0,0,0,0,0,0,0,0,0,0,0,0,0,0,0,0,0,0,0,0,0,0.006474162486930508,0,0,0,0,0,0,0,0,0,0,0,0,0,0,0,0,0,0,0,0,0,0,0,0,0,0,0,0,0,0,0,0,0,0,0,0,0,0,0,0,0,0,0,0,0,0,0,0,0,0,0,0,0,0,0,0,0,0,0,0,0,0,0,0,0,0,0,0,0,0,0,0,0,0,0,0,0,0,0,0,0,0,0,0,0,0,0,0,0,0,0,0,0,0,0,0,0,0,0,0,0,0,0,0,0,0,0,0,0,0,0,0,0,0,0,0,0,0,0,0,0,0,0,0,0,0,0,0,0,0,0,0,0,0,0,0,0,0,0,0,0,0,0,0,0,0,0,0,0,0,0,0.004800763984552614,0,0,0,0,0,0,0,0,0,0.003959412427167764,0,0,0,0,0,0,0,0,0,0,0,0,0,0,0,0,0,0,0,0,0,0,0,0,0
0,0,0,0,0,0,0,0,0,0,0,0.00484983273519618,0,0,0,0,0,0,0,0,0,0,0,0,0,0,0.003784890038203673,0.005068565990428528,0,0,0.005529065217873962,0,0,0.004484951622298924,0,0,0,0,0,0,0,0,0,0.004145382360908516,0,0,0.004630051974088634,0,0,0,0,0,0,0,0,0,0,0,0,0,0,0.003949137591376853,0.004248562856954741,0,0,0.004687063256504257,0,0,0,0,0,0.004813943812764947,0.004400074895272707,0,0.003774591284003703,0,0,0,0,0,0,0,0,0,0,0,0,0,0,0,0,0,0,0,0,0,0,0.004681746521431735,0,0,0,0,0,0,0,0,0,0.005864459901400635,0.006064658907040492,0,0,0,0,0,0.005375768689836233,0,0,0,0,0,0,0,0,0,0,0,0,0,0,0,0,0.004922479410571161,0,0,0,0,0,0,0,0,0,0.005362391124541508,0,0,0,0,0,0,0,0,0,0,0,0,0,0,0,0,0,0,0,0,0,0,0,0,0,0,0,0,0,0,0,0,0,0,0,0,0,0,0,0,0,0,0,0,0,0,0,0,0,0,0,0,0,0,0,0,0,0,0,0,0,0,0,0,0,0,0,0,0,0,0,0,0,0,0,0,0,0,0,0,0,0,0,0,0.006474162486930508,0,0,0,0,0,0,0,0,0,0,0,0,0,0,0,0,0,0,0,0,0,0,0,0,0,0,0,0,0,0,0,0,0,0,0,0,0,0,0,0,0,0,0,0,0,0,0,0,0,0,0,0,0,0,0,0,0,0,0,0,0,0,0,0,0,0,0,0,0,0,0,0,0,0,0,0,0,0,0,0,0,0,0,0,0,0,0,0,0,0,0,0,0,0,0,0,0,0,0,0,0,0,0,0,0,0,0,0,0,0,0,0,0,0,0,0,0,0,0,0,0,0,0,0,0,0,0,0,0,0,0,0,0,0,0,0,0,0,0,0,0,0,0,0,0,0,0,0,0,0,0,0,0.006209658741922211,0,0,0,0,0,0,0,0.004674213561223934,0.005069609381338881,0.006135334141369204,0,0.004751349523781017,0,0,0,0.005002248833912879,0.005608395599734625,0,0.00430961697226463,0,0,0,0,0,0,0,0,0,0,0,0,0,0,0,0
0,0,0,0,0,0,0,0,0,0,0,0,0,0,0,0,0,0,0,0,0,0,0,0,0,0,0,0,0.004958851963179865,0,0,0,0,0,0,0,0,0,0,0,0,0,0,0,0,0,0,0,0,0,0,0,0,0,0,0,0,0,0,0,0,0,0,0,0,0,0.003946319123837202,0,0,0,0,0,0,0,0,0,0,0,0,0,0,0,0,0,0,0,0.004392677130804762,0,0.004557791105847708,0,0,0,0,0,0,0,0,0,0,0,0,0,0,0,0,0,0,0,0,0,0,0,0,0,0,0,0,0,0,0,0,0,0,0,0,0.005289301090342967,0,0,0,0,0,0,0,0,0,0.005178875613216947,0.004664584673294427,0,0,0,0,0,0,0,0,0,0,0.005446112657146372,0,0,0,0,0,0,0,0,0,0,0,0,0,0,0,0,0,0,0,0,0,0,0,0,0,0,0.005060002307862367,0,0,0,0,0,0,0.003736235685877813,0,0,0,0,0,0,0,0,0,0.004744262533434771,0,0,0,0.004873192059955837,0,0,0,0.005237487464576215,0,0,0,0,0,0,0,0,0,0.004512755996376232,0.005432719270290791,0.004811373248691036,0.005612863235358657,0.005355948688403296,0,0,0,0,0,0,0,0,0,0.004832973997819354,0,0,0,0,0,0,0,0.003931079097191557,0,0,0,0,0,0,0,0,0,0,0,0,0,0,0,0,0,0,0,0.003942245617182563,0,0.005716495989638038,0.005582915655178043,0.005577103137799837,0,0,0,0,0,0,0,0,0,0,0,0,0,0,0,0,0,0,0,0,0,0,0,0,0,0,0,0,0,0,0,0,0,0,0,0,0,0,0,0,0,0,0,0,0,0,0,0,0,0,0,0,0,0,0,0,0,0,0,0,0,0,0,0,0,0,0,0,0,0,0,0,0,0,0,0,0,0,0,0,0,0,0.004822703469874245,0,0.00482305937942373,0.004762529495764394,0,0,0,0,0,0,0,0,0,0,0,0,0,0,0.005093639318681411,0,0,0,0,0,0,0,0,0,0,0,0,0,0,0,0,0,0,0.004799749903046647,0,0,0,0,0,0,0,0,0,0,0,0,0,0,0,0,0,0,0,0,0,0,0,0,0,0,0,0,0,0,0,0,0,0,0,0,0,0,0
0,0,0,0,0,0,0,0,0,0.004139468706320732,0,0,0,0,0,0.006299632125154386,0,0,0,0,0,0,0,0,0,0,0,0,0,0,0,0,0,0,0,0,0,0,0,0,0,0,0,0,0,0,0,0,0,0,0.004707300700580303,0.004209421752181534,0.005208501052635872,0.003159944292670767,0,0,0,0,0,0,0,0,0,0,0,0,0,0,0,0,0,0,0,0,0,0,0,0,0,0,0,0,0,0,0,0,0,0,0,0,0,0,0,0,0,0,0,0,0,0,0,0,0,0,0,0,0,0,0,0.003662168692403349,0,0,0,0,0,0,0,0,0,0,0,0,0,0,0,0,0.003498895840516022,0,0.003730128926115624,0,0,0,0,0,0,0,0,0,0,0,0,0,0,0,0,0,0,0,0,0,0,0,0,0,0,0,0,0,0,0,0,0,0,0,0,0,0,0,0,0,0,0,0,0,0,0,0,0,0,0,0,0,0,0,0,0,0,0,0,0,0,0,0,0.003918456993534432,0,0,0,0.003278743270706843,0.004314867598541789,0,0,0,0,0,0,0,0,0,0,0,0,0,0,0,0.003460721519306904,0,0,0,0,0,0,0,0,0,0,0,0,0,0,0,0,0,0,0,0,0,0,0,0,0,0,0,0,0,0,0,0,0,0,0,0,0,0,0,0,0,0,0,0,0,0,0,0,0,0,0,0,0,0,0,0.003778003522062875,0.004201196185837796,0,0,0,0,0,0,0,0,0,0,0,0,0,0,0,0,0,0,0,0,0,0,0,0,0,0,0,0,0,0,0,0,0,0,0,0,0,0,0,0,0,0,0,0,0,0,0,0,0,0,0,0,0,0,0,0,0,0,0,0,0,0,0,0,0,0,0,0,0,0,0,0,0,0,0,0,0.002964079887260408,0,0,0,0.003860644530621931,0,0,0,0,0,0,0,0,0,0,0,0,0,0,0,0,0,0,0,0,0,0,0,0,0,0,0,0,0,0,0,0,0,0,0,0,0,0,0,0,0,0,0,0,0,0,0,0,0,0,0,0,0,0.003540875300353586,0,0,0,0,0,0,0,0
0.007187552044955478,0,0,0,0,0,0,0,0,0.005035731621839633,0,0,0,0,0,0,0,0,0,0,0,0,0,0,0,0,0,0,0,0,0,0,0,0,0,0,0,0,0,0,0,0,0,0,0,0,0,0,0,0,0,0,0,0,0,0,0,0,0,0,0,0,0,0,0,0,0,0,0,0,0,0,0,0,0,0,0,0,0.007736420231730721,0,0,0,0,0,0,0,0,0,0,0,0,0,0,0,0,0,0,0,0,0,0,0,0,0,0,0,0,0,0,0,0,0,0,0,0,0,0,0,0,0,0,0,0,0,0,0,0,0,0.004301956322531575,0,0,0,0.005759051887915701,0,0.005903087263163007,0,0,0,0,0,0,0,0,0,0,0,0,0,0,0,0,0,0,0,0,0,0,0,0,0,0.00651507050756938,0,0,0,0,0,0,0,0,0,0,0,0,0,0,0,0,0,0,0,0,0,0,0,0,0,0,0,0,0,0,0,0,0.006957174170348185,0,0,0,0,0,0,0,0,0,0,0,0,0,0,0,0,0,0,0,0,0,0,0,0,0.009860895786274412,0,0,0,0,0,0,0,0,0,0,0,0,0,0.008350052566807504,0,0,0,0,0,0,0,0,0,0,0,0,0,0,0,0,0,0.004409431382008489,0.003743509376118115,0,0,0,0,0,0,0,0,0,0,0,0,0,0,0,0,0,0,0,0,0,0,0,0,0,0,0,0,0,0,0,0,0,0,0,0,0,0,0,0,0,0,0,0,0,0,0,0,0,0,0,0,0,0,0,0,0,0,0,0,0,0,0,0,0,0,0,0,0,0,0,0,0,0,0,0,0,0,0,0,0,0,0,0,0,0,0,0,0,0,0,0.006387745354943512,0.007346891677423114,0,0,0,0,0,0,0,0,0,0.003831364873256458,0,0,0,0.009452105686542246,0.008114590388818572,0.009460360620283919,0,0,0,0.004007496665430372,0.003897129010474128,0,0,0,0,0,0,0,0,0,0,0,0,0.004066000704105451,0,0,0,0,0,0,0,0,0,0,0,0,0,0,0,0,0,0,0,0,0,0,0,0,0,0.004253117356964648,0.004068851962650685,0,0,0,0,0,0,0,0,0
0,0.004290336011657228,0,0,0,0,0,0,0,0,0.003676076145268498,0,0,0,0,0,0,0,0,0,0,0,0.003809542763737368,0,0,0,0,0,0,0,0,0,0,0,0,0,0,0,0,0,0,0,0,0,0,0,0,0,0,0,0,0,0,0,0,0,0,0,0,0,0.002798508004722534,0,0,0,0,0,0,0,0,0,0,0,0,0,0,0,0,0,0,0,0,0,0,0,0,0,0,0,0,0,0,0,0,0,0,0,0,0,0,0,0,0,0.003602286765934505,0,0,0,0.004664217165784446,0,0,0,0,0,0,0,0,0,0,0,0,0.003351083958247089,0,0,0,0,0,0.004093800026761723,0,0,0,0,0.004555489610008861,0,0,0,0,0,0,0,0,0,0,0,0,0,0,0,0,0,0,0,0,0,0,0,0,0,0,0,0,0,0,0,0,0,0,0,0,0,0,0,0,0,0,0,0,0.002884004079299935,0,0,0,0,0,0,0,0,0.004688168073777856,0,0,0,0.004518968943921862,0,0,0,0,0,0,0,0.004314379477816044,0,0,0,0,0,0,0,0,0,0,0,0,0,0,0,0,0,0,0,0.003748509756603815,0,0,0,0.004907364960467649,0,0,0,0,0,0,0,0.003931079097191557,0,0,0,0,0,0,0,0,0,0,0,0,0,0,0,0,0,0,0,0,0,0,0.003554591088550783,0,0,0,0,0,0,0,0,0,0,0,0,0,0,0,0,0,0,0,0,0,0,0,0,0,0,0,0,0,0,0,0,0,0,0,0,0,0,0,0,0,0,0,0,0,0,0,0,0,0,0,0,0,0,0,0,0,0,0,0,0,0,0,0,0,0,0,0,0,0,0,0,0,0,0,0,0,0,0,0,0,0,0,0,0,0,0,0,0,0,0,0,0,0,0,0.003611254140919062,0,0.003482123620688842,0,0,0,0,0,0,0,0,0,0,0,0,0,0,0,0,0,0,0,0,0,0,0,0,0,0,0,0,0,0,0.002815793452595348,0,0,0,0,0,0,0,0,0,0,0,0,0,0,0,0,0,0,0,0,0,0,0,0,0,0,0,0,0,0,0,0,0,0
0.007407588284687685,0,0,0,0,0,0,0,0,0.003143686275448854,0,0,0,0,0,0,0,0,0,0,0,0,0,0,0,0,0,0,0,0,0,0,0,0,0,0,0,0,0,0,0,0,0,0,0.003876438904186756,0,0,0,0,0,0,0,0,0,0,0,0,0,0,0,0,0,0,0,0,0,0,0,0,0,0,0,0,0,0,0.002856107793006239,0,0,0.00825589206791676,0,0,0,0,0,0,0,0,0,0,0,0,0,0,0,0,0,0,0,0,0,0,0,0,0,0,0,0,0,0,0,0,0,0,0,0,0,0,0,0,0,0,0,0,0,0,0,0,0,0.004813798419691367,0,0,0,0.006431044781569637,0,0.006092267570905334,0,0,0,0,0,0,0,0,0,0,0,0,0,0,0,0,0,0,0,0,0,0,0,0,0,0.007054782101158062,0,0,0,0,0,0,0,0,0,0,0,0,0,0,0,0,0,0,0,0,0,0,0.003383971004275671,0,0,0,0,0,0,0.003270705871454929,0,0,0.006159876685050294,0,0,0,0.003405281803153104,0,0,0,0,0,0,0,0,0,0,0,0,0,0,0,0,0,0,0,0,0.007864264050213444,0,0,0,0,0,0,0,0,0,0,0,0.008350052566807504,0,0,0,0,0,0,0,0,0,0,0,0,0,0,0,0,0,0,0,0,0,0,0,0,0,0,0,0,0,0,0,0,0,0,0,0,0,0,0,0,0,0,0,0,0,0,0,0,0,0,0,0,0,0,0,0,0,0,0,0,0,0,0,0,0,0,0,0,0,0,0,0,0,0,0,0,0,0,0,0,0,0,0,0,0,0,0,0,0,0,0,0,0,0,0,0,0,0,0,0,0,0,0,0,0,0,0,0,0,0,0,0,0.006971285652227142,0.008168880910192217,0,0,0,0.00299654381012913,0,0,0,0,0.002010537142496574,0,0,0,0,0.006753812493442831,0.005140604787499894,0.006756274110285273,0,0,0,0,0,0,0,0,0,0,0,0,0,0,0,0,0,0,0,0,0,0,0,0,0,0,0,0,0,0,0,0,0,0,0,0,0,0,0,0,0,0,0,0,0,0,0,0,0,0,0,0,0,0
0,0,0,0,0,0,0,0,0,0,0,0,0,0,0.006032560935482619,0,0,0,0,0,0,0.006068820983312543,0,0,0,0,0,0,0,0,0,0.00345381779301083,0.003398523157184414,0,0.004448568435302807,0.005753035317090785,0,0.004274594831771124,0.004995100075589566,0,0,0,0,0,0.005965591959969584,0,0,0,0,0,0,0,0,0,0.006089179983686304,0,0.004917841140860069,0.004850684004152903,0,0,0,0,0,0,0,0,0,0.00418864201473786,0.005131678940060766,0,0,0,0,0,0,0.005816797172850278,0,0,0,0,0,0,0,0.00341337164028984,0,0,0,0,0,0,0,0,0,0,0,0,0,0,0,0,0,0,0,0,0,0.005192029467734439,0,0,0,0,0,0,0,0.004973362991291195,0,0.002991552440678834,0,0,0,0,0,0,0.004231107403866449,0,0,0,0,0,0,0,0,0,0.00314681010862888,0,0,0,0,0,0,0,0.003153284309195102,0,0,0,0,0,0,0,0,0,0,0,0,0,0,0,0,0,0,0,0,0,0,0,0,0,0,0,0,0.003059224241770987,0,0,0,0,0,0,0,0,0,0,0,0,0,0,0,0,0,0,0,0,0,0,0,0,0,0,0,0,0,0,0,0,0,0,0,0,0,0,0,0,0,0,0,0,0,0,0,0,0,0,0,0,0,0,0,0,0,0,0,0,0,0,0,0,0,0,0,0,0,0,0,0,0,0,0,0,0.005404217085331142,0.003363031261570807,0,0,0,0,0.003184897035259476,0,0,0,0,0,0,0,0,0,0,0,0,0,0,0,0,0,0,0,0,0,0,0,0,0,0,0,0,0,0,0,0,0,0,0,0,0,0,0,0,0,0,0,0,0,0,0,0,0,0,0,0,0,0,0,0,0,0,0,0,0,0,0,0,0,0,0,0,0,0,0,0,0,0,0,0,0,0,0,0,0,0,0,0,0,0,0,0,0,0,0,0,0,0,0,0,0,0,0,0,0,0,0,0,0,0,0,0,0,0,0,0,0,0,0,0,0,0,0.003647074428701501,0,0,0,0,0,0,0,0,0,0,0,0,0,0,0,0,0,0,0.003370259902523931,0,0,0,0.003187058206048934,0,0,0,0,0,0,0,0,0,0,0,0,0,0,0,0,0,0,0,0
0,0,0,0,0,0,0,0,0,0,0,0,0,0,0,0,0,0,0,0,0,0,0,0,0,0,0,0,0,0,0,0,0,0,0,0,0,0,0,0,0,0,0,0,0,0,0,0,0,0,0,0,0,0,0,0,0,0,0,0,0,0,0,0,0,0,0,0,0,0.005062110051290042,0.006570146487919972,0,0,0,0,0,0,0,0,0.002668534584332393,0,0,0,0,0,0.007279289941050655,0,0,0,0,0,0,0,0,0,0,0,0,0,0,0.01018740175964175,0,0,0,0,0,0,0,0,0,0,0,0,0,0,0,0,0,0,0,0,0,0,0,0,0,0,0,0,0,0,0,0,0,0,0,0,0,0.005356641739957636,0.003849152007990392,0,0,0.004201773309748259,0.005641868553509129,0.004020916113022049,0,0,0,0.00533780027500407,0,0,0,0,0,0,0,0,0,0,0,0,0,0,0.002507839927962717,0,0,0,0,0,0,0,0.00334992460629333,0.005851339789939849,0.00504471438439676,0,0,0,0,0,0,0,0,0,0,0,0,0.004207607663773047,0,0,0,0,0,0,0,0.002647292044966326,0,0,0,0,0,0,0,0,0,0,0,0,0,0,0,0,0,0,0,0,0,0,0,0,0,0,0,0,0,0,0,0,0,0,0,0,0,0,0,0,0,0,0,0,0,0,0,0.00517088922399285,0.00569136959019126,0.003135729297249379,0,0,0,0,0,0,0,0,0,0,0,0,0,0,0,0,0,0,0,0,0,0,0,0,0,0,0,0,0,0,0,0,0,0,0,0,0,0,0,0,0,0,0,0,0,0,0,0,0,0,0,0,0,0,0,0,0,0,0,0,0,0,0,0,0,0,0,0,0,0,0,0,0,0,0,0,0,0,0,0,0,0,0,0,0,0,0,0,0,0,0,0,0,0,0,0,0,0,0,0,0.003482435708767244,0,0,0,0,0.003009034205376975,0,0,0,0,0,0,0,0,0,0,0,0,0,0,0,0,0,0,0,0,0,0.003250254286361047,0,0,0,0,0,0,0,0,0,0,0,0,0,0,0,0,0,0,0,0.003121723570513298,0,0,0.002932745783095264,0,0,0,0,0,0,0,0,0,0,0,0,0,0,0,0,0,0,0
0,0,0,0,0,0,0,0,0,0,0,0,0,0,0,0,0,0,0,0,0,0,0,0,0,0,0,0,0.004379739225765668,0,0,0,0,0,0,0,0,0,0,0,0,0,0,0,0,0,0,0,0,0,0,0,0,0,0,0,0,0,0,0,0,0,0,0,0,0,0,0,0,0,0,0,0,0,0,0,0,0,0,0,0.004244224119402138,0,0,0,0,0,0,0,0,0,0,0,0,0,0,0,0,0,0,0,0,0,0,0,0,0,0,0,0,0,0,0,0,0,0,0,0,0,0,0,0,0,0,0,0,0.004946864430657652,0,0,0,0,0,0,0,0,0,0.005236505027221373,0,0,0,0,0,0,0,0,0,0,0,0,0,0,0,0,0,0,0,0,0,0,0,0,0,0,0,0,0,0,0,0,0,0,0,0,0,0,0.00443815064270716,0,0,0,0,0,0,0,0,0,0,0,0,0,0.004989002811145936,0,0,0.004380146476808709,0,0,0,0,0,0,0,0.005030789376657916,0,0,0,0,0,0,0,0,0,0.00615942732688857,0.004232031401163494,0.005895948430453813,0.004462666736301487,0,0,0,0,0,0,0,0,0,0,0.00462345350391989,0,0,0,0,0,0,0,0,0,0,0,0,0,0.004454138355475593,0.004478856624773153,0.004673912016583455,0,0.004679006476115825,0,0.004372103319476674,0,0,0,0,0,0,0,0,0,0,0,0,0,0,0,0,0,0,0,0,0,0,0,0,0.005350880961464925,0,0,0,0.004640326804031177,0,0,0,0,0,0,0,0,0,0,0,0,0,0,0,0,0,0,0,0,0,0,0,0,0,0,0,0,0,0,0,0,0,0,0,0,0,0,0,0,0,0,0,0,0,0,0,0,0,0,0,0,0,0,0,0,0,0,0,0,0,0,0,0,0,0,0,0,0,0,0,0,0,0,0.004259080991556275,0,0,0,0,0,0,0,0,0.004237538053528131,0,0,0,0,0,0,0,0,0,0,0,0,0,0,0,0,0,0,0,0,0,0,0,0,0,0,0,0,0,0,0,0,0,0,0,0,0,0,0,0,0,0,0,0,0,0.004365151707271508,0,0,0,0,0,0,0,0,0.004501560116523667,0,0.005171398521656847,0
0,0,0,0,0,0,0,0,0.006684560054674028,0,0,0,0,0,0,0,0,0,0,0,0,0,0,0,0,0,0,0,0,0,0,0,0,0,0,0,0,0,0,0,0,0,0,0,0,0,0,0,0,0,0,0,0,0,0,0,0,0,0,0,0,0,0,0,0,0,0,0,0,0,0,0,0,0,0,0,0,0,0,0,0,0,0.003785000491988688,0,0,0,0,0,0,0,0,0,0,0,0,0,0,0,0,0,0,0,0,0,0,0,0,0,0,0,0,0,0,0,0,0,0,0,0,0,0,0,0,0,0,0,0,0,0,0,0,0,0,0,0,0,0,0,0.007729639170851592,0,0,0,0,0,0.005380655560261072,0,0,0,0.004716146760249633,0,0,0,0,0,0,0,0,0,0,0,0,0.00448460037055434,0,0,0,0,0.004722972337612961,0,0,0,0,0,0.00514247239875845,0.007347170963477805,0,0,0,0,0,0,0,0,0,0,0,0,0.005576883850507477,0,0,0.006275967598837707,0,0,0,0,0.005852388653055907,0,0,0,0,0,0,0,0,0,0,0,0,0,0,0,0,0,0,0,0,0,0,0,0,0,0,0.006073091206885017,0.006323020723145943,0,0.006440736610551695,0,0,0,0,0,0,0,0,0,0,0,0,0.004683843928926157,0.003792481644609011,0,0,0,0.008005154993596993,0.00658440018151347,0.006750301311964138,0,0,0,0,0,0,0,0,0,0,0,0,0,0,0,0,0,0,0,0,0,0,0,0,0,0,0,0,0,0,0,0,0,0,0,0,0,0,0,0,0,0,0,0,0,0,0,0,0,0,0,0,0,0,0,0,0,0,0,0,0,0,0,0,0,0,0,0,0,0,0,0,0,0,0,0,0,0,0,0,0,0,0,0,0,0,0,0,0,0,0,0,0,0,0,0,0,0,0,0,0.006411543255468255,0.006530630625922358,0,0,0,0.007812611790347984,0,0,0,0,0,0,0.006619054504886052,0,0,0,0,0,0.005423192740107505,0,0,0.006615579891584687,0,0,0,0,0,0,0,0,0,0,0,0,0,0,0,0,0,0,0,0,0,0,0,0,0,0,0,0,0,0,0,0,0,0,0,0,0,0,0,0,0,0,0,0,0,0,0.004021906580505706,0
0,0,0,0,0,0,0,0,0,0,0,0,0,0,0,0,0,0,0,0,0,0,0,0,0,0,0,0,0,0,0,0,0,0,0,0,0,0,0,0,0,0,0,0,0,0,0,0,0,0,0.004189391231725695,0,0,0,0,0,0,0,0,0,0,0,0,0,0,0,0,0,0,0,0,0,0,0,0,0,0,0,0,0,0.00429590219495559,0,0,0,0,0,0,0,0,0,0,0,0,0,0,0,0,0,0,0.003785034774926184,0,0,0,0,0,0,0,0,0,0,0,0,0,0,0,0,0,0,0,0,0,0,0,0,0,0,0,0,0,0,0,0,0,0,0,0,0,0,0.00456848957369889,0,0,0,0,0,0,0,0,0,0,0.004302790268467239,0,0,0,0,0,0,0,0,0,0,0,0,0,0,0,0,0.003805352338803534,0,0,0,0,0,0,0.004086390444900193,0,0,0,0,0,0,0,0,0,0,0,0,0,0,0,0,0,0,0,0,0,0,0,0,0,0,0,0,0,0,0,0,0,0,0,0,0,0,0,0,0,0,0,0,0,0,0,0,0,0,0,0,0,0,0,0,0,0,0,0,0,0.004454138355475593,0.004683843928926157,0,0.004560364392332301,0.006353228354829928,0.003788170907277351,0.006078903864339502,0.004754274828611713,0.004537358826658471,0,0,0,0,0,0,0,0,0,0,0,0,0,0,0,0,0,0,0,0,0,0,0,0,0.004453982569768068,0,0,0,0.004416508417446566,0,0,0,0,0,0,0,0,0,0,0,0,0,0,0,0,0,0,0,0,0,0,0,0,0,0,0,0,0,0,0,0,0,0,0,0,0,0,0,0,0,0,0,0,0,0,0,0,0,0,0,0,0,0,0,0,0,0,0,0,0,0,0,0,0,0,0,0,0,0,0,0,0,0.002889297744143631,0,0,0,0,0,0,0,0.003676628685363617,0,0,0,0,0,0,0,0,0,0,0,0,0,0,0,0,0,0,0,0,0,0,0,0,0,0,0,0,0,0,0,0,0,0.002937054937330809,0,0,0,0,0,0,0,0,0,0,0,0,0,0.004382254590608658,0,0,0,0,0,0,0,0,0.004504500257624767,0,0.004657899674525887,0
0,0,0,0,0,0,0,0,0,0.003964367885233248,0,0,0,0,0,0,0,0,0,0,0,0,0,0,0,0,0,0,0,0,0,0,0,0,0,0,0,0,0,0,0,0,0,0,0,0,0,0,0,0,0.005935426063949234,0.005394161717487536,0,0,0,0,0,0,0,0,0,0,0,0,0,0,0,0,0,0,0,0,0,0,0,0,0,0,0,0,0.004944895622438545,0,0,0,0,0,0,0,0,0,0,0,0,0,0,0,0,0,0,0,0,0,0,0,0,0,0,0,0,0,0,0,0,0,0,0,0,0,0,0,0,0,0,0,0,0,0,0,0,0,0,0,0,0,0,0,0,0,0,0,0,0,0,0,0,0,0,0,0,0.004492797189667021,0,0,0,0,0,0,0,0,0,0,0,0,0,0,0,0,0,0,0,0,0,0,0,0,0,0,0,0,0,0,0,0,0,0,0,0,0,0,0,0,0,0,0,0.004163668861102282,0,0,0,0.00453348874187051,0,0,0,0,0,0,0,0,0,0,0,0,0,0,0,0,0,0,0,0,0,0,0,0,0,0,0,0,0,0,0,0,0,0,0,0,0,0.004478856624773153,0.003792481644609011,0.004560364392332301,0,0.005164309702017761,0,0.004796966230387943,0,0.004716555969772693,0,0,0,0,0,0,0,0,0,0,0,0,0,0,0,0,0,0,0,0,0,0,0,0,0.004897247536140558,0.005124644993988415,0.004299416240148181,0,0.004779316085437534,0,0,0,0,0,0,0,0,0,0,0,0,0,0,0,0,0,0,0,0,0,0,0,0,0,0,0,0,0,0,0,0,0,0,0,0,0,0,0,0,0,0,0,0,0,0,0,0,0,0,0,0,0,0,0,0,0,0,0,0,0,0,0,0,0,0,0,0,0,0,0.004377784101626761,0,0,0,0.003622264449436654,0.004152889224962529,0,0,0,0,0,0,0,0,0,0.004139747298367769,0.004421215712862081,0.004140863705139335,0,0,0,0,0,0,0,0,0,0,0,0,0,0,0,0,0,0,0,0,0,0,0,0,0,0,0,0,0,0,0,0,0,0,0,0,0,0,0,0,0,0.005430194924200807,0,0,0,0,0,0,0,0,0.005892521533336944,0,0.005710722010863376,0
0,0,0,0,0,0,0,0,0,0,0,0,0,0,0,0,0,0,0,0,0,0,0,0,0,0,0,0,0,0,0,0,0,0,0,0,0,0,0,0,0,0,0,0,0,0,0,0,0.0038393008929586,0,0.00421621295351079,0.004209873213124824,0,0.003809011443110597,0,0.004490963101697983,0,0,0,0,0,0,0,0,0,0,0,0,0,0,0,0,0,0,0,0,0,0,0,0,0.005393084359367734,0,0,0,0,0,0,0,0,0,0,0,0,0,0,0,0,0,0,0,0,0,0,0,0,0,0,0,0,0,0,0,0,0,0,0,0,0,0,0,0,0,0,0,0,0,0,0,0,0,0,0,0,0,0,0,0,0,0,0,0,0,0,0,0,0,0,0,0,0,0,0,0,0,0,0,0,0,0,0,0,0,0,0,0,0,0.004385713896180676,0,0,0,0,0,0,0,0,0,0,0,0,0,0,0,0,0,0,0,0,0,0,0,0,0,0,0,0,0,0,0,0,0,0,0,0,0,0,0,0,0,0,0,0,0,0,0,0,0.00369517464814063,0,0,0,0,0,0,0,0,0,0,0,0,0,0,0,0,0,0,0,0.004673912016583455,0,0.006353228354829928,0.005164309702017761,0,0.006008180536860946,0.008424922679232349,0,0.004484251808211877,0,0.00466480113057596,0,0.004052215941848944,0,0,0.00386312424670041,0,0,0,0,0,0,0,0,0,0,0,0,0,0,0,0,0,0.004766643509385529,0,0,0,0.004394090133346787,0,0,0,0,0,0,0,0,0,0,0,0,0,0,0,0,0,0,0,0,0,0,0,0,0,0,0,0,0,0,0,0,0,0,0,0,0,0,0,0,0,0,0,0,0,0,0,0,0,0,0,0,0,0,0,0,0,0,0,0,0,0,0,0,0,0,0,0,0,0,0,0,0,0,0.00385189135239036,0,0,0,0,0,0,0,0,0,0,0,0,0,0,0,0,0,0,0,0,0,0,0,0,0,0,0,0,0,0,0,0,0,0,0,0,0,0,0,0,0,0,0,0,0,0,0,0,0,0,0,0,0,0,0.004400926781927423,0,0,0,0,0,0,0,0,0.004741044623827493,0,0.004845835947614343,0
0,0,0.00353398165968466,0,0.004287390991031923,0,0,0,0,0,0,0,0,0,0,0,0,0,0,0.004660579246512303,0,0,0,0,0.004575516233672468,0,0,0,0,0,0,0,0,0,0,0,0,0,0.003593771437227007,0,0,0,0,0,0,0,0,0,0.004833614096471888,0,0,0,0,0,0,0,0,0,0,0,0,0,0,0,0,0,0,0,0.003579899442492146,0,0,0,0,0,0,0,0,0,0,0,0,0,0,0,0.00333900220648087,0,0,0,0,0,0,0,0,0,0,0,0,0,0,0,0,0,0,0,0,0,0,0,0,0,0,0,0,0,0,0,0,0,0,0,0,0,0,0,0,0,0,0,0,0,0,0,0,0,0,0,0,0.004208148900546629,0,0,0,0,0,0,0,0,0,0,0,0,0,0,0,0,0,0,0,0,0,0,0,0,0,0,0,0,0,0.004667648957845666,0,0,0,0,0,0,0,0,0,0,0,0,0,0,0,0,0,0,0,0,0,0,0,0,0,0,0,0,0,0,0,0,0,0,0,0,0,0,0,0,0,0,0,0,0,0.004377340161003081,0,0.004698337207390411,0,0.003780557958996377,0,0,0,0,0,0,0,0,0,0,0,0,0,0,0,0,0,0,0,0.003788170907277351,0,0.006008180536860946,0,0.006219379476065376,0,0,0,0.004411552746738982,0,0.00348764405492567,0,0,0.004211883036844227,0,0,0.004335605298300078,0.004324530871435406,0.00432418223786303,0,0,0,0,0,0.004435160906872191,0.004352511209869667,0.004253985931964026,0.004536015203147975,0,0,0,0,0,0,0,0,0,0,0,0,0,0,0,0,0,0,0,0,0,0,0,0,0,0,0,0,0,0,0,0,0,0,0,0,0,0,0,0,0,0,0,0,0,0,0,0,0,0,0,0,0,0,0,0,0,0,0,0,0,0,0,0,0,0,0,0,0,0,0,0,0,0,0,0,0,0,0,0,0,0,0,0,0,0,0,0,0,0,0,0,0,0,0,0,0,0,0,0,0,0,0,0,0,0,0,0,0,0,0,0,0,0,0,0,0,0,0,0,0,0,0,0,0,0,0,0,0,0,0,0,0,0,0.003443669535342073,0,0,0,0,0,0,0,0,0,0,0,0,0,0,0
0,0,0,0,0,0,0,0,0,0,0,0,0,0.005674449720224572,0,0,0,0,0,0,0,0,0,0,0,0,0,0,0,0,0,0,0,0,0,0,0,0,0,0,0,0,0,0,0,0,0,0,0.004851705595831425,0,0.004236421386178373,0.004228939499199011,0,0.004332049317644459,0,0.004513434700080511,0,0,0,0,0,0,0,0,0,0,0,0,0,0,0,0,0,0,0,0,0,0,0,0,0.005502033402534899,0,0,0,0,0,0,0,0,0,0,0,0,0,0,0,0,0,0,0,0,0,0,0,0,0,0,0,0,0,0,0,0,0,0,0,0,0,0,0,0,0,0,0,0,0,0,0,0,0,0,0,0,0,0,0,0,0.004679062183373965,0,0,0,0,0,0,0,0,0,0,0,0.004290078519320643,0,0,0,0,0,0,0,0,0,0,0,0,0,0,0,0,0.004899557779643641,0.005087688637020323,0,0,0,0,0,0,0,0,0,0,0,0,0,0,0,0,0,0,0,0,0,0,0,0,0,0,0,0,0,0,0,0,0,0,0,0,0,0,0,0,0,0,0,0,0,0,0,0.005281593232427602,0,0,0,0,0,0,0,0,0,0,0,0,0,0,0,0,0,0,0,0.004679006476115825,0,0.006078903864339502,0.004796966230387943,0.008424922679232349,0.006219379476065376,0,0.0044888680004793,0.004489746156624003,0,0.004249678688612444,0,0,0,0,0.004156779667979443,0,0,0,0,0,0,0,0,0,0,0,0,0,0,0,0,0,0.005529033580670453,0.004470747616459325,0,0,0.004379309206622679,0,0,0,0,0,0,0,0,0,0,0,0,0,0,0,0,0,0,0,0,0,0,0,0,0,0,0,0,0,0,0,0,0,0,0,0,0,0,0,0,0,0,0,0,0,0,0,0,0,0,0,0,0,0,0,0,0,0,0,0,0,0,0,0,0,0,0,0,0,0,0,0,0,0,0,0,0,0,0,0,0,0,0,0,0,0,0,0,0,0,0,0,0,0,0,0,0,0,0,0,0,0,0,0,0,0,0,0,0,0,0,0,0,0,0,0,0,0,0,0,0,0,0,0,0,0,0,0,0,0.004803557949006771,0,0,0,0,0,0,0,0,0.005133191476748451,0,0.005101883546862119,0
0,0,0,0,0,0,0,0,0.004882730571748116,0,0,0,0,0,0,0,0,0,0,0,0,0,0,0,0,0,0,0,0,0,0,0,0,0,0,0,0,0,0,0,0,0,0,0,0,0,0,0,0,0,0,0,0,0,0,0,0,0,0,0,0,0,0,0,0,0,0,0,0,0,0.005984351553873713,0,0,0,0,0,0,0,0,0,0,0,0,0,0,0.00582755954979022,0,0,0,0,0,0,0,0,0,0,0,0,0,0,0.006470646168427966,0,0,0,0,0,0,0,0,0,0,0,0,0,0,0,0,0,0,0,0,0,0,0,0,0,0,0,0,0,0,0,0,0,0,0,0,0,0.009912480490577462,0,0,0,0,0.00466682598624264,0.005300089862855966,0,0,0,0.006030042658894755,0,0,0,0,0,0,0,0,0,0,0,0,0,0,0,0,0,0.004767591045301451,0,0,0,0,0,0.005796718564895326,0.009463770207065961,0,0,0,0,0,0,0,0,0,0,0,0,0.00570744315650437,0,0,0.004595477956488844,0,0,0,0,0.004771077115655046,0,0,0,0,0,0,0,0,0,0,0,0,0,0,0,0,0,0,0,0,0,0,0,0,0,0,0,0.004941365631169689,0,0.004622321327743797,0,0,0,0,0,0,0,0,0,0.00517088922399285,0,0.008005154993596993,0.004754274828611713,0,0,0,0.0044888680004793,0,0.01017822895000327,0.004795194329668259,0,0,0,0,0,0,0,0,0,0,0,0,0,0,0,0,0,0,0,0,0,0,0,0.004521697184366062,0,0,0,0.004645894750795948,0,0,0,0,0,0,0,0,0,0,0,0,0,0,0,0,0,0,0,0,0,0,0,0,0,0,0,0,0,0,0,0,0,0,0,0,0,0,0,0,0,0,0,0,0,0,0,0,0,0,0,0,0,0,0,0,0,0,0,0,0,0,0,0,0,0,0,0,0,0,0,0,0.005077289155118434,0,0,0,0,0.004813988064986054,0,0,0,0,0,0,0.004802027391356708,0,0,0,0,0,0,0,0,0.004799221163132588,0,0,0,0,0,0,0,0,0,0,0,0,0,0,0,0,0,0,0,0,0,0,0,0,0,0,0,0,0,0,0,0,0,0,0,0,0,0,0,0,0,0,0,0,0.004555058146058678,0,0.004685058084501158,0
0,0,0,0,0,0,0,0,0,0,0,0,0,0,0,0,0,0,0,0,0,0,0,0,0,0,0,0,0,0,0,0,0,0,0,0,0,0,0,0,0,0,0,0,0,0,0,0,0,0,0.004239460791340589,0.004258431639756421,0,0,0,0,0,0,0,0,0,0,0,0,0,0,0,0,0,0.0043163468978359,0.006655352099588945,0,0,0,0,0,0,0,0,0,0.004348297505545103,0,0,0,0,0.006503521957081709,0,0,0,0,0,0,0,0,0,0,0,0,0,0,0.009198928199389035,0,0,0,0,0,0,0,0,0,0,0,0,0,0,0,0,0,0,0,0,0,0,0,0,0,0,0,0,0,0,0,0,0,0,0,0,0,0.009818187954038661,0,0,0,0,0.005098160988971421,0.004717804837788241,0,0,0,0.005587911538765002,0.004293053134507115,0,0,0,0,0,0,0,0,0,0,0,0,0,0,0,0,0.005452978678060304,0,0,0,0,0,0.00587171920836114,0.009374311777041365,0,0,0,0,0,0,0,0,0,0,0,0,0.005016996837126612,0,0,0,0,0,0,0,0,0,0,0,0,0,0,0,0,0,0,0,0,0,0,0,0,0,0,0,0,0,0,0,0,0,0,0,0,0,0,0,0,0,0,0,0,0,0,0,0.00569136959019126,0.004372103319476674,0.00658440018151347,0.004537358826658471,0.004716555969772693,0.004484251808211877,0,0.004489746156624003,0.01017822895000327,0,0,0,0,0,0,0,0,0,0,0,0,0,0,0,0,0,0,0,0,0,0,0,0,0,0.004560606633387979,0.004491592143733776,0,0,0.004968788652830567,0,0,0,0,0,0,0,0,0,0,0,0,0,0,0,0,0,0,0,0,0,0,0,0,0,0,0,0,0,0,0,0,0,0,0,0,0,0,0,0,0,0,0,0,0,0,0,0,0,0,0,0,0,0,0,0,0,0,0,0,0,0,0,0,0,0,0,0,0,0,0,0,0,0,0,0,0,0,0,0,0,0,0,0,0,0,0,0,0,0,0,0,0,0,0,0,0,0,0,0,0,0,0,0,0,0,0,0,0,0,0,0,0,0,0,0,0,0,0,0,0,0,0,0,0,0,0,0,0,0.004446466233707091,0,0,0,0,0,0,0,0,0.004584802979625767,0,0.00494817677656996,0
0,0,0,0,0,0,0,0,0.006532759823148868,0,0,0,0,0,0,0,0,0,0,0,0,0,0,0,0,0,0,0,0,0,0,0,0,0,0,0,0,0,0,0,0,0,0,0,0,0,0,0,0,0,0,0,0,0,0,0,0,0,0,0,0,0,0,0,0,0,0,0,0,0.002831860657729462,0.00373582958184374,0,0,0,0,0,0,0,0,0,0,0,0.003870194980095535,0,0,0.004051951220640976,0,0,0,0,0,0,0,0,0,0,0,0,0,0,0,0,0,0,0,0,0,0,0,0,0,0,0,0,0,0,0,0,0,0,0,0,0,0,0,0,0,0,0,0,0,0,0,0,0,0,0,0,0.004503189525262064,0,0,0,0,0.003152241290783824,0.00610350290802851,0,0,0,0.00535950805494282,0,0,0,0,0,0,0,0,0,0,0,0,0.005146277910593192,0,0,0,0,0,0,0,0,0,0,0.005698561362968969,0.004468608838824303,0,0,0,0,0,0,0,0,0,0,0,0,0.005426649657568163,0,0,0.00615090162236154,0,0,0,0,0.005811527822258177,0,0,0,0,0,0,0,0,0,0,0,0,0,0,0,0,0,0,0,0,0,0,0,0,0,0,0.00554564192342675,0.006191683707422249,0,0.005912429674985635,0,0,0,0,0,0,0,0,0,0.003135729297249379,0,0.006750301311964138,0,0,0,0,0,0.004795194329668259,0,0,0,0,0,0,0,0,0,0,0,0,0,0,0,0,0,0,0,0,0,0,0,0,0,0,0,0,0,0,0,0,0,0,0,0,0,0,0,0,0,0,0,0,0,0,0,0,0,0,0,0,0,0,0,0,0,0,0,0,0,0,0,0,0,0,0,0,0,0,0,0,0,0,0,0,0,0,0,0,0,0,0,0,0,0,0,0,0,0,0,0,0,0,0,0,0,0,0,0,0,0,0.006146469032722446,0.006149116771088283,0,0,0,0.007064701670336085,0,0,0,0,0,0,0.006667836814298696,0,0,0,0,0,0.005369402761419085,0,0,0.006665471302873511,0,0,0,0,0,0,0,0,0,0,0,0,0,0,0,0,0,0,0,0,0,0,0,0,0,0,0,0,0.00275127685386106,0,0,0,0,0,0,0,0,0,0,0,0,0,0,0,0,0,0,0
0,0,0,0,0,0,0,0,0,0,0,0,0,0,0,0,0,0,0,0.003696087569834007,0,0,0,0,0,0,0,0,0,0,0,0,0,0,0,0,0,0,0.003678884915414239,0,0,0,0,0,0,0,0,0,0.004217770465184898,0,0,0,0.003906868631736472,0,0.003370575154394172,0.003993654588155659,0,0,0,0,0,0,0,0,0.006629002055463096,0,0,0,0.004037515064390687,0,0,0,0,0,0,0,0,0,0,0,0,0,0,0,0.006896659718446376,0,0,0,0,0,0,0,0,0,0,0,0,0,0.004532657187950354,0,0,0,0,0,0,0,0,0,0,0,0,0.004702991685053485,0,0,0,0,0,0,0,0,0,0,0.00419552833064071,0.006693716435342047,0,0,0,0,0,0,0,0,0,0,0,0,0,0,0,0,0,0,0,0,0,0,0,0,0,0,0,0,0,0,0,0,0,0,0,0,0,0,0,0,0,0,0,0.003690413654695428,0,0,0,0,0,0,0,0,0,0,0,0,0,0,0,0,0,0,0,0,0,0,0,0,0,0,0,0,0,0,0,0,0,0,0,0,0,0,0,0,0,0,0,0,0,0,0,0.007121691329016855,0.003885747520166584,0.00560174747022411,0,0,0,0,0.004047725713916456,0,0.004046402997465454,0,0,0,0,0,0,0,0,0,0,0,0,0,0,0.00466480113057596,0.004411552746738982,0.004249678688612444,0,0,0,0,0.006112588374449082,0.006870105820146575,0.003951226746286517,0,0,0,0,0,0,0,0,0,0,0,0,0,0,0,0,0,0,0,0,0,0,0,0,0,0,0,0,0,0,0,0,0,0,0,0,0,0,0,0,0,0,0,0,0,0,0,0,0,0,0,0,0,0,0,0,0,0,0,0,0,0,0,0,0,0,0,0,0,0,0,0,0,0,0,0,0,0,0,0,0,0,0,0,0,0,0,0,0,0,0,0,0,0,0,0,0,0,0,0,0,0,0.00364440482077004,0,0,0,0,0,0,0,0,0,0,0,0,0,0,0,0,0,0,0,0,0,0,0,0,0,0,0,0,0,0,0,0,0,0,0,0,0,0,0,0,0,0,0,0,0,0,0,0,0,0,0,0,0,0,0,0,0,0,0,0,0.00657962328600965,0,0
0,0,0,0,0,0,0,0,0,0,0,0,0,0,0.006182131382993512,0,0,0,0,0,0,0.006229470031010514,0,0,0,0,0,0,0,0,0,0,0,0,0.005152658366255606,0.004599432094230367,0,0,0.004391995099635232,0,0,0,0,0,0.005182324818984381,0,0,0,0,0,0,0,0.004001636014053098,0,0.005538337383428766,0.004205224588017795,0.003590682124188194,0.004755540474640626,0,0,0,0,0,0,0.005774855409158017,0,0,0.003702438797014529,0.004307053890348763,0,0,0,0,0,0,0.005883595956207402,0,0,0,0,0,0,0,0,0.005098299205176743,0,0,0,0,0,0,0,0,0,0,0,0,0,0.004169396479220676,0,0,0,0,0,0,0.004067145519072894,0,0,0,0,0,0.004465901310634794,0,0.003905499252800609,0,0,0,0,0,0,0,0,0,0.005868791595749443,0,0,0,0,0,0,0,0,0,0,0,0,0,0,0,0,0,0,0,0,0,0,0,0,0,0,0,0,0,0,0,0,0,0,0,0,0,0,0,0,0,0,0,0,0,0,0,0,0,0,0,0,0,0,0,0,0,0,0,0,0,0,0,0,0,0,0,0,0,0,0,0,0,0,0,0,0,0,0,0,0,0,0,0,0,0,0,0,0,0,0,0.004975464283521455,0,0,0,0,0,0,0,0,0.004035749546747059,0,0,0,0,0,0,0,0,0.005404217085331142,0,0,0,0,0,0,0,0,0,0,0,0.006112588374449082,0,0.006107370951815188,0.003978756615496305,0,0,0,0,0,0,0,0,0,0,0,0,0,0,0,0,0,0,0,0,0,0,0,0,0,0,0,0,0,0,0,0,0,0,0,0,0,0,0,0,0,0,0,0,0,0,0,0,0,0,0,0,0,0,0,0,0,0,0,0,0,0,0,0,0,0,0,0,0,0,0,0,0,0,0,0,0,0,0,0,0,0,0,0,0,0,0,0,0,0,0,0,0,0,0,0,0,0,0,0,0,0,0,0,0,0,0,0,0,0,0,0,0,0,0,0,0,0,0,0,0,0,0,0,0,0,0,0,0,0,0,0,0,0,0,0,0,0,0,0,0,0,0,0,0,0,0,0,0,0,0,0,0,0,0,0,0,0,0,0,0,0,0,0.006071804834187356,0,0
0,0,0,0,0,0,0,0,0,0,0,0,0,0.005459026839566358,0,0,0,0,0,0,0,0,0,0,0,0,0,0,0,0,0,0,0,0,0,0,0,0,0,0,0,0,0,0,0,0,0,0,0.003366686045472437,0,0,0,0.004091252983905957,0.003351262050352622,0,0.005158115008901656,0,0,0,0,0,0,0,0,0.007250994770358796,0,0,0,0,0,0,0,0,0,0,0,0,0,0,0,0,0,0,0,0.005856269646581081,0,0,0,0,0,0,0,0,0,0,0,0,0,0.004642610382358989,0,0,0,0,0,0,0,0,0,0,0,0,0.004759047174931509,0,0,0,0,0,0,0,0,0,0,0,0.005695686373618346,0,0,0,0,0,0,0,0,0,0,0,0,0,0,0,0,0,0,0,0,0,0,0,0,0,0,0,0,0,0,0,0,0,0,0,0,0,0,0,0,0,0,0,0.003387031993002382,0,0,0,0,0,0,0,0,0,0,0,0,0,0,0,0,0,0,0,0,0,0,0,0,0,0,0,0,0,0,0,0,0,0,0,0,0,0,0,0,0,0,0,0,0,0,0,0.00648391345923481,0,0.004430921620461232,0,0,0,0,0.004055051648833534,0,0.004054613582099844,0,0,0,0,0,0,0,0,0.003363031261570807,0,0,0,0,0,0.004052215941848944,0.00348764405492567,0,0,0,0,0.006870105820146575,0.006107370951815188,0,0.003963715800413666,0,0.004130745506794387,0,0.003748168224192936,0,0,0,0.003345736390758122,0,0,0,0,0,0,0,0,0,0,0,0,0,0,0,0,0,0,0,0,0,0,0,0,0,0,0,0,0,0,0,0,0,0,0,0,0,0,0,0,0,0,0,0,0,0,0,0,0,0,0,0,0,0,0,0,0,0,0,0,0,0,0,0,0,0,0,0,0,0,0,0,0,0,0,0,0,0,0,0,0,0,0,0,0,0,0,0,0,0,0,0,0,0,0,0,0,0,0,0,0,0,0,0,0,0,0,0,0,0,0,0,0,0,0,0,0,0,0,0,0,0,0,0,0,0,0,0,0,0,0,0,0,0,0,0,0,0,0,0,0,0,0,0,0,0,0,0,0,0,0,0,0,0,0,0.005703228960925988,0,0
0,0,0,0,0,0.002799215841978689,0,0,0,0,0,0,0,0,0,0,0,0,0,0,0,0,0,0,0,0,0,0,0,0,0.00334050441438616,0,0,0,0,0,0,0,0,0,0,0.002987311662178479,0,0,0,0,0,0,0,0,0,0,0.003818467375982793,0,0,0,0,0,0,0,0,0,0,0,0.003961866028815217,0,0,0,0,0,0,0,0,0,0,0,0,0,0,0,0,0,0,0,0.003727149257627202,0,0,0,0,0,0,0,0,0,0,0,0,0,0,0,0,0,0,0,0,0,0,0,0,0,0,0.00445459326575317,0,0,0,0,0,0,0,0,0,0,0,0.004485720722802169,0,0,0,0,0,0,0,0,0,0,0,0,0,0,0,0,0,0,0,0,0,0,0,0,0,0,0,0,0,0,0,0,0,0,0,0,0,0,0,0,0,0,0,0,0,0,0,0,0,0,0,0,0,0,0,0,0,0,0,0,0,0.006277450353309869,0,0.005701767870390632,0,0,0,0,0,0,0,0,0,0,0,0,0,0,0,0.003227618264872442,0.003060974416532108,0,0,0,0,0,0,0,0,0,0,0.003980611606504437,0,0,0,0,0,0,0,0,0,0,0,0,0,0,0,0,0,0,0,0,0,0,0,0,0,0,0,0,0,0.003951226746286517,0.003978756615496305,0.003963715800413666,0,0,0,0,0,0,0,0,0,0,0,0,0,0,0,0,0,0,0,0,0,0,0,0,0,0,0,0,0,0,0,0,0,0,0,0,0,0,0,0,0,0,0,0,0,0,0,0,0,0,0,0,0,0,0,0,0,0,0,0,0,0,0,0,0,0,0,0,0,0,0,0,0,0,0,0,0,0,0,0,0,0,0,0,0,0,0,0,0,0,0,0,0,0,0,0,0,0,0,0,0,0,0,0,0,0,0,0,0,0,0,0,0,0,0,0,0,0,0,0,0,0,0,0,0,0,0,0,0,0,0,0,0,0,0,0.002847102548542121,0,0,0,0,0,0,0,0,0,0,0,0,0,0,0,0,0,0,0,0,0,0,0,0,0,0,0,0,0.004704491469444238,0,0
0,0,0,0,0,0,0,0,0,0,0,0,0,0,0,0,0,0,0,0,0,0,0,0,0,0,0,0,0,0,0,0,0,0,0,0,0,0,0,0,0,0,0,0,0,0,0,0,0,0,0,0,0,0,0,0,0,0,0,0,0,0,0,0,0,0,0,0,0,0,0,0,0,0,0,0,0,0,0,0,0,0,0,0,0,0,0,0,0,0,0,0,0,0,0,0,0,0,0,0,0,0,0,0,0,0,0,0,0,0,0,0,0,0,0,0,0,0,0,0,0,0,0,0,0,0,0,0,0,0,0,0,0,0,0,0,0,0,0,0,0,0,0,0,0,0,0,0,0,0,0,0,0,0,0.00509385857021267,0,0,0.004688665860849385,0,0,0,0,0,0,0,0,0,0,0,0,0,0,0,0,0,0,0,0,0,0,0,0,0,0,0,0,0,0,0,0,0,0,0,0,0,0,0,0,0,0,0,0,0,0,0,0,0,0,0,0,0,0,0,0,0,0,0,0,0,0,0,0,0,0,0,0,0,0,0,0,0,0,0,0,0,0,0,0,0,0,0,0,0,0,0,0,0,0,0,0,0,0,0,0,0,0,0,0,0,0,0,0,0,0,0,0.005601809183185653,0,0.005248272776780307,0,0,0,0,0,0,0,0,0,0,0,0,0,0,0,0,0,0,0,0,0,0,0,0,0,0,0.005863423859668464,0.005868712268169572,0.005350133458977459,0.00509349271231965,0.005336282629721896,0.00508764588951872,0.004617633984512055,0.004618709612614188,0.004618269856874305,0.004697471865266505,0.004599339157766917,0.004601156544148466,0.004599339157766917,0.004599569695287535,0.004955621427228213,0.005336191886779088,0.005267898884810035,0.005270252950132705,0.00492452922361534,0,0,0,0,0,0,0,0,0,0,0,0,0,0,0,0,0,0,0,0,0,0,0,0,0,0,0.004704372679908106,0,0,0.005180263389277298,0,0,0,0,0,0,0,0,0,0,0,0,0,0,0,0,0,0,0,0,0,0.004592125125570131,0.004346911477577086,0,0,0,0,0,0,0,0,0,0,0.00460237297895702,0,0,0,0,0,0,0,0,0,0,0,0,0,0,0,0,0,0,0,0,0,0,0,0,0,0,0,0.004557466836864511,0.004307179217485966,0,0,0,0,0,0,0,0,0
0,0,0,0,0,0,0,0,0,0.003795176126472699,0,0,0,0.007225457363123638,0,0,0,0,0,0,0,0,0,0,0,0,0,0,0,0,0,0,0,0,0,0,0,0,0,0,0,0,0,0,0,0,0,0,0,0,0,0,0,0,0,0,0,0,0,0,0,0,0,0,0,0,0,0,0,0,0,0,0,0,0,0,0,0,0,0,0,0,0,0,0,0,0,0,0,0,0,0,0,0,0,0,0,0,0,0,0,0,0,0,0,0,0,0,0,0,0,0,0,0,0,0,0,0,0,0,0,0,0,0,0,0,0,0,0,0,0,0,0,0,0,0,0,0,0,0,0,0,0,0,0,0,0,0,0,0,0,0,0,0,0,0,0,0,0,0,0,0,0,0,0,0,0,0.004439605381672575,0,0,0,0,0,0,0,0,0,0,0,0,0,0,0,0,0,0,0,0,0,0,0,0,0,0,0,0,0,0,0,0,0,0,0,0,0,0,0,0,0,0,0,0,0,0,0,0,0,0.00520091300197578,0,0,0,0,0,0,0,0,0,0,0,0,0.004409431382008489,0,0,0,0,0,0,0,0,0.00386312424670041,0.004211883036844227,0.004156779667979443,0,0,0,0,0,0.004130745506794387,0,0,0,0.00522812177750909,0.003909238774114691,0,0,0,0.003825729511557107,0,0,0,0,0,0,0,0,0,0,0,0,0,0,0,0,0,0,0,0,0,0,0,0,0,0,0,0,0,0,0,0,0,0,0,0,0,0,0,0,0,0,0,0,0,0,0,0,0,0,0,0,0,0,0,0,0,0,0,0,0,0,0,0,0,0,0,0,0,0,0,0,0,0,0,0,0,0,0,0,0,0,0,0,0,0,0,0,0,0,0,0,0,0,0,0,0,0.003951099278052326,0.003888844857391242,0,0,0.004713955413900916,0.005300550885923096,0.004721742618586331,0,0.004111367413498221,0.003944734358822654,0.003926014774977197,0.003930343465762499,0,0,0,0,0,0,0,0,0,0,0,0,0.004042667307744964,0,0,0,0,0,0,0,0,0,0,0,0,0,0,0,0,0,0,0,0,0.003912499120648536,0,0,0,0,0.004319192664565825,0.004243657819313462,0,0,0,0,0,0,0,0,0
0,0,0,0,0,0,0,0,0,0,0,0,0,0,0,0,0,0,0,0,0,0,0,0,0,0,0,0,0,0,0,0,0,0,0,0,0,0,0,0,0,0,0,0,0,0,0,0,0,0,0,0,0,0,0,0,0,0,0,0,0,0,0,0,0,0,0,0,0,0,0,0,0,0,0,0,0,0,0,0,0,0,0,0,0,0,0,0,0,0,0,0,0,0,0,0,0,0,0,0,0,0,0,0,0,0,0,0,0,0,0,0,0,0,0,0,0,0,0,0,0,0,0,0,0,0.004146229788459005,0,0,0,0,0,0,0,0,0,0.003934936973882251,0,0,0,0,0,0,0,0,0,0,0,0,0,0,0,0,0,0,0,0,0,0,0,0,0,0,0,0,0,0,0,0,0,0,0,0,0,0,0,0,0,0,0,0,0,0,0,0,0,0,0,0,0,0,0,0,0,0,0,0,0,0,0,0,0,0,0,0,0,0,0,0,0,0,0,0,0,0,0,0,0.003566583142919092,0.003713970457888709,0,0,0.005681720442549174,0,0,0,0,0,0,0,0.003942245617182563,0,0.003743509376118115,0.003554591088550783,0,0,0,0,0,0,0,0,0,0,0,0,0,0,0,0,0,0,0.00522812177750909,0,0,0,0,0,0,0,0,0,0,0,0,0,0,0,0,0,0,0,0,0,0,0,0,0,0,0,0,0,0,0,0,0,0,0,0,0,0,0,0,0,0,0,0,0,0,0,0,0,0,0,0,0,0,0,0,0,0,0,0,0,0,0,0,0,0,0,0,0,0,0,0,0,0,0,0,0,0,0,0,0,0,0,0,0,0,0,0,0,0,0,0,0,0,0,0,0,0,0,0,0,0,0,0.003901925376404964,0.003904582819342893,0.006904458866898645,0,0,0.004182632066915022,0,0.003738577146515125,0,0,0.003936631240928875,0.003931009233805856,0,0,0,0,0,0,0,0,0,0,0,0,0.004438047816433829,0,0,0,0,0,0,0,0,0,0,0,0,0,0,0,0,0,0,0,0,0,0,0,0,0,0.004317869179782714,0.004245814423195703,0,0,0,0,0,0,0,0,0
0,0,0,0,0,0,0,0,0,0,0,0,0,0.00683261170690925,0,0,0,0,0,0,0,0,0,0,0,0,0,0,0,0,0,0.003651711766538801,0.004202123040808027,0,0,0,0,0.003722077079157356,0.00307717205676764,0,0,0,0,0,0,0,0,0,0.003241503332448625,0,0,0,0,0.004540226946725479,0,0.004207135703538051,0.004128643800088532,0,0,0,0,0,0,0,0.003730292714462723,0,0,0,0,0,0,0,0,0,0,0,0,0,0,0,0,0,0,0.00381422507003519,0,0,0,0,0,0,0,0,0,0,0,0,0,0,0,0,0,0,0,0,0,0.004024916063993153,0,0,0,0,0,0,0,0,0,0.003380574166194454,0.003274783478867725,0.004657914893073623,0,0,0,0.005117576874200395,0,0,0,0,0,0,0,0,0,0,0,0,0,0,0,0.004105032475780717,0,0,0,0,0,0,0,0,0,0,0,0,0,0,0,0,0,0,0,0,0,0,0,0,0,0,0,0,0,0.004012647085613613,0,0,0,0,0,0,0,0,0,0,0,0,0,0,0,0,0,0,0,0,0,0,0,0,0,0,0,0,0,0,0,0,0,0,0,0,0,0,0,0,0,0,0,0,0,0,0,0.003379991534000906,0,0,0,0,0,0,0,0,0,0,0,0,0,0,0,0,0,0.003184897035259476,0,0,0,0,0,0,0,0,0,0,0,0,0,0.003748168224192936,0,0,0.003909238774114691,0,0,0,0,0,0.005842511636044112,0,0,0,0,0,0,0,0,0,0,0,0,0,0,0,0,0,0,0,0,0,0,0,0,0,0,0,0,0,0,0,0,0,0,0,0,0,0,0,0,0,0,0,0,0,0,0,0,0,0,0,0,0,0,0,0,0,0,0,0,0,0,0,0,0,0,0,0,0,0,0,0,0,0,0,0,0,0,0,0,0,0,0,0,0,0,0,0,0,0,0,0,0,0,0.003133634105345139,0,0,0,0,0,0,0,0,0,0,0,0,0,0,0,0,0,0,0,0.004212973302546889,0,0,0,0,0,0,0,0,0,0,0,0,0,0,0.003078812501820027,0,0,0,0,0,0,0,0,0,0,0,0,0.005103429468112235,0,0,0,0,0,0,0.003365978654642614,0,0,0,0,0,0,0,0
0,0,0,0,0,0,0,0,0.004276447170513732,0,0,0,0,0,0,0,0,0,0,0,0,0,0,0,0.004638039732811624,0,0,0,0.004597877513097804,0,0,0,0,0,0,0,0,0,0,0,0,0,0,0,0,0,0,0,0,0,0,0,0,0,0,0,0,0,0,0,0,0,0,0,0,0,0,0,0,0,0,0,0,0,0,0,0,0,0,0,0,0,0,0,0,0,0,0,0,0,0,0,0,0,0,0,0,0,0,0,0,0,0,0,0,0,0,0,0,0,0,0,0,0,0,0,0,0,0,0,0,0,0,0,0,0.004536378714837017,0,0,0,0,0,0,0,0,0,0.004977042656687974,0.004255778080169621,0,0,0,0,0,0,0,0,0,0,0.004900422583531888,0,0,0,0,0,0,0,0,0,0,0,0,0,0,0,0,0,0,0,0,0,0,0,0,0,0,0,0,0,0,0,0,0,0,0,0,0,0,0,0,0,0,0,0.00422186341928278,0,0,0,0.004852849925520405,0,0,0,0.005521373819907631,0,0,0,0,0,0,0,0,0,0.004668253815288146,0.005510335025714655,0.005254507994380085,0.005675950264378421,0.008954644574158649,0,0,0,0,0,0,0,0,0,0.004789256488010304,0,0,0,0,0.005716495989638038,0,0,0,0,0,0,0,0,0,0,0,0.004335605298300078,0,0,0,0,0,0,0,0,0,0,0,0,0,0.009192440555388072,0.009186461990087352,0,0,0,0,0.00459880521362542,0.004910145634622205,0.004772602054990549,0.005094176938745596,0.004825418133426117,0,0,0,0,0,0,0,0,0,0,0,0,0,0,0,0,0,0,0,0,0,0,0,0,0,0,0,0,0,0,0,0,0,0,0,0,0,0,0,0,0,0,0,0,0,0,0,0,0,0,0,0,0,0,0,0,0,0,0,0,0,0,0,0,0,0,0,0,0,0,0,0,0,0.004858091878796116,0,0.004841518490773362,0.004678232888902996,0,0,0,0,0,0,0,0,0,0,0,0,0,0,0.004940825603579078,0,0,0,0,0,0,0,0,0,0,0,0,0,0,0,0,0,0,0.004749624916493354,0,0,0,0,0,0,0,0,0,0,0,0,0,0,0,0,0,0,0,0,0,0,0,0,0,0,0,0,0,0,0,0,0,0,0,0,0,0,0
0,0,0,0,0,0,0,0,0.004266363425594458,0,0,0,0,0,0,0,0,0,0,0,0,0,0,0,0.004633283396165196,0,0,0,0.004630758682761658,0,0,0,0,0,0,0,0,0,0,0,0,0,0,0,0,0,0,0,0,0,0,0,0,0,0,0,0,0,0,0,0,0,0,0,0,0,0,0,0,0,0,0,0,0,0,0,0,0,0,0,0,0,0,0,0,0,0,0,0,0,0,0,0,0,0,0,0,0,0,0,0,0,0,0,0,0,0,0,0,0,0,0,0,0,0,0,0,0,0,0,0,0,0,0,0,0.00438239542868551,0,0,0,0,0,0,0,0,0,0.004941525489811636,0.004235755506679709,0,0,0,0,0,0,0,0,0,0,0.004975231218790922,0,0,0,0,0,0,0,0,0,0,0,0,0,0,0,0,0,0,0,0,0,0,0,0,0,0,0,0,0,0,0,0,0,0,0,0,0,0,0,0,0,0,0,0.004195775513975451,0,0,0,0.004674503324416291,0,0,0,0.005720393119835521,0,0,0,0,0,0,0,0,0,0.004589161276481335,0.005333193300146055,0.005452411758105992,0.005499791632086626,0.008775856665157275,0,0,0,0,0,0,0,0,0,0.004614342577496774,0,0,0,0,0.005582915655178043,0,0,0,0,0,0,0,0,0,0,0,0.004324530871435406,0,0,0,0,0,0,0,0,0,0,0,0,0.009192440555388072,0,0.009380891577159448,0,0,0,0,0.004584018191889719,0.004908757394498676,0.004767623824826013,0.005140368684116652,0.004829754981815009,0,0,0,0,0,0,0,0,0,0,0,0,0,0,0,0,0,0,0,0,0,0,0,0,0,0,0,0,0,0,0,0,0,0,0,0,0,0,0,0,0,0,0,0,0,0,0,0,0,0,0,0,0,0,0,0,0,0,0,0,0,0,0,0,0,0,0,0,0,0,0,0,0,0.005053067508938918,0,0.005036746173984117,0.004605180957540074,0,0,0,0,0,0,0,0,0,0,0,0,0,0,0.004765326888282776,0,0,0,0,0,0,0,0,0,0,0,0,0,0,0,0,0,0,0.00457099849179614,0,0,0,0,0,0,0,0,0,0,0,0,0,0,0,0,0,0,0,0,0,0,0,0,0,0,0,0,0,0,0,0,0,0,0,0,0,0,0
0,0,0,0,0,0,0,0,0.004266059731611534,0,0,0,0,0,0,0,0,0,0,0,0,0,0,0,0.004633057458635872,0,0,0,0.004625316740549822,0,0,0,0,0,0,0,0,0,0,0,0,0,0,0,0,0,0,0,0,0,0,0,0,0,0,0,0,0,0,0,0,0,0,0,0,0,0,0,0,0,0,0,0,0,0,0,0,0,0,0,0,0,0,0,0,0,0,0,0,0,0,0,0,0,0,0,0,0,0,0,0,0,0,0,0,0,0,0,0,0,0,0,0,0,0,0,0,0,0,0,0,0,0,0,0,0.004377361838482165,0,0,0,0,0,0,0,0,0,0.004936189799183499,0.004231046530212056,0,0,0,0,0,0,0,0,0,0,0.004969480057724367,0,0,0,0,0,0,0,0,0,0,0,0,0,0,0,0,0,0,0,0,0,0,0,0,0,0,0,0,0,0,0,0,0,0,0,0,0,0,0,0,0,0,0,0.004190914268186545,0,0,0,0.00466885506749273,0,0,0,0.005714310085028889,0,0,0,0,0,0,0,0,0,0.004583624317088625,0.005327538194106834,0.005446327862697695,0.005494137886812367,0.008770142684786857,0,0,0,0,0,0,0,0,0,0.004608679344127781,0,0,0,0,0.005577103137799837,0,0,0,0,0,0,0,0,0,0,0,0.00432418223786303,0,0,0,0,0,0,0,0,0,0,0,0,0.009186461990087352,0.009380891577159448,0,0,0,0,0,0.004583685570607143,0.00490841124825353,0.004767375073367968,0.005139642339664395,0.00482943219298613,0,0,0,0,0,0,0,0,0,0,0,0,0,0,0,0,0,0,0,0,0,0,0,0,0,0,0,0,0,0,0,0,0,0,0,0,0,0,0,0,0,0,0,0,0,0,0,0,0,0,0,0,0,0,0,0,0,0,0,0,0,0,0,0,0,0,0,0,0,0,0,0,0,0.005046972331435482,0,0.005030642926439096,0.004599622176049766,0,0,0,0,0,0,0,0,0,0,0,0,0,0,0.004759318781439261,0,0,0,0,0,0,0,0,0,0,0,0,0,0,0,0,0,0,0.004565345601213563,0,0,0,0,0,0,0,0,0,0,0,0,0,0,0,0,0,0,0,0,0,0,0,0,0,0,0,0,0,0,0,0,0,0,0,0,0,0,0
0,0,0,0,0,0,0,0,0,0,0,0,0,0.007374962611048917,0,0,0,0,0,0,0,0,0,0,0,0,0,0,0,0,0,0.003662828268579253,0.003774955363807916,0,0,0,0,0.00390566755226283,0,0,0,0,0,0,0,0,0,0,0.003230318660345505,0,0,0,0,0.004559623348255153,0,0.003773114531405477,0.004139246839571886,0,0,0,0,0,0,0.003027953067229778,0,0,0,0,0,0,0,0,0,0,0,0,0,0,0,0,0,0,0,0.003425530313420242,0,0,0,0,0,0,0,0,0,0,0,0,0,0,0,0,0,0,0,0,0,0.004020129607135318,0,0,0,0,0,0,0,0,0,0.003091610091232441,0.002987034682104893,0.004569430103469711,0,0,0,0.004599233884255116,0,0,0,0,0,0,0,0,0,0,0,0,0,0,0,0.004157297383745272,0,0,0,0,0,0,0,0,0,0,0,0,0,0,0,0,0,0,0,0,0,0,0,0,0,0,0,0,0,0.0040998089980902,0,0,0,0,0,0,0,0,0,0,0,0,0,0,0,0,0,0,0,0,0,0,0,0,0,0,0,0,0,0,0,0,0,0,0,0,0,0,0,0,0,0,0,0,0,0,0,0,0,0,0,0,0,0,0,0,0,0,0,0,0,0,0,0,0,0,0,0,0,0,0,0,0,0,0,0,0,0,0,0.003345736390758122,0,0,0.003825729511557107,0,0.005842511636044112,0,0,0,0,0,0,0,0,0,0,0,0,0,0,0,0,0,0,0,0,0,0,0,0,0,0,0,0,0,0,0,0,0,0,0,0,0,0,0,0,0,0,0,0,0,0,0,0,0,0,0,0,0,0,0,0,0,0,0,0,0,0,0,0,0,0,0,0,0,0,0,0,0,0,0,0,0,0,0,0,0,0,0,0,0,0,0,0,0,0,0,0,0,0,0,0,0,0,0.003536426195230758,0,0,0,0,0,0,0,0,0,0,0,0,0,0,0,0,0,0,0,0.003823225881384664,0,0,0,0,0,0,0,0,0,0.003209030684382785,0,0,0,0.003045948934182214,0.003095280299631285,0,0,0,0,0,0,0,0,0,0,0,0,0.005123494729107841,0,0,0,0,0,0,0.003585805491891838,0,0,0,0,0,0,0,0
0,0,0,0,0,0.003830561029125717,0,0,0,0,0,0,0,0,0,0,0,0,0,0,0,0,0,0.007068287812673638,0,0,0,0,0,0,0,0,0,0,0,0,0,0,0,0,0,0.003953687505572914,0,0,0,0,0,0,0,0,0,0,0,0,0,0,0,0,0,0,0,0,0,0,0,0,0,0,0,0,0,0,0,0.004708336403467333,0,0,0,0.003691676402613119,0,0,0,0.003848107026405191,0,0,0,0,0,0,0,0,0,0,0,0,0,0,0,0,0,0,0,0,0,0,0,0,0,0,0,0,0,0,0,0,0,0,0,0,0,0,0,0,0,0,0,0,0,0,0,0,0,0,0,0,0,0,0,0,0,0,0,0,0,0,0,0.004685796311252144,0,0,0,0,0,0.003914225682337708,0.003869959540567155,0,0,0,0,0,0.003921186101896927,0,0,0,0,0,0,0,0,0,0,0,0,0,0,0,0,0,0.005116178118211245,0.004179594376025305,0,0,0,0,0,0,0,0.006410843314087291,0,0,0,0,0,0,0,0,0,0,0,0,0,0,0,0,0,0.004608427914458051,0.004277490194118508,0.008639268189337253,0.004467481240233077,0.004854591091615736,0.004531991379783443,0,0,0,0,0,0,0,0,0,0,0,0,0,0,0,0,0,0,0,0,0,0,0,0,0,0,0,0,0,0,0,0,0,0,0,0,0,0,0,0,0,0,0,0,0,0,0,0,0,0,0.006099991819431634,0,0,0,0,0,0,0,0,0,0,0,0,0,0,0,0,0,0,0,0.003655289500935628,0.003655289500935628,0.003654098749500108,0.003655289500935628,0.003653739147311473,0,0.003855212415318182,0.003908163020312235,0.003855212415318182,0.003818442553897159,0.003845938200817369,0,0,0,0,0,0,0,0,0,0,0,0,0,0,0,0,0,0,0,0,0,0,0,0,0,0,0,0,0,0,0,0,0,0,0,0,0,0,0,0,0,0,0,0,0,0,0,0,0,0,0,0,0,0,0,0,0,0,0,0,0,0,0,0,0,0,0,0,0,0,0,0,0,0,0,0,0,0,0,0,0,0,0,0,0,0,0,0,0,0,0,0,0,0,0,0,0,0,0,0,0,0,0,0,0,0,0,0,0,0,0,0,0,0,0,0,0,0,0,0,0,0,0,0,0
0,0,0,0,0,0,0,0.005394192576465189,0,0,0,0,0,0,0,0,0,0,0,0,0,0,0,0,0,0,0,0,0,0,0,0,0,0,0,0,0,0,0,0,0,0,0,0,0,0,0,0,0,0,0,0,0,0,0,0,0,0,0,0,0,0,0,0,0,0,0,0,0,0,0,0,0,0,0,0,0,0,0,0,0,0,0,0,0,0,0,0,0,0,0,0,0,0,0,0,0.003478642667288236,0,0,0,0,0,0,0,0,0,0.003285516570427439,0,0,0,0,0,0,0,0,0,0,0,0,0,0,0,0,0,0,0,0,0,0,0,0,0,0,0,0,0,0,0,0,0,0,0,0,0,0,0,0,0,0,0,0,0,0,0.003748925897114928,0,0.003736783760056246,0,0,0,0,0,0,0.003569139765428917,0,0,0,0,0,0,0,0,0,0,0,0,0,0,0,0,0,0,0,0,0,0,0.00369405720127654,0,0,0,0,0,0,0,0,0,0,0,0,0,0,0,0,0,0,0,0.004642263883870798,0,0,0,0,0,0,0,0,0,0,0,0,0,0,0,0,0,0,0,0.003680431340567633,0,0,0,0,0,0,0,0,0,0,0,0,0,0,0,0,0,0,0,0,0,0,0,0,0,0,0,0,0,0,0,0,0,0.003328567452555814,0,0,0,0,0,0.004175612342108406,0,0.004716919161581541,0,0,0,0,0,0,0,0,0.004579067670911768,0.004576925400232586,0,0,0,0,0,0,0,0,0,0,0,0,0,0,0,0,0,0,0,0,0,0,0,0,0,0,0,0,0,0,0,0,0,0,0,0,0,0,0,0,0,0,0,0,0,0,0,0,0,0,0,0,0,0,0,0,0,0,0,0,0,0,0,0,0,0,0,0,0,0,0,0,0,0,0,0,0,0,0,0,0,0,0,0,0,0,0,0,0,0,0,0,0,0,0,0,0,0,0,0,0,0,0,0,0,0,0,0,0,0,0,0,0,0,0,0,0,0,0,0,0,0,0,0,0,0,0,0,0,0,0,0,0,0,0,0,0
0,0,0,0,0,0.004166508051956227,0,0,0,0,0,0,0,0,0,0,0,0,0,0,0,0,0,0.006932722793354585,0,0,0,0,0,0,0,0,0,0,0,0,0,0,0,0,0,0.00430386290147599,0,0,0,0,0,0,0,0,0,0,0,0,0,0,0,0,0,0,0,0,0,0,0,0,0,0,0,0,0,0,0,0.003647615756021278,0,0,0.004110313794768975,0.004180556476121722,0,0,0,0,0,0,0,0,0,0,0,0,0,0,0.003285223461042484,0,0,0,0,0,0,0,0,0,0,0,0,0,0,0.003584375659824478,0,0,0,0,0,0,0,0,0,0,0,0,0,0,0,0,0,0,0,0,0,0,0,0,0,0,0,0,0,0,0,0,0,0.00398664431723543,0,0,0,0,0,0,0,0,0,0,0,0,0,0,0,0,0,0,0,0,0,0,0,0,0,0,0,0,0,0,0,0,0,0,0.005296352659128277,0,0,0,0,0,0,0,0,0.005932211998505612,0,0,0,0,0,0,0,0,0,0,0,0,0,0,0,0,0,0.005060301220775774,0.005140038884805622,0.008211289455692064,0,0,0,0,0,0,0,0,0,0,0,0,0,0,0,0,0,0,0,0,0,0,0,0,0,0,0,0,0,0,0,0,0,0,0,0,0,0,0,0,0,0,0,0,0,0,0,0,0,0,0,0.006099991819431634,0.003328567452555814,0,0,0,0,0,0,0,0,0,0,0,0,0,0,0,0,0,0,0,0,0.003322614455063279,0.003322614455063279,0.003321627367430605,0.003322614455063279,0,0,0.003265961008932674,0,0.003265961008932674,0.003282325739128258,0,0,0,0,0,0,0,0,0,0,0,0,0,0,0,0,0,0,0,0,0,0,0,0,0,0,0,0,0,0,0,0,0,0,0,0,0,0,0,0,0,0,0,0,0,0,0,0,0,0,0,0,0,0,0,0,0,0,0,0,0,0,0,0,0,0,0,0,0,0,0,0,0,0,0,0,0,0,0,0,0,0,0,0,0,0,0,0,0,0,0,0,0,0,0,0,0,0,0,0,0,0,0,0,0,0,0,0,0,0,0,0,0,0,0,0,0,0,0,0,0,0,0,0,0,0
0,0,0.00432770114783034,0,0,0,0,0,0,0,0,0,0,0,0,0,0,0,0,0,0,0,0,0,0.004545514209850235,0,0,0,0,0,0,0,0,0,0,0,0,0,0,0,0,0,0,0,0,0,0,0,0,0,0,0,0,0,0,0,0,0,0,0.005493965877874969,0,0,0,0,0,0,0,0,0,0,0,0,0,0,0,0,0,0,0,0,0,0,0,0,0,0,0,0,0,0,0,0,0,0,0,0,0,0,0.004450761593858292,0,0,0,0,0,0,0,0,0,0,0.004485811217231996,0,0,0,0,0,0,0,0,0,0,0,0,0,0,0,0,0.004931023453053287,0,0,0.004829413360501906,0,0,0,0.004269909550834687,0,0,0,0,0,0,0,0,0,0,0,0,0.005532091312009029,0,0,0.005104846889607631,0,0,0,0,0,0,0,0,0,0,0,0,0,0,0.004738798149407985,0,0,0,0,0,0,0,0,0,0,0,0,0,0,0,0,0,0.004877589411966168,0,0,0,0,0,0,0,0,0,0,0,0,0,0,0,0,0,0,0.005040291864020821,0,0,0,0,0,0,0,0,0,0,0,0.004342701501738285,0.00506737648554568,0,0,0,0,0.004519949356492615,0,0,0,0,0,0,0,0,0,0,0,0,0,0,0,0,0,0,0,0,0,0,0,0,0,0,0,0,0,0,0,0,0,0.00459880521362542,0.004584018191889719,0.004583685570607143,0,0,0,0,0,0.00465325696441356,0.00457617620053527,0.004539030484008456,0.004544456868123112,0,0,0,0,0.004784028726807023,0,0.005146602780242785,0,0,0,0,0,0,0,0,0,0,0,0,0,0,0,0,0,0,0,0,0,0,0,0,0,0,0,0,0,0,0,0,0,0,0,0,0,0,0,0,0,0,0,0,0,0,0,0,0,0,0,0,0,0,0,0,0,0,0,0,0,0,0,0,0,0,0,0,0,0,0,0,0,0,0,0,0,0,0,0,0.005262559570223094,0,0,0.005076103926887775,0,0,0,0,0,0,0,0,0,0,0,0.005617363429707368,0,0,0.00470364260460829,0,0,0,0.004852163266104657,0,0,0,0,0,0,0,0,0,0,0,0,0,0,0,0,0,0,0,0,0,0,0,0,0,0,0,0,0,0,0,0,0,0,0,0,0,0,0,0
0,0,0.005570424004248143,0,0.003983450234353933,0,0,0,0.004465474910988195,0,0,0,0,0.00389699040697549,0,0,0,0,0,0.003917576038285995,0,0,0,0,0.004772931350731266,0,0,0,0,0,0,0,0,0,0,0,0,0,0,0.007484319817795128,0,0,0,0,0,0,0,0,0,0,0,0,0,0,0,0,0,0,0,0,0,0,0,0,0,0,0,0,0,0,0,0,0,0,0,0,0,0,0,0,0,0,0,0,0,0,0,0,0,0,0,0,0,0,0,0,0,0,0,0,0,0,0,0,0,0,0,0,0,0,0,0,0,0,0,0,0,0,0,0,0,0,0,0,0.004105366122693206,0,0,0,0,0,0,0,0,0,0,0,0,0,0,0,0,0,0,0,0,0,0,0,0,0,0,0,0,0,0,0,0,0,0,0,0,0,0,0,0,0,0,0,0,0,0,0,0,0,0,0,0,0,0,0,0,0,0,0.00457924022060492,0,0,0,0,0,0,0,0,0,0,0,0,0,0,0,0,0,0,0,0,0,0,0,0,0,0,0,0,0,0.004701114490215187,0,0,0,0,0,0,0,0,0,0,0,0,0,0,0,0,0,0,0,0,0,0,0,0,0,0,0.004435160906872191,0,0,0,0,0,0,0,0,0,0,0,0,0.004910145634622205,0.004908757394498676,0.00490841124825353,0,0,0,0,0.00465325696441356,0,0.00497257713767058,0.006588629266134068,0.01132380520135155,0,0.00712616998042491,0,0,0,0,0,0,0,0,0,0,0,0,0,0,0,0,0,0,0,0,0,0,0,0,0,0,0,0,0,0,0,0,0,0,0,0,0,0,0,0,0,0,0,0,0,0,0,0,0,0,0,0,0,0,0,0,0,0,0,0,0,0,0,0,0,0,0,0,0,0,0,0,0,0,0,0,0,0,0,0,0,0,0,0,0,0,0.007082151782803542,0,0,0,0,0,0,0,0,0,0,0.006965116890173834,0.007519894182707506,0,0,0.003945977513623217,0.003073145403754422,0,0,0,0,0,0,0,0,0,0,0,0,0,0,0,0,0,0,0,0,0,0,0,0,0,0,0,0,0,0,0,0.00653944753369835,0,0.006323994165114209,0.007344625145409227,0.00572146968522361,0,0.004213635912836031,0.003996343512067168,0,0,0,0,0,0
0,0,0.003980171759999497,0.004483648056080279,0.005350718843350587,0,0,0,0.0043547572766615,0,0,0.004693723342351583,0,0.003976045679210308,0,0,0,0,0.003812483466018872,0.003886129797362989,0,0,0,0,0.008393802735787574,0.005507086164847401,0.004006509312223899,0.004401069793801437,0,0,0,0,0,0,0,0,0,0,0,0,0,0,0,0.003924424930046031,0,0,0.004294350923860634,0,0,0,0,0,0,0,0,0,0,0,0,0,0,0,0.00388563984736213,0,0,0.003856357363164175,0,0,0,0,0,0,0.004020180736064376,0,0,0,0,0,0,0,0,0,0,0,0,0,0,0,0,0,0,0,0,0,0,0,0,0.004507988213621378,0,0,0,0,0,0,0,0,0,0,0,0,0,0,0,0,0.004423146313530335,0,0,0,0,0,0,0,0,0,0,0,0,0,0,0,0,0.004213260000373538,0,0,0,0,0,0,0,0,0,0,0,0,0,0,0,0,0,0,0,0,0,0,0,0,0,0,0,0,0,0,0,0,0,0,0,0,0,0,0,0,0,0,0,0,0,0,0,0,0,0,0,0,0,0,0,0,0,0,0,0,0,0,0,0,0,0,0,0,0,0,0,0,0,0,0,0,0,0,0,0,0,0.00457517555407269,0,0,0,0,0,0,0,0,0,0,0,0,0,0,0,0,0,0,0,0,0,0,0,0,0,0,0.004352511209869667,0,0,0,0,0,0,0,0,0,0,0,0,0.004772602054990549,0.004767623824826013,0.004767375073367968,0,0,0,0,0.00457617620053527,0.00497257713767058,0,0.004819463096126608,0.004924381196336381,0,0,0,0,0,0,0,0,0,0,0,0,0,0,0,0,0,0,0,0,0,0,0,0,0,0,0,0,0,0,0,0,0,0,0,0,0,0,0,0,0,0,0,0,0,0,0,0,0,0,0,0,0,0,0,0,0,0,0,0,0,0,0,0,0,0,0,0,0,0,0,0,0,0,0,0,0,0,0,0,0,0,0,0,0,0,0,0,0,0,0,0,0,0,0,0,0.004202225212640268,0,0,0,0,0,0,0,0,0,0,0,0,0,0,0,0,0,0,0,0,0,0,0,0,0,0,0,0,0,0,0,0,0,0,0,0,0,0,0,0,0,0,0,0,0,0,0,0,0,0,0,0,0
0,0,0.003966263177828644,0,0.003915703936500202,0,0,0.004077977024651231,0.00425030276732394,0,0,0,0,0.003795056594126103,0,0,0,0,0,0.003768524207707494,0,0,0,0,0.004662253315458878,0,0,0,0,0,0,0,0,0,0,0,0,0,0,0,0,0,0,0,0,0,0,0,0,0,0,0,0,0,0,0,0,0,0,0,0,0,0,0,0,0,0,0,0,0,0,0,0,0,0,0,0,0,0,0,0,0,0,0,0,0,0,0,0,0,0,0,0,0,0,0,0,0,0,0,0,0,0,0,0,0,0,0,0,0,0,0,0,0,0,0,0,0,0,0,0,0,0,0,0,0,0,0,0,0,0,0,0,0,0,0,0,0,0,0,0,0,0,0,0,0,0,0,0,0,0,0,0,0,0,0,0,0,0,0,0,0,0,0,0,0,0,0,0,0,0,0,0,0,0,0,0,0,0,0,0,0,0,0,0,0,0,0,0,0,0,0,0,0,0,0,0,0,0,0,0,0,0,0,0,0,0,0,0,0,0,0,0,0.004834504299457355,0,0,0,0,0,0,0,0,0,0,0,0,0,0,0,0,0,0,0,0,0,0,0,0,0,0,0.004253985931964026,0,0,0,0,0,0,0,0,0,0,0,0,0.005094176938745596,0.005140368684116652,0.005139642339664395,0,0,0,0,0.004539030484008456,0.006588629266134068,0.004819463096126608,0,0.006711204281579122,0,0,0,0,0,0,0,0,0,0,0,0,0,0,0,0,0,0,0,0,0,0,0,0,0,0,0,0,0,0,0,0,0,0,0,0,0,0,0,0,0,0,0,0,0,0,0,0,0,0,0,0,0,0,0,0,0,0,0,0,0,0,0,0,0,0,0,0,0,0,0,0,0,0,0,0,0,0,0,0,0,0,0,0,0,0,0,0,0,0,0,0,0,0,0,0,0,0,0,0,0,0,0,0,0.00522677969729069,0,0,0,0,0,0,0,0,0,0,0,0,0,0,0,0,0,0,0,0,0,0,0,0,0,0,0,0,0,0,0,0,0,0,0,0,0,0,0,0,0,0,0,0,0
0,0,0.005027286757392748,0,0.004409840470674237,0,0,0,0.004465767579361011,0,0,0,0,0.003890288600277185,0,0,0,0,0,0.003979518901105456,0,0,0,0,0.004892815545363655,0,0,0,0,0,0,0,0,0,0,0,0,0,0,0.006980435285093867,0,0,0,0,0,0,0,0,0,0,0,0,0,0,0,0,0,0,0,0,0,0,0,0,0,0,0,0,0,0,0,0,0,0,0,0,0,0,0,0,0,0,0,0,0,0,0,0,0,0,0,0,0,0,0,0,0,0,0,0,0,0,0,0,0,0,0,0,0,0,0,0,0,0,0,0,0,0,0,0,0,0,0,0,0.003867571543304395,0,0,0,0,0,0,0,0,0,0,0,0,0,0,0,0,0,0,0,0,0,0,0,0,0,0,0,0,0,0,0,0,0,0,0,0,0,0,0,0,0,0,0,0,0,0,0,0,0,0,0,0,0,0,0,0,0,0,0.003943060043968443,0,0,0,0,0,0,0,0,0,0,0,0,0,0,0,0,0,0,0,0,0,0,0,0,0,0,0,0,0,0.004902181264440307,0,0,0,0,0,0,0,0,0,0,0,0,0,0,0,0,0,0,0,0,0,0,0,0,0,0,0.004536015203147975,0,0,0,0,0,0,0,0,0,0,0,0,0.004825418133426117,0.004829754981815009,0.00482943219298613,0,0,0,0,0.004544456868123112,0.01132380520135155,0.004924381196336381,0.006711204281579122,0,0,0.006390029990941832,0,0,0,0,0,0,0,0,0,0,0,0,0,0,0,0,0,0,0,0,0,0,0,0,0,0,0,0,0,0,0,0,0,0,0,0,0,0,0,0,0,0,0,0,0,0,0,0,0,0,0,0,0,0,0,0,0,0,0,0,0,0,0,0,0,0,0,0,0,0,0,0,0,0,0,0,0,0,0,0,0,0,0,0,0,0,0.007760142033772967,0,0,0,0,0,0,0,0,0,0,0.00780017614557956,0.007862121132907473,0,0,0.004790105486749125,0.003227018382171034,0,0,0,0,0,0,0,0,0,0,0,0,0,0,0,0,0,0,0,0,0,0,0,0,0,0,0,0,0,0,0,0.00586875020415497,0,0.00648978806499814,0.007803556177434207,0.005842786454798115,0,0.004867591383220501,0.004725573640961806,0,0,0,0,0,0
0,0,0,0,0,0,0,0,0,0,0,0,0,0,0,0,0,0,0,0,0,0,0,0,0,0,0,0,0,0,0,0,0,0,0,0,0,0,0,0,0,0,0,0,0,0,0,0,0,0,0,0,0,0,0,0,0,0,0,0,0,0,0,0,0,0,0,0,0,0,0,0,0,0,0,0,0,0,0,0,0,0,0,0,0,0,0,0,0,0,0,0,0,0,0,0,0,0,0,0,0,0,0,0,0,0,0,0,0,0,0,0,0,0,0,0,0,0,0,0,0,0,0,0,0,0,0,0,0,0,0,0,0,0,0,0,0,0,0,0,0,0,0,0,0,0,0,0,0,0,0,0,0,0,0.005781169178305656,0,0,0.005310566726384361,0,0,0,0,0,0,0,0,0,0,0,0,0,0,0,0,0,0,0,0,0,0,0,0,0,0,0,0.003875758308113419,0,0,0,0,0,0,0,0,0,0,0,0,0,0,0,0,0,0,0,0.003926342044782646,0,0,0,0,0,0,0,0,0,0,0,0,0,0,0,0,0,0,0,0,0,0,0,0,0,0,0,0,0,0,0,0,0,0,0,0,0,0,0,0,0,0,0,0.005601809183185653,0,0,0,0,0,0,0,0,0.004175612342108406,0,0,0,0,0,0,0,0,0.00825694312081918,0,0,0,0,0,0,0,0,0,0,0,0,0,0,0,0,0,0,0,0,0,0,0,0,0,0,0.005754377898560231,0.005758843781385204,0.006574698807318216,0.005899037085346743,0.005896953553137341,0.00589322644369433,0.00535520477870879,0.005356538114378443,0.005353829344447584,0.005415051067392047,0.00534629188445703,0.005348131072749172,0.00534629188445703,0.005345350328453124,0.005429457499179885,0.006968416223391246,0.0058221107135892,0.005824402193287543,0.005411628929738622,0,0,0,0,0,0,0,0,0,0,0,0,0,0,0,0,0,0,0,0,0,0,0,0,0,0,0.005300914286329247,0,0,0.006583447630363461,0,0,0,0,0,0,0,0,0,0,0,0,0,0,0,0,0,0,0,0,0,0,0,0,0,0,0,0,0,0,0,0,0,0.005253152081195428,0,0,0,0,0,0,0,0,0,0,0,0,0,0,0,0,0,0,0,0,0,0,0,0,0,0,0,0,0,0,0,0,0,0,0,0,0,0
0,0,0,0,0,0,0,0,0,0,0,0,0,0,0,0,0,0,0,0,0,0,0,0,0,0,0,0,0,0,0,0,0,0,0,0,0,0,0,0.007200685464539725,0,0,0,0,0,0,0,0,0,0,0,0,0,0,0,0,0,0,0,0,0,0,0,0,0,0,0,0,0,0,0,0,0,0,0,0,0,0,0,0,0,0,0,0,0,0,0,0,0,0,0,0,0,0,0,0,0,0,0,0,0,0,0,0,0,0,0.003458129054001829,0,0,0,0,0,0,0,0,0,0,0,0,0,0,0,0,0,0.003437956655138017,0,0,0,0,0,0,0,0,0,0,0,0,0,0,0,0,0,0,0,0,0,0,0,0,0,0,0,0,0,0,0,0,0,0,0,0,0,0,0,0,0,0,0,0,0,0,0,0,0,0,0,0,0,0,0,0,0,0,0.003604062236741823,0,0.003170930785751692,0,0,0,0,0,0,0,0,0,0,0,0,0,0,0,0,0,0,0,0.003995258595141726,0,0,0,0,0,0,0,0,0,0,0,0,0,0,0,0,0,0,0,0,0,0,0,0,0,0,0,0,0,0,0,0,0,0,0,0,0,0,0,0,0,0,0,0,0,0,0,0,0,0,0,0,0,0,0,0.00712616998042491,0,0,0.006390029990941832,0,0,0,0,0,0,0,0,0,0,0,0,0,0,0,0,0,0,0,0,0,0,0,0,0,0,0,0,0,0,0,0,0,0,0,0,0,0,0,0,0,0,0,0,0,0,0,0,0,0,0,0,0,0,0,0,0,0,0,0,0,0,0,0,0,0,0,0,0,0,0,0,0,0,0,0,0,0,0,0,0,0,0,0,0,0,0,0,0.007119917236715349,0,0,0,0,0,0,0,0,0,0,0.00814787482990535,0.008442068235643667,0,0,0.005860890720638386,0.002901758696821364,0,0,0,0,0,0,0,0,0,0,0,0,0,0,0,0,0,0,0,0,0,0,0,0,0,0,0,0,0,0,0,0.005319088930826811,0,0.007818039429838953,0.00860252099660932,0.007643448649898902,0,0.00434789693865141,0.004078270163949871,0,0,0,0,0,0
0,0,0,0,0,0,0,0,0,0,0,0,0,0,0,0,0,0,0,0,0,0,0,0,0,0,0,0,0,0,0,0,0,0,0,0,0,0,0,0,0,0,0,0,0,0,0,0,0,0,0,0,0,0,0,0,0,0,0,0,0,0,0,0,0,0,0,0,0,0,0,0,0,0,0,0,0,0,0,0,0,0,0,0,0,0,0,0,0,0,0,0,0,0,0,0,0,0,0,0,0,0,0,0,0,0,0,0,0,0,0,0,0,0,0,0,0,0,0,0,0,0,0,0,0,0,0,0,0,0,0,0,0,0,0,0,0,0,0,0,0,0,0,0,0,0,0,0,0,0,0,0,0,0,0.005192028620269877,0,0,0.005043381922208188,0,0,0,0,0,0,0,0,0,0,0,0,0,0,0,0,0,0,0,0,0,0,0,0,0,0,0,0,0,0,0,0,0,0,0,0,0,0,0,0,0,0,0,0,0,0,0,0.004635154226890223,0,0,0,0,0,0,0,0,0,0,0,0,0,0,0,0,0,0,0,0,0,0,0,0,0,0,0,0,0,0,0,0,0,0,0,0,0,0,0,0,0,0,0,0.005248272776780307,0,0,0,0,0,0,0,0,0.004716919161581541,0,0,0,0,0,0,0.00825694312081918,0,0,0,0,0,0,0,0,0,0,0,0,0,0,0,0,0,0,0,0,0,0,0,0,0,0,0,0,0.00495837640970808,0.004962615884349165,0.006077030837846357,0.005183710683358636,0.005181681644657363,0.005178056226958832,0.005185199566645655,0.004975594186059047,0.004974319435431212,0.005042945049293616,0.00497175919097882,0.004973646345454391,0.00497175919097882,0.00497023826656464,0.00500813169209636,0.005373168700929227,0.005213711107430346,0.005215950529880544,0.004951572011185279,0,0,0,0,0,0,0,0,0,0,0,0,0,0,0,0,0,0,0,0,0,0,0,0,0,0,0.005053769255168766,0,0,0.006325318958870367,0,0,0,0,0,0,0,0,0,0,0,0,0,0,0,0,0,0,0,0,0,0,0,0,0,0,0,0,0,0,0,0,0,0.004902828193050408,0,0,0,0,0,0,0,0,0,0,0,0,0,0,0,0,0,0,0,0,0,0,0,0,0,0,0,0,0,0,0,0,0,0,0,0,0,0
0,0,0,0,0,0,0,0,0,0,0,0,0,0,0,0,0,0,0,0,0,0,0,0,0,0,0,0,0,0,0,0,0,0,0,0,0,0,0,0,0,0,0,0,0,0,0,0,0,0,0.005473530589053303,0.005675419851035991,0,0,0,0,0,0,0,0,0,0,0,0,0,0,0,0,0,0,0,0,0,0,0,0,0,0,0,0,0.00543821977807661,0,0,0,0,0,0,0,0,0,0,0,0,0,0,0,0,0,0,0,0,0,0,0,0,0,0,0,0,0,0,0,0,0,0,0,0,0,0,0.003313052073529856,0,0,0,0,0,0,0,0,0,0,0,0,0,0,0,0,0,0,0,0,0,0,0,0,0,0,0,0,0,0.005413154424642476,0,0,0,0,0,0,0,0,0,0,0,0,0,0,0.005158364228436998,0,0.003545910226697396,0,0.003088225545753102,0,0,0,0,0,0,0,0,0,0,0,0,0,0,0,0,0,0,0,0.004916027970893168,0,0.003863202346685101,0,0,0,0,0,0,0,0,0,0,0,0,0,0,0,0,0,0,0,0,0,0,0,0,0,0,0,0,0.004645295140269627,0.003266929083635593,0,0,0,0,0,0,0,0,0,0,0,0,0,0,0.005350880961464925,0,0.004453982569768068,0.004897247536140558,0.004766643509385529,0,0.005529033580670453,0.004521697184366062,0.004560606633387979,0,0,0,0,0,0,0,0,0,0,0,0,0,0,0,0,0,0,0,0,0,0,0,0,0,0.005883318696892504,0.004647580195524111,0,0.004776149244896605,0,0,0,0,0,0,0,0,0,0,0,0,0,0,0,0,0,0,0,0,0,0,0,0,0,0,0,0,0,0,0,0,0,0,0,0,0,0,0,0,0,0,0,0,0,0,0,0,0,0,0,0,0,0,0,0,0,0,0,0,0,0,0,0,0,0,0,0,0,0,0,0,0,0,0.00645742410955006,0,0,0,0,0,0,0,0,0,0,0,0,0,0,0,0,0,0,0,0,0,0,0,0,0,0,0,0,0,0,0,0,0,0,0,0,0,0,0,0,0,0,0,0,0,0,0,0,0,0,0,0,0,0,0.005715621292774668,0,0,0,0,0,0,0,0,0.005850509667047987,0,0.006668084939827955,0
0,0,0,0,0,0,0,0,0,0,0,0,0,0,0,0,0,0,0,0,0,0,0,0,0,0,0,0,0,0,0,0,0,0,0,0,0,0,0,0,0,0,0,0,0,0,0,0,0,0,0.007342002761240755,0.008059581820386897,0,0,0,0,0,0,0,0.004702219180940073,0,0,0,0,0,0,0,0,0,0,0,0,0,0,0,0,0,0,0,0,0.006856125291877375,0,0,0,0,0,0,0,0,0,0,0,0,0,0,0,0,0,0.004883212184398818,0,0,0,0,0,0,0,0,0,0,0.004971482170703544,0,0.005047987613660989,0,0,0,0,0,0,0,0,0,0,0,0,0,0,0.004982881024200919,0,0,0.005820931380151026,0,0,0,0,0,0,0,0,0,0,0,0,0,0,0,0,0.004873858641760754,0,0,0.00830855494800644,0,0,0,0,0,0,0,0,0,0,0,0,0,0,0.007864499961151829,0,0,0,0,0,0,0,0,0,0,0,0,0,0,0,0,0,0,0,0,0,0,0,0,0,0,0,0,0,0,0,0,0,0,0,0,0,0,0,0,0,0,0,0,0,0,0,0,0,0.00448929546522187,0,0,0,0,0.006995479095208239,0,0,0,0,0,0,0,0,0,0,0,0,0,0,0,0,0,0,0.005124644993988415,0,0,0.004470747616459325,0,0.004491592143733776,0,0,0,0,0,0,0,0,0,0,0,0,0,0,0,0,0.004784028726807023,0,0,0,0,0,0,0,0.005883318696892504,0,0.007300825519080801,0.006572328120717557,0,0,0,0,0,0,0,0,0,0,0,0,0,0,0,0,0,0,0,0,0,0,0,0,0,0,0,0,0,0,0,0,0,0,0,0,0,0,0,0,0,0,0,0,0,0,0,0,0,0,0,0,0,0,0,0,0,0,0,0,0,0,0,0,0,0,0,0,0,0,0,0,0,0,0,0,0,0,0,0,0.005702509052593652,0,0,0.004966408860693475,0,0,0,0,0,0,0,0,0,0,0,0.004489467619298063,0,0,0.004983781563135815,0,0,0,0.004799655406647537,0,0,0,0,0,0,0,0,0,0,0,0,0,0,0,0,0,0,0,0,0,0,0,0,0,0,0,0.008275468101860394,0,0,0,0,0,0,0,0,0.008204014966289832,0,0.005936381371625834,0
0,0,0,0,0,0,0,0,0,0,0,0,0,0,0,0.004158074709420348,0,0,0,0,0,0,0,0,0,0,0,0,0,0,0,0,0,0,0,0,0,0,0,0,0,0,0,0,0,0,0,0,0,0,0.006860006514865013,0.007583415247845848,0.004376245692508996,0,0,0,0,0,0,0.00399218464628549,0,0,0,0,0,0,0,0,0,0,0,0,0,0,0,0,0,0,0,0,0.006224369228690199,0,0,0,0,0,0,0,0,0,0,0,0,0,0,0,0,0,0.004809573393578486,0,0,0,0,0,0,0,0,0,0,0.00436526319360927,0,0.004899068101529193,0,0,0,0,0,0,0,0,0,0,0,0,0,0,0.004537536261065116,0,0,0.005379007567686658,0,0,0,0,0,0,0,0,0,0,0,0,0,0,0,0,0.003939730008126351,0,0,0.006319974684212206,0,0,0,0,0,0,0,0,0,0,0,0,0,0,0.007698960080723882,0,0,0,0,0,0,0,0,0,0,0,0,0,0,0,0,0,0,0,0,0,0,0,0,0,0,0,0,0,0,0,0,0,0,0,0,0,0,0,0,0,0,0,0,0,0,0,0,0,0.00373555841588084,0,0,0,0,0.006105014064066858,0,0,0,0,0,0,0,0,0,0.003778003522062875,0,0,0,0,0,0,0,0,0.004299416240148181,0,0,0,0,0,0,0,0,0,0,0,0,0,0,0,0,0,0,0,0,0,0,0,0,0,0,0,0,0,0.004647580195524111,0.007300825519080801,0,0.005433510488438198,0,0,0,0,0,0,0,0,0,0,0,0,0,0,0,0,0,0,0,0,0,0,0,0,0,0,0,0,0,0,0,0,0,0,0,0,0,0,0,0,0,0,0,0,0,0,0,0,0,0,0,0,0,0,0,0,0,0,0,0,0,0,0,0,0,0,0,0,0,0,0,0,0,0,0,0.004738416530767816,0,0,0,0,0.004303336482101846,0,0,0.004376660288665795,0,0,0,0,0,0,0,0,0,0,0,0,0,0,0.00441926179304376,0,0,0,0.004248226261545071,0,0,0,0,0,0,0,0,0,0,0,0,0,0,0,0,0,0,0,0,0,0,0,0,0,0,0,0.007323456284126439,0,0,0,0.004176896085660094,0,0,0,0,0.007510784534893646,0,0.004873685105466147,0
0,0,0,0,0,0,0,0,0,0,0,0,0,0,0,0.005205949779944678,0,0,0,0,0,0,0,0,0,0,0,0,0,0,0,0,0,0,0,0,0,0,0,0,0,0,0,0,0,0,0,0,0,0,0.004965115375205565,0.005669160373978275,0,0.004512368044503065,0,0,0,0,0,0.005172911541898812,0,0,0,0,0,0,0,0,0,0,0,0,0,0,0,0,0,0,0,0,0.004424731188005778,0,0,0,0,0,0,0,0,0,0,0,0,0,0,0,0,0,0.004376868209232825,0,0,0,0,0,0,0,0,0,0,0.005119786432228858,0,0,0,0,0,0,0,0,0,0,0,0,0,0,0,0,0.00504619523279423,0,0,0.004774534898768714,0,0,0,0.004457489362897762,0,0,0,0,0,0,0,0,0,0,0,0,0.00493646542622269,0,0,0.006455395648997731,0,0,0,0,0,0,0,0,0,0,0,0,0,0,0.006316475207402111,0,0,0,0,0,0,0,0,0,0,0,0,0,0,0,0,0,0.004245146577195229,0,0,0,0,0,0.004501604376595384,0,0,0,0,0,0,0,0,0,0,0,0,0.005174054271841105,0,0,0,0,0,0,0,0,0,0,0,0,0.006443670716335504,0,0,0,0,0.005873983314425421,0,0,0,0,0,0,0,0,0,0.004201196185837796,0,0,0,0,0,0,0,0,0,0,0,0,0,0,0,0,0,0,0,0,0,0,0,0,0,0,0,0,0,0,0.005146602780242785,0,0,0,0,0,0,0,0,0.006572328120717557,0.005433510488438198,0,0,0,0,0,0,0,0,0,0,0,0,0,0,0,0,0,0,0,0,0,0,0,0,0,0,0,0,0,0,0,0,0,0,0,0,0,0,0,0,0,0,0,0,0,0,0,0,0,0,0,0,0,0,0,0,0,0,0,0,0,0,0,0,0,0,0,0,0,0,0,0,0,0,0,0,0,0,0,0,0,0.006289851863225978,0,0,0.004920516520227856,0,0,0,0,0,0,0,0,0,0,0,0.00504589999058352,0,0,0.004919935164725671,0,0,0,0.004743011391761654,0,0,0,0,0,0,0,0,0,0,0,0,0,0,0,0,0,0,0,0,0,0,0,0,0,0,0,0.005709047668742345,0,0,0,0,0,0,0,0,0.005636409460398251,0,0,0
0,0,0,0,0,0,0,0,0,0,0,0,0,0,0,0,0,0,0,0,0,0,0,0,0,0,0,0,0,0,0,0,0,0,0,0,0,0,0,0,0,0,0,0,0,0,0,0,0,0,0,0,0,0,0,0,0,0,0,0,0,0,0,0,0,0,0,0,0,0,0,0,0,0,0,0,0,0,0,0,0.00422831754576026,0,0,0,0,0,0,0,0,0,0,0,0,0,0,0,0,0,0,0,0,0,0,0,0,0,0,0,0,0,0,0,0,0,0,0,0,0,0,0,0,0,0,0,0,0,0,0,0,0,0,0,0,0,0,0,0,0,0.004461633136102018,0,0,0,0,0,0,0,0,0,0,0,0,0,0,0.005229170212148925,0,0.005150074665657199,0,0,0,0,0,0,0.006139291053447217,0.005916714821335609,0,0,0,0,0,0,0,0,0,0,0,0,0,0,0,0,0,0,0,0,0,0,0,0,0,0,0,0,0,0,0,0,0,0,0,0,0,0,0,0,0,0,0,0,0,0,0,0,0,0,0,0,0,0,0,0,0,0,0,0,0,0.005379629437558223,0,0,0,0,0,0,0,0,0,0.004640326804031177,0,0.004416508417446566,0.004779316085437534,0.004394090133346787,0,0.004379309206622679,0.004645894750795948,0.004968788652830567,0,0,0,0,0,0,0,0,0,0,0,0,0,0,0,0,0,0,0,0,0,0,0,0,0.004776149244896605,0,0,0,0,0,0,0,0,0,0,0,0,0,0,0,0,0,0,0,0,0,0,0,0,0,0,0,0,0,0,0,0,0,0,0,0,0,0,0,0,0,0,0,0,0.00466111295044795,0.004663273341515461,0.004695152691137106,0.004695152691137106,0.004770552949075451,0.004658215573574759,0.00465433994275905,0.004660092375356507,0.00477573927673627,0.004654472322321968,0.004826925117337577,0,0,0,0,0,0,0,0,0,0,0,0,0,0,0,0,0,0,0,0,0,0,0,0,0,0,0,0,0,0,0,0,0,0,0,0,0,0,0,0,0,0,0,0,0,0,0,0,0,0,0,0,0,0,0,0,0,0,0,0,0,0,0,0,0,0,0,0,0,0,0,0,0,0,0,0,0,0,0.004341832783880733,0,0,0,0,0,0,0,0,0.00448831052307375,0,0.005371418560379283,0
0,0,0,0,0,0,0,0,0,0,0.004351602314849838,0,0,0,0,0,0,0.003083962997573179,0,0,0,0,0.004672336098226261,0,0,0,0,0,0,0,0,0,0,0,0,0,0,0,0,0,0.005919320010069219,0,0,0,0,0,0,0,0,0,0,0,0,0,0,0,0,0,0.006885410314585698,0,0,0,0,0,0,0,0,0,0,0,0,0,0,0,0,0,0,0,0,0,0,0,0,0,0,0,0,0,0,0,0,0,0,0,0,0,0,0,0,0,0,0.008341013578702629,0.005540184382326955,0.003176888935567579,0,0,0,0,0,0,0,0,0,0,0,0,0,0,0,0,0.008518084108284966,0,0,0,0.005650107671393655,0,0,0.004454766545728189,0,0,0,0,0,0,0,0,0,0,0,0,0,0,0,0,0,0,0,0,0,0,0,0,0,0,0,0,0,0,0,0,0,0,0,0,0,0,0,0,0,0,0,0,0,0,0,0.007298497680767457,0,0,0,0.006505582700311272,0,0,0,0,0,0,0,0,0,0,0,0,0.003504332906212324,0,0,0,0,0,0,0,0,0,0,0,0,0,0,0,0,0,0,0,0,0,0,0,0,0,0,0,0,0,0,0,0,0,0,0,0,0,0,0,0,0,0,0,0,0,0,0,0,0,0,0,0,0,0,0,0,0,0,0,0,0,0,0,0,0,0,0,0,0,0,0,0,0,0,0,0,0,0,0,0,0,0,0,0,0,0,0,0,0,0,0,0,0,0,0,0,0,0,0,0,0,0,0,0,0,0,0,0,0,0,0,0,0,0,0,0,0,0,0,0,0,0,0,0,0,0,0,0,0,0,0,0,0,0,0,0,0,0,0,0,0,0,0,0,0,0,0,0,0,0,0,0,0,0,0,0,0.004461744005387993,0,0,0,0,0,0,0,0,0,0,0,0,0,0,0,0,0,0,0,0,0,0,0,0,0,0,0,0,0,0,0.003847432180467744,0,0,0,0,0,0,0,0,0,0,0,0,0.003105530648660933,0,0,0,0,0,0,0,0,0,0,0,0,0,0,0,0,0,0,0,0,0.00327755020210367
0,0,0,0,0,0,0,0.005729895364308906,0,0,0,0,0,0,0,0,0,0,0,0,0,0,0,0,0,0,0,0,0,0,0,0,0,0,0,0,0,0,0,0,0,0,0,0,0,0,0,0,0,0,0,0,0,0,0,0,0,0,0,0,0,0,0,0,0,0,0,0,0,0,0,0,0,0,0,0,0,0,0,0,0,0,0,0,0,0,0,0,0,0,0,0,0,0.006122050672664874,0,0,0.005715130934626569,0,0,0,0,0,0,0,0,0,0,0,0,0,0,0,0,0,0,0,0,0,0,0,0,0,0,0,0,0,0,0,0,0,0,0,0,0,0,0,0,0,0,0,0,0,0,0,0,0,0,0,0,0,0,0,0,0,0,0,0.006947021619338175,0,0,0.004756019096109967,0,0,0,0,0,0,0,0,0,0,0,0,0,0,0,0,0,0,0,0,0,0,0,0,0,0,0,0,0,0,0,0,0,0,0,0,0,0,0,0,0,0,0,0,0,0,0,0,0,0,0,0,0,0,0,0,0,0,0,0,0,0,0,0,0,0,0,0,0,0,0,0,0,0,0,0,0,0,0,0,0,0,0,0,0,0,0,0,0,0,0,0,0,0,0,0,0,0,0,0,0,0,0,0,0,0,0,0,0,0,0,0,0,0,0,0.007354760027372301,0.006321750703110888,0.006319344500060132,0.007333477521019323,0,0,0,0,0,0,0,0,0,0,0,0,0.006556759745290374,0.00655269333473921,0.005371157974146988,0,0,0,0,0,0,0,0,0,0,0,0,0,0,0,0,0,0,0,0.00453575352696683,0.004537188872372784,0,0,0,0,0,0,0,0,0,0.007248218443912005,0.007245881699434709,0.006631939879996654,0.006647202308142905,0.006639762190834216,0.00665206177171386,0.00665030443615261,0.006569415840875004,0.006571316018915887,0.006574827847095396,0.006122986121962656,0.006574739705000372,0.005055920406867908,0.005053590002454026,0,0,0,0,0,0,0,0,0,0,0,0,0,0,0,0,0,0,0,0,0,0,0,0,0,0,0,0,0,0,0,0,0,0,0,0,0,0,0,0,0,0,0,0,0,0,0,0,0,0,0,0,0,0,0,0,0,0,0,0,0,0,0,0,0,0,0,0,0,0,0,0,0,0,0,0,0
0,0,0,0,0,0,0,0.005736183706904073,0,0,0,0,0,0,0,0,0,0,0,0,0,0,0,0,0,0,0,0,0,0,0,0,0,0,0,0,0,0,0,0,0,0,0,0,0,0,0,0,0,0,0,0,0,0,0,0,0,0,0,0,0,0,0,0,0,0,0,0,0,0,0,0,0,0,0,0,0,0,0,0,0,0,0,0,0,0,0,0,0,0,0,0,0,0.006120643821431617,0,0,0.005720101664582464,0,0,0,0,0,0,0,0,0,0,0,0,0,0,0,0,0,0,0,0,0,0,0,0,0,0,0,0,0,0,0,0,0,0,0,0,0,0,0,0,0,0,0,0,0,0,0,0,0,0,0,0,0,0,0,0,0,0,0,0.006933718608481843,0,0,0,0,0,0,0,0,0,0,0,0,0,0,0,0,0,0,0,0,0,0,0,0,0,0,0,0,0,0,0,0,0,0,0,0,0,0,0,0,0,0,0,0,0,0,0,0,0,0,0,0,0,0,0,0,0,0,0,0,0,0,0,0,0,0,0,0,0,0,0,0,0,0,0,0,0,0,0,0,0,0,0,0,0,0,0,0,0,0,0,0,0,0,0,0,0,0,0,0,0,0,0,0,0,0,0,0,0,0,0,0,0,0,0,0,0,0.007354760027372301,0,0.006393147511612161,0.006390742124274255,0.007404433175532686,0,0,0,0,0,0,0,0,0,0,0,0,0.006629106552044354,0.006625041583814559,0.005444239067610337,0,0,0,0,0,0,0,0,0,0,0,0,0,0,0,0,0,0,0,0.00460899198685822,0.004610426456674758,0,0,0,0,0,0,0,0,0,0.007320538090959231,0.007318201960790244,0.006704359126001199,0.00671963234407065,0.00671219460847762,0.006724490252039726,0.006722733479033263,0.00664186316354381,0.006643762716661954,0.006647273389885853,0.006195506546858926,0.006647185276778638,0.005128784088244291,0.005126454961920098,0,0,0,0,0,0,0,0,0,0,0,0,0,0,0,0,0,0,0,0,0,0,0,0,0,0,0,0,0,0,0,0,0,0,0,0,0,0,0,0,0,0,0,0,0,0,0,0,0,0,0,0,0,0,0,0,0,0,0,0,0,0,0,0,0,0,0,0,0,0,0,0,0,0,0,0,0
0,0,0,0,0,0,0,0.004598941131170379,0,0,0,0,0,0,0,0,0,0,0,0,0,0,0,0,0,0,0,0,0,0,0,0,0,0,0,0,0,0,0,0,0,0,0,0,0,0,0,0,0,0,0,0,0,0,0,0,0,0,0,0,0,0,0,0,0,0,0,0,0,0,0,0,0,0,0,0,0,0,0,0,0,0,0,0,0,0,0,0,0,0,0,0,0,0.004985826810729704,0,0,0.004642848440882547,0,0,0,0,0,0,0,0,0,0,0,0,0,0,0,0,0,0,0,0,0,0,0,0,0,0,0,0,0,0,0,0,0,0,0,0,0,0,0,0,0,0,0,0,0,0,0,0,0,0,0,0,0,0,0,0,0,0,0,0.005798147900040646,0,0,0,0,0,0,0,0,0,0,0,0,0,0,0,0,0,0,0,0,0,0,0,0,0,0,0,0,0,0,0,0,0,0,0,0,0,0,0,0,0,0,0,0,0,0,0,0,0,0,0,0,0,0,0,0,0,0,0,0,0,0,0,0,0,0,0,0,0,0,0,0,0,0,0,0,0,0,0,0,0,0,0,0,0,0,0,0,0,0,0,0,0,0,0,0,0,0,0,0,0,0.004579067670911768,0,0,0,0,0,0,0,0,0,0,0,0,0,0,0,0.006321750703110888,0.006393147511612161,0,0.008161736908539396,0.006269311912542243,0,0,0,0,0,0,0,0,0,0,0,0,0.00598191617476469,0.005978680533811561,0.004836436859741704,0,0,0,0,0,0,0,0,0,0,0,0,0,0,0,0,0,0,0,0.004558019614988281,0.004559329513415485,0,0,0,0,0,0,0,0,0,0.006183813090544558,0.006182113297087952,0.005786853308082162,0.005516345534427546,0.005511220294346403,0.005519693051198234,0.005518482483369683,0.005739849622767621,0.005741265352509121,0.005743881843960869,0.005139573478454367,0.005743816173595925,0,0,0,0,0,0,0,0,0,0,0,0,0,0,0,0,0,0,0,0,0,0,0,0,0,0,0,0,0,0,0,0,0,0,0,0,0,0,0,0,0,0,0,0,0,0,0,0,0,0,0,0,0,0,0,0,0,0,0,0,0,0,0,0,0,0,0,0,0,0,0,0,0,0,0,0,0,0,0
0,0,0,0,0,0,0,0.004596596002393592,0,0,0,0,0,0,0,0,0,0,0,0,0,0,0,0,0,0,0,0,0,0,0,0,0,0,0,0,0,0,0,0,0,0,0,0,0,0,0,0,0,0,0,0,0,0,0,0,0,0,0,0,0,0,0,0,0,0,0,0,0,0,0,0,0,0,0,0,0,0,0,0,0,0,0,0,0,0,0,0,0,0,0,0,0,0.004983485739592812,0,0,0.004640434893322992,0,0,0,0,0,0,0,0,0,0,0,0,0,0,0,0,0,0,0,0,0,0,0,0,0,0,0,0,0,0,0,0,0,0,0,0,0,0,0,0,0,0,0,0,0,0,0,0,0,0,0,0,0,0,0,0,0,0,0,0.005795816547004139,0,0,0,0,0,0,0,0,0,0,0,0,0,0,0,0,0,0,0,0,0,0,0,0,0,0,0,0,0,0,0,0,0,0,0,0,0,0,0,0,0,0,0,0,0,0,0,0,0,0,0,0,0,0,0,0,0,0,0,0,0,0,0,0,0,0,0,0,0,0,0,0,0,0,0,0,0,0,0,0,0,0,0,0,0,0,0,0,0,0,0,0,0,0,0,0,0,0,0,0,0,0.004576925400232586,0,0,0,0,0,0,0,0,0,0,0,0,0,0,0,0.006319344500060132,0.006390742124274255,0.008161736908539396,0,0.00626698342286082,0,0,0,0,0,0,0,0,0,0,0,0,0.005979701633097058,0.005976465992143928,0.004834891709345948,0,0,0,0,0,0,0,0,0,0,0,0,0,0,0,0,0,0,0,0.004556708079214272,0.004558017977641476,0,0,0,0,0,0,0,0,0,0.006181485034012229,0.006179785240555623,0.005784730257060082,0.005514384595350409,0.005509259355269266,0.005517732112121097,0.005516521544292547,0.005737764178216947,0.005739179907958447,0.005741796399410195,0.005137829528946283,0.00574173072904525,0,0,0,0,0,0,0,0,0,0,0,0,0,0,0,0,0,0,0,0,0,0,0,0,0,0,0,0,0,0,0,0,0,0,0,0,0,0,0,0,0,0,0,0,0,0,0,0,0,0,0,0,0,0,0,0,0,0,0,0,0,0,0,0,0,0,0,0,0,0,0,0,0,0,0,0,0,0,0
0,0,0,0,0,0,0,0.005808647315501937,0,0,0,0,0,0,0,0,0,0,0,0,0,0,0,0,0,0,0,0,0,0,0,0,0,0,0,0,0,0,0,0,0,0,0,0,0,0,0,0,0,0,0,0,0,0,0,0,0,0,0,0,0,0,0,0,0,0,0,0,0,0,0,0,0,0,0,0,0,0,0,0,0,0,0,0,0,0,0,0,0,0,0,0,0,0.006192934551224246,0,0,0.005615603232701901,0,0,0,0,0,0,0,0,0,0,0,0,0,0,0,0,0,0,0,0,0,0,0,0,0,0,0,0,0,0,0,0,0,0,0,0,0,0,0,0,0,0,0,0,0,0,0,0,0,0,0,0,0,0,0,0,0,0,0,0.007005646672237217,0,0,0.004935986306104425,0,0,0,0,0,0,0,0,0,0,0,0,0,0,0,0,0,0,0,0,0,0,0,0,0,0,0,0,0,0,0,0,0,0,0,0,0,0,0,0,0,0,0,0,0,0,0,0,0,0,0,0,0,0,0,0,0,0,0,0,0,0,0,0,0,0,0,0,0,0,0,0,0,0,0,0,0,0,0,0,0,0,0,0,0,0,0,0,0,0,0,0,0,0,0,0,0,0,0,0,0,0,0,0,0,0,0,0,0,0,0,0,0,0,0.007333477521019323,0.007404433175532686,0.006269311912542243,0.00626698342286082,0,0,0,0,0,0,0,0,0,0,0,0,0,0.006684764690149964,0.00668066549287248,0.005635727088328246,0,0,0,0,0,0,0,0,0,0,0,0,0,0,0,0,0,0,0,0,0,0.004511958269221157,0.004511958269221157,0,0,0,0,0,0,0,0.007392108420992092,0.007389749411004088,0.006488782146162227,0.00647207864438216,0.006465056989135708,0.006476664792215891,0.006475006296260588,0.006431183363028305,0.006432990055173545,0.006436329106699687,0.006071864021804494,0.00643624530106289,0.005322105861385818,0.005319640178456663,0,0,0,0,0,0,0,0,0,0,0,0,0,0,0,0,0,0,0,0,0,0,0,0,0,0,0,0,0,0,0,0,0,0,0,0,0,0,0,0,0,0,0,0,0,0,0,0,0,0,0,0,0,0,0,0,0,0,0,0,0,0,0,0,0,0,0,0,0,0,0,0,0,0,0,0,0
0,0,0,0,0,0,0,0,0,0,0,0,0,0,0,0,0,0,0,0,0,0,0,0.004741715004722784,0,0,0,0,0,0,0,0,0,0,0,0,0,0,0,0,0,0,0,0,0,0,0,0,0,0,0,0,0,0,0,0,0,0,0,0,0,0,0,0,0,0,0,0,0,0,0,0,0,0,0,0,0,0,0,0,0,0,0,0,0,0,0,0,0,0,0,0,0.006227695910237457,0,0.006156494785920326,0.006160211830435601,0,0,0,0,0,0,0,0,0,0,0,0,0,0,0,0,0,0,0,0,0,0,0,0,0,0,0,0,0,0,0,0,0,0,0,0,0,0,0,0,0,0,0,0,0,0,0,0,0,0.004521981155016097,0,0,0,0,0,0.007205334575089877,0.006715223725993969,0,0,0,0,0,0.006981078406409378,0,0,0,0,0,0,0,0,0,0,0,0,0,0,0,0,0,0,0.004635144512330824,0,0,0,0,0,0,0,0,0,0,0,0,0,0,0,0,0,0,0,0,0,0,0,0,0,0,0,0,0.004425290100955262,0.00443762902126859,0.004164869833856714,0,0,0,0,0,0,0,0,0,0,0,0,0,0,0,0,0,0,0,0,0,0,0,0,0,0,0,0,0,0,0,0,0,0,0,0,0,0,0,0,0,0,0,0,0,0,0,0,0.003655289500935628,0,0.003322614455063279,0,0,0,0,0,0,0,0,0,0,0,0,0,0,0,0,0,0,0,0,0.007558743386017376,0.007556787848724888,0.007558743386017376,0.007517615265194576,0.007490470052147528,0.007488542540310572,0.007479722743465363,0.007488542540310572,0.007430819528999899,0.007435591924768994,0.007515146934838911,0,0,0,0,0,0,0,0,0,0,0,0,0,0,0,0,0,0,0,0,0,0,0,0,0,0,0,0,0,0,0,0,0,0,0,0,0,0,0,0,0,0,0,0,0,0,0,0,0,0,0,0,0,0,0,0,0,0,0,0,0,0,0,0,0,0,0,0,0,0,0,0,0,0,0,0,0,0,0,0,0,0,0,0,0,0,0,0,0,0,0,0,0,0,0,0,0,0,0,0,0,0,0,0,0,0,0,0,0,0,0,0,0,0,0,0,0,0,0,0,0,0,0,0
0,0,0,0,0,0,0,0,0,0,0,0,0,0,0,0,0,0,0,0,0,0,0,0.004741715004722785,0,0,0,0,0,0,0,0,0,0,0,0,0,0,0,0,0,0,0,0,0,0,0,0,0,0,0,0,0,0,0,0,0,0,0,0,0,0,0,0,0,0,0,0,0,0,0,0,0,0,0,0,0,0,0,0,0,0,0,0,0,0,0,0,0,0,0,0,0.006227695910237457,0,0.006156494785920327,0.006160211830435601,0,0,0,0,0,0,0,0,0,0,0,0,0,0,0,0,0,0,0,0,0,0,0,0,0,0,0,0,0,0,0,0,0,0,0,0,0,0,0,0,0,0,0,0,0,0,0,0,0,0.004521981155016097,0,0,0,0,0,0.007205334575089877,0.006715223725993969,0,0,0,0,0,0.006981078406409378,0,0,0,0,0,0,0,0,0,0,0,0,0,0,0,0,0,0,0.004635144512330825,0,0,0,0,0,0,0,0,0,0,0,0,0,0,0,0,0,0,0,0,0,0,0,0,0,0,0,0,0.004425290100955262,0.004437629021268591,0.004164869833856715,0,0,0,0,0,0,0,0,0,0,0,0,0,0,0,0,0,0,0,0,0,0,0,0,0,0,0,0,0,0,0,0,0,0,0,0,0,0,0,0,0,0,0,0,0,0,0,0,0.003655289500935628,0,0.003322614455063279,0,0,0,0,0,0,0,0,0,0,0,0,0,0,0,0,0,0,0,0.007558743386017376,0,0.007556787848724888,0.007558743386017376,0.007517615265194576,0.007490470052147528,0.007488542540310573,0.007479722743465363,0.007488542540310573,0.007430819528999899,0.007435591924768994,0.007515146934838911,0,0,0,0,0,0,0,0,0,0,0,0,0,0,0,0,0,0,0,0,0,0,0,0,0,0,0,0,0,0,0,0,0,0,0,0,0,0,0,0,0,0,0,0,0,0,0,0,0,0,0,0,0,0,0,0,0,0,0,0,0,0,0,0,0,0,0,0,0,0,0,0,0,0,0,0,0,0,0,0,0,0,0,0,0,0,0,0,0,0,0,0,0,0,0,0,0,0,0,0,0,0,0,0,0,0,0,0,0,0,0,0,0,0,0,0,0,0,0,0,0,0,0,0
0,0,0,0,0,0,0,0,0,0,0,0,0,0,0,0,0,0,0,0,0,0,0,0.004740128896484952,0,0,0,0,0,0,0,0,0,0,0,0,0,0,0,0,0,0,0,0,0,0,0,0,0,0,0,0,0,0,0,0,0,0,0,0,0,0,0,0,0,0,0,0,0,0,0,0,0,0,0,0,0,0,0,0,0,0,0,0,0,0,0,0,0,0,0,0,0.006225735721651643,0,0.006154554929427796,0.006158271974024563,0,0,0,0,0,0,0,0,0,0,0,0,0,0,0,0,0,0,0,0,0,0,0,0,0,0,0,0,0,0,0,0,0,0,0,0,0,0,0,0,0,0,0,0,0,0,0,0,0,0.004520449115121523,0,0,0,0,0,0.007203390459757566,0.006713302573115119,0,0,0,0,0,0.006979132758348192,0,0,0,0,0,0,0,0,0,0,0,0,0,0,0,0,0,0,0.00463374691893518,0,0,0,0,0,0,0,0,0,0,0,0,0,0,0,0,0,0,0,0,0,0,0,0,0,0,0,0,0.004423818813320039,0.004436118522913987,0.004163463629626255,0,0,0,0,0,0,0,0,0,0,0,0,0,0,0,0,0,0,0,0,0,0,0,0,0,0,0,0,0,0,0,0,0,0,0,0,0,0,0,0,0,0,0,0,0,0,0,0,0.003654098749500108,0,0.003321627367430605,0,0,0,0,0,0,0,0,0,0,0,0,0,0,0,0,0,0,0,0.007556787848724888,0.007556787848724888,0,0.007556787848724888,0.007515670951194917,0.0074885345992011,0.007486593842652923,0.007477779261878299,0.007486593842652923,0.007428904564297439,0.007433674254633686,0.007513195558371353,0,0,0,0,0,0,0,0,0,0,0,0,0,0,0,0,0,0,0,0,0,0,0,0,0,0,0,0,0,0,0,0,0,0,0,0,0,0,0,0,0,0,0,0,0,0,0,0,0,0,0,0,0,0,0,0,0,0,0,0,0,0,0,0,0,0,0,0,0,0,0,0,0,0,0,0,0,0,0,0,0,0,0,0,0,0,0,0,0,0,0,0,0,0,0,0,0,0,0,0,0,0,0,0,0,0,0,0,0,0,0,0,0,0,0,0,0,0,0,0,0,0,0,0
0,0,0,0,0,0,0,0,0,0,0,0,0,0,0,0,0,0,0,0,0,0,0,0.004741715004722784,0,0,0,0,0,0,0,0,0,0,0,0,0,0,0,0,0,0,0,0,0,0,0,0,0,0,0,0,0,0,0,0,0,0,0,0,0,0,0,0,0,0,0,0,0,0,0,0,0,0,0,0,0,0,0,0,0,0,0,0,0,0,0,0,0,0,0,0,0.006227695910237457,0,0.006156494785920326,0.006160211830435601,0,0,0,0,0,0,0,0,0,0,0,0,0,0,0,0,0,0,0,0,0,0,0,0,0,0,0,0,0,0,0,0,0,0,0,0,0,0,0,0,0,0,0,0,0,0,0,0,0,0.004521981155016097,0,0,0,0,0,0.007205334575089877,0.006715223725993969,0,0,0,0,0,0.006981078406409378,0,0,0,0,0,0,0,0,0,0,0,0,0,0,0,0,0,0,0.004635144512330824,0,0,0,0,0,0,0,0,0,0,0,0,0,0,0,0,0,0,0,0,0,0,0,0,0,0,0,0,0.004425290100955262,0.00443762902126859,0.004164869833856715,0,0,0,0,0,0,0,0,0,0,0,0,0,0,0,0,0,0,0,0,0,0,0,0,0,0,0,0,0,0,0,0,0,0,0,0,0,0,0,0,0,0,0,0,0,0,0,0,0.003655289500935628,0,0.003322614455063279,0,0,0,0,0,0,0,0,0,0,0,0,0,0,0,0,0,0,0,0.007558743386017376,0.007558743386017376,0.007556787848724888,0,0.007517615265194576,0.007490470052147528,0.007488542540310572,0.007479722743465363,0.007488542540310572,0.007430819528999899,0.007435591924768994,0.007515146934838911,0,0,0,0,0,0,0,0,0,0,0,0,0,0,0,0,0,0,0,0,0,0,0,0,0,0,0,0,0,0,0,0,0,0,0,0,0,0,0,0,0,0,0,0,0,0,0,0,0,0,0,0,0,0,0,0,0,0,0,0,0,0,0,0,0,0,0,0,0,0,0,0,0,0,0,0,0,0,0,0,0,0,0,0,0,0,0,0,0,0,0,0,0,0,0,0,0,0,0,0,0,0,0,0,0,0,0,0,0,0,0,0,0,0,0,0,0,0,0,0,0,0,0,0
0,0,0,0,0,0,0,0,0,0,0,0,0,0,0,0,0,0,0,0,0,0,0,0.004765635143964312,0,0,0,0,0,0,0,0,0,0,0,0,0,0,0,0,0,0,0,0,0,0,0,0,0,0,0,0,0,0,0,0,0,0,0,0,0,0.003261276341244375,0,0,0,0,0,0,0,0,0,0,0,0,0,0,0,0,0,0,0,0,0,0,0,0,0,0,0,0,0,0,0.006186776450683492,0,0.006157899744939812,0.006161624714367308,0,0,0,0,0,0,0,0,0,0,0,0,0,0,0,0,0,0,0,0,0,0,0,0,0,0,0,0,0,0,0,0,0,0,0,0,0,0,0,0,0,0,0,0,0,0,0,0,0,0.004544961705410017,0,0,0,0,0,0.007206311031334574,0.006704985438896727,0,0,0,0,0,0.0069820735452664,0,0,0,0,0,0,0,0,0,0,0,0,0,0,0,0,0,0,0.004626174884541317,0,0,0,0,0,0,0,0,0,0,0,0,0,0,0,0,0,0,0,0,0,0,0,0,0,0,0,0,0.004440312460808693,0.004431498481293299,0.004156960941553285,0,0,0,0,0,0,0,0,0,0,0,0,0,0,0,0,0,0,0,0,0,0,0,0,0,0,0,0,0,0,0,0,0,0,0,0,0,0,0,0,0,0,0,0,0,0,0,0,0.003653739147311473,0,0,0,0,0,0,0,0,0,0,0,0,0,0,0,0,0,0,0,0,0,0.007517615265194576,0.007517615265194576,0.007515670951194917,0.007517615265194576,0,0.007491800774317367,0.007488963197808002,0.007480677352901453,0.007488963197808003,0.007439740117144425,0.007425249657810813,0.007527423321772293,0,0,0,0,0,0,0,0,0,0,0,0,0,0,0,0,0,0,0,0,0,0,0,0,0,0,0,0,0,0,0,0,0,0,0,0,0,0,0,0,0,0,0,0,0,0,0,0,0,0,0,0,0,0,0,0,0,0,0,0,0,0,0,0,0,0,0,0,0,0,0,0,0,0,0,0,0,0,0,0,0,0,0,0,0,0,0,0,0,0,0,0,0,0,0,0,0,0,0,0,0,0,0,0,0,0,0,0,0,0,0,0,0,0,0,0,0,0,0,0,0,0,0,0
0,0,0,0,0,0,0,0,0,0,0,0,0,0,0,0,0,0,0,0,0,0,0,0.004747519457592903,0,0,0,0,0,0,0,0,0,0,0,0,0,0,0,0,0,0,0,0,0,0,0,0,0,0,0,0,0,0,0,0,0,0,0,0,0,0.003266959000322064,0,0,0,0,0,0,0,0,0,0,0,0,0,0,0,0,0,0,0,0,0,0,0,0,0,0,0,0,0,0,0.006161441471056593,0,0.006276816286944573,0.00628062642081853,0,0,0,0,0,0,0,0,0,0,0,0,0,0,0,0,0,0,0,0,0,0,0,0,0,0,0,0,0,0,0,0,0,0,0,0,0,0,0,0,0,0,0,0,0,0,0,0,0,0.004519526704526242,0,0,0,0,0,0.007180088305293736,0.00670245046857595,0,0,0,0,0,0.006955829577193628,0,0,0,0,0,0,0,0,0,0,0,0,0,0,0,0,0,0,0.004587441648978565,0,0,0,0,0,0,0,0,0,0,0,0,0,0,0,0,0,0,0,0,0,0,0,0,0,0,0,0,0.004413693303771803,0.004398493765785655,0.004116249159496208,0,0,0,0,0,0,0,0,0,0,0,0,0,0,0,0,0,0,0,0,0,0,0,0,0,0,0,0,0,0,0,0,0,0,0,0,0,0,0,0,0,0,0,0,0,0,0,0,0,0,0,0,0,0,0,0,0,0,0,0,0,0,0,0,0,0,0,0,0,0,0.007490470052147528,0.007490470052147528,0.0074885345992011,0.007490470052147528,0.007491800774317367,0,0.007466007403386881,0.007454354612025546,0.007466007403386882,0.007439467906310927,0.007422578277848193,0.007528374840633298,0,0,0,0,0,0,0,0,0,0,0,0,0,0,0,0,0,0,0,0,0,0,0,0,0,0,0,0,0,0,0,0,0,0,0,0,0,0,0,0,0,0,0,0,0,0,0,0,0,0,0,0,0,0,0,0,0,0,0,0,0,0,0,0,0,0,0,0,0,0,0,0,0,0,0,0,0,0,0,0,0,0,0,0,0,0,0,0,0,0,0,0,0,0,0,0,0,0,0,0,0,0,0,0,0,0,0,0,0,0,0,0,0,0,0,0,0,0,0,0,0,0,0,0
0,0,0,0,0,0,0,0,0,0,0,0,0,0,0,0,0,0,0,0,0,0,0,0.005018135879585029,0,0,0,0,0,0,0,0,0,0,0,0,0,0,0,0,0,0,0,0,0,0,0,0,0,0,0,0,0,0,0,0,0,0,0,0,0,0.003492920643863085,0,0,0,0,0,0,0,0,0,0,0,0,0,0,0,0,0,0,0,0,0,0,0,0,0,0,0,0,0,0,0.006157816701865035,0,0.00613221544092959,0.006135951276950325,0,0,0,0,0,0,0,0,0,0,0,0,0,0,0,0,0,0,0,0,0,0,0,0,0,0,0,0,0,0,0,0,0,0,0,0,0,0,0,0,0,0,0,0,0,0,0,0,0,0.004783313406059343,0,0,0,0,0,0.007137996957255111,0.006667559419698023,0,0,0,0,0,0.006913728019432266,0,0,0,0,0,0,0,0,0,0,0,0,0,0,0,0,0,0.003484091468699063,0.004820867292622591,0,0,0,0,0,0,0,0.003222168284242624,0,0,0,0,0,0,0,0,0,0,0,0,0,0,0,0,0,0,0,0,0.004671201691641299,0.004640411385614313,0.004351988514717538,0,0,0,0,0,0,0,0,0,0,0,0,0,0,0,0,0,0,0,0,0,0,0,0,0,0,0,0,0,0,0,0,0,0,0,0,0,0,0,0,0,0,0,0,0,0,0,0,0.003855212415318182,0,0.003265961008932674,0,0,0,0,0,0,0,0,0,0,0,0,0,0,0,0,0,0,0,0.007488542540310572,0.007488542540310573,0.007486593842652923,0.007488542540310572,0.007488963197808002,0.007466007403386881,0,0.007412401430881694,0.007536325108332776,0.007385181925087986,0.007387942286332472,0.007486344713480488,0,0,0,0,0,0,0,0,0,0,0,0,0,0,0,0,0,0,0,0,0,0,0,0,0,0,0,0,0,0,0,0,0,0,0,0,0,0,0,0,0,0,0,0,0,0,0,0,0,0,0,0,0,0,0,0,0,0,0,0,0,0,0,0,0,0,0,0,0,0,0,0,0,0,0,0,0,0,0,0,0,0,0,0,0,0,0,0,0,0,0,0,0,0,0,0,0,0,0,0,0,0,0,0,0,0,0,0,0,0,0,0,0,0,0,0,0,0,0,0,0,0,0,0
0,0,0,0,0,0,0,0,0,0,0,0,0,0,0,0,0,0,0,0,0,0,0,0.004706197227154663,0,0,0,0,0,0,0,0,0,0,0,0,0,0,0,0,0,0,0,0,0,0,0,0,0,0,0,0,0,0,0,0,0,0,0,0,0,0.003535125373555555,0,0,0,0,0,0,0,0,0,0,0,0,0,0,0,0,0,0,0,0,0,0,0,0,0,0,0,0,0,0,0.006148885501171323,0,0.006120461493891971,0.006124185163490536,0,0,0,0,0,0,0,0,0,0,0,0,0,0,0,0,0,0,0,0,0,0,0,0,0,0,0,0,0,0,0,0,0,0,0,0,0,0,0,0,0,0,0,0,0,0,0,0,0,0.004521662515929148,0,0,0,0,0,0.007270465528263991,0.006656045615960875,0,0,0,0,0,0.007046149330275519,0,0,0,0,0,0,0,0,0,0,0,0,0,0,0,0,0,0.003531870587800113,0.004874398630934704,0,0,0,0,0,0,0,0.003265975439743827,0,0,0,0,0,0,0,0,0,0,0,0,0,0,0,0,0,0.003079965159490401,0,0.003888056133855206,0.004417044697011325,0.004648338100759244,0.004405856202290663,0,0,0,0,0,0,0,0,0,0,0,0,0,0,0,0,0,0,0,0,0,0,0,0,0,0,0,0,0,0,0,0,0,0,0,0,0,0,0,0,0,0,0,0,0,0,0,0,0.003908163020312235,0,0,0,0,0,0,0,0,0,0,0,0,0,0,0,0,0,0,0,0,0,0.007479722743465363,0.007479722743465363,0.007477779261878299,0.007479722743465363,0.007480677352901453,0.007454354612025546,0.007412401430881694,0,0.007412401430881695,0.007395070325391689,0.007376108033662,0.007479579252747059,0,0,0,0,0,0,0,0,0,0,0,0,0,0,0,0,0,0,0,0,0,0,0,0,0,0,0,0,0,0,0,0,0,0,0,0,0,0,0,0,0,0,0,0,0,0,0,0,0,0,0,0,0,0,0,0,0,0,0,0,0,0,0,0,0,0,0,0,0,0,0,0,0,0,0,0,0,0,0,0,0,0,0,0,0,0,0,0,0,0,0,0,0,0,0,0,0,0,0,0,0,0,0,0,0,0,0,0,0,0,0,0,0,0,0,0,0,0,0,0,0,0,0,0
0,0,0,0,0,0,0,0,0,0,0,0,0,0,0,0,0,0,0,0,0,0,0,0.00501813587958503,0,0,0,0,0,0,0,0,0,0,0,0,0,0,0,0,0,0,0,0,0,0,0,0,0,0,0,0,0,0,0,0,0,0,0,0,0,0.003492920643863085,0,0,0,0,0,0,0,0,0,0,0,0,0,0,0,0,0,0,0,0,0,0,0,0,0,0,0,0,0,0,0.006157816701865035,0,0.006132215440929591,0.006135951276950326,0,0,0,0,0,0,0,0,0,0,0,0,0,0,0,0,0,0,0,0,0,0,0,0,0,0,0,0,0,0,0,0,0,0,0,0,0,0,0,0,0,0,0,0,0,0,0,0,0,0.004783313406059343,0,0,0,0,0,0.007137996957255111,0.006667559419698024,0,0,0,0,0,0.006913728019432267,0,0,0,0,0,0,0,0,0,0,0,0,0,0,0,0,0,0.003484091468699063,0.004820867292622591,0,0,0,0,0,0,0,0.003222168284242625,0,0,0,0,0,0,0,0,0,0,0,0,0,0,0,0,0,0,0,0,0.0046712016916413,0.004640411385614314,0.004351988514717539,0,0,0,0,0,0,0,0,0,0,0,0,0,0,0,0,0,0,0,0,0,0,0,0,0,0,0,0,0,0,0,0,0,0,0,0,0,0,0,0,0,0,0,0,0,0,0,0,0.003855212415318182,0,0.003265961008932674,0,0,0,0,0,0,0,0,0,0,0,0,0,0,0,0,0,0,0,0.007488542540310572,0.007488542540310573,0.007486593842652923,0.007488542540310572,0.007488963197808003,0.007466007403386882,0.007536325108332776,0.007412401430881695,0,0.007385181925087986,0.007387942286332472,0.007486344713480489,0,0,0,0,0,0,0,0,0,0,0,0,0,0,0,0,0,0,0,0,0,0,0,0,0,0,0,0,0,0,0,0,0,0,0,0,0,0,0,0,0,0,0,0,0,0,0,0,0,0,0,0,0,0,0,0,0,0,0,0,0,0,0,0,0,0,0,0,0,0,0,0,0,0,0,0,0,0,0,0,0,0,0,0,0,0,0,0,0,0,0,0,0,0,0,0,0,0,0,0,0,0,0,0,0,0,0,0,0,0,0,0,0,0,0,0,0,0,0,0,0,0,0,0
0,0,0,0,0,0,0,0,0,0,0,0,0,0,0,0,0,0,0,0,0,0,0,0.004731250643376401,0,0,0,0,0,0,0,0,0,0,0,0,0,0,0,0,0,0,0,0,0,0,0,0,0,0,0,0,0,0,0,0,0,0,0,0,0,0.003268970962348569,0,0,0,0,0,0,0,0,0,0,0,0.003198060689497889,0,0,0,0,0,0,0,0,0,0,0,0,0,0,0,0,0,0,0.006100775679890634,0,0.006106260853876682,0.00610995355606667,0,0,0,0,0,0,0,0,0,0,0,0,0,0,0,0,0,0,0,0,0,0,0,0,0,0,0,0,0,0,0,0,0,0,0,0,0,0,0,0,0,0,0,0,0,0,0,0,0,0.004657235881796255,0,0,0,0,0,0.007120735014412808,0.006732070728868798,0,0,0,0,0,0.006896414485331077,0,0,0,0,0,0,0,0,0,0,0,0,0,0,0,0,0,0.003386715916084797,0.00470656002652838,0,0,0,0,0,0,0,0,0,0,0,0,0,0,0,0,0,0,0,0,0,0,0,0,0,0,0,0,0.004433860208402291,0.004502584967600485,0,0,0,0,0,0,0,0,0,0,0,0,0,0,0,0,0,0,0,0,0,0,0,0,0,0,0,0,0,0,0,0,0,0,0,0,0,0,0,0,0,0,0,0,0,0,0,0,0,0.003818442553897159,0,0.003282325739128258,0,0,0,0,0,0,0,0,0,0,0,0,0,0,0,0,0,0,0,0.007430819528999899,0.007430819528999899,0.007428904564297439,0.007430819528999899,0.007439740117144425,0.007439467906310927,0.007385181925087986,0.007395070325391689,0.007385181925087986,0,0.007452445726353608,0.007352359875868906,0,0,0,0,0,0,0,0,0,0,0,0,0,0,0,0,0,0,0,0,0,0,0,0,0,0,0,0,0,0,0,0,0,0,0,0,0,0,0,0,0,0,0,0,0,0,0,0,0,0,0,0,0,0,0,0,0,0,0,0,0,0,0,0,0,0,0,0,0,0,0,0,0,0,0,0,0,0,0,0,0,0,0,0,0,0,0,0,0,0,0,0,0,0,0,0,0,0,0,0,0,0,0,0,0,0,0,0,0,0,0,0,0,0,0,0,0,0,0,0,0,0,0,0
0,0,0,0,0,0,0,0,0,0,0,0,0,0,0,0,0,0,0,0,0,0,0,0.004731650332617616,0,0,0,0,0,0,0,0,0,0,0,0,0,0,0,0,0,0,0,0,0,0,0,0,0,0,0,0,0,0,0,0,0,0,0,0,0,0.003239831392652222,0,0,0,0,0,0,0,0,0,0,0,0.003222405866278999,0,0,0,0,0,0,0,0,0,0,0,0,0,0,0,0,0,0,0.006105342902241257,0,0.006089252775264408,0.006092935469935884,0,0,0,0,0,0,0,0,0,0,0,0,0,0,0,0,0,0,0,0,0,0,0,0,0,0,0,0,0,0,0,0,0,0,0,0,0,0,0,0,0,0,0,0,0,0,0,0,0,0.004698066787899659,0,0,0,0,0,0.007101797075562829,0.006846897491857707,0,0,0,0,0,0.006877685042177064,0,0,0,0,0,0,0,0,0,0,0,0,0,0,0,0,0,0.003413307876839924,0.004684522916503502,0,0,0,0,0,0,0,0,0,0,0,0,0,0,0,0,0,0,0,0,0,0,0,0,0,0,0,0,0.004427266765446553,0.00448729334369566,0,0,0,0,0,0,0,0,0,0,0,0,0,0,0,0,0,0,0,0,0,0,0,0,0,0,0,0,0,0,0,0,0,0,0,0,0,0,0,0,0,0,0,0,0,0,0,0,0,0.003845938200817369,0,0,0,0,0,0,0,0,0,0,0,0,0,0,0,0,0,0,0,0,0,0.007435591924768994,0.007435591924768994,0.007433674254633686,0.007435591924768994,0.007425249657810813,0.007422578277848193,0.007387942286332472,0.007376108033662,0.007387942286332472,0.007452445726353608,0,0.007345056748903696,0,0,0,0,0,0,0,0,0,0,0,0,0,0,0,0,0,0,0,0,0,0,0,0,0,0,0,0,0,0,0,0,0,0,0,0,0,0,0,0,0,0,0,0,0,0,0,0,0,0,0,0,0,0,0,0,0,0,0,0,0,0,0,0,0,0,0,0,0,0,0,0,0,0,0,0,0,0,0,0,0,0,0,0,0,0,0,0,0,0,0,0,0,0,0,0,0,0,0,0,0,0,0,0,0,0,0,0,0,0,0,0,0,0,0,0,0,0,0,0,0,0,0,0
0,0,0,0,0,0,0,0,0,0,0,0,0,0,0,0,0,0,0,0,0,0,0,0.004979098698188312,0,0,0,0,0,0,0,0,0,0,0,0,0,0,0,0,0,0,0,0,0,0,0,0,0,0,0,0,0,0,0,0,0,0,0,0,0,0.003276799054136164,0,0,0,0,0,0,0,0,0,0,0,0,0,0,0,0,0,0,0,0,0,0,0,0,0,0,0,0,0,0,0.006185098508270525,0,0.006195056332045623,0.006198822878308675,0,0,0,0,0,0,0,0,0,0,0,0,0,0,0,0,0,0,0,0,0,0,0,0,0,0,0,0,0,0,0,0,0,0,0,0,0,0,0,0,0,0,0,0,0,0,0,0,0,0.004505268666538873,0,0,0,0,0,0.007205246036361249,0.006624723183309063,0,0,0,0,0,0.006980815781637046,0,0,0,0,0,0,0,0,0,0,0,0,0,0,0,0,0,0.003440349644716985,0.004647982675996433,0,0,0,0,0,0,0,0,0,0,0,0,0,0,0,0,0,0,0,0,0,0,0,0,0,0,0,0,0.004655805810229041,0.004443976675061507,0.004177295222430529,0,0,0,0,0,0,0,0,0,0,0,0,0,0,0,0,0,0,0,0,0,0,0,0,0,0,0,0,0,0,0,0,0,0,0,0,0,0,0,0,0,0,0,0,0,0,0,0,0,0,0,0,0,0,0,0,0,0,0,0,0,0,0,0,0,0,0,0,0,0,0.007515146934838911,0.007515146934838911,0.007513195558371353,0.007515146934838911,0.007527423321772293,0.007528374840633298,0.007486344713480488,0.007479579252747059,0.007486344713480489,0.007352359875868906,0.007345056748903696,0,0,0,0,0,0,0,0,0,0,0,0,0,0,0,0,0,0,0,0,0,0,0,0,0,0,0,0,0,0,0,0,0,0,0,0,0,0,0,0,0,0,0,0,0,0,0,0,0,0,0,0,0,0,0,0,0,0,0,0,0,0,0,0,0,0,0,0,0,0,0,0,0,0,0,0,0,0,0,0,0,0,0,0,0,0,0,0,0,0,0,0,0,0,0,0,0,0,0,0,0,0,0,0,0,0,0,0,0,0,0,0,0,0,0,0,0,0,0,0,0,0,0,0,0
0,0,0,0,0,0,0,0.004897930060470979,0,0,0,0,0,0,0,0,0,0,0,0,0,0,0,0,0,0,0,0,0,0,0,0,0,0,0,0,0,0,0,0,0,0,0,0,0,0,0,0,0,0,0,0,0,0,0,0,0,0,0,0,0,0,0,0,0,0,0,0,0,0,0,0,0,0,0,0,0,0,0,0,0,0,0,0,0,0,0,0,0,0,0,0,0,0.005276938166823977,0,0,0.005015129545799552,0,0,0,0,0,0,0,0,0,0,0,0,0,0,0,0,0,0,0,0,0,0,0,0,0,0,0,0,0,0,0,0,0,0,0,0,0,0,0,0,0,0,0,0,0,0,0,0,0,0,0,0,0,0,0,0,0,0,0,0.006194663000418281,0,0,0.005414863535354159,0,0,0,0,0,0,0,0,0,0,0,0,0,0,0,0,0,0,0,0,0,0,0,0,0,0,0,0,0,0,0,0,0,0,0,0,0,0,0,0,0,0,0,0,0,0,0,0,0,0,0,0,0,0,0,0,0,0,0,0,0,0,0,0,0,0,0,0,0,0,0,0,0,0,0,0,0,0,0,0,0,0,0,0,0,0,0,0,0,0,0,0,0,0,0,0,0,0,0,0,0,0,0,0,0,0,0,0,0,0,0,0,0,0,0.006556759745290374,0.006629106552044354,0.00598191617476469,0.005979701633097058,0.006684764690149964,0,0,0,0,0,0,0,0,0,0,0,0,0,0.007507402695516472,0.006489436047564889,0,0,0,0,0,0,0,0,0,0,0,0,0,0,0,0,0,0,0,0,0,0.004673138802440054,0.004673138802440054,0,0.004634654664715843,0,0.004635870148708201,0,0,0,0.006570843298751365,0.006568887941540199,0.006174803618376329,0.006127138556279765,0.006120814747568906,0.006386730717652946,0.006385142442803571,0.006425063547779995,0.006426827182729102,0.006430086657777955,0.006147471347649012,0.006430004849402147,0.005791846807822821,0.005789103023244077,0,0,0,0,0,0,0,0,0,0,0,0,0,0,0,0,0,0,0,0,0,0,0,0,0,0,0,0,0,0,0,0,0,0,0,0,0,0,0,0,0,0,0,0,0,0,0,0,0,0,0,0,0,0,0,0,0,0,0,0,0,0,0,0,0,0,0,0,0,0,0,0,0,0,0,0,0
0,0,0,0,0,0,0,0.004893987238389975,0,0,0,0,0,0,0,0,0,0,0,0,0,0,0,0,0,0,0,0,0,0,0,0,0,0,0,0,0,0,0,0,0,0,0,0,0,0,0,0,0,0,0,0,0,0,0,0,0,0,0,0,0,0,0,0,0,0,0,0,0,0,0,0,0,0,0,0,0,0,0,0,0,0,0,0,0,0,0,0,0,0,0,0,0,0.005273001807188992,0,0,0.005011011690014535,0,0,0,0,0,0,0,0,0,0,0,0,0,0,0,0,0,0,0,0,0,0,0,0,0,0,0,0,0,0,0,0,0,0,0,0,0,0,0,0,0,0,0,0,0,0,0,0,0,0,0,0,0,0,0,0,0,0,0,0.006190742854388231,0,0,0.005411626240988303,0,0,0,0,0,0,0,0,0,0,0,0,0,0,0,0,0,0,0,0,0,0,0,0,0,0,0,0,0,0,0,0,0,0,0,0,0,0,0,0,0,0,0,0,0,0,0,0,0,0,0,0,0,0,0,0,0,0,0,0,0,0,0,0,0,0,0,0,0,0,0,0,0,0,0,0,0,0,0,0,0,0,0,0,0,0,0,0,0,0,0,0,0,0,0,0,0,0,0,0,0,0,0,0,0,0,0,0,0,0,0,0,0,0,0.00655269333473921,0.006625041583814559,0.005978680533811561,0.005976465992143928,0.00668066549287248,0,0,0,0,0,0,0,0,0,0,0,0,0.007507402695516472,0,0.00648559881322361,0,0,0,0,0,0,0,0,0,0,0,0,0,0,0,0,0,0,0,0,0,0.004670991677666671,0.004670991677666671,0,0.004632527165271165,0,0.004633742649263521,0,0,0,0.006566929299784688,0.006564973942573523,0.006412662646843997,0.006378579827701486,0.006371855470977397,0.006127734147735335,0.006126240481242045,0.006421268195399324,0.006423031830348431,0.006426291305397284,0.006143933820830078,0.006426209497021476,0.005788615813627444,0.005785872029048701,0,0,0,0,0,0,0,0,0,0,0,0,0,0,0,0,0,0,0,0,0,0,0,0,0,0,0,0,0,0,0,0,0,0,0,0,0,0,0,0,0,0,0,0,0,0,0,0,0,0,0,0,0,0,0,0,0,0,0,0,0,0,0,0,0,0,0,0,0,0,0,0,0,0,0,0,0
0,0,0,0,0,0,0,0,0,0,0,0,0,0,0,0,0,0,0,0,0,0,0,0,0,0,0,0,0,0,0,0,0,0,0,0,0,0,0,0,0,0,0,0,0,0,0,0,0,0,0,0,0,0,0,0,0,0,0,0,0,0,0,0,0,0,0,0,0,0,0,0,0,0,0,0,0,0,0,0,0,0,0,0,0,0,0,0,0,0,0,0,0,0.004432125634453169,0,0,0,0,0,0,0,0,0,0,0,0,0,0,0,0,0,0,0,0,0,0,0,0,0,0,0,0,0,0,0,0,0,0,0,0,0,0,0,0,0,0,0,0,0,0,0,0,0,0,0,0,0,0,0,0,0,0,0,0,0,0,0.005352751019583345,0,0,0.00569853142914052,0,0,0,0,0,0,0,0,0,0,0,0,0,0,0,0,0,0,0,0,0,0,0,0,0,0,0,0,0,0,0,0,0,0,0,0,0,0,0,0,0,0,0,0,0,0,0,0,0,0,0,0,0,0,0,0,0,0,0,0,0,0,0,0,0,0,0,0,0,0,0,0,0,0,0,0,0,0,0,0,0,0,0,0,0,0,0,0,0,0,0,0,0,0,0,0,0,0,0,0,0,0,0,0,0,0,0,0,0,0,0,0,0,0,0.005371157974146988,0.005444239067610337,0.004836436859741704,0.004834891709345948,0.005635727088328246,0,0,0,0,0,0,0,0,0,0,0,0,0.006489436047564889,0.00648559881322361,0,0,0,0,0,0,0,0,0,0,0,0,0,0,0,0,0,0,0,0,0,0,0.004586195214833193,0.004586195214833193,0,0.004640878947225801,0.004638329260636398,0.004642113651087296,0,0.00463841635004515,0,0.005641542525873933,0.005639987856738518,0.006110568263145294,0.006034381372729009,0.006028194324168231,0.006038422402708163,0.006036961038591989,0.005815605629856894,0.005817124795330246,0.005819932452299155,0.00595624122444726,0.005819861983940596,0.005987385238271124,0.005984491268698093,0,0,0,0,0,0,0,0,0,0,0,0,0,0,0,0,0,0,0,0,0,0,0,0,0,0,0,0,0,0,0,0,0,0,0,0,0,0,0,0,0,0,0,0,0,0,0,0,0,0,0,0,0,0,0,0,0,0,0,0,0,0,0,0,0,0,0,0,0,0,0,0,0,0,0,0,0
0,0,0,0,0,0,0,0,0,0,0,0,0,0,0,0,0,0,0,0,0,0,0,0,0,0,0,0,0,0,0,0,0,0,0,0,0,0,0,0,0,0,0,0,0,0,0,0,0,0,0,0,0,0,0,0,0,0,0,0,0,0,0,0,0,0,0,0,0,0,0,0,0,0,0,0,0,0,0,0,0,0,0,0,0,0,0,0,0,0,0,0,0,0,0,0,0,0,0,0,0,0,0,0,0,0,0,0,0,0,0,0,0,0,0,0,0,0,0,0,0,0,0,0,0,0,0,0,0,0,0,0,0,0,0,0,0,0,0,0,0,0,0,0,0,0,0,0,0,0,0,0,0,0,0.006295388938879549,0,0,0.006468241860133412,0,0,0,0,0,0,0,0,0,0,0,0,0,0,0,0,0,0,0,0,0,0,0,0,0,0,0,0,0,0,0,0,0,0,0,0,0,0,0,0,0,0,0,0,0,0,0,0,0,0,0,0,0,0,0,0,0,0,0,0,0,0,0,0,0,0,0,0,0,0,0,0,0,0,0,0,0,0,0,0,0,0,0,0,0,0,0,0,0,0,0,0.005863423859668464,0,0,0,0,0,0,0,0,0,0,0,0,0,0,0,0.005754377898560231,0,0.00495837640970808,0,0,0,0,0,0,0,0,0,0,0,0,0,0,0,0,0,0,0,0,0,0,0,0,0,0,0,0.008093686433700129,0.006856961845376104,0.006612732454717572,0.006611062315885458,0.006608050148869649,0.006811398047112996,0.006812703773596678,0.006802744232168217,0.006773612058622679,0.006730088692444944,0.006731997843416339,0.006730088692444945,0.006730078544433639,0.007004308027218819,0.00580498237257558,0.007048287824595934,0.007050586444954206,0.007102924880166847,0,0,0,0,0,0,0,0,0,0,0,0,0,0,0,0,0,0,0,0,0,0,0,0,0,0,0.006959592756159988,0,0,0.006573528348154634,0,0,0,0,0,0,0,0,0,0,0,0,0,0,0,0,0,0,0,0,0,0,0,0,0,0,0,0,0,0,0,0,0,0.006727862671717858,0,0,0,0,0,0,0,0,0,0,0,0,0,0,0,0,0,0,0,0,0,0,0,0,0,0,0,0,0,0,0,0,0,0,0,0,0,0
0,0,0,0,0,0,0,0,0,0,0,0,0,0,0,0,0,0,0,0,0,0,0,0,0,0,0,0,0,0,0,0,0,0,0,0,0,0,0,0,0,0,0,0,0,0,0,0,0,0,0,0,0,0,0,0,0,0,0,0,0,0,0,0,0,0,0,0,0,0,0,0,0,0,0,0,0,0,0,0,0,0,0,0,0,0,0,0,0,0,0,0,0,0,0,0,0,0,0,0,0,0,0,0,0,0,0,0,0,0,0,0,0,0,0,0,0,0,0,0,0,0,0,0,0,0,0,0,0,0,0,0,0,0,0,0,0,0,0,0,0,0,0,0,0,0,0,0,0,0,0,0,0,0,0.006299488301066457,0,0,0.006472513338056379,0,0,0,0,0,0,0,0,0,0,0,0,0,0,0,0,0,0,0,0,0,0,0,0,0,0,0,0,0,0,0,0,0,0,0,0,0,0,0,0,0,0,0,0,0,0,0,0,0,0,0,0,0,0,0,0,0,0,0,0,0,0,0,0,0,0,0,0,0,0,0,0,0,0,0,0,0,0,0,0,0,0,0,0,0,0,0,0,0,0,0,0.005868712268169572,0,0,0,0,0,0,0,0,0,0,0,0,0,0,0,0.005758843781385204,0,0.004962615884349165,0,0,0,0,0,0,0,0,0,0,0,0,0,0,0,0,0,0,0,0,0,0,0,0,0,0,0.008093686433700129,0,0.00686105285072206,0.006616750668010044,0.006615080531087688,0.006612068367347756,0.006815621903397814,0.00681692761435994,0.006806967719246434,0.006777800687536893,0.006734237943158456,0.006736147094097531,0.006734237943158456,0.00673422359988161,0.007008729406413073,0.005809704551824339,0.007052706389216125,0.007055005009533245,0.007107425645708255,0,0,0,0,0,0,0,0,0,0,0,0,0,0,0,0,0,0,0,0,0,0,0,0,0,0,0.006964049336721534,0,0,0.006577433543334983,0,0,0,0,0,0,0,0,0,0,0,0,0,0,0,0,0,0,0,0,0,0,0,0,0,0,0,0,0,0,0,0,0,0.006732029667581592,0,0,0,0,0,0,0,0,0,0,0,0,0,0,0,0,0,0,0,0,0,0,0,0,0,0,0,0,0,0,0,0,0,0,0,0,0,0
0,0,0,0,0,0,0,0,0,0,0,0,0,0,0,0,0,0,0,0,0,0,0,0,0,0,0,0,0,0,0,0,0,0,0,0,0,0,0,0,0,0,0,0,0,0,0,0,0,0,0,0,0,0,0,0,0,0,0,0,0,0,0,0,0,0,0,0,0,0,0,0,0,0,0,0,0,0,0,0,0,0,0,0,0,0,0,0,0,0,0,0,0,0,0,0,0,0,0,0,0,0,0,0,0,0,0,0,0,0,0,0,0,0,0,0,0,0,0,0,0,0,0,0,0,0,0,0,0,0,0,0,0,0,0,0,0,0,0,0,0,0,0,0,0,0,0,0,0,0,0,0,0,0,0.006567274627160797,0,0,0.006393557289301553,0,0,0,0,0,0,0,0,0,0,0,0,0,0,0,0,0,0,0,0,0,0,0,0,0,0,0,0,0,0,0,0,0,0,0,0,0,0,0,0,0,0,0,0,0,0,0,0,0,0,0,0,0,0,0,0,0,0,0,0,0,0,0,0,0,0,0,0,0,0,0,0,0,0,0,0,0,0,0,0,0,0,0,0,0,0,0,0,0,0,0,0.005350133458977459,0,0,0,0,0,0,0,0,0,0,0,0,0,0,0,0.006574698807318216,0,0.006077030837846357,0,0,0,0,0,0,0,0,0,0,0,0,0,0,0,0,0,0,0,0,0,0,0,0,0,0,0.006856961845376104,0.00686105285072206,0,0.006977171847821068,0.006975349798483107,0.006972066482837581,0.006716400419013421,0.006717679876668305,0.006707700527158593,0.006802112673607456,0.006726169833246776,0.0067280748224143,0.006726169833246776,0.00672598770494193,0.007052670455865589,0.005347364169510553,0.006594195619509495,0.00659628361622037,0.006723576678201123,0,0,0,0,0,0,0,0,0,0,0,0,0,0,0,0,0,0,0,0,0,0,0,0,0,0,0.006732207566710498,0,0,0.007688533885542284,0,0,0,0,0,0,0,0,0,0,0,0,0,0,0,0,0,0,0,0,0,0,0,0,0,0,0,0,0,0,0,0,0,0.006723640774855511,0,0,0,0,0,0,0,0,0,0,0,0,0,0,0,0,0,0,0,0,0,0,0,0,0,0,0,0,0,0,0,0,0,0,0,0,0,0
0,0,0,0,0,0,0,0,0,0,0,0,0,0,0,0,0,0,0,0,0,0,0,0,0,0,0,0,0,0,0,0,0,0,0,0,0,0,0,0,0,0,0,0,0,0,0,0,0,0,0,0,0,0,0,0,0,0,0,0,0,0,0,0,0,0,0,0,0,0,0,0,0,0,0,0,0,0,0,0,0,0,0,0,0,0,0,0,0,0,0,0,0,0,0,0,0,0,0,0,0,0,0,0,0,0,0,0,0,0,0,0,0,0,0,0,0,0,0,0,0,0,0,0,0,0,0,0,0,0,0,0,0,0,0,0,0,0,0,0,0,0,0,0,0,0,0,0,0,0,0,0,0,0,0.007491069598511126,0,0,0.007014479090786659,0,0,0,0,0,0,0,0,0,0,0,0,0,0,0,0,0,0,0,0,0,0,0,0,0,0,0,0,0,0,0,0,0,0,0,0,0,0,0,0,0,0,0,0,0,0,0,0,0,0,0,0,0,0,0,0,0,0,0,0,0,0,0,0,0,0,0,0,0,0,0,0,0,0,0,0,0,0,0,0,0,0,0,0,0,0,0,0,0,0,0,0.00509349271231965,0,0,0,0,0,0,0,0,0,0,0,0,0,0,0,0.005899037085346743,0,0.005183710683358636,0,0,0,0,0,0,0,0,0,0,0,0,0,0,0,0,0,0,0,0,0,0,0,0,0,0,0.006612732454717572,0.006616750668010044,0.006977171847821068,0,0.007900288273674044,0.007896144465186147,0.007347558144671704,0.007349052673788806,0.007339097991817567,0.007412133148318635,0.007364978315760509,0.007367221021034409,0.007364978315760509,0.007364504306788469,0.007415648472871345,0.006243449418856514,0.007485348477317917,0.007487934776907174,0.007343636123655481,0,0,0,0,0,0,0,0,0,0,0,0,0,0,0,0,0,0,0,0,0,0,0,0,0,0,0.007337600123538129,0,0,0.00680628418550069,0,0,0,0,0,0,0,0,0,0,0,0,0,0,0,0,0,0,0,0,0,0,0,0,0,0,0,0,0,0,0,0,0,0.007362332865389212,0,0,0,0,0,0,0,0,0,0,0,0,0,0,0,0,0,0,0,0,0,0,0,0,0,0,0,0,0,0,0,0,0,0,0,0,0,0
0,0,0,0,0,0,0,0,0,0,0,0,0,0,0,0,0,0,0,0,0,0,0,0,0,0,0,0,0,0,0,0,0,0,0,0,0,0,0,0,0,0,0,0,0,0,0,0,0,0,0,0,0,0,0,0,0,0,0,0,0,0,0,0,0,0,0,0,0,0,0,0,0,0,0,0,0,0,0,0,0,0,0,0,0,0,0,0,0,0,0,0,0,0,0,0,0,0,0,0,0,0,0,0,0,0,0,0,0,0,0,0,0,0,0,0,0,0,0,0,0,0,0,0,0,0,0,0,0,0,0,0,0,0,0,0,0,0,0,0,0,0,0,0,0,0,0,0,0,0,0,0,0,0,0.00748869216022174,0,0,0.007012306012643601,0,0,0,0,0,0,0,0,0,0,0,0,0,0,0,0,0,0,0,0,0,0,0,0,0,0,0,0,0,0,0,0,0,0,0,0,0,0,0,0,0,0,0,0,0,0,0,0,0,0,0,0,0,0,0,0,0,0,0,0,0,0,0,0,0,0,0,0,0,0,0,0,0,0,0,0,0,0,0,0,0,0,0,0,0,0,0,0,0,0,0,0.005336282629721896,0,0,0,0,0,0,0,0,0,0,0,0,0,0,0,0.005896953553137341,0,0.005181681644657363,0,0,0,0,0,0,0,0,0,0,0,0,0,0,0,0,0,0,0,0,0,0,0,0,0,0,0.006611062315885458,0.006615080531087688,0.006975349798483107,0.007900288273674044,0,0.007893840386055853,0.007345488114171026,0.007346982655040833,0.007337028150282225,0.007410034898659852,0.007362899607836721,0.007365142313357306,0.007362899607836721,0.007362428511969034,0.007413542783697965,0.006241113932840544,0.007483235643218213,0.007485821943071824,0.00734156969650209,0,0,0,0,0,0,0,0,0,0,0,0,0,0,0,0,0,0,0,0,0,0,0,0,0,0,0.007335487931952545,0,0,0.006804495655396345,0,0,0,0,0,0,0,0,0,0,0,0,0,0,0,0,0,0,0,0,0,0,0,0,0,0,0,0,0,0,0,0,0,0.007360241226529753,0,0,0,0,0,0,0,0,0,0,0,0,0,0,0,0,0,0,0,0,0,0,0,0,0,0,0,0,0,0,0,0,0,0,0,0,0,0
0,0,0,0,0,0,0,0,0,0,0,0,0,0,0,0,0,0,0,0,0,0,0,0,0,0,0,0,0,0,0,0,0,0,0,0,0,0,0,0,0,0,0,0,0,0,0,0,0,0,0,0,0,0,0,0,0,0,0,0,0,0,0,0,0,0,0,0,0,0,0,0,0,0,0,0,0,0,0,0,0,0,0,0,0,0,0,0,0,0,0,0,0,0,0,0,0,0,0,0,0,0,0,0,0,0,0,0,0,0,0,0,0,0,0,0,0,0,0,0,0,0,0,0,0,0,0,0,0,0,0,0,0,0,0,0,0,0,0,0,0,0,0,0,0,0,0,0,0,0,0,0,0,0,0.007484425720788964,0,0,0.007008404376701116,0,0,0,0,0,0,0,0,0,0,0,0,0,0,0,0,0,0,0,0,0,0,0,0,0,0,0,0,0,0,0,0,0,0,0,0,0,0,0,0,0,0,0,0,0,0,0,0,0,0,0,0,0,0,0,0,0,0,0,0,0,0,0,0,0,0,0,0,0,0,0,0,0,0,0,0,0,0,0,0,0,0,0,0,0,0,0,0,0,0,0,0.00508764588951872,0,0,0,0,0,0,0,0,0,0,0,0,0,0,0,0.00589322644369433,0,0.005178056226958832,0,0,0,0,0,0,0,0,0,0,0,0,0,0,0,0,0,0,0,0,0,0,0,0,0,0,0.006608050148869649,0.006612068367347756,0.006972066482837581,0.007896144465186147,0.007893840386055853,0,0.007341762096238806,0.00734325665678393,0.007333302468367256,0.007406258509150972,0.007359158098445082,0.007361400804379564,0.007359158098445082,0.007358691978789794,0.007409752889344179,0.00623693774174924,0.007479433040888662,0.00748201934118611,0.00733784988516766,0,0,0,0,0,0,0,0,0,0,0,0,0,0,0,0,0,0,0,0,0,0,0,0,0,0,0.007331688088669318,0,0,0.006801273605968255,0,0,0,0,0,0,0,0,0,0,0,0,0,0,0,0,0,0,0,0,0,0,0,0,0,0,0,0,0,0,0,0,0,0.007356478061953183,0,0,0,0,0,0,0,0,0,0,0,0,0,0,0,0,0,0,0,0,0,0,0,0,0,0,0,0,0,0,0,0,0,0,0,0,0,0
0,0,0,0,0,0,0,0,0,0,0,0,0,0,0,0,0,0,0,0,0,0,0,0,0,0,0,0,0,0,0,0,0,0,0,0,0,0,0,0,0,0,0,0,0,0,0,0,0,0,0,0,0,0,0,0,0,0,0,0,0,0,0,0,0,0,0,0,0,0,0,0,0,0,0,0,0,0,0,0,0,0,0,0,0,0,0,0,0,0,0,0,0,0,0,0,0,0,0,0,0,0,0,0,0,0,0,0,0,0,0,0,0,0,0,0,0,0,0,0,0,0,0,0,0,0,0,0,0,0,0,0,0,0,0,0,0,0,0,0,0,0,0,0,0,0,0,0,0,0,0,0,0,0,0.006935677130026971,0,0,0.007317389823415765,0,0,0,0,0,0,0,0,0,0,0,0,0,0,0,0,0,0,0,0,0,0,0,0,0,0,0,0,0,0,0,0,0,0,0,0,0,0,0,0,0,0,0,0,0,0,0,0,0,0,0,0,0,0,0,0,0,0,0,0,0,0,0,0,0,0,0,0,0,0,0,0,0,0,0,0,0,0,0,0,0,0,0,0,0,0,0,0,0,0,0,0.004617633984512055,0,0,0,0,0,0,0,0,0,0,0,0,0,0,0,0.00535520477870879,0,0.005185199566645655,0,0,0,0,0,0,0,0,0,0,0,0,0,0,0,0,0,0,0,0,0,0,0,0,0,0,0.006811398047112996,0.006815621903397814,0.006716400419013421,0.007347558144671704,0.007345488114171026,0.007341762096238806,0,0.007790037547725213,0.007780064330934746,0.007722563656136664,0.007671184709722821,0.007673565138210407,0.007671184709722821,0.007670592458959693,0.007720683794779738,0.006160490936327706,0.007406027607143025,0.007408586334605368,0.00770168976186085,0,0,0,0,0,0,0,0,0,0,0,0,0,0,0,0,0,0,0,0,0,0,0,0,0,0,0.007651827347262389,0,0,0.006841356240866784,0,0,0,0,0,0,0,0,0,0,0,0,0,0,0,0,0,0,0,0,0,0,0,0,0,0,0,0,0,0,0,0,0,0.007668606117576008,0,0,0,0,0,0,0,0,0,0,0,0,0,0,0,0,0,0,0,0,0,0,0,0,0,0,0,0,0,0,0,0,0,0,0,0,0,0
0,0,0,0,0,0,0,0,0,0,0,0,0,0,0,0,0,0,0,0,0,0,0,0,0,0,0,0,0,0,0,0,0,0,0,0,0,0,0,0,0,0,0,0,0,0,0,0,0,0,0,0,0,0,0,0,0,0,0,0,0,0,0,0,0,0,0,0,0,0,0,0,0,0,0,0,0,0,0,0,0,0,0,0,0,0,0,0,0,0,0,0,0,0,0,0,0,0,0,0,0,0,0,0,0,0,0,0,0,0,0,0,0,0,0,0,0,0,0,0,0,0,0,0,0,0,0,0,0,0,0,0,0,0,0,0,0,0,0,0,0,0,0,0,0,0,0,0,0,0,0,0,0,0,0.006937177675109828,0,0,0.00731899648437366,0,0,0,0,0,0,0,0,0,0,0,0,0,0,0,0,0,0,0,0,0,0,0,0,0,0,0,0,0,0,0,0,0,0,0,0,0,0,0,0,0,0,0,0,0,0,0,0,0,0,0,0,0,0,0,0,0,0,0,0,0,0,0,0,0,0,0,0,0,0,0,0,0,0,0,0,0,0,0,0,0,0,0,0,0,0,0,0,0,0,0,0.004618709612614188,0,0,0,0,0,0,0,0,0,0,0,0,0,0,0,0.005356538114378443,0,0.004975594186059047,0,0,0,0,0,0,0,0,0,0,0,0,0,0,0,0,0,0,0,0,0,0,0,0,0,0,0.006812703773596678,0.00681692761435994,0.006717679876668305,0.007349052673788806,0.007346982655040833,0.00734325665678393,0.007790037547725213,0,0.007781683616975025,0.007724164887863349,0.007672772865771559,0.007675153293685416,0.007672772865771559,0.007672179252402253,0.007722288937676571,0.006161940234541504,0.007407532714074891,0.007410091440873427,0.007703284841658673,0,0,0,0,0,0,0,0,0,0,0,0,0,0,0,0,0,0,0,0,0,0,0,0,0,0,0.007653432256750529,0,0,0.006627372445018128,0,0,0,0,0,0,0,0,0,0,0,0,0,0,0,0,0,0,0,0,0,0,0,0,0,0,0,0,0,0,0,0,0,0.007670199281761409,0,0,0,0,0,0,0,0,0,0,0,0,0,0,0,0,0,0,0,0,0,0,0,0,0,0,0,0,0,0,0,0,0,0,0,0,0,0
0,0,0,0,0,0,0,0,0,0,0,0,0,0,0,0,0,0,0,0,0,0,0,0,0,0,0,0,0,0,0,0,0,0,0,0,0,0,0,0,0,0,0,0,0,0,0,0,0,0,0,0,0,0,0,0,0,0,0,0,0,0,0,0,0,0,0,0,0,0,0,0,0,0,0,0,0,0,0,0,0,0,0,0,0,0,0,0,0,0,0,0,0,0,0,0,0,0,0,0,0,0,0,0,0,0,0,0,0,0,0,0,0,0,0,0,0,0,0,0,0,0,0,0,0,0,0,0,0,0,0,0,0,0,0,0,0,0,0,0,0,0,0,0,0,0,0,0,0,0,0,0,0,0,0.006929863022484032,0,0,0.007311655102634388,0,0,0,0,0,0,0,0,0,0,0,0,0,0,0,0,0,0,0,0,0,0,0,0,0,0,0,0,0,0,0,0,0,0,0,0,0,0,0,0,0,0,0,0,0,0,0,0,0,0,0,0,0,0,0,0,0,0,0,0,0,0,0,0,0,0,0,0,0,0,0,0,0,0,0,0,0,0,0,0,0,0,0,0,0,0,0,0,0,0,0,0.004618269856874305,0,0,0,0,0,0,0,0,0,0,0,0,0,0,0,0.005353829344447584,0,0.004974319435431212,0,0,0,0,0,0,0,0,0,0,0,0,0,0,0,0,0,0,0,0,0,0,0,0,0,0,0.006802744232168217,0.006806967719246434,0.006707700527158593,0.007339097991817567,0.007337028150282225,0.007333302468367256,0.007780064330934746,0.007781683616975025,0,0.007803868149586028,0.007752501371853539,0.007754881682168585,0.007752501371853539,0.007662164979638133,0.007712237410622803,0.006159477123316133,0.007397489872214022,0.007400048409217009,0.007693248694286875,0,0,0,0,0,0,0,0,0,0,0,0,0,0,0,0,0,0,0,0,0,0,0,0,0,0,0.007643902710247383,0,0,0.006617849263038416,0,0,0,0,0,0,0,0,0,0,0,0,0,0,0,0,0,0,0,0,0,0,0,0,0,0,0,0,0,0,0,0,0,0.007660709113708899,0,0,0,0,0,0,0,0,0,0,0,0,0,0,0,0,0,0,0,0,0,0,0,0,0,0,0,0,0,0,0,0,0,0,0,0,0,0
0,0,0,0,0,0,0,0,0,0,0,0,0,0,0,0,0,0,0,0,0,0,0,0,0,0,0,0,0,0,0,0,0,0,0,0,0,0,0,0,0,0,0,0,0,0,0,0,0,0,0,0,0,0,0,0,0,0,0,0,0,0,0,0,0,0,0,0,0,0,0,0,0,0,0,0,0,0,0,0,0,0,0,0,0,0,0,0,0,0,0,0,0,0,0,0,0,0,0,0,0,0,0,0,0,0,0,0,0,0,0,0,0,0,0,0,0,0,0,0,0,0,0,0,0,0,0,0,0,0,0,0,0,0,0,0,0,0,0,0,0,0,0,0,0,0,0,0,0,0,0,0,0,0,0.007002956875623795,0,0,0.007330449672054975,0,0,0,0,0,0,0,0,0,0,0,0,0,0,0,0,0,0,0,0,0,0,0,0,0,0,0,0,0,0,0,0,0,0,0,0,0,0,0,0,0,0,0,0,0,0,0,0,0,0,0,0,0,0,0,0,0,0,0,0,0,0,0,0,0,0,0,0,0,0,0,0,0,0,0,0,0,0,0,0,0,0,0,0,0,0,0,0,0,0,0,0.004697471865266505,0,0,0,0,0,0,0,0,0,0,0,0,0,0,0,0.005415051067392047,0,0.005042945049293616,0,0,0,0,0,0,0,0,0,0,0,0,0,0,0,0,0,0,0,0,0,0,0,0,0,0,0.006773612058622679,0.006777800687536893,0.006802112673607456,0.007412133148318635,0.007410034898659852,0.007406258509150972,0.007722563656136664,0.007724164887863349,0.007803868149586028,0,0.007767256757043341,0.007769639481577124,0.007767256757043341,0.007676913862382331,0.007711074835835115,0.006177178200728365,0.007415202851501997,0.007417765733290756,0.00772369576119177,0,0,0,0,0,0,0,0,0,0,0,0,0,0,0,0,0,0,0,0,0,0,0,0,0,0,0.007619442249902521,0,0,0.006678573722743308,0,0,0,0,0,0,0,0,0,0,0,0,0,0,0,0,0,0,0,0,0,0,0,0,0,0,0,0,0,0,0,0,0,0.007675459359070233,0,0,0,0,0,0,0,0,0,0,0,0,0,0,0,0,0,0,0,0,0,0,0,0,0,0,0,0,0,0,0,0,0,0,0,0,0,0
0,0,0,0,0,0,0,0,0,0,0,0,0,0,0,0,0,0,0,0,0,0,0,0,0,0,0,0,0,0,0,0,0,0,0,0,0,0,0,0,0,0,0,0,0,0,0,0,0,0,0,0,0,0,0,0,0,0,0,0,0,0,0,0,0,0,0,0,0,0,0,0,0,0,0,0,0,0,0,0,0,0,0,0,0,0,0,0,0,0,0,0,0,0,0,0,0,0,0,0,0,0,0,0,0,0,0,0,0,0,0,0,0,0,0,0,0,0,0,0,0,0,0,0,0,0,0,0,0,0,0,0,0,0,0,0,0,0,0,0,0,0,0,0,0,0,0,0,0,0,0,0,0,0,0.006955669141904564,0,0,0.007272705196711637,0,0,0,0,0,0,0,0,0,0,0,0,0,0,0,0,0,0,0,0,0,0,0,0,0,0,0,0,0,0,0,0,0,0,0,0,0,0,0,0,0,0,0,0,0,0,0,0,0,0,0,0,0,0,0,0,0,0,0,0,0,0,0,0,0,0,0,0,0,0,0,0,0,0,0,0,0,0,0,0,0,0,0,0,0,0,0,0,0,0,0,0.004599339157766917,0,0,0,0,0,0,0,0,0,0,0,0,0,0,0,0.00534629188445703,0,0.00497175919097882,0,0,0,0,0,0,0,0,0,0,0,0,0,0,0,0,0,0,0,0,0,0,0,0,0,0,0.006730088692444944,0.006734237943158456,0.006726169833246776,0.007364978315760509,0.007362899607836721,0.007359158098445082,0.007671184709722821,0.007672772865771559,0.007752501371853539,0.007767256757043341,0,0.007877125155743714,0.007874695988701361,0.007784342065623361,0.007677492828447688,0.006115416408574199,0.007353669798327101,0.007356204786516187,0.007695702047455141,0,0,0,0,0,0,0,0,0,0,0,0,0,0,0,0,0,0,0,0,0,0,0,0,0,0,0.007609650491236476,0,0,0.006617120752708741,0,0,0,0,0,0,0,0,0,0,0,0,0,0,0,0,0,0,0,0,0,0,0,0,0,0,0,0,0,0,0,0,0,0.007782917754186034,0,0,0,0,0,0,0,0,0,0,0,0,0,0,0,0,0,0,0,0,0,0,0,0,0,0,0,0,0,0,0,0,0,0,0,0,0,0
0,0,0,0,0,0,0,0,0,0,0,0,0,0,0,0,0,0,0,0,0,0,0,0,0,0,0,0,0,0,0,0,0,0,0,0,0,0,0,0,0,0,0,0,0,0,0,0,0,0,0,0,0,0,0,0,0,0,0,0,0,0,0,0,0,0,0,0,0,0,0,0,0,0,0,0,0,0,0,0,0,0,0,0,0,0,0,0,0,0,0,0,0,0,0,0,0,0,0,0,0,0,0,0,0,0,0,0,0,0,0,0,0,0,0,0,0,0,0,0,0,0,0,0,0,0,0,0,0,0,0,0,0,0,0,0,0,0,0,0,0,0,0,0,0,0,0,0,0,0,0,0,0,0,0.006957914937093492,0,0,0.007275088449402875,0,0,0,0,0,0,0,0,0,0,0,0,0,0,0,0,0,0,0,0,0,0,0,0,0,0,0,0,0,0,0,0,0,0,0,0,0,0,0,0,0,0,0,0,0,0,0,0,0,0,0,0,0,0,0,0,0,0,0,0,0,0,0,0,0,0,0,0,0,0,0,0,0,0,0,0,0,0,0,0,0,0,0,0,0,0,0,0,0,0,0,0.004601156544148466,0,0,0,0,0,0,0,0,0,0,0,0,0,0,0,0.005348131072749172,0,0.004973646345454391,0,0,0,0,0,0,0,0,0,0,0,0,0,0,0,0,0,0,0,0,0,0,0,0,0,0,0.006731997843416339,0.006736147094097531,0.0067280748224143,0.007367221021034409,0.007365142313357306,0.007361400804379564,0.007673565138210407,0.007675153293685416,0.007754881682168585,0.007769639481577124,0.007877125155743714,0,0.007877125155743714,0.007786770954748304,0.007679884190527258,0.006117659726312622,0.007355902113162181,0.007358437101351267,0.007698093433427424,0,0,0,0,0,0,0,0,0,0,0,0,0,0,0,0,0,0,0,0,0,0,0,0,0,0,0.00761203749119735,0,0,0.006619007182333591,0,0,0,0,0,0,0,0,0,0,0,0,0,0,0,0,0,0,0,0,0,0,0,0,0,0,0,0,0,0,0,0,0,0.007785347508313422,0,0,0,0,0,0,0,0,0,0,0,0,0,0,0,0,0,0,0,0,0,0,0,0,0,0,0,0,0,0,0,0,0,0,0,0,0,0
0,0,0,0,0,0,0,0,0,0,0,0,0,0,0,0,0,0,0,0,0,0,0,0,0,0,0,0,0,0,0,0,0,0,0,0,0,0,0,0,0,0,0,0,0,0,0,0,0,0,0,0,0,0,0,0,0,0,0,0,0,0,0,0,0,0,0,0,0,0,0,0,0,0,0,0,0,0,0,0,0,0,0,0,0,0,0,0,0,0,0,0,0,0,0,0,0,0,0,0,0,0,0,0,0,0,0,0,0,0,0,0,0,0,0,0,0,0,0,0,0,0,0,0,0,0,0,0,0,0,0,0,0,0,0,0,0,0,0,0,0,0,0,0,0,0,0,0,0,0,0,0,0,0,0.006955669141904564,0,0,0.007272705196711637,0,0,0,0,0,0,0,0,0,0,0,0,0,0,0,0,0,0,0,0,0,0,0,0,0,0,0,0,0,0,0,0,0,0,0,0,0,0,0,0,0,0,0,0,0,0,0,0,0,0,0,0,0,0,0,0,0,0,0,0,0,0,0,0,0,0,0,0,0,0,0,0,0,0,0,0,0,0,0,0,0,0,0,0,0,0,0,0,0,0,0,0.004599339157766917,0,0,0,0,0,0,0,0,0,0,0,0,0,0,0,0.00534629188445703,0,0.00497175919097882,0,0,0,0,0,0,0,0,0,0,0,0,0,0,0,0,0,0,0,0,0,0,0,0,0,0,0.006730088692444945,0.006734237943158456,0.006726169833246776,0.007364978315760509,0.007362899607836721,0.007359158098445082,0.007671184709722821,0.007672772865771559,0.007752501371853539,0.007767256757043341,0.007874695988701361,0.007877125155743714,0,0.007784342065623361,0.007677492828447688,0.006115416408574199,0.007353669798327101,0.007356204786516187,0.007695702047455141,0,0,0,0,0,0,0,0,0,0,0,0,0,0,0,0,0,0,0,0,0,0,0,0,0,0,0.007609650491236476,0,0,0.006617120752708741,0,0,0,0,0,0,0,0,0,0,0,0,0,0,0,0,0,0,0,0,0,0,0,0,0,0,0,0,0,0,0,0,0,0.007782917754186034,0,0,0,0,0,0,0,0,0,0,0,0,0,0,0,0,0,0,0,0,0,0,0,0,0,0,0,0,0,0,0,0,0,0,0,0,0,0
0,0,0,0,0,0,0,0,0,0,0,0,0,0,0,0,0,0,0,0,0,0,0,0,0,0,0,0,0,0,0,0,0,0,0,0,0,0,0,0,0,0,0,0,0,0,0,0,0,0,0,0,0,0,0,0,0,0,0,0,0,0,0,0,0,0,0,0,0,0,0,0,0,0,0,0,0,0,0,0,0,0,0,0,0,0,0,0,0,0,0,0,0,0,0,0,0,0,0,0,0,0,0,0,0,0,0,0,0,0,0,0,0,0,0,0,0,0,0,0,0,0,0,0,0,0,0,0,0,0,0,0,0,0,0,0,0,0,0,0,0,0,0,0,0,0,0,0,0,0,0,0,0,0,0.007052023290448732,0,0,0.007368978607412207,0,0,0,0,0,0,0,0,0,0,0,0,0,0,0,0,0,0,0,0,0,0,0,0,0,0,0,0,0,0,0,0,0,0,0,0,0,0,0,0,0,0,0,0,0,0,0,0,0,0,0,0,0,0,0,0,0,0,0,0,0,0,0,0,0,0,0,0,0,0,0,0,0,0,0,0,0,0,0,0,0,0,0,0,0,0,0,0,0,0,0,0.004599569695287535,0,0,0,0,0,0,0,0,0,0,0,0,0,0,0,0.005345350328453124,0,0.00497023826656464,0,0,0,0,0,0,0,0,0,0,0,0,0,0,0,0,0,0,0,0,0,0,0,0,0,0,0.006730078544433639,0.00673422359988161,0.00672598770494193,0.007364504306788469,0.007362428511969034,0.007358691978789794,0.007670592458959693,0.007672179252402253,0.007662164979638133,0.007676913862382331,0.007784342065623361,0.007786770954748304,0.007784342065623361,0,0.007768511742255393,0.006112109858639895,0.007444604321867613,0.007447139042452913,0.007786732890831602,0,0,0,0,0,0,0,0,0,0,0,0,0,0,0,0,0,0,0,0,0,0,0,0,0,0,0.007701524637595479,0,0,0.006709269177821785,0,0,0,0,0,0,0,0,0,0,0,0,0,0,0,0,0,0,0,0,0,0,0,0,0,0,0,0,0,0,0,0,0,0.007878678515851605,0,0,0,0,0,0,0,0,0,0,0,0,0,0,0,0,0,0,0,0,0,0,0,0,0,0,0,0,0,0,0,0,0,0,0,0,0,0
0,0,0,0,0,0,0,0,0,0,0,0,0,0,0,0,0,0,0,0,0,0,0,0,0,0,0,0,0,0,0,0,0,0,0,0,0,0,0,0,0,0,0,0,0,0,0,0,0,0,0,0,0,0,0,0,0,0,0,0,0,0,0,0,0,0,0,0,0,0,0,0,0,0,0,0,0,0,0,0,0,0,0,0,0,0,0,0,0,0,0,0,0,0,0,0,0,0,0,0,0,0,0,0,0,0,0,0,0,0,0,0,0,0,0,0,0,0,0,0,0,0,0,0,0,0,0,0,0,0,0,0,0,0,0,0,0,0,0,0,0,0,0,0,0,0,0,0,0,0,0,0,0,0,0.007103243220088902,0,0,0.007403760968250903,0,0,0,0,0,0,0,0,0,0,0,0,0,0,0,0,0,0,0,0,0,0,0,0,0,0,0,0,0,0,0,0,0,0,0,0,0,0,0,0,0,0,0,0,0,0,0,0,0,0,0,0,0,0,0,0,0,0,0,0,0,0,0,0,0,0,0,0,0,0,0,0,0,0,0,0,0,0,0,0,0,0,0,0,0,0,0,0,0,0,0,0.004955621427228213,0,0,0,0,0,0,0,0,0,0,0,0,0,0,0,0.005429457499179885,0,0.00500813169209636,0,0,0,0,0,0,0,0,0,0,0,0,0,0,0,0,0,0,0,0,0,0,0,0,0,0,0.007004308027218819,0.007008729406413073,0.007052670455865589,0.007415648472871345,0.007413542783697965,0.007409752889344179,0.007720683794779738,0.007722288937676571,0.007712237410622803,0.007711074835835115,0.007677492828447688,0.007679884190527258,0.007677492828447688,0.007768511742255393,0,0.006177695876961665,0.007510057846075486,0.007512631591186395,0.00780390692042335,0,0,0,0,0,0,0,0,0,0,0,0,0,0,0,0,0,0,0,0,0,0,0,0,0,0,0.007712958579126331,0,0,0.006781907180943228,0,0,0,0,0,0,0,0,0,0,0,0,0,0,0,0,0,0,0,0,0,0,0,0,0,0,0,0,0,0,0,0,0,0.007771831685709779,0,0,0,0,0,0,0,0,0,0,0,0,0,0,0,0,0,0,0,0,0,0,0,0,0,0,0,0,0,0,0,0,0,0,0,0,0,0
0,0,0,0,0,0,0,0,0,0,0,0,0,0,0,0,0,0,0,0,0,0,0,0,0,0,0,0,0,0,0,0,0,0,0,0,0,0,0,0,0,0,0,0,0,0,0,0,0,0,0,0,0,0,0,0,0,0,0,0,0,0,0,0,0,0,0,0,0,0,0,0,0,0,0,0,0,0,0,0,0,0,0,0,0,0,0,0,0,0,0,0,0,0,0,0,0,0,0,0,0,0,0,0,0,0,0,0,0,0,0,0,0,0,0,0,0,0,0,0,0,0,0,0,0,0,0,0,0,0,0,0,0,0,0,0,0,0,0,0,0,0,0,0,0,0,0,0,0,0,0,0,0,0,0.006248721640370906,0,0,0.00618847068627461,0,0,0,0,0,0,0,0,0,0,0,0,0,0,0,0,0,0,0,0,0,0,0,0,0,0,0,0,0,0,0,0,0,0,0,0,0,0,0,0,0,0,0,0,0,0,0,0,0,0,0,0,0,0,0,0,0,0,0,0,0,0,0,0,0,0,0,0,0,0,0,0,0,0,0,0,0,0,0,0,0,0,0,0,0,0,0,0,0,0,0,0.005336191886779088,0,0,0,0,0,0,0,0,0,0,0,0,0,0,0,0.006968416223391246,0,0.005373168700929227,0,0,0,0,0,0,0,0,0,0,0,0,0,0,0,0,0,0,0,0,0,0,0,0,0,0,0.00580498237257558,0.005809704551824339,0.005347364169510553,0.006243449418856514,0.006241113932840544,0.00623693774174924,0.006160490936327706,0.006161940234541504,0.006159477123316133,0.006177178200728365,0.006115416408574199,0.006117659726312622,0.006115416408574199,0.006112109858639895,0.006177695876961665,0,0.006711877744307593,0.006714690378322275,0.006118549027582966,0,0,0,0,0,0,0,0,0,0,0,0,0,0,0,0,0,0,0,0,0,0,0,0,0,0,0.006204964125111417,0,0,0.005368287140359733,0,0,0,0,0,0,0,0,0,0,0,0,0,0,0,0,0,0,0,0,0,0,0,0,0,0,0,0,0,0,0,0,0,0.00601496596797475,0,0,0,0,0,0,0,0,0,0,0,0,0,0,0,0,0,0,0,0,0,0,0,0,0,0,0,0,0,0,0,0,0,0,0,0,0,0
0,0,0,0,0,0,0,0,0,0,0,0,0,0,0,0,0,0,0,0,0,0,0,0,0,0,0,0,0,0,0,0,0,0,0,0,0,0,0,0,0,0,0,0,0,0,0,0,0,0,0,0,0,0,0,0,0,0,0,0,0,0,0,0,0,0,0,0,0,0,0,0,0,0,0,0,0,0,0,0,0,0,0,0,0,0,0,0,0,0,0,0,0,0,0,0,0,0,0,0,0,0,0,0,0,0,0,0,0,0,0,0,0,0,0,0,0,0,0,0,0,0,0,0,0,0,0,0,0,0,0,0,0,0,0,0,0,0,0,0,0,0,0,0,0,0,0,0,0,0,0,0,0,0,0.007173628381851595,0,0,0.007116763543897957,0,0,0,0,0,0,0,0,0,0,0,0,0,0,0,0,0,0,0,0,0,0,0,0,0,0,0,0,0,0,0,0,0,0,0,0,0,0,0,0,0,0,0,0,0,0,0,0,0,0,0,0,0,0,0,0,0,0,0,0,0,0,0,0,0,0,0,0,0,0,0,0,0,0,0,0,0,0,0,0,0,0,0,0,0,0,0,0,0,0,0,0.005267898884810035,0,0,0,0,0,0,0,0,0,0,0,0,0,0,0,0.0058221107135892,0,0.005213711107430346,0,0,0,0,0,0,0,0,0,0,0,0,0,0,0,0,0,0,0,0,0,0,0,0,0,0,0.007048287824595934,0.007052706389216125,0.006594195619509495,0.007485348477317917,0.007483235643218213,0.007479433040888662,0.007406027607143025,0.007407532714074891,0.007397489872214022,0.007415202851501997,0.007353669798327101,0.007355902113162181,0.007353669798327101,0.007444604321867613,0.007510057846075486,0.006711877744307593,0,0.008043941947115586,0.007684493457925258,0,0,0,0,0,0,0,0,0,0,0,0,0,0,0,0,0,0,0,0,0,0,0,0,0,0,0.007434159571250003,0,0,0.006599095703255819,0,0,0,0,0,0,0,0,0,0,0,0,0,0,0,0,0,0,0,0,0,0,0,0,0,0,0,0,0,0,0,0,0,0.007447719695765387,0,0,0,0,0,0,0,0,0,0,0,0,0,0,0,0,0,0,0,0,0,0,0,0,0,0,0,0,0,0,0,0,0,0,0,0,0,0
0,0,0,0,0,0,0,0,0,0,0,0,0,0,0,0,0,0,0,0,0,0,0,0,0,0,0,0,0,0,0,0,0,0,0,0,0,0,0,0,0,0,0,0,0,0,0,0,0,0,0,0,0,0,0,0,0,0,0,0,0,0,0,0,0,0,0,0,0,0,0,0,0,0,0,0,0,0,0,0,0,0,0,0,0,0,0,0,0,0,0,0,0,0,0,0,0,0,0,0,0,0,0,0,0,0,0,0,0,0,0,0,0,0,0,0,0,0,0,0,0,0,0,0,0,0,0,0,0,0,0,0,0,0,0,0,0,0,0,0,0,0,0,0,0,0,0,0,0,0,0,0,0,0,0.007176218663910557,0,0,0.007119331691658133,0,0,0,0,0,0,0,0,0,0,0,0,0,0,0,0,0,0,0,0,0,0,0,0,0,0,0,0,0,0,0,0,0,0,0,0,0,0,0,0,0,0,0,0,0,0,0,0,0,0,0,0,0,0,0,0,0,0,0,0,0,0,0,0,0,0,0,0,0,0,0,0,0,0,0,0,0,0,0,0,0,0,0,0,0,0,0,0,0,0,0,0.005270252950132705,0,0,0,0,0,0,0,0,0,0,0,0,0,0,0,0.005824402193287543,0,0.005215950529880544,0,0,0,0,0,0,0,0,0,0,0,0,0,0,0,0,0,0,0,0,0,0,0,0,0,0,0.007050586444954206,0.007055005009533245,0.00659628361622037,0.007487934776907174,0.007485821943071824,0.00748201934118611,0.007408586334605368,0.007410091440873427,0.007400048409217009,0.007417765733290756,0.007356204786516187,0.007358437101351267,0.007356204786516187,0.007447139042452913,0.007512631591186395,0.006714690378322275,0.008043941947115586,0,0.007453580410180158,0,0,0,0,0,0,0,0,0,0,0,0,0,0,0,0,0,0,0,0,0,0,0,0,0,0,0.007436724587083495,0,0,0.006601172921763623,0,0,0,0,0,0,0,0,0,0,0,0,0,0,0,0,0,0,0,0,0,0,0,0,0,0,0,0,0,0,0,0,0,0.00745025538552938,0,0,0,0,0,0,0,0,0,0,0,0,0,0,0,0,0,0,0,0,0,0,0,0,0,0,0,0,0,0,0,0,0,0,0,0,0,0
0,0,0,0,0,0,0,0,0,0,0,0,0,0,0,0,0,0,0,0,0,0,0,0,0,0,0,0,0,0,0,0,0,0,0,0,0,0,0,0,0,0,0,0,0,0,0,0,0,0,0,0,0,0,0,0,0,0,0,0,0,0,0,0,0,0,0,0,0,0,0,0,0,0,0,0,0,0,0,0,0,0,0,0,0,0,0,0,0,0,0,0,0,0,0,0,0,0,0,0,0,0,0,0,0,0,0,0,0,0,0,0,0,0,0,0,0,0,0,0,0,0,0,0,0,0,0,0,0,0,0,0,0,0,0,0,0,0,0,0,0,0,0,0,0,0,0,0,0,0,0,0,0,0,0.007031320722026096,0,0,0.007431028859465147,0,0,0,0,0,0,0,0,0,0,0,0,0,0,0,0,0,0,0,0,0,0,0,0,0,0,0,0,0,0,0,0,0,0,0,0,0,0,0,0,0,0,0,0,0,0,0,0,0,0,0,0,0,0,0,0,0,0,0,0,0,0,0,0,0,0,0,0,0,0,0,0,0,0,0,0,0,0,0,0,0,0,0,0,0,0,0,0,0,0,0,0.00492452922361534,0,0,0,0,0,0,0,0,0,0,0,0,0,0,0,0.005411628929738622,0,0.004951572011185279,0,0,0,0,0,0,0,0,0,0,0,0,0,0,0,0,0,0,0,0,0,0,0,0,0,0,0.007102924880166847,0.007107425645708255,0.006723576678201123,0.007343636123655481,0.00734156969650209,0.00733784988516766,0.00770168976186085,0.007703284841658673,0.007693248694286875,0.00772369576119177,0.007695702047455141,0.007698093433427424,0.007695702047455141,0.007786732890831602,0.00780390692042335,0.006118549027582966,0.007684493457925258,0.007453580410180158,0,0,0,0,0,0,0,0,0,0,0,0,0,0,0,0,0,0,0,0,0,0,0,0,0,0,0,0.007748964084601525,0,0,0.006693084342578925,0,0,0,0,0,0,0,0,0,0,0,0,0,0,0,0,0,0,0,0,0,0,0,0,0,0,0,0,0,0,0,0,0,0.007790067084162475,0,0,0,0,0,0,0,0,0,0,0,0,0,0,0,0,0,0,0,0,0,0,0,0,0,0,0,0,0,0,0,0,0,0,0,0,0,0
0,0,0,0,0,0,0,0,0,0,0,0,0,0,0,0,0,0,0,0,0,0,0,0,0,0,0,0,0,0,0,0,0,0,0,0,0,0,0,0,0,0,0,0,0,0,0,0,0,0,0,0,0,0,0,0,0,0,0,0,0,0,0,0,0,0,0,0,0,0,0,0,0,0,0,0,0,0,0,0,0,0,0,0,0,0,0,0,0,0,0,0,0,0,0,0,0,0,0,0,0,0,0,0,0,0,0,0,0,0,0,0,0,0,0,0,0,0,0,0,0,0,0,0,0,0,0,0,0,0,0,0,0,0,0,0,0,0,0,0,0,0,0,0,0,0,0,0,0,0,0,0,0,0.005158121064166259,0,0.005033901191685605,0,0,0,0,0,0,0.004727441626046274,0.004391650787160506,0,0,0,0,0,0,0,0,0,0,0,0,0,0,0,0,0,0,0,0,0,0,0,0,0,0,0,0,0,0,0,0,0,0,0,0,0,0,0,0,0,0,0,0,0,0,0,0,0,0,0,0,0,0,0,0,0,0,0,0,0,0.005273123966294558,0,0,0,0,0,0,0,0,0,0,0,0,0,0,0,0,0,0,0,0,0,0,0,0,0,0,0,0,0,0,0,0,0,0,0,0,0,0,0,0,0,0,0,0,0,0,0.00466111295044795,0,0.00453575352696683,0.00460899198685822,0.004558019614988281,0.004556708079214272,0,0,0,0,0,0,0,0,0,0,0,0,0,0,0,0,0,0,0,0,0,0,0,0,0,0,0,0,0,0,0,0,0,0,0,0,0.008423130139655254,0.006536763198424523,0.006536763198424523,0.006677683192597235,0.006513949929152205,0.006509921322943537,0.006515900810355785,0.006701648412339559,0.006510058927672787,0.006771434176264038,0,0,0,0,0,0,0,0,0,0,0,0,0,0,0,0,0,0,0,0,0,0,0,0,0,0,0,0,0,0,0,0,0,0,0,0,0,0,0,0,0,0,0,0,0,0,0,0,0,0,0,0,0,0,0,0,0,0,0,0,0,0,0,0,0,0,0,0,0,0,0,0,0,0,0,0,0,0,0,0,0,0,0,0,0,0,0,0,0,0,0
0,0,0,0,0,0,0,0,0,0,0,0,0,0,0,0,0,0,0,0,0,0,0,0,0,0,0,0,0,0,0,0,0,0,0,0,0,0,0,0,0,0,0,0,0,0,0,0,0,0,0,0,0,0,0,0,0,0,0,0,0,0,0,0,0,0,0,0,0,0,0,0,0,0,0,0,0,0,0,0,0,0,0,0,0,0,0,0,0,0,0,0,0,0,0,0,0,0,0,0,0,0,0,0,0,0,0,0,0,0,0,0,0,0,0,0,0,0,0,0,0,0,0,0,0,0,0,0,0,0,0,0,0,0,0,0,0,0,0,0,0,0,0,0,0,0,0,0,0,0,0,0,0,0.005160518424575692,0,0.005036328726232787,0,0,0,0,0,0,0.004729538098507341,0,0,0,0,0,0,0,0,0,0,0,0,0,0,0,0,0,0,0,0,0,0,0,0,0,0,0,0,0,0,0,0,0,0,0,0,0,0,0,0,0,0,0,0,0,0,0,0,0,0,0,0,0,0,0,0,0,0,0,0,0,0,0.0052755309292733,0,0,0,0,0,0,0,0,0,0,0,0,0,0,0,0,0,0,0,0,0,0,0,0,0,0,0,0,0,0,0,0,0,0,0,0,0,0,0,0,0,0,0,0,0,0,0.004663273341515461,0,0.004537188872372784,0.004610426456674758,0.004559329513415485,0.004558017977641476,0,0,0,0,0,0,0,0,0,0,0,0,0,0,0,0,0,0,0,0,0,0,0,0,0,0,0,0,0,0,0,0,0,0,0,0.008423130139655254,0,0.006539093669115397,0.006539093669115397,0.006680079485487286,0.006516280896875818,0.00651225229066715,0.006518231778079399,0.006704047646120447,0.0065123898953964,0.006773780809687617,0,0,0,0,0,0,0,0,0,0,0,0,0,0,0,0,0,0,0,0,0,0,0,0,0,0,0,0,0,0,0,0,0,0,0,0,0,0,0,0,0,0,0,0,0,0,0,0,0,0,0,0,0,0,0,0,0,0,0,0,0,0,0,0,0,0,0,0,0,0,0,0,0,0,0,0,0,0,0,0,0,0,0,0,0,0,0,0,0,0,0
0,0,0,0,0,0,0,0,0,0,0,0,0,0,0,0,0,0,0,0,0,0,0,0,0,0,0,0,0,0,0,0,0,0,0,0,0,0,0,0,0,0,0,0,0,0,0,0,0,0,0,0,0,0,0,0,0,0,0,0,0,0,0,0,0,0,0,0,0,0,0,0,0,0,0,0,0,0,0,0,0,0,0,0,0,0,0,0,0,0,0,0,0,0,0,0,0,0,0,0,0,0,0,0,0,0,0,0,0,0,0,0,0,0,0,0,0,0,0,0,0,0,0,0,0,0,0,0,0,0,0,0,0,0,0,0,0,0,0,0,0,0,0,0,0,0,0,0,0,0,0,0,0,0.005328883746237002,0,0.005565456508157061,0,0,0,0.005423380314918612,0,0,0.004754688425459916,0,0,0,0,0,0,0,0,0,0,0,0,0,0,0,0,0,0,0,0,0,0,0,0,0,0,0,0,0,0,0,0,0,0,0,0,0,0,0,0,0,0,0,0,0,0,0,0,0,0,0,0,0,0,0,0,0,0,0,0,0,0,0.005059268704564589,0,0,0,0,0,0,0,0,0,0,0,0,0,0,0,0,0,0,0,0,0,0,0,0,0,0,0,0,0,0,0,0,0,0,0,0,0,0,0,0,0,0,0,0,0,0,0.004695152691137106,0,0,0,0,0,0.004511958269221157,0,0,0,0,0,0,0,0,0,0,0,0,0.004673138802440054,0.004670991677666671,0.004586195214833193,0,0,0,0,0,0,0,0,0,0,0,0,0,0,0,0,0,0,0,0.006536763198424523,0.006539093669115397,0,0.008255423223725361,0.007404146213127367,0.007671747226561317,0.007666473797707306,0.00767430092198272,0.00722855032796004,0.007666653921728391,0.006914582965115388,0.004604423510756323,0.004603377873064462,0,0,0,0,0,0.004722957183092744,0.004512076626910682,0.004513811845574678,0.005348470536100086,0.004513768293954111,0.00579860172123335,0.005795984934476183,0,0,0,0,0,0,0,0,0,0,0,0,0,0,0,0,0,0,0,0,0,0,0,0,0,0,0,0,0,0,0,0,0,0,0,0,0,0,0,0,0,0,0,0,0,0,0,0,0,0,0,0,0,0,0,0,0,0,0,0,0,0,0,0,0,0,0,0,0,0,0,0,0,0,0,0,0
0,0,0,0,0,0,0,0,0,0,0,0,0,0,0,0,0,0,0,0,0,0,0,0,0,0,0,0,0,0,0,0,0,0,0,0,0,0,0,0,0,0,0,0,0,0,0,0,0,0,0,0,0,0,0,0,0,0,0,0,0,0,0,0,0,0,0,0,0,0,0,0,0,0,0,0,0,0,0,0,0,0,0,0,0,0,0,0,0,0,0,0,0,0,0,0,0,0,0,0,0,0,0,0,0,0,0,0,0,0,0,0,0,0,0,0,0,0,0,0,0,0,0,0,0,0,0,0,0,0,0,0,0,0,0,0,0,0,0,0,0,0,0,0,0,0,0,0,0,0,0,0,0,0.005328883746237002,0,0.005565456508157061,0,0,0,0.005423380314918612,0,0,0.004754688425459916,0,0,0,0,0,0,0,0,0,0,0,0,0,0,0,0,0,0,0,0,0,0,0,0,0,0,0,0,0,0,0,0,0,0,0,0,0,0,0,0,0,0,0,0,0,0,0,0,0,0,0,0,0,0,0,0,0,0,0,0,0,0,0.005059268704564589,0,0,0,0,0,0,0,0,0,0,0,0,0,0,0,0,0,0,0,0,0,0,0,0,0,0,0,0,0,0,0,0,0,0,0,0,0,0,0,0,0,0,0,0,0,0,0.004695152691137106,0,0,0,0,0,0.004511958269221157,0,0,0,0,0,0,0,0,0,0,0,0,0.004673138802440054,0.004670991677666671,0.004586195214833193,0,0,0,0,0,0,0,0,0,0,0,0,0,0,0,0,0,0,0,0.006536763198424523,0.006539093669115397,0.008255423223725361,0,0.007404146213127367,0.007671747226561317,0.007666473797707306,0.00767430092198272,0.00722855032796004,0.007666653921728391,0.006914582965115388,0.004604423510756323,0.004603377873064462,0,0,0,0,0,0.004722957183092744,0.004512076626910682,0.004513811845574678,0.005348470536100086,0.004513768293954111,0.00579860172123335,0.005795984934476183,0,0,0,0,0,0,0,0,0,0,0,0,0,0,0,0,0,0,0,0,0,0,0,0,0,0,0,0,0,0,0,0,0,0,0,0,0,0,0,0,0,0,0,0,0,0,0,0,0,0,0,0,0,0,0,0,0,0,0,0,0,0,0,0,0,0,0,0,0,0,0,0,0,0,0,0,0
0,0,0,0,0,0,0,0,0,0,0,0,0,0,0,0,0,0,0,0,0,0,0,0,0,0,0,0,0,0,0,0,0,0,0,0,0,0,0,0,0,0,0,0,0,0,0,0,0,0,0,0,0,0,0,0,0,0,0,0,0,0,0,0,0,0,0,0,0,0,0,0,0,0,0,0,0,0,0,0,0,0,0,0,0,0,0,0,0,0,0,0,0,0,0,0,0,0,0,0,0,0,0,0,0,0,0,0,0,0,0,0,0,0,0,0,0,0,0,0,0,0,0,0,0,0,0,0,0,0,0,0,0,0,0,0,0,0,0,0,0,0,0,0,0,0,0,0,0,0,0,0,0,0.005552130892384384,0,0.00619669676742794,0,0,0,0.004998811417569807,0,0,0.004827717173300512,0.004178588611758656,0,0,0,0,0,0,0,0,0,0,0,0,0,0,0,0,0,0,0,0,0,0,0,0,0,0,0,0,0,0,0,0,0,0,0,0,0,0,0,0,0,0,0,0,0,0,0,0,0,0,0,0,0,0,0,0,0,0,0,0,0,0.005136275068634456,0,0,0,0,0,0,0,0,0,0,0,0,0,0,0,0,0,0,0,0,0,0,0,0,0,0,0,0,0,0,0,0,0,0,0,0,0,0,0,0,0,0,0,0,0,0,0.004770552949075451,0,0,0,0,0,0,0,0,0,0,0,0,0,0,0,0,0,0,0,0,0,0,0,0,0,0,0,0,0,0,0,0,0,0,0,0,0,0,0,0,0.006677683192597235,0.006680079485487286,0.007404146213127367,0.007404146213127367,0,0.007741256220287578,0.007735935445904717,0.007743832843117996,0.008027054021942594,0.007736117187102648,0.007188750684723804,0,0,0,0,0,0,0,0,0,0,0,0,0.005374235460686314,0.005371926788982967,0,0,0,0,0,0,0,0,0,0,0,0,0,0,0,0,0,0,0,0,0,0,0,0,0,0,0,0,0,0,0,0,0,0,0,0,0,0,0,0,0,0,0,0,0,0,0,0,0,0,0,0,0,0,0,0,0,0,0,0,0,0,0,0,0,0,0,0,0,0,0,0,0,0,0,0,0
0,0,0,0,0,0,0,0,0,0,0,0,0,0,0,0,0,0,0,0,0,0,0,0,0,0,0,0,0,0,0,0,0,0,0,0,0,0,0,0,0,0,0,0,0,0,0,0,0,0,0,0,0,0,0,0,0,0,0,0,0,0,0,0,0,0,0,0,0,0,0,0,0,0,0,0,0,0,0,0,0,0,0,0,0,0,0,0,0,0,0,0,0,0,0,0,0,0,0,0,0,0,0,0,0,0,0,0,0,0,0,0,0,0,0,0,0,0,0,0,0,0,0,0,0,0,0,0,0,0,0,0,0,0,0,0,0,0,0,0,0,0,0,0,0,0,0,0,0,0,0,0,0,0.005439209617811127,0,0.005907746009900236,0,0,0,0.005415408016603125,0,0,0.004716492170180529,0,0,0,0,0,0,0,0,0,0,0,0,0,0,0,0,0,0,0,0,0,0,0,0,0,0,0,0,0,0,0,0,0,0,0,0,0,0,0,0,0,0,0,0,0,0,0,0,0,0,0,0,0,0,0,0,0,0,0,0,0,0,0.004997878728185466,0,0,0,0,0,0,0,0,0,0,0,0,0,0,0,0,0,0,0,0,0,0,0,0,0,0,0,0,0,0,0,0,0,0,0,0,0,0,0,0,0,0,0,0,0,0,0.004658215573574759,0,0,0,0,0,0,0,0,0,0,0,0,0,0,0,0,0,0,0.004634654664715843,0.004632527165271165,0.004640878947225801,0,0,0,0,0,0,0,0,0,0,0,0,0,0,0,0,0,0,0,0.006513949929152205,0.006516280896875818,0.007671747226561317,0.007671747226561317,0.007741256220287578,0,0.008163822429300863,0.00817239667633738,0.007584667352757131,0.008164019746706292,0.007030797033413099,0.004563060505372647,0.004562026033087856,0.004754293655221307,0.004487074100515841,0.004691215826097574,0.004489426038026255,0.004488575503113391,0,0,0.004478063291329956,0.005199317873268139,0,0.005570538420339009,0.005568068349920083,0,0,0,0,0,0,0,0,0,0,0,0,0,0,0,0,0,0,0,0,0,0,0,0,0,0,0,0,0,0,0,0,0,0,0,0,0,0,0,0,0,0,0,0,0,0,0,0,0,0,0,0,0,0,0,0,0,0,0,0,0,0,0,0,0,0,0,0,0,0,0,0,0,0,0,0,0
0,0,0,0,0,0,0,0,0,0,0,0,0,0,0,0,0,0,0,0,0,0,0,0,0,0,0,0,0,0,0,0,0,0,0,0,0,0,0,0,0,0,0,0,0,0,0,0,0,0,0,0,0,0,0,0,0,0,0,0,0,0,0,0,0,0,0,0,0,0,0,0,0,0,0,0,0,0,0,0,0,0,0,0,0,0,0,0,0,0,0,0,0,0,0,0,0,0,0,0,0,0,0,0,0,0,0,0,0,0,0,0,0,0,0,0,0,0,0,0,0,0,0,0,0,0,0,0,0,0,0,0,0,0,0,0,0,0,0,0,0,0,0,0,0,0,0,0,0,0,0,0,0,0.005434641652409025,0,0.005902550675015779,0,0,0,0.00519160761940193,0,0,0.004712741359969073,0,0,0,0,0,0,0,0,0,0,0,0,0,0,0,0,0,0,0,0,0,0,0,0,0,0,0,0,0,0,0,0,0,0,0,0,0,0,0,0,0,0,0,0,0,0,0,0,0,0,0,0,0,0,0,0,0,0,0,0,0,0,0.004993795959087093,0,0,0,0,0,0,0,0,0,0,0,0,0,0,0,0,0,0,0,0,0,0,0,0,0,0,0,0,0,0,0,0,0,0,0,0,0,0,0,0,0,0,0,0,0,0,0.00465433994275905,0,0,0,0,0,0,0,0,0,0,0,0,0,0,0,0,0,0,0,0,0.004638329260636398,0,0,0,0,0,0,0,0,0,0,0,0,0,0,0,0,0,0,0,0.006509921322943537,0.00651225229066715,0.007666473797707306,0.007666473797707306,0.007735935445904717,0.008163822429300863,0,0.008166619882698647,0.007579516119242883,0.008158242953067558,0.007026342640370772,0,0,0.004751644268536689,0.004484706263159886,0.004688639972436418,0.0044870582006703,0.004486207665757435,0,0,0,0.00519624889171154,0,0.005787186599908295,0.005784560118293028,0,0,0,0,0,0,0,0,0,0,0,0,0,0,0,0,0,0,0,0,0,0,0,0,0,0,0,0,0,0,0,0,0,0,0,0,0,0,0,0,0,0,0,0,0,0,0,0,0,0,0,0,0,0,0,0,0,0,0,0,0,0,0,0,0,0,0,0,0,0,0,0,0,0,0,0,0
0,0,0,0,0,0,0,0,0,0,0,0,0,0,0,0,0,0,0,0,0,0,0,0,0,0,0,0,0,0,0,0,0,0,0,0,0,0,0,0,0,0,0,0,0,0,0,0,0,0,0,0,0,0,0,0,0,0,0,0,0,0,0,0,0,0,0,0,0,0,0,0,0,0,0,0,0,0,0,0,0,0,0,0,0,0,0,0,0,0,0,0,0,0,0,0,0,0,0,0,0,0,0,0,0,0,0,0,0,0,0,0,0,0,0,0,0,0,0,0,0,0,0,0,0,0,0,0,0,0,0,0,0,0,0,0,0,0,0,0,0,0,0,0,0,0,0,0,0,0,0,0,0,0.005441421687539461,0,0.005910261887761564,0,0,0,0.005196732995333571,0,0,0.004718308526697079,0,0,0,0,0,0,0,0,0,0,0,0,0,0,0,0,0,0,0,0,0,0,0,0,0,0,0,0,0,0,0,0,0,0,0,0,0,0,0,0,0,0,0,0,0,0,0,0,0,0,0,0,0,0,0,0,0,0,0,0,0,0,0.004999855838153534,0,0,0,0,0,0,0,0,0,0,0,0,0,0,0,0,0,0,0,0,0,0,0,0,0,0,0,0,0,0,0,0,0,0,0,0,0,0,0,0,0,0,0,0,0,0,0.004660092375356507,0,0,0,0,0,0,0,0,0,0,0,0,0,0,0,0,0,0,0.004635870148708201,0.004633742649263521,0.004642113651087296,0,0,0,0,0,0,0,0,0,0,0,0,0,0,0,0,0,0,0,0.006515900810355785,0.006518231778079399,0.00767430092198272,0.00767430092198272,0.007743832843117996,0.00817239667633738,0.008166619882698647,0,0.007587161874216335,0.008166817200104075,0.00703295410491861,0.00456424119392834,0.004563206721643548,0.00475557663956287,0.004488220742592927,0.004692463201549639,0.004490572680103342,0.004489722145190478,0,0,0.004479204117370116,0.005200804049410156,0,0.005572206051017121,0.005569735980598195,0,0,0,0,0,0,0,0,0,0,0,0,0,0,0,0,0,0,0,0,0,0,0,0,0,0,0,0,0,0,0,0,0,0,0,0,0,0,0,0,0,0,0,0,0,0,0,0,0,0,0,0,0,0,0,0,0,0,0,0,0,0,0,0,0,0,0,0,0,0,0,0,0,0,0,0,0
0,0,0,0,0,0,0,0,0,0,0,0,0,0,0,0,0,0,0,0,0,0,0,0,0,0,0,0,0,0,0,0,0,0,0,0,0,0,0,0,0,0,0,0,0,0,0,0,0,0,0,0,0,0,0,0,0,0,0,0,0,0,0,0,0,0,0,0,0,0,0,0,0,0,0,0,0,0,0,0,0,0,0,0,0,0,0,0,0,0,0,0,0,0,0,0,0,0,0,0,0,0,0,0,0,0,0,0,0,0,0,0,0,0,0,0,0,0,0,0,0,0,0,0,0,0,0,0,0,0,0,0,0,0,0,0,0,0,0,0,0,0,0,0,0,0,0,0,0,0,0,0,0,0.005551251394157256,0,0.006363083046257354,0,0,0,0.004785142439099944,0,0,0.0048334725621885,0.004188258979908922,0,0,0,0,0,0,0,0,0,0,0,0,0,0,0,0,0,0,0,0,0,0,0,0,0,0,0,0,0,0,0,0,0,0,0,0,0,0,0,0,0,0,0,0,0,0,0,0,0,0,0,0,0,0,0,0,0,0,0,0,0,0.005157810851120963,0,0,0,0,0,0,0,0,0,0,0,0,0,0,0,0,0,0,0,0,0,0,0,0,0,0,0,0,0,0,0,0,0,0,0,0,0,0,0,0,0,0,0,0,0,0,0.00477573927673627,0,0,0,0,0,0,0,0,0,0,0,0,0,0,0,0,0,0,0,0,0,0,0,0,0,0,0,0,0,0,0,0,0,0,0,0,0,0,0,0,0.006701648412339559,0.006704047646120447,0.00722855032796004,0.00722855032796004,0.008027054021942594,0.007584667352757131,0.007579516119242883,0.007587161874216335,0,0.007579692069449064,0.007209122971025914,0,0,0,0,0,0,0,0,0,0,0,0,0.005161625332379646,0.005159476457484718,0,0,0,0,0,0,0,0,0,0,0,0,0,0,0,0,0,0,0,0,0,0,0,0,0,0,0,0,0,0,0,0,0,0,0,0,0,0,0,0,0,0,0,0,0,0,0,0,0,0,0,0,0,0,0,0,0,0,0,0,0,0,0,0,0,0,0,0,0,0,0,0,0,0,0,0,0
0,0,0,0,0,0,0,0,0,0,0,0,0,0,0,0,0,0,0,0,0,0,0,0,0,0,0,0,0,0,0,0,0,0,0,0,0,0,0,0,0,0,0,0,0,0,0,0,0,0,0,0,0,0,0,0,0,0,0,0,0,0,0,0,0,0,0,0,0,0,0,0,0,0,0,0,0,0,0,0,0,0,0,0,0,0,0,0,0,0,0,0,0,0,0,0,0,0,0,0,0,0,0,0,0,0,0,0,0,0,0,0,0,0,0,0,0,0,0,0,0,0,0,0,0,0,0,0,0,0,0,0,0,0,0,0,0,0,0,0,0,0,0,0,0,0,0,0,0,0,0,0,0,0.005434797679980305,0,0.005902728131588377,0,0,0,0.005411861129328245,0,0,0.004712869476046169,0,0,0,0,0,0,0,0,0,0,0,0,0,0,0,0,0,0,0,0,0,0,0,0,0,0,0,0,0,0,0,0,0,0,0,0,0,0,0,0,0,0,0,0,0,0,0,0,0,0,0,0,0,0,0,0,0,0,0,0,0,0,0.004993935413853152,0,0,0,0,0,0,0,0,0,0,0,0,0,0,0,0,0,0,0,0,0,0,0,0,0,0,0,0,0,0,0,0,0,0,0,0,0,0,0,0,0,0,0,0,0,0,0.004654472322321968,0,0,0,0,0,0,0,0,0,0,0,0,0,0,0,0,0,0,0,0,0.00463841635004515,0,0,0,0,0,0,0,0,0,0,0,0,0,0,0,0,0,0,0,0.006510058927672787,0.0065123898953964,0.007666653921728391,0.007666653921728391,0.007736117187102648,0.008164019746706292,0.008158242953067558,0.008166817200104075,0.007579692069449064,0,0.007026494788661474,0,0,0.004751734763392362,0.004484787141161208,0.004688727955631418,0.004487139078671622,0.004486288543758758,0,0,0,0.005196353718630404,0,0.005787311711602702,0.005784685229987435,0,0,0,0,0,0,0,0,0,0,0,0,0,0,0,0,0,0,0,0,0,0,0,0,0,0,0,0,0,0,0,0,0,0,0,0,0,0,0,0,0,0,0,0,0,0,0,0,0,0,0,0,0,0,0,0,0,0,0,0,0,0,0,0,0,0,0,0,0,0,0,0,0,0,0,0,0
0,0,0,0,0,0,0,0,0,0,0,0,0,0,0,0,0,0,0,0,0,0,0,0,0,0,0,0,0,0,0,0,0,0,0,0,0,0,0,0,0,0,0,0,0,0,0,0,0,0,0,0,0,0,0,0,0,0,0,0,0,0,0,0,0,0,0,0,0,0,0,0,0,0,0,0,0,0,0,0,0,0,0,0,0,0,0,0,0,0,0,0,0,0,0,0,0,0,0,0,0,0,0,0,0,0,0,0,0,0,0,0,0,0,0,0,0,0,0,0,0,0,0,0,0,0,0,0,0,0,0,0,0,0,0,0,0,0,0,0,0,0,0,0,0,0,0,0,0,0,0,0,0,0.006516188678141757,0,0.005541565223951521,0,0,0,0.005003632747329251,0,0,0.004877903519922986,0.004224429477514671,0,0,0,0,0,0,0,0,0,0,0,0,0,0,0,0,0,0,0,0,0,0,0,0,0,0,0,0,0,0,0,0,0,0,0,0,0,0,0,0,0,0,0,0,0,0,0,0,0,0,0,0,0,0,0,0,0,0,0,0,0,0.005201723462598878,0,0,0,0,0,0,0,0,0,0,0,0,0,0,0,0,0,0,0,0,0,0,0,0,0,0,0,0,0,0,0,0,0,0,0,0,0,0,0,0,0,0,0,0,0,0,0.004826925117337577,0,0,0,0,0,0,0,0,0,0,0,0,0,0,0,0,0,0,0,0,0,0,0,0,0,0,0,0,0,0,0,0,0,0,0,0,0,0,0,0,0.006771434176264038,0.006773780809687617,0.006914582965115388,0.006914582965115388,0.007188750684723804,0.007030797033413099,0.007026342640370772,0.00703295410491861,0.007209122971025914,0.007026494788661474,0,0,0,0,0,0,0,0,0,0,0,0,0,0.005380013001660917,0.005377803288827204,0,0,0,0,0,0,0,0,0,0,0,0,0,0,0,0,0,0,0,0,0,0,0,0,0,0,0,0,0,0,0,0,0,0,0,0,0,0,0,0,0,0,0,0,0,0,0,0,0,0,0,0,0,0,0,0,0,0,0,0,0,0,0,0,0,0,0,0,0,0,0,0,0,0,0,0,0
0,0,0,0,0,0,0,0.005814327499607796,0,0,0,0,0,0,0,0,0,0,0,0,0,0,0,0,0,0,0,0,0,0,0,0,0,0,0,0,0,0,0,0,0,0,0,0,0,0,0,0,0,0,0,0,0,0,0,0,0,0,0,0,0,0,0,0,0,0,0,0,0,0,0,0,0,0,0,0,0,0,0,0,0,0,0,0,0,0,0,0,0,0,0,0,0,0.006192275472085907,0,0,0.005620864332764316,0,0,0,0,0,0,0,0,0,0,0,0,0,0,0,0,0,0,0,0,0,0,0,0,0,0,0,0,0,0,0,0,0,0,0,0,0,0,0,0,0,0,0,0,0,0,0,0,0,0,0,0,0,0,0,0,0,0,0,0.007112183134010024,0,0,0.005038089967609405,0,0,0,0,0,0,0,0,0,0,0,0,0,0,0,0,0,0,0,0,0,0,0,0,0,0,0,0,0,0,0,0,0,0,0,0,0,0,0,0,0,0,0,0,0,0,0,0,0,0,0,0,0,0,0,0,0,0,0,0,0,0,0,0,0,0,0,0,0,0,0,0,0,0,0,0,0,0,0,0,0,0,0,0,0,0,0,0,0,0,0,0,0,0,0,0,0,0,0,0,0,0,0,0,0,0,0,0,0,0,0,0,0,0,0.007248218443912005,0.007320538090959231,0.006183813090544558,0.006181485034012229,0.007392108420992092,0,0,0,0,0,0,0,0,0,0,0,0,0.006570843298751365,0.006566929299784688,0.005641542525873933,0,0,0,0,0,0,0,0,0,0,0,0,0,0,0,0,0,0,0,0,0,0.004604423510756323,0.004604423510756323,0,0.004563060505372647,0,0.00456424119392834,0,0,0,0,0.007487245681100165,0.006584378900985543,0.006567635680864308,0.006560616678954311,0.006572220095688825,0.006570562226444409,0.006526734454757193,0.006528540476502791,0.006531878289024849,0.006166902880752331,0.006531794514485363,0.005415929740099665,0.00541346549135339,0,0,0,0,0,0,0,0,0,0,0,0,0,0,0,0,0,0,0,0,0,0,0,0,0,0,0,0,0,0,0,0,0,0,0,0,0,0,0,0,0,0,0,0,0,0,0,0,0,0,0,0,0,0,0,0,0,0,0,0,0,0,0,0,0,0,0,0,0,0,0,0,0,0,0,0,0
0,0,0,0,0,0,0,0.005811955250599651,0,0,0,0,0,0,0,0,0,0,0,0,0,0,0,0,0,0,0,0,0,0,0,0,0,0,0,0,0,0,0,0,0,0,0,0,0,0,0,0,0,0,0,0,0,0,0,0,0,0,0,0,0,0,0,0,0,0,0,0,0,0,0,0,0,0,0,0,0,0,0,0,0,0,0,0,0,0,0,0,0,0,0,0,0,0.006189906839547171,0,0,0.005618540088675842,0,0,0,0,0,0,0,0,0,0,0,0,0,0,0,0,0,0,0,0,0,0,0,0,0,0,0,0,0,0,0,0,0,0,0,0,0,0,0,0,0,0,0,0,0,0,0,0,0,0,0,0,0,0,0,0,0,0,0,0.007109821838915231,0,0,0.005036635728526401,0,0,0,0,0,0,0,0,0,0,0,0,0,0,0,0,0,0,0,0,0,0,0,0,0,0,0,0,0,0,0,0,0,0,0,0,0,0,0,0,0,0,0,0,0,0,0,0,0,0,0,0,0,0,0,0,0,0,0,0,0,0,0,0,0,0,0,0,0,0,0,0,0,0,0,0,0,0,0,0,0,0,0,0,0,0,0,0,0,0,0,0,0,0,0,0,0,0,0,0,0,0,0,0,0,0,0,0,0,0,0,0,0,0,0.007245881699434709,0.007318201960790244,0.006182113297087952,0.006179785240555623,0.007389749411004088,0,0,0,0,0,0,0,0,0,0,0,0,0.006568887941540199,0.006564973942573523,0.005639987856738518,0,0,0,0,0,0,0,0,0,0,0,0,0,0,0,0,0,0,0,0,0,0.004603377873064462,0.004603377873064462,0,0.004562026033087856,0,0.004563206721643548,0,0,0,0.007487245681100165,0,0.006582400289755013,0.006565675252527305,0.006558656250617309,0.006570259667351822,0.006568601798107405,0.006524792510412793,0.006526598532158392,0.006529936344680449,0.006384565257485917,0.006529852570140963,0.00541447821095279,0.005412013962206515,0,0,0,0,0,0,0,0,0,0,0,0,0,0,0,0,0,0,0,0,0,0,0,0,0,0,0,0,0,0,0,0,0,0,0,0,0,0,0,0,0,0,0,0,0,0,0,0,0,0,0,0,0,0,0,0,0,0,0,0,0,0,0,0,0,0,0,0,0,0,0,0,0,0,0,0,0
0,0,0,0,0,0,0,0.004909739204447469,0,0,0,0,0,0,0,0,0,0,0,0,0,0,0,0,0,0,0,0,0,0,0,0,0,0,0,0,0,0,0,0,0,0,0,0,0,0,0,0,0,0,0,0,0,0,0,0,0,0,0,0,0,0,0,0,0,0,0,0,0,0,0,0,0,0,0,0,0,0,0,0,0,0,0,0,0,0,0,0,0,0,0,0,0,0.005287830252822739,0,0,0.004885875773680208,0,0,0,0,0,0,0,0,0,0,0,0,0,0,0,0,0,0,0,0,0,0,0,0,0,0,0,0,0,0,0,0,0,0,0,0,0,0,0,0,0,0,0,0,0,0,0,0,0,0,0,0,0,0,0,0,0,0,0,0.006206831756135498,0,0,0.005540559728275345,0,0,0,0,0,0,0,0,0,0,0,0,0,0,0,0,0,0,0,0,0,0,0,0,0,0,0,0,0,0,0,0,0,0,0,0,0,0,0,0,0,0,0,0,0,0,0,0,0,0,0,0,0,0,0,0,0,0,0,0,0,0,0,0,0,0,0,0,0,0,0,0,0,0,0,0,0,0,0,0,0,0,0,0,0,0,0,0,0,0,0,0,0,0,0,0,0,0,0,0,0,0,0,0,0,0,0,0,0,0,0,0,0,0,0.006631939879996654,0.006704359126001199,0.005786853308082162,0.005784730257060082,0.006488782146162227,0,0,0,0,0,0,0,0,0,0,0,0,0.006174803618376329,0.006412662646843997,0.006110568263145294,0,0,0,0,0,0,0,0,0,0,0,0,0,0,0,0,0,0,0,0,0,0,0,0,0.004754293655221307,0.004751644268536689,0.00475557663956287,0,0.004751734763392362,0,0.006584378900985543,0.006582400289755013,0,0.007373820843644813,0.007365466747691878,0.007197530904304424,0.007195625616594243,0.007249112341128763,0.007251230478566002,0.007255145130025035,0.006915148798285035,0.007255046877615391,0.005918638528993192,0.005915776405935933,0,0,0,0,0,0,0,0,0,0,0,0,0,0,0,0,0,0,0,0,0,0,0,0,0,0,0,0,0,0,0,0,0,0,0,0,0,0,0,0,0,0,0,0,0,0,0,0,0,0,0,0,0,0,0,0,0,0,0,0,0,0,0,0,0,0,0,0,0,0,0,0,0,0,0,0,0
0,0,0,0,0,0,0,0.004892737524462887,0,0,0,0,0,0,0,0,0,0,0,0,0,0,0,0,0,0,0,0,0,0,0,0,0,0,0,0,0,0,0,0,0,0,0,0,0,0,0,0,0,0,0,0,0,0,0,0,0,0,0,0,0,0,0,0,0,0,0,0,0,0,0,0,0,0,0,0,0,0,0,0,0,0,0,0,0,0,0,0,0,0,0,0,0,0.005270800868368107,0,0,0.004887528480411229,0,0,0,0,0,0,0,0,0,0,0,0,0,0,0,0,0,0,0,0,0,0,0,0,0,0,0,0,0,0,0,0,0,0,0,0,0,0,0,0,0,0,0,0,0,0,0,0,0,0,0,0,0,0,0,0,0,0,0,0.006189988424845208,0,0,0.005463107476138804,0,0,0,0,0,0,0,0,0,0,0,0,0,0,0,0,0,0,0,0,0,0,0,0,0,0,0,0,0,0,0,0,0,0,0,0,0,0,0,0,0,0,0,0,0,0,0,0,0,0,0,0,0,0,0,0,0,0,0,0,0,0,0,0,0,0,0,0,0,0,0,0,0,0,0,0,0,0,0,0,0,0,0,0,0,0,0,0,0,0,0,0,0,0,0,0,0,0,0,0,0,0,0,0,0,0,0,0,0,0,0,0,0,0,0.006647202308142905,0.00671963234407065,0.005516345534427546,0.005514384595350409,0.00647207864438216,0,0,0,0,0,0,0,0,0,0,0,0,0.006127138556279765,0.006378579827701486,0.006034381372729009,0,0,0,0,0,0,0,0,0,0,0,0,0,0,0,0,0,0,0,0,0,0,0,0,0.004487074100515841,0.004484706263159886,0.004488220742592927,0,0.004484787141161208,0,0.006567635680864308,0.006565675252527305,0.007373820843644813,0,0.007490579753858731,0.007312715464587829,0.007310777784125675,0.00720850608128382,0.007210596000851227,0.00721445850124425,0.006862756355264125,0.007214361557755199,0.005841360324395442,0.005838571815639947,0,0,0,0,0,0,0,0,0,0,0,0,0,0,0,0,0,0,0,0,0,0,0,0,0,0,0,0,0,0,0,0,0,0,0,0,0,0,0,0,0,0,0,0,0,0,0,0,0,0,0,0,0,0,0,0,0,0,0,0,0,0,0,0,0,0,0,0,0,0,0,0,0,0,0,0,0
0,0,0,0,0,0,0,0.00488566877634661,0,0,0,0,0,0,0,0,0,0,0,0,0,0,0,0,0,0,0,0,0,0,0,0,0,0,0,0,0,0,0,0,0,0,0,0,0,0,0,0,0,0,0,0,0,0,0,0,0,0,0,0,0,0,0,0,0,0,0,0,0,0,0,0,0,0,0,0,0,0,0,0,0,0,0,0,0,0,0,0,0,0,0,0,0,0.005263745365603874,0,0,0.004880339780576346,0,0,0,0,0,0,0,0,0,0,0,0,0,0,0,0,0,0,0,0,0,0,0,0,0,0,0,0,0,0,0,0,0,0,0,0,0,0,0,0,0,0,0,0,0,0,0,0,0,0,0,0,0,0,0,0,0,0,0,0.006182960875694069,0,0,0.005457219548824459,0,0,0,0,0,0,0,0,0,0,0,0,0,0,0,0,0,0,0,0,0,0,0,0,0,0,0,0,0,0,0,0,0,0,0,0,0,0,0,0,0,0,0,0,0,0,0,0,0,0,0,0,0,0,0,0,0,0,0,0,0,0,0,0,0,0,0,0,0,0,0,0,0,0,0,0,0,0,0,0,0,0,0,0,0,0,0,0,0,0,0,0,0,0,0,0,0,0,0,0,0,0,0,0,0,0,0,0,0,0,0,0,0,0,0.006639762190834216,0.00671219460847762,0.005511220294346403,0.005509259355269266,0.006465056989135708,0,0,0,0,0,0,0,0,0,0,0,0,0.006120814747568906,0.006371855470977397,0.006028194324168231,0,0,0,0,0,0,0,0,0,0,0,0,0,0,0,0,0,0,0,0,0,0,0,0,0.004691215826097574,0.004688639972436418,0.004692463201549639,0,0.004688727955631418,0,0.006560616678954311,0.006558656250617309,0.007365466747691878,0.007490579753858731,0,0.007304511812272893,0.007302574131810739,0.007200460477617025,0.007202550397184431,0.007206412897577455,0.006855285969798165,0.007206315954088403,0.005835481497880725,0.00583269298912523,0,0,0,0,0,0,0,0,0,0,0,0,0,0,0,0,0,0,0,0,0,0,0,0,0,0,0,0,0,0,0,0,0,0,0,0,0,0,0,0,0,0,0,0,0,0,0,0,0,0,0,0,0,0,0,0,0,0,0,0,0,0,0,0,0,0,0,0,0,0,0,0,0,0,0,0,0
0,0,0,0,0,0,0,0.004897354430694082,0,0,0,0,0,0,0,0,0,0,0,0,0,0,0,0,0,0,0,0,0,0,0,0,0,0,0,0,0,0,0,0,0,0,0,0,0,0,0,0,0,0,0,0,0,0,0,0,0,0,0,0,0,0,0,0,0,0,0,0,0,0,0,0,0,0,0,0,0,0,0,0,0,0,0,0,0,0,0,0,0,0,0,0,0,0.005275409123484936,0,0,0.004892223732316646,0,0,0,0,0,0,0,0,0,0,0,0,0,0,0,0,0,0,0,0,0,0,0,0,0,0,0,0,0,0,0,0,0,0,0,0,0,0,0,0,0,0,0,0,0,0,0,0,0,0,0,0,0,0,0,0,0,0,0,0.006194578422243929,0,0,0.005466953137047818,0,0,0,0,0,0,0,0,0,0,0,0,0,0,0,0,0,0,0,0,0,0,0,0,0,0,0,0,0,0,0,0,0,0,0,0,0,0,0,0,0,0,0,0,0,0,0,0,0,0,0,0,0,0,0,0,0,0,0,0,0,0,0,0,0,0,0,0,0,0,0,0,0,0,0,0,0,0,0,0,0,0,0,0,0,0,0,0,0,0,0,0,0,0,0,0,0,0,0,0,0,0,0,0,0,0,0,0,0,0,0,0,0,0,0.00665206177171386,0.006724490252039726,0.005519693051198234,0.005517732112121097,0.006476664792215891,0,0,0,0,0,0,0,0,0,0,0,0,0.006386730717652946,0.006127734147735335,0.006038422402708163,0,0,0,0,0,0,0,0,0,0,0,0,0,0,0,0,0,0,0,0,0,0,0,0,0.004489426038026255,0.0044870582006703,0.004490572680103342,0,0.004487139078671622,0,0.006572220095688825,0.006570259667351822,0.007197530904304424,0.007312715464587829,0.007304511812272893,0,0.00750818737218456,0.007213761014277885,0.007215850933845292,0.007219713434238315,0.00686763558828246,0.007219616490749264,0.005845200041177175,0.00584241153242168,0,0,0,0,0,0,0,0,0,0,0,0,0,0,0,0,0,0,0,0,0,0,0,0,0,0,0,0,0,0,0,0,0,0,0,0,0,0,0,0,0,0,0,0,0,0,0,0,0,0,0,0,0,0,0,0,0,0,0,0,0,0,0,0,0,0,0,0,0,0,0,0,0,0,0,0,0
0,0,0,0,0,0,0,0.00489568481153045,0,0,0,0,0,0,0,0,0,0,0,0,0,0,0,0,0,0,0,0,0,0,0,0,0,0,0,0,0,0,0,0,0,0,0,0,0,0,0,0,0,0,0,0,0,0,0,0,0,0,0,0,0,0,0,0,0,0,0,0,0,0,0,0,0,0,0,0,0,0,0,0,0,0,0,0,0,0,0,0,0,0,0,0,0,0.005273742632837589,0,0,0.004890525780881895,0,0,0,0,0,0,0,0,0,0,0,0,0,0,0,0,0,0,0,0,0,0,0,0,0,0,0,0,0,0,0,0,0,0,0,0,0,0,0,0,0,0,0,0,0,0,0,0,0,0,0,0,0,0,0,0,0,0,0,0.0061929185341643,0,0,0.005465562424560062,0,0,0,0,0,0,0,0,0,0,0,0,0,0,0,0,0,0,0,0,0,0,0,0,0,0,0,0,0,0,0,0,0,0,0,0,0,0,0,0,0,0,0,0,0,0,0,0,0,0,0,0,0,0,0,0,0,0,0,0,0,0,0,0,0,0,0,0,0,0,0,0,0,0,0,0,0,0,0,0,0,0,0,0,0,0,0,0,0,0,0,0,0,0,0,0,0,0,0,0,0,0,0,0,0,0,0,0,0,0,0,0,0,0,0.00665030443615261,0.006722733479033263,0.005518482483369683,0.005516521544292547,0.006475006296260588,0,0,0,0,0,0,0,0,0,0,0,0,0.006385142442803571,0.006126240481242045,0.006036961038591989,0,0,0,0,0,0,0,0,0,0,0,0,0,0,0,0,0,0,0,0,0,0,0,0,0.004488575503113391,0.004486207665757435,0.004489722145190478,0,0.004486288543758758,0,0.006570562226444409,0.006568601798107405,0.007195625616594243,0.007310777784125675,0.007302574131810739,0.00750818737218456,0,0.007211860664478443,0.00721395058404585,0.007217813084438873,0.006865871103464424,0.007217716140949822,0.005843811478273648,0.005841022969518153,0,0,0,0,0,0,0,0,0,0,0,0,0,0,0,0,0,0,0,0,0,0,0,0,0,0,0,0,0,0,0,0,0,0,0,0,0,0,0,0,0,0,0,0,0,0,0,0,0,0,0,0,0,0,0,0,0,0,0,0,0,0,0,0,0,0,0,0,0,0,0,0,0,0,0,0,0
0,0,0,0,0,0,0,0.00485231161448429,0,0,0,0,0,0,0,0,0,0,0,0,0,0,0,0,0,0,0,0,0,0,0,0,0,0,0,0,0,0,0,0,0,0,0,0,0,0,0,0,0,0,0,0,0,0,0,0,0,0,0,0,0,0,0,0,0,0,0,0,0,0,0,0,0,0,0,0,0,0,0,0,0,0,0,0,0,0,0,0,0,0,0,0,0,0.005230342124420291,0,0,0.004829449621592428,0,0,0,0,0,0,0,0,0,0,0,0,0,0,0,0,0,0,0,0,0,0,0,0,0,0,0,0,0,0,0,0,0,0,0,0,0,0,0,0,0,0,0,0,0,0,0,0,0,0,0,0,0,0,0,0,0,0,0,0.006149155461568889,0,0,0.005715393850778325,0,0,0,0,0,0,0,0,0,0,0,0,0,0,0,0,0,0,0,0,0,0,0,0,0,0,0,0,0,0,0,0,0,0,0,0,0,0,0,0,0,0,0,0,0,0,0,0,0,0,0,0,0,0,0,0,0,0,0,0,0,0,0,0,0,0,0,0,0,0,0,0,0,0,0,0,0,0,0,0,0,0,0,0,0,0,0,0,0,0,0,0,0,0,0,0,0,0,0,0,0,0,0,0,0,0,0,0,0,0,0,0,0,0,0.006569415840875004,0.00664186316354381,0.005739849622767621,0.005737764178216947,0.006431183363028305,0,0,0,0,0,0,0,0,0,0,0,0,0.006425063547779995,0.006421268195399324,0.005815605629856894,0,0,0,0,0,0,0,0,0,0,0,0,0,0,0,0,0,0,0,0,0,0.004722957183092744,0.004722957183092744,0,0,0,0,0,0,0,0.006526734454757193,0.006524792510412793,0.007249112341128763,0.00720850608128382,0.007200460477617025,0.007213761014277885,0.007211860664478443,0,0.007518031533101005,0.007522125237987159,0.007039589144702538,0.007522022491580833,0.006093495101628036,0.006090518902828657,0,0,0,0,0,0,0,0,0,0,0,0,0,0,0,0,0,0,0,0,0,0,0,0,0,0,0,0,0,0,0,0,0,0,0,0,0,0,0,0,0,0,0,0,0,0,0,0,0,0,0,0,0,0,0,0,0,0,0,0,0,0,0,0,0,0,0,0,0,0,0,0,0,0,0,0,0
0,0,0,0,0,0,0,0.004854130739919632,0,0,0,0,0,0,0,0,0,0,0,0,0,0,0,0,0,0,0,0,0,0,0,0,0,0,0,0,0,0,0,0,0,0,0,0,0,0,0,0,0,0,0,0,0,0,0,0,0,0,0,0,0,0,0,0,0,0,0,0,0,0,0,0,0,0,0,0,0,0,0,0,0,0,0,0,0,0,0,0,0,0,0,0,0,0.005232157823435694,0,0,0.004831292641183339,0,0,0,0,0,0,0,0,0,0,0,0,0,0,0,0,0,0,0,0,0,0,0,0,0,0,0,0,0,0,0,0,0,0,0,0,0,0,0,0,0,0,0,0,0,0,0,0,0,0,0,0,0,0,0,0,0,0,0,0.00615096374998503,0,0,0.005717025500980841,0,0,0,0,0,0,0,0,0,0,0,0,0,0,0,0,0,0,0,0,0,0,0,0,0,0,0,0,0,0,0,0,0,0,0,0,0,0,0,0,0,0,0,0,0,0,0,0,0,0,0,0,0,0,0,0,0,0,0,0,0,0,0,0,0,0,0,0,0,0,0,0,0,0,0,0,0,0,0,0,0,0,0,0,0,0,0,0,0,0,0,0,0,0,0,0,0,0,0,0,0,0,0,0,0,0,0,0,0,0,0,0,0,0,0.006571316018915887,0.006643762716661954,0.005741265352509121,0.005739179907958447,0.006432990055173545,0,0,0,0,0,0,0,0,0,0,0,0,0.006426827182729102,0.006423031830348431,0.005817124795330246,0,0,0,0,0,0,0,0,0,0,0,0,0,0,0,0,0,0,0,0,0,0.004512076626910682,0.004512076626910682,0,0,0,0,0,0,0,0.006528540476502791,0.006526598532158392,0.007251230478566002,0.007210596000851227,0.007202550397184431,0.007215850933845292,0.00721395058404585,0.007518031533101005,0,0.007524340257553296,0.007041601095283272,0.00752423751114697,0.006095124312798753,0.006092148113999374,0,0,0,0,0,0,0,0,0,0,0,0,0,0,0,0,0,0,0,0,0,0,0,0,0,0,0,0,0,0,0,0,0,0,0,0,0,0,0,0,0,0,0,0,0,0,0,0,0,0,0,0,0,0,0,0,0,0,0,0,0,0,0,0,0,0,0,0,0,0,0,0,0,0,0,0,0
0,0,0,0,0,0,0,0.004857492770123354,0,0,0,0,0,0,0,0,0,0,0,0,0,0,0,0,0,0,0,0,0,0,0,0,0,0,0,0,0,0,0,0,0,0,0,0,0,0,0,0,0,0,0,0,0,0,0,0,0,0,0,0,0,0,0,0,0,0,0,0,0,0,0,0,0,0,0,0,0,0,0,0,0,0,0,0,0,0,0,0,0,0,0,0,0,0.005235513521075917,0,0,0.004834698831548394,0,0,0,0,0,0,0,0,0,0,0,0,0,0,0,0,0,0,0,0,0,0,0,0,0,0,0,0,0,0,0,0,0,0,0,0,0,0,0,0,0,0,0,0,0,0,0,0,0,0,0,0,0,0,0,0,0,0,0,0.006154305751671108,0,0,0.005720041047438602,0,0,0,0,0,0,0,0,0,0,0,0,0,0,0,0,0,0,0,0,0,0,0,0,0,0,0,0,0,0,0,0,0,0,0,0,0,0,0,0,0,0,0,0,0,0,0,0,0,0,0,0,0,0,0,0,0,0,0,0,0,0,0,0,0,0,0,0,0,0,0,0,0,0,0,0,0,0,0,0,0,0,0,0,0,0,0,0,0,0,0,0,0,0,0,0,0,0,0,0,0,0,0,0,0,0,0,0,0,0,0,0,0,0,0.006574827847095396,0.006647273389885853,0.005743881843960869,0.005741796399410195,0.006436329106699687,0,0,0,0,0,0,0,0,0,0,0,0,0.006430086657777955,0.006426291305397284,0.005819932452299155,0,0,0,0,0,0,0,0,0,0,0,0,0,0,0,0,0,0,0,0,0,0.004513811845574678,0.004513811845574678,0,0.004478063291329956,0,0.004479204117370116,0,0,0,0.006531878289024849,0.006529936344680449,0.007255145130025035,0.00721445850124425,0.007206412897577455,0.007219713434238315,0.007217813084438873,0.007522125237987159,0.007524340257553296,0,0.007045319496713656,0.007528331216033123,0.006098135351541752,0.006095159152742372,0,0,0,0,0,0,0,0,0,0,0,0,0,0,0,0,0,0,0,0,0,0,0,0,0,0,0,0,0,0,0,0,0,0,0,0,0,0,0,0,0,0,0,0,0,0,0,0,0,0,0,0,0,0,0,0,0,0,0,0,0,0,0,0,0,0,0,0,0,0,0,0,0,0,0,0,0
0,0,0,0,0,0,0,0,0,0,0,0,0,0,0,0,0,0,0,0,0,0,0,0,0,0,0,0,0,0,0,0,0,0,0,0,0,0,0,0,0,0,0,0,0,0,0,0,0,0,0,0,0,0,0,0,0,0,0,0,0,0,0,0,0,0,0,0,0,0,0,0,0,0,0,0,0,0,0,0,0,0,0,0,0,0,0,0,0,0,0,0,0,0.004872250906668015,0,0,0,0,0,0,0,0,0,0,0,0,0,0,0,0,0,0,0,0,0,0,0,0,0,0,0,0,0,0,0,0,0,0,0,0,0,0,0,0,0,0,0,0,0,0,0,0,0,0,0,0,0,0,0,0,0,0,0,0,0,0,0.006009860036226306,0,0,0.005858286593608193,0,0,0,0,0,0,0,0,0,0,0,0,0,0,0,0,0,0,0,0,0,0,0,0,0,0,0,0,0,0,0,0,0,0,0,0,0,0,0,0,0,0,0,0,0,0,0,0,0,0,0,0,0,0,0,0,0,0,0,0,0,0,0,0,0,0,0,0,0,0,0,0,0,0,0,0,0,0,0,0,0,0,0,0,0,0,0,0,0,0,0,0,0,0,0,0,0,0,0,0,0,0,0,0,0,0,0,0,0,0,0,0,0,0,0.006122986121962656,0.006195506546858926,0.005139573478454367,0.005137829528946283,0.006071864021804494,0,0,0,0,0,0,0,0,0,0,0,0,0.006147471347649012,0.006143933820830078,0.00595624122444726,0,0,0,0,0,0,0,0,0,0,0,0,0,0,0,0,0,0,0,0,0,0.005348470536100086,0.005348470536100086,0,0.005199317873268139,0.00519624889171154,0.005200804049410156,0,0.005196353718630404,0,0.006166902880752331,0.006384565257485917,0.006915148798285035,0.006862756355264125,0.006855285969798165,0.00686763558828246,0.006865871103464424,0.007039589144702538,0.007041601095283272,0.007045319496713656,0,0.007045226169911926,0.006235088972106555,0.006232018745284181,0,0,0,0,0,0,0,0,0,0,0,0,0,0,0,0,0,0,0,0,0,0,0,0,0,0,0,0,0,0,0,0,0,0,0,0,0,0,0,0,0,0,0,0,0,0,0,0,0,0,0,0,0,0,0,0,0,0,0,0,0,0,0,0,0,0,0,0,0,0,0,0,0,0,0,0,0
0,0,0,0,0,0,0,0.004857408387753105,0,0,0,0,0,0,0,0,0,0,0,0,0,0,0,0,0,0,0,0,0,0,0,0,0,0,0,0,0,0,0,0,0,0,0,0,0,0,0,0,0,0,0,0,0,0,0,0,0,0,0,0,0,0,0,0,0,0,0,0,0,0,0,0,0,0,0,0,0,0,0,0,0,0,0,0,0,0,0,0,0,0,0,0,0,0.005235429297644372,0,0,0.004834613340818359,0,0,0,0,0,0,0,0,0,0,0,0,0,0,0,0,0,0,0,0,0,0,0,0,0,0,0,0,0,0,0,0,0,0,0,0,0,0,0,0,0,0,0,0,0,0,0,0,0,0,0,0,0,0,0,0,0,0,0,0.006154221871989322,0,0,0.005719965361337561,0,0,0,0,0,0,0,0,0,0,0,0,0,0,0,0,0,0,0,0,0,0,0,0,0,0,0,0,0,0,0,0,0,0,0,0,0,0,0,0,0,0,0,0,0,0,0,0,0,0,0,0,0,0,0,0,0,0,0,0,0,0,0,0,0,0,0,0,0,0,0,0,0,0,0,0,0,0,0,0,0,0,0,0,0,0,0,0,0,0,0,0,0,0,0,0,0,0,0,0,0,0,0,0,0,0,0,0,0,0,0,0,0,0,0.006574739705000372,0.006647185276778638,0.005743816173595925,0.00574173072904525,0.00643624530106289,0,0,0,0,0,0,0,0,0,0,0,0,0.006430004849402147,0.006426209497021476,0.005819861983940596,0,0,0,0,0,0,0,0,0,0,0,0,0,0,0,0,0,0,0,0,0,0.004513768293954111,0.004513768293954111,0,0,0,0,0,0,0,0.006531794514485363,0.006529852570140963,0.007255046877615391,0.007214361557755199,0.007206315954088403,0.007219616490749264,0.007217716140949822,0.007522022491580833,0.00752423751114697,0.007528331216033123,0.007045226169911926,0,0.006098059778578201,0.006095083579778822,0,0,0,0,0,0,0,0,0,0,0,0,0,0,0,0,0,0,0,0,0,0,0,0,0,0,0,0,0,0,0,0,0,0,0,0,0,0,0,0,0,0,0,0,0,0,0,0,0,0,0,0,0,0,0,0,0,0,0,0,0,0,0,0,0,0,0,0,0,0,0,0,0,0,0,0,0
0,0,0,0,0,0,0,0,0,0,0,0,0,0,0,0,0,0,0,0,0,0,0,0,0,0,0,0,0,0,0,0,0,0,0,0,0,0,0,0,0,0,0,0,0,0,0,0,0,0,0,0,0,0,0,0,0,0,0,0,0,0,0,0,0,0,0,0,0,0,0,0,0,0,0,0,0,0,0,0,0,0,0,0,0,0,0,0,0,0,0,0,0,0,0,0,0,0,0,0,0,0,0,0,0,0,0,0,0,0,0,0,0,0,0,0,0,0,0,0,0,0,0,0,0,0,0,0,0,0,0,0,0,0,0,0,0,0,0,0,0,0,0,0,0,0,0,0,0,0,0,0,0,0,0,0,0.005040920106824684,0,0,0.00704667130950172,0,0,0,0,0,0,0,0,0,0,0,0,0,0,0,0,0,0,0,0,0,0,0,0,0,0,0,0,0,0,0,0,0,0,0,0,0,0,0,0,0,0,0,0,0,0,0,0,0,0,0,0,0,0,0,0,0,0,0,0,0,0,0,0,0,0,0,0,0,0,0,0,0,0,0,0,0,0,0,0,0,0,0,0,0,0,0,0,0,0,0,0,0,0,0,0,0,0,0,0,0,0,0,0,0,0,0,0,0,0,0,0,0,0,0.005055920406867908,0.005128784088244291,0,0,0.005322105861385818,0,0,0,0,0,0,0,0,0,0,0,0,0.005791846807822821,0.005788615813627444,0.005987385238271124,0,0,0,0,0,0,0,0,0,0,0,0,0,0,0,0,0,0,0,0,0,0.00579860172123335,0.00579860172123335,0.005374235460686314,0.005570538420339009,0.005787186599908295,0.005572206051017121,0.005161625332379646,0.005787311711602702,0.005380013001660917,0.005415929740099665,0.00541447821095279,0.005918638528993192,0.005841360324395442,0.005835481497880725,0.005845200041177175,0.005843811478273648,0.006093495101628036,0.006095124312798753,0.006098135351541752,0.006235088972106555,0.006098059778578201,0,0.007594053124054418,0,0,0,0,0,0,0,0,0,0,0,0,0,0,0,0,0,0,0,0,0,0,0,0,0,0,0,0,0,0,0,0,0,0,0,0,0,0,0,0,0,0,0,0,0,0,0,0,0,0,0,0,0,0,0,0,0,0,0,0,0,0,0,0,0,0,0,0,0,0,0,0,0,0,0,0,0
0,0,0,0,0,0,0,0,0,0,0,0,0,0,0,0,0,0,0,0,0,0,0,0,0,0,0,0,0,0,0,0,0,0,0,0,0,0,0,0,0,0,0,0,0,0,0,0,0,0,0,0,0,0,0,0,0,0,0,0,0,0,0,0,0,0,0,0,0,0,0,0,0,0,0,0,0,0,0,0,0,0,0,0,0,0,0,0,0,0,0,0,0,0,0,0,0,0,0,0,0,0,0,0,0,0,0,0,0,0,0,0,0,0,0,0,0,0,0,0,0,0,0,0,0,0,0,0,0,0,0,0,0,0,0,0,0,0,0,0,0,0,0,0,0,0,0,0,0,0,0,0,0,0,0,0,0.005038449765330613,0,0,0.007042707766714557,0,0,0,0,0,0,0,0,0,0,0,0,0,0,0,0,0,0,0,0,0,0,0,0,0,0,0,0,0,0,0,0,0,0,0,0,0,0,0,0,0,0,0,0,0,0,0,0,0,0,0,0,0,0,0,0,0,0,0,0,0,0,0,0,0,0,0,0,0,0,0,0,0,0,0,0,0,0,0,0,0,0,0,0,0,0,0,0,0,0,0,0,0,0,0,0,0,0,0,0,0,0,0,0,0,0,0,0,0,0,0,0,0,0,0.005053590002454026,0.005126454961920098,0,0,0.005319640178456663,0,0,0,0,0,0,0,0,0,0,0,0,0.005789103023244077,0.005785872029048701,0.005984491268698093,0,0,0,0,0,0,0,0,0,0,0,0,0,0,0,0,0,0,0,0,0,0.005795984934476183,0.005795984934476183,0.005371926788982967,0.005568068349920083,0.005784560118293028,0.005569735980598195,0.005159476457484718,0.005784685229987435,0.005377803288827204,0.00541346549135339,0.005412013962206515,0.005915776405935933,0.005838571815639947,0.00583269298912523,0.00584241153242168,0.005841022969518153,0.006090518902828657,0.006092148113999374,0.006095159152742372,0.006232018745284181,0.006095083579778822,0.007594053124054418,0,0,0,0,0,0,0,0,0,0,0,0,0,0,0,0,0,0,0,0,0,0,0,0,0,0,0,0,0,0,0,0,0,0,0,0,0,0,0,0,0,0,0,0,0,0,0,0,0,0,0,0,0,0,0,0,0,0,0,0,0,0,0,0,0,0,0,0,0,0,0,0,0,0,0,0,0,0
0,0,0,0,0,0,0,0,0,0,0,0,0,0,0,0,0,0,0,0,0,0,0,0,0,0,0,0,0.004422249966065763,0,0,0,0,0,0,0,0,0,0,0,0,0,0,0,0,0,0,0,0,0,0,0,0,0,0,0,0,0,0,0,0,0,0,0,0,0,0,0,0,0,0,0,0,0,0,0,0,0,0,0,0,0,0,0,0,0,0.003427566399014383,0,0.003863903022236149,0,0,0,0,0,0,0,0,0,0,0,0,0,0,0,0.003232213975647538,0,0,0,0,0,0,0,0.003241735437466784,0,0,0,0,0,0,0,0,0,0,0,0,0.004222207859752108,0,0,0,0,0,0,0,0,0,0.004346831956499371,0.00406563228784222,0,0,0,0,0,0,0,0,0,0,0.004821492176633453,0,0,0,0,0,0,0,0,0,0,0,0,0,0,0,0,0,0,0,0,0,0,0,0,0,0,0.003986758516229656,0,0,0,0,0,0,0,0,0,0,0,0,0,0,0,0,0.005109973198199924,0,0,0,0.006367001782080339,0,0,0,0.004982953581064504,0,0,0,0,0,0,0,0,0,0.004365639458753219,0.004684780488147909,0.004904510115680165,0.004543535219036484,0.004599009016760693,0,0,0,0,0,0,0,0,0,0.004505169761926687,0,0,0,0,0.004822703469874245,0,0,0,0,0,0,0,0,0,0,0,0,0,0,0,0,0,0,0,0,0,0,0,0,0.004858091878796116,0.005053067508938918,0.005046972331435482,0,0,0,0,0,0,0,0,0,0,0,0,0,0,0,0,0,0,0,0,0,0,0,0,0,0,0,0,0,0,0,0,0,0,0,0,0,0,0,0,0,0,0,0,0,0,0,0,0,0,0,0,0,0,0,0,0,0,0,0,0,0,0,0,0,0,0,0,0,0,0,0,0,0,0,0,0,0,0,0,0,0,0,0,0.006856171869949266,0.006424617204835247,0,0,0,0,0,0,0,0,0,0,0,0,0,0,0.004560972728577937,0,0,0,0,0,0,0,0,0,0,0,0,0,0,0,0,0,0,0.006552359489975519,0,0.003626033834362879,0,0,0,0,0,0,0,0,0,0,0,0,0,0,0,0,0,0,0,0,0,0,0,0,0,0,0,0,0,0,0,0,0,0,0,0,0
0,0,0,0,0,0,0,0,0,0,0,0,0,0,0,0,0,0,0,0,0,0,0,0,0,0,0,0,0,0,0,0,0,0,0,0,0,0,0,0,0,0,0,0,0,0,0,0,0,0,0,0,0,0,0,0,0,0,0,0,0,0,0,0,0,0,0,0,0,0,0,0,0,0,0,0,0,0,0,0,0,0,0,0,0,0,0,0,0,0,0,0,0,0,0,0,0,0,0,0,0,0,0,0,0,0,0,0,0,0,0,0,0,0,0,0,0,0,0,0,0,0,0,0,0,0,0,0,0,0,0,0,0,0,0,0,0,0,0,0,0,0,0,0,0,0,0,0,0,0,0,0,0,0,0.007014709795556877,0,0,0.007324026082447023,0,0,0,0,0,0,0,0,0,0,0,0,0,0,0,0,0,0,0,0,0,0,0,0,0,0,0,0,0,0,0,0,0,0,0,0,0,0,0,0,0,0,0,0,0,0,0,0,0,0,0,0,0,0,0,0,0,0,0,0,0,0,0,0,0,0,0,0,0,0,0,0,0,0,0,0,0,0,0,0,0,0,0,0,0,0,0,0,0,0,0,0.004704372679908106,0,0,0,0,0,0,0,0,0,0,0,0,0,0,0,0.005300914286329247,0,0.005053769255168766,0,0,0,0,0,0,0,0,0,0,0,0,0,0,0,0,0,0,0,0,0,0,0,0,0,0,0.006959592756159988,0.006964049336721534,0.006732207566710498,0.007337600123538129,0.007335487931952545,0.007331688088669318,0.007651827347262389,0.007653432256750529,0.007643902710247383,0.007619442249902521,0.007609650491236476,0.00761203749119735,0.007609650491236476,0.007701524637595479,0.007712958579126331,0.006204964125111417,0.007434159571250003,0.007436724587083495,0.007748964084601525,0,0,0,0,0,0,0,0,0,0,0,0,0,0,0,0,0,0,0,0,0,0,0,0,0,0,0,0,0,0.006794155193255819,0,0,0,0,0,0,0,0,0,0,0,0,0,0,0,0,0,0,0,0,0,0,0,0,0,0,0,0,0,0,0,0,0,0.007795808220586305,0,0,0,0,0,0,0,0,0,0,0,0,0,0,0,0,0,0,0,0,0,0,0,0,0,0,0,0,0,0,0,0,0,0,0,0,0,0
0,0,0,0,0,0,0,0,0,0,0,0,0,0,0,0,0,0,0,0,0,0,0,0,0,0,0,0,0.004422910430703045,0,0,0,0,0,0,0,0,0,0,0,0,0,0,0,0,0,0,0,0,0,0,0,0,0,0,0,0,0,0,0,0,0,0,0,0,0,0,0,0,0,0,0,0,0,0,0,0,0,0,0,0,0,0,0,0,0,0.003428776700044441,0,0,0,0,0,0,0,0,0,0,0,0,0,0,0,0,0,0.003234645014736585,0,0,0,0,0,0,0,0.003244259184164064,0,0,0,0,0,0,0,0,0,0,0,0,0.004224459391938111,0,0,0,0,0,0,0,0,0,0.004334032936123823,0.004067952016347011,0,0,0,0,0,0,0,0,0,0,0.004823590688821803,0,0,0,0,0,0,0,0,0,0,0,0,0,0,0,0,0,0,0,0,0,0,0,0,0,0,0.003989317052137207,0,0,0,0,0,0,0,0,0,0,0,0,0,0,0,0,0.005016523195302378,0,0,0,0.00629994606410254,0,0,0,0.004961941502604655,0,0,0,0,0,0,0,0,0,0.004362073062625886,0.00468265888614363,0.004893114842897263,0.004534841490703706,0.004578960289590999,0,0,0,0,0,0,0,0,0,0.004503108087669855,0,0,0,0,0.00482305937942373,0,0,0,0,0,0,0,0,0,0,0,0,0,0,0,0,0,0,0,0,0,0,0,0,0.004841518490773362,0.005036746173984117,0.005030642926439096,0,0,0,0,0,0,0,0,0,0,0,0,0,0,0,0,0,0,0,0,0,0,0,0,0,0,0,0,0,0,0,0,0,0,0,0,0,0,0,0,0,0,0,0,0,0,0,0,0,0,0,0,0,0,0,0,0,0,0,0,0,0,0,0,0,0,0,0,0,0,0,0,0,0,0,0,0,0,0,0,0,0,0.006856171869949266,0,0,0.006455664047809004,0,0,0,0,0,0,0,0,0,0,0,0,0,0,0.004559710559147364,0,0,0,0,0,0,0,0,0,0,0,0,0,0,0,0,0,0,0.006583391768564147,0,0.00365592234230598,0,0,0,0,0,0,0,0,0,0,0,0,0,0,0,0,0,0,0,0,0,0,0,0,0,0,0,0,0,0,0,0,0,0,0,0,0
0,0,0,0,0,0,0,0,0,0,0,0,0,0,0,0,0,0,0,0,0,0,0,0,0,0,0,0,0.004417620186184476,0,0,0,0,0,0,0,0,0,0,0,0,0,0,0,0,0,0,0.003250876956441735,0,0,0,0,0,0,0,0,0,0,0,0,0,0,0,0,0,0,0,0,0,0,0,0,0,0,0,0,0,0,0,0,0,0,0,0,0,0,0,0,0.003994016035842062,0,0,0,0,0,0,0,0,0,0,0,0,0,0,0,0.003744906154616874,0,0,0,0,0,0,0,0.003749377776987322,0,0,0,0,0,0,0,0,0,0,0,0,0.004187097297662893,0,0,0,0,0,0,0,0,0,0.004684684973377777,0.00416731021117403,0,0,0,0,0,0,0,0,0,0,0.004705016505322693,0,0,0,0,0,0,0,0,0,0,0,0,0,0,0,0,0,0,0,0,0,0,0,0,0,0,0.003901778064212474,0,0,0,0,0,0,0,0,0,0,0,0,0,0,0,0,0.004912108764773586,0,0,0,0.00614398559639044,0,0,0,0.004529390338232296,0,0,0,0,0,0,0,0,0,0.004493200977342701,0.004526947813841871,0.004459908125342013,0.004378677833513653,0.004423284153037573,0,0,0,0,0,0,0,0,0,0.004345874703264806,0,0,0,0,0.004762529495764394,0,0,0,0,0,0,0,0,0,0,0,0,0,0,0,0,0,0,0,0,0,0,0,0,0.004678232888902996,0.004605180957540074,0.004599622176049766,0,0,0,0,0,0,0,0,0,0,0,0,0,0,0,0,0,0,0,0,0,0,0,0,0,0,0,0,0,0,0,0,0,0,0,0,0,0,0,0,0,0,0,0,0,0,0,0,0,0,0,0,0,0,0,0,0,0,0,0,0,0,0,0,0,0,0,0,0,0,0,0,0,0,0,0,0,0,0,0,0,0,0.006424617204835247,0,0.006455664047809004,0,0,0,0,0,0,0,0,0,0,0,0,0,0,0,0.004402598452616518,0,0,0,0,0,0,0,0,0,0,0,0,0,0,0,0,0,0,0.006427650195740412,0,0.003316593926058171,0,0,0,0,0,0,0,0,0,0,0,0,0,0,0,0,0,0,0,0,0,0,0,0,0,0,0,0,0,0,0,0,0,0,0,0,0
0,0,0,0,0,0,0,0,0,0,0,0,0,0,0,0,0,0,0,0,0,0,0,0,0,0,0,0,0,0,0,0,0,0,0,0,0,0,0,0,0,0,0,0,0,0,0,0,0,0,0,0,0,0,0,0,0,0,0,0,0,0,0,0,0,0,0,0,0,0,0,0,0,0,0,0,0,0,0,0,0,0,0,0,0,0,0,0,0,0,0,0,0,0,0,0,0,0,0,0,0,0,0,0,0,0,0,0,0,0,0,0,0,0,0,0,0,0,0,0,0,0,0,0,0,0,0,0,0,0,0,0,0,0,0,0,0,0,0,0,0,0,0,0,0,0,0,0,0,0,0,0,0,0,0.006485083500637714,0,0,0.006366986124324273,0,0,0,0,0,0,0,0,0,0,0,0,0,0,0,0,0,0,0,0,0,0,0,0,0,0,0,0,0,0,0,0,0,0,0,0,0,0,0,0,0,0,0,0,0,0,0,0,0,0,0,0,0,0,0,0,0,0,0,0,0,0,0,0,0,0,0,0,0,0,0,0,0,0,0,0,0,0,0,0,0,0,0,0,0,0,0,0,0,0,0,0.005180263389277298,0,0,0,0,0,0,0,0,0,0,0,0,0,0,0,0.006583447630363461,0,0.006325318958870367,0,0,0,0,0,0,0,0,0,0,0,0,0,0,0,0,0,0,0,0,0,0,0,0,0,0,0.006573528348154634,0.006577433543334983,0.007688533885542284,0.00680628418550069,0.006804495655396345,0.006801273605968255,0.006841356240866784,0.006627372445018128,0.006617849263038416,0.006678573722743308,0.006617120752708741,0.006619007182333591,0.006617120752708741,0.006709269177821785,0.006781907180943228,0.005368287140359733,0.006599095703255819,0.006601172921763623,0.006693084342578925,0,0,0,0,0,0,0,0,0,0,0,0,0,0,0,0,0,0,0,0,0,0,0,0,0,0,0.006794155193255819,0,0,0,0,0,0,0,0,0,0,0,0,0,0,0,0,0,0,0,0,0,0,0,0,0,0,0,0,0,0,0,0,0,0,0,0,0.006803171782924108,0,0,0,0,0,0,0,0,0,0,0,0,0,0,0,0,0,0,0,0,0,0,0,0,0,0,0,0,0,0,0,0,0,0,0,0,0,0
0.005937986310557912,0,0,0,0,0,0,0,0,0.003512128023105437,0,0,0,0,0,0,0,0,0,0,0,0,0,0,0,0,0,0,0,0,0,0,0,0,0,0,0,0,0,0.002160740640749921,0,0,0,0,0,0,0,0,0,0,0,0,0,0,0,0,0,0,0,0,0,0,0,0,0,0,0,0,0,0,0,0,0,0,0,0,0,0,0.007279595116732322,0,0,0,0,0,0,0,0,0,0,0,0,0,0,0,0,0,0,0,0,0,0,0,0,0,0,0,0,0,0,0,0,0,0,0,0,0,0,0,0,0,0,0,0,0,0,0,0,0,0.004672893625020104,0,0,0,0.00521311265061408,0,0.005035468155917898,0,0,0,0,0,0,0,0,0,0,0,0,0,0,0,0,0,0,0,0,0,0,0,0,0,0.006221277110484679,0,0,0,0,0,0,0,0,0,0,0,0,0,0,0,0,0,0,0,0,0,0,0.002697289387579643,0,0,0,0,0,0,0.002545208100712187,0,0,0.006504058307866675,0,0,0,0.004721277571435563,0,0,0,0,0,0,0,0,0,0,0,0,0,0,0,0,0,0,0,0,0.006458956976494137,0,0,0,0,0,0,0,0,0,0,0,0.006387745354943512,0,0.006971285652227142,0,0,0,0,0,0.004377784101626761,0,0,0,0,0,0,0,0,0,0,0,0,0,0,0,0,0,0,0,0,0,0,0,0,0,0,0,0,0,0,0,0,0,0,0,0,0,0,0,0,0,0,0,0,0,0,0,0,0,0,0,0,0,0,0,0,0,0,0,0,0,0,0,0,0,0,0,0,0,0,0,0,0,0,0,0,0,0,0,0,0,0,0,0,0,0,0,0,0,0,0,0,0,0,0,0,0,0,0,0,0,0,0,0,0,0.007671058115679022,0,0,0,0.00441659061790807,0,0,0,0,0,0,0,0,0,0.006651277172723968,0.005882817437929604,0.006653384615090203,0,0,0,0,0,0,0,0,0,0,0,0,0,0,0,0,0.002659466003862606,0,0,0,0,0,0,0,0,0,0,0,0,0,0,0,0,0,0,0,0,0,0,0,0,0,0,0,0,0,0,0,0,0,0,0,0,0.002850379213251515
0.007235001665305221,0,0,0,0,0,0,0,0,0,0,0,0,0,0.002540826575349088,0,0,0,0,0,0,0.002535249691117043,0,0,0,0,0,0,0,0,0,0,0,0,0,0,0,0,0,0.002101304259779878,0,0,0,0,0.003949573073703456,0,0,0,0,0,0,0,0,0,0,0,0,0,0,0,0,0,0,0,0,0,0,0,0,0,0,0,0,0,0,0.003139778936537115,0,0,0.008349362231287585,0,0,0,0,0,0,0,0,0,0,0,0,0,0,0,0,0,0,0,0,0,0,0,0,0,0,0,0,0,0,0,0,0,0,0,0,0,0,0,0,0,0,0,0,0,0,0,0,0.002158001046333899,0.004843982608674698,0,0,0,0.006351075340221918,0,0.006078738480494529,0,0,0,0,0,0,0,0,0,0,0,0,0,0,0,0,0,0,0,0,0,0,0,0,0,0.007024312259902058,0,0,0,0,0,0,0,0,0,0,0,0,0,0,0,0,0,0,0,0,0,0,0.003431491696524561,0,0,0,0,0,0,0.003179693193976923,0,0,0.006076079626296553,0,0,0,0.003433306721172435,0,0,0,0,0,0,0,0,0,0,0,0,0,0,0,0,0,0,0,0,0.007672134024348272,0,0,0,0,0,0,0,0,0,0,0,0.007346891677423114,0,0.008168880910192217,0,0,0,0,0,0,0,0,0,0,0,0,0,0,0,0,0,0,0,0,0,0,0,0,0,0,0,0,0,0,0,0,0,0,0,0,0,0,0,0,0,0,0,0,0,0,0,0,0,0,0,0,0,0,0,0,0,0,0,0,0,0,0,0,0,0,0,0,0,0,0,0,0,0,0,0,0,0,0,0,0,0,0,0,0,0,0,0,0,0,0,0,0,0,0,0,0,0,0,0,0,0,0,0,0,0,0,0,0,0,0.007671058115679022,0,0,0,0,0.002964194087536395,0,0,0,0,0,0,0,0,0,0.006417795531159919,0.005083429099796857,0.006419726959336288,0,0,0,0,0,0,0,0,0,0,0,0,0,0,0,0,0,0,0,0,0,0,0,0,0,0,0,0,0,0,0,0,0,0,0,0,0,0,0,0,0,0,0,0,0,0,0,0,0,0,0,0,0,0
0,0,0,0,0,0,0.002801087235964821,0,0.00626640910448527,0,0,0,0,0,0,0,0,0,0,0,0,0,0,0,0,0,0,0,0,0,0,0,0,0,0,0,0,0,0,0,0,0,0,0,0,0,0,0,0,0,0,0,0,0,0,0,0,0,0,0,0,0,0,0,0,0,0,0,0,0,0.003432377201725402,0,0,0,0,0,0,0,0,0,0,0,0.003809553842553045,0,0,0.003507344655704202,0,0,0,0,0,0,0,0,0,0,0,0,0,0,0,0,0,0,0,0,0,0,0,0,0,0,0,0,0,0,0,0,0,0,0,0,0,0,0,0,0,0,0,0,0,0,0,0,0,0,0,0,0.004894224825428083,0,0,0,0,0.003274324238213657,0.005661830610668389,0,0,0,0.005459619694376354,0,0,0,0,0,0,0,0,0,0,0,0,0.004257492744014204,0,0,0,0,0,0,0,0,0,0,0.005845542191584892,0.004295341190259497,0,0,0,0,0,0,0,0,0,0,0,0,0.005440411562315844,0,0,0.005658401708160678,0,0,0,0,0.005566063809658185,0,0,0,0,0,0,0,0,0,0,0,0,0,0,0,0,0,0,0,0,0,0,0,0,0,0,0.005031248821319265,0.006107135239860602,0,0.006198349411984281,0,0,0,0,0,0,0,0,0,0.003482435708767244,0,0.006411543255468255,0,0,0,0,0,0.005077289155118434,0,0.006146469032722446,0,0,0,0,0,0,0,0,0,0,0,0,0,0,0,0,0,0,0,0,0,0,0,0,0,0,0,0,0,0,0,0,0,0,0,0,0,0,0,0,0,0,0,0,0,0,0,0,0,0,0,0,0,0,0,0,0,0,0,0,0,0,0,0,0,0,0,0,0,0,0,0,0,0,0,0,0,0,0,0,0,0,0,0,0,0,0,0,0,0,0,0,0,0,0,0,0,0,0,0,0,0.004911486161163693,0,0,0,0.006779005339456541,0,0,0,0,0,0,0.006387906366125165,0,0,0,0,0,0.004916545838086698,0,0,0.006385663359900292,0,0,0,0,0,0,0,0,0,0,0,0,0,0,0,0,0,0,0,0,0,0,0,0,0,0,0,0,0.003004342838944642,0,0,0,0,0,0,0,0,0,0,0,0,0,0,0,0,0,0,0
0,0,0,0,0,0,0,0,0.005494456363022308,0,0,0,0,0,0,0,0,0,0,0,0,0,0,0,0,0,0,0,0,0,0,0,0,0,0,0,0,0,0,0,0,0,0,0,0,0,0,0,0,0,0,0,0,0,0,0,0,0,0,0,0,0,0,0,0,0,0,0,0,0,0,0,0,0,0,0,0,0,0,0,0,0,0.003146811513718956,0,0,0.002781165843461517,0,0,0,0,0,0,0,0,0,0,0,0,0,0.003266422141553867,0.006251500209005915,0,0,0,0,0,0,0,0,0,0,0,0,0,0,0,0,0,0,0,0,0,0,0,0,0,0,0,0,0,0,0,0,0,0,0,0,0,0,0,0,0,0,0,0.004280147447733237,0,0,0,0.004100058678144857,0,0,0,0,0,0,0,0,0,0,0,0,0.004677745797242403,0,0,0,0,0,0,0,0,0,0,0.004167263144603972,0,0,0,0,0,0,0,0,0,0,0,0,0,0.004170739841813997,0,0,0.005381753497376599,0,0,0,0,0.004722393924344445,0,0,0,0,0,0,0,0,0,0,0,0,0,0,0,0,0,0,0,0,0,0,0,0,0,0,0.006300943525735465,0.005421446378204665,0,0.004988379443792103,0,0,0,0,0,0,0,0,0,0,0,0.006530630625922358,0.002889297744143631,0,0,0,0,0,0,0.006149116771088283,0,0,0,0,0,0,0,0,0,0,0,0,0,0,0,0,0,0,0,0,0,0,0,0,0,0,0,0,0,0,0,0,0,0,0,0,0,0,0,0,0,0,0,0,0,0,0,0,0,0,0,0,0,0,0,0,0,0,0,0,0,0,0,0,0,0,0,0,0,0,0,0,0,0,0,0,0,0,0,0,0,0,0,0,0,0,0,0,0,0,0,0,0,0,0,0,0,0,0,0,0.004911486161163693,0,0,0,0,0.006663488034602216,0,0,0,0.003433601050055434,0,0,0.005641400214340011,0,0,0,0,0,0.005552518992382193,0,0,0.005639664484145535,0,0,0,0,0,0,0,0,0,0,0,0,0,0,0,0,0,0,0,0,0,0.00291859585894074,0,0,0,0,0,0,0.003129016245426404,0.002707296561243817,0,0,0,0,0,0,0,0,0,0,0,0,0,0,0,0,0,0
0,0,0,0,0,0,0,0,0,0,0.003620366089635094,0,0,0,0,0,0,0.004047723756904774,0,0,0,0,0.003617865259613292,0,0,0,0,0,0,0,0,0,0,0,0,0,0,0,0,0,0,0,0,0,0,0,0,0,0,0,0.004251839337217759,0.004472577802322079,0,0,0,0,0,0,0,0,0,0,0,0,0,0,0,0,0,0,0,0,0,0,0,0,0,0,0,0,0.004258565113234494,0,0,0,0,0,0,0,0,0,0,0,0,0,0,0,0,0,0,0,0,0,0.003783278863726562,0,0,0,0,0,0,0,0,0,0,0,0,0,0,0,0,0.004260806360321194,0,0,0,0,0,0,0,0,0,0,0,0,0,0,0,0,0,0,0,0,0,0,0,0,0,0,0,0,0,0,0,0,0,0,0,0,0,0,0,0,0,0,0,0,0.004778747628311365,0,0,0,0,0,0,0,0,0,0,0,0,0,0,0,0,0,0,0,0,0,0,0,0.004411417270647925,0,0,0,0,0,0,0,0.003640609952327437,0,0,0,0,0,0,0,0,0,0,0,0,0,0,0,0,0,0,0,0.003531721991491184,0,0,0,0.003673072457184037,0,0,0,0,0,0,0,0,0,0,0.003611254140919062,0,0,0,0.004259080991556275,0,0,0.003622264449436654,0.00385189135239036,0,0,0,0,0,0,0,0,0,0,0,0,0,0,0,0,0,0,0,0,0,0,0,0,0,0,0,0,0.00645742410955006,0,0.004738416530767816,0,0,0,0,0,0,0,0,0,0,0,0,0,0,0,0,0,0,0,0,0,0,0,0,0,0,0,0,0,0,0,0,0,0,0,0,0,0,0,0,0,0,0,0,0,0,0,0,0,0,0,0,0,0,0,0,0,0,0,0,0,0,0,0,0,0,0,0,0,0,0,0,0,0,0,0,0,0,0.004546528628219863,0,0,0,0,0,0,0,0,0,0,0,0,0,0,0,0,0,0,0,0,0,0,0,0,0,0,0,0,0,0,0,0,0,0,0,0,0,0,0,0,0,0,0,0,0,0,0,0,0,0,0,0,0.004516721404243388,0,0,0,0,0,0,0,0,0.004710799236558744,0,0.005462755974025763,0
0,0,0.00295406083219777,0,0,0,0,0,0,0.003013767722914061,0,0,0,0,0,0,0,0,0,0,0,0,0.002889508951550548,0,0,0,0,0,0,0,0,0,0,0,0,0,0,0,0,0,0,0,0,0,0,0,0,0,0,0,0,0,0,0,0,0,0,0,0,0,0,0,0,0,0,0,0,0,0,0,0,0,0,0,0,0,0,0,0.003095014818988793,0,0,0,0,0,0,0,0,0,0,0,0,0,0,0,0,0,0,0,0,0,0,0,0,0,0,0,0,0,0,0,0,0,0,0,0,0,0,0,0,0.002645335555684821,0,0,0,0,0,0,0,0,0.002995034706234002,0,0,0,0,0,0.002503164702513564,0,0,0,0,0,0,0,0,0,0,0,0,0,0,0,0,0,0,0,0,0,0,0,0,0,0.003419014213151002,0,0,0,0,0,0,0,0,0,0,0,0,0,0,0,0,0,0,0,0,0,0,0,0,0,0,0,0,0,0,0,0,0.003640994932384462,0,0,0,0.004054408217106269,0.00251656418812481,0,0,0,0,0,0,0,0,0,0,0,0,0,0,0,0,0,0,0,0,0,0,0,0,0,0,0,0,0,0,0.002964079887260408,0,0,0.00299654381012913,0,0,0,0,0,0.004152889224962529,0,0,0,0,0,0,0,0,0,0,0,0,0,0,0,0,0,0,0,0,0,0,0,0,0,0,0,0,0,0,0,0,0,0,0,0,0,0,0,0,0,0,0,0,0,0,0,0,0,0,0,0,0,0,0,0,0,0,0,0,0,0,0,0,0,0,0,0,0,0,0,0,0,0,0,0,0,0,0,0,0,0,0,0,0,0,0,0,0,0,0,0,0,0,0,0,0,0,0,0,0,0,0,0,0.00441659061790807,0.002964194087536395,0,0,0,0,0.003517113015052893,0,0,0,0,0,0,0,0,0,0.004044781849451342,0,0,0,0,0,0,0,0,0,0,0,0,0,0,0,0,0,0.002977903521735271,0,0,0,0,0,0,0,0,0,0,0,0,0,0,0,0,0,0,0,0,0,0,0,0,0,0,0,0,0,0,0,0,0,0,0,0,0.002619106072268016
0,0.00391059249979101,0,0,0,0,0,0,0,0,0.005557546790510678,0,0,0,0,0,0,0.003421499820680475,0,0,0,0,0.006134036221921157,0,0,0,0,0,0,0,0,0,0,0,0,0,0,0,0,0,0.004218689728270159,0,0,0,0,0,0,0,0,0,0,0,0,0,0,0,0,0,0.00452776871382542,0,0,0,0,0,0,0,0,0,0,0,0,0,0,0,0,0,0,0,0,0,0,0,0,0,0,0,0,0,0,0,0,0,0,0,0,0,0,0,0,0,0,0.004659994528515921,0.006025241660472459,0.002846302116871416,0,0,0.003398620946855099,0,0,0,0,0,0,0,0,0,0,0,0,0.003835110455251772,0.004172104042594157,0,0,0,0.003781293911032551,0,0,0.00458835223784,0,0,0,0,0,0,0,0,0,0,0,0,0,0,0,0,0,0,0,0,0,0,0,0,0,0,0,0,0,0,0,0,0,0,0,0,0,0,0,0,0,0,0,0,0,0,0,0.005208429989587801,0,0,0,0.003867341784020773,0,0,0,0,0.003460770716537939,0,0,0,0,0,0,0,0.003224594374041469,0,0,0,0,0,0,0,0,0,0,0,0,0,0,0,0,0,0,0,0,0,0,0,0,0,0,0,0.003173190258306168,0,0,0,0,0,0,0,0,0,0,0.003482123620688842,0,0,0,0,0,0,0,0,0,0,0,0,0,0,0,0,0,0,0,0,0,0,0,0,0,0,0,0,0,0,0,0,0,0,0,0,0,0,0,0,0,0.004461744005387993,0,0,0,0,0,0,0,0,0,0,0,0,0,0,0,0,0,0,0,0,0,0,0,0,0,0,0,0,0,0,0,0,0,0,0,0,0,0,0,0,0,0,0,0,0,0,0,0,0,0,0,0,0,0,0,0,0,0,0,0,0,0,0,0,0,0,0,0,0,0,0,0,0,0.004546528628219863,0.003517113015052893,0,0,0,0,0,0,0,0,0,0,0,0,0,0,0,0,0,0,0,0,0,0,0,0,0,0,0,0,0,0.00436504038886369,0,0.005784854780514608,0,0,0,0,0,0,0,0,0,0,0,0,0,0,0,0,0,0,0,0,0,0,0,0,0,0,0,0,0,0,0,0,0,0.003661004119220762
0,0,0,0,0,0,0,0,0.006787052795942009,0,0,0,0,0,0,0,0,0,0,0,0,0,0,0,0,0,0,0,0,0,0,0,0,0,0,0,0,0,0,0,0,0,0,0,0,0,0,0,0,0,0,0,0,0,0,0,0,0,0,0,0,0,0,0,0,0,0,0,0,0,0.002950079697276199,0,0,0,0,0,0,0,0,0,0,0,0.00397262418239704,0,0,0.003201851306710243,0,0,0,0,0,0,0,0,0,0,0,0,0,0,0,0,0,0,0,0,0,0,0,0,0,0,0,0,0,0,0,0,0,0,0,0,0,0,0,0,0,0,0,0,0,0,0,0,0,0,0,0,0.00453200468680481,0,0,0,0,0.002720725755515201,0.005855627770994317,0,0,0,0.005272465349989304,0,0,0,0,0,0,0,0,0,0,0,0,0.004813439624015101,0,0,0,0,0,0,0,0,0,0,0.005675532284383425,0.00442543872698834,0,0,0,0,0,0,0,0,0,0,0,0,0.005663320856416965,0,0,0.006161043002899345,0,0,0,0,0.006022401867165825,0,0,0,0,0,0,0,0,0,0,0,0,0,0,0,0,0,0,0,0,0,0,0,0,0,0,0.005812202509494109,0.00629269184264357,0,0.006319289583661572,0,0,0,0,0,0,0,0,0,0.003009034205376975,0,0.007812611790347984,0,0,0,0,0,0.004813988064986054,0,0.007064701670336085,0,0,0,0,0,0,0,0,0,0,0,0,0,0,0,0,0,0,0,0,0,0,0,0,0,0,0,0,0,0,0,0,0,0,0,0,0,0,0,0,0,0,0,0,0,0,0,0,0,0,0,0,0,0,0,0,0,0,0,0,0,0,0,0,0,0,0,0,0,0,0,0,0,0,0,0,0,0,0,0,0,0,0,0,0,0,0,0,0,0,0,0,0,0,0,0,0,0,0,0,0.006779005339456541,0.006663488034602216,0,0,0,0,0,0,0,0,0,0,0.006954711939764222,0,0,0,0,0,0.00539518578015359,0,0,0.00695205106908319,0,0,0,0,0,0,0,0,0,0,0,0,0,0,0,0,0,0,0,0,0,0,0,0,0,0,0,0,0.002789722792699415,0,0,0,0,0,0,0,0,0,0,0,0,0,0,0,0,0,0,0
0,0,0,0,0,0,0,0,0,0,0,0,0,0,0,0,0,0,0,0.0048819141675013,0,0,0,0,0,0,0,0,0,0,0,0,0.003059949098319136,0,0,0,0,0,0,0,0,0,0.003065610417247519,0,0,0,0,0,0.003938880531345708,0,0,0,0,0,0,0,0,0,0,0,0,0,0,0,0.004655042761191386,0,0,0,0.003055509728023941,0,0,0,0,0,0,0,0,0,0,0,0,0,0.004805714063107809,0.00518366487408937,0.005139154348330285,0,0,0,0,0,0,0,0,0,0,0,0,0,0,0,0,0,0,0,0,0,0,0,0,0,0,0,0,0,0,0,0,0,0,0,0,0,0.003714648466169665,0.004733618015985291,0,0,0,0,0,0,0,0,0,0,0,0,0,0.003913404935381488,0,0,0,0,0,0,0,0,0,0,0,0,0,0,0,0,0,0,0,0,0,0,0,0,0,0,0,0,0,0.003809223050191431,0,0.005397730451507991,0.005532997257271633,0,0,0,0,0,0,0,0,0,0,0,0,0,0,0,0,0,0,0,0,0,0,0,0,0,0,0,0,0,0,0,0,0,0,0,0,0,0,0,0,0,0,0,0,0,0,0.005134237018669778,0,0,0,0,0,0,0,0,0,0,0,0,0,0,0,0,0,0,0,0,0,0,0,0,0,0,0,0.00364440482077004,0,0,0,0,0,0,0.003133634105345139,0,0,0,0.003536426195230758,0,0,0,0,0,0,0,0,0,0,0,0,0,0,0,0,0,0,0,0,0,0,0,0,0,0,0,0,0,0,0,0,0,0,0,0,0,0,0,0,0,0,0,0,0,0,0,0,0,0,0,0,0,0,0,0,0,0,0,0,0,0,0,0,0,0,0,0,0,0,0,0,0,0,0,0,0,0,0,0,0,0,0,0,0,0,0,0,0,0,0,0,0,0,0,0,0,0,0,0,0,0,0,0,0,0,0,0,0,0,0,0,0,0,0,0,0,0,0,0,0,0,0,0,0.003360198001513354,0,0,0,0,0.003563579155850577,0,0,0,0,0,0,0,0,0,0,0,0,0.003091164694972811,0,0,0,0,0,0,0,0,0,0.005343385313507735,0,0,0.004587129025143858,0,0
0,0,0,0,0,0,0,0,0,0,0,0,0,0,0,0.00432015302178621,0,0,0,0,0,0,0,0,0,0,0,0,0,0,0,0,0,0,0,0,0,0,0,0,0,0,0,0,0,0,0,0,0,0,0,0.004705304252028615,0.004216501900564881,0,0,0,0,0,0,0.005212081366166918,0,0,0,0,0,0,0,0,0,0,0,0,0,0,0,0,0,0,0,0,0,0,0,0,0,0,0,0,0,0,0,0,0,0,0,0,0,0,0.005423002830067683,0,0,0,0,0,0,0,0,0,0,0.004995450046821297,0.004076931350916219,0.005243816768073933,0,0,0,0,0,0,0,0,0,0,0,0,0,0,0.005090616121186725,0,0,0.005048620522506079,0,0,0,0.004249718845375288,0,0,0,0,0,0,0,0,0,0,0,0,0.005155294280852638,0,0,0.00551799051990369,0,0,0,0,0,0,0,0,0,0,0,0,0,0,0.005205327991559467,0,0,0,0,0,0,0,0,0,0,0,0,0,0,0,0,0,0.004320764948872216,0,0,0,0,0,0,0,0,0,0,0,0,0,0,0,0,0.00410452809792123,0,0.004963154539007864,0,0,0,0,0,0,0,0,0,0,0,0,0.006775377835406713,0,0,0,0,0.005568144691398587,0,0,0,0,0,0,0,0,0,0.003860644530621931,0,0,0,0,0,0,0,0,0,0,0,0,0,0,0,0,0,0,0,0,0,0,0,0,0,0,0,0,0,0,0.005262559570223094,0,0,0,0,0,0,0,0,0.005702509052593652,0.004303336482101846,0.006289851863225978,0,0,0,0,0,0,0,0,0,0,0,0,0,0,0,0,0,0,0,0,0,0,0,0,0,0,0,0,0,0,0,0,0,0,0,0,0,0,0,0,0,0,0,0,0,0,0,0,0,0,0,0,0,0,0,0,0,0,0,0,0,0,0,0,0,0,0,0,0,0,0,0,0,0,0,0,0,0,0,0,0,0,0,0.004967954160744662,0,0,0,0,0,0,0,0,0,0,0,0.005039607925360153,0,0,0.005653322417290506,0,0,0,0.004796602770752141,0,0,0,0,0,0,0,0,0,0,0,0,0,0,0,0,0,0,0,0,0,0,0,0,0,0,0,0.004849783790520548,0,0,0,0,0,0,0,0,0.004534656327113936,0,0,0
0,0,0,0,0,0,0,0,0,0,0,0,0,0,0,0,0,0,0,0,0,0,0,0,0,0,0,0,0,0,0,0,0,0,0,0,0,0,0,0.007874722103796982,0,0,0,0,0,0,0,0,0,0,0,0,0,0,0,0,0,0,0,0,0,0,0,0,0,0,0,0,0,0,0,0,0,0,0,0,0,0,0,0,0,0,0,0,0,0,0,0,0,0,0,0,0,0,0,0,0,0,0,0,0,0,0,0,0,0,0,0,0,0,0,0,0,0,0,0,0,0,0,0,0,0,0,0,0.003956325091142927,0,0,0,0,0,0,0,0,0,0,0,0,0,0,0,0,0,0,0,0,0,0,0,0,0,0,0,0,0,0,0,0,0,0,0,0,0,0,0,0,0,0,0,0,0,0,0,0,0,0,0,0,0,0,0,0,0,0,0.004177404534901049,0,0,0,0,0,0,0,0,0,0,0,0,0,0,0,0,0,0,0,0,0,0,0,0,0,0,0,0,0,0,0,0,0,0,0,0,0,0,0,0,0,0.002083509439063375,0,0,0,0,0,0,0.002010537142496574,0,0,0,0,0,0,0,0,0,0,0,0,0,0,0,0,0,0,0,0,0,0,0,0,0,0,0,0,0.007082151782803542,0,0,0.007760142033772967,0,0.007119917236715349,0,0,0,0,0,0,0,0,0,0,0,0,0,0,0,0,0,0,0,0,0,0,0,0,0,0,0,0,0,0,0,0,0,0,0,0,0,0,0,0,0,0,0,0,0,0,0,0,0,0,0,0,0,0,0,0,0,0,0,0,0,0,0,0,0,0,0,0,0,0,0,0,0,0,0,0,0,0,0,0,0,0,0,0,0,0,0,0,0,0,0,0,0,0,0,0,0,0.007661947921543335,0.0079125933344885,0,0,0.005356961111866567,0.003286625447584685,0,0,0,0,0,0,0,0,0,0,0,0,0,0,0,0,0,0,0,0,0,0,0,0,0,0,0,0,0,0,0,0.006617133706132041,0,0.007319839213236447,0.007578349574311322,0.006238840742338578,0,0.005445774782417151,0.005276970528793687,0,0,0,0,0,0
0,0,0,0,0,0,0,0,0,0.003309628189848275,0,0,0,0,0,0,0,0,0,0,0,0,0,0,0,0,0,0,0,0,0,0,0,0,0,0,0,0,0,0,0,0,0,0,0,0,0,0,0,0,0,0,0,0,0,0,0,0,0,0,0,0,0,0.002969934251831786,0,0,0,0,0,0,0,0,0,0,0,0,0,0,0,0,0,0,0,0,0,0,0,0,0,0,0,0,0,0,0,0,0,0,0,0,0,0,0,0,0,0,0,0,0,0,0,0,0,0,0,0,0,0,0,0,0,0,0,0,0,0,0,0,0,0,0,0,0,0,0,0,0,0,0,0,0,0,0,0,0,0,0,0,0,0,0,0,0,0,0,0,0,0,0,0,0,0,0,0,0,0,0,0,0,0,0,0,0,0,0,0,0,0,0,0,0,0,0,0,0,0,0,0,0,0.003886221540180145,0,0,0,0,0,0,0,0,0,0,0,0,0,0,0,0,0,0,0,0,0,0,0,0,0,0,0,0,0.00304071358665394,0,0,0.005606047088299903,0,0,0,0,0,0,0,0,0.003831364873256458,0,0,0,0,0,0,0.003676628685363617,0,0,0,0,0,0,0,0,0,0,0,0,0.003951099278052326,0.003901925376404964,0,0,0,0,0,0,0,0,0,0,0,0,0,0,0,0,0,0,0,0,0,0,0,0,0,0,0,0,0,0,0,0,0,0,0,0,0,0,0,0,0,0,0,0,0,0,0,0,0,0,0,0,0,0,0,0,0,0,0,0,0,0,0,0,0,0,0,0,0,0,0,0,0,0,0,0,0,0,0,0,0,0,0,0,0,0,0,0,0,0,0,0,0,0,0.003433601050055434,0,0,0,0,0,0,0,0,0,0,0.005760974595625992,0.004256540064440743,0.004250931267529319,0.004265483780357525,0.005986047886392204,0.004835404102219323,0.007566913112201686,0.004291373070738632,0.004304443215270669,0.005767490111950922,0.004229348550774427,0.003330787525177936,0,0,0,0,0,0,0,0,0,0.004835165975201557,0,0,0,0,0,0,0,0,0,0,0,0,0,0,0,0,0,0,0,0,0,0,0,0,0.003354475869833061,0.004385698913629298,0.004199851393648732,0,0,0,0,0,0,0,0,0
0,0,0,0,0,0,0,0,0,0,0,0,0,0,0,0,0,0,0,0,0,0,0,0,0,0,0,0,0,0,0,0,0,0,0,0,0,0,0,0,0,0,0,0,0,0,0,0,0,0,0,0.004310600864170324,0,0,0,0,0,0,0,0.004849225735718988,0,0,0,0,0,0,0,0,0,0,0,0,0,0,0,0,0,0,0,0,0,0,0,0,0,0,0,0,0,0,0,0,0,0,0,0,0,0,0.004533563121473347,0,0,0,0,0,0,0,0,0,0,0.004684481692108326,0.003915964818967984,0.004385533711898303,0,0,0,0,0,0,0,0,0,0,0,0,0,0,0.005133649642852005,0,0,0.007038685988977163,0,0,0,0,0,0,0,0,0,0,0,0,0,0,0,0,0.005451960427157778,0,0,0.004710355842810977,0,0,0,0,0,0,0,0,0,0,0,0,0,0,0.004737746820438546,0,0,0,0,0,0,0,0,0,0,0,0,0,0,0,0,0,0.003898510592461569,0,0,0,0,0,0,0,0,0,0,0,0,0,0,0,0,0,0,0.004532758486246881,0,0,0,0,0,0,0,0,0,0,0,0,0.004695081538486481,0,0,0,0,0.00496306672782156,0,0,0,0,0,0,0,0,0,0,0,0,0,0,0,0,0,0,0,0,0,0,0,0,0,0,0,0,0,0,0.003888844857391242,0.003904582819342893,0,0,0,0,0,0,0,0,0.005076103926887775,0,0,0,0,0,0,0,0,0.004966408860693475,0.004376660288665795,0.004920516520227856,0,0,0,0,0,0,0,0,0,0,0,0,0,0,0,0,0,0,0,0,0,0,0,0,0,0,0,0,0,0,0,0,0,0,0,0,0,0,0,0,0,0,0,0,0,0,0,0,0,0,0,0,0,0,0,0,0,0,0,0,0,0,0,0,0,0,0,0,0,0,0,0,0,0,0,0,0,0,0,0,0.004967954160744662,0,0,0,0,0,0,0,0,0,0,0,0,0,0,0.007825896691827799,0,0,0.004888645459075983,0,0,0,0.004793866239286303,0,0,0,0,0,0,0,0,0,0,0,0,0,0,0,0,0,0,0,0,0,0,0,0,0,0,0,0.004413734904629537,0,0,0,0,0,0,0,0,0.004401580527466798,0,0,0
0,0,0,0,0,0,0,0,0,0,0,0,0,0,0,0,0,0,0,0,0,0,0,0,0,0,0,0,0.004584306625234444,0,0,0,0,0,0,0,0,0,0,0,0,0,0,0,0,0,0,0,0,0,0,0,0,0,0,0,0,0,0,0,0,0,0,0,0,0,0,0,0,0,0,0,0,0,0,0,0,0,0,0,0,0,0,0,0,0,0,0,0,0,0,0,0,0,0,0,0,0,0,0,0,0,0,0,0,0,0,0,0,0,0,0,0,0,0,0,0,0,0,0,0,0,0,0,0,0.00457702032507001,0,0,0,0,0,0,0,0,0,0.005247095206726839,0.004341455586878666,0,0,0,0,0,0,0,0,0,0,0.004868872437120786,0,0,0,0,0,0,0,0,0,0,0,0,0,0,0,0,0,0,0,0,0,0,0,0,0,0,0.004186354601865889,0,0,0,0,0,0,0,0,0,0,0,0,0,0,0,0,0,0,0,0,0.004830398691929829,0,0,0,0.004679379635656468,0,0,0,0,0,0,0,0,0,0.004405644478049052,0.00490116591006344,0.004596372555823226,0.005084773342332546,0.004930514869994901,0,0,0,0,0,0,0.004708160796360009,0,0,0.004965775627055658,0,0,0,0,0.005093639318681411,0,0,0,0,0,0,0.004237538053528131,0,0,0,0,0,0,0,0,0,0,0,0,0,0,0,0.006904458866898645,0,0.004940825603579078,0.004765326888282776,0.004759318781439261,0,0,0,0,0,0,0,0,0,0,0,0,0,0,0,0,0,0,0,0,0,0,0,0,0,0,0,0,0,0,0,0,0,0,0,0,0,0,0,0,0,0,0,0,0,0,0,0,0,0,0,0,0,0,0,0,0,0,0,0,0,0,0,0,0,0,0,0,0,0,0,0,0,0,0,0,0,0,0,0,0,0,0.004560972728577937,0,0.004559710559147364,0.004402598452616518,0,0,0,0,0,0,0,0,0,0,0,0,0,0,0,0,0,0,0,0,0,0,0.004219045657991822,0.004207597702650659,0,0.004224520928464847,0,0,0,0,0,0,0,0.004832374857590256,0,0,0.004795359852779751,0,0,0,0,0,0,0,0,0,0,0,0,0,0,0,0,0,0,0,0,0,0,0,0,0,0.004287735533142246,0,0,0,0,0,0,0,0,0,0
0,0,0,0,0,0,0,0,0.007045648321167251,0,0,0,0,0,0,0,0,0,0,0,0,0,0,0,0,0,0,0,0,0,0,0,0,0,0,0,0,0,0,0,0,0,0,0,0,0,0,0,0,0,0,0,0,0,0,0,0,0,0,0,0,0,0,0,0,0,0,0,0,0,0,0,0,0,0,0,0,0,0,0,0,0,0,0,0,0,0,0,0,0,0,0,0,0,0,0,0,0,0,0,0,0,0,0,0,0,0,0,0,0,0,0,0,0,0,0,0,0,0,0,0,0,0,0,0,0,0,0,0,0,0,0,0,0,0,0,0,0,0.004496107477336184,0,0,0,0,0,0.005335198375311329,0,0,0,0.004825037736181476,0,0,0,0,0,0,0,0,0,0,0,0,0.004510600274477498,0,0,0,0,0,0,0,0,0,0,0.005244285784090389,0.004191463788583315,0,0,0,0,0,0,0,0,0,0,0,0,0.00556136868354763,0,0,0.007640224430751651,0,0,0,0,0.005865590670103508,0,0,0,0,0,0,0,0,0,0,0,0,0,0,0,0,0,0,0,0,0,0,0,0,0,0,0.008216128400846566,0.006214022697624802,0,0.006222424026391537,0,0,0,0,0,0,0,0,0,0,0,0.006619054504886052,0,0,0,0,0,0.004802027391356708,0,0.006667836814298696,0,0,0,0,0,0,0,0,0,0,0,0,0,0,0,0,0,0,0,0,0,0,0,0,0,0,0,0,0,0,0,0,0,0,0,0,0,0,0,0,0,0,0,0,0,0,0,0,0,0,0,0,0,0,0,0,0,0,0,0,0,0,0,0,0,0,0,0,0,0,0,0,0,0,0,0,0,0,0,0,0,0,0,0,0,0,0,0,0,0,0,0,0,0,0,0,0,0,0,0,0.006387906366125165,0.005641400214340011,0,0,0,0.006954711939764222,0,0,0,0.005760974595625992,0,0,0,0.004216748131318929,0.004224297713381972,0.004225482009633376,0,0,0.009042416682370951,0.00426090452243139,0.004265488921007266,0.01055902985358048,0.004251015152911779,0,0,0,0,0,0,0,0,0,0,0,0,0,0,0,0,0,0,0,0,0,0,0,0,0,0,0,0,0,0,0,0,0,0,0,0,0.004345630827333575,0,0,0,0,0,0,0,0,0,0
0.005849001034667593,0,0,0,0,0,0,0,0,0.00598091941914611,0,0,0,0,0,0,0,0,0,0,0,0,0,0,0,0,0,0,0,0,0,0,0,0,0,0,0,0,0,0,0,0,0,0,0,0,0,0,0,0,0,0,0,0,0,0,0,0,0,0,0,0,0,0,0,0,0,0,0,0,0,0,0,0,0,0,0,0,0.006507206782388733,0,0,0,0,0,0,0,0,0,0,0,0,0,0,0,0,0,0,0,0,0,0,0,0,0,0,0,0,0,0,0,0,0,0,0,0,0,0,0,0,0,0,0,0,0,0,0,0,0,0.004150069315858618,0,0,0,0.00463233132084025,0,0.004822825073231498,0,0,0,0,0,0,0,0,0,0,0,0,0,0,0,0,0,0,0,0,0,0,0,0,0,0.005704819253721192,0,0,0,0,0,0,0,0,0,0,0,0,0,0,0,0,0,0,0,0,0,0,0,0,0,0,0,0,0,0,0,0,0.007660325193202269,0,0,0,0.004409089374912268,0,0,0,0,0,0,0,0,0,0,0,0,0,0,0,0,0,0,0,0,0.008819647068235681,0,0,0,0,0,0,0,0,0,0,0,0.009452105686542246,0,0.006753812493442831,0,0,0,0,0,0.004139747298367769,0,0,0,0,0,0,0,0,0,0,0,0.004713955413900916,0,0,0,0,0,0,0,0,0,0,0,0,0,0,0,0,0,0,0,0,0,0,0,0,0,0,0,0,0,0,0,0,0,0,0,0,0,0,0,0,0,0,0,0,0,0,0,0,0,0,0,0,0,0,0,0,0,0,0,0,0,0,0,0,0,0,0,0,0,0,0,0,0,0,0,0,0,0,0,0,0,0,0,0,0,0,0,0,0,0,0,0,0.006651277172723968,0.006417795531159919,0,0,0,0,0,0,0,0,0,0.004256540064440743,0,0,0.004216748131318929,0,0.009346724980051556,0.0102781325038717,0,0.004144057808551715,0.004399970688739957,0.004470259327259296,0.004341621121262292,0.004224604163225228,0.004482955878106733,0,0,0,0,0,0,0,0,0,0,0.004653066462957492,0,0,0,0,0,0,0,0,0,0,0,0,0,0,0,0,0,0,0,0,0,0,0,0,0,0.00452297619539414,0.004222501797087691,0,0,0,0,0,0,0,0,0
0.004677815691164712,0,0,0,0,0,0,0,0,0.005480171733149873,0,0,0,0,0,0,0,0,0,0,0,0,0,0,0,0,0,0,0,0,0,0,0,0,0,0,0,0,0,0,0,0,0,0,0,0,0,0,0,0,0,0,0,0,0,0,0,0,0,0,0,0,0,0,0,0,0,0,0,0,0,0,0,0,0,0,0,0,0.005609393167462026,0,0,0,0,0,0,0,0,0,0,0,0,0,0,0,0,0,0,0,0,0,0,0,0,0,0,0,0,0,0,0,0,0,0,0,0,0,0,0,0,0,0,0,0,0,0,0,0,0,0,0,0,0,0,0,0.004277478673818089,0,0,0,0,0,0,0,0,0,0,0,0,0,0,0,0,0,0,0,0,0,0,0,0,0,0.004757331628294872,0,0,0,0,0,0,0,0,0,0,0,0,0,0,0,0,0,0,0,0,0,0,0,0,0,0,0,0,0,0,0,0,0.006872457719624211,0,0,0,0.004226712750274831,0,0,0,0,0,0,0,0,0,0,0,0,0,0,0,0,0,0,0,0,0.007015254432782806,0,0,0,0,0,0,0,0,0,0,0,0.008114590388818572,0,0.005140604787499894,0,0,0,0,0,0.004421215712862081,0,0,0,0,0,0,0,0,0,0,0,0.005300550885923096,0.004182632066915022,0,0,0,0,0,0,0,0,0,0,0,0,0,0,0,0,0,0,0,0,0,0,0,0,0,0,0,0,0,0,0,0,0,0,0,0,0,0,0,0,0,0,0,0,0,0,0,0,0,0,0,0,0,0,0,0,0,0,0,0,0,0,0,0,0,0,0,0,0,0,0,0,0,0,0,0,0,0,0,0,0,0,0,0,0,0,0,0,0,0,0,0.005882817437929604,0.005083429099796857,0,0,0,0.004044781849451342,0,0,0,0,0,0.004250931267529319,0,0,0.004224297713381972,0.009346724980051556,0,0.009356199381714555,0,0.004133603320502384,0.004467704091613515,0.00451413065053684,0.004338076021524744,0.004232176368211244,0.004437815211251585,0,0,0,0,0,0,0,0,0,0,0.00484721579232718,0,0,0,0,0,0,0,0,0,0,0,0,0,0,0,0,0,0,0,0,0,0,0,0,0,0.004552234700433692,0.004218631734720622,0,0,0,0,0,0,0,0,0
0.005850102137466532,0,0,0,0,0,0,0,0,0.005752792954165926,0,0,0,0,0,0,0,0,0,0,0,0,0,0,0,0,0,0,0,0,0,0,0,0,0,0,0,0,0,0,0,0,0,0,0,0,0,0,0,0,0,0,0,0,0,0,0,0,0,0,0,0,0,0,0,0,0,0,0,0,0,0,0,0,0,0,0,0,0.006509151181635076,0,0,0,0,0,0,0,0,0,0,0,0,0,0,0,0,0,0,0,0,0,0,0,0,0,0,0,0,0,0,0,0,0,0,0,0,0,0,0,0,0,0,0,0,0,0,0,0,0,0.004152982401368798,0,0,0,0.004634028825427608,0,0.004823417660742712,0,0,0,0,0,0,0,0,0,0,0,0,0,0,0,0,0,0,0,0,0,0,0,0,0,0.005707385733505065,0,0,0,0,0,0,0,0,0,0,0,0,0,0,0,0,0,0,0,0,0,0,0,0,0,0,0,0,0,0,0,0,0.007664594212352343,0,0,0,0.004410244872285376,0,0,0,0,0,0,0,0,0,0,0,0,0,0,0,0,0,0,0,0,0.008645699028613965,0,0,0,0,0,0,0,0,0,0,0,0.009460360620283919,0,0.006756274110285273,0,0,0,0,0,0.004140863705139335,0,0,0,0,0,0,0,0,0,0,0,0.004721742618586331,0,0,0,0,0,0,0,0,0,0,0,0,0,0,0,0,0,0,0,0,0,0,0,0,0,0,0,0,0,0,0,0,0,0,0,0,0,0,0,0,0,0,0,0,0,0,0,0,0,0,0,0,0,0,0,0,0,0,0,0,0,0,0,0,0,0,0,0,0,0,0,0,0,0,0,0,0,0,0,0,0,0,0,0,0,0,0,0,0,0,0,0,0.006653384615090203,0.006419726959336288,0,0,0,0,0,0,0,0,0,0.004265483780357525,0,0,0.004225482009633376,0.0102781325038717,0.009356199381714555,0,0,0.004152587331806474,0.004408938555984281,0.004478957974485925,0.004349995744084015,0.004233337813183724,0.004491822830914195,0,0,0,0,0,0,0,0,0,0,0.004662229419453278,0,0,0,0,0,0,0,0,0,0,0,0,0,0,0,0,0,0,0,0,0,0,0,0,0,0.004531119119312038,0.004230221852460811,0,0,0,0,0,0,0,0,0
0,0,0,0,0,0,0,0,0,0.003624721394693221,0,0.003975148491288454,0,0,0,0,0,0,0.003847047779696315,0,0,0,0,0,0,0.004966267973551226,0.003526321400841006,0.003845514318481926,0,0,0,0,0,0,0,0,0,0,0,0,0,0,0,0.004052448989130772,0,0,0.003705266012963893,0,0,0,0,0,0,0,0,0,0,0,0,0,0,0,0.003547393478815125,0,0,0,0,0,0,0,0,0,0,0,0,0,0,0,0,0,0,0,0,0,0,0,0,0,0,0,0,0,0,0,0,0,0,0,0,0,0,0,0,0,0,0,0,0,0,0,0,0,0,0,0,0,0,0,0,0,0,0,0,0,0,0,0,0,0,0,0,0,0,0,0,0,0,0,0,0,0,0,0,0,0,0,0,0,0,0,0,0,0,0,0,0,0,0,0,0,0,0,0,0,0,0,0,0,0,0,0,0,0,0,0,0,0,0,0,0,0,0,0,0,0,0,0,0,0,0,0,0,0,0,0,0,0,0,0,0,0,0,0,0,0,0,0,0,0,0,0,0,0,0,0,0,0,0,0,0,0,0,0,0,0,0,0,0,0,0,0,0,0,0,0,0,0,0,0,0,0,0,0,0,0,0,0,0,0,0,0,0.003738577146515125,0,0,0,0,0,0,0,0,0,0,0.004202225212640268,0,0,0,0,0,0,0,0,0,0,0,0,0,0,0,0,0,0,0,0,0,0,0,0,0,0,0,0,0,0,0,0,0,0,0,0,0,0,0,0,0,0,0,0,0,0,0,0,0,0,0,0,0,0,0,0,0,0,0,0,0,0,0,0,0,0,0,0,0,0,0,0,0,0,0,0,0,0,0,0,0,0,0,0,0,0,0,0,0,0,0,0.005986047886392204,0,0,0,0,0,0,0,0.006243392133651429,0.00476131010889488,0.003925160104372409,0.003931136042027108,0,0,0,0,0,0,0,0,0,0,0,0,0.004754551485189374,0,0,0,0,0,0,0,0,0,0,0,0,0,0,0,0,0,0,0,0,0,0,0,0,0,0.004221507785080618,0.004062728107501017,0,0,0,0,0,0,0,0,0
0,0,0,0,0,0,0,0,0,0,0,0.00557113106313622,0,0,0,0,0,0,0.004959160687240971,0,0,0,0,0,0.004842611423407145,0,0.004586809922887637,0.004968605093125572,0,0,0,0,0,0.004477168498009788,0,0,0,0,0,0,0,0,0,0.005376772370409842,0,0,0.00535957316240922,0,0,0,0,0,0,0,0,0,0,0,0,0,0,0,0.004568063945056106,0,0,0.004975393211520992,0,0,0,0,0,0,0.005216478072440156,0,0,0,0,0,0,0,0,0,0,0,0,0,0,0,0,0,0,0,0,0,0,0,0,0.005543022706516066,0,0,0,0,0,0,0,0,0,0,0,0,0,0,0,0,0.005162950877995509,0,0,0,0,0,0,0,0,0,0,0,0,0,0,0,0,0.005503796738055378,0,0,0,0,0,0,0,0,0,0,0,0,0,0,0,0,0,0,0,0,0,0,0,0,0,0,0,0,0,0,0,0,0,0,0,0,0,0,0,0,0,0,0,0,0,0,0,0,0,0,0,0,0,0,0,0,0,0,0,0,0,0,0,0,0,0,0,0,0,0,0,0,0,0,0,0,0,0,0,0,0,0,0,0,0,0,0,0,0,0,0,0,0,0,0,0,0,0,0,0,0,0,0,0,0,0,0,0,0,0,0,0,0,0,0,0,0,0,0.004111367413498221,0,0,0,0,0,0,0,0,0,0,0,0,0,0,0,0,0,0,0,0,0,0,0,0,0,0,0,0,0,0,0,0,0,0,0,0,0,0,0,0,0,0,0,0,0,0,0,0,0,0,0,0,0,0,0,0,0,0,0,0,0,0,0,0,0,0,0,0,0,0,0,0,0,0,0,0,0,0,0,0,0,0,0,0,0,0,0,0,0,0,0,0,0,0,0,0,0,0,0,0,0,0,0,0.004835404102219323,0,0,0,0.004144057808551715,0.004133603320502384,0.004152587331806474,0.006243392133651429,0,0.004655096645616946,0.004187229595434063,0.004198743498474294,0,0,0,0,0,0,0,0,0,0,0,0,0.004126044956110256,0,0,0,0,0,0,0,0,0,0,0,0,0,0,0,0,0,0,0,0,0,0,0,0,0,0.004286517272269018,0.004115661990610714,0,0,0,0,0,0,0,0,0
0,0,0,0,0,0,0,0,0.005541304106148713,0,0,0,0,0,0,0,0,0,0,0,0,0,0,0,0,0,0,0,0,0,0,0,0,0,0,0,0,0,0,0,0,0,0,0,0,0,0,0,0,0,0,0,0,0,0,0,0,0,0,0,0,0,0,0,0,0,0,0,0,0,0,0,0,0,0,0,0,0,0,0,0,0,0,0,0,0,0,0,0,0,0,0,0,0,0,0,0,0,0,0.003985063463051882,0,0,0,0,0,0,0,0,0,0,0,0,0,0,0,0,0,0,0,0,0,0,0,0,0,0,0,0,0,0,0,0,0,0,0,0,0,0,0,0,0,0,0,0,0,0,0,0,0,0,0,0,0,0,0,0,0,0,0,0,0,0,0,0,0,0,0,0,0,0,0,0,0.003949622895764738,0,0,0,0,0,0,0,0,0,0,0,0,0,0.004069137181168745,0,0,0.006319649180046459,0,0,0,0,0.004324695952176333,0,0,0,0,0,0,0,0,0,0,0,0,0,0,0,0,0,0,0,0,0,0,0,0,0,0,0.007863054849249297,0.00522079673886136,0,0.00468774049794401,0,0,0,0,0,0,0,0,0,0,0,0.005423192740107505,0,0,0,0,0,0,0,0.005369402761419085,0,0,0,0,0,0.003944734358822654,0,0,0,0,0,0,0,0,0,0,0,0,0,0,0,0,0,0,0,0,0,0,0,0,0,0,0,0,0,0,0,0,0,0,0,0,0,0,0,0,0,0,0,0,0,0,0,0,0,0,0,0,0,0,0,0,0,0,0,0,0,0,0,0,0,0,0,0,0,0,0,0,0,0,0,0,0,0,0,0,0,0,0,0,0,0,0,0,0,0,0,0,0,0,0.004916545838086698,0.005552518992382193,0,0,0,0.00539518578015359,0,0,0,0.007566913112201686,0,0,0.009042416682370951,0.004399970688739957,0.004467704091613515,0.004408938555984281,0.00476131010889488,0.004655096645616946,0,0.004300556668512978,0.004306776202544589,0.009047226304775099,0.004230282962794291,0,0,0,0,0,0,0,0,0,0,0.004344410012803637,0,0,0,0,0,0,0,0,0,0,0,0,0,0,0,0,0,0,0,0,0,0,0,0,0,0.004383246616274462,0.00419410010856684,0,0,0,0,0,0,0,0,0
0,0,0,0,0,0,0,0,0,0,0,0,0,0,0,0,0,0,0,0,0,0,0,0,0,0,0,0,0,0,0,0,0,0,0,0,0,0,0,0.007188220176273671,0,0,0,0,0,0,0,0,0,0,0,0,0,0,0,0,0,0,0,0,0,0,0,0,0,0,0,0,0,0,0,0,0,0,0,0,0,0,0,0,0,0,0,0,0,0,0,0,0,0,0,0,0,0,0,0,0,0,0,0,0,0,0,0,0,0,0,0,0,0,0,0,0,0,0,0,0,0,0,0,0,0,0,0,0,0,0,0,0,0,0,0,0,0,0,0,0,0,0,0,0,0,0,0,0,0,0,0,0,0,0,0,0,0,0,0,0,0,0,0,0,0,0,0,0,0,0,0,0,0,0,0,0,0,0,0,0,0,0,0,0,0,0,0.003703958677373534,0,0,0,0,0,0,0,0,0,0,0,0,0,0,0,0,0,0,0,0,0,0,0,0,0,0,0,0,0,0,0,0,0,0,0,0,0,0,0,0,0,0,0,0,0,0,0.004007496665430372,0,0,0,0,0,0,0,0,0,0,0,0,0,0,0,0,0,0,0.004592125125570131,0.003926014774977197,0.003936631240928875,0,0,0,0,0,0,0,0,0,0.006965116890173834,0,0,0.00780017614557956,0,0.00814787482990535,0,0,0,0,0,0,0,0,0,0,0,0,0,0,0,0,0,0,0,0,0,0,0,0,0,0,0,0,0,0,0,0,0,0,0,0,0,0,0,0,0,0,0,0,0,0,0,0,0,0,0,0,0,0,0,0,0,0,0,0,0,0,0,0,0,0,0,0,0,0,0,0,0,0,0,0,0,0,0,0,0,0,0,0,0,0,0.007661947921543335,0.004291373070738632,0,0.004219045657991822,0.00426090452243139,0.004470259327259296,0.00451413065053684,0.004478957974485925,0.003925160104372409,0.004187229595434063,0.004300556668512978,0,0.01138718874519046,0.004268220238575128,0.004168782864970475,0.007572222506425962,0,0,0,0,0,0,0,0,0,0.004375205493067022,0,0,0,0,0,0,0,0,0,0,0,0,0,0,0,0,0,0,0,0,0,0,0.005929193820792029,0,0.009160499098437486,0.01135010841716857,0.009419567122332688,0,0.005107840351668285,0.004855520689221307,0,0,0,0,0,0
0,0,0,0,0,0,0,0,0,0,0,0,0,0,0,0,0,0,0,0,0,0,0,0,0,0,0,0,0,0,0,0,0,0,0,0,0,0,0,0.007551913441640176,0,0,0,0,0,0,0,0,0,0,0,0,0,0,0,0,0,0,0,0,0,0,0,0,0,0,0,0,0,0,0,0,0,0,0,0,0,0,0,0,0,0,0,0,0,0,0,0,0,0,0,0,0,0,0,0,0,0,0,0,0,0,0,0,0,0,0,0,0,0,0,0,0,0,0,0,0,0,0,0,0,0,0,0,0,0,0,0,0,0,0,0,0,0,0,0,0,0,0,0,0,0,0,0,0,0,0,0,0,0,0,0,0,0,0,0,0,0,0,0,0,0,0,0,0,0,0,0,0,0,0,0,0,0,0,0,0,0,0,0,0,0,0,0.00401506894979632,0,0,0,0,0,0,0,0,0,0,0,0,0,0,0,0,0,0,0,0,0,0,0,0,0,0,0,0,0,0,0,0,0,0,0,0,0,0,0,0,0,0,0,0,0,0,0.003897129010474128,0,0,0,0,0,0,0,0,0,0,0,0,0,0,0,0,0,0,0.004346911477577086,0.003930343465762499,0.003931009233805856,0,0,0,0,0,0,0,0,0,0.007519894182707506,0,0,0.007862121132907473,0,0.008442068235643667,0,0,0,0,0,0,0,0,0,0,0,0,0,0,0,0,0,0,0,0,0,0,0,0,0,0,0,0,0,0,0,0,0,0,0,0,0,0,0,0,0,0,0,0,0,0,0,0,0,0,0,0,0,0,0,0,0,0,0,0,0,0,0,0,0,0,0,0,0,0,0,0,0,0,0,0,0,0,0,0,0,0,0,0,0,0,0.0079125933344885,0.004304443215270669,0,0.004207597702650659,0.004265488921007266,0.004341621121262292,0.004338076021524744,0.004349995744084015,0.003931136042027108,0.004198743498474294,0.004306776202544589,0.01138718874519046,0,0.004272850382150335,0.004168690200428154,0.007641437975177526,0,0,0,0,0,0,0,0,0,0.004501887612354701,0,0,0,0,0,0,0,0,0,0,0,0,0,0,0,0,0,0,0,0,0,0,0.006603347081399846,0,0.009444186510480533,0.01162084631762361,0.009649657001458457,0,0.005183075017557007,0.004926416844553564,0,0,0,0,0,0
0,0,0,0,0,0,0,0,0.007042286762667032,0,0,0,0,0,0,0,0,0,0,0,0,0,0,0,0,0,0,0,0,0,0,0,0,0,0,0,0,0,0,0,0,0,0,0,0,0,0,0,0,0,0,0,0,0,0,0,0,0,0,0,0,0,0,0,0,0,0,0,0,0,0,0,0,0,0,0,0,0,0,0,0,0,0,0,0,0,0,0,0,0,0,0,0,0,0,0,0,0,0,0,0,0,0,0,0,0,0,0,0,0,0,0,0,0,0,0,0,0,0,0,0,0,0,0,0,0,0,0,0,0,0,0,0,0,0,0,0,0,0.004493522577772739,0,0,0,0,0,0.005333518113187155,0,0,0,0.004823342812773305,0,0,0,0,0,0,0,0,0,0,0,0,0.004509158248897903,0,0,0,0,0,0,0,0,0,0,0.005242450900318417,0.004189038056389937,0,0,0,0,0,0,0,0,0,0,0,0,0.005558594467084383,0,0,0.007466786005484581,0,0,0,0,0.005862708499551685,0,0,0,0,0,0,0,0,0,0,0,0,0,0,0,0,0,0,0,0,0,0,0,0,0,0,0.008217595486456605,0.006211535088818877,0,0.006219617526836375,0,0,0,0,0,0,0,0,0,0,0,0.006615579891584687,0,0,0,0,0,0.004799221163132588,0,0.006665471302873511,0,0,0,0,0,0,0,0,0,0,0,0,0,0,0,0,0,0,0,0,0,0,0,0,0,0,0,0,0,0,0,0,0,0,0,0,0,0,0,0,0,0,0,0,0,0,0,0,0,0,0,0,0,0,0,0,0,0,0,0,0,0,0,0,0,0,0,0,0,0,0,0,0,0,0,0,0,0,0,0,0,0,0,0,0,0,0,0,0,0,0,0,0,0,0,0,0,0,0,0,0.006385663359900292,0.005639664484145535,0,0,0,0.00695205106908319,0,0,0,0.005767490111950922,0,0,0.01055902985358048,0.004224604163225228,0.004232176368211244,0.004233337813183724,0,0,0.009047226304775099,0.004268220238575128,0.004272850382150335,0,0.004257955446930928,0,0,0,0,0,0,0,0,0,0,0,0,0,0,0,0,0,0,0,0,0,0,0,0,0,0,0,0,0,0,0,0,0,0,0,0,0.004352575729462226,0,0,0,0,0,0,0,0,0,0
0,0,0,0,0,0,0,0,0,0,0,0,0,0,0,0,0,0,0,0,0,0,0,0,0,0,0,0,0,0,0,0,0,0,0,0,0,0,0,0,0,0,0,0,0,0,0,0,0,0,0,0,0,0,0,0,0,0,0,0.00528007021526028,0,0,0,0,0,0,0,0,0,0,0,0,0,0,0,0,0,0,0,0,0,0,0,0,0,0,0,0,0,0,0,0,0,0,0,0,0,0,0.004211467586546108,0,0,0,0,0,0,0,0,0,0,0.004365762685976757,0,0,0,0,0,0,0,0,0,0,0,0,0,0,0,0,0.004913711247230343,0,0,0.006056469280382503,0,0,0,0,0,0,0,0,0,0,0,0,0,0,0,0,0.005217538149547259,0,0,0.005060246170555228,0,0,0,0,0,0,0,0,0,0,0,0,0,0,0.004768617829334639,0,0,0,0,0,0,0,0,0,0,0,0,0,0,0,0,0,0.00486892270875893,0,0,0,0,0,0,0,0,0,0,0,0,0,0,0,0,0,0,0.004783328146259079,0,0,0,0,0,0,0,0,0,0,0,0,0.005279817561976359,0,0,0,0,0.004471919647969587,0,0,0,0,0,0,0,0,0,0,0,0,0,0,0,0,0,0,0,0,0,0,0,0,0,0,0,0,0,0,0,0,0,0,0,0,0,0,0,0,0.005617363429707368,0,0,0,0,0,0,0,0,0.004489467619298063,0,0.00504589999058352,0,0,0,0,0,0,0,0,0,0,0,0,0,0,0,0,0,0,0,0,0,0,0,0,0,0,0,0,0,0,0,0,0,0,0,0,0,0,0,0,0,0,0,0,0,0,0,0,0,0,0,0,0,0,0,0,0,0,0,0,0,0,0,0,0,0,0,0,0,0,0,0,0,0,0,0,0,0,0,0,0.005039607925360153,0,0.004229348550774427,0.007825896691827799,0.004224520928464847,0.004251015152911779,0.004482955878106733,0.004437815211251585,0.004491822830914195,0,0,0.004230282962794291,0.004168782864970475,0.004168690200428154,0.004257955446930928,0,0,0,0.004714435913884705,0,0,0,0.004824607653585188,0,0,0,0,0,0,0,0,0,0,0,0,0,0,0,0,0,0,0,0,0,0,0,0,0,0,0,0,0,0.004245943214883906,0,0,0,0,0,0,0,0,0,0
0,0,0,0,0,0,0,0,0,0,0,0,0,0,0,0,0,0,0,0,0,0,0,0,0,0,0,0,0,0,0,0,0,0,0,0,0,0,0,0.00435892805626938,0,0,0,0,0,0,0,0,0,0,0,0,0,0,0,0,0,0,0,0,0,0,0,0,0,0,0,0,0,0,0,0,0,0,0,0,0,0,0,0,0,0,0,0,0,0,0,0,0,0,0,0,0,0,0,0,0,0,0,0,0,0,0,0,0,0,0,0,0,0,0,0,0,0,0,0,0,0,0,0,0,0,0,0,0,0,0,0,0,0,0,0,0,0,0,0,0,0,0,0,0,0,0,0,0,0,0,0,0,0,0,0,0,0,0,0,0,0,0,0,0,0,0,0,0,0,0,0,0,0,0,0,0,0,0,0,0,0,0,0,0,0,0,0,0,0,0,0,0,0,0,0,0,0,0,0,0,0,0,0,0,0,0,0,0,0,0,0,0,0,0,0,0,0,0,0,0,0,0,0,0,0,0,0,0,0,0,0,0,0,0,0,0,0,0,0,0,0,0,0,0,0,0,0,0,0,0,0,0,0,0,0,0,0,0,0,0,0,0,0,0,0.003945977513623217,0,0,0.004790105486749125,0,0.005860890720638386,0,0,0,0,0,0,0,0,0,0,0,0,0,0,0,0,0,0,0,0,0,0,0,0,0,0,0,0,0,0,0,0,0,0,0,0,0,0,0,0,0,0,0,0,0,0,0,0,0,0,0,0,0,0,0,0,0,0,0,0,0,0,0,0,0,0,0,0,0,0,0,0,0,0,0,0,0,0,0,0,0,0,0,0,0,0,0.005356961111866567,0.003330787525177936,0,0,0,0,0,0,0,0,0,0.007572222506425962,0.007641437975177526,0,0,0,0,0,0,0,0,0,0,0,0,0,0,0,0,0,0,0,0,0,0,0,0,0,0,0,0,0,0,0,0,0,0,0,0,0,0.008308382422459995,0.007504163748242343,0.008582209642453934,0,0.006849268008826561,0.00698666563253601,0,0,0,0,0,0
0,0,0,0,0,0,0,0,0,0,0,0,0,0,0,0,0,0,0,0,0,0,0,0,0,0,0,0,0,0,0,0,0,0,0,0,0,0,0,0.002947524109916381,0,0,0,0,0,0,0,0,0,0.003137949516090196,0,0,0,0,0,0,0,0,0,0,0,0,0,0,0,0,0,0,0,0,0,0,0,0,0,0,0,0,0,0,0,0,0,0,0,0,0,0,0,0,0,0,0,0,0,0,0.003354607527402506,0,0,0,0,0,0,0,0,0,0,0,0,0,0,0,0.003315291527619916,0,0,0,0,0,0,0,0,0,0,0,0,0,0,0,0,0,0,0,0,0,0,0,0,0,0,0,0,0,0,0,0,0,0,0,0,0,0,0,0,0,0,0.002831308737554205,0,0,0,0,0,0,0,0,0,0.003109171536983884,0,0,0,0,0,0,0,0,0,0,0,0,0.003320792195238688,0,0,0,0,0,0,0,0,0,0,0,0,0,0,0,0,0,0,0,0,0,0,0,0,0,0,0,0,0,0,0,0,0,0,0,0,0,0,0,0,0,0,0,0,0,0,0,0,0,0,0,0,0,0,0,0,0,0,0,0,0,0,0,0,0,0,0,0,0,0,0,0,0,0,0,0,0,0,0,0,0,0,0.003073145403754422,0,0.00522677969729069,0.003227018382171034,0,0.002901758696821364,0,0,0,0,0,0,0,0,0,0,0,0,0,0,0,0,0,0,0,0,0,0,0,0,0,0,0,0,0,0,0,0,0,0,0,0,0,0,0,0,0,0,0,0,0,0,0,0,0,0,0,0,0,0,0,0,0,0,0,0,0,0,0,0,0,0,0,0,0,0,0,0,0,0,0,0,0,0,0,0,0,0,0,0,0,0,0.003286625447584685,0,0,0,0,0,0,0,0,0,0,0,0,0,0,0,0,0,0,0,0,0,0,0,0,0,0,0,0,0,0,0,0,0,0,0,0,0,0,0,0,0,0,0,0,0,0,0,0,0,0,0,0,0,0.002961152328701429,0.002842644159873573,0,0,0,0,0,0
0,0,0,0,0,0,0,0,0,0,0,0,0,0,0,0.005148488272706388,0,0.003995500923917223,0,0,0,0,0,0,0,0,0,0,0,0,0,0,0,0,0,0,0,0,0,0,0,0,0,0,0,0,0,0,0,0,0.003933111972848583,0.004551043716227574,0.006264219780122674,0,0,0,0,0,0,0.004881291978939977,0,0,0,0,0,0,0,0,0,0,0,0,0,0,0,0,0,0,0,0,0,0,0,0,0,0,0,0,0,0,0,0,0,0,0,0,0,0,0.007349062965319562,0,0,0,0,0,0,0,0,0,0,0.006093242585192552,0.003972226789450013,0.007587527424388852,0,0,0,0,0,0,0,0,0,0,0,0,0,0,0.005362157556177694,0,0,0.00495276231963988,0,0,0,0.004018449074271079,0,0,0,0,0,0,0,0,0,0,0,0,0.004957783626916763,0,0,0.004680974429756762,0,0,0,0,0,0,0,0,0,0,0,0,0,0,0.004921275265670428,0,0,0,0,0,0,0,0,0,0,0,0,0,0,0,0,0,0.004086119745270987,0,0,0,0,0,0,0,0,0,0,0,0,0,0,0,0,0,0,0.004478674422871091,0,0,0,0,0,0,0,0,0,0,0,0,0.007384979892293392,0,0,0,0,0.00697164262010831,0,0,0,0,0,0,0,0,0,0,0,0,0,0,0,0,0,0,0,0,0,0,0,0,0,0,0,0,0,0,0,0,0,0,0,0,0,0,0,0,0.00470364260460829,0,0,0,0,0,0,0,0,0.004983781563135815,0.00441926179304376,0.004919935164725671,0,0,0,0,0,0,0,0,0,0,0,0,0,0,0,0,0,0,0,0,0,0,0,0,0,0,0,0,0,0,0,0,0,0,0,0,0,0,0,0,0,0,0,0,0,0,0,0,0,0,0,0,0,0,0,0,0,0,0,0,0,0,0,0,0,0,0,0,0,0,0,0,0,0,0,0,0,0,0,0,0.005653322417290506,0,0,0.004888645459075983,0,0,0,0,0,0,0,0,0,0,0,0.004714435913884705,0,0,0,0,0,0,0.004869288793225107,0,0,0,0,0,0,0,0,0,0,0,0,0,0,0,0,0,0,0,0,0,0,0,0,0,0,0,0.004472054975815261,0,0,0,0,0,0,0,0,0.004254400553809212,0,0,0
0,0,0,0,0,0,0,0,0,0,0,0,0,0,0,0,0,0,0,0,0,0,0,0,0,0,0,0,0,0,0,0.005666698774489907,0.005805047143111801,0,0,0.003407269649134515,0,0.004844572255441551,0.00324273580188787,0,0,0,0,0,0,0,0,0,0,0,0,0,0,0.003830210558574879,0.003326084724511495,0.004010520758995777,0.005479221783257505,0.003635803951617095,0,0,0,0,0,0,0.003975617584272216,0,0,0.003108316601294518,0,0,0,0,0,0,0,0,0,0,0,0,0,0,0,0.004573153702755141,0,0,0,0,0,0,0,0,0,0,0,0,0,0,0,0,0,0,0,0,0,0.005406649890353527,0,0,0,0,0,0,0,0,0,0.005545453189715123,0.005242653278799286,0,0,0,0,0.0040410482407647,0,0,0,0,0,0,0,0,0,0,0,0,0,0,0,0,0,0,0,0,0,0,0,0,0,0,0,0,0,0,0,0,0,0,0,0,0,0,0,0,0,0,0,0,0,0,0,0.003194382874022516,0,0,0,0,0,0,0,0,0,0,0,0,0.003850431391843334,0,0,0,0,0,0,0,0,0,0,0,0,0,0,0,0,0,0,0,0,0,0,0,0,0,0,0,0,0,0,0,0,0,0,0,0,0,0,0,0,0,0,0,0,0,0,0,0,0,0,0.003647074428701501,0,0,0,0,0,0,0,0,0,0,0,0,0,0,0,0,0,0,0.004212973302546889,0,0,0,0.003823225881384664,0,0,0,0,0,0,0,0,0,0,0,0,0,0,0,0,0,0,0,0,0,0,0,0,0,0,0,0,0,0,0,0,0,0,0,0,0,0,0,0,0,0,0,0,0,0,0,0,0,0,0,0,0,0,0,0,0,0,0,0,0,0,0,0,0,0,0,0,0,0,0,0,0,0,0,0,0,0,0,0,0,0,0,0,0,0,0,0,0,0,0,0,0,0,0,0,0,0,0,0,0,0,0,0,0,0,0,0,0,0,0,0,0,0,0,0,0,0,0,0,0,0,0,0,0,0,0,0,0,0,0,0,0,0,0,0,0,0,0,0,0,0,0,0.003017587532093371,0,0,0,0,0,0,0,0,0,0,0,0,0,0
0,0,0,0.002935318239323055,0.004991811299668759,0,0,0,0,0,0,0,0.00368147205836623,0,0,0,0,0,0,0,0,0,0,0,0,0,0,0,0,0,0,0,0,0,0,0,0,0,0,0,0,0,0.004551813900849665,0,0,0,0,0,0,0,0,0,0,0,0,0,0,0,0,0,0,0,0,0,0,0,0,0,0,0.005702885188316319,0.005088931396501837,0,0,0,0,0,0,0,0,0.00698415984279384,0,0,0,0,0,0.004002940259524823,0,0,0,0,0,0,0,0,0,0,0,0,0,0,0.007152199963330109,0,0,0,0,0,0,0,0,0,0,0,0,0,0,0,0,0,0,0,0,0,0,0,0,0,0,0,0,0,0,0,0,0,0,0,0,0,0,0,0,0,0.003203416296623289,0.003011244150897299,0,0,0,0,0,0,0.005450410886069517,0,0,0,0,0,0,0,0,0,0,0,0,0,0,0,0.003998988878487295,0,0.006563511329871136,0,0,0.007309721244715402,0,0,0,0,0,0,0,0,0,0,0,0,0,0,0,0,0,0,0,0,0,0,0,0,0,0,0,0,0.002941442261078535,0,0,0,0,0,0,0,0,0,0,0,0,0,0,0,0,0,0,0,0,0,0,0,0,0,0,0,0,0,0,0,0,0,0.003250254286361047,0,0,0,0,0,0,0,0,0,0,0,0,0,0,0,0,0,0,0,0,0,0,0,0,0,0,0,0,0,0,0,0,0,0,0,0,0,0,0,0,0,0,0,0,0,0,0,0,0,0,0,0,0,0,0,0,0,0,0,0,0,0,0,0,0,0,0,0,0,0,0,0,0,0,0,0,0,0,0,0,0,0,0,0,0,0,0,0,0,0,0,0,0,0,0,0,0,0,0,0,0,0,0,0,0,0,0,0,0,0,0,0,0,0,0,0,0,0,0,0,0,0,0,0,0,0,0,0,0,0,0,0,0,0,0,0,0,0,0,0,0,0,0,0,0,0,0,0,0,0,0.002718901428548933,0.003329618350461459,0,0,0,0,0,0.002905402833728023,0,0,0,0,0.003021248227893001,0,0,0,0,0,0,0,0,0,0,0,0,0,0,0,0,0
0,0,0,0,0,0,0,0,0,0,0,0,0,0,0,0,0,0,0,0,0,0,0,0,0,0,0,0,0,0,0,0,0,0,0.001279331381343479,0,0,0,0,0,0,0,0,0,0,0,0,0,0,0,0,0,0,0,0,0,0,0,0,0,0,0,0,0,0,0,0,0,0,0,0,0,0,0,0,0,0,0,0,0,0,0,0,0,0,0,0,0,0,0,0,0,0,0,0,0,0,0,0,0,0,0,0,0,0,0,0,0,0,0,0,0,0,0,0,0,0,0,0,0,0,0,0,0,0,0,0,0,0,0,0,0,0,0,0,0,0,0,0,0,0,0,0,0,0,0,0,0,0,0,0,0,0,0,0,0,0,0,0,0,0,0,0,0,0,0,0,0,0,0,0,0,0,0,0,0,0,0,0,0,0,0,0,0,0,0,0,0,0,0,0,0,0,0,0,0,0,0,0,0,0,0,0,0,0,0,0,0,0,0,0,0,0,0,0,0,0,0,0,0,0,0,0,0,0,0,0,0,0,0,0,0,0,0,0,0,0,0,0,0,0,0,0,0,0,0,0,0,0,0,0,0,0,0,0,0,0,0,0,0,0,0,0,0,0,0,0,0,0,0,0,0,0,0,0,0,0,0,0,0,0,0,0,0,0,0,0,0,0,0,0,0,0,0,0,0,0,0,0,0,0,0,0,0,0,0,0,0,0,0,0,0,0,0,0,0,0,0,0,0,0,0,0,0,0,0,0,0,0,0,0,0,0,0,0,0,0,0,0,0,0,0,0,0,0,0,0,0,0,0,0,0,0,0,0,0,0,0,0,0,0,0,0,0,0,0,0,0,0,0,0,0,0,0,0,0,0,0,0,0,0,0,0,0,0,0,0,0,0,0,0,0,0,0,0,0,0,0,0,0,0,0,0,0,0,0,0,0,0,0,0,0,0,0,0
0,0,0,0,0,0,0,0,0,0,0,0,0,0,0,0.003623239309343531,0,0,0,0,0,0,0,0,0,0,0,0,0,0,0,0,0,0,0,0,0,0,0,0,0,0,0,0,0,0,0,0,0,0,0,0,0,0,0,0,0,0,0,0.005526109009836251,0,0,0,0,0,0,0,0,0,0,0,0,0,0,0,0,0,0,0,0,0,0,0,0,0,0,0,0,0,0,0,0,0,0,0,0,0,0,0.004494074843701984,0,0,0,0,0,0,0,0,0,0,0.004461207684492817,0.00528029868017731,0,0,0,0,0,0,0,0,0,0,0,0,0,0,0,0.005614619049992714,0,0,0.004994110724909972,0,0,0,0.004202258916728738,0,0,0,0,0,0,0,0,0,0.003332559765432623,0,0,0.005240334010465373,0,0,0.004697128076006821,0,0,0,0,0,0,0,0,0,0,0,0,0,0,0.004787031996809452,0,0,0,0,0,0,0,0,0,0,0,0,0,0,0,0,0,0.004907974189585622,0,0,0,0,0,0,0,0,0,0,0,0,0,0,0,0,0,0,0.004760146535892637,0,0,0,0,0,0,0,0,0,0,0,0,0.004442804287265468,0,0,0,0,0.005033509588713687,0,0,0,0,0,0,0,0,0,0,0,0,0,0,0,0,0,0,0,0,0,0,0,0,0,0,0,0,0,0,0,0,0,0,0,0,0,0,0,0,0.004852163266104657,0,0,0,0,0,0,0,0,0.004799655406647537,0.004248226261545071,0.004743011391761654,0,0,0,0,0,0,0,0,0,0,0,0,0,0,0,0,0,0,0,0,0,0,0,0,0,0,0,0,0,0,0,0,0,0,0,0,0,0,0,0,0,0,0,0,0,0,0,0,0,0,0,0,0,0,0,0,0,0,0,0,0,0,0,0,0,0,0,0,0,0,0,0,0,0,0,0,0,0,0,0,0.004796602770752141,0,0,0.004793866239286303,0,0,0,0,0,0,0,0,0,0,0,0.004824607653585188,0,0,0.004869288793225107,0,0,0,0,0,0,0,0,0,0,0,0,0,0,0,0,0,0,0,0,0,0,0,0,0,0,0,0,0,0,0,0,0,0,0,0,0,0,0,0,0,0,0,0
0,0,0,0,0,0,0,0,0,0,0,0,0,0,0,0,0,0,0,0,0,0,0,0,0,0,0,0,0.004479630164785923,0,0,0,0,0,0,0,0,0,0,0,0,0,0,0,0,0,0,0,0,0,0,0,0,0,0,0,0,0,0,0,0,0,0,0,0,0,0,0,0,0,0,0,0,0,0,0,0,0,0,0,0,0,0,0,0,0,0.003511857154754453,0,0,0,0,0,0,0,0,0,0,0,0,0,0,0,0,0,0,0,0,0,0,0,0,0,0,0,0,0,0,0,0,0,0,0,0,0,0,0.004401497839159649,0,0,0,0,0,0,0,0,0,0.004248459387147117,0.004156596206021467,0,0,0,0,0,0,0,0,0,0,0.004688046387387828,0,0,0,0,0,0,0,0,0,0,0,0,0,0,0,0,0,0,0,0,0,0,0,0,0,0,0.004005266341365245,0,0,0,0,0,0,0,0,0,0,0,0,0,0,0,0,0.00512930284349581,0,0,0,0.006645265325665358,0,0,0,0.004575825095202683,0,0,0,0,0,0,0,0,0,0.004268598961677083,0.004958092884500677,0.004508014642778843,0.004806978474781157,0.004854264080722067,0,0,0,0,0,0,0,0,0,0.004773802260967961,0,0,0,0,0.004799749903046647,0,0,0,0,0,0,0,0,0,0,0,0,0,0,0,0,0,0,0,0,0,0,0,0,0.004749624916493354,0.00457099849179614,0.004565345601213563,0,0,0,0,0,0,0,0,0,0,0,0,0,0,0,0,0,0,0,0,0,0,0,0,0,0,0,0,0,0,0,0,0,0,0,0,0,0,0,0,0,0,0,0,0,0,0,0,0,0,0,0,0,0,0,0,0,0,0,0,0,0,0,0,0,0,0,0,0,0,0,0,0,0,0,0,0,0,0,0,0,0,0.006552359489975519,0,0.006583391768564147,0.006427650195740412,0,0,0,0,0,0,0,0,0,0,0,0,0,0,0.004832374857590256,0,0,0,0,0,0,0,0,0,0,0,0,0,0,0,0,0,0,0,0,0.003882703513672203,0,0,0,0,0,0,0,0,0,0,0,0,0,0,0,0,0,0,0,0,0,0,0,0,0,0,0,0,0,0,0,0,0.003104542622637975,0,0,0,0
0,0,0,0,0,0,0,0,0,0,0,0,0,0,0,0,0,0,0,0,0,0,0,0,0,0,0,0,0,0,0,0,0,0,0,0,0,0,0,0,0,0,0,0,0,0,0,0,0,0,0,0,0,0,0,0,0,0,0,0,0,0,0,0,0,0,0,0,0,0,0,0,0,0,0,0,0,0,0,0,0,0,0,0,0,0,0,0,0,0,0,0,0,0,0,0,0,0,0,0,0,0,0,0,0,0,0,0,0,0,0,0,0,0,0,0,0,0,0,0,0,0,0,0,0,0,0,0,0,0,0,0,0,0,0,0,0,0,0,0,0,0,0,0,0,0,0,0,0,0,0,0,0,0,0.007022558438032251,0,0,0.007339758902589029,0,0,0,0,0,0,0,0,0,0,0,0,0,0,0,0,0,0,0,0,0,0,0,0,0,0,0,0,0,0,0,0,0,0,0,0,0,0,0,0,0,0,0,0,0,0,0,0,0,0,0,0,0,0,0,0,0,0,0,0,0,0,0,0,0,0,0,0,0,0,0,0,0,0,0,0,0,0,0,0,0,0,0,0,0,0,0,0,0,0,0,0.00460237297895702,0,0,0,0,0,0,0,0,0,0,0,0,0,0,0,0.005253152081195428,0,0.004902828193050408,0,0,0,0,0,0,0,0,0,0,0,0,0,0,0,0,0,0,0,0,0,0,0,0,0,0,0.006727862671717858,0.006732029667581592,0.006723640774855511,0.007362332865389212,0.007360241226529753,0.007356478061953183,0.007668606117576008,0.007670199281761409,0.007660709113708899,0.007675459359070233,0.007782917754186034,0.007785347508313422,0.007782917754186034,0.007878678515851605,0.007771831685709779,0.00601496596797475,0.007447719695765387,0.00745025538552938,0.007790067084162475,0,0,0,0,0,0,0,0,0,0,0,0,0,0,0,0,0,0,0,0,0,0,0,0,0,0,0.007795808220586305,0,0,0.006803171782924108,0,0,0,0,0,0,0,0,0,0,0,0,0,0,0,0,0,0,0,0,0,0,0,0,0,0,0,0,0,0,0,0,0,0,0,0,0,0,0,0,0,0,0,0,0,0,0,0,0,0,0,0,0,0,0,0,0,0,0,0,0,0,0,0,0,0,0,0,0,0,0,0
0,0,0,0,0,0,0,0,0,0.003104245402396269,0,0,0,0,0,0,0,0,0,0,0,0,0,0,0,0,0,0,0,0,0,0,0,0,0,0,0,0,0,0,0,0,0,0,0,0,0,0,0,0,0,0,0,0,0,0,0,0,0,0,0,0,0,0,0,0,0,0,0,0,0,0,0,0,0,0,0,0,0,0,0,0,0,0,0,0,0,0,0,0,0,0,0,0,0,0,0,0,0,0,0,0,0,0,0,0,0,0,0,0,0,0,0,0,0,0,0,0,0,0.003766000421283223,0,0,0,0,0,0,0,0,0.002862102735592564,0,0,0,0,0,0.003171800184183159,0,0,0,0,0,0,0,0,0,0,0,0,0,0,0,0,0,0,0,0,0,0,0,0,0,0,0,0,0,0,0,0,0,0,0,0,0,0,0,0,0,0,0,0,0,0,0,0,0,0,0,0,0,0,0,0,0,0.00263892852981092,0.002588084258306091,0,0.003598867795647411,0,0.004546245584778508,0.004354596210811294,0,0,0,0,0,0,0,0,0,0,0,0,0,0,0,0,0,0,0,0,0,0,0,0,0,0,0,0,0,0,0,0,0,0,0,0,0,0,0,0,0,0,0,0,0,0,0,0,0,0,0,0,0,0,0,0,0,0,0,0,0,0,0,0,0,0,0,0,0,0,0,0,0,0,0,0,0,0,0,0,0,0,0,0,0,0,0,0,0,0,0,0,0,0,0,0,0,0,0,0,0,0,0,0,0,0,0,0,0,0,0,0,0,0,0,0,0,0,0,0,0,0,0,0,0,0,0,0,0,0,0,0,0,0,0,0,0,0,0,0.003626033834362879,0,0.00365592234230598,0.003316593926058171,0,0.002659466003862606,0,0,0,0,0.002977903521735271,0,0,0,0,0,0,0,0,0,0,0,0,0,0,0,0,0,0,0,0,0,0,0,0,0,0,0.003882703513672203,0,0,0,0,0.00366574631768771,0,0,0,0,0,0,0,0,0,0,0,0,0,0,0,0,0,0,0,0,0,0,0,0,0,0,0,0,0,0,0,0,0,0.002468864118998659
0,0,0.003895817742347952,0,0,0,0,0,0,0.005243858389414525,0.005229248293052818,0,0,0,0,0,0,0.00373356182999542,0,0,0,0,0.004735953906069514,0,0,0,0,0,0,0,0,0,0,0,0,0,0,0,0,0,0,0,0,0,0,0,0,0,0,0,0,0,0,0,0,0,0,0,0,0,0,0,0,0,0,0,0,0,0,0,0,0,0,0,0,0,0,0,0,0,0,0,0,0,0,0,0,0,0,0,0,0,0,0,0,0,0,0,0,0,0,0,0.004915647796486768,0,0,0,0,0,0,0,0,0,0,0,0,0,0,0,0,0,0,0,0,0,0,0,0,0.003685815430242107,0,0,0,0,0,0,0,0,0,0,0,0,0,0,0,0,0,0,0,0,0,0,0,0,0,0,0,0,0,0,0,0,0,0,0,0,0,0,0,0,0,0,0,0,0,0,0,0.003970748716672165,0,0,0,0,0,0,0,0,0,0,0,0,0,0,0,0,0,0,0,0,0,0,0,0,0,0,0,0,0,0,0,0,0,0,0,0,0,0,0,0,0,0,0,0,0.00434202316281145,0,0,0,0,0,0,0,0,0,0.004066000704105451,0,0,0,0,0,0,0,0,0,0,0,0,0,0,0,0,0,0,0,0.004042667307744964,0.004438047816433829,0,0,0,0,0,0,0,0,0,0,0,0,0,0,0,0,0,0,0,0,0,0,0,0,0,0,0,0,0,0,0,0,0,0,0,0,0,0,0,0,0,0,0,0,0,0,0,0,0,0,0,0,0,0,0,0,0,0,0,0,0,0,0,0,0,0,0,0,0,0,0,0,0,0,0,0,0,0,0,0,0,0,0,0,0,0,0,0,0,0,0,0,0,0,0,0,0,0.00436504038886369,0,0,0,0,0.004835165975201557,0,0.004795359852779751,0,0.004653066462957492,0.00484721579232718,0.004662229419453278,0.004754551485189374,0.004126044956110256,0.004344410012803637,0.004375205493067022,0.004501887612354701,0,0,0,0,0,0,0,0,0,0,0,0,0,0,0.004812426864789204,0,0,0,0,0,0,0,0,0,0,0,0,0,0,0,0,0,0,0,0,0,0,0,0.004882352427598056,0.004192092631632506,0,0,0,0,0,0,0,0,0
0,0,0,0,0,0,0,0,0,0,0,0.004706634431441088,0,0,0,0,0,0,0.003243229349793791,0,0,0,0,0,0,0,0.003288368080035341,0.003932099569571868,0,0,0.004389783367951071,0,0,0,0,0,0,0,0,0,0,0,0,0.003550441769586638,0,0,0.00412862495438468,0,0,0,0,0,0,0,0,0,0,0,0,0,0,0,0,0,0,0.003952424062221211,0,0,0,0,0,0.004318560346068515,0.004074908486966834,0,0,0,0,0,0,0,0,0,0,0,0,0,0,0,0,0,0,0,0,0,0,0,0,0.004919583198293003,0,0,0,0,0,0,0,0,0,0.004429965139264823,0.005505754565728098,0,0,0,0,0,0.005717284861456945,0,0,0,0,0,0,0,0,0,0,0,0,0,0,0,0,0.006054670177299604,0,0,0,0,0,0,0,0,0,0.004228118765327724,0,0,0,0,0,0,0,0,0,0,0,0,0,0,0,0,0,0,0,0,0,0,0,0,0,0,0,0,0,0,0,0,0,0,0,0,0,0,0,0,0,0,0,0,0,0,0,0,0,0,0,0,0,0,0,0,0,0,0,0,0.003311613906128689,0,0,0,0,0,0,0,0,0,0,0,0,0,0,0,0,0,0,0,0,0,0,0,0.004800763984552614,0.006209658741922211,0,0,0,0,0,0,0,0,0,0,0,0,0,0,0,0,0,0,0,0,0,0,0,0,0,0,0,0,0,0,0,0,0,0,0,0,0,0,0,0,0,0,0,0,0,0,0,0,0,0,0,0,0,0,0,0,0,0,0,0,0,0,0,0,0,0,0,0,0,0,0,0,0,0,0,0,0,0,0,0,0,0,0,0,0,0,0,0,0,0,0,0,0,0,0,0,0,0,0,0,0,0,0,0,0,0,0,0,0,0,0,0,0,0,0,0,0,0,0,0,0,0,0,0,0,0,0,0,0,0,0,0,0,0,0,0,0,0,0,0,0,0,0,0,0,0,0,0,0,0,0,0,0,0,0,0,0,0,0,0.005841896587079251,0.005518202523191662,0.006374660363976953,0,0.00543004799704834,0,0,0.004945116300449222,0.005074888946289752,0.005763993245817998,0,0.005252336572317069,0,0,0,0,0,0,0,0,0,0,0,0,0,0,0,0
0,0.003835710659799982,0.003018191144213906,0,0,0,0,0,0,0,0.004447380805211347,0,0,0,0,0,0,0.003335840583839778,0,0,0,0,0.005485409859320704,0,0,0,0,0,0,0,0,0,0,0,0,0,0,0,0,0,0.003817310415935796,0,0,0,0,0,0,0,0,0,0,0,0,0,0,0,0,0,0.003958565561743382,0,0,0,0,0,0,0,0,0,0,0,0,0,0,0,0,0,0,0,0,0,0,0,0,0,0,0,0,0,0,0,0,0,0,0,0,0,0,0,0,0,0,0.004020966011101007,0.005339774840729069,0.002886105081562063,0,0,0.003317799387623944,0,0,0,0,0,0,0,0,0,0,0,0,0.005383122843057323,0.003543692438689733,0,0,0,0,0,0,0.003956343676476856,0,0,0,0,0,0,0,0,0,0,0,0,0,0,0,0,0,0,0,0,0,0,0,0,0,0,0,0,0,0,0,0,0,0,0,0,0,0,0,0,0,0,0,0,0,0,0,0.004786255461565778,0,0,0,0.003255937882883038,0,0,0,0,0.002802665024844457,0,0,0,0,0,0,0,0.004715260063574696,0,0,0,0,0.003365876839851561,0.00398419469078156,0,0,0,0,0,0,0,0,0,0,0,0,0,0,0,0,0,0,0,0,0,0,0,0,0,0,0,0,0,0,0,0,0.002815793452595348,0,0,0,0,0,0,0,0,0,0,0,0,0,0,0,0,0,0,0,0,0,0,0,0,0,0,0,0,0,0,0,0,0,0,0,0,0,0,0,0,0,0.003847432180467744,0,0,0,0,0,0,0,0,0,0,0,0,0,0,0,0,0,0,0,0,0,0,0,0,0,0,0,0,0,0,0,0,0,0,0,0,0,0,0,0,0,0,0,0,0,0,0,0,0,0,0,0,0,0,0,0,0,0,0,0,0,0,0,0,0,0,0,0,0,0,0,0,0,0,0,0.005784854780514608,0,0,0,0,0,0,0,0,0,0,0,0,0,0,0,0,0,0,0,0,0,0,0,0,0,0,0,0.00366574631768771,0.004812426864789204,0,0,0,0,0,0,0,0,0,0,0,0,0,0,0,0,0,0,0,0,0,0,0,0,0,0,0,0,0,0,0,0,0,0,0,0.004629311628074271
0,0,0,0,0,0,0,0,0,0,0,0,0,0,0,0,0,0,0,0,0.003909230376578406,0,0,0,0,0,0,0,0,0,0,0,0,0,0,0,0,0,0,0,0,0,0,0,0,0,0,0,0.003417890378800995,0,0,0,0,0,0,0,0,0,0,0,0.004812270312510447,0,0,0.003354609496020232,0,0,0,0,0,0,0,0,0,0,0,0,0,0,0,0,0,0,0.003171798078688559,0,0,0,0,0,0,0,0,0,0,0,0,0,0,0,0,0,0,0,0,0,0,0,0,0,0,0,0,0,0,0,0,0,0,0,0,0,0,0,0,0,0,0,0,0,0,0,0,0,0,0,0,0,0,0.00465060453311205,0,0,0,0,0,0,0,0,0,0,0,0,0,0,0,0,0,0,0,0,0,0,0,0,0,0,0,0,0,0.003683309671760213,0,0,0.003253019599134712,0,0,0,0,0,0,0,0,0,0,0,0,0,0,0,0,0,0,0,0,0,0,0,0,0,0,0,0,0,0,0,0,0,0,0,0,0,0,0,0,0,0,0,0,0,0,0.002919419449678159,0,0,0,0,0,0,0,0,0,0,0,0,0,0,0,0,0,0,0,0,0,0,0,0,0,0,0,0,0,0,0,0,0,0,0,0,0,0,0.003209030684382785,0,0,0,0,0,0,0,0,0,0,0,0,0,0,0,0,0,0,0,0,0,0,0,0,0,0,0,0,0,0,0,0,0,0,0,0,0,0,0,0,0,0,0,0,0,0,0,0,0,0,0,0,0,0,0,0,0,0,0,0,0,0,0,0,0,0,0,0,0,0,0,0,0,0,0,0,0,0,0,0,0,0,0,0,0,0,0,0,0,0,0,0,0,0,0.003360198001513354,0,0,0,0,0,0,0,0,0,0,0,0,0,0,0,0,0,0,0,0,0,0,0,0,0,0,0,0,0,0,0.00468860170385868,0.005272719367389902,0.004207524319573925,0.004242442107789933,0.003585561465576747,0,0,0,0.003830834162536134,0,0,0.002963462174329319,0,0,0,0.003467238805842242,0,0.004296675817377853,0,0,0,0,0,0,0,0,0,0.002727194643676187,0,0,0,0,0
0,0,0,0,0,0,0,0,0,0,0,0,0,0,0,0,0,0,0,0,0.005807304594317129,0,0,0,0,0.00294790397922693,0,0,0,0,0,0,0,0,0.005399881141383399,0,0,0,0,0,0,0,0,0,0,0,0,0,0,0,0,0,0,0,0,0,0,0,0,0,0.006790871289593437,0,0,0,0,0,0,0,0,0,0,0,0,0,0,0,0,0,0,0,0,0,0,0,0,0,0,0,0,0,0,0,0,0,0,0,0,0.003700000074429573,0,0,0,0,0,0,0,0,0,0,0,0,0,0,0,0.002799212235174922,0,0,0,0.002754175360218122,0,0,0,0,0,0,0,0,0,0,0,0,0,0,0,0,0,0,0,0.003707964859436639,0,0,0,0,0,0,0,0,0,0,0,0,0,0,0,0,0,0,0,0,0,0,0,0,0,0,0,0,0,0,0,0,0,0,0,0,0,0,0,0,0,0,0,0,0,0,0,0,0,0,0,0,0,0,0,0,0,0,0,0,0,0,0,0,0,0,0,0,0,0,0,0,0,0,0,0,0,0,0,0,0,0,0,0,0,0,0,0,0,0,0,0,0,0,0,0,0,0,0,0,0,0,0,0,0,0,0,0,0,0,0,0,0,0,0,0,0,0,0,0,0,0,0,0,0,0,0,0,0,0,0,0,0,0,0,0,0,0,0,0,0,0,0,0,0,0,0,0,0,0,0,0,0,0,0,0,0,0,0,0,0,0,0,0,0,0,0,0,0,0,0,0,0,0,0,0,0,0,0,0,0,0,0,0,0,0,0,0,0,0,0,0,0,0,0,0,0,0,0,0,0,0,0,0,0,0,0,0,0,0,0,0,0,0,0,0,0,0,0,0,0,0,0,0,0,0,0,0,0,0,0,0,0,0,0,0,0,0,0,0,0,0,0,0.00468860170385868,0,0.006876084050635363,0.007640438292473318,0.006935557019406992,0.006137226263914572,0.003062367970574624,0.002534014539990304,0,0.00707747450749005,0.003456385991178207,0.00276801093620553,0.004901155359170102,0.003554006211650791,0.00353439693419621,0,0.006542377373640247,0,0,0.002935030077136084,0,0,0,0,0,0,0,0,0,0,0,0,0,0
0,0,0,0.003528405038978825,0,0,0,0,0,0,0,0,0,0,0,0,0,0,0,0,0.006685769034851208,0,0,0,0,0.002760970385159999,0,0,0,0,0,0,0,0,0.003754613424976217,0,0,0,0,0,0,0,0,0,0,0,0,0,0,0,0,0,0,0,0,0,0,0,0,0,0.007242497239515956,0,0,0,0,0,0,0,0,0.002814481020786824,0,0,0,0,0,0,0,0,0,0,0,0,0,0,0,0,0,0,0,0,0,0,0,0,0,0,0,0,0,0,0,0,0,0,0,0,0,0,0,0,0,0,0,0,0,0,0,0,0,0,0,0,0,0,0,0,0,0,0,0,0,0,0,0,0,0,0,0.004221283261082363,0,0,0,0,0,0,0,0,0,0,0,0,0,0,0,0,0,0,0,0,0,0,0,0,0,0,0,0,0,0,0,0,0,0,0,0,0,0,0,0,0,0,0,0,0,0,0,0,0,0,0,0,0,0,0,0,0,0,0,0,0,0,0,0,0,0,0,0,0,0,0,0,0,0,0,0,0,0,0,0,0,0,0,0,0,0,0,0,0,0,0,0,0,0,0,0,0,0,0,0,0,0,0,0,0,0,0,0,0,0,0.002847102548542121,0,0,0,0,0,0,0,0,0,0,0,0,0,0,0,0,0,0,0,0,0,0,0,0,0,0,0,0,0,0,0,0,0,0,0,0,0,0,0,0,0,0,0,0,0,0,0,0,0,0,0,0,0,0,0,0,0,0,0,0,0,0,0,0,0,0,0,0,0,0,0,0,0,0,0,0,0,0,0,0,0,0,0,0,0,0,0,0,0,0,0,0,0,0,0,0,0,0,0,0,0,0,0,0,0,0,0,0,0,0,0,0,0,0,0,0,0,0,0,0,0,0,0,0,0,0,0,0,0,0,0,0,0.005272719367389902,0.006876084050635363,0,0.007449398848378245,0.007714032660429035,0.006913792427201727,0.00321851356211371,0.003271741873712639,0,0.006676701585930986,0.003595139674529016,0,0.005322559484448234,0.00353256754008725,0.004061155598207114,0.003172447288189251,0.007204866504900527,0,0.002823588602042871,0,0,0,0,0,0,0,0,0,0,0,0,0,0,0
0,0,0,0,0,0,0,0,0,0,0,0,0,0,0,0,0,0,0,0,0.005740304749481711,0.002608899199339071,0,0,0,0.002775552743380113,0,0,0,0,0,0,0,0,0.004302751432412462,0,0,0,0,0,0,0,0,0,0.002864129132248491,0,0,0,0,0,0,0,0,0,0,0,0,0,0,0,0.005165217267823669,0,0,0.002688272740256455,0,0,0,0,0,0,0,0,0,0,0,0,0,0,0,0,0,0,0,0,0,0,0,0,0,0,0,0,0,0,0,0,0,0,0,0,0,0,0,0,0,0,0,0,0,0,0,0,0,0.004004225621979976,0,0,0,0,0,0,0,0,0,0,0,0,0,0,0,0,0,0,0,0,0,0,0,0,0,0,0.002487809409980763,0,0,0,0,0,0,0,0,0,0,0,0,0,0,0,0,0,0,0,0,0,0,0,0,0,0,0,0,0,0.002877391218132718,0,0,0,0,0,0,0,0,0,0,0,0,0,0,0,0,0,0,0,0,0,0,0,0,0,0,0,0,0,0,0,0,0,0,0,0,0,0,0,0,0,0,0,0,0,0,0,0,0,0,0,0,0,0,0,0,0,0,0,0,0,0,0,0,0,0,0,0,0,0,0,0,0,0,0,0,0,0,0,0,0,0,0,0,0,0,0,0,0,0,0,0,0,0,0,0,0,0,0,0,0,0,0,0,0,0,0,0,0,0,0,0,0,0,0,0,0,0,0,0,0,0,0,0,0,0,0,0,0,0,0,0,0,0,0,0,0,0,0,0,0,0,0,0,0,0,0,0,0,0,0,0,0,0,0,0,0,0,0,0,0,0,0,0,0,0,0,0,0,0,0,0,0,0,0,0,0,0,0,0,0,0,0,0,0,0,0,0,0,0,0,0,0,0,0,0,0,0,0,0,0,0,0,0,0,0,0,0,0,0,0.004207524319573925,0.007640438292473318,0.007449398848378245,0,0.006335646697215274,0.005787446538033473,0,0,0,0.007448065068515588,0,0,0.004334039382728917,0,0.003732103159176155,0,0.006577574919689567,0,0,0.003202311239247251,0,0,0,0,0,0,0,0,0,0,0,0,0,0
0,0,0,0.003329504023448184,0,0,0,0,0,0,0,0,0,0.005891884524319727,0,0,0,0,0,0,0.008058398575468388,0,0,0,0,0.00265400390224797,0,0,0,0,0,0,0,0,0,0,0,0,0,0,0,0,0,0,0,0,0,0,0,0,0,0,0,0,0,0,0,0,0,0,0.005042070459819494,0,0,0,0,0,0,0,0,0.003121046008977101,0,0,0,0,0,0,0,0,0,0.003031934331903114,0,0,0,0,0,0,0,0,0,0,0,0,0,0,0,0,0,0,0,0,0,0,0,0,0,0,0,0,0,0,0,0,0,0,0,0,0,0.003344769787180454,0,0,0,0.003105297362181335,0,0,0,0,0,0,0,0,0,0,0,0,0,0,0,0.004888544936164069,0,0,0,0,0,0,0,0,0,0,0,0,0,0,0,0,0,0,0,0,0,0,0,0,0,0,0,0,0,0.003264402018805631,0,0,0,0,0,0,0,0,0,0,0,0,0,0,0,0,0,0,0,0,0,0,0,0,0,0,0,0,0,0,0,0,0,0,0,0,0,0,0,0,0,0,0,0,0,0,0,0,0,0,0,0,0,0,0,0,0,0,0,0,0,0,0,0,0,0,0,0,0,0,0,0,0,0,0,0,0,0,0,0,0,0,0,0,0,0,0,0,0.003045948934182214,0,0,0,0,0,0,0,0,0,0,0,0,0,0,0,0,0,0,0,0,0,0,0,0,0,0,0,0,0,0,0,0,0,0,0,0,0,0,0,0,0,0,0,0,0,0,0,0,0,0,0,0,0,0,0,0,0,0,0,0,0,0,0,0,0,0,0,0,0,0,0,0,0,0,0,0,0,0,0,0,0,0,0,0,0,0,0,0,0,0,0,0,0,0,0,0,0,0,0,0,0,0,0,0,0,0,0,0,0,0,0,0,0,0,0,0.002718901428548933,0,0,0,0,0,0,0,0,0.004242442107789933,0.006935557019406992,0.007714032660429035,0.006335646697215274,0,0.006836336541453355,0,0,0,0.005495780259322623,0,0.0027873326508364,0.003812245057632146,0,0.00437125604245985,0,0.007012180486028075,0,0.003590515762247623,0,0,0,0,0,0,0,0,0,0,0,0,0,0,0
0,0,0,0,0,0,0,0,0,0,0,0,0,0.006465406858130417,0,0,0,0,0,0,0.00747777373785118,0,0,0,0,0,0,0,0,0,0,0,0,0,0,0,0,0,0,0,0,0,0,0,0,0,0,0,0.003779395832092754,0,0,0,0,0,0,0,0,0,0,0,0.005726256269021143,0,0,0,0,0,0,0,0,0.003320147109159109,0,0,0,0,0,0,0,0,0,0.002757154334170218,0,0,0,0,0,0,0,0,0,0,0,0,0,0,0,0,0,0,0,0,0,0,0,0,0,0,0,0,0,0,0,0,0,0,0,0,0,0.002953897221520558,0,0,0,0.003058728467088376,0,0,0,0,0,0,0,0,0,0,0,0,0,0,0,0.004780621659095196,0,0,0,0,0,0,0,0,0,0,0,0,0,0,0,0,0,0,0,0,0,0,0,0,0,0,0,0,0,0.003699105720752584,0,0,0,0,0,0,0,0,0,0,0,0,0,0,0,0,0,0,0,0,0,0,0,0,0,0,0,0,0,0,0,0,0,0,0,0,0,0,0,0,0,0,0,0,0,0,0,0,0,0,0,0,0,0,0,0,0,0,0,0,0,0,0,0,0,0,0,0,0,0,0,0,0,0,0,0,0,0,0,0,0,0,0,0,0.003078812501820027,0,0,0,0.003095280299631285,0,0,0,0,0,0,0,0,0,0,0,0,0,0,0,0,0,0,0,0,0,0,0,0,0,0,0,0,0,0,0,0,0,0,0,0,0,0,0,0,0,0,0,0,0,0,0,0,0,0,0,0,0,0,0,0,0,0,0,0,0,0,0,0,0,0,0,0,0,0,0,0,0,0,0,0,0,0,0,0,0,0,0,0,0,0,0,0,0,0,0,0,0,0,0.003563579155850577,0,0,0,0,0,0,0,0,0,0,0,0,0,0,0,0,0,0,0,0,0.003329618350461459,0,0,0,0,0,0,0,0,0.003585561465576747,0.006137226263914572,0.006913792427201727,0.005787446538033473,0.006836336541453355,0,0,0,0,0.004867029905502654,0,0,0.003788891610774604,0,0.004153720350357561,0,0.006356099177701859,0,0.0033710032690823,0,0,0,0,0,0,0,0,0,0.002919288857757865,0,0,0,0,0
0,0,0,0,0,0,0,0,0,0,0,0,0,0,0,0,0,0,0,0,0,0,0,0,0,0,0,0,0,0,0.003203016610626196,0,0,0,0.002938059602890086,0,0,0,0,0,0,0,0,0,0,0,0,0,0,0,0,0,0,0,0,0,0,0,0,0,0,0,0,0,0,0,0,0,0,0,0,0.004050259975758569,0,0,0,0,0,0,0,0,0,0,0,0,0,0,0,0,0,0,0,0,0,0,0,0,0,0.004332795596145703,0,0,0,0,0,0,0,0,0,0,0.00422482530075192,0,0,0,0,0,0.003639253073315155,0,0,0,0,0,0,0,0,0,0,0,0,0,0,0,0,0.003814227251392652,0,0,0,0,0,0,0,0,0,0,0,0,0,0,0,0,0,0,0,0,0,0,0,0,0,0,0,0,0,0,0,0,0,0,0,0,0,0,0,0,0,0,0,0,0,0,0,0,0,0,0,0,0,0,0,0,0,0,0,0,0,0,0,0,0,0,0,0,0,0,0.003299389910504477,0,0,0,0,0,0,0,0,0,0,0,0,0,0,0,0,0,0,0,0,0,0,0,0,0.004674213561223934,0,0,0,0,0,0,0,0,0,0,0,0,0,0,0,0,0,0,0,0,0,0,0,0,0,0,0,0,0,0,0,0,0,0,0,0,0,0,0,0,0,0,0,0,0,0,0,0,0,0,0,0,0,0,0,0,0,0,0,0,0,0,0,0,0,0,0,0,0,0,0,0,0,0,0,0,0,0,0,0,0,0,0,0,0,0,0,0,0,0,0,0,0,0,0,0,0,0,0,0,0,0,0,0,0,0,0,0,0,0,0,0,0,0,0,0,0,0,0,0,0,0,0,0,0,0,0,0,0,0,0,0,0,0,0,0,0,0,0,0,0,0,0,0,0,0,0,0,0,0,0,0.005841896587079251,0,0,0.003062367970574624,0.00321851356211371,0,0,0,0,0.00867299714118433,0.007504359591138386,0,0.008251099185256978,0,0.006076230513712019,0.007779980713516306,0.00463155350443566,0.008239168756714536,0.002550848228962923,0.006436319251392154,0,0.003962254761684634,0,0,0,0,0,0,0,0,0,0,0,0,0,0
0,0,0,0,0,0,0,0,0,0,0,0,0,0,0,0,0,0,0,0,0,0,0,0,0,0,0,0,0,0,0,0,0,0,0,0,0,0,0,0,0,0,0,0,0,0,0,0,0,0,0,0,0,0,0,0,0,0,0,0,0,0,0,0,0,0,0,0,0,0,0,0.004508619242724181,0,0,0,0,0,0,0,0,0,0,0,0,0,0,0,0,0,0,0,0,0,0,0,0,0,0,0,0.003689220022287129,0,0,0,0,0,0,0,0,0.00491420561032069,0,0,0,0,0,0,0,0,0,0,0,0,0,0,0,0,0,0,0,0,0,0,0,0,0,0,0,0,0.003355605746228173,0,0,0,0,0,0,0,0,0,0,0,0,0,0,0,0,0,0,0,0,0,0,0,0,0,0,0,0,0,0,0,0,0,0,0,0,0,0,0,0,0,0,0,0,0,0,0,0,0,0,0,0,0,0,0,0,0,0,0,0,0,0,0,0,0,0,0,0,0,0,0,0,0,0,0,0,0,0,0,0,0,0,0,0,0,0,0,0,0,0.005069609381338881,0,0,0,0,0,0,0,0,0,0.002937054937330809,0,0,0,0,0,0,0,0,0,0,0,0,0,0,0,0,0,0,0,0,0,0,0,0,0,0,0,0,0,0,0,0,0,0,0,0,0,0,0,0,0,0,0,0,0,0,0,0,0,0,0,0,0,0,0,0,0,0,0,0,0,0,0,0,0,0,0,0,0,0,0,0,0,0,0,0,0,0,0,0,0,0,0,0,0,0,0,0,0,0,0,0,0,0,0,0,0,0,0,0,0,0,0,0,0,0,0,0,0.00291859585894074,0,0,0,0,0,0,0,0,0,0,0,0,0,0,0,0,0,0,0,0,0,0,0,0,0,0,0,0,0,0,0,0,0.005518202523191662,0,0,0.002534014539990304,0.003271741873712639,0,0,0,0.00867299714118433,0,0.008219318718238817,0,0.007944432443766501,0,0.006055994489506887,0.006695511023533865,0.005926310279335946,0.009355704355448604,0.00287223697562788,0.006203244362957862,0,0.00364963608942666,0,0,0,0,0,0,0,0,0,0,0,0,0,0
0,0,0,0,0,0,0,0,0,0,0,0.004406259356634279,0,0,0,0,0,0,0,0,0,0,0,0,0,0,0,0.00357278481618796,0,0,0.003158355020518674,0,0,0,0,0,0,0,0,0,0,0,0,0.003366893350218746,0,0,0.003606724473716274,0,0,0,0,0,0,0,0,0,0,0,0,0,0,0,0,0,0,0.004104965690972949,0,0,0,0,0,0.004881404446419003,0.00373005078247769,0,0,0,0,0,0,0,0,0,0,0,0,0,0,0,0,0,0,0,0,0,0,0,0,0.003785546008572672,0,0.00415701183362501,0,0,0,0,0,0,0,0,0.005439315115292968,0,0,0,0,0,0.004564313639434178,0,0,0,0,0,0,0,0,0,0,0,0,0,0,0,0,0.004482107790427806,0,0,0,0,0,0,0,0,0,0,0,0,0,0,0,0,0,0,0,0,0,0,0,0,0,0,0,0,0,0,0,0,0,0,0,0,0,0,0,0,0,0,0,0,0,0,0,0,0,0,0,0,0,0,0,0,0,0,0,0,0,0,0,0,0,0,0,0,0,0,0,0,0,0,0,0,0,0,0,0,0,0,0,0,0,0,0,0,0,0,0,0,0,0,0.003959412427167764,0.006135334141369204,0,0,0,0,0,0,0,0,0,0,0,0,0,0,0,0,0,0,0,0,0,0,0,0,0,0,0,0,0,0,0,0,0,0,0,0,0,0,0,0,0,0,0,0,0,0,0,0,0,0,0,0,0,0,0,0,0,0,0,0,0,0,0,0,0,0,0,0,0,0,0,0,0,0,0,0,0,0,0,0,0,0,0,0,0,0,0,0,0,0,0,0,0,0,0,0,0,0,0,0,0,0,0,0,0,0,0,0,0,0,0,0,0,0,0,0,0,0,0,0,0,0,0,0,0,0,0,0,0,0,0,0,0,0,0,0,0,0,0,0,0,0,0,0,0,0,0,0,0,0,0,0.006374660363976953,0,0,0,0,0,0,0,0.007504359591138386,0.008219318718238817,0,0,0.007321457733793705,0,0.00473036312480876,0.006062717574775786,0.006097017192424889,0.007575226311066765,0,0.006138551002947733,0,0.002975000607500213,0,0,0,0,0,0,0,0,0,0,0,0,0,0
0,0,0,0,0,0,0,0,0,0,0,0,0,0,0.003384232512830515,0,0,0,0,0,0.004684085863139876,0.003966413497333341,0,0,0,0.002810293520449197,0,0,0,0,0,0,0,0,0.005577449830531754,0.003073326653221817,0,0,0,0,0,0,0,0,0.003759993801951435,0,0,0,0,0,0,0,0,0,0.003250460389381133,0,0,0,0,0,0.004638832691281825,0,0,0.00326960118327655,0,0,0,0,0,0,0,0,0,0,0,0.003864705321281469,0,0,0,0,0,0,0,0,0,0,0,0,0,0,0,0,0,0,0,0,0,0,0,0,0,0,0,0,0,0,0,0,0,0,0,0,0,0.004318720476799133,0,0,0,0,0,0,0,0,0,0,0,0,0,0,0,0,0,0,0.002818123593876432,0,0,0,0,0.002843687257335387,0,0,0,0,0,0,0,0,0,0,0,0,0,0,0,0,0,0,0,0,0,0,0,0,0,0,0,0,0,0,0,0,0,0,0,0,0,0,0,0,0,0,0,0,0,0,0,0,0,0,0,0,0,0,0,0,0,0,0,0,0,0,0,0,0,0,0,0,0,0,0,0,0,0,0,0,0,0,0,0,0,0,0,0,0,0,0,0,0,0,0,0,0,0,0,0.003370259902523931,0,0,0,0,0,0,0,0,0,0,0,0,0,0,0,0,0,0,0,0,0,0,0,0,0,0,0,0,0,0,0,0,0,0,0,0,0,0,0,0,0,0,0,0,0,0,0,0,0,0,0,0,0,0,0,0,0,0,0,0,0,0,0,0,0,0,0,0,0,0,0,0,0,0,0,0,0,0,0,0,0,0,0,0,0,0,0,0,0,0,0,0,0,0,0,0,0,0,0,0,0,0,0,0,0,0,0,0,0,0,0,0,0,0,0,0,0,0,0,0,0,0,0,0,0,0,0,0,0,0,0,0,0,0,0,0,0,0,0,0,0,0,0,0,0,0,0,0.003830834162536134,0.00707747450749005,0.006676701585930986,0.007448065068515588,0.005495780259322623,0.004867029905502654,0,0,0,0,0.002973462660527068,0,0.003774361881980818,0.003579281157085387,0.003471401051874555,0,0.005259861352554524,0,0,0.003574929480715543,0,0,0,0,0,0,0,0,0,0,0,0,0,0
0,0,0,0,0,0,0,0,0,0,0,0,0,0,0,0,0,0,0,0,0,0,0,0,0,0,0,0,0,0,0,0,0,0,0.00306140949744878,0,0,0,0,0,0,0,0,0,0,0,0,0,0,0,0,0,0,0,0,0,0,0.00318587696881712,0,0,0,0,0,0,0,0,0,0,0,0,0,0.003994147162646912,0,0,0,0.003105618455124728,0,0,0,0,0,0,0,0,0,0,0,0,0,0,0,0,0,0,0,0,0,0.003223926486283439,0,0,0,0,0,0,0,0,0,0,0.004190249083802623,0,0,0,0,0,0,0,0,0,0,0,0,0,0,0,0,0,0,0,0,0,0,0,0,0,0,0,0,0,0,0,0,0,0,0,0,0,0,0,0,0,0,0,0,0,0,0,0,0,0,0,0,0,0,0,0,0,0,0,0,0,0,0,0,0,0,0,0,0,0,0,0,0,0,0,0,0,0,0,0,0,0,0,0,0,0,0,0,0,0,0,0,0,0,0,0,0,0,0,0,0,0,0,0,0,0,0,0,0,0,0,0,0,0,0,0,0,0,0.004751349523781017,0,0,0,0,0,0,0,0,0,0,0,0,0,0,0,0,0,0,0,0,0,0,0,0,0,0,0,0,0,0,0,0,0,0,0,0,0,0,0,0,0,0,0,0,0,0,0,0,0,0,0,0,0,0,0,0,0,0,0,0,0,0,0,0,0,0,0,0,0,0,0,0,0,0,0,0,0,0,0,0,0,0,0,0,0,0,0,0,0,0,0,0,0,0,0,0,0,0,0,0,0,0,0,0,0,0,0,0,0,0,0,0,0,0,0,0,0,0,0,0,0,0,0,0,0,0,0,0,0,0,0,0,0,0,0,0,0,0,0,0,0,0,0,0,0,0,0,0,0,0,0,0.00543004799704834,0,0,0.003456385991178207,0.003595139674529016,0,0,0,0.008251099185256978,0.007944432443766501,0.007321457733793705,0.002973462660527068,0,0,0.006013041358584041,0.007848652450753111,0.004909053619442463,0.0086332126798333,0.002690615295099633,0.005997006717784215,0,0.003445982691601548,0,0,0,0,0,0,0,0,0,0,0,0,0,0
0,0,0,0,0,0,0,0,0,0,0,0,0,0,0,0,0.002461079296367745,0,0,0,0,0,0,0,0,0.00542161159878273,0,0,0,0,0,0,0,0,0,0,0,0,0,0,0,0,0,0,0,0,0,0,0,0,0,0,0,0,0,0,0,0,0,0,0,0,0,0,0,0,0,0,0,0.002797791129610529,0.004311432822455124,0,0,0,0,0,0,0,0,0.003088983036879569,0,0,0,0,0,0.003291008389246451,0,0,0,0,0,0,0,0,0,0,0,0,0,0,0.00831948407699641,0,0,0,0,0,0,0,0,0,0,0,0,0,0,0,0,0,0,0,0,0,0,0,0,0,0,0,0,0,0,0,0,0,0,0,0,0,0,0.00294309990412393,0,0,0.002973866935584813,0,0,0,0,0,0.004197162989578951,0,0,0,0,0,0,0,0,0,0,0,0,0.003816180453859968,0,0,0,0,0,0,0,0,0,0.002892956202297749,0,0,0,0,0,0,0,0,0,0,0,0,0,0,0,0,0,0,0,0,0,0,0,0,0,0,0,0,0,0,0,0,0,0,0,0,0,0,0,0,0,0,0,0,0,0,0,0,0,0,0,0,0,0,0,0,0,0,0,0,0,0,0.003121723570513298,0,0,0,0,0,0,0,0,0,0,0,0,0,0,0,0,0,0,0,0,0,0,0,0,0,0,0,0,0,0,0,0,0,0,0,0,0,0,0,0,0,0,0,0,0,0,0,0,0,0,0,0,0,0,0,0,0,0,0,0,0,0,0,0,0,0,0,0,0,0,0,0,0,0,0,0,0,0,0,0,0,0,0,0,0,0,0,0,0,0,0,0,0,0,0,0,0,0,0,0,0,0,0,0,0,0,0,0,0,0,0,0,0,0,0,0,0,0,0,0,0,0,0,0,0,0,0,0,0,0,0,0,0,0,0,0,0,0.002905402833728023,0,0,0,0,0,0,0,0,0,0.00276801093620553,0,0,0.0027873326508364,0,0,0,0,0,0,0,0.002802484797431853,0,0,0,0,0,0,0,0,0,0,0,0,0,0,0,0,0,0,0,0,0.002580744862954945
0,0,0,0,0,0,0,0,0,0,0,0,0,0,0,0,0,0,0,0,0.003584401019436082,0,0,0,0,0,0,0,0,0,0,0,0,0,0,0,0,0,0,0,0,0,0,0,0,0,0,0,0,0,0,0,0,0,0,0,0,0,0,0,0.005448842100096385,0,0,0,0,0,0,0,0,0,0,0,0,0,0,0,0,0,0,0,0,0,0,0,0,0,0,0,0,0,0,0,0,0,0,0,0,0,0,0,0,0.003308869682643233,0,0,0,0,0,0,0,0,0,0,0,0.002656670376560143,0,0,0,0,0,0,0,0,0,0,0.002668931099921821,0,0,0,0,0,0,0,0,0,0,0,0,0.003599647408708566,0,0,0,0,0,0,0,0,0,0,0,0,0,0,0,0,0,0,0,0,0,0,0,0,0,0,0,0,0,0,0,0,0,0,0,0,0,0,0,0,0,0,0,0,0,0,0,0,0,0,0,0,0,0,0,0,0,0,0,0,0,0,0,0,0,0,0,0,0,0,0,0,0,0,0,0,0,0,0,0,0,0,0,0,0,0,0,0,0,0,0,0,0,0,0,0,0,0,0,0,0,0,0,0,0,0,0,0,0,0,0,0,0,0,0,0,0,0,0,0,0,0,0,0,0,0,0,0,0,0,0,0,0,0,0,0.003105530648660933,0,0,0,0,0,0,0,0,0,0,0,0,0,0,0,0,0,0,0,0,0,0,0,0,0,0,0,0,0,0,0,0,0,0,0,0,0,0,0,0,0,0,0,0,0,0,0,0,0,0,0,0,0,0,0,0,0,0,0,0,0,0,0,0,0,0,0,0,0,0,0,0,0,0,0,0,0,0,0,0,0,0,0,0,0,0,0,0,0,0,0,0,0,0,0,0,0,0,0,0,0,0,0,0,0,0,0,0.002963462174329319,0.004901155359170102,0.005322559484448234,0.004334039382728917,0.003812245057632146,0.003788891610774604,0.006076230513712019,0.006055994489506887,0.00473036312480876,0.003774361881980818,0.006013041358584041,0.002802484797431853,0,0.004762108605493974,0.003641394767024134,0.005659061444702851,0.004517511128715048,0.00351840438203592,0,0,0,0,0,0,0,0,0,0,0,0,0,0,0,0
0,0,0,0,0,0,0,0,0,0,0,0,0,0,0,0,0,0,0,0,0,0.003020362595809285,0,0,0,0,0,0,0,0,0.00350732667942821,0,0,0,0.003275617573187383,0,0,0,0,0,0,0,0,0,0.003249290633065248,0,0,0,0,0,0,0,0,0,0.003166459207479625,0,0,0.003545520608798096,0,0,0,0,0,0,0,0,0,0,0,0,0,0,0,0,0,0.003369444428199955,0,0,0,0,0,0,0,0,0,0,0,0,0,0,0,0,0,0,0,0,0,0.004258283335750849,0,0,0,0,0,0,0,0,0,0,0.003350775422807268,0,0,0,0,0.003386017931398381,0.003627667941816204,0,0,0,0,0,0,0,0.003265415088765885,0,0,0,0,0,0,0,0,0.003886724186466823,0,0,0,0,0,0,0,0,0.003299175076242365,0,0,0,0,0,0,0,0,0,0,0,0,0,0,0,0,0,0,0,0,0,0,0,0,0,0,0,0,0,0,0,0,0,0,0,0,0,0,0,0,0,0,0,0,0,0,0,0,0,0,0,0,0,0,0,0,0,0,0,0,0,0.003208683200200332,0,0,0,0,0,0,0,0,0,0,0,0,0,0,0,0,0,0,0,0,0,0,0,0,0,0,0,0,0,0,0.003187058206048934,0,0,0,0,0,0,0,0,0,0,0,0,0,0,0,0,0,0,0,0,0,0,0,0,0,0,0,0,0,0,0,0,0,0,0,0,0,0,0,0,0,0,0,0,0,0,0,0,0,0,0,0,0,0,0,0,0,0,0,0,0,0,0,0,0,0,0,0,0,0,0,0,0,0,0,0,0,0,0,0,0,0,0,0,0,0,0,0,0,0,0,0,0,0,0,0,0,0,0,0,0,0,0,0,0,0,0,0,0,0,0,0,0,0,0,0,0,0,0,0,0,0,0,0,0,0,0,0,0,0,0,0,0,0,0,0,0,0,0,0,0,0,0,0,0,0.004945116300449222,0,0,0.003554006211650791,0.00353256754008725,0,0,0,0.007779980713516306,0.006695511023533865,0.006062717574775786,0.003579281157085387,0.007848652450753111,0,0.004762108605493974,0,0.003946093919673118,0.006634876272309687,0,0.005294006547354433,0,0.004395391662210967,0,0,0,0,0,0,0,0,0,0,0,0,0,0
0,0,0,0,0,0,0,0,0,0,0,0,0,0,0,0,0,0,0,0,0.00366333811323066,0,0,0,0,0,0,0,0,0,0,0,0,0,0,0,0,0,0,0,0,0,0,0,0,0,0,0,0,0,0,0,0,0,0,0,0,0,0,0,0,0,0,0,0,0,0,0,0,0.00284340628515572,0,0.004159097005878918,0,0,0,0,0,0,0,0,0,0,0.002975599869545448,0,0,0,0,0,0,0,0,0,0,0,0,0,0,0,0,0,0,0,0,0,0,0,0,0,0.004779994269150335,0,0,0,0,0,0,0,0,0,0,0,0,0,0,0,0,0,0,0,0,0,0,0,0,0,0,0,0,0,0,0,0,0,0,0,0,0,0,0,0,0,0,0,0,0,0,0,0,0,0,0,0,0,0,0,0,0,0,0,0,0,0,0,0,0,0,0,0,0,0,0,0,0,0,0,0,0,0,0,0,0,0,0,0,0,0,0,0,0,0,0,0,0,0,0,0,0,0,0,0,0,0,0,0,0,0,0,0,0,0,0,0,0,0,0,0,0,0,0.005002248833912879,0,0,0,0,0,0,0.002932745783095264,0,0,0,0,0,0,0,0,0,0.00275127685386106,0,0,0,0,0,0,0,0,0,0,0,0,0,0,0,0,0,0,0,0,0,0,0,0,0,0,0,0,0,0,0,0,0,0,0,0,0,0,0,0,0,0,0,0,0,0,0,0,0,0,0,0,0,0,0,0,0,0,0,0,0,0,0,0,0,0,0,0,0,0,0,0,0,0,0,0,0,0,0,0,0,0,0,0,0,0,0,0,0,0,0,0,0,0,0,0,0,0,0,0,0.003004342838944642,0.003129016245426404,0,0,0,0.002789722792699415,0,0,0,0,0,0,0,0,0,0,0,0,0,0,0,0,0,0,0,0,0,0,0,0,0,0,0,0,0.005074888946289752,0,0,0.00353439693419621,0.004061155598207114,0.003732103159176155,0.00437125604245985,0.004153720350357561,0.00463155350443566,0.005926310279335946,0.006097017192424889,0.003471401051874555,0.004909053619442463,0,0.003641394767024134,0.003946093919673118,0,0.006224169901193978,0.003843048451811791,0.004566832161471606,0,0.002987731181436981,0,0,0,0,0,0,0,0,0,0,0,0,0,0
0,0,0,0,0,0,0,0,0,0,0,0,0,0,0,0,0,0,0,0,0,0,0,0,0,0,0,0,0,0,0,0,0,0,0.002748794745671598,0,0,0,0,0,0,0,0,0,0,0,0,0,0,0,0,0,0,0,0,0,0,0,0,0,0,0,0,0,0,0,0,0,0,0,0,0.005097760167687345,0,0,0,0,0,0,0,0,0,0,0,0,0,0,0,0,0,0,0,0,0,0,0,0,0,0,0,0,0,0,0,0,0,0,0,0,0.005197409159174089,0,0,0,0,0,0.003502943818952262,0,0,0,0,0,0,0,0,0,0,0,0,0,0,0,0,0,0,0,0,0,0,0.003060934221589581,0,0,0,0,0,0,0,0,0,0,0,0,0,0,0,0,0,0,0,0,0,0,0,0,0,0,0,0,0,0,0,0,0,0,0,0,0,0,0,0,0,0,0,0,0,0,0,0,0,0,0,0,0,0,0,0,0,0,0,0,0,0,0,0,0,0,0,0,0,0,0,0,0,0,0,0,0,0,0,0,0,0,0,0,0,0,0,0,0,0.005608395599734625,0,0,0,0,0,0,0,0,0,0,0,0,0,0,0,0,0,0,0,0,0,0,0,0,0,0,0,0,0,0,0,0,0,0,0,0,0,0,0,0,0,0,0,0,0,0,0,0,0,0,0,0,0,0,0,0,0,0,0,0,0,0,0,0,0,0,0,0,0,0,0,0,0,0,0,0,0,0,0,0,0,0,0,0,0,0,0,0,0,0,0,0,0,0,0,0,0,0,0,0,0,0,0,0,0,0,0,0,0,0,0,0,0,0,0,0,0,0,0.002707296561243817,0,0,0,0,0,0,0,0,0,0,0,0,0,0,0,0,0,0,0,0,0,0,0,0,0,0,0,0,0,0,0,0,0.005763993245817998,0,0,0,0.003172447288189251,0,0,0,0.008239168756714536,0.009355704355448604,0.007575226311066765,0,0.0086332126798333,0,0.005659061444702851,0.006634876272309687,0.006224169901193978,0,0.002987418972184168,0.006032264078642076,0,0.003701811944716258,0,0,0,0,0,0,0,0,0,0,0,0,0,0
0,0,0,0.002699382160638543,0,0,0,0,0,0,0,0,0,0,0,0,0,0,0,0,0.006090193382692847,0,0,0,0,0.004431048111032485,0,0,0,0,0,0,0,0,0,0,0,0,0,0,0,0,0,0,0,0,0,0,0,0,0,0,0,0,0,0,0,0,0,0,0.0049932292975454,0,0,0,0,0,0,0,0,0,0,0,0,0,0,0,0,0,0,0.002668720373107525,0,0,0,0,0,0,0,0,0,0,0,0,0,0,0,0,0,0,0,0,0,0,0,0,0,0,0,0,0,0,0,0,0,0.002573737103776503,0,0,0,0.003496688145123117,0,0,0,0.003132697862172481,0,0,0,0,0,0,0,0,0,0,0,0,0,0,0,0.003359962997725569,0,0,0,0,0,0,0,0,0,0,0,0,0,0,0,0,0,0,0,0,0,0,0,0,0,0,0,0,0,0,0,0,0,0,0,0,0,0,0,0,0,0,0,0,0,0,0,0,0,0,0,0,0,0,0,0,0,0,0,0,0,0,0,0,0,0,0,0,0,0,0,0,0,0,0,0,0,0,0,0,0,0,0,0,0,0,0,0,0,0,0,0,0,0,0,0,0,0,0,0,0,0,0,0,0,0,0,0,0,0,0,0,0,0,0,0,0,0,0,0,0,0,0,0,0,0,0,0,0,0,0,0,0,0,0,0,0,0,0,0,0,0,0,0,0,0,0,0,0,0,0,0,0,0,0,0,0,0,0,0,0,0,0,0,0,0,0,0,0,0,0,0,0,0,0,0,0,0,0,0,0,0,0,0,0,0,0,0,0,0,0,0,0,0,0,0,0,0,0,0,0,0,0,0,0,0,0,0,0,0,0,0,0,0,0,0,0,0,0,0,0,0,0,0,0,0,0,0,0,0,0,0,0,0,0.003021248227893001,0,0,0,0,0,0,0,0,0.003467238805842242,0.006542377373640247,0.007204866504900527,0.006577574919689567,0.007012180486028075,0.006356099177701859,0.002550848228962923,0.00287223697562788,0,0.005259861352554524,0.002690615295099633,0,0.004517511128715048,0,0.003843048451811791,0.002987418972184168,0,0.003419642577176447,0.003202366078101962,0.003435079933602918,0,0,0,0,0,0,0,0,0,0,0,0,0,0
0,0,0,0,0,0,0,0,0,0,0,0,0,0,0,0,0,0,0,0,0,0,0,0,0,0,0,0,0,0,0,0,0,0,0,0,0,0,0,0,0,0,0,0,0,0,0,0,0,0.003127154187643646,0,0,0,0,0,0,0,0,0,0,0,0,0,0,0,0,0,0,0,0,0,0.003486658898885775,0,0,0,0.002872595821990654,0,0,0,0,0,0,0,0,0,0.003063097457817496,0,0,0,0,0,0,0,0,0,0,0,0.003368418480357323,0,0.004973366380800537,0.004896361464296104,0,0,0,0,0,0,0,0.004618463927924017,0,0,0,0,0,0,0,0,0,0,0,0,0,0,0,0,0,0,0,0,0,0,0.003502632505666786,0,0,0,0,0,0,0,0.002967701275809462,0.004463382037356939,0,0,0,0,0,0,0,0,0,0,0,0,0,0,0,0,0,0,0,0,0,0,0,0,0.003305431214052559,0,0,0,0,0,0,0,0,0,0,0,0,0,0,0,0,0,0,0,0,0,0,0,0,0,0,0,0,0,0,0,0,0,0,0,0,0,0,0,0,0,0,0,0,0,0,0,0,0,0,0,0,0,0,0,0,0,0,0,0,0,0.00430961697226463,0,0,0,0,0,0,0,0,0,0,0,0,0,0,0,0,0,0,0,0,0,0,0,0,0,0,0,0,0,0,0,0,0,0,0,0,0,0,0,0,0,0,0,0,0,0,0,0,0,0,0,0,0,0,0,0,0,0,0,0,0,0,0,0,0,0,0,0,0,0,0,0,0,0,0,0,0,0,0,0,0,0,0,0,0,0,0,0,0,0,0,0,0,0,0,0,0,0,0,0,0,0,0,0,0,0,0,0,0,0,0,0,0,0,0,0,0,0,0,0,0,0,0,0,0,0,0,0,0,0,0,0,0,0,0,0,0,0,0,0,0,0,0,0,0,0,0,0,0,0,0,0.005252336572317069,0,0,0,0,0,0,0,0.006436319251392154,0.006203244362957862,0.006138551002947733,0,0.005997006717784215,0,0.00351840438203592,0.005294006547354433,0.004566832161471606,0.006032264078642076,0.003419642577176447,0,0,0.003538360589530585,0,0,0,0,0,0,0,0,0,0,0,0,0,0
0,0,0,0,0,0,0,0,0,0,0,0,0,0.009017844778154021,0,0,0.00290349950149051,0,0,0,0.003578444877353877,0,0,0,0,0,0,0,0,0,0,0,0,0,0,0,0,0,0,0,0,0,0,0,0,0,0,0,0.004029469382118161,0,0,0,0,0,0,0,0,0,0,0,0,0,0,0.003511214255954738,0,0,0,0,0,0,0,0,0,0,0,0,0,0,0,0,0,0,0,0,0,0,0,0,0,0,0,0,0,0,0,0,0,0,0,0,0,0,0,0,0,0,0,0,0,0,0,0,0,0,0,0,0,0.005232232127901564,0,0,0,0.004485810035525208,0,0,0,0,0,0,0,0,0,0,0,0,0,0,0,0.004706793023571365,0,0,0,0,0,0,0,0,0,0,0,0,0,0,0,0,0,0,0,0,0,0,0,0,0,0,0,0,0,0.004903197865821191,0,0,0,0,0,0,0,0,0,0,0,0,0,0,0,0,0,0,0,0,0,0,0,0,0,0,0,0,0,0,0,0,0,0,0,0,0,0,0,0,0,0,0,0,0,0,0,0.003937440852825894,0,0,0,0,0,0,0,0,0,0,0,0,0,0,0,0,0,0,0,0,0,0,0,0,0.003443669535342073,0,0,0,0,0,0,0,0,0,0.003912499120648536,0,0.005103429468112235,0,0,0,0.005123494729107841,0,0,0,0,0,0,0,0,0,0,0,0,0,0,0,0,0,0,0,0,0,0,0,0,0,0,0,0,0,0,0,0,0,0,0,0,0,0,0,0,0,0,0,0,0,0,0,0,0,0,0,0,0,0,0,0,0,0,0,0,0,0,0,0,0,0,0,0,0,0,0,0,0,0,0,0,0,0,0,0,0,0,0,0,0,0,0,0,0,0,0,0,0,0,0.003091164694972811,0,0,0,0,0,0,0,0,0,0,0,0,0,0,0,0,0,0,0,0,0,0,0,0,0,0,0,0,0,0.004296675817377853,0,0.002823588602042871,0,0.003590515762247623,0.0033710032690823,0,0,0,0,0,0,0,0,0,0,0.003202366078101962,0,0,0,0,0,0,0,0,0,0,0,0,0,0,0,0,0
0,0,0,0,0,0,0,0,0,0,0,0,0,0,0,0,0,0,0,0,0,0.00295096931168758,0,0,0,0,0,0,0,0,0,0,0,0,0,0,0,0,0.002943100661679202,0,0,0,0,0,0,0,0,0,0,0,0,0,0,0,0,0,0,0.003364759307609085,0,0,0,0,0,0,0,0,0,0,0,0,0,0,0,0,0,0.003406326340895328,0,0,0,0,0,0,0.0030959609888684,0,0,0,0,0,0,0,0,0,0,0,0,0,0,0,0,0,0,0,0,0,0,0,0,0,0,0,0,0,0,0.004081084296964133,0,0,0,0,0,0,0,0,0,0,0,0,0,0,0,0,0,0.003513673814643885,0,0,0,0,0,0,0,0,0.003428456999113115,0,0,0,0,0,0,0,0,0,0,0,0,0,0,0,0,0,0,0,0,0,0,0,0,0,0,0,0,0.003281657954929245,0,0,0,0,0,0,0,0,0,0,0,0,0,0,0,0,0,0,0,0,0,0,0,0,0,0,0,0,0,0,0,0,0,0,0,0,0,0,0,0,0,0,0,0,0,0,0,0,0,0,0,0,0,0,0,0,0,0,0,0,0,0,0,0,0,0,0,0,0,0,0,0,0,0,0,0,0,0,0,0,0,0,0,0,0,0,0,0,0,0,0,0,0,0,0,0,0,0,0,0,0,0,0,0,0,0,0,0,0,0,0,0,0,0,0,0,0,0,0,0,0,0,0,0,0,0,0,0,0,0,0,0,0,0,0,0,0,0,0,0,0,0,0,0,0,0,0,0,0,0,0,0,0,0,0,0,0,0,0,0,0,0,0,0,0,0,0,0,0,0,0,0,0,0,0,0,0,0,0,0,0,0,0,0,0,0,0,0,0,0,0,0,0,0,0,0,0,0,0,0,0,0.003017587532093371,0,0,0,0,0,0,0,0,0,0,0.002935030077136084,0,0.003202311239247251,0,0,0.003962254761684634,0.00364963608942666,0.002975000607500213,0.003574929480715543,0.003445982691601548,0,0,0.004395391662210967,0.002987731181436981,0.003701811944716258,0.003435079933602918,0.003538360589530585,0,0,0,0,0,0,0,0,0,0,0,0,0,0,0,0
0,0,0,0,0,0,0,0,0,0,0,0,0,0,0,0,0,0,0,0,0,0,0,0,0,0,0,0,0,0,0,0,0,0,0,0,0,0,0,0.007175846312002718,0,0,0,0,0,0,0,0,0,0,0,0,0,0,0,0,0,0,0,0,0,0,0,0,0,0,0,0,0,0,0,0,0,0,0,0,0,0,0.00194860219952553,0,0,0,0,0,0,0,0,0,0,0,0,0,0,0,0,0,0,0,0,0,0,0.002001593879314202,0,0,0,0,0,0,0,0,0,0,0,0,0,0,0,0,0,0,0.002533063813022471,0,0,0,0.004644131022171243,0,0,0.003144584971801652,0,0,0,0,0,0,0,0,0,0,0,0,0,0,0,0,0,0,0,0,0,0,0,0,0,0,0,0,0,0,0,0,0.002685059137517373,0,0,0,0,0,0,0,0,0,0,0,0,0,0,0,0,0,0,0,0,0,0,0.005745959290343185,0.00315408150584732,0,0,0,0,0,0,0,0,0,0,0,0,0,0,0,0,0,0,0,0,0,0,0,0,0,0,0,0,0,0,0,0,0,0,0,0,0,0,0,0,0,0,0,0,0,0,0,0,0,0,0,0,0,0,0,0,0,0,0,0,0,0,0,0,0,0,0,0,0,0,0,0,0,0,0,0,0.00653944753369835,0,0,0.00586875020415497,0,0.005319088930826811,0,0,0,0,0,0,0,0,0,0,0,0,0,0,0,0,0,0,0,0,0,0,0,0,0,0,0,0,0,0,0,0,0,0,0,0,0,0,0,0,0,0,0,0,0,0,0,0,0,0,0,0,0,0,0,0,0,0,0,0,0,0,0,0,0,0,0,0,0,0,0,0,0,0,0,0,0,0,0,0,0,0,0,0,0,0,0.006617133706132041,0,0,0,0,0,0,0,0,0,0,0.005929193820792029,0.006603347081399846,0,0,0,0,0,0,0,0,0,0,0,0,0,0,0,0,0,0,0,0,0,0,0,0,0,0,0,0,0,0,0,0,0,0,0,0,0,0.005190296681160365,0.006131762146943766,0.00424417248063157,0,0.003019597768875442,0.003289950489165781,0,0,0,0,0,0
0,0,0,0,0,0,0,0,0,0,0,0,0,0,0,0,0,0,0,0,0,0,0,0,0,0,0,0,0,0,0,0,0,0,0,0,0,0,0,0,0,0,0,0,0,0,0,0,0,0,0.007522708634335811,0.008069154864966836,0,0,0,0,0,0,0,0,0,0,0,0,0,0,0,0,0,0,0,0,0,0,0,0,0,0,0,0,0.006949060659084481,0,0,0,0,0,0,0,0,0,0,0,0,0,0,0,0,0,0.004553546171142445,0,0,0,0,0,0,0,0,0,0,0.004425104685310216,0,0.004645114208441921,0,0,0,0,0,0,0,0,0,0,0,0,0,0,0.004476912678747615,0,0,0.005270012443533484,0,0,0,0,0,0,0,0,0.004370403583087813,0,0,0,0,0,0,0,0,0,0,0.007298115989577292,0,0,0,0,0,0,0,0,0,0,0,0,0,0,0.007232266599161942,0,0,0,0,0,0,0,0,0,0,0,0,0,0,0,0,0,0,0,0,0,0,0,0,0,0,0,0,0,0,0,0,0,0,0,0,0,0,0,0,0,0,0,0,0,0,0,0,0,0,0,0,0,0,0.00636217330791863,0,0,0,0,0,0,0,0,0,0,0,0,0,0,0,0.004365151707271508,0,0.004382254590608658,0.005430194924200807,0.004400926781927423,0,0.004803557949006771,0,0.004446466233707091,0,0,0,0,0,0,0,0,0,0,0,0,0,0,0,0,0,0,0,0,0,0,0,0,0.005715621292774668,0.008275468101860394,0.007323456284126439,0.005709047668742345,0.004341832783880733,0,0,0,0,0,0,0,0,0,0,0,0,0,0,0,0,0,0,0,0,0,0,0,0,0,0,0,0,0,0,0,0,0,0,0,0,0,0,0,0,0,0,0,0,0,0,0,0,0,0,0,0,0,0,0,0,0,0,0,0,0,0,0,0,0,0,0,0,0,0,0,0,0,0,0.004516721404243388,0,0,0,0,0.004849783790520548,0,0,0.004413734904629537,0,0,0,0,0,0,0,0,0,0,0,0,0,0,0.004472054975815261,0,0,0,0,0,0,0,0,0,0,0,0,0,0,0,0,0,0,0,0,0,0,0,0,0,0,0,0,0,0,0,0,0,0,0,0,0,0,0,0,0.008918031055985935,0,0.006477946496898894,0
0,0,0,0,0,0,0,0,0,0,0,0,0,0,0,0,0,0,0,0,0,0,0,0,0,0,0,0,0,0,0,0,0,0,0,0,0,0,0,0.00664351832117523,0,0,0,0,0,0,0,0,0,0,0,0,0,0,0,0,0,0,0,0,0,0,0,0,0,0,0,0,0,0,0,0,0,0,0,0,0,0,0,0,0,0,0,0,0,0,0,0,0,0,0,0,0,0,0,0,0,0,0,0,0,0,0,0,0,0,0,0,0,0,0,0,0,0,0,0,0,0,0,0,0,0,0,0,0.003318763203569328,0,0,0,0,0,0,0,0,0,0,0,0,0,0,0,0,0,0,0,0,0,0,0,0,0,0,0,0,0,0,0,0,0,0,0,0,0,0,0,0,0,0,0,0,0,0,0,0,0,0,0,0,0,0,0,0,0,0,0.003325852056224497,0,0,0,0,0,0,0,0,0,0,0,0,0,0,0,0,0,0,0,0,0,0,0,0,0,0,0,0,0,0,0,0,0,0,0,0,0,0,0,0,0,0,0,0,0,0,0,0,0,0,0,0,0,0,0,0,0,0,0,0,0,0,0,0,0,0,0,0,0,0,0,0,0,0,0,0,0,0.006323994165114209,0,0,0.00648978806499814,0,0.007818039429838953,0,0,0,0,0,0,0,0,0,0,0,0,0,0,0,0,0,0,0,0,0,0,0,0,0,0,0,0,0,0,0,0,0,0,0,0,0,0,0,0,0,0,0,0,0,0,0,0,0,0,0,0,0,0,0,0,0,0,0,0,0,0,0,0,0,0,0,0,0,0,0,0,0,0,0,0,0,0,0,0,0,0,0,0,0,0,0.007319839213236447,0.003354475869833061,0,0,0,0,0,0,0,0,0,0.009160499098437486,0.009444186510480533,0,0,0.008308382422459995,0,0,0,0,0,0,0,0,0,0,0,0,0,0,0,0,0,0,0,0,0,0,0,0,0,0,0,0,0,0,0,0,0.005190296681160365,0,0,0.009437829741771653,0.009454383154693213,0,0.006085925992485879,0.005923073755230079,0,0,0,0,0,0
0,0,0,0,0,0,0,0,0,0,0,0,0,0,0,0,0,0,0,0,0,0,0,0,0,0,0,0,0,0,0,0,0,0,0,0,0,0,0,0.007475996474852918,0,0,0,0,0,0,0,0,0,0,0,0,0,0,0,0,0,0,0,0,0,0,0,0,0,0,0,0,0,0,0,0,0,0,0,0,0,0,0,0,0,0,0,0,0,0,0,0,0,0,0,0,0,0,0,0,0,0,0,0,0,0,0,0,0,0,0,0,0,0,0,0,0,0,0,0,0,0,0,0,0,0,0,0,0,0,0,0,0,0,0,0,0,0,0,0,0,0,0,0,0,0,0,0,0,0,0,0,0,0,0,0,0,0,0,0,0,0,0,0,0,0,0,0,0,0,0,0,0,0,0,0,0,0,0,0,0,0,0,0,0,0,0,0.003985959346626088,0,0,0,0,0,0,0,0,0,0,0,0,0,0,0,0,0,0,0,0,0,0,0,0,0,0,0,0,0,0,0,0,0,0,0,0,0,0,0,0,0,0,0,0,0,0,0.004253117356964648,0,0,0,0,0,0,0,0,0,0,0,0,0,0,0,0,0,0,0.004557466836864511,0.004319192664565825,0.004317869179782714,0,0,0,0,0,0,0,0,0,0.007344625145409227,0,0,0.007803556177434207,0,0.00860252099660932,0,0,0,0,0,0,0,0,0,0,0,0,0,0,0,0,0,0,0,0,0,0,0,0,0,0,0,0,0,0,0,0,0,0,0,0,0,0,0,0,0,0,0,0,0,0,0,0,0,0,0,0,0,0,0,0,0,0,0,0,0,0,0,0,0,0,0,0,0,0,0,0,0,0,0,0,0,0,0,0,0,0,0,0,0,0,0.007578349574311322,0.004385698913629298,0,0.004287735533142246,0.004345630827333575,0.00452297619539414,0.004552234700433692,0.004531119119312038,0.004221507785080618,0.004286517272269018,0.004383246616274462,0.01135010841716857,0.01162084631762361,0.004352575729462226,0.004245943214883906,0.007504163748242343,0,0,0,0,0,0,0,0,0,0.004882352427598056,0,0,0,0,0,0,0,0,0,0,0,0,0,0,0,0,0,0,0,0,0,0,0.006131762146943766,0,0.009437829741771653,0,0.01002664049306989,0,0.004710842545964208,0.00442807124862136,0,0,0,0,0,0
0,0,0,0,0,0,0,0,0,0,0,0,0,0,0,0,0,0,0,0,0,0,0,0,0,0,0,0,0,0,0,0,0,0,0,0,0,0,0,0.005696221722433918,0,0,0,0,0,0,0,0,0,0,0,0,0,0,0,0,0,0,0,0,0,0,0,0,0,0,0,0,0,0,0,0,0,0,0,0,0,0,0,0,0,0,0,0,0,0,0,0,0,0,0,0,0,0,0,0,0,0,0,0,0,0,0,0,0,0,0,0,0,0,0,0,0,0,0,0,0,0,0,0,0,0,0,0,0,0,0,0,0,0,0,0,0,0,0,0,0,0,0,0,0,0,0,0,0,0,0,0,0,0,0,0,0,0,0,0,0,0,0,0,0,0,0,0,0,0,0,0,0,0,0,0,0,0,0,0,0,0,0,0,0,0,0,0,0,0,0,0,0,0,0,0,0,0,0,0,0,0,0,0,0,0,0,0,0,0,0,0,0,0,0,0,0,0,0,0,0,0,0,0,0,0,0,0,0,0,0,0,0,0,0.004068851962650685,0,0,0,0,0,0,0,0,0,0,0,0,0,0,0,0,0,0,0.004307179217485966,0.004243657819313462,0.004245814423195703,0,0,0,0,0,0,0,0,0,0.00572146968522361,0,0,0.005842786454798115,0,0.007643448649898902,0,0,0,0,0,0,0,0,0,0,0,0,0,0,0,0,0,0,0,0,0,0,0,0,0,0,0,0,0,0,0,0,0,0,0,0,0,0,0,0,0,0,0,0,0,0,0,0,0,0,0,0,0,0,0,0,0,0,0,0,0,0,0,0,0,0,0,0,0,0,0,0,0,0,0,0,0,0,0,0,0,0,0,0,0,0,0.006238840742338578,0.004199851393648732,0,0,0,0.004222501797087691,0.004218631734720622,0.004230221852460811,0.004062728107501017,0.004115661990610714,0.00419410010856684,0.009419567122332688,0.009649657001458457,0,0,0.008582209642453934,0,0,0,0,0,0,0,0,0,0.004192092631632506,0,0,0,0,0,0,0,0,0,0,0,0,0,0,0,0,0,0,0,0,0,0,0.00424417248063157,0,0.009454383154693213,0.01002664049306989,0,0,0.005725256034750016,0.005523680240281041,0,0,0,0,0,0
0,0,0,0,0,0,0,0,0,0,0,0,0,0.006001023676220917,0,0.003513063731864489,0,0.004092180726058282,0,0,0,0,0,0,0,0,0,0,0,0,0,0,0.00300962993207485,0,0,0,0,0,0,0,0,0,0,0,0,0,0,0,0,0,0,0,0,0.003994629585528821,0,0,0,0,0,0,0,0,0,0,0,0,0,0,0,0,0,0,0,0,0,0,0,0,0,0,0.00412857390424424,0,0,0,0,0,0,0,0,0,0,0,0,0,0,0,0,0,0,0,0,0,0,0,0,0,0,0,0,0.003623017551173011,0.003083143535020633,0,0,0,0,0,0,0,0,0,0,0,0,0,0,0,0,0,0,0,0,0,0,0,0,0,0,0,0,0,0,0,0,0,0,0,0,0,0,0,0,0,0,0,0,0,0,0,0,0,0,0,0,0,0,0,0,0,0,0,0,0,0,0,0,0,0,0,0,0,0,0,0,0,0,0,0,0,0,0,0,0,0,0,0,0,0,0,0,0,0,0,0,0,0,0,0,0,0,0,0,0,0,0,0,0,0,0,0,0,0,0,0,0,0,0,0,0,0,0.003540875300353586,0,0,0,0,0,0,0,0,0,0,0,0,0,0,0,0,0,0,0,0,0,0,0.003365978654642614,0,0,0,0.003585805491891838,0,0,0,0,0,0,0,0,0,0,0,0,0,0.004176896085660094,0,0,0,0,0,0,0,0,0,0,0,0,0,0,0,0,0,0,0,0,0,0,0,0,0,0,0,0,0,0,0,0,0,0,0,0,0,0,0,0,0,0,0,0,0,0,0,0,0,0,0,0,0,0,0,0,0,0,0,0,0,0,0,0,0,0,0,0,0,0,0,0,0,0,0,0,0,0,0,0,0,0,0,0,0,0,0,0,0,0,0,0,0,0,0,0,0,0,0,0,0,0,0,0,0,0,0,0,0,0,0,0,0,0,0,0,0,0,0,0,0,0,0,0,0,0,0,0,0,0,0,0,0,0,0,0,0,0,0,0,0,0,0,0
0,0,0,0,0,0,0,0,0,0,0,0,0,0,0,0,0,0,0,0,0,0,0,0,0,0,0,0,0,0,0,0,0,0,0,0,0,0,0,0.004873304521190286,0,0,0,0,0,0,0,0,0,0,0,0,0,0,0,0,0,0,0,0,0,0,0,0,0,0,0,0,0,0,0,0,0,0,0,0,0,0,0,0,0,0,0,0,0,0,0,0,0,0,0,0,0,0,0,0,0,0,0,0,0,0,0,0,0,0,0,0,0,0,0,0,0,0,0,0,0,0,0,0,0,0,0,0,0,0,0,0,0,0,0,0,0,0,0,0,0,0,0,0,0,0,0,0,0,0,0,0,0,0,0,0,0,0,0,0,0,0,0,0,0,0,0,0,0,0,0,0,0,0,0,0,0,0,0,0,0,0,0,0,0,0,0,0,0,0,0,0,0,0,0,0,0,0,0,0,0,0,0,0,0,0,0,0,0,0,0,0,0,0,0,0,0,0,0,0,0,0,0,0,0,0,0,0,0,0,0,0,0,0,0,0,0,0,0,0,0,0,0,0,0,0,0,0,0,0,0,0,0,0,0,0,0,0,0,0,0,0,0,0,0,0.004213635912836031,0,0,0.004867591383220501,0,0.00434789693865141,0,0,0,0,0,0,0,0,0,0,0,0,0,0,0,0,0,0,0,0,0,0,0,0,0,0,0,0,0,0,0,0,0,0,0,0,0,0,0,0,0,0,0,0,0,0,0,0,0,0,0,0,0,0,0,0,0,0,0,0,0,0,0,0,0,0,0,0,0,0,0,0,0,0,0,0,0,0,0,0,0,0,0,0,0,0,0.005445774782417151,0,0,0,0,0,0,0,0,0,0,0.005107840351668285,0.005183075017557007,0,0,0.006849268008826561,0.002961152328701429,0,0,0,0,0,0,0,0,0,0,0,0,0,0,0,0,0,0,0,0,0,0,0,0,0,0,0,0,0,0,0,0.003019597768875442,0,0.006085925992485879,0.004710842545964208,0.005725256034750016,0,0,0.008060951901822502,0,0,0,0,0,0
0,0,0,0,0,0,0,0,0,0,0,0,0,0,0,0,0,0,0,0,0,0,0,0,0,0,0,0,0,0,0,0,0,0,0,0,0,0,0,0.004649291480297824,0,0,0,0,0,0,0,0,0,0,0,0,0,0,0,0,0,0,0,0,0,0,0,0,0,0,0,0,0,0,0,0,0,0,0,0,0,0,0,0,0,0,0,0,0,0,0,0,0,0,0,0,0,0,0,0,0,0,0,0,0,0,0,0,0,0,0,0,0,0,0,0,0,0,0,0,0,0,0,0,0,0,0,0,0,0,0,0,0,0,0,0,0,0,0,0,0,0,0,0,0,0,0,0,0,0,0,0,0,0,0,0,0,0,0,0,0,0,0,0,0,0,0,0,0,0,0,0,0,0,0,0,0,0,0,0,0,0,0,0,0,0,0,0,0,0,0,0,0,0,0,0,0,0,0,0,0,0,0,0,0,0,0,0,0,0,0,0,0,0,0,0,0,0,0,0,0,0,0,0,0,0,0,0,0,0,0,0,0,0,0,0,0,0,0,0,0,0,0,0,0,0,0,0,0,0,0,0,0,0,0,0,0,0,0,0,0,0,0,0,0,0.003996343512067168,0,0,0.004725573640961806,0,0.004078270163949871,0,0,0,0,0,0,0,0,0,0,0,0,0,0,0,0,0,0,0,0,0,0,0,0,0,0,0,0,0,0,0,0,0,0,0,0,0,0,0,0,0,0,0,0,0,0,0,0,0,0,0,0,0,0,0,0,0,0,0,0,0,0,0,0,0,0,0,0,0,0,0,0,0,0,0,0,0,0,0,0,0,0,0,0,0,0,0.005276970528793687,0,0,0,0,0,0,0,0,0,0,0.004855520689221307,0.004926416844553564,0,0,0.00698666563253601,0.002842644159873573,0,0,0,0,0,0,0,0,0,0,0,0,0,0,0,0,0,0,0,0,0,0,0,0,0,0,0,0,0,0,0,0.003289950489165781,0,0.005923073755230079,0.00442807124862136,0.005523680240281041,0,0.008060951901822502,0,0,0,0,0,0,0
0,0.002982551026852617,0,0,0,0,0,0,0,0,0,0,0.002837448300039873,0,0,0,0,0,0,0.00644222861114277,0,0,0,0,0,0,0,0,0,0,0,0,0,0,0.002743572715274842,0,0,0,0,0,0,0,0.003914572517648563,0,0,0,0,0,0.003260915258603397,0,0,0,0,0,0,0,0,0,0,0,0,0,0,0,0.003959851263375801,0,0,0.003719464287733372,0,0,0,0,0,0,0,0,0,0,0,0.00290992056997338,0,0,0.005567937734787783,0.005587014960273694,0.006273144847099552,0,0,0,0,0,0,0,0,0,0,0,0,0,0,0,0,0,0,0,0,0,0,0,0,0,0,0,0,0,0,0,0,0,0,0,0,0,0.003459925785303863,0.006229763113081549,0,0,0,0,0,0,0,0,0,0,0,0,0,0,0,0,0,0,0,0,0,0,0,0,0,0,0,0,0,0,0,0,0,0,0,0,0,0,0,0,0,0,0.003439247493164144,0,0,0.00599233542634089,0.006444522061673639,0,0,0,0,0,0,0,0,0,0,0,0,0,0,0,0,0,0,0,0,0,0,0,0,0,0,0,0,0,0,0,0,0,0,0,0,0,0,0,0,0,0,0,0,0,0,0.005207057499306144,0,0,0,0,0,0,0,0,0,0,0,0,0,0,0,0,0,0,0,0,0,0,0,0,0,0,0,0,0,0,0,0,0,0,0,0,0,0,0,0,0,0,0,0,0,0,0,0,0,0,0,0,0,0,0,0,0,0,0,0,0,0,0,0,0,0,0,0,0,0,0,0,0,0,0,0,0,0,0,0,0,0,0,0,0,0,0,0,0,0,0,0,0,0,0,0,0,0,0,0,0,0,0,0,0,0,0,0,0,0,0,0,0,0,0,0,0,0,0,0,0,0,0,0,0,0,0,0,0,0,0,0,0,0.005343385313507735,0,0,0,0,0,0,0,0,0,0,0,0,0,0,0,0,0,0,0,0,0,0,0,0,0,0,0,0,0,0.002727194643676187,0,0,0,0,0.002919288857757865,0,0,0,0,0,0,0,0,0,0,0,0,0,0,0,0,0,0,0,0,0,0,0,0.003067119047888219,0,0.006262024916184286,0,0
0,0.003505921950206613,0,0,0,0,0,0,0,0,0,0,0,0,0,0,0.007246767368433831,0,0,0,0,0,0,0,0,0,0,0,0.003669044684912526,0,0,0,0,0,0,0,0.006760973207521987,0,0,0,0,0,0,0,0,0.006684461922744789,0,0.006729000831634331,0,0,0,0,0,0,0,0,0,0,0,0,0,0,0,0.003959115028378217,0,0,0.005151574850426638,0,0,0,0,0,0,0,0,0,0,0,0,0,0,0,0,0,0,0,0,0.006874176868441278,0.005375746845186821,0,0.006734381867238657,0,0,0,0,0,0,0,0,0,0,0,0,0,0.003953262727497189,0,0,0,0,0,0,0,0.003563085282903629,0,0,0,0,0,0,0,0,0,0,0,0,0,0,0,0,0,0,0,0,0,0,0,0,0,0,0,0,0,0,0,0,0,0,0,0,0,0,0,0,0,0,0,0,0,0,0,0,0,0,0,0,0,0,0,0,0,0,0,0,0,0,0,0,0,0,0,0,0.005675192908726771,0,0,0,0,0,0,0,0,0,0,0,0,0,0,0,0,0,0,0,0,0,0,0,0,0,0,0,0,0,0,0,0,0,0,0,0,0,0,0,0,0,0,0,0,0,0,0,0,0,0,0,0,0,0,0,0,0,0,0,0,0,0,0,0,0,0,0,0,0,0,0,0,0,0,0,0,0,0,0,0,0,0,0,0,0,0,0,0,0,0,0,0,0,0,0,0,0,0,0,0,0,0,0,0,0,0,0,0,0,0,0,0,0,0,0,0,0,0,0,0,0,0,0,0,0,0,0,0,0,0,0,0,0,0,0,0,0,0,0,0,0,0,0,0,0,0,0,0,0,0,0,0,0,0,0,0,0,0,0,0,0,0,0,0,0,0,0,0,0,0,0,0,0,0,0,0,0,0,0,0,0,0,0,0,0,0,0,0,0,0,0,0,0,0.003104542622637975,0,0,0,0,0,0,0,0,0,0,0,0,0,0,0,0,0,0,0,0,0,0,0,0,0,0,0,0,0,0,0,0,0,0.003067119047888219,0,0,0,0,0
0,0,0,0,0,0,0,0,0,0,0,0,0,0,0,0,0,0,0,0,0,0,0,0,0,0,0,0,0,0,0,0,0,0,0,0,0,0,0,0,0,0,0,0,0,0,0,0,0,0,0.007590645919519739,0.008117635031045522,0,0,0,0,0,0,0,0,0,0,0,0,0,0,0,0,0,0,0,0,0,0,0,0,0,0,0,0,0.007239608524224488,0,0,0,0,0,0,0,0,0,0,0,0,0,0,0,0,0,0.004548632678076803,0,0,0,0,0,0,0,0,0,0,0,0,0.004645275624701526,0,0,0,0,0,0,0,0,0,0,0,0,0,0,0.004292486467919523,0,0,0.00491648984069965,0,0,0,0,0,0,0,0,0.004632336271445562,0,0,0,0,0,0,0,0.004293956090603955,0,0,0.007355004033308467,0,0,0,0,0,0,0,0,0,0,0,0,0,0,0.007253407646483424,0,0,0,0,0,0,0,0,0,0,0,0,0,0,0,0,0,0,0,0,0,0,0,0,0,0,0,0,0,0,0,0,0,0,0,0,0,0,0,0,0,0,0,0,0,0,0,0,0,0,0,0,0,0,0.006484743284027254,0,0,0,0,0,0,0,0,0,0,0,0,0,0,0,0.004501560116523667,0,0.004504500257624767,0.005892521533336944,0.004741044623827493,0,0.005133191476748451,0.004555058146058678,0.004584802979625767,0,0,0,0,0,0,0,0,0,0,0,0,0,0,0,0,0,0,0,0,0,0,0,0,0.005850509667047987,0.008204014966289832,0.007510784534893646,0.005636409460398251,0.00448831052307375,0,0,0,0,0,0,0,0,0,0,0,0,0,0,0,0,0,0,0,0,0,0,0,0,0,0,0,0,0,0,0,0,0,0,0,0,0,0,0,0,0,0,0,0,0,0,0,0,0,0,0,0,0,0,0,0,0,0,0,0,0,0,0,0,0,0,0,0,0,0,0,0,0,0,0.004710799236558744,0,0,0,0,0.004534656327113936,0,0,0.004401580527466798,0,0,0,0,0,0,0,0,0,0,0,0,0,0,0.004254400553809212,0,0,0,0,0,0,0,0,0,0,0,0,0,0,0,0,0,0,0,0,0,0,0,0,0,0,0,0,0,0,0,0.008918031055985935,0,0,0,0,0,0,0,0,0,0,0.006447230119912707,0
0,0,0,0,0,0,0,0,0,0,0,0,0,0,0,0,0,0,0,0.00726638994624778,0,0,0,0,0,0,0,0,0,0,0,0,0,0,0,0,0,0,0,0,0,0,0,0,0,0,0,0,0,0,0,0,0.004679818116434874,0,0,0.003644460295340904,0,0,0,0,0,0,0,0,0.008075746420022841,0,0,0.003389036859124422,0,0,0,0,0,0,0,0,0,0,0,0,0,0,0.004821331805163534,0.00465140272055506,0.009818227582328589,0,0,0,0,0,0,0,0,0,0,0,0,0,0.004861395871598093,0,0,0,0,0,0,0,0,0,0,0,0,0.005437325929838244,0,0,0,0,0,0,0,0,0,0,0.003604016159144707,0.011140911317603,0,0,0,0,0,0,0,0,0,0,0,0,0,0,0,0,0,0,0,0,0,0,0,0,0,0,0,0,0,0,0,0,0,0,0,0,0,0,0,0,0,0,0,0,0.003740802726976331,0.006517346156128199,0.006505716956953877,0,0,0,0,0,0,0,0,0,0,0,0,0,0,0,0,0,0,0,0,0,0,0,0,0,0,0,0,0,0,0,0,0,0,0,0,0,0,0,0,0,0.00432720099526058,0,0,0.005323166024098347,0.004273331657472798,0.007171058872356697,0,0,0,0,0.004777582120290431,0.004278764791255887,0.005012436055926717,0,0,0,0,0,0,0,0,0,0,0,0,0,0,0,0,0,0,0,0,0.00657962328600965,0.006071804834187356,0.005703228960925988,0.004704491469444238,0,0,0,0,0,0,0,0,0,0,0,0,0,0,0,0,0,0,0,0,0,0,0,0,0,0,0,0,0,0,0,0,0,0,0,0,0,0,0,0,0,0,0,0,0,0,0,0,0,0,0,0,0,0,0,0,0,0,0,0,0,0,0,0,0,0,0,0,0,0,0,0,0,0,0,0,0,0,0,0,0,0,0,0,0,0,0,0,0,0,0,0,0,0,0,0,0,0,0,0,0,0,0.004587129025143858,0,0,0,0,0,0,0,0,0,0,0,0,0,0,0,0,0,0,0,0,0,0,0,0,0,0,0,0,0,0,0,0,0,0,0,0,0,0,0,0,0,0,0,0,0,0,0,0,0,0,0,0,0,0,0,0,0,0.006262024916184286,0,0,0,0,0
0,0,0,0,0,0,0,0,0,0,0,0,0,0,0,0,0,0,0,0,0,0,0,0,0,0,0,0,0,0,0,0,0,0,0,0,0,0,0,0,0,0,0,0,0,0,0,0,0,0,0.005493694829136734,0.005874415919342187,0,0,0,0,0,0,0.003422267069529725,0,0,0,0,0,0,0,0,0,0,0,0,0,0,0,0,0,0,0,0,0,0.005527935089733617,0,0,0,0,0,0,0,0,0,0,0,0,0,0,0,0,0,0,0,0,0,0,0,0,0,0,0,0,0,0,0,0,0,0,0,0,0,0,0,0,0,0,0,0,0,0,0,0,0,0,0,0,0,0,0,0,0,0.004623860326043569,0,0,0,0,0,0,0,0,0,0,0.005332076835409523,0,0,0,0,0,0,0,0,0,0,0,0,0,0,0.005046150916470685,0,0.004086183992783593,0,0,0,0,0,0,0.0040991982075435,0,0,0,0,0,0.003464118649551978,0,0,0,0,0,0,0,0,0.003941212196099631,0,0.005016259641946933,0,0,0,0,0,0,0,0,0,0,0,0,0,0,0,0,0,0,0,0,0,0,0,0,0,0,0,0,0.004197162044218849,0,0,0,0,0,0,0,0,0,0,0,0,0,0,0,0.005171398521656847,0.004021906580505706,0.004657899674525887,0.005710722010863376,0.004845835947614343,0,0.005101883546862119,0.004685058084501158,0.00494817677656996,0,0,0,0,0,0,0,0,0,0,0,0,0,0,0,0,0,0,0,0,0,0,0,0,0.006668084939827955,0.005936381371625834,0.004873685105466147,0,0.005371418560379283,0,0,0,0,0,0,0,0,0,0,0,0,0,0,0,0,0,0,0,0,0,0,0,0,0,0,0,0,0,0,0,0,0,0,0,0,0,0,0,0,0,0,0,0,0,0,0,0,0,0,0,0,0,0,0,0,0,0,0,0,0,0,0,0,0,0,0,0,0,0,0,0,0,0,0.005462755974025763,0,0,0,0,0,0,0,0,0,0,0,0,0,0,0,0,0,0,0,0,0,0,0,0,0,0,0,0,0,0,0,0,0,0,0,0,0,0,0,0,0,0,0,0,0,0,0,0,0,0,0,0,0,0,0.006477946496898894,0,0,0,0,0,0,0,0,0.006447230119912707,0,0,0
0,0,0,0,0,0,0,0,0,0,0.003138735644330082,0,0,0,0,0,0,0.002967928699621085,0,0,0,0,0.00372354560475961,0,0,0.003918606154225981,0,0,0,0,0,0,0,0,0,0,0,0,0,0,0.003062922786486602,0,0,0,0,0,0,0,0,0,0,0,0,0,0,0,0,0,0.003181077219870715,0,0,0,0,0,0,0,0,0,0,0,0,0,0,0,0,0,0,0,0,0,0,0,0,0,0,0,0,0,0,0,0,0,0,0,0,0,0,0,0,0.002621620572199162,0,0.003438170238428322,0.004187741504791762,0,0,0,0,0,0,0,0,0,0,0,0,0,0,0,0,0.003441243570897041,0.002986995432147739,0,0,0,0,0,0,0,0,0,0,0,0,0,0,0,0,0,0,0,0,0,0,0,0,0,0,0,0,0,0,0,0,0,0,0,0,0,0,0,0,0,0,0,0,0,0,0,0,0,0,0,0,0,0,0.003856392089318043,0,0,0,0.002776290406294841,0,0,0,0,0,0,0,0,0,0,0,0,0.002782553313330168,0.00314680787637568,0,0,0,0.004335140470897348,0.0027220483588328,0,0.002906287320710474,0,0,0,0,0,0,0,0,0,0,0,0,0,0,0,0,0,0,0,0,0,0,0,0,0,0,0,0,0,0,0,0,0,0,0,0,0,0,0,0,0,0,0,0,0,0,0,0,0,0,0,0,0,0,0,0,0,0,0,0,0,0,0,0,0,0,0,0,0,0,0,0,0.00327755020210367,0,0,0,0,0,0,0,0,0,0,0,0,0,0,0,0,0,0,0,0,0,0,0,0,0,0,0,0,0,0,0,0,0,0,0,0,0,0,0,0,0,0,0,0,0,0,0,0,0,0,0,0,0,0,0,0,0,0,0,0,0,0,0,0,0,0,0,0,0,0.002850379213251515,0,0,0,0,0.002619106072268016,0.003661004119220762,0,0,0,0,0,0,0,0,0,0,0,0,0,0,0,0,0,0,0,0,0,0,0,0,0,0,0,0.002468864118998659,0,0,0.004629311628074271,0,0,0,0,0,0,0,0,0,0,0,0.002580744862954945,0,0,0,0,0,0,0,0,0,0,0,0,0,0,0,0,0,0,0,0,0,0
